CNPJ,Fundo,Data de leitura,Status documental,Escopo de leitura,Fontes consultadas,Contagens declaradas / unidade original,Lacunas e divergências
42462306000100,IS GREEN SOLFÁCIL II FUNDO DE INVESTIMENTO EM DIREITOS CREDITÓRIOS DE RESPONSABILIDADE LIMITADA,2026-10-07T14:46:12-03:00,regulamento mais recente do corpus local de 08/09/2026; atualização online não confirmada,Revisão dirigida de cláusulas e termos materiais dos documentos locais acessíveis. A data desta revisão não atesta atualização completa do inventário CVM. Lacunas e falhas de acesso estão descritas; nenhuma posição IME foi transformada em volume de emissão.,ID 896879 · 05/05/2025 · data/raw/42462306000100/896879_regulamento_05-05-2025.txt,"{""documents_inventoried"": 15, ""inventory_scope"": ""Inventário local de regulamentos versionados, corpus Fundos.NET de 08/09/2026; demais categorias/inventário online atual não confirmados"", ""local_regulatory_pdfs"": 15, ""new_network_pdfs_downloaded"": 0, ""local_analyzable_pdf_pages"": 1279, ""text_caches_without_local_pdf"": 0, ""documents_without_local_pdf"": 0, ""extraction_errors"": ""Nenhum erro na extração dos PDFs locais processados"", ""reviewed_source_documents"": 1, ""full_document_human_reading_claim"": false}","Inventário online atual não confirmado; versões posteriores ao corpus local podem existir.; Modelos de apêndices com campos não preenchidos não confirmam série emitida, spread final ou data efetiva."
54810968000102,ANGÁ FGTS III FUNDO DE INVESTIMENTO EM DIREITOS CREDITÓRIOS,2026-10-07T14:59:40-03:00,Documentos acessíveis revisados; lacunas assinaladas,Unidade de análise: CNPJ da carteira. Conclusões restritas às páginas materiais dos PDFs locais identificados; inventário pode ser preservado de consulta anterior quando Fundos.NET falha. Não certifica leitura integral de todos os documentos do inventário.,ID 937760 · 22/04/2025 · data/raw/54810968000102/937760_documentary_review.pdf; ID 666840 · 21/05/2024 · data/raw/54810968000102/666840_documentary_review.pdf; ID 666836 · 22/05/2024 · data/raw/54810968000102/666836_documentary_review.pdf; ID 666751 · 21/05/2024 · data/raw/54810968000102/666751_documentary_review.pdf,"{""inventory_count"": 26, ""pdf_count"": 4, ""pages_analyzed"": 117}",Inventário atual FundosNet: Falha de rede ao acessar abrirGerenciadorDocumentosCVM: The read operation timed out; 794749: Fundos.NET respondeu HTTP 520 em downloadDocumento.; 666042: Fundos.NET respondeu HTTP 520 em downloadDocumento.
53270983000142,ANGÁ FGTS +AG FUNDO DE INVESTIMENTO EM DIREITOS CREDITÓRIOS - RESPONSABILIDADE LIMITADA,2026-10-07T14:59:40-03:00,Lacuna de acesso documental,Unidade de análise: CNPJ da carteira. Conclusões restritas às páginas materiais dos PDFs locais identificados; inventário pode ser preservado de consulta anterior quando Fundos.NET falha. Não certifica leitura integral de todos os documentos do inventário.,Unidade de análise: CNPJ da carteira. Conclusões restritas às páginas materiais dos PDFs locais identificados; inventário pode ser preservado de consulta anterior quando Fundos.NET falha. Não certifica leitura integral de todos os documentos do inventário.,"{""inventory_count"": ""Inventário indisponível; consultar lacuna de acesso"", ""pdf_count"": 0, ""pages_analyzed"": 0}",Inventário atual FundosNet: Fundos.NET respondeu HTTP 520 em abrirGerenciadorDocumentosCVM.; Nova tentativa inventário: Fundos.NET respondeu HTTP 520 em abrirGerenciadorDocumentosCVM.
52968533000165,MCPO FUNDO DE INVESTIMENTO EM DIREITOS CREDITÓRIOS,2026-10-07T16:31:15-03:00,Revisão documental dirigida com lacunas explícitas,Revisão dirigida das cláusulas materiais dos documentos acessíveis; texto integral extraído quando disponível. Não corresponde à leitura integral de todos os registros do inventário. Regulamento 14/10/2025. Assembleia 15/09/2026 aprova ACE para verificação de lastro. Não foi reconciliada emissão posterior ao encerramento de 2024. O nome da carteira não fixa a vigência documental; cada fonte mantém sua própria data. Não foi carregada nova competência IME.,ID 1338762 · 15/09/2026 17:00 · data/raw/52968533000165/1338762_assembleia_review_20261007.pdf; ID 1049185 · 14/10/2025 · data/raw/52968533000165/1049185_regulamento_review_20261007.pdf; ID 994391 · 06/08/2025 · data/raw/52968533000165/994391_regulamento_review_20261007.pdf; ID 674475 · 05/06/2024 · data/raw/52968533000165/674475_emissao_review_20261007.pdf,"{""inventory_count"": 75, ""pdf_count"": 4, ""pages_analyzed"": 388, ""documents_without_local_pdf"": 71, ""extraction_errors"": 0, ""download_errors"": 0, ""pdfs_without_extractable_text"": 0, ""identity_exclusions"": 0}",Consultar qualificações por célula em comparison_sources.csv
52100879000147,SOTREQ FUNDO DE INVESTIMENTO EM DIREITOS CREDITÓRIOS - RESPONSABILIDADE LIMITADA,2026-10-07T16:35:33-03:00,Leitura dirigida de regulamento/atos acessíveis; lacunas qualificadas,"Revisão dirigida das fontes identificadas abaixo por CNPJ, incluindo regras e atos materiais localizados. Não se afirma leitura integral de cada registro inventariado.",ID 1271365 · 30/07/2026 10:00 · data/raw/52100879000147/1271365_documentary_review.pdf; ID 1117315 · 06/02/2026 · data/raw/52100879000147/1117315_documentary_review.pdf,"{""inventory_count"": 86, ""sources_consulted"": 2, ""pdf_count"": 4, ""pages_available"": 256, ""documents_without_local_pdf"": 82, ""extraction_errors"": 1, ""inventory_scope"": ""Fundos.NET ao vivo por CNPJ""}","Revisão dirigida das cláusulas materiais nas fontes acessíveis; atos e suplementos não consultados permanecem lacunas. Não se afirma leitura integral de todos os registros do inventário.; Não converter índice sênior 0,975 em subordinadas/PL: fórmula própria incorpora ponderações. Alocação tributária numérica67% versus extenso50% requer retificação.; Paginação indicada nas fontes corresponde à página física do PDF, que pode diferir da numeração impressa."
53662209000187,PNEUCASH FUNDO DE INVESTIMENTO EM DIREITOS CREDITÓRIOS DE CLASSE ÚNICA FECHADA - RESP LTDA,2026-10-07T16:48:43-03:00,Leitura dirigida de regulamento/atos acessíveis; lacunas qualificadas,"Revisão dirigida das fontes identificadas abaixo por CNPJ, incluindo regras e atos materiais localizados. Não se afirma leitura integral de cada registro inventariado.",ID 1239751 · 30/06/2026 · data/raw/53662209000187/1239751_documentary_review.pdf; ID 924981 · 13/06/2025 · data/raw/53662209000187/924981_documentary_review.pdf,"{""inventory_count"": 87, ""sources_consulted"": 2, ""pdf_count"": 4, ""pages_available"": 170, ""documents_without_local_pdf"": 83, ""extraction_errors"": 1, ""inventory_scope"": ""Fundos.NET ao vivo por CNPJ""}","Revisão dirigida das cláusulas materiais nas fontes acessíveis; atos e suplementos não consultados permanecem lacunas. Não se afirma leitura integral de todos os registros do inventário.; ID 1239751: identidade por indexação/consulta exata; CNPJ literal não encontrado na extração.; Ata1317374 de28/08/2026 indisponível por HTTP502; revisão posterior pendente.; Texto registra ausência de limites gerais7.9, mas elegibilidade8.1(vi) fixa grupo2%/PL. Aplicação exige a regra específica.; Glosssário de índices de subordinação tem denominadores imprecisos; usar fórmulas5.1–5.3 e validar antes do alerta.; Paginação física do PDF; revisão dirigida das páginas e cláusulas citadas, sem leitura de todos os registros do inventário."
53577135000180,ANGÁ FGTS II FUNDO DE INVESTIMENTO EM DIREITOS CREDITÓRIOS - RESPONSABILIDADE LIMITADA,2026-10-07T14:59:40-03:00,Documentos acessíveis revisados; lacunas assinaladas,Unidade de análise: CNPJ da carteira. Conclusões restritas às páginas materiais dos PDFs locais identificados; inventário pode ser preservado de consulta anterior quando Fundos.NET falha. Não certifica leitura integral de todos os documentos do inventário.,ID 1224059 · 18/06/2026 · data/raw/53577135000180/1224059_documentary_review.pdf; ID 1051704 · 01/12/2025 · data/raw/53577135000180/1051704_documentary_review.pdf; ID 856958 · 12/03/2025 · data/raw/53577135000180/856958_documentary_review.pdf; ID 732871 · 05/09/2024 · data/raw/53577135000180/732871_documentary_review.pdf; ID 732872 · 05/09/2024 · data/raw/53577135000180/732872_documentary_review.pdf; ID 732869 · 22/08/2024 · data/raw/53577135000180/732869_documentary_review.pdf; ID 1224058 · 15/06/2026 · data/raw/53577135000180/1224058_documentary_review.pdf; ID 1051703 · 01/12/2025 · data/raw/53577135000180/1051703_documentary_review.pdf,"{""inventory_count"": 80, ""pdf_count"": 8, ""pages_analyzed"": 209}",Consultar qualificações por célula em comparison_sources.csv
62626887000185,SUMUP SMART IV FIDC SEGMENTO MEIOS DE PAGAMENTO DE RESPONSABILIDADE LIMITADA,2026-10-07T14:49:47-03:00,acesso documental insuficiente; lacunas preservadas,Revisão documental em 07/10/2026. O nome da carteira com 1T26 não define a vigência destas cláusulas; versões posteriores estão datadas por fonte. Não houve atualização de competência IME neste trabalho.,Revisão documental em 07/10/2026. O nome da carteira com 1T26 não define a vigência destas cláusulas; versões posteriores estão datadas por fonte. Não houve atualização de competência IME neste trabalho.,"{""inventory_count"": 27, ""downloaded_count"": 0, ""analyzable_pages"": 0}",Atualização do inventário indisponível: Falha de rede ao acessar pesquisarGerenciadorDocumentosDados: The read operation timed out; Lacunas de acesso/extracão: ID1152823: Falha de rede ao acessar downloadDocumento: The read operation timed out; Regulamento com CNPJ inequívoco não acessado nesta revisão; regras materiais permanecem como lacuna.
50098465000103,CHEMICAL XIII - FUNDO DE INVESTIMENTO EM DIREITOS CREDITÓRIOS - INDÚSTRIA PETROQUÍMICA,2026-10-07T16:29:10-03:00,Revisão documental dirigida com lacunas explícitas,Revisão dirigida das cláusulas materiais dos documentos acessíveis; texto integral extraído quando disponível. Não corresponde à leitura integral de todos os registros do inventário. Suplementos preenchidos do regulamento 01/07/2024 usados para termos econômicos; vencimento depende da integralização efetiva não reconciliada. O nome da carteira não fixa a vigência documental; cada fonte mantém sua própria data. Não foi carregada nova competência IME.,ID 929753 · 23/06/2025 10:00 · data/raw/50098465000103/929753_assembleia_review_20261007.pdf; ID 690567 · 01/07/2024 · data/raw/50098465000103/690567_regulamento_review_20261007.pdf; ID 689803 · 28/06/2024 · data/raw/50098465000103/689803_regulamento_review_20261007.pdf; ID 483238 · 27/06/2023 · data/raw/50098465000103/483238_emissao_review_20261007.pdf,"{""inventory_count"": 88, ""pdf_count"": 4, ""pages_analyzed"": 128, ""documents_without_local_pdf"": 84, ""extraction_errors"": 0, ""download_errors"": 0, ""pdfs_without_extractable_text"": 0, ""identity_exclusions"": 0}",Consultar qualificações por célula em comparison_sources.csv
48967719000122,SOULPAY FUNDO DE INVESTIMENTO EM DIREITOS CREDITÓRIOS,2026-10-07T16:56:22-03:00,Leitura dirigida dos documentos materiais; lacunas explícitas,Leitura dirigida de cláusulas materiais dos textos integrais extraídos dos PDFs selecionados. Inventário integral de registros quando acessível; documentos não selecionados ou não revisados permanecem disponíveis para auditoria e não foram integralmente lidos.,ID 785770 · 22/11/2024 · data/raw/48967719000122/785770_documentary_review.pdf; ID 785766 · 21/11/2024 · data/raw/48967719000122/785766_documentary_review.pdf; ID 1337273 · 01/10/2026 · data/raw/48967719000122/1337273_documentary_review.pdf,"{""inventory_count"": 90, ""pdf_count"": 3, ""pages_available"": 124, ""pages_analyzed"": ""Leitura dirigida; páginas citadas por critério, sem certificação de leitura integral"", ""documents_without_local_pdf"": 87, ""extraction_errors"": 0, ""access_errors"": 2, ""sources_consulted"": 3}",ID 1298455: ProviderUnavailableError: Fundos.NET respondeu HTTP 520 em downloadDocumento.; ID 1296293: ProviderUnavailableError: Fundos.NET respondeu HTTP 520 em downloadDocumento.; Regulamento acessível de 22/11/2024; ata de 05/08/2026 e início da oferta de 21/08/2026 indisponíveis (HTTP 520). Condições atuais não certificadas por esses atos.
37645417000111,UBYFOL AGRO III FUNDO DE INVESTIMENTO NAS CADEIAS PRODUTIVAS DO AGRONEGÓCIO - RESP LIMITADA,2026-10-07T16:21:17-03:00,Leitura dirigida dos documentos materiais; lacunas explícitas,Leitura dirigida de cláusulas materiais dos textos integrais extraídos dos PDFs selecionados. Inventário integral de registros quando acessível; documentos não selecionados ou não revisados permanecem disponíveis para auditoria e não foram integralmente lidos.,ID 1016909 · 16/10/2025 · data/raw/37645417000111/1016909_regulamento.pdf,"{""inventory_count"": 132, ""pdf_count"": 3, ""pages_available"": 290, ""pages_analyzed"": ""Leitura dirigida; páginas citadas por critério, sem certificação de leitura integral"", ""documents_without_local_pdf"": 129, ""extraction_errors"": 0, ""access_errors"": 1, ""sources_consulted"": 1}",ID 633614: ProviderUnavailableError: Fundos.NET respondeu HTTP 520 em downloadDocumento.
50832746000130,BOASAFRA FUNDO DE INVESTIMENTO EM DIREITOS CREDITÓRIOS DO AGRONEGÓCIO RESPONSABILIDADE LIMITADA,2026-10-07T16:29:09-03:00,Leitura dirigida dos documentos materiais; lacunas explícitas,Leitura dirigida de cláusulas materiais dos textos integrais extraídos dos PDFs selecionados. Inventário integral de registros quando acessível; documentos não selecionados ou não revisados permanecem disponíveis para auditoria e não foram integralmente lidos.,ID 791780 · 28/11/2024 · data/raw/50832746000130/791780_regulamento.pdf; ID 622509 · 18/03/2024 · data/raw/50832746000130/622509_emissao.pdf,"{""inventory_count"": 62, ""pdf_count"": 6, ""pages_available"": 306, ""pages_analyzed"": ""Leitura dirigida; páginas citadas por critério, sem certificação de leitura integral"", ""documents_without_local_pdf"": 56, ""extraction_errors"": 0, ""access_errors"": 0, ""sources_consulted"": 2}","Extração pypdf continha caracteres corrompidos; substituída por texto integral Poppler. Controladoria p.102 prevê 0,14% e mínimo R$13.050/mês, mas sem base temporal explícita nessa cláusula."
33076242000118,WORKCAP AGRO FUNDO DE INVESTIMENTO EM DIREITOS CREDITORIOS RESPONSABILIDADE LIMITADA,2026-10-07T16:31:11-03:00,Leitura dirigida de regulamento/atos acessíveis; lacunas qualificadas,"Revisão dirigida das fontes identificadas abaixo por CNPJ, incluindo regras e atos materiais localizados. Não se afirma leitura integral de cada registro inventariado.",ID 1340277 · 05/10/2026 · data/raw/33076242000118/1340277_documentary_review.pdf; ID 1060211 · 12/12/2025 · data/raw/33076242000118/1060211_documentary_review.pdf; ID 1332614 · 28/09/2026 · data/raw/33076242000118/1332614_documentary_review.pdf,"{""inventory_count"": 194, ""sources_consulted"": 3, ""pdf_count"": 5, ""pages_available"": 157, ""documents_without_local_pdf"": 189, ""extraction_errors"": 0, ""inventory_scope"": ""Fundos.NET ao vivo por CNPJ"", ""pages_scope"": ""Páginas com texto disponíveis localmente; leitura dirigida das cláusulas citadas. Total de páginas não comprova leitura integral."", ""extractable_pages"": 157, ""documents_with_incomplete_text"": 0}",Revisão dirigida das cláusulas materiais nas fontes acessíveis; atos e suplementos não consultados permanecem lacunas. Não se afirma leitura integral de todos os registros do inventário.
44173467000109,MT INSS RECEIVABLES III FUNDO DE INVESTIMENTO EM DIREITOS CREDITÓRIOS RESPONSABILIDADE,2026-10-07T14:59:40-03:00,Documentos acessíveis revisados; lacunas assinaladas,Unidade de análise: CNPJ da carteira. Conclusões restritas às páginas materiais dos PDFs locais identificados; inventário pode ser preservado de consulta anterior quando Fundos.NET falha. Não certifica leitura integral de todos os documentos do inventário.,ID 1078471 · 30/12/2025 · data/raw/44173467000109/1078471_documentary_review.pdf; ID 791513 · 28/11/2024 · data/raw/44173467000109/791513_documentary_review.pdf; ID 467860 · 10/05/2023 · data/raw/44173467000109/467860_documentary_review.pdf,"{""inventory_count"": 43, ""pdf_count"": 3, ""pages_analyzed"": 74}",Inventário atual FundosNet: Fundos.NET respondeu HTTP 520 em abrirGerenciadorDocumentosCVM.
54252144000164,J17 FGTS FUNDO DE INVESTIMENTO EM DIREITOS CREDITÓRIOS FINANCEIRO - RESPONSABILIDADE LIMITADA,2026-10-07T14:59:40-03:00,Documentos acessíveis revisados; lacunas assinaladas,Unidade de análise: CNPJ da carteira. Conclusões restritas às páginas materiais dos PDFs locais identificados; inventário pode ser preservado de consulta anterior quando Fundos.NET falha. Não certifica leitura integral de todos os documentos do inventário.,ID 1072289 · 29/12/2025 · data/raw/54252144000164/1072289_documentary_review.pdf; ID 1075648 · 30/12/2025 · data/raw/54252144000164/1075648_documentary_review.pdf; ID 939658 · 03/07/2025 · data/raw/54252144000164/939658_documentary_review.pdf; ID 771421 · 05/11/2024 · data/raw/54252144000164/771421_documentary_review.pdf; ID 767563 · 30/10/2024 · data/raw/54252144000164/767563_documentary_review.pdf; ID 1061435 · 26/11/2025 · data/raw/54252144000164/1061435_documentary_review.pdf,"{""inventory_count"": 55, ""pdf_count"": 6, ""pages_analyzed"": 411}",Inventário atual FundosNet: Fundos.NET respondeu HTTP 520 em abrirGerenciadorDocumentosCVM.; 1072290: Fundos.NET respondeu HTTP 520 em downloadDocumento.; Nova tentativa ID 1072290: Fundos.NET respondeu HTTP 520 em downloadDocumento.
48313595000161,IBBA AGRO BR FUNDO DE INVESTIMENTO EM DIREITOS CREDITÓRIOS,2026-10-07T16:49:45-03:00,Revisão documental dirigida com lacunas explícitas,"Revisão dirigida das cláusulas materiais dos documentos acessíveis; texto integral extraído quando disponível. Não corresponde à leitura integral de todos os registros do inventário. Estado documental material: exclusão dos índices de subordinação e calendário em agosto 2025; liquidação aprovada 13/11/2025 até 07/05/2027, sem comprovação de execução. Regulação posterior 26/11/2025 ID 1047273 não acessívelHTTP 520. Suplementos sênior/mezanino repetem 80% e valores, sem conciliação possível nesta leitura. Versões 12/02 e 22/08/2025 acessíveis. O nome da carteira não fixa a vigência documental; cada fonte mantém sua própria data. Não foi carregada nova competência IME.",ID 1088380 · 13/11/2025 15:00 · data/raw/48313595000161/1088380_documentary_review.pdf; ID 976737 · 22/08/2025 · data/raw/48313595000161/976737_documentary_review.pdf; ID 839465 · 12/02/2025 · data/raw/48313595000161/839465_documentary_review.pdf; ID 397798 · 21/01/2022 · data/raw/48313595000161/397798_documentary_review.pdf,"{""inventory_count"": 77, ""pdf_count"": 4, ""pages_analyzed"": 193, ""documents_without_local_pdf"": 73, ""extraction_errors"": 1, ""download_errors"": 1, ""pdfs_without_extractable_text"": 0, ""identity_exclusions"": 0}",ID 1047273: Fundos.NET respondeu HTTP 520 em downloadDocumento.
32526025000110,COBUCCIO FUNDO DE INVESTIMENTO EM DIREITOS CREDITÓRIOS DE CLASSE ÚNICA FECHADA DE RESPONS LIMITADA,2026-10-07T16:18:20-03:00,Revisão documental dirigida com lacunas explícitas,Revisão dirigida das cláusulas materiais dos documentos acessíveis; texto integral extraído quando disponível. Não corresponde à leitura integral de todos os registros do inventário.  O nome da carteira não fixa a vigência documental; cada fonte mantém sua própria data. Não foi carregada nova competência IME.,ID 1186789 · 12/05/2026 · data/raw/32526025000110/1186789_regulamento_review_20261007.pdf; ID 1186787 · 08/05/2026 · data/raw/32526025000110/1186787_regulamento_review_20261007.pdf; ID 1138542 · 13/03/2026 · data/raw/32526025000110/1138542_emissao_review_20261007.pdf,"{""inventory_count"": 173, ""pdf_count"": 3, ""pages_analyzed"": 102, ""documents_without_local_pdf"": 170, ""extraction_errors"": 1, ""download_errors"": 1, ""pdfs_without_extractable_text"": 0, ""identity_exclusions"": 0}",ID 1215142: Fundos.NET respondeu HTTP 502 em downloadDocumento.
45523699000102,VIXTRA FUNDO DE INVESTIMENTO EM DIREITOS CREDITÓRIOS RESPONSABILIDADE LIMITADA,2026-10-07T16:21:18-03:00,Leitura dirigida dos documentos materiais; lacunas explícitas,Leitura dirigida de cláusulas materiais dos textos integrais extraídos dos PDFs selecionados. Inventário integral de registros quando acessível; documentos não selecionados ou não revisados permanecem disponíveis para auditoria e não foram integralmente lidos.,ID 1024756 · 30/10/2025 · data/raw/45523699000102/1024756_regulamento.pdf; ID 1038504 · 13/11/2025 · data/raw/45523699000102/1038504_emissao.pdf,"{""inventory_count"": 150, ""pdf_count"": 6, ""pages_available"": 127, ""pages_analyzed"": ""Leitura dirigida; páginas citadas por critério, sem certificação de leitura integral"", ""documents_without_local_pdf"": 144, ""extraction_errors"": 0, ""access_errors"": 0, ""sources_consulted"": 2}",Consultar qualificações por célula em comparison_sources.csv
54083697000130,PERNAMBUCANAS FIDC DE RESPONSABILIDADE LIMITADA,2026-10-07T16:32:19-03:00,Sem acesso documental nesta consulta; inventário indisponível,Consulta exata por CNPJ e busca local sem obtenção de documentos; nenhuma leitura documental certificada. Timeout de acesso não significa inexistência de documentos.,Consulta exata por CNPJ e busca local sem obtenção de documentos; nenhuma leitura documental certificada. Timeout de acesso não significa inexistência de documentos.,"{""inventory_count"": ""Inventário atual indisponível; registros locais preservados"", ""pdf_count"": 0, ""pages_available"": 0, ""pages_analyzed"": ""Leitura dirigida; páginas citadas por critério, sem certificação de leitura integral"", ""documents_without_local_pdf"": ""Inventário atual indisponível; quantidade não certificada"", ""extraction_errors"": 0, ""access_errors"": 0, ""sources_consulted"": 0}",Consulta atual Fundos.NET: ProviderUnavailableError: Falha de rede ao acessar pesquisarGerenciadorDocumentosDados: The read operation timed out
56936116000191,FATOR TARKEN FIAGRO,2026-10-07T16:35:33-03:00,Leitura dirigida de regulamento/atos acessíveis; lacunas qualificadas,"Revisão dirigida das fontes identificadas abaixo por CNPJ, incluindo regras e atos materiais localizados. Não se afirma leitura integral de cada registro inventariado.",ID 1030090 · 06/11/2025 · data/raw/56936116000191/1030090_documentary_review.pdf; ID 1023213 · 27/10/2025 · data/raw/56936116000191/1023213_documentary_review.pdf,"{""inventory_count"": 37, ""sources_consulted"": 2, ""pdf_count"": 4, ""pages_available"": 186, ""documents_without_local_pdf"": 33, ""extraction_errors"": 1, ""inventory_scope"": ""Fundos.NET ao vivo por CNPJ""}","Revisão dirigida das cláusulas materiais nas fontes acessíveis; atos e suplementos não consultados permanecem lacunas. Não se afirma leitura integral de todos os registros do inventário.; Índices de atraso31/61: números20%/15% e extenso10%/10% não conciliados; validar antes de definir alerta.; Paginação indicada nas fontes corresponde à página física do PDF, que pode diferir da numeração impressa."
50089559000108,AGRICONNECTION FIAGRO,2026-10-07T16:23:18-03:00,Leitura dirigida dos documentos materiais; lacunas explícitas,Leitura dirigida de cláusulas materiais dos textos integrais extraídos dos PDFs selecionados. Inventário integral de registros quando acessível; documentos não selecionados ou não revisados permanecem disponíveis para auditoria e não foram integralmente lidos.,ID 999633 · 26/09/2025 · data/raw/50089559000108/999633_regulamento.pdf; ID 998644 · 23/09/2025 · data/raw/50089559000108/998644_emissao.pdf,"{""inventory_count"": 99, ""pdf_count"": 6, ""pages_available"": 156, ""pages_analyzed"": ""Leitura dirigida; páginas citadas por critério, sem certificação de leitura integral"", ""documents_without_local_pdf"": 93, ""extraction_errors"": 0, ""access_errors"": 0, ""sources_consulted"": 2}","Suplementos998644/993030: CNPJ do fundo nos apêndices é62.285.390/0001-40 (administrador), distinto de50.089.559/0001-08. Spread sênior diverge1,90%/três inteiros e nove décimos; requer documento retificado."
57131490000182,PONTO RURAL FIAGRO RESPONSABILIDADE LIMITADA,2026-10-07T16:31:15-03:00,Revisão documental dirigida com lacunas explícitas,Revisão dirigida das cláusulas materiais dos documentos acessíveis; texto integral extraído quando disponível. Não corresponde à leitura integral de todos os registros do inventário. Regulamento 23/09/2025. Limites por rating operam apesar da dispensa genérica de concentração da classe profissional; manter controle contratual específico. O nome da carteira não fixa a vigência documental; cada fonte mantém sua própria data. Não foi carregada nova competência IME.,ID 995970 · 23/09/2025 · data/raw/57131490000182/995970_regulamento_review_20261007.pdf; ID 995969 · 23/09/2025 · data/raw/57131490000182/995969_regulamento_review_20261007.pdf; ID 772640 · 06/11/2024 · data/raw/57131490000182/772640_emissao_review_20261007.pdf,"{""inventory_count"": 30, ""pdf_count"": 3, ""pages_analyzed"": 84, ""documents_without_local_pdf"": 27, ""extraction_errors"": 0, ""download_errors"": 0, ""pdfs_without_extractable_text"": 0, ""identity_exclusions"": 0}",Consultar qualificações por célula em comparison_sources.csv
47151680000108,FARM TECH IBBA I FUNDO DE INVESTIMENTO EM DIREITOS CREDITÓRIOS RESPONSABILIDADE LIMITADA,2026-10-07T16:49:45-03:00,Revisão documental dirigida com lacunas explícitas,"Revisão dirigida das cláusulas materiais dos documentos acessíveis; texto integral extraído quando disponível. Não corresponde à leitura integral de todos os registros do inventário. Ata de 23/10/2025 recuperada via Poppler após falha pypdf: aprovou amortizações, sem comprovação de execução. Foram encontradas versões de 09/06 e 22/07/2025; fontes materiais da versão de julho e ata posterior. Ato constitutivo 360352 necessita OCR. O nome da carteira não fixa a vigência documental; cada fonte mantém sua própria data. Não foi carregada nova competência IME.",ID 1023631 · 23/10/2025 17:00 · data/raw/47151680000108/1023631_documentary_review.pdf; ID 993922 · 22/07/2025 · data/raw/47151680000108/993922_documentary_review.pdf; ID 927246 · 09/06/2025 · data/raw/47151680000108/927246_documentary_review.pdf,"{""inventory_count"": 91, ""pdf_count"": 4, ""pages_analyzed"": 346, ""documents_without_local_pdf"": 87, ""extraction_errors"": 1, ""download_errors"": 0, ""pdfs_without_extractable_text"": 1, ""identity_exclusions"": 0}",ID 360352: PDF sem texto extraível / OCR necessário
43309233000183,FUNDO DE INVESTIMENTO EM DIREITOS CREDITÓRIOS LIVERPOOL RESPONSABILIDADE LIMITADA,2026-10-07T16:22:01-03:00,Revisão documental dirigida com lacunas explícitas,Revisão dirigida das cláusulas materiais dos documentos acessíveis; texto integral extraído quando disponível. Não corresponde à leitura integral de todos os registros do inventário. Instrumento de emissão ID 211464 contém PDF sem texto extraível; OCR necessário para confirmar condições econômicas. O nome da carteira não fixa a vigência documental; cada fonte mantém sua própria data. Não foi carregada nova competência IME.,ID 1134494 · 09/03/2026 17:00 · data/raw/43309233000183/1134494_assembleia_review_20261007.pdf; ID 943032 · 09/07/2025 · data/raw/43309233000183/943032_regulamento_review_20261007.pdf; ID 791922 · 27/11/2024 · data/raw/43309233000183/791922_regulamento_review_20261007.pdf,"{""inventory_count"": 105, ""pdf_count"": 4, ""pages_analyzed"": 340, ""documents_without_local_pdf"": 101, ""extraction_errors"": 1, ""download_errors"": 0, ""pdfs_without_extractable_text"": 1, ""identity_exclusions"": 0}",ID 211464: PDF sem texto extraível / OCR necessário
43616659000180,TALÓ 1 FUNDO DE INVESTIMENTO EM DIREITOS CREDITÓRIOS RESPONSABILIDADE LIMITADA,2026-10-07T16:44:38-03:00,Leitura dirigida de regulamento/atos acessíveis; lacunas qualificadas,"Revisão dirigida das fontes identificadas abaixo por CNPJ, incluindo regras e atos materiais localizados. Não se afirma leitura integral de cada registro inventariado.",ID 791844 · 28/11/2024 · data/raw/43616659000180/791844_documentary_review.pdf,"{""inventory_count"": 113, ""sources_consulted"": 1, ""pdf_count"": 3, ""pages_available"": 323, ""documents_without_local_pdf"": 110, ""extraction_errors"": 0, ""inventory_scope"": ""Fundos.NET ao vivo por CNPJ"", ""pages_scope"": ""Páginas com texto disponíveis localmente; leitura dirigida das cláusulas citadas. Total de páginas não comprova leitura integral."", ""extractable_pages"": 323, ""documents_with_incomplete_text"": 1}",Revisão dirigida das cláusulas materiais nas fontes acessíveis; atos e suplementos não consultados permanecem lacunas. Não se afirma leitura integral de todos os registros do inventário.
52343195000176,FARMTECH SYNGENTA FUNDO DE INVESTIMENTO EM DIREITOS CREDITÓRIOS RESPONSABILIDADE LIMITADA,2026-10-07T16:32:19-03:00,Versão de 10/07/2024 acessível; regulamento posterior ID791944 indisponível; vigência não certificada,Leitura dirigida de cláusulas materiais dos textos integrais extraídos dos PDFs selecionados. Inventário integral de registros quando acessível; documentos não selecionados ou não revisados permanecem disponíveis para auditoria e não foram integralmente lidos.,ID 695723 · 10/07/2024 · data/raw/52343195000176/695723_regulamento.pdf; ID 701245 · 18/07/2024 · data/raw/52343195000176/701245_emissao.pdf,"{""inventory_count"": 51, ""pdf_count"": 3, ""pages_available"": 165, ""pages_analyzed"": ""Leitura dirigida; páginas citadas por critério, sem certificação de leitura integral"", ""documents_without_local_pdf"": 48, ""extraction_errors"": 0, ""access_errors"": 1, ""sources_consulted"": 2}",ID 791944: ProviderUnavailableError: Fundos.NET respondeu HTTP 520 em downloadDocumento.
44574361000117,FUNDO DE INVESTIMENTO EM DIREITOS CREDITORIOS UPL 02 - RESPONSABILIDADE LIMITADA,2026-10-07T16:22:01-03:00,Revisão documental dirigida com lacunas explícitas,Revisão dirigida das cláusulas materiais dos documentos acessíveis; texto integral extraído quando disponível. Não corresponde à leitura integral de todos os registros do inventário.  O nome da carteira não fixa a vigência documental; cada fonte mantém sua própria data. Não foi carregada nova competência IME.,ID 928360 · 12/06/2025 · data/raw/44574361000117/928360_regulamento_review_20261007.pdf; ID 883109 · 16/04/2025 · data/raw/44574361000117/883109_regulamento_review_20261007.pdf,"{""inventory_count"": 124, ""pdf_count"": 3, ""pages_analyzed"": 358, ""documents_without_local_pdf"": 121, ""extraction_errors"": 2, ""download_errors"": 1, ""pdfs_without_extractable_text"": 1, ""identity_exclusions"": 0}",ID 250443: Fundos.NET respondeu HTTP 502 em downloadDocumento.; ID 1093160: PDF sem texto extraível / OCR necessário
45123558000100,CANAÃ FUNDO DE INVESTIMENTO NAS CADEIAS PRODUTIVAS DO AGRONEGÓCIO - FIAGRO - IMOBILIÁRIO - RESPONSABILIDADE LIMITADA,2026-10-07T16:50:54-03:00,Leitura dirigida de regulamento/atos acessíveis; lacunas qualificadas,"Leitura integral do comunicado local de1 página, por CNPJ literal. Regulamento e inventário completo indisponíveis; nenhuma regra de FIDC presumida para o FIAGRO imobiliário.",ID 1251347 · 16/07/2026 · data/raw/45123558000100/1251347_documentary_review.pdf,"{""inventory_count"": ""Inventário parcial:1 documento primário localizado; total indisponível"", ""sources_consulted"": 1, ""pdf_count"": 1, ""pages_available"": 1, ""documents_without_local_pdf"": 0, ""extraction_errors"": 0, ""inventory_scope"": ""FIAGRO imobiliário; consulta tipoFundo2 vazia, repetição tipoFundo1/vazio HTTP520; documento exato localizado no Fundos.NET"", ""pages_scope"": ""1 página do comunicado efetivamente lida; inventário completo indisponível."", ""extractable_pages"": 1, ""documents_with_incomplete_text"": 0}",Inventário ao vivo indisponível: Consulta tipoFundo=2 retornou vazio para FIAGRO imobiliário; repetição tipoFundo vazio e1 respondeu HTTP520. Inventário completo não recuperado.; Revisão dirigida das cláusulas materiais nas fontes acessíveis; atos e suplementos não consultados permanecem lacunas. Não se afirma leitura integral de todos os registros do inventário.; Unidade FIAGRO imobiliário exige confirmar aplicabilidade e fonte de métricas; não usar IME FIDC como réplica automática.; Controles/proxies IME de FIDC bloqueados até conciliar categoria FIAGRO imobiliário e regulamento do CNPJ; não transferir parâmetros de outro veículo.
50857998000113,LEO MADEIRAS FIDC SEGMENTO MEIOS DE PAGAMENTO DE RESPONSABILIDADE LIMITADA,2026-10-07T16:29:10-03:00,Revisão documental dirigida com lacunas explícitas,Revisão dirigida das cláusulas materiais dos documentos acessíveis; texto integral extraído quando disponível. Não corresponde à leitura integral de todos os registros do inventário. Regulamento consolidado vigente 01/10/2026. Calendário e spread da série 3 não localizados no anúncio de encerramento. O nome da carteira não fixa a vigência documental; cada fonte mantém sua própria data. Não foi carregada nova competência IME.,ID 1338023 · 01/10/2026 · data/raw/50857998000113/1338023_regulamento_review_20261007.pdf; ID 1337719 · 01/10/2026 · data/raw/50857998000113/1337719_regulamento_review_20261007.pdf; ID 1324272 · 08/09/2026 14:00 · data/raw/50857998000113/1324272_assembleia_review_20261007.pdf; ID 1076194 · 05/01/2026 · data/raw/50857998000113/1076194_emissao_review_20261007.pdf,"{""inventory_count"": 87, ""pdf_count"": 4, ""pages_analyzed"": 85, ""documents_without_local_pdf"": 83, ""extraction_errors"": 0, ""download_errors"": 0, ""pdfs_without_extractable_text"": 0, ""identity_exclusions"": 0}",Consultar qualificações por célula em comparison_sources.csv
38376526000143,HOTFUND FUNDO DE INVESTIMENTO EM DIREITOS CREDITÓRIOS SEGMENTO MEIOS DE PAGAMENTO DE RESPONSABILIDAD,2026-10-07T16:20:21-03:00,Revisão documental dirigida com lacunas explícitas,Revisão dirigida das cláusulas materiais dos documentos acessíveis; texto integral extraído quando disponível. Não corresponde à leitura integral de todos os registros do inventário.  O nome da carteira não fixa a vigência documental; cada fonte mantém sua própria data. Não foi carregada nova competência IME.,ID 1337960 · 01/10/2026 · data/raw/38376526000143/1337960_regulamento_review_20261007.pdf; ID 1337664 · 01/10/2026 · data/raw/38376526000143/1337664_regulamento_review_20261007.pdf; ID 1324188 · 14/09/2026 10:00 · data/raw/38376526000143/1324188_assembleia_review_20261007.pdf; ID 631728 · 01/04/2024 · data/raw/38376526000143/631728_emissao_review_20261007.pdf,"{""inventory_count"": 134, ""pdf_count"": 4, ""pages_analyzed"": 101, ""documents_without_local_pdf"": 130, ""extraction_errors"": 0, ""download_errors"": 0, ""pdfs_without_extractable_text"": 0, ""identity_exclusions"": 0}",Consultar qualificações por célula em comparison_sources.csv
45598747000121,SUMUP SOLO FUNDO DE INVESTIMENTO EM DIREITOS CREDITÓRIOS SEGMENTO MEIOS DE PAGAMENTO DE RESPONSABILI,2026-10-07T14:49:47-03:00,acesso documental insuficiente; lacunas preservadas,Revisão documental em 07/10/2026. O nome da carteira com 1T26 não define a vigência destas cláusulas; versões posteriores estão datadas por fonte. Não houve atualização de competência IME neste trabalho.,Revisão documental em 07/10/2026. O nome da carteira com 1T26 não define a vigência destas cláusulas; versões posteriores estão datadas por fonte. Não houve atualização de competência IME neste trabalho.,"{""inventory_count"": 40, ""downloaded_count"": 0, ""analyzable_pages"": 0}",Atualização do inventário indisponível: Falha de rede ao acessar pesquisarGerenciadorDocumentosDados: The read operation timed out; Lacunas de acesso/extracão: ID883977: Fundos.NET respondeu HTTP 520 em downloadDocumento.; ID903840: Falha de rede ao acessar downloadDocumento: The read operation timed out; Regulamento com CNPJ inequívoco não acessado nesta revisão; regras materiais permanecem como lacuna.
41197066000109,IFOOD PAGO CRÉDITO I FUNDO DE INVESTIMENTO EM DIREITOS CREDITÓRIOS FINANCEIRO DE RESP LIMITADA,2026-10-07T16:21:18-03:00,Leitura dirigida dos documentos materiais; lacunas explícitas,Leitura dirigida de cláusulas materiais dos textos integrais extraídos dos PDFs selecionados. Inventário integral de registros quando acessível; documentos não selecionados ou não revisados permanecem disponíveis para auditoria e não foram integralmente lidos.,ID 1337964 · 01/10/2026 · data/raw/41197066000109/1337964_regulamento.pdf; ID 847509 · 24/02/2025 · data/raw/41197066000109/847509_emissao.pdf,"{""inventory_count"": 163, ""pdf_count"": 6, ""pages_available"": 282, ""pages_analyzed"": ""Leitura dirigida; páginas citadas por critério, sem certificação de leitura integral"", ""documents_without_local_pdf"": 157, ""extraction_errors"": 0, ""access_errors"": 0, ""sources_consulted"": 2}",Consultar qualificações por célula em comparison_sources.csv
44124617000194,CLOUDWALK AKIRA II FIDC SEGMENTO MEIOS DE PAGAMENTO,2026-10-07T14:49:47-03:00,revisão documental com lacunas explícitas,"Revisão documental em 07/10/2026. O nome da carteira com 1T26 não define a vigência destas cláusulas; versões posteriores estão datadas por fonte. Não houve atualização de competência IME neste trabalho. Base principal: ID1337401, 01/10/2026.",ID 1337401 · 01/10/2026 · data/raw/44124617000194/1337401_review_20261007.pdf,"{""inventory_count"": 104, ""downloaded_count"": 1, ""analyzable_pages"": 118}",Lacunas de acesso/extracão: ID1153057: Falha de rede ao acessar downloadDocumento: The read operation timed out
42085816000105,CLOUDWALK KICK ASS I FUNDO DE INVESTIMENTO EM DIREITOS CREDITÓRIOS SEGMENTO MEIOS DE PAGAMENTO,2026-10-07T14:49:47-03:00,revisão documental com lacunas explícitas,"Revisão documental em 07/10/2026. O nome da carteira com 1T26 não define a vigência destas cláusulas; versões posteriores estão datadas por fonte. Não houve atualização de competência IME neste trabalho. Base principal: ID1337406, 01/10/2026.",ID 1337406 · 01/10/2026 · data/raw/42085816000105/1337406_review_20261007.pdf; ID 211003 · 01/09/2021 · data/raw/42085816000105/211003_review_20261007.pdf,"{""inventory_count"": 113, ""downloaded_count"": 2, ""analyzable_pages"": 115}",Lacunas de acesso/extracão: ID1152028: Falha de rede ao acessar downloadDocumento: The read operation timed out
38385876000176,ESTRATÉGIA EDUCACIONAL FUNDO DE INVESTIMENTO EM DIREITOS CREDITÓRIOS,2026-10-07T16:31:11-03:00,Leitura dirigida de regulamento/atos acessíveis; lacunas qualificadas,"Revisão dirigida das fontes identificadas abaixo por CNPJ, incluindo regras e atos materiais localizados. Não se afirma leitura integral de cada registro inventariado.",ID 1337409 · 01/10/2026 · data/raw/38385876000176/1337409_documentary_review.pdf; ID 927600 · 16/06/2025 09:00 · data/raw/38385876000176/927600_documentary_review.pdf,"{""inventory_count"": 109, ""sources_consulted"": 2, ""pdf_count"": 5, ""pages_available"": 89, ""documents_without_local_pdf"": 104, ""extraction_errors"": 0, ""inventory_scope"": ""Fundos.NET ao vivo por CNPJ"", ""pages_scope"": ""Páginas com texto disponíveis localmente; leitura dirigida das cláusulas citadas. Total de páginas não comprova leitura integral."", ""extractable_pages"": 88, ""documents_with_incomplete_text"": 1}",Revisão dirigida das cláusulas materiais nas fontes acessíveis; atos e suplementos não consultados permanecem lacunas. Não se afirma leitura integral de todos os registros do inventário.
40919667000107,RECARGAPAY I FUNDO DE INVESTIMENTO EM DIREITOS CREDITÓRIOS,2026-10-07T16:20:21-03:00,Revisão documental dirigida com lacunas explícitas,Revisão dirigida das cláusulas materiais dos documentos acessíveis; texto integral extraído quando disponível. Não corresponde à leitura integral de todos os registros do inventário.  O nome da carteira não fixa a vigência documental; cada fonte mantém sua própria data. Não foi carregada nova competência IME.,ID 1118056 · 12/02/2026 · data/raw/40919667000107/1118056_regulamento_review_20261007.pdf; ID 1118054 · 12/02/2026 10:00 · data/raw/40919667000107/1118054_assembleia_review_20261007.pdf; ID 775346 · 04/11/2024 · data/raw/40919667000107/775346_regulamento_review_20261007.pdf; ID 577066 · 28/12/2023 · data/raw/40919667000107/577066_emissao_review_20261007.pdf,"{""inventory_count"": 95, ""pdf_count"": 4, ""pages_analyzed"": 218, ""documents_without_local_pdf"": 91, ""extraction_errors"": 0, ""download_errors"": 0, ""pdfs_without_extractable_text"": 0, ""identity_exclusions"": 0}",Consultar qualificações por célula em comparison_sources.csv
42102603000144,CLOUDWALK KICK ASS II FUNDO DE INVESTIMENTO EM DIREITOS CREDITÓRIOS SEGMENTO MEIOS DE PAGAMENTO,2026-10-07T14:49:47-03:00,revisão documental com lacunas explícitas,"Revisão documental em 07/10/2026. O nome da carteira com 1T26 não define a vigência destas cláusulas; versões posteriores estão datadas por fonte. Não houve atualização de competência IME neste trabalho. Base principal: ID733239, 05/09/2024.",ID 211105 · 02/09/2021 · data/raw/42102603000144/211105_review_20261007.pdf; ID 733239 · 05/09/2024 · data/raw/42102603000144/733239_review_20261007.pdf,"{""inventory_count"": 50, ""downloaded_count"": 2, ""analyzable_pages"": 118}",Atualização do inventário indisponível: Falha de rede ao acessar pesquisarGerenciadorDocumentosDados: The read operation timed out; KickAssII apêndiceID733239: carência27/02/2024 e vencimento27/01/2024 divergentes; não inferir calendário vigente.
28169275000172,FUNDO DE INVESTIMENTO EM DIREITOS CREDITÓRIOS PAGSEGURO I,2026-10-07T15:13:33-03:00,Revisão documental dirigida; lacunas e divergências explícitas,Leitura dirigida de regulamentos completos e atos acessíveis identificados nas fontes; o inventário não foi integralmente relido. Datas documentais posteriores ao período do nome da carteira estão explicitadas.,ID 1148251 · 30/03/2026 · data/raw/28169275000172/1148251_emissao.pdf; ID 1149521 · 25/03/2026 · data/raw/28169275000172/1149521_regulamento.pdf; ID 1147067 · 25/03/2026 09:00 · data/raw/28169275000172/1147067_assembleia.pdf; ID 998868 · 23/09/2025 · data/raw/28169275000172/998868_emissao.pdf; ID 768358 · 29/10/2024 10:00 · data/raw/28169275000172/768358_assembleia.pdf; ID 1131152 · 25/10/2024 · data/raw/28169275000172/1131152_regulamento.pdf,"{""inventory_count"": 202, ""pdf_count"": 6, ""pages_locally_available"": 321}",Consultar qualificações por célula em comparison_sources.csv
38658727000133,FUNDO DE INVESTIMENTO EM DIREITOS CREDITÓRIOS FORNECEDORES MADEIRA MADEIRA I,2026-10-07T16:29:59-03:00,Leitura documental dirigida; termos finais e qualificações descritos por critério,Inventário Fundos.NET por CNPJ e revisão dirigida de cláusulas materiais do regulamento identificado. PDFs integrais disponíveis para auditoria. Leitura integral de todo o inventário não foi realizada; documentos de oferta e fatos posteriores exigem revisão específica.,ID 1216296 · 05/06/2026 · data/raw/38658727000133/1216296_regulamento.pdf,"{""inventory_count"": 151, ""inventory_scope"": ""Consulta Fundos.NET completa por CNPJ"", ""pdf_count"": 2, ""available_regulation_pages"": 179, ""reviewed_source_documents"": 1, ""full_inventory_human_reading_claim"": false, ""sources_with_access_error"": [{""document_id"": 1322706, ""error"": ""Falha de rede ao acessar downloadDocumento: The read operation timed out""}, {""document_id"": 1223025, ""error"": ""Falha de rede ao acessar downloadDocumento: The read operation timed out""}, {""document_id"": 1218981, ""error"": ""Falha de rede ao acessar downloadDocumento: The read operation timed out""}]}","Versão documental conforme ID/data citados; o nome comercial do cadastro não confirma cedente, devedor ou garantia.; Cronogramas e spreads dependem dos suplementos efetivamente preenchidos; metas não garantem pagamento.; Conversão26,67% subordinadas/PL é cálculo de1−1/1,3636; regra jurídica original é razãoPL/sênior136,36%."
52271464000136,KIWIFY FUNDO DE INVESTIMENTO EM DIREITOS CREDITÓRIOS SEGMENTO MEIOS DE PAGAMENTO DE RESPONSABILIDADE,2026-10-07T16:29:10-03:00,Revisão documental dirigida com lacunas explícitas,Revisão dirigida das cláusulas materiais dos documentos acessíveis; texto integral extraído quando disponível. Não corresponde à leitura integral de todos os registros do inventário. Consulta por CNPJ recuperada após falha HTTP 520 inicial. Assembleia 18/03/2026 aprova transferência de administração à Genial Investimentos e novas taxas; regulamento consolidado correspondente acessível. O nome da carteira não fixa a vigência documental; cada fonte mantém sua própria data. Não foi carregada nova competência IME.,ID 1155757 · 18/03/2026 10:00 · data/raw/52271464000136/1155757_assembleia_review_20261007.pdf; ID 1155755 · 18/03/2026 · data/raw/52271464000136/1155755_regulamento_review_20261007.pdf; ID 1072777 · 29/12/2025 · data/raw/52271464000136/1072777_emissao_review_20261007.pdf; ID 1007659 · 02/10/2025 · data/raw/52271464000136/1007659_regulamento_review_20261007.pdf,"{""inventory_count"": 102, ""pdf_count"": 4, ""pages_analyzed"": 280, ""documents_without_local_pdf"": 98, ""extraction_errors"": 0, ""download_errors"": 0, ""pdfs_without_extractable_text"": 0, ""identity_exclusions"": 0}",Consultar qualificações por célula em comparison_sources.csv
29226654000110,INVESTCRED FUNDO DE INVESTIMENTO EM DIREITOS CREDITÓRIOS,2026-10-07T14:50:59-03:00,regulamento local identificado por CNPJ; atualização online não confirmada,Revisão dirigida de cláusulas e termos materiais dos documentos locais acessíveis. A data desta revisão não atesta atualização completa do inventário CVM. Lacunas e falhas de acesso estão descritas; nenhuma posição IME foi transformada em volume de emissão.,ID 1023849 · 29/10/2025 · data/raw/29226654000110/1023849_regulamento.txt,"{""documents_inventoried"": 67, ""inventory_scope"": ""Inventário histórico local e documentos públicos locais identificados; inventário online completo atual não confirmado"", ""local_regulatory_pdfs"": 1, ""new_network_pdfs_downloaded"": 0, ""local_analyzable_pdf_pages"": 88, ""text_caches_without_local_pdf"": 0, ""documents_without_local_pdf"": 66, ""extraction_errors"": ""Nenhum erro na extração dos PDFs locais processados"", ""reviewed_source_documents"": 1, ""full_document_human_reading_claim"": false}","Inventário histórico de 67 documentos; atualização online e PDFs de todas as ofertas não concluídos.; Spreads, razão de garantia e calendário sênior são remetidos aos suplementos; não usar taxas de remuneração de prestadores como spread de cota."
54857414000160,INDIE MERX RAIZ I CRÉDITO AGRO FIDC DO AGRONEGÓCIO - RESPONSABILIDADE LIMITADA,2026-10-07T16:35:33-03:00,Leitura dirigida de regulamento/atos acessíveis; lacunas qualificadas,"Revisão dirigida das fontes identificadas abaixo por CNPJ, incluindo regras e atos materiais localizados. Não se afirma leitura integral de cada registro inventariado.",ID 1263627 · 01/06/2026 · data/raw/54857414000160/1263627_documentary_review.pdf,"{""inventory_count"": 75, ""sources_consulted"": 1, ""pdf_count"": 5, ""pages_available"": 560, ""documents_without_local_pdf"": 70, ""extraction_errors"": 0, ""inventory_scope"": ""Fundos.NET ao vivo por CNPJ""}","Revisão dirigida das cláusulas materiais nas fontes acessíveis; atos e suplementos não consultados permanecem lacunas. Não se afirma leitura integral de todos os registros do inventário.; Paginação indicada nas fontes corresponde à página física do PDF, que pode diferir da numeração impressa."
44124465000120,TMAQ 21 FUNDO DE INVESTIMENTO EM DIREITOS CREDITÓRIOS DE ARRANJOS DE PAGAMENTO DE RESPONSABILIDADE L,2026-10-07T16:22:01-03:00,Revisão documental dirigida com lacunas explícitas,"Revisão dirigida das cláusulas materiais dos documentos acessíveis; texto integral extraído quando disponível. Não corresponde à leitura integral de todos os registros do inventário. DocumentoID 242313, embora entregue na consulta do CNPJ, identifica CLIPPERS BG e foi excluído da análise material. Não substituição por nome. O nome da carteira não fixa a vigência documental; cada fonte mantém sua própria data. Não foi carregada nova competência IME.",ID 1338077 · 01/10/2026 · data/raw/44124465000120/1338077_regulamento_review_20261007.pdf; ID 1337812 · 01/10/2026 · data/raw/44124465000120/1337812_regulamento_review_20261007.pdf; ID 951238 · 07/07/2025 10:00 · data/raw/44124465000120/951238_assembleia_review_20261007.pdf,"{""inventory_count"": 125, ""pdf_count"": 4, ""pages_analyzed"": 107, ""documents_without_local_pdf"": 121, ""extraction_errors"": 1, ""download_errors"": 0, ""pdfs_without_extractable_text"": 0, ""identity_exclusions"": 1}",ID 242313: Identidade divergente: documento constitui CLIPPERS BG FIC MULTIMERCADO; excluído das conclusões do TMAQ21
55401645000128,QUATÁ FDC FGTS FUNDO DE INVESTIMENTO EM DIREITOS CREDITÓRIOS,2026-10-07T14:59:40-03:00,Documentos acessíveis revisados; lacunas assinaladas,Unidade de análise: CNPJ da carteira. Conclusões restritas às páginas materiais dos PDFs locais identificados; inventário pode ser preservado de consulta anterior quando Fundos.NET falha. Não certifica leitura integral de todos os documentos do inventário.,ID 1051890 · 01/12/2025 · data/raw/55401645000128/1051890_documentary_review.pdf; ID 984906 · 04/09/2025 · data/raw/55401645000128/984906_documentary_review.pdf; ID 987420 · 09/09/2025 · data/raw/55401645000128/987420_documentary_review.pdf; ID 984909 · 04/09/2025 · data/raw/55401645000128/984909_documentary_review.pdf; ID 798348 · 10/12/2024 · data/raw/55401645000128/798348_documentary_review.pdf; ID 678447 · 12/06/2024 · data/raw/55401645000128/678447_documentary_review.pdf; ID 1051889 · 01/12/2025 · data/raw/55401645000128/1051889_documentary_review.pdf; ID 885831 · 23/04/2025 · data/raw/55401645000128/885831_documentary_review.pdf,"{""inventory_count"": 64, ""pdf_count"": 8, ""pages_analyzed"": 183}",Consultar qualificações por célula em comparison_sources.csv
63622842000103,DESBRAVA UNO ARTIGOS ESPORTIVOS FUNDO DE INVESTIMENTO EM DIREITOS CREDITÓRIOS RESP LIMITADA,2026-10-07T16:50:54-03:00,Leitura dirigida de regulamento/atos acessíveis; lacunas qualificadas,"Revisão dirigida das fontes identificadas abaixo por CNPJ, incluindo regras e atos materiais localizados. Não se afirma leitura integral de cada registro inventariado.",ID 1058151 · 09/12/2025 · data/raw/63622842000103/1058151_documentary_review.pdf; ID 1051646 · 01/12/2025 · data/raw/63622842000103/1051646_documentary_review.pdf; ID 1051644 · 01/12/2025 · data/raw/63622842000103/1051644_documentary_review.pdf,"{""inventory_count"": 29, ""sources_consulted"": 3, ""pdf_count"": 4, ""pages_available"": 99, ""documents_without_local_pdf"": 25, ""extraction_errors"": 0, ""inventory_scope"": ""Fundos.NET ao vivo por CNPJ"", ""pages_scope"": ""Páginas com texto disponíveis localmente; leitura dirigida das cláusulas citadas. Total de páginas não comprova leitura integral."", ""extractable_pages"": 97, ""documents_with_incomplete_text"": 2}",Revisão dirigida das cláusulas materiais nas fontes acessíveis; atos e suplementos não consultados permanecem lacunas. Não se afirma leitura integral de todos os registros do inventário.
44272584000120,LAVORO AGRO FIAGRO - DIREITOS CREDITÓRIOS - RESPONSABILIDADE LIMITADA,2026-10-07T16:50:54-03:00,Leitura dirigida de regulamento/atos acessíveis; lacunas qualificadas,"Revisão dirigida das fontes identificadas abaixo por CNPJ, incluindo regras e atos materiais localizados. Não se afirma leitura integral de cada registro inventariado.",ID 1003378 · 30/09/2025 · data/raw/44272584000120/1003378_documentary_review.pdf,"{""inventory_count"": 120, ""sources_consulted"": 1, ""pdf_count"": 3, ""pages_available"": 326, ""documents_without_local_pdf"": 117, ""extraction_errors"": 0, ""inventory_scope"": ""Fundos.NET ao vivo por CNPJ"", ""pages_scope"": ""Páginas com texto disponíveis localmente; leitura dirigida das cláusulas citadas. Total de páginas não comprova leitura integral."", ""extractable_pages"": 325, ""documents_with_incomplete_text"": 1}",Revisão dirigida das cláusulas materiais nas fontes acessíveis; atos e suplementos não consultados permanecem lacunas. Não se afirma leitura integral de todos os registros do inventário.
62838025000116,ENDURANCE FUNDO DE INVESTIMENTO EM DIREITOS CREDITÓRIOS RESPONSABILIDADE LIMITADA,2026-10-07T15:13:33-03:00,Revisão documental dirigida; lacunas e divergências explícitas,Leitura dirigida de regulamentos completos e atos acessíveis identificados nas fontes; o inventário não foi integralmente relido. Datas documentais posteriores ao período do nome da carteira estão explicitadas.,ID 1171493 · 06/02/2026 14:00 · data/raw/62838025000116/1171493_assembleia.pdf; ID 1058234 · 10/12/2025 · data/raw/62838025000116/1058234_regulamento.pdf; ID 1052452 · 02/12/2025 · data/raw/62838025000116/1052452_emissao.pdf; ID 1032846 · 10/11/2025 · data/raw/62838025000116/1032846_emissao.pdf,"{""inventory_count"": 23, ""pdf_count"": 4, ""pages_locally_available"": 75}",Consultar qualificações por célula em comparison_sources.csv
47280025000150,FIDC AGRO CAPITAL FINANCE RESPONSABILIDADE LIMITADA,2026-10-07T16:23:18-03:00,Leitura dirigida dos documentos materiais; lacunas explícitas,Leitura dirigida de cláusulas materiais dos textos integrais extraídos dos PDFs selecionados. Inventário integral de registros quando acessível; documentos não selecionados ou não revisados permanecem disponíveis para auditoria e não foram integralmente lidos.,ID 1324579 · 16/09/2026 · data/raw/47280025000150/1324579_regulamento.pdf; ID 1053778 · 04/12/2025 · data/raw/47280025000150/1053778_emissao.pdf,"{""inventory_count"": 129, ""pdf_count"": 6, ""pages_available"": 260, ""pages_analyzed"": ""Leitura dirigida; páginas citadas por critério, sem certificação de leitura integral"", ""documents_without_local_pdf"": 123, ""extraction_errors"": 0, ""access_errors"": 0, ""sources_consulted"": 2}",Consultar qualificações por célula em comparison_sources.csv
57270666000187,MOBILITAS FUNDO DE INVESTIMENTO EM DIREITOS CREDITÓRIOS - RESPONSABILIDADE LIMITADA,2026-10-07T16:29:09-03:00,Leitura dirigida dos documentos materiais; lacunas explícitas,Leitura dirigida de cláusulas materiais dos textos integrais extraídos dos PDFs selecionados. Inventário integral de registros quando acessível; documentos não selecionados ou não revisados permanecem disponíveis para auditoria e não foram integralmente lidos.,ID 769277 · 31/10/2024 · data/raw/57270666000187/769277_regulamento.pdf; ID 768055 · 29/10/2024 · data/raw/57270666000187/768055_emissao.pdf,"{""inventory_count"": 59, ""pdf_count"": 4, ""pages_available"": 90, ""pages_analyzed"": ""Leitura dirigida; páginas citadas por critério, sem certificação de leitura integral"", ""documents_without_local_pdf"": 55, ""extraction_errors"": 0, ""access_errors"": 2, ""sources_consulted"": 2}",ID 769070: ProviderUnavailableError: Fundos.NET respondeu HTTP 520 em downloadDocumento.; ID 769047: ProviderUnavailableError: Fundos.NET respondeu HTTP 520 em downloadDocumento.
58288437000152,ALTOMAX FUNDO DE INVESTIMENTO EM DIREITOS CREDITÓRIOS SEGMENTO RECEBÍVEIS COMERCIAIS DE RESP LTDA,2026-10-07T16:29:59-03:00,Leitura documental dirigida; termos finais e qualificações descritos por critério,Inventário Fundos.NET por CNPJ e revisão dirigida de cláusulas materiais do regulamento identificado. PDFs integrais disponíveis para auditoria. Leitura integral de todo o inventário não foi realizada; documentos de oferta e fatos posteriores exigem revisão específica.,ID 1240668 · 24/02/2026 · data/raw/58288437000152/1240668_regulamento.pdf; ID 1240663 · 24/02/2026 15:00 · data/raw/58288437000152/1240663_assembleia.pdf; ID 982590 · 02/09/2025 · data/raw/58288437000152/982590_emissao.pdf,"{""inventory_count"": 54, ""inventory_scope"": ""Consulta Fundos.NET completa por CNPJ"", ""pdf_count"": 4, ""available_regulation_pages"": 227, ""reviewed_source_documents"": 3, ""full_inventory_human_reading_claim"": false, ""sources_with_access_error"": [{""document_id"": 1240826, ""error"": ""Falha de rede ao acessar downloadDocumento: The read operation timed out""}]}","Versão documental conforme ID/data citados; o nome comercial do cadastro não confirma cedente, devedor ou garantia.; Cronogramas e spreads dependem dos suplementos efetivamente preenchidos; metas não garantem pagamento."
55476342000174,LAVORO AGRO II FIAGRO - DIREITOS CREDITÓRIOS - RESPONSABILIDADE LIMITADA,2026-10-07T16:31:15-03:00,Revisão documental dirigida com lacunas explícitas,"Revisão dirigida das cláusulas materiais dos documentos acessíveis; texto integral extraído quando disponível. Não corresponde à leitura integral de todos os registros do inventário. Regulamento 30/09/2025 usado como consolidação mais recente, embora anterior tenha mais páginas. Cronograma sênior e spread final requerem apêndices específicos. O nome da carteira não fixa a vigência documental; cada fonte mantém sua própria data. Não foi carregada nova competência IME.",ID 1003108 · 30/09/2025 · data/raw/55476342000174/1003108_regulamento_review_20261007.pdf; ID 1003104 · 30/09/2025 · data/raw/55476342000174/1003104_regulamento_review_20261007.pdf; ID 974842 · 29/08/2025 23:59 · data/raw/55476342000174/974842_assembleia_review_20261007.pdf; ID 763709 · 24/10/2024 · data/raw/55476342000174/763709_emissao_review_20261007.pdf,"{""inventory_count"": 61, ""pdf_count"": 4, ""pages_analyzed"": 304, ""documents_without_local_pdf"": 57, ""extraction_errors"": 0, ""download_errors"": 0, ""pdfs_without_extractable_text"": 0, ""identity_exclusions"": 0}",Consultar qualificações por célula em comparison_sources.csv
63679792000192,BLUE HEALTH FIDC RECEBÍVEIS COMERCIAIS DE RESPONSABILIDADE LIMITADA,2026-10-07T16:40:09-03:00,Revisão documental dirigida com lacunas explícitas,"Revisão dirigida das cláusulas materiais dos documentos acessíveis; texto integral extraído quando disponível. Não corresponde à leitura integral de todos os registros do inventário. ID 1103151 é convocação para alteração de concentração, sem deliberação acessível; não tratada como waiver aprovado. Anúncio de encerramento diverge no regime de distribuição. O nome da carteira não fixa a vigência documental; cada fonte mantém sua própria data. Não foi carregada nova competência IME.",ID 1278972 · 27/07/2026 · data/raw/63679792000192/1278972_regulamento_review_20261007.pdf; ID 1277702 · 27/07/2026 · data/raw/63679792000192/1277702_regulamento_review_20261007.pdf; ID 1103151 · 26/01/2026 18:00 · data/raw/63679792000192/1103151_assembleia_review_20261007.pdf; ID 1087618 · 15/01/2026 · data/raw/63679792000192/1087618_emissao_review_20261007.pdf; ID 1060943 · 05/12/2025 · data/raw/63679792000192/1060943_emissao_review_20261007.pdf,"{""inventory_count"": 28, ""pdf_count"": 5, ""pages_analyzed"": 126, ""documents_without_local_pdf"": 23, ""extraction_errors"": 0, ""download_errors"": 0, ""pdfs_without_extractable_text"": 0, ""identity_exclusions"": 0}",Consultar qualificações por célula em comparison_sources.csv
42154687000160,MULTIPLIKE PLUS FUNDO DE INVESTIMENTO EM DIREITOS CREDITÓRIOS,2026-10-07T14:50:59-03:00,"regulamento mais recente no corpus local público, 08/06/2026; inventário online não confirmado",Revisão dirigida de cláusulas e termos materiais dos documentos locais acessíveis. A data desta revisão não atesta atualização completa do inventário CVM. Lacunas e falhas de acesso estão descritas; nenhuma posição IME foi transformada em volume de emissão.,ID 1223029 · 08/06/2026 · data/raw/42154687000160/1223029_regulamento.txt; ID 1160029 · 01/04/2026 · data/raw/42154687000160/1160029_prospecto_ou_l_mina.txt; ID 1237432 · 30/06/2026 · data/raw/42154687000160/1237432_instrumento_de_emiss_o.txt; ID 1237281 · 30/06/2026 · data/raw/42154687000160/1237281_relat_rio_de_rating.txt,"{""documents_inventoried"": 160, ""inventory_scope"": ""Inventário histórico local e documentos públicos locais identificados; inventário online completo atual não confirmado"", ""local_regulatory_pdfs"": 8, ""new_network_pdfs_downloaded"": 0, ""local_analyzable_pdf_pages"": 312, ""text_caches_without_local_pdf"": 0, ""documents_without_local_pdf"": 152, ""extraction_errors"": ""Nenhum erro na extração dos PDFs locais processados"", ""reviewed_source_documents"": 4, ""full_document_human_reading_claim"": false}","A definição de administração agrega gestão e REA: conservar componentes para evitar dupla contagem.; Regulamento escreve R$ 15.500,00 e por extenso quatro mil reais no mesmo mínimo; exige confirmação da administradora.; Prospecto 1160029 diverge entre 24 parcelas após carência, pagamento nos meses 25–36 e prazo de 1.825 dias; calendário fechado não validado.; Rating publicado 30/06/2026 informa retirada a pedido do emissor; não apresentar brA+/brBBB+ como rating vigente."
48946335000123,NAGRO OIKOS FUNDO DE INVESTIMENTO NAS CADEIAS PRODUTIVAS DO AGRONEGÓCIO,2026-10-07T16:23:18-03:00,Leitura dirigida dos documentos materiais; lacunas explícitas,Leitura dirigida de cláusulas materiais dos textos integrais extraídos dos PDFs selecionados. Inventário integral de registros quando acessível; documentos não selecionados ou não revisados permanecem disponíveis para auditoria e não foram integralmente lidos.,ID 1000248 · 29/09/2025 · data/raw/48946335000123/1000248_regulamento.pdf; ID 737336 · 12/09/2024 · data/raw/48946335000123/737336_emissao.pdf,"{""inventory_count"": 101, ""pdf_count"": 6, ""pages_available"": 283, ""pages_analyzed"": ""Leitura dirigida; páginas citadas por critério, sem certificação de leitura integral"", ""documents_without_local_pdf"": 95, ""extraction_errors"": 0, ""access_errors"": 0, ""sources_consulted"": 2}",Consultar qualificações por célula em comparison_sources.csv
55374251000128,FUNDO DE INVESTIMENTO EM DIREITOS CREDITÓRIOS BLUE II SEGMENTO CRÉDITO CORPORATIVO DE RESP LTDA,2026-10-07T16:29:09-03:00,Leitura dirigida dos documentos materiais; lacunas explícitas,Leitura dirigida de cláusulas materiais dos textos integrais extraídos dos PDFs selecionados. Inventário integral de registros quando acessível; documentos não selecionados ou não revisados permanecem disponíveis para auditoria e não foram integralmente lidos.,ID 686750 · 25/06/2024 · data/raw/55374251000128/686750_regulamento.pdf; ID 686288 · 24/06/2024 · data/raw/55374251000128/686288_emissao.pdf,"{""inventory_count"": 86, ""pdf_count"": 6, ""pages_available"": 188, ""pages_analyzed"": ""Leitura dirigida; páginas citadas por critério, sem certificação de leitura integral"", ""documents_without_local_pdf"": 80, ""extraction_errors"": 0, ""access_errors"": 0, ""sources_consulted"": 2}",Consultar qualificações por célula em comparison_sources.csv
35868110000154,FUNDO DE INVESTIMENTO EM DIREITOS CREDITÓRIOS BV - CRÉDITO DE VEÍCULOS RESPONSABILIDADE LIMITADA,2026-10-07T15:17:45-03:00,Documentos locais revisados; lacunas e divergências assinaladas,Unidade de análise: CNPJ da carteira. Conclusões restritas às páginas materiais dos PDFs locais identificados; inventário pode estar preservado de consulta anterior quando Fundos.NET falha. Não certifica leitura integral de todos os documentos do inventário.,ID 792021 · 27/11/2024 · data/raw/35868110000154/792021_regulamento.pdf; ID 537768 · 09/10/2023 · data/raw/35868110000154/537768_regulamento.pdf,"{""inventory_count"": 52, ""pdf_count"": 2, ""pages_analyzed"": 196}","Inventário preservado do cache; consulta atual: Fundos.NET respondeu HTTP 520 em pesquisarGerenciadorDocumentosDados.; Este CNPJ é BV Crédito de Veículos, distinto de Auto BV I–IV; regras não intercambiáveis.; Taxas de administração e gestão divergem entre 0,07% numérico e sete décimos por extenso.; Cabeçalho nominal compatível e inventário do CNPJ; CNPJ não localizado automaticamente no texto dos dois regulamentos."
48953864000154,FUNDO DE INVESTIMENTO EM DIREITOS CREDITORIOS ASAAS II - RESPONSABILIDADE LIMITADA,2026-10-07T16:29:10-03:00,Revisão documental dirigida com lacunas explícitas,Revisão dirigida das cláusulas materiais dos documentos acessíveis; texto integral extraído quando disponível. Não corresponde à leitura integral de todos os registros do inventário. Regulamento de 05/11/2024 é base histórica. Assembleia de 25/07/2025 aprova liquidação; a baixa definitiva não foi reconciliada. Não apresentar limites como vigentes para novas aquisições. O nome da carteira não fixa a vigência documental; cada fonte mantém sua própria data. Não foi carregada nova competência IME.,ID 953821 · 25/07/2025 10:00 · data/raw/48953864000154/953821_assembleia_review_20261007.pdf; ID 774314 · 05/11/2024 · data/raw/48953864000154/774314_regulamento_review_20261007.pdf; ID 473796 · 01/06/2023 · data/raw/48953864000154/473796_regulamento_review_20261007.pdf; ID 395657 · 21/12/2022 · data/raw/48953864000154/395657_emissao_review_20261007.pdf,"{""inventory_count"": 61, ""pdf_count"": 4, ""pages_analyzed"": 320, ""documents_without_local_pdf"": 57, ""extraction_errors"": 0, ""download_errors"": 0, ""pdfs_without_extractable_text"": 0, ""identity_exclusions"": 0}",Consultar qualificações por célula em comparison_sources.csv
65976848000104,FUNDO DE INVESTIMENTO EM DIREITOS CREDITÓRIOS AGIBANK II RESPONSABILIDADE LIMITADA,2026-10-07T16:41:14-03:00,Revisão documental dirigida com lacunas explícitas,Revisão dirigida das cláusulas materiais dos documentos acessíveis; texto integral extraído quando disponível. Não corresponde à leitura integral de todos os registros do inventário. Ato 1167692 e relatório de rating 1304908 indisponíveisHTTP 520. Rating 27/04/2026 é histórico documentado; não afirmar que seja a revisão mais recente. O nome da carteira não fixa a vigência documental; cada fonte mantém sua própria data. Não foi carregada nova competência IME.,ID 1239452 · 22/06/2026 · data/raw/65976848000104/1239452_regulamento_review_20261007.pdf; ID 1238848 · 22/06/2026 11:00 · data/raw/65976848000104/1238848_assembleia_review_20261007.pdf; ID 1170775 · 27/04/2026 · data/raw/65976848000104/1170775_emissao_review_20261007.pdf; ID 1155182 · 06/04/2026 · data/raw/65976848000104/1155182_regulamento_review_20261007.pdf,"{""inventory_count"": 19, ""pdf_count"": 4, ""pages_analyzed"": 296, ""documents_without_local_pdf"": 15, ""extraction_errors"": 2, ""download_errors"": 2, ""pdfs_without_extractable_text"": 0, ""identity_exclusions"": 0}",ID 1167692: Fundos.NET respondeu HTTP 520 em downloadDocumento.; ID 1304908: Fundos.NET respondeu HTTP 520 em downloadDocumento.
50536324000117,MAQNELSON FUNDO DE INVESTIMENTO EM DIREITOS CREDITÓRIOS - RESPONSABILIDADE LIMITADA,2026-10-07T16:48:43-03:00,Leitura dirigida de regulamento/atos acessíveis; lacunas qualificadas,"Revisão dirigida das fontes identificadas abaixo por CNPJ, incluindo regras e atos materiais localizados. Não se afirma leitura integral de cada registro inventariado.",ID 938955 · 02/07/2025 · data/raw/50536324000117/938955_documentary_review.pdf; ID 918862 · 04/06/2025 · data/raw/50536324000117/918862_documentary_review.pdf,"{""inventory_count"": 81, ""sources_consulted"": 2, ""pdf_count"": 5, ""pages_available"": 300, ""documents_without_local_pdf"": 76, ""extraction_errors"": 1, ""inventory_scope"": ""Fundos.NET ao vivo por CNPJ""}","Revisão dirigida das cláusulas materiais nas fontes acessíveis; atos e suplementos não consultados permanecem lacunas. Não se afirma leitura integral de todos os registros do inventário.; ID1313899 de 08/09/2026: PDF sem texto substantivo extraível / OCR necessário. Não confirmar vigência sem ler o ato.; Regime de distribuição: encerramento938955 garantia firme versus comunicado927920 melhores esforços; reconciliação pendente.; Gestão numeral0,0625% versus extenso seiscentos e vinte e cinco centésimos por cento; validar retificação.; Paginação física do PDF; revisão dirigida das páginas e cláusulas citadas, sem leitura de todos os registros do inventário."
57816252000100,NATURA PAY FUNDO DE INVESTIMENTO EM DIREITOS CREDITÓRIOS CRÉDITO PESSOAL SOCIAL E IS RESP LTDA,2026-10-07T16:35:33-03:00,Leitura dirigida de regulamento/atos acessíveis; lacunas qualificadas,"Revisão dirigida das fontes identificadas abaixo por CNPJ, incluindo regras e atos materiais localizados. Não se afirma leitura integral de cada registro inventariado.",ID 1182394 · 07/05/2026 · data/raw/57816252000100/1182394_documentary_review.pdf; ID 1182510 · 13/04/2026 · data/raw/57816252000100/1182510_documentary_review.pdf; ID 1151234 · 30/03/2026 18:00 · data/raw/57816252000100/1151234_documentary_review.pdf,"{""inventory_count"": 63, ""sources_consulted"": 3, ""pdf_count"": 5, ""pages_available"": 91, ""documents_without_local_pdf"": 58, ""extraction_errors"": 0, ""inventory_scope"": ""Fundos.NET ao vivo por CNPJ""}","Revisão dirigida das cláusulas materiais nas fontes acessíveis; atos e suplementos não consultados permanecem lacunas. Não se afirma leitura integral de todos os registros do inventário.; Taxas numéricas0,126%/0,054% e extenso1,80%/0,54% divergem; não usar para fechamento de custo sem retificação.; AnúncioID1182510: título3ªsérie e quadro2ªsérie; reconciliação editorial pendente.; Vencimento final não vencido difere de parcelas: regulamento admite parcelas em atraso até30dias.; Paginação indicada nas fontes corresponde à página física do PDF, que pode diferir da numeração impressa."
50473039000102,SELLER FIDC SEGMENTO MEIOS DE PAGAMENTO DE RESPONSABILIDADE LIMITADA,2026-10-07T14:49:47-03:00,revisão documental com lacunas explícitas,"Revisão documental em 07/10/2026. O nome da carteira com 1T26 não define a vigência destas cláusulas; versões posteriores estão datadas por fonte. Não houve atualização de competência IME neste trabalho. Base principal: ID909547, 19/05/2025.",ID 909547 · 19/05/2025 · data/raw/50473039000102/909547_review_20261007.pdf; ID 912093 · 26/05/2025 · data/raw/50473039000102/912093_review_20261007.pdf; ID 932137 · 04/06/2025 · data/raw/50473039000102/932137_review_20261007.pdf,"{""inventory_count"": 45, ""downloaded_count"": 3, ""analyzable_pages"": 160}",Atualização do inventário indisponível: Fundos.NET respondeu HTTP 520 em pesquisarGerenciadorDocumentosDados.
62588266000154,VTK FUNDO DE INVESTIMENTO EM DIREITOS CREDITÓRIOS RESPONSABILIDADE LIMITADA,2026-10-07T15:13:33-03:00,Revisão documental dirigida; lacunas e divergências explícitas,Leitura dirigida de regulamentos completos e atos acessíveis identificados nas fontes; o inventário não foi integralmente relido. Datas documentais posteriores ao período do nome da carteira estão explicitadas. Inventário atual tecnicamente indisponível: Fundos.NET respondeu HTTP 520 em pesquisarGerenciadorDocumentosDados.. Inventário anterior preservado; vigência mais recente exige nova consulta.,ID 1002580 · 29/09/2025 · data/raw/62588266000154/1002580_regulamento.pdf; ID 987463 · 05/09/2025 · data/raw/62588266000154/987463_regulamento.pdf; ID 995150 · 18/09/2025 · data/raw/62588266000154/995150_regulamento.pdf; ID 1126575 · 27/02/2026 · data/raw/62588266000154/1126575_instrumento_de_emiss_o.pdf,"{""inventory_count"": 14, ""pdf_count"": 4, ""pages_locally_available"": 419}",Inventário atual tecnicamente indisponível: Fundos.NET respondeu HTTP 520 em pesquisarGerenciadorDocumentosDados.. Inventário anterior preservado; vigência mais recente exige nova consulta.
50988212000105,CARTÃO DE COMPRA SUPPLIER FUNDO DE INVESTIMENTO EM DIREITOS CREDITÓRIOS II-RESPONSABILIDADE LIMITADA,2026-10-07T15:17:45-03:00,Documentos locais revisados; lacunas e divergências assinaladas,Unidade de análise: CNPJ da carteira. Conclusões restritas às páginas materiais dos PDFs locais identificados; inventário pode estar preservado de consulta anterior quando Fundos.NET falha. Não certifica leitura integral de todos os documentos do inventário.,ID 1013021 · 14/11/2024 · data/raw/50988212000105/1013021_regulamento.pdf; ID 743214 · 19/09/2024 · data/raw/50988212000105/743214_regulamento.pdf,"{""inventory_count"": 41, ""pdf_count"": 2, ""pages_analyzed"": 210}","Inventário preservado do cache; consulta atual: Fundos.NET respondeu HTTP 520 em pesquisarGerenciadorDocumentosDados.; Taxa de gestão: discrepâncias de percentual numérico/extenso na cláusula 9.2.; Séries, sobretaxas e calendários individuais não identificados nos modelos do regulamento.; Razão de garantia: número95,5% e extenso95,05% divergem na cláusula14.7; confirmar limite aplicável com administrador."
58476088000100,SAGA FUNDO DE INVESTIMENTO EM DIREITOS CREDITÓRIOS CRÉDITO PRIVADO - RESPONSABILIDADE LIMITADA,2026-10-07T16:37:58-03:00,Leitura dirigida dos documentos materiais; lacunas explícitas,Leitura dirigida de cláusulas materiais dos textos integrais extraídos dos PDFs selecionados. Inventário integral de registros quando acessível; documentos não selecionados ou não revisados permanecem disponíveis para auditoria e não foram integralmente lidos.,ID 852325 · 25/02/2025 · data/raw/58476088000100/852325_documentary_review.pdf; ID 852323 · 25/02/2025 10:00 · data/raw/58476088000100/852323_documentary_review.pdf; ID 833533 · 07/02/2025 · data/raw/58476088000100/833533_documentary_review.pdf,"{""inventory_count"": 35, ""pdf_count"": 3, ""pages_available"": 135, ""pages_analyzed"": ""Leitura dirigida; páginas citadas por critério, sem certificação de leitura integral"", ""documents_without_local_pdf"": 32, ""extraction_errors"": 0, ""access_errors"": 1, ""sources_consulted"": 3}",ID 830536: ProviderUnavailableError: Fundos.NET respondeu HTTP 520 em downloadDocumento.
58349979000198,VOLKSWAGEN TERA FUNDO DE INVESTIMENTO EM DIREITOS CREDITÓRIOS RECEBÍVEIS COMERCIAIS RESP LTDA,2026-10-07T16:35:18-03:00,Revisão documental dirigida com lacunas explícitas,"Revisão dirigida das cláusulas materiais dos documentos acessíveis; texto integral extraído quando disponível. Não corresponde à leitura integral de todos os registros do inventário. A ata ID 942677 menciona o nome Volkswagen Tera, mas usa o CNPJ da cedente no cabeçalho; identidade documental inconsistente. Rebaixamento da Movida e waiver nela narrados exigem confirmação antes de tratar como evento inequívoco deste CNPJ. O nome da carteira não fixa a vigência documental; cada fonte mantém sua própria data. Não foi carregada nova competência IME.",ID 942677 · 04/07/2025 11:00 · data/raw/58349979000198/942677_assembleia_review_20261007.pdf; ID 843410 · 17/02/2025 · data/raw/58349979000198/843410_emissao_review_20261007.pdf; ID 826213 · 28/01/2025 · data/raw/58349979000198/826213_regulamento_review_20261007.pdf; ID 826212 · 28/01/2025 · data/raw/58349979000198/826212_regulamento_review_20261007.pdf,"{""inventory_count"": 38, ""pdf_count"": 4, ""pages_analyzed"": 241, ""documents_without_local_pdf"": 34, ""extraction_errors"": 0, ""download_errors"": 0, ""pdfs_without_extractable_text"": 0, ""identity_exclusions"": 0}",Consultar qualificações por célula em comparison_sources.csv
54559035000194,ESTRATÉGIA VINCULADA I FUNDO DE INVESTIMENTO EM DIREITOS CREDITÓRIOS - RESPONSABILIDADE LIMITADA,2026-10-07T15:17:45-03:00,Documentos locais revisados; lacunas e divergências assinaladas,Unidade de análise: CNPJ da carteira. Conclusões restritas às páginas materiais dos PDFs locais identificados; inventário pode estar preservado de consulta anterior quando Fundos.NET falha. Não certifica leitura integral de todos os documentos do inventário.,ID 1027103 · 28/10/2025 11:00 · data/raw/54559035000194/1027103_assembleia.pdf; ID 672167 · 08/05/2024 10:00 · data/raw/54559035000194/672167_assembleia.pdf; ID 664160 · 23/04/2024 · data/raw/54559035000194/664160_emissao.pdf; ID 634469 · 05/04/2024 · data/raw/54559035000194/634469_emissao.pdf; ID 634437 · 05/04/2024 · data/raw/54559035000194/634437_regulamento.pdf,"{""inventory_count"": 49, ""pdf_count"": 5, ""pages_analyzed"": 144}","ID 634463: ProviderUnavailableError: Fundos.NET respondeu HTTP 520 em downloadDocumento.; Contrato CDB e todos os contratos de leasing vinculados não obtidos; regras privadas permanecem lacunas.; Taxa de administração/gestão com redação conjunta de 0,175%; segregação e mínimo por prestador exigem validação.; Alocação tributária com discrepância entre número e texto por extenso.; AGE 672167 alterou quóruns em 08/05/2024; anexo II não presente no PDF de 2 páginas. Regimento posterior integral não certificado."
55070804000159,ESTRATÉGIA VINCULADA II FUNDO DE INVESTIMENTO EM DIREITOS CREDITÓRIOS - RESPONSABILIDADE LIMITADA,2026-10-07T15:17:45-03:00,Documentos locais revisados; lacunas e divergências assinaladas,Unidade de análise: CNPJ da carteira. Conclusões restritas às páginas materiais dos PDFs locais identificados; inventário pode estar preservado de consulta anterior quando Fundos.NET falha. Não certifica leitura integral de todos os documentos do inventário.,ID 1248767 · 23/06/2026 · data/raw/55070804000159/1248767_emissao.pdf; ID 1027106 · 28/10/2025 11:00 · data/raw/55070804000159/1027106_assembleia.pdf; ID 758570 · 07/10/2024 · data/raw/55070804000159/758570_emissao.pdf; ID 667195 · 22/05/2024 · data/raw/55070804000159/667195_regulamento.pdf,"{""inventory_count"": 44, ""pdf_count"": 4, ""pages_analyzed"": 152}","ID 686119: ProviderUnavailableError: Fundos.NET respondeu HTTP 520 em downloadDocumento.; Contrato CDB e todos os contratos de leasing vinculados não obtidos; regras privadas permanecem lacunas.; Taxa de administração/gestão com redação conjunta de 0,175%; segregação e mínimo por prestador exigem validação.; Alocação tributária com discrepância entre número e texto por extenso.; Encerramento documental em 23/06/2026; baixa cadastral CVM/auditoria final não verificadas. O fundo permanece no perímetro histórico 1T26."
43866348000179,FUNDO DE INVESTIMENTO EM DIREITOS CREDITÓRIOS OPEA AGRO SUMITOMO CHEMICAL RESP LIMITADA,2026-10-07T16:23:18-03:00,Leitura dirigida dos documentos materiais; lacunas explícitas,Leitura dirigida de cláusulas materiais dos textos integrais extraídos dos PDFs selecionados. Inventário integral de registros quando acessível; documentos não selecionados ou não revisados permanecem disponíveis para auditoria e não foram integralmente lidos.,ID 741139 · 17/09/2024 · data/raw/43866348000179/741139_regulamento.pdf; ID 1098853 · 23/01/2026 · data/raw/43866348000179/1098853_emissao.pdf,"{""inventory_count"": 126, ""pdf_count"": 6, ""pages_available"": 510, ""pages_analyzed"": ""Leitura dirigida; páginas citadas por critério, sem certificação de leitura integral"", ""documents_without_local_pdf"": 120, ""extraction_errors"": 0, ""access_errors"": 0, ""sources_consulted"": 2}",Consultar qualificações por célula em comparison_sources.csv
47936340000192,FUNDO DE INVESTIMENTO NAS CADEIAS PRODUTIVAS AGROINDUSTRIAIS OPEA AGRO INSUMOS RESPONSABILIDADE LIMI,2026-10-07T16:26:11-03:00,Revisão documental dirigida com lacunas explícitas,"Revisão dirigida das cláusulas materiais dos documentos acessíveis; texto integral extraído quando disponível. Não corresponde à leitura integral de todos os registros do inventário. Regulamento consolidado anexado à assembleia ID 1038524, vigência 06/11/2025; prevalece como base sobre versões anteriores. Atos e apêndices não inteiramente reconciliados por série. O nome da carteira não fixa a vigência documental; cada fonte mantém sua própria data. Não foi carregada nova competência IME.",ID 1038524 · 07/11/2025 23:59 · data/raw/47936340000192/1038524_assembleia_review_20261007.pdf; ID 1030080 · 06/11/2025 · data/raw/47936340000192/1030080_emissao_review_20261007.pdf; ID 862072 · 11/03/2025 · data/raw/47936340000192/862072_regulamento_review_20261007.pdf; ID 801978 · 12/12/2024 · data/raw/47936340000192/801978_regulamento_review_20261007.pdf,"{""inventory_count"": 84, ""pdf_count"": 4, ""pages_analyzed"": 312, ""documents_without_local_pdf"": 80, ""extraction_errors"": 0, ""download_errors"": 0, ""pdfs_without_extractable_text"": 0, ""identity_exclusions"": 0}",Consultar qualificações por célula em comparison_sources.csv
58291962000127,HELM FUNDO DE INVESTIMENTO NAS CADEIAS PRODUTIVAS DO AGRONEGÓCIO - RESPONSABILIDADE LIMITADA,2026-10-07T16:30:31-03:00,Leitura dirigida dos documentos materiais; lacunas explícitas,Leitura dirigida de cláusulas materiais dos textos integrais extraídos dos PDFs selecionados. Inventário integral de registros quando acessível; documentos não selecionados ou não revisados permanecem disponíveis para auditoria e não foram integralmente lidos.,ID 957854 · 30/07/2025 · data/raw/58291962000127/957854_regulamento.pdf; ID 803735 · 18/12/2024 · data/raw/58291962000127/803735_emissao.pdf,"{""inventory_count"": 23, ""pdf_count"": 3, ""pages_available"": 320, ""pages_analyzed"": ""Leitura dirigida; páginas citadas por critério, sem certificação de leitura integral"", ""documents_without_local_pdf"": 20, ""extraction_errors"": 0, ""access_errors"": 2, ""sources_consulted"": 2}",ID 950677: ProviderUnavailableError: Fundos.NET respondeu HTTP 520 em downloadDocumento.; ID 949047: ProviderUnavailableError: Fundos.NET respondeu HTTP 520 em downloadDocumento.
57259989000170,TRÊS TENTOS FIAGRO RESPONSABILIDADE LIMITADA,2026-10-07T16:35:33-03:00,Leitura dirigida de regulamento/atos acessíveis; lacunas qualificadas,"Revisão dirigida das fontes identificadas abaixo por CNPJ, incluindo regras e atos materiais localizados. Não se afirma leitura integral de cada registro inventariado.",ID 1024476 · 29/10/2025 · data/raw/57259989000170/1024476_documentary_review.pdf; ID 1016583 · 16/10/2025 · data/raw/57259989000170/1016583_documentary_review.pdf,"{""inventory_count"": 49, ""sources_consulted"": 2, ""pdf_count"": 5, ""pages_available"": 347, ""documents_without_local_pdf"": 44, ""extraction_errors"": 0, ""inventory_scope"": ""Fundos.NET ao vivo por CNPJ""}","Revisão dirigida das cláusulas materiais nas fontes acessíveis; atos e suplementos não consultados permanecem lacunas. Não se afirma leitura integral de todos os registros do inventário.; Paginação indicada nas fontes corresponde à página física do PDF, que pode diferir da numeração impressa."
58171340000165,FRIMESA FUNDO DE INVESTIMENTO EM DIREITOS CREDITÓRIOS DE RESPONSABILIDADE LIMITADA,2026-10-07T16:35:33-03:00,Leitura dirigida de regulamento/atos acessíveis; lacunas qualificadas,"Revisão dirigida das fontes identificadas abaixo por CNPJ, incluindo regras e atos materiais localizados. Não se afirma leitura integral de cada registro inventariado.",ID 1206367 · 20/05/2026 23:59 · data/raw/58171340000165/1206367_documentary_review.pdf; ID 861191 · 13/03/2025 · data/raw/58171340000165/861191_documentary_review.pdf,"{""inventory_count"": 51, ""sources_consulted"": 2, ""pdf_count"": 5, ""pages_available"": 326, ""documents_without_local_pdf"": 46, ""extraction_errors"": 0, ""inventory_scope"": ""Fundos.NET ao vivo por CNPJ""}","Revisão dirigida das cláusulas materiais nas fontes acessíveis; atos e suplementos não consultados permanecem lacunas. Não se afirma leitura integral de todos os registros do inventário.; Fundo de despesasID8611919.1 tem R$[●]; obter valor formal preenchido.; Mezanino: cronograma retificado substitui indicação anterior de juros; principal e prioridade dependem de regime/recursos.; Paginação indicada nas fontes corresponde à página física do PDF, que pode diferir da numeração impressa."
51554551000138,CLASSE ÚNICA DO FIDC CRÉDITO NITRO AGRO - RESPONSABILIDADE LIMITADA,2026-10-07T16:29:09-03:00,Leitura dirigida dos documentos materiais; lacunas explícitas,Leitura dirigida de cláusulas materiais dos textos integrais extraídos dos PDFs selecionados. Inventário integral de registros quando acessível; documentos não selecionados ou não revisados permanecem disponíveis para auditoria e não foram integralmente lidos.,ID 1261911 · 18/06/2026 · data/raw/51554551000138/1261911_regulamento.pdf; ID 1126481 · 23/02/2026 · data/raw/51554551000138/1126481_emissao.pdf,"{""inventory_count"": 90, ""pdf_count"": 6, ""pages_available"": 546, ""pages_analyzed"": ""Leitura dirigida; páginas citadas por critério, sem certificação de leitura integral"", ""documents_without_local_pdf"": 84, ""extraction_errors"": 0, ""access_errors"": 0, ""sources_consulted"": 2}",Consultar qualificações por célula em comparison_sources.csv
57752597000148,AGROMERCANTIL CRÉDITO AGRO FUNDO DE INVESTIMENTO EM DIREITOS CREDITÓRIOS - RESPONSABILIDADE LIMITADA,2026-10-07T16:35:18-03:00,Revisão documental dirigida com lacunas explícitas,Revisão dirigida das cláusulas materiais dos documentos acessíveis; texto integral extraído quando disponível. Não corresponde à leitura integral de todos os registros do inventário. Limite de atraso 101–365 dias escrito como <0% do PL: divergência material registrada; não convertido em zero operacional. O nome da carteira não fixa a vigência documental; cada fonte mantém sua própria data. Não foi carregada nova competência IME.,ID 1200727 · 21/05/2026 · data/raw/57752597000148/1200727_emissao_review_20261007.pdf; ID 1200681 · 21/05/2026 · data/raw/57752597000148/1200681_regulamento_review_20261007.pdf; ID 1200677 · 20/05/2026 10:00 · data/raw/57752597000148/1200677_assembleia_review_20261007.pdf; ID 1100627 · 21/01/2026 · data/raw/57752597000148/1100627_regulamento_review_20261007.pdf,"{""inventory_count"": 50, ""pdf_count"": 4, ""pages_analyzed"": 348, ""documents_without_local_pdf"": 46, ""extraction_errors"": 0, ""download_errors"": 0, ""pdfs_without_extractable_text"": 0, ""identity_exclusions"": 0}",Consultar qualificações por célula em comparison_sources.csv
47425750000179,CEREALIS FUNDO DE INVESTIMENTO EM DIREITOS CREDITÓRIOS,2026-10-07T16:26:11-03:00,Revisão documental dirigida com lacunas explícitas,Revisão dirigida das cláusulas materiais dos documentos acessíveis; texto integral extraído quando disponível. Não corresponde à leitura integral de todos os registros do inventário. Base atual: regulamento 28/09/2026 e assembleia 23/09/2026. Emissão acessível de 2025; cronograma fechado e remuneração final permanecem pendentes. O nome da carteira não fixa a vigência documental; cada fonte mantém sua própria data. Não foi carregada nova competência IME.,ID 1331452 · 28/09/2026 · data/raw/47425750000179/1331452_regulamento_review_20261007.pdf; ID 1331451 · 23/09/2026 10:00 · data/raw/47425750000179/1331451_assembleia_review_20261007.pdf; ID 1237988 · 02/07/2026 · data/raw/47425750000179/1237988_regulamento_review_20261007.pdf; ID 824155 · 20/01/2025 · data/raw/47425750000179/824155_emissao_review_20261007.pdf,"{""inventory_count"": 119, ""pdf_count"": 4, ""pages_analyzed"": 158, ""documents_without_local_pdf"": 115, ""extraction_errors"": 0, ""download_errors"": 0, ""pdfs_without_extractable_text"": 0, ""identity_exclusions"": 0}",Consultar qualificações por célula em comparison_sources.csv
37035970000132,CD CASH FUNDO DE INVESTIMENTO EM DIREITOS CREDITÓRIOS RESPONSABILIDADE LIMITADA,2026-10-07T16:18:20-03:00,Revisão documental dirigida com lacunas explícitas,Revisão dirigida das cláusulas materiais dos documentos acessíveis; texto integral extraído quando disponível. Não corresponde à leitura integral de todos os registros do inventário.  O nome da carteira não fixa a vigência documental; cada fonte mantém sua própria data. Não foi carregada nova competência IME.,ID 1203784 · 26/05/2026 · data/raw/37035970000132/1203784_emissao_review_20261007.pdf; ID 1283029 · 21/05/2026 11:00 · data/raw/37035970000132/1283029_assembleia_review_20261007.pdf; ID 1187379 · 12/05/2026 · data/raw/37035970000132/1187379_regulamento_review_20261007.pdf; ID 1187375 · 05/05/2026 · data/raw/37035970000132/1187375_regulamento_review_20261007.pdf,"{""inventory_count"": 126, ""pdf_count"": 4, ""pages_analyzed"": 81, ""documents_without_local_pdf"": 122, ""extraction_errors"": 0, ""download_errors"": 0, ""pdfs_without_extractable_text"": 0, ""identity_exclusions"": 0}",Consultar qualificações por célula em comparison_sources.csv
17468142000180,VALOREM FUNDO DE INVESTIMENTO EM DIREITOS CREDITÓRIOS MULTISETORIAL RESPONSABILIDADE LIMITADA,2026-10-07T16:29:59-03:00,Leitura documental dirigida; termos finais e qualificações descritos por critério,Inventário Fundos.NET por CNPJ e revisão dirigida de cláusulas materiais do regulamento identificado. PDFs integrais disponíveis para auditoria. Leitura integral de todo o inventário não foi realizada; documentos de oferta e fatos posteriores exigem revisão específica.,ID 1271235 · 30/07/2026 · data/raw/17468142000180/1271235_regulamento.pdf; ID 1339315 · 25/09/2026 11:00 · data/raw/17468142000180/1339315_assembleia.pdf; ID 1333217 · 29/09/2026 · data/raw/17468142000180/1333217_emissao.pdf; ID 1328279 · 23/09/2026 · data/raw/17468142000180/1328279_emissao.pdf,"{""inventory_count"": 279, ""inventory_scope"": ""Consulta Fundos.NET completa por CNPJ"", ""pdf_count"": 5, ""available_regulation_pages"": 313, ""reviewed_source_documents"": 4, ""full_inventory_human_reading_claim"": false, ""sources_with_access_error"": []}","Versão documental conforme ID/data citados; o nome comercial do cadastro não confirma cedente, devedor ou garantia.; Cronogramas e spreads dependem dos suplementos efetivamente preenchidos; metas não garantem pagamento.; Anúncio sênior 29 ID1333217 declara 100 cotas × R$100 e R$10 milhões; o quadro soma 98,81 cotas. Valores não conciliados; não inferir volume efetivo."
29492605000129,GAZIN FUNDO DE INVESTIMENTO EM DIREITOS CREDITÓRIOS MULTISSEGMENTOS - RESPONSABILIDADE LIMITADA,2026-10-07T16:31:11-03:00,Leitura dirigida de regulamento/atos acessíveis; lacunas qualificadas,"Revisão dirigida das fontes identificadas abaixo por CNPJ, incluindo regras e atos materiais localizados. Não se afirma leitura integral de cada registro inventariado.",ID 1125598 · 02/03/2026 10:00 · data/raw/29492605000129/1125598_documentary_review.pdf; ID 1117213 · 12/02/2026 · data/raw/29492605000129/1117213_documentary_review.pdf,"{""inventory_count"": 178, ""sources_consulted"": 2, ""pdf_count"": 3, ""pages_available"": 93, ""documents_without_local_pdf"": 175, ""extraction_errors"": 0, ""inventory_scope"": ""Fundos.NET ao vivo por CNPJ"", ""pages_scope"": ""Páginas com texto disponíveis localmente; leitura dirigida das cláusulas citadas. Total de páginas não comprova leitura integral."", ""extractable_pages"": 93, ""documents_with_incomplete_text"": 0}",Revisão dirigida das cláusulas materiais nas fontes acessíveis; atos e suplementos não consultados permanecem lacunas. Não se afirma leitura integral de todos os registros do inventário.
31739396000117,LF III FUNDO DE INVESTIMENTO EM DIREITOS CREDITÓRIOS DE RESPONSABILIDADE LIMITADA,2026-10-07T16:18:13-03:00,Leitura dirigida dos documentos materiais; lacunas explícitas,Leitura dirigida de cláusulas materiais dos textos integrais extraídos dos PDFs selecionados. Inventário integral de registros quando acessível; documentos não selecionados ou não revisados permanecem disponíveis para auditoria e não foram integralmente lidos.,ID 1146939 · 27/03/2026 · data/raw/31739396000117/1146939_regulamento.pdf; ID 1088682 · 20/01/2026 · data/raw/31739396000117/1088682_emissao.pdf,"{""inventory_count"": 172, ""pdf_count"": 6, ""pages_available"": 221, ""pages_analyzed"": ""Leitura dirigida; páginas citadas por critério, sem certificação de leitura integral"", ""documents_without_local_pdf"": 166, ""extraction_errors"": 0, ""access_errors"": 0, ""sources_consulted"": 2}",Consultar qualificações por célula em comparison_sources.csv
26749095000134,PRAVALER CRÉDITO UNIVERSITÁRIO II FUNDO DE INVESTIMENTO EM DIREITOS CREDITÓRIOS - RESP LIMITADAL,2026-10-07T14:50:59-03:00,regulamento em cache textual integral; PDF não recuperado nesta revisão,Revisão dirigida de cláusulas e termos materiais dos documentos locais acessíveis. A data desta revisão não atesta atualização completa do inventário CVM. Lacunas e falhas de acesso estão descritas; nenhuma posição IME foi transformada em volume de emissão.,ID 1061833 · 19/11/2025 · data/raw/26749095000134/1061833_regulamento_cache_integral.txt,"{""documents_inventoried"": 81, ""inventory_scope"": ""Inventário histórico local e documentos públicos locais identificados; inventário online completo atual não confirmado"", ""local_regulatory_pdfs"": 0, ""new_network_pdfs_downloaded"": 0, ""local_analyzable_pdf_pages"": 0, ""text_caches_without_local_pdf"": 1, ""documents_without_local_pdf"": 81, ""extraction_errors"": ""Extração PDF não realizada: PDF local ausente; detalhes de acesso registrados"", ""reviewed_source_documents"": 1, ""full_document_human_reading_claim"": false}","Tentativa de baixar PDF no Fundos.NET teve falha técnica de acesso; texto integral em cache permite revisão por cláusula, sem afirmar paginação física.; Inventário histórico; atualização online não confirmada.; Campos de referências quebradas do arquivo (Erro! Fonte de referência não encontrada) exigem consulta ao contrato final, sem inferir cláusula referenciada."
62393829000159,FUNDO DE INVESTIMENTO EM DIREITOS CREDITÓRIOS COMERCIAIS MEDICI I - RESPONSABILIDADE LIMITADA,2026-10-07T16:37:25-03:00,Revisão documental dirigida com lacunas explícitas,Revisão dirigida das cláusulas materiais dos documentos acessíveis; texto integral extraído quando disponível. Não corresponde à leitura integral de todos os registros do inventário. Ata ID 1287842 e regulamento anterior ID 1242436 indisponíveis porHTTP 520; versão de 12/08/2026 acessível. Cura de desenquadramento apresenta numeral 30 e extensoquinze no 16.2(b); confirmar. O nome da carteira não fixa a vigência documental; cada fonte mantém sua própria data. Não foi carregada nova competência IME.,ID 1300278 · 25/08/2026 · data/raw/62393829000159/1300278_emissao_review_20261007.pdf; ID 1287845 · 12/08/2026 · data/raw/62393829000159/1287845_regulamento_review_20261007.pdf,"{""inventory_count"": 51, ""pdf_count"": 2, ""pages_analyzed"": 89, ""documents_without_local_pdf"": 49, ""extraction_errors"": 2, ""download_errors"": 2, ""pdfs_without_extractable_text"": 0, ""identity_exclusions"": 0}",ID 1287842: Fundos.NET respondeu HTTP 520 em downloadDocumento.; ID 1242436: Fundos.NET respondeu HTTP 520 em downloadDocumento.
47640584000123,SOL AGORA GREEN ESG FIDC IS SEGMENTO FINANCEIRO DE RESPONSABILIDADE LIMITADA,2026-10-07T14:53:15-03:00,Falha técnica de acesso ao inventário/documentos; curadoria documental não concluída,Revisão dirigida de cláusulas e termos materiais dos documentos locais acessíveis. A data desta revisão não atesta atualização completa do inventário CVM. Lacunas e falhas de acesso estão descritas; nenhuma posição IME foi transformada em volume de emissão.,Revisão dirigida de cláusulas e termos materiais dos documentos locais acessíveis. A data desta revisão não atesta atualização completa do inventário CVM. Lacunas e falhas de acesso estão descritas; nenhuma posição IME foi transformada em volume de emissão.,"{""documents_inventoried"": ""Inventário completo CVM não obtido nesta revisão"", ""inventory_scope"": ""Consulta Fundos.NET do CNPJ com timeout/HTTP 520 nesta revisão; inventário completo indisponível"", ""local_regulatory_pdfs"": 0, ""new_network_pdfs_downloaded"": 0, ""local_analyzable_pdf_pages"": 0, ""text_caches_without_local_pdf"": 0, ""documents_without_local_pdf"": ""Contagem indisponível; inventário completo não obtido"", ""extraction_errors"": ""Extração PDF não realizada: PDF local ausente; detalhes de acesso registrados"", ""reviewed_source_documents"": 0, ""full_document_human_reading_claim"": false}",Consulta Fundos.NET por CNPJ teve timeout e HTTP520. Não há regulamento integral local acessível desta revisão.; Falha técnica de acesso não demonstra ausência de documentos ou inexistência de regra.; Sem substituição por fundo de nome semelhante; termos materiais permanecem não confirmados.
57028406000108,IS GREEN SOLFÁCIL VI FUNDO DE INVESTIMENTO EM DIREITOS CREDITÓRIOS RESPONSABILIDADE LIMITADA,2026-10-07T14:46:12-03:00,regulamento mais recente do corpus local de 08/09/2026; atualização online não confirmada,Revisão dirigida de cláusulas e termos materiais dos documentos locais acessíveis. A data desta revisão não atesta atualização completa do inventário CVM. Lacunas e falhas de acesso estão descritas; nenhuma posição IME foi transformada em volume de emissão.,ID 1202319 · 21/05/2026 · data/raw/57028406000108/1202319_regulamento_21-05-2026.txt,"{""documents_inventoried"": 6, ""inventory_scope"": ""Inventário local de regulamentos versionados, corpus Fundos.NET de 08/09/2026; demais categorias/inventário online atual não confirmados"", ""local_regulatory_pdfs"": 6, ""new_network_pdfs_downloaded"": 0, ""local_analyzable_pdf_pages"": 853, ""text_caches_without_local_pdf"": 0, ""documents_without_local_pdf"": 0, ""extraction_errors"": ""Nenhum erro na extração dos PDFs locais processados"", ""reviewed_source_documents"": 1, ""full_document_human_reading_claim"": false}","Inventário online atual não confirmado; versões posteriores ao corpus local podem existir.; Modelos de apêndices com campos não preenchidos não confirmam série emitida, spread final ou data efetiva."
31570767000180,FUNDO DE INVESTIMENTO EM DIREITOS CREDITÓRIOS TRADEPAY VAREJO I - RESPONSABILIDADE LIMITADA,2026-10-07T16:31:11-03:00,Leitura dirigida de regulamento/atos acessíveis; lacunas qualificadas,"Revisão dirigida das fontes identificadas abaixo por CNPJ, incluindo regras e atos materiais localizados. Não se afirma leitura integral de cada registro inventariado.",ID 1203635 · 25/05/2026 · data/raw/31570767000180/1203635_documentary_review.pdf,"{""inventory_count"": 276, ""sources_consulted"": 1, ""pdf_count"": 5, ""pages_available"": 172, ""documents_without_local_pdf"": 271, ""extraction_errors"": 0, ""inventory_scope"": ""Fundos.NET ao vivo por CNPJ"", ""pages_scope"": ""Páginas com texto disponíveis localmente; leitura dirigida das cláusulas citadas. Total de páginas não comprova leitura integral."", ""extractable_pages"": 172, ""documents_with_incomplete_text"": 0}",Revisão dirigida das cláusulas materiais nas fontes acessíveis; atos e suplementos não consultados permanecem lacunas. Não se afirma leitura integral de todos os registros do inventário.
54464892000100,FUNDO DE INVESTIMENTO EM DIREITOS CREDITÓRIOS MT FGTS RECEIVABLES II,2026-10-07T14:59:40-03:00,Documentos acessíveis revisados; lacunas assinaladas,Unidade de análise: CNPJ da carteira. Conclusões restritas às páginas materiais dos PDFs locais identificados; inventário pode ser preservado de consulta anterior quando Fundos.NET falha. Não certifica leitura integral de todos os documentos do inventário.,ID 823583 · 21/01/2025 · data/raw/54464892000100/823583_documentary_review.pdf,"{""inventory_count"": 47, ""pdf_count"": 1, ""pages_analyzed"": 3}",Inventário atual FundosNet: Fundos.NET respondeu HTTP 520 em abrirGerenciadorDocumentosCVM.; 1033290: Falha de rede ao acessar downloadDocumento: The read operation timed out; 884293: Falha de rede ao acessar downloadDocumento: The read operation timed out; 921382: Falha de rede ao acessar downloadDocumento: The read operation timed out; 829655: Falha de rede ao acessar downloadDocumento: The read operation timed out; 826235: Falha de rede ao acessar downloadDocumento: The read operation timed out; Nova tentativa ID 1033290: Falha de rede ao acessar downloadDocumento: The read operation timed out
11468186000124,ATLANTA FUNDO DE INVESTIMENTO EM DIREITOS CREDITÓRIOS DE RESPONSABILIDADE LIMITADA,2026-10-07T16:15:25-03:00,Revisão documental dirigida com lacunas explícitas,Revisão dirigida das cláusulas materiais dos documentos acessíveis; texto integral extraído quando disponível. Não corresponde à leitura integral de todos os registros do inventário. A reserva de caixa contém divergência entre percentual e extenso; preservar numerais e confirmar com administrador. O nome da carteira não fixa a vigência documental; cada fonte mantém sua própria data. Não foi carregada nova competência IME.,ID 1299529 · 24/08/2026 · data/raw/11468186000124/1299529_emissao_review_20261007.pdf; ID 1237735 · 29/06/2026 11:00 · data/raw/11468186000124/1237735_assembleia_review_20261007.pdf; ID 1130308 · 06/03/2026 · data/raw/11468186000124/1130308_regulamento_review_20261007.pdf; ID 1130307 · 06/03/2026 · data/raw/11468186000124/1130307_regulamento_review_20261007.pdf,"{""inventory_count"": 196, ""pdf_count"": 4, ""pages_analyzed"": 93, ""documents_without_local_pdf"": 192, ""extraction_errors"": 0, ""download_errors"": 0, ""pdfs_without_extractable_text"": 0, ""identity_exclusions"": 0}",Consultar qualificações por célula em comparison_sources.csv
43193260000133,RESIDENCE CLUB FUNDO DE INVESTIMENTO EM DIREITOS CREDITÓRIOS,2026-10-07T16:21:18-03:00,Leitura dirigida dos documentos materiais; lacunas explícitas,Leitura dirigida de cláusulas materiais dos textos integrais extraídos dos PDFs selecionados. Inventário integral de registros quando acessível; documentos não selecionados ou não revisados permanecem disponíveis para auditoria e não foram integralmente lidos.,ID 1044387 · 17/11/2025 · data/raw/43193260000133/1044387_regulamento.pdf; ID 455909 · 03/05/2023 · data/raw/43193260000133/455909_emissao.pdf,"{""inventory_count"": 133, ""pdf_count"": 6, ""pages_available"": 165, ""pages_analyzed"": ""Leitura dirigida; páginas citadas por critério, sem certificação de leitura integral"", ""documents_without_local_pdf"": 127, ""extraction_errors"": 0, ""access_errors"": 0, ""sources_consulted"": 2}",Consultar qualificações por célula em comparison_sources.csv
58152340000118,MONEE II FUNDO DE INVESTIMENTO EM DIREITOS CREDITÓRIOS SEGMENTO FINANCEIRO - RESP. LIMITADA,2026-10-07T16:30:31-03:00,Leitura dirigida dos documentos materiais; lacunas explícitas,Leitura dirigida de cláusulas materiais dos textos integrais extraídos dos PDFs selecionados. Inventário integral de registros quando acessível; documentos não selecionados ou não revisados permanecem disponíveis para auditoria e não foram integralmente lidos.,ID 1324346 · 18/09/2026 · data/raw/58152340000118/1324346_regulamento.pdf; ID 1096182 · 29/01/2026 · data/raw/58152340000118/1096182_emissao.pdf,"{""inventory_count"": 37, ""pdf_count"": 5, ""pages_available"": 242, ""pages_analyzed"": ""Leitura dirigida; páginas citadas por critério, sem certificação de leitura integral"", ""documents_without_local_pdf"": 32, ""extraction_errors"": 0, ""access_errors"": 1, ""sources_consulted"": 2}",ID 1096187: ProviderUnavailableError: Fundos.NET respondeu HTTP 520 em downloadDocumento.
52340225000190,INOVA CREDTECH III FIDC SEGMENTO MULTICARTEIRA DE RESPONSABILIDADE LIMITADA,2026-10-07T16:29:59-03:00,Leitura documental dirigida; termos finais e qualificações descritos por critério,Inventário Fundos.NET por CNPJ e revisão dirigida de cláusulas materiais do regulamento identificado. PDFs integrais disponíveis para auditoria. Leitura integral de todo o inventário não foi realizada; documentos de oferta e fatos posteriores exigem revisão específica.,ID 1171206 · 25/03/2026 · data/raw/52340225000190/1171206_regulamento.pdf; ID 1055501 · 03/12/2025 · data/raw/52340225000190/1055501_emissao.pdf,"{""inventory_count"": 111, ""inventory_scope"": ""Consulta Fundos.NET completa por CNPJ"", ""pdf_count"": 4, ""available_regulation_pages"": 206, ""reviewed_source_documents"": 2, ""full_inventory_human_reading_claim"": false, ""sources_with_access_error"": [{""document_id"": 1242464, ""error"": ""Falha de rede ao acessar downloadDocumento: The read operation timed out""}]}","Versão documental conforme ID/data citados; o nome comercial do cadastro não confirma cedente, devedor ou garantia.; Cronogramas e spreads dependem dos suplementos efetivamente preenchidos; metas não garantem pagamento.; Amortização extraordinária júnior exige proteção maior:22,50% sênior e12,50% mezaninoA; pisos regulares20%/10% não bastam."
63546406000194,PINE INSS III FUNDO DE INVESTIMENTO EM DIREITOS CREDITÓRIOS RESPONSABILIDADE LIMITADA,2026-10-07T15:13:33-03:00,Revisão documental dirigida; lacunas e divergências explícitas,Leitura dirigida de regulamentos completos e atos acessíveis identificados nas fontes; o inventário não foi integralmente relido. Datas documentais posteriores ao período do nome da carteira estão explicitadas.,ID 1172101 · 22/04/2026 · data/raw/63546406000194/1172101_emissao.pdf; ID 1162293 · 13/04/2026 · data/raw/63546406000194/1162293_emissao.pdf; ID 1130481 · 05/03/2026 · data/raw/63546406000194/1130481_regulamento.pdf; ID 1130478 · 05/03/2026 · data/raw/63546406000194/1130478_regulamento.pdf,"{""inventory_count"": 19, ""pdf_count"": 4, ""pages_locally_available"": 215}",Consultar qualificações por célula em comparison_sources.csv
37294759000134,GALLERIA HOME EQUITY FIDC,2026-10-07T16:44:38-03:00,Leitura dirigida de regulamento/atos acessíveis; lacunas qualificadas,"Revisão dirigida das fontes identificadas abaixo por CNPJ, incluindo regras e atos materiais localizados. Não se afirma leitura integral de cada registro inventariado.",ID 1245602 · 10/07/2026 · data/raw/37294759000134/1245602_documentary_review.pdf; ID 1243617 · 10/07/2026 · data/raw/37294759000134/1243617_documentary_review.pdf; ID 927443 · 09/06/2025 · data/raw/37294759000134/927443_documentary_review.pdf; ID 1245765 · 06/07/2026 · data/raw/37294759000134/1245765_documentary_review.pdf,"{""inventory_count"": 212, ""sources_consulted"": 4, ""pdf_count"": 6, ""pages_available"": 171, ""documents_without_local_pdf"": 206, ""extraction_errors"": 0, ""inventory_scope"": ""Fundos.NET ao vivo por CNPJ"", ""pages_scope"": ""Páginas com texto disponíveis localmente; leitura dirigida das cláusulas citadas. Total de páginas não comprova leitura integral."", ""extractable_pages"": 171, ""documents_with_incomplete_text"": 0}",Revisão dirigida das cláusulas materiais nas fontes acessíveis; atos e suplementos não consultados permanecem lacunas. Não se afirma leitura integral de todos os registros do inventário.
42085830000109,CLOUDWALK AKIRA I FUNDO DE INVESTIMENTO EM DIREITOS CREDITÓRIOS SEGMENTO MEIOS DE PAGAMENTO,2026-10-07T14:49:47-03:00,revisão documental com lacunas explícitas,"Revisão documental em 07/10/2026. O nome da carteira com 1T26 não define a vigência destas cláusulas; versões posteriores estão datadas por fonte. Não houve atualização de competência IME neste trabalho. Base principal: ID966441, 24/07/2025.",ID 966441 · 24/07/2025 · data/raw/42085830000109/966441_review_20261007.pdf,"{""inventory_count"": 108, ""downloaded_count"": 1, ""analyzable_pages"": 116}",Lacunas de acesso/extracão: ID1281928: Falha de rede ao acessar downloadDocumento: The read operation timed out
61288838000117,IFOOD PAGO CRÉDITO III FUNDO DE INVESTIMENTO EM DIREITOS CREDITÓRIOS FINANCEIRO RESP. LIMITADA,2026-10-07T16:37:58-03:00,Leitura dirigida dos documentos materiais; lacunas explícitas,Leitura dirigida de cláusulas materiais dos textos integrais extraídos dos PDFs selecionados. Inventário integral de registros quando acessível; documentos não selecionados ou não revisados permanecem disponíveis para auditoria e não foram integralmente lidos.,ID 1240846 · 03/07/2026 · data/raw/61288838000117/1240846_documentary_review.pdf; ID 1240845 · 03/07/2026 10:00 · data/raw/61288838000117/1240845_documentary_review.pdf; ID 1247950 · 14/07/2026 · data/raw/61288838000117/1247950_documentary_review.pdf,"{""inventory_count"": 39, ""pdf_count"": 5, ""pages_available"": 335, ""pages_analyzed"": ""Leitura dirigida; páginas citadas por critério, sem certificação de leitura integral"", ""documents_without_local_pdf"": 34, ""extraction_errors"": 0, ""access_errors"": 2, ""sources_consulted"": 3}",ID 1307950: Fundos.NET respondeu HTTP 520 em downloadDocumento.; ID 1307951: Fundos.NET respondeu HTTP 520 em downloadDocumento.
30035329000159,VIA INVEST II FUNDO DE INVESTIMENTO EM DIREITOS CREDITÓRIOS RESPONSABILIDADE LIMITADA,2026-10-07T16:18:13-03:00,Leitura dirigida dos documentos materiais; lacunas explícitas,Leitura dirigida de cláusulas materiais dos textos integrais extraídos dos PDFs selecionados. Inventário integral de registros quando acessível; documentos não selecionados ou não revisados permanecem disponíveis para auditoria e não foram integralmente lidos.,ID 998769 · 22/09/2025 · data/raw/30035329000159/998769_regulamento.pdf; ID 1003989 · 30/09/2025 · data/raw/30035329000159/1003989_emissao.pdf,"{""inventory_count"": 152, ""pdf_count"": 6, ""pages_available"": 191, ""pages_analyzed"": ""Leitura dirigida; páginas citadas por critério, sem certificação de leitura integral"", ""documents_without_local_pdf"": 146, ""extraction_errors"": 0, ""access_errors"": 0, ""sources_consulted"": 2}",Consultar qualificações por célula em comparison_sources.csv
63657457000193,MSV3 FUNDO DE INVESTIMENTO EM DIREITOS CREDITÓRIOS RECEBÍVEIS COMERCIAIS RESPONSABILIDADE LIMITADA,2026-10-07T16:32:19-03:00,Leitura dirigida dos documentos materiais; lacunas explícitas,Leitura dirigida de cláusulas materiais dos textos integrais extraídos dos PDFs selecionados. Inventário integral de registros quando acessível; documentos não selecionados ou não revisados permanecem disponíveis para auditoria e não foram integralmente lidos.,ID 1205333 · 27/05/2026 · data/raw/63657457000193/1205333_regulamento.pdf; ID 1149289 · 30/03/2026 · data/raw/63657457000193/1149289_emissao.pdf,"{""inventory_count"": 30, ""pdf_count"": 6, ""pages_available"": 228, ""pages_analyzed"": ""Leitura dirigida; páginas citadas por critério, sem certificação de leitura integral"", ""documents_without_local_pdf"": 24, ""extraction_errors"": 0, ""access_errors"": 0, ""sources_consulted"": 2}",Consultar qualificações por célula em comparison_sources.csv
63066147000102,FUNDO DE INVESTIMENTO EM DIREITOS CREDITÓRIOS INCLUSÃO CREDIÁRIA RESPONSABILIDADE LIMITADA,2026-10-07T16:50:54-03:00,Leitura dirigida de regulamento/atos acessíveis; lacunas qualificadas,"Revisão dirigida das fontes identificadas abaixo por CNPJ, incluindo regras e atos materiais localizados. Não se afirma leitura integral de cada registro inventariado.",ID 1198394 · 18/05/2026 13:00 · data/raw/63066147000102/1198394_documentary_review.pdf,"{""inventory_count"": 25, ""sources_consulted"": 1, ""pdf_count"": 5, ""pages_available"": 363, ""documents_without_local_pdf"": 20, ""extraction_errors"": 0, ""inventory_scope"": ""Fundos.NET ao vivo por CNPJ"", ""pages_scope"": ""Páginas com texto disponíveis localmente; leitura dirigida das cláusulas citadas. Total de páginas não comprova leitura integral."", ""extractable_pages"": 363, ""documents_with_incomplete_text"": 0}",Revisão dirigida das cláusulas materiais nas fontes acessíveis; atos e suplementos não consultados permanecem lacunas. Não se afirma leitura integral de todos os registros do inventário.
65836995000170,PNEUCASH II FUNDO DE INVESTIMENTO EM DIREITOS CREDITÓRIOS DE CLASSE ÚNICA FECHADA RESP LIMITADA,2026-10-07T16:50:54-03:00,Leitura dirigida de regulamento/atos acessíveis; lacunas qualificadas,"Revisão dirigida das fontes identificadas abaixo por CNPJ, incluindo regras e atos materiais localizados. Não se afirma leitura integral de cada registro inventariado.",ID 1326561 · 22/09/2026 10:00 · data/raw/65836995000170/1326561_documentary_review.pdf; ID 1322406 · 14/09/2026 · data/raw/65836995000170/1322406_documentary_review.pdf,"{""inventory_count"": 24, ""sources_consulted"": 2, ""pdf_count"": 5, ""pages_available"": 201, ""documents_without_local_pdf"": 19, ""extraction_errors"": 0, ""inventory_scope"": ""Fundos.NET ao vivo por CNPJ"", ""pages_scope"": ""Páginas com texto disponíveis localmente; leitura dirigida das cláusulas citadas. Total de páginas não comprova leitura integral."", ""extractable_pages"": 201, ""documents_with_incomplete_text"": 0}",Revisão dirigida das cláusulas materiais nas fontes acessíveis; atos e suplementos não consultados permanecem lacunas. Não se afirma leitura integral de todos os registros do inventário.
65873297000145,ARCELORMITTAL VÉRTICE FUNDO DE INVESTIMENTO EM DIREITOS CREDITÓRIOS COMERCIAIS - RESP LIMITADA,2026-10-07T16:32:19-03:00,Leitura dirigida dos documentos materiais; lacunas explícitas,Leitura dirigida de cláusulas materiais dos textos integrais extraídos dos PDFs selecionados. Inventário integral de registros quando acessível; documentos não selecionados ou não revisados permanecem disponíveis para auditoria e não foram integralmente lidos.,ID 1226438 · 20/05/2026 · data/raw/65873297000145/1226438_regulamento.pdf; ID 1155908 · 07/04/2026 · data/raw/65873297000145/1155908_emissao.pdf,"{""inventory_count"": 16, ""pdf_count"": 4, ""pages_available"": 150, ""pages_analyzed"": ""Leitura dirigida; páginas citadas por critério, sem certificação de leitura integral"", ""documents_without_local_pdf"": 12, ""extraction_errors"": 0, ""access_errors"": 2, ""sources_consulted"": 2}","ID 1226432: ProviderUnavailableError: Fundos.NET respondeu HTTP 502 em downloadDocumento.; ID 1159272: ProviderUnavailableError: Fundos.NET respondeu HTTP 502 em downloadDocumento.; Anúncio ID 1155908 contém CNPJ 65.897.273/0001-45, diverso do CNPJ cadastrado 65.873.297/0001-45, e administrador 33.113.876/0001-91, diferente do 36.113.876/0001-91 no regulamento. Vínculo retornado pela consulta exata não resolve a divergência do documento; oferta não atribuída definitivamente ao fundo."
65347578000164,ICRED INSS III FUNDO DE INVESTIMENTO EM DIREITOS CREDITÓRIOS RESPONSABILIDADE LIMITADA,2026-10-07T16:41:14-03:00,Revisão documental dirigida com lacunas explícitas,"Revisão dirigida das cláusulas materiais dos documentos acessíveis; texto integral extraído quando disponível. Não corresponde à leitura integral de todos os registros do inventário. Atos de emissão 1325817/1324299 e fatos relevantes 1307930/1307936 inventariados, mas não acessíveis porHTTP 520/timeout. Não concluir ausência de evento ou spread material. O nome da carteira não fixa a vigência documental; cada fonte mantém sua própria data. Não foi carregada nova competência IME.",ID 1325824 · 21/09/2026 · data/raw/65347578000164/1325824_emissao_review_20261007.pdf; ID 1324295 · 15/09/2026 · data/raw/65347578000164/1324295_regulamento_review_20261007.pdf; ID 1324293 · 15/09/2026 10:00 · data/raw/65347578000164/1324293_assembleia_review_20261007.pdf; ID 1302835 · 20/08/2026 · data/raw/65347578000164/1302835_regulamento_review_20261007.pdf,"{""inventory_count"": 29, ""pdf_count"": 4, ""pages_analyzed"": 504, ""documents_without_local_pdf"": 25, ""extraction_errors"": 4, ""download_errors"": 4, ""pdfs_without_extractable_text"": 0, ""identity_exclusions"": 0}",ID 1325817: Fundos.NET respondeu HTTP 520 em downloadDocumento.; ID 1324299: Fundos.NET respondeu HTTP 520 em downloadDocumento.; ID 1307930: Falha de rede ao acessar downloadDocumento: The read operation timed out; ID 1307936: Fundos.NET respondeu HTTP 520 em downloadDocumento.
18185812000114,GAVEA SUL FUNDO DE INVESTIMENTO EM DIREITOS CREDITÓRIOS MULTISSETORIAL LP,2026-10-07T16:29:59-03:00,Leitura documental dirigida; termos finais e qualificações descritos por critério,Inventário Fundos.NET por CNPJ e revisão dirigida de cláusulas materiais do regulamento identificado. PDFs integrais disponíveis para auditoria. Leitura integral de todo o inventário não foi realizada; documentos de oferta e fatos posteriores exigem revisão específica.,ID 1011996 · 13/10/2025 · data/raw/18185812000114/1011996_regulamento.pdf; ID 1222432 · 15/06/2026 · data/raw/18185812000114/1222432_emissao.pdf; ID 1214708 · 08/06/2026 · data/raw/18185812000114/1214708_emissao.pdf,"{""inventory_count"": 192, ""inventory_scope"": ""Consulta Fundos.NET completa por CNPJ"", ""pdf_count"": 4, ""available_regulation_pages"": 142, ""reviewed_source_documents"": 3, ""full_inventory_human_reading_claim"": false, ""sources_with_access_error"": [{""document_id"": 1324349, ""error"": ""Falha de rede ao acessar downloadDocumento: The read operation timed out""}]}","Versão documental conforme ID/data citados; o nome comercial do cadastro não confirma cedente, devedor ou garantia.; Cronogramas e spreads dependem dos suplementos efetivamente preenchidos; metas não garantem pagamento.; Consultoria fixaR$1mi/mês no documento; componentes/mínimos sobrepostos precisam de confirmação antes de calcular custo total."
49113994000141,FUNDO DE INVESTIMENTO EM DIREITOS CREDITÓRIOS CAP - RESPONSABILIDADE LIMITADA,2026-10-07T16:23:18-03:00,Leitura dirigida dos documentos materiais; lacunas explícitas,Leitura dirigida de cláusulas materiais dos textos integrais extraídos dos PDFs selecionados. Inventário integral de registros quando acessível; documentos não selecionados ou não revisados permanecem disponíveis para auditoria e não foram integralmente lidos.,ID 788104 · 22/11/2024 · data/raw/49113994000141/788104_regulamento.pdf; ID 1315226 · 08/09/2026 · data/raw/49113994000141/1315226_emissao.pdf,"{""inventory_count"": 109, ""pdf_count"": 5, ""pages_available"": 178, ""pages_analyzed"": ""Leitura dirigida; páginas citadas por critério, sem certificação de leitura integral"", ""documents_without_local_pdf"": 104, ""extraction_errors"": 0, ""access_errors"": 0, ""sources_consulted"": 2}","Corpo: 16.348 sênior, 4.352 pref. D e 2.897 HY IV; tabelas: 16.348,83/4.352,54/2.897,95. Volume declarado de R$24.589.994,31 não concilia com essas quantidades e VNU R$1.000; não certificado o valor distribuído reconciliado."
