bucket,fundos,fund_share,pl_brl,pl_share
1,975,0.2708333333333333,217579765796.53998,0.24758529275113333
2,442,0.12277777777777778,71754841821.73001,0.08165025572900401
3 a 5,686,0.19055555555555556,132963886271.21,0.15130038672148174
6 a 10,433,0.12027777777777778,120553650815.95,0.13717870694554965
11 a 50,676,0.18777777777777777,105096698509.46999,0.11959015017957386
> 50,381,0.10583333333333333,230201825349.48996,0.2619480084112908
Sem cotista positivo,7,0.0019444444444444444,656644175.4899999,0.0007471992619664982
