Tabela,Critério,CNPJ,Valor,Fonte,Nota
comparison_eligibility,Natureza dos recebíveis,50473039000102,Recebíveis de transações Mercado Pago e créditos sub-rogados pelo Mercado Crédito,"Fundos.NET ID 909547 | 19/05/2025 | Regulamento | p. 59, política/originação | data/raw/50473039000102/909547_review_20261007.pdf | https://fnet.bmfbovespa.com.br/fnet/publico/visualizarDocumento?id=909547",Resumo da versão indicada; fontesporcláusula; nenhumaexposiçãoindividualenquadradaautomaticamente.
comparison_eligibility,Natureza dos recebíveis,55471753000177,Recebíveis de transações Mercado Pago e créditos sub-rogados pelo Mercado Crédito,"Fundos.NET ID 704724 | 25/07/2024 | Regulamento | p. 63, política/originação | data/raw/55471753000177/704724_review_20261007.pdf | https://fnet.bmfbovespa.com.br/fnet/publico/visualizarDocumento?id=704724",Resumo da versão indicada; fontesporcláusula; nenhumaexposiçãoindividualenquadradaautomaticamente.
comparison_eligibility,Natureza dos recebíveis,63572282000111,Não localizado na documentação acessível,"Inventário por CNPJ 63572282000111, consulta Fundos.NET em 07/10/2026: 11 documentos listados; Falha de rede ao acessar pesquisarGerenciadorDocumentosDados: The read operation timed out; inventário local anterior preservado.  PDFs efetivamente revistos: nenhum. ID1089845: Falha de rede ao acessar downloadDocumento: The read operation timed out; ID1080490: Falha de rede ao acessar downloadDocumento: The read operation timed out; ID1104314: Falha de rede ao acessar downloadDocumento: The read operation timed out",Lacuna documental; não preencher por aproximação de nome ou por campo heurístico.
comparison_eligibility,Natureza dos recebíveis,28472333000132,CCBs de crédito parcelado e direitos PPV da plataforma Mercado Pago,data/raw/28472333000132/732140_regulamento.pdf · ID Fundos.NET 732140 · 03/09/2024 · regulamento · p. 4–7 · https://fnet.bmfbovespa.com.br/fnet/publico/visualizarDocumento?id=732140,Resumo jurídico da fonte identificada; verificar aditamentos e aplicação à série
comparison_eligibility,Natureza dos recebíveis,33254370000104,CCBs de crédito parcelado e veículos; direitos PPV futuros da plataforma Mercado Pago,data/raw/33254370000104/1128340_regulamento.pdf · ID Fundos.NET 1128340 · 03/03/2026 · regulamento · p. 7 e 10 · https://fnet.bmfbovespa.com.br/fnet/publico/visualizarDocumento?id=1128340,Resumo jurídico da fonte identificada; verificar aditamentos e aplicação à série
comparison_eligibility,Natureza dos recebíveis,37511828000114,"CCBs de crédito parcelado a consumidores e comerciantes, originadas por IFs parceiras",data/raw/37511828000114/1200490_regulamento.pdf · ID Fundos.NET 1200490 · 27/03/2026 · regulamento · p. 133 · https://fnet.bmfbovespa.com.br/fnet/publico/visualizarDocumento?id=1200490,Resumo jurídico da fonte identificada; verificar aditamentos e aplicação à série
comparison_eligibility,Natureza dos recebíveis,41970012000126,"CCBs endossadas por IF MeLi, entidades Mercado Pago e veículos do grupo",data/raw/41970012000126/1302706_regulamento.pdf · ID Fundos.NET 1302706 · 27/08/2026 · regulamento · p. 20 · https://fnet.bmfbovespa.com.br/fnet/publico/visualizarDocumento?id=1302706,Resumo jurídico da fonte identificada; verificar aditamentos e aplicação à série
comparison_eligibility,Originador/endossante,50473039000102,Estabelecimentos comerciais e Mercado Crédito,"Fundos.NET ID 909547 | 19/05/2025 | Regulamento | p. 35, definiçãocedentes | data/raw/50473039000102/909547_review_20261007.pdf | https://fnet.bmfbovespa.com.br/fnet/publico/visualizarDocumento?id=909547",Resumo da versão indicada; fontesporcláusula; nenhumaexposiçãoindividualenquadradaautomaticamente.
comparison_eligibility,Originador/endossante,55471753000177,Estabelecimentos comerciais e Mercado Crédito,"Fundos.NET ID 704724 | 25/07/2024 | Regulamento | p. 36, definiçãocedentes | data/raw/55471753000177/704724_review_20261007.pdf | https://fnet.bmfbovespa.com.br/fnet/publico/visualizarDocumento?id=704724",Resumo da versão indicada; fontesporcláusula; nenhumaexposiçãoindividualenquadradaautomaticamente.
comparison_eligibility,Originador/endossante,63572282000111,Não localizado na documentação acessível,"Inventário por CNPJ 63572282000111, consulta Fundos.NET em 07/10/2026: 11 documentos listados; Falha de rede ao acessar pesquisarGerenciadorDocumentosDados: The read operation timed out; inventário local anterior preservado.  PDFs efetivamente revistos: nenhum. ID1089845: Falha de rede ao acessar downloadDocumento: The read operation timed out; ID1080490: Falha de rede ao acessar downloadDocumento: The read operation timed out; ID1104314: Falha de rede ao acessar downloadDocumento: The read operation timed out",Lacuna documental; não preencher por aproximação de nome ou por campo heurístico.
comparison_eligibility,Originador/endossante,28472333000132,IFs parceiras originam CCBs; cedentes PPV conforme contratos,data/raw/28472333000132/732140_regulamento.pdf · ID Fundos.NET 732140 · 03/09/2024 · regulamento · p. 7 · https://fnet.bmfbovespa.com.br/fnet/publico/visualizarDocumento?id=732140,Resumo jurídico da fonte identificada; verificar aditamentos e aplicação à série
comparison_eligibility,Originador/endossante,33254370000104,Instituições financeiras parceiras originam CCBs; cedentes comerciais originam PPV,data/raw/33254370000104/1128340_regulamento.pdf · ID Fundos.NET 1128340 · 03/03/2026 · regulamento · p. 7 · https://fnet.bmfbovespa.com.br/fnet/publico/visualizarDocumento?id=1128340,Resumo jurídico da fonte identificada; verificar aditamentos e aplicação à série
comparison_eligibility,Originador/endossante,37511828000114,IFs parceiras; Mercado Pago atua como correspondente,data/raw/37511828000114/1200490_regulamento.pdf · ID Fundos.NET 1200490 · 27/03/2026 · regulamento · p. 133 · https://fnet.bmfbovespa.com.br/fnet/publico/visualizarDocumento?id=1200490,Resumo jurídico da fonte identificada; verificar aditamentos e aplicação à série
comparison_eligibility,Originador/endossante,41970012000126,IF MeLi e entidades/veículos Mercado Pago que celebraram contrato de endosso,data/raw/41970012000126/1302706_regulamento.pdf · ID Fundos.NET 1302706 · 27/08/2026 · regulamento · p. 20 · https://fnet.bmfbovespa.com.br/fnet/publico/visualizarDocumento?id=1302706,Resumo jurídico da fonte identificada; verificar aditamentos e aplicação à série
comparison_eligibility,Devedor,50473039000102,Mercado Pago IP Ltda.; CNPJ 10.573.521/0001-91,"Fundos.NET ID 909547 | 19/05/2025 | Regulamento | p. 40, definiçãodevedor | data/raw/50473039000102/909547_review_20261007.pdf | https://fnet.bmfbovespa.com.br/fnet/publico/visualizarDocumento?id=909547",Resumo da versão indicada; fontesporcláusula; nenhumaexposiçãoindividualenquadradaautomaticamente.
comparison_eligibility,Devedor,55471753000177,Mercado Pago IP Ltda.; CNPJ 10.573.521/0001-91,"Fundos.NET ID 704724 | 25/07/2024 | Regulamento | p. 42, definiçãodevedor | data/raw/55471753000177/704724_review_20261007.pdf | https://fnet.bmfbovespa.com.br/fnet/publico/visualizarDocumento?id=704724",Resumo da versão indicada; fontesporcláusula; nenhumaexposiçãoindividualenquadradaautomaticamente.
comparison_eligibility,Devedor,63572282000111,Não localizado na documentação acessível,"Inventário por CNPJ 63572282000111, consulta Fundos.NET em 07/10/2026: 11 documentos listados; Falha de rede ao acessar pesquisarGerenciadorDocumentosDados: The read operation timed out; inventário local anterior preservado.  PDFs efetivamente revistos: nenhum. ID1089845: Falha de rede ao acessar downloadDocumento: The read operation timed out; ID1080490: Falha de rede ao acessar downloadDocumento: The read operation timed out; ID1104314: Falha de rede ao acessar downloadDocumento: The read operation timed out",Lacuna documental; não preencher por aproximação de nome ou por campo heurístico.
comparison_eligibility,Devedor,28472333000132,Não localizado nas fontes acessíveis desta leitura,"Consulta Fundos.NET por CNPJ 28472333000132 em 07/10/2026; 102 registros no inventário obtido; fontes acessíveis: 732140, 681860, 448299",Lacuna documental; não equivale à inexistência da regra
comparison_eligibility,Devedor,33254370000104,PF/PJ nas CCBs; Mercado Pago nos direitos PPV,data/raw/33254370000104/1128340_regulamento.pdf · ID Fundos.NET 1128340 · 03/03/2026 · regulamento · p. 7 · https://fnet.bmfbovespa.com.br/fnet/publico/visualizarDocumento?id=1128340,Resumo jurídico da fonte identificada; verificar aditamentos e aplicação à série
comparison_eligibility,Devedor,37511828000114,Não localizado nas fontes acessíveis desta leitura,"Consulta Fundos.NET por CNPJ 37511828000114 em 07/10/2026; 75 registros no inventário anterior preservado; fontes acessíveis: 1200490, 1019776",Lacuna documental; não equivale à inexistência da regra
comparison_eligibility,Devedor,41970012000126,Não localizado nas fontes acessíveis desta leitura,"Consulta Fundos.NET por CNPJ 41970012000126 em 07/10/2026; 162 registros no inventário obtido; fontes acessíveis: 1341484, 1314682, 1302706, 1302705, 1077334, 999523",Lacuna documental; não equivale à inexistência da regra
comparison_eligibility,Garantia,50473039000102,Sem garantia de prestadores/FGC; sem garantias reais do devedor,"Fundos.NET ID 909547 | 19/05/2025 | Regulamento | p. 58, ausênciagarantias | data/raw/50473039000102/909547_review_20261007.pdf | https://fnet.bmfbovespa.com.br/fnet/publico/visualizarDocumento?id=909547",Resumo da versão indicada; fontesporcláusula; nenhumaexposiçãoindividualenquadradaautomaticamente.
comparison_eligibility,Garantia,55471753000177,Sem garantia de prestadores/FGC; sem garantias reais do devedor,"Fundos.NET ID 704724 | 25/07/2024 | Regulamento | p. 61, ausênciagarantias | data/raw/55471753000177/704724_review_20261007.pdf | https://fnet.bmfbovespa.com.br/fnet/publico/visualizarDocumento?id=704724",Resumo da versão indicada; fontesporcláusula; nenhumaexposiçãoindividualenquadradaautomaticamente.
comparison_eligibility,Garantia,63572282000111,Não localizado na documentação acessível,"Inventário por CNPJ 63572282000111, consulta Fundos.NET em 07/10/2026: 11 documentos listados; Falha de rede ao acessar pesquisarGerenciadorDocumentosDados: The read operation timed out; inventário local anterior preservado.  PDFs efetivamente revistos: nenhum. ID1089845: Falha de rede ao acessar downloadDocumento: The read operation timed out; ID1080490: Falha de rede ao acessar downloadDocumento: The read operation timed out; ID1104314: Falha de rede ao acessar downloadDocumento: The read operation timed out",Lacuna documental; não preencher por aproximação de nome ou por campo heurístico.
comparison_eligibility,Garantia,28472333000132,Não localizado nas fontes acessíveis desta leitura,"Consulta Fundos.NET por CNPJ 28472333000132 em 07/10/2026; 102 registros no inventário obtido; fontes acessíveis: 732140, 681860, 448299",Lacuna documental; não equivale à inexistência da regra
comparison_eligibility,Garantia,33254370000104,Não localizado nas fontes acessíveis desta leitura,"Consulta Fundos.NET por CNPJ 33254370000104 em 07/10/2026; 169 registros no inventário obtido; fontes acessíveis: 1219308, 1200703, 1128340, 1118467",Lacuna documental; não equivale à inexistência da regra
comparison_eligibility,Garantia,37511828000114,Não localizado nas fontes acessíveis desta leitura,"Consulta Fundos.NET por CNPJ 37511828000114 em 07/10/2026; 75 registros no inventário anterior preservado; fontes acessíveis: 1200490, 1019776",Lacuna documental; não equivale à inexistência da regra
comparison_eligibility,Garantia,41970012000126,Não localizado nas fontes acessíveis desta leitura,"Consulta Fundos.NET por CNPJ 41970012000126 em 07/10/2026; 162 registros no inventário obtido; fontes acessíveis: 1341484, 1314682, 1302706, 1302705, 1077334, 999523",Lacuna documental; não equivale à inexistência da regra
comparison_eligibility,Elegibilidade,50473039000102,BRL; créditos vincendos; devedor adimplente; controle de partes relacionadas; validação da exigibilidade na cessão,"Fundos.NET ID 909547 | 19/05/2025 | Regulamento | p. 59, elegibilidade/condiçõescessão | data/raw/50473039000102/909547_review_20261007.pdf | https://fnet.bmfbovespa.com.br/fnet/publico/visualizarDocumento?id=909547",Resumo da versão indicada; fontesporcláusula; nenhumaexposiçãoindividualenquadradaautomaticamente.
comparison_eligibility,Elegibilidade,55471753000177,BRL; créditos vincendos; devedor adimplente; controle de partes relacionadas; validação da exigibilidade na cessão,"Fundos.NET ID 704724 | 25/07/2024 | Regulamento | p. 63, elegibilidade/condiçõescessão | data/raw/55471753000177/704724_review_20261007.pdf | https://fnet.bmfbovespa.com.br/fnet/publico/visualizarDocumento?id=704724",Resumo da versão indicada; fontesporcláusula; nenhumaexposiçãoindividualenquadradaautomaticamente.
comparison_eligibility,Elegibilidade,63572282000111,Não localizado na documentação acessível,"Inventário por CNPJ 63572282000111, consulta Fundos.NET em 07/10/2026: 11 documentos listados; Falha de rede ao acessar pesquisarGerenciadorDocumentosDados: The read operation timed out; inventário local anterior preservado.  PDFs efetivamente revistos: nenhum. ID1089845: Falha de rede ao acessar downloadDocumento: The read operation timed out; ID1080490: Falha de rede ao acessar downloadDocumento: The read operation timed out; ID1104314: Falha de rede ao acessar downloadDocumento: The read operation timed out",Lacuna documental; não preencher por aproximação de nome ou por campo heurístico.
comparison_eligibility,Elegibilidade,28472333000132,Não localizado nas fontes acessíveis desta leitura,"Consulta Fundos.NET por CNPJ 28472333000132 em 07/10/2026; 102 registros no inventário obtido; fontes acessíveis: 732140, 681860, 448299",Lacuna documental; não equivale à inexistência da regra
comparison_eligibility,Elegibilidade,33254370000104,CCBs originadas por IF parceira: veículos ≤ 60 meses; demais ≤ 25 meses,data/raw/33254370000104/1128340_regulamento.pdf · ID Fundos.NET 1128340 · 03/03/2026 · regulamento · p. 10 · https://fnet.bmfbovespa.com.br/fnet/publico/visualizarDocumento?id=1128340,Resumo jurídico da fonte identificada; verificar aditamentos e aplicação à série
comparison_eligibility,Elegibilidade,37511828000114,Não localizado nas fontes acessíveis desta leitura,"Consulta Fundos.NET por CNPJ 37511828000114 em 07/10/2026; 75 registros no inventário anterior preservado; fontes acessíveis: 1200490, 1019776",Lacuna documental; não equivale à inexistência da regra
comparison_eligibility,Elegibilidade,41970012000126,Não localizado nas fontes acessíveis desta leitura,"Consulta Fundos.NET por CNPJ 41970012000126 em 07/10/2026; 162 registros no inventário obtido; fontes acessíveis: 1341484, 1314682, 1302706, 1302705, 1077334, 999523",Lacuna documental; não equivale à inexistência da regra
comparison_eligibility,Concentração,50473039000102,Devedor econômico: Mercado Pago; teto 20% do PL dispensado sob condições da classe,"Fundos.NET ID 909547 | 19/05/2025 | Regulamento | p. 58, concentração | data/raw/50473039000102/909547_review_20261007.pdf | https://fnet.bmfbovespa.com.br/fnet/publico/visualizarDocumento?id=909547",Resumo da versão indicada; fontesporcláusula; nenhumaexposiçãoindividualenquadradaautomaticamente.
comparison_eligibility,Concentração,55471753000177,Devedor econômico: Mercado Pago; teto 20% do PL dispensado sob condições da classe,"Fundos.NET ID 704724 | 25/07/2024 | Regulamento | p. 61, concentração | data/raw/55471753000177/704724_review_20261007.pdf | https://fnet.bmfbovespa.com.br/fnet/publico/visualizarDocumento?id=704724",Resumo da versão indicada; fontesporcláusula; nenhumaexposiçãoindividualenquadradaautomaticamente.
comparison_eligibility,Concentração,63572282000111,Não localizado na documentação acessível,"Inventário por CNPJ 63572282000111, consulta Fundos.NET em 07/10/2026: 11 documentos listados; Falha de rede ao acessar pesquisarGerenciadorDocumentosDados: The read operation timed out; inventário local anterior preservado.  PDFs efetivamente revistos: nenhum. ID1089845: Falha de rede ao acessar downloadDocumento: The read operation timed out; ID1080490: Falha de rede ao acessar downloadDocumento: The read operation timed out; ID1104314: Falha de rede ao acessar downloadDocumento: The read operation timed out",Lacuna documental; não preencher por aproximação de nome ou por campo heurístico.
comparison_eligibility,Concentração,28472333000132,Não localizado nas fontes acessíveis desta leitura,"Consulta Fundos.NET por CNPJ 28472333000132 em 07/10/2026; 102 registros no inventário obtido; fontes acessíveis: 732140, 681860, 448299",Lacuna documental; não equivale à inexistência da regra
comparison_eligibility,Concentração,33254370000104,Dispensa do limite por emissor; critérios individuais conforme tipo de crédito,data/raw/33254370000104/1128340_regulamento.pdf · ID Fundos.NET 1128340 · 03/03/2026 · regulamento · p. 6 · https://fnet.bmfbovespa.com.br/fnet/publico/visualizarDocumento?id=1128340,Resumo jurídico da fonte identificada; verificar aditamentos e aplicação à série
comparison_eligibility,Concentração,37511828000114,"Devedor único ≤ 0,5% dos DC; limites por produto, perfil e prazo",data/raw/37511828000114/1200490_regulamento.pdf · ID Fundos.NET 1200490 · 27/03/2026 · regulamento · p. 143 · https://fnet.bmfbovespa.com.br/fnet/publico/visualizarDocumento?id=1200490,Resumo jurídico da fonte identificada; verificar aditamentos e aplicação à série
comparison_eligibility,Concentração,41970012000126,Não localizado nas fontes acessíveis desta leitura,"Consulta Fundos.NET por CNPJ 41970012000126 em 07/10/2026; 162 registros no inventário obtido; fontes acessíveis: 1341484, 1314682, 1302706, 1302705, 1077334, 999523",Lacuna documental; não equivale à inexistência da regra
comparison_eligibility,Prazo dos recebíveis,50473039000102,"Máximo 365 dias da cessão, conforme critérios","Fundos.NET ID 909547 | 19/05/2025 | Regulamento | p. 59, elegibilidadeprazo | data/raw/50473039000102/909547_review_20261007.pdf | https://fnet.bmfbovespa.com.br/fnet/publico/visualizarDocumento?id=909547",Resumo da versão indicada; fontesporcláusula; nenhumaexposiçãoindividualenquadradaautomaticamente.
comparison_eligibility,Prazo dos recebíveis,55471753000177,"Máximo 365 dias da cessão, conforme critérios","Fundos.NET ID 704724 | 25/07/2024 | Regulamento | p. 63, elegibilidadeprazo | data/raw/55471753000177/704724_review_20261007.pdf | https://fnet.bmfbovespa.com.br/fnet/publico/visualizarDocumento?id=704724",Resumo da versão indicada; fontesporcláusula; nenhumaexposiçãoindividualenquadradaautomaticamente.
comparison_eligibility,Prazo dos recebíveis,63572282000111,Não localizado na documentação acessível,"Inventário por CNPJ 63572282000111, consulta Fundos.NET em 07/10/2026: 11 documentos listados; Falha de rede ao acessar pesquisarGerenciadorDocumentosDados: The read operation timed out; inventário local anterior preservado.  PDFs efetivamente revistos: nenhum. ID1089845: Falha de rede ao acessar downloadDocumento: The read operation timed out; ID1080490: Falha de rede ao acessar downloadDocumento: The read operation timed out; ID1104314: Falha de rede ao acessar downloadDocumento: The read operation timed out",Lacuna documental; não preencher por aproximação de nome ou por campo heurístico.
comparison_eligibility,Prazo dos recebíveis,28472333000132,Não localizado nas fontes acessíveis desta leitura,ID 732140 · 03/09/2024 · data/raw/28472333000132/732140_regulamento.pdf; ID 681860 · 17/06/2024 10:00 · data/raw/28472333000132/681860_assembleia.pdf; ID 448299 · 19/04/2023 · data/raw/28472333000132/448299_regulamento.pdf,Leitura dirigida de regulamentos completos e atos acessíveis identificados nas fontes; o inventário não foi integralmente relido. Datas documentais posteriores ao período do nome da carteira estão explicitadas.
comparison_eligibility,Prazo dos recebíveis,33254370000104,Não localizado nas fontes acessíveis desta leitura,ID 1219308 · 03/06/2026 10:00 · data/raw/33254370000104/1219308_assembleia.pdf; ID 1200703 · 20/05/2026 10:00 · data/raw/33254370000104/1200703_assembleia.pdf; ID 1128340 · 03/03/2026 · data/raw/33254370000104/1128340_regulamento.pdf; ID 1118467 · 19/02/2026 · data/raw/33254370000104/1118467_regulamento.pdf,Leitura dirigida de regulamentos completos e atos acessíveis identificados nas fontes; o inventário não foi integralmente relido. Datas documentais posteriores ao período do nome da carteira estão explicitadas.
comparison_eligibility,Prazo dos recebíveis,37511828000114,Não localizado nas fontes acessíveis desta leitura,ID 1200490 · 27/03/2026 · data/raw/37511828000114/1200490_regulamento.pdf; ID 1019776 · 20/10/2025 · data/raw/37511828000114/1019776_regulamento.pdf,Leitura dirigida de regulamentos completos e atos acessíveis identificados nas fontes; o inventário não foi integralmente relido. Datas documentais posteriores ao período do nome da carteira estão explicitadas. Inventário atual tecnicamente indisponível: Fundos.NET respondeu HTTP 520 em pesquisarGerenciadorDocumentosDados.. Inventário anterior preservado; vigência mais recente exige nova consulta.
comparison_eligibility,Prazo dos recebíveis,41970012000126,Não localizado nas fontes acessíveis desta leitura,ID 1341484 · 05/10/2026 10:00 · data/raw/41970012000126/1341484_assembleia.pdf; ID 1314682 · 10/09/2026 · data/raw/41970012000126/1314682_emissao.pdf; ID 1302706 · 27/08/2026 · data/raw/41970012000126/1302706_regulamento.pdf; ID 1302705 · 27/08/2026 10:00 · data/raw/41970012000126/1302705_assembleia.pdf; ID 1077334 · 19/12/2025 · data/raw/41970012000126/1077334_regulamento.pdf; ID 999523 · 12/06/2025 · data/raw/41970012000126/999523_emissao.pdf,Leitura dirigida de regulamentos completos e atos acessíveis identificados nas fontes; o inventário não foi integralmente relido. Datas documentais posteriores ao período do nome da carteira estão explicitadas.
comparison_eligibility,Ativos vedados,50473039000102,Operações com administrador/gestor e relacionados; cotas de fundos por eles administrados ou geridos,Fundos.NET ID 909547; referência 19/05/2025; Regulamento; p. 58; 3.4/3.4.1 (Seller I); 3.5/3.5.1 (Seller II); data/raw/50473039000102/909547_review_20261007.pdf; https://fnet.bmfbovespa.com.br/fnet/publico/visualizarDocumento?id=909547,Regra documental; validar enquadramento em dados operacionais.
comparison_eligibility,Ativos vedados,55471753000177,Operações com administrador/gestor e relacionados; cotas de fundos por eles administrados ou geridos,Fundos.NET ID 704724; referência 25/07/2024; Regulamento; p. 61; 3.4/3.4.1 (Seller I); 3.5/3.5.1 (Seller II); data/raw/55471753000177/704724_review_20261007.pdf; https://fnet.bmfbovespa.com.br/fnet/publico/visualizarDocumento?id=704724,Regra documental; validar enquadramento em dados operacionais.
comparison_eligibility,Ativos vedados,63572282000111,Não localizado na documentação acessível,"Inventário por CNPJ 63572282000111, consulta Fundos.NET em 07/10/2026: 11 documentos listados; Falha de rede ao acessar pesquisarGerenciadorDocumentosDados: The read operation timed out; inventário local anterior preservado.  PDFs efetivamente revistos: nenhum. ID1089845: Falha de rede ao acessar downloadDocumento: The read operation timed out; ID1080490: Falha de rede ao acessar downloadDocumento: The read operation timed out; ID1104314: Falha de rede ao acessar downloadDocumento: The read operation timed out",Lacuna documental; não preencher por aproximação de nome ou por campo heurístico.
comparison_eligibility,Ativos vedados,28472333000132,Não localizado nas fontes acessíveis desta leitura,ID 732140 · 03/09/2024 · data/raw/28472333000132/732140_regulamento.pdf; ID 681860 · 17/06/2024 10:00 · data/raw/28472333000132/681860_assembleia.pdf; ID 448299 · 19/04/2023 · data/raw/28472333000132/448299_regulamento.pdf,Leitura dirigida de regulamentos completos e atos acessíveis identificados nas fontes; o inventário não foi integralmente relido. Datas documentais posteriores ao período do nome da carteira estão explicitadas.
comparison_eligibility,Ativos vedados,33254370000104,Não localizado nas fontes acessíveis desta leitura,ID 1219308 · 03/06/2026 10:00 · data/raw/33254370000104/1219308_assembleia.pdf; ID 1200703 · 20/05/2026 10:00 · data/raw/33254370000104/1200703_assembleia.pdf; ID 1128340 · 03/03/2026 · data/raw/33254370000104/1128340_regulamento.pdf; ID 1118467 · 19/02/2026 · data/raw/33254370000104/1118467_regulamento.pdf,Leitura dirigida de regulamentos completos e atos acessíveis identificados nas fontes; o inventário não foi integralmente relido. Datas documentais posteriores ao período do nome da carteira estão explicitadas.
comparison_eligibility,Ativos vedados,37511828000114,Não localizado nas fontes acessíveis desta leitura,ID 1200490 · 27/03/2026 · data/raw/37511828000114/1200490_regulamento.pdf; ID 1019776 · 20/10/2025 · data/raw/37511828000114/1019776_regulamento.pdf,Leitura dirigida de regulamentos completos e atos acessíveis identificados nas fontes; o inventário não foi integralmente relido. Datas documentais posteriores ao período do nome da carteira estão explicitadas. Inventário atual tecnicamente indisponível: Fundos.NET respondeu HTTP 520 em pesquisarGerenciadorDocumentosDados.. Inventário anterior preservado; vigência mais recente exige nova consulta.
comparison_eligibility,Ativos vedados,41970012000126,Não localizado nas fontes acessíveis desta leitura,ID 1341484 · 05/10/2026 10:00 · data/raw/41970012000126/1341484_assembleia.pdf; ID 1314682 · 10/09/2026 · data/raw/41970012000126/1314682_emissao.pdf; ID 1302706 · 27/08/2026 · data/raw/41970012000126/1302706_regulamento.pdf; ID 1302705 · 27/08/2026 10:00 · data/raw/41970012000126/1302705_assembleia.pdf; ID 1077334 · 19/12/2025 · data/raw/41970012000126/1077334_regulamento.pdf; ID 999523 · 12/06/2025 · data/raw/41970012000126/999523_emissao.pdf,Leitura dirigida de regulamentos completos e atos acessíveis identificados nas fontes; o inventário não foi integralmente relido. Datas documentais posteriores ao período do nome da carteira estão explicitadas.
comparison_eligibility,Day trade,50473039000102,Não localizado nas fontes acessíveis desta leitura,ID 909547 · 19/05/2025 · data/raw/50473039000102/909547_review_20261007.pdf; ID 912093 · 26/05/2025 · data/raw/50473039000102/912093_review_20261007.pdf; ID 932137 · 04/06/2025 · data/raw/50473039000102/932137_review_20261007.pdf,"Revisão documental em 07/10/2026. O nome da carteira com 1T26 não define a vigência destas cláusulas; versões posteriores estão datadas por fonte. Não houve atualização de competência IME neste trabalho. Base principal: ID909547, 19/05/2025."
comparison_eligibility,Day trade,55471753000177,Não localizado nas fontes acessíveis desta leitura,ID 704724 · 25/07/2024 · data/raw/55471753000177/704724_review_20261007.pdf; ID 714216 · 08/08/2024 · data/raw/55471753000177/714216_review_20261007.pdf; ID 733048 · 06/09/2024 · data/raw/55471753000177/733048_review_20261007.pdf,"Revisão documental em 07/10/2026. O nome da carteira com 1T26 não define a vigência destas cláusulas; versões posteriores estão datadas por fonte. Não houve atualização de competência IME neste trabalho. Base principal: ID704724, 25/07/2024."
comparison_eligibility,Day trade,63572282000111,Não localizado nas fontes acessíveis desta leitura,Revisão documental em 07/10/2026. O nome da carteira com 1T26 não define a vigência destas cláusulas; versões posteriores estão datadas por fonte. Não houve atualização de competência IME neste trabalho.,Revisão documental em 07/10/2026. O nome da carteira com 1T26 não define a vigência destas cláusulas; versões posteriores estão datadas por fonte. Não houve atualização de competência IME neste trabalho.
comparison_eligibility,Day trade,28472333000132,Não localizado nas fontes acessíveis desta leitura,ID 732140 · 03/09/2024 · data/raw/28472333000132/732140_regulamento.pdf; ID 681860 · 17/06/2024 10:00 · data/raw/28472333000132/681860_assembleia.pdf; ID 448299 · 19/04/2023 · data/raw/28472333000132/448299_regulamento.pdf,Leitura dirigida de regulamentos completos e atos acessíveis identificados nas fontes; o inventário não foi integralmente relido. Datas documentais posteriores ao período do nome da carteira estão explicitadas.
comparison_eligibility,Day trade,33254370000104,Não localizado nas fontes acessíveis desta leitura,ID 1219308 · 03/06/2026 10:00 · data/raw/33254370000104/1219308_assembleia.pdf; ID 1200703 · 20/05/2026 10:00 · data/raw/33254370000104/1200703_assembleia.pdf; ID 1128340 · 03/03/2026 · data/raw/33254370000104/1128340_regulamento.pdf; ID 1118467 · 19/02/2026 · data/raw/33254370000104/1118467_regulamento.pdf,Leitura dirigida de regulamentos completos e atos acessíveis identificados nas fontes; o inventário não foi integralmente relido. Datas documentais posteriores ao período do nome da carteira estão explicitadas.
comparison_eligibility,Day trade,37511828000114,Operações iniciadas e encerradas no mesmo dia vedadas,data/raw/37511828000114/1200490_regulamento.pdf · ID Fundos.NET 1200490 · 27/03/2026 · regulamento · p. 50 · 5.7 · https://fnet.bmfbovespa.com.br/fnet/publico/visualizarDocumento?id=1200490,Controle documental; IME agregado não comprova a hipótese contratual.
comparison_eligibility,Day trade,41970012000126,Não localizado nas fontes acessíveis desta leitura,ID 1341484 · 05/10/2026 10:00 · data/raw/41970012000126/1341484_assembleia.pdf; ID 1314682 · 10/09/2026 · data/raw/41970012000126/1314682_emissao.pdf; ID 1302706 · 27/08/2026 · data/raw/41970012000126/1302706_regulamento.pdf; ID 1302705 · 27/08/2026 10:00 · data/raw/41970012000126/1302705_assembleia.pdf; ID 1077334 · 19/12/2025 · data/raw/41970012000126/1077334_regulamento.pdf; ID 999523 · 12/06/2025 · data/raw/41970012000126/999523_emissao.pdf,Leitura dirigida de regulamentos completos e atos acessíveis identificados nas fontes; o inventário não foi integralmente relido. Datas documentais posteriores ao período do nome da carteira estão explicitadas.
comparison_protection,Subordinação mínima,50473039000102,Júnior / PL ≥10%,"Fundos.NET ID 909547 | 19/05/2025 | Regulamento | p. 99, 8.8 índicedesubordinação | data/raw/50473039000102/909547_review_20261007.pdf | https://fnet.bmfbovespa.com.br/fnet/publico/visualizarDocumento?id=909547",Resumo da versão indicada; fontesporcláusula; nenhumaexposiçãoindividualenquadradaautomaticamente.
comparison_protection,Subordinação mínima,55471753000177,"Júnior / PL ≥33,3%","Fundos.NET ID 704724 | 25/07/2024 | Regulamento | p. 106, 8.8 índicedesubordinação | data/raw/55471753000177/704724_review_20261007.pdf | https://fnet.bmfbovespa.com.br/fnet/publico/visualizarDocumento?id=704724",Resumo da versão indicada; fontesporcláusula; nenhumaexposiçãoindividualenquadradaautomaticamente.
comparison_protection,Subordinação mínima,63572282000111,Não localizado na documentação acessível,"Inventário por CNPJ 63572282000111, consulta Fundos.NET em 07/10/2026: 11 documentos listados; Falha de rede ao acessar pesquisarGerenciadorDocumentosDados: The read operation timed out; inventário local anterior preservado.  PDFs efetivamente revistos: nenhum. ID1089845: Falha de rede ao acessar downloadDocumento: The read operation timed out; ID1080490: Falha de rede ao acessar downloadDocumento: The read operation timed out; ID1104314: Falha de rede ao acessar downloadDocumento: The read operation timed out",Lacuna documental; não preencher por aproximação de nome ou por campo heurístico.
comparison_protection,Subordinação mínima,28472333000132,Júnior/PL ≥ 30%; pode cair a 20% com rating sênior ≥ AA e atraso histórico < 7%,data/raw/28472333000132/732140_regulamento.pdf · ID Fundos.NET 732140 · 03/09/2024 · regulamento · p. 28 · https://fnet.bmfbovespa.com.br/fnet/publico/visualizarDocumento?id=732140,Resumo jurídico da fonte identificada; verificar aditamentos e aplicação à série
comparison_protection,Subordinação mínima,33254370000104,"Piso dinâmico: 25%, 30% ou 35%, conforme rentabilidade excedente média de três meses",data/raw/33254370000104/1128340_regulamento.pdf · ID Fundos.NET 1128340 · 03/03/2026 · regulamento · p. 43 · https://fnet.bmfbovespa.com.br/fnet/publico/visualizarDocumento?id=1128340,"O número 7% é rentabilidade excedente anual, não piso de subordinadas. Reconciliar índice de subordinação e base nos apêndices."
comparison_protection,Subordinação mínima,37511828000114,"Júnior ≥ 10% PL, com majorações condicionais por excesso de juros e perdas",data/raw/37511828000114/1200490_regulamento.pdf · ID Fundos.NET 1200490 · 27/03/2026 · regulamento · p. 42 · https://fnet.bmfbovespa.com.br/fnet/publico/visualizarDocumento?id=1200490,Resumo jurídico da fonte identificada; verificar aditamentos e aplicação à série
comparison_protection,Subordinação mínima,41970012000126,Júnior ≥ 10% PL; eventos de step-down majoram a proteção,data/raw/41970012000126/1302706_regulamento.pdf · ID Fundos.NET 1302706 · 27/08/2026 · regulamento · p. 32 · https://fnet.bmfbovespa.com.br/fnet/publico/visualizarDocumento?id=1302706,Resumo jurídico da fonte identificada; verificar aditamentos e aplicação à série
comparison_protection,Gatilhos de avaliação/liquidação,50473039000102,"Reservas, subordinação, cobertura, lastro, pagamentos e cross default; hipóteses e cura detalhadas abaixo",Fundos.NET ID 909547; referência 19/05/2025; Regulamento; p. 113; 12.1(i)–(iii); data/raw/50473039000102/909547_review_20261007.pdf; https://fnet.bmfbovespa.com.br/fnet/publico/visualizarDocumento?id=909547,Regra documental; validar enquadramento em dados operacionais.
comparison_protection,Gatilhos de avaliação/liquidação,55471753000177,"Reservas, subordinação, cobertura, lastro, pagamentos e cross default; hipóteses e cura detalhadas abaixo",Fundos.NET ID 704724; referência 25/07/2024; Regulamento; p. 119–120; 12.1; data/raw/55471753000177/704724_review_20261007.pdf; https://fnet.bmfbovespa.com.br/fnet/publico/visualizarDocumento?id=704724,Regra documental; validar enquadramento em dados operacionais.
comparison_protection,Gatilhos de avaliação/liquidação,63572282000111,Não localizado na documentação acessível; Não localizado na documentação acessível,"Inventário por CNPJ 63572282000111, consulta Fundos.NET em 07/10/2026: 11 documentos listados; Falha de rede ao acessar pesquisarGerenciadorDocumentosDados: The read operation timed out; inventário local anterior preservado.  PDFs efetivamente revistos: nenhum. ID1089845: Falha de rede ao acessar downloadDocumento: The read operation timed out; ID1080490: Falha de rede ao acessar downloadDocumento: The read operation timed out; ID1104314: Falha de rede ao acessar downloadDocumento: The read operation timed out",Lacuna documental; não preencher por aproximação de nome ou por campo heurístico.
comparison_protection,Gatilhos de avaliação/liquidação,28472333000132,Alocação < 50% por 30 dias; relação mínima sem cura em 30 dias; inelegibilidade sem solução em 10 dias,data/raw/28472333000132/732140_regulamento.pdf · ID Fundos.NET 732140 · 03/09/2024 · regulamento · p. 36 · https://fnet.bmfbovespa.com.br/fnet/publico/visualizarDocumento?id=732140,Resumo jurídico da fonte identificada; verificar aditamentos e aplicação à série
comparison_protection,Gatilhos de avaliação/liquidação,33254370000104,"Excesso de spread < 0,01% acelera sênior; safras de veículos: Over30 MOB3 > 5,5% ou Over60 MOB6 > 6,5% em 2 de 6 safras",data/raw/33254370000104/1128340_regulamento.pdf · ID Fundos.NET 1128340 · 03/03/2026 · regulamento · p. 50 e 55 · https://fnet.bmfbovespa.com.br/fnet/publico/visualizarDocumento?id=1128340,Resumo jurídico da fonte identificada; verificar aditamentos e aplicação à série
comparison_protection,Gatilhos de avaliação/liquidação,37511828000114,Índice histórico comerciante: avaliação 8%; amortização acelerada 7%; tabelas MOB adicionais,data/raw/37511828000114/1200490_regulamento.pdf · ID Fundos.NET 1200490 · 27/03/2026 · regulamento · p. 33 e 92 · https://fnet.bmfbovespa.com.br/fnet/publico/visualizarDocumento?id=1200490,Índice histórico e safras MOB não correspondem diretamente ao aging agregado do IME.
comparison_protection,Gatilhos de avaliação/liquidação,41970012000126,Não localizado nas fontes acessíveis desta leitura,"Consulta Fundos.NET por CNPJ 41970012000126 em 07/10/2026; 162 registros no inventário obtido; fontes acessíveis: 1341484, 1314682, 1302706, 1302705, 1077334, 999523",Lacuna documental; não equivale à inexistência da regra
comparison_protection,Reserva de caixa,50473039000102,100% da próxima amortização: acumular D-45; integral D-10,"Fundos.NET ID 909547 | 19/05/2025 | Regulamento | p. 104, 10.1.4 reservadecaixa | data/raw/50473039000102/909547_review_20261007.pdf | https://fnet.bmfbovespa.com.br/fnet/publico/visualizarDocumento?id=909547",Resumo da versão indicada; fontesporcláusula; nenhumaexposiçãoindividualenquadradaautomaticamente.
comparison_protection,Reserva de caixa,55471753000177,100% da próxima amortização: acumular D-45; integral D-10 ; remuneração D-10/integral D-5,"Fundos.NET ID 704724 | 25/07/2024 | Regulamento | p. 111, 10.1.4 reservadecaixa | data/raw/55471753000177/704724_review_20261007.pdf | https://fnet.bmfbovespa.com.br/fnet/publico/visualizarDocumento?id=704724",Resumo da versão indicada; fontesporcláusula; nenhumaexposiçãoindividualenquadradaautomaticamente.
comparison_protection,Reserva de caixa,63572282000111,Não localizado na documentação acessível,"Inventário por CNPJ 63572282000111, consulta Fundos.NET em 07/10/2026: 11 documentos listados; Falha de rede ao acessar pesquisarGerenciadorDocumentosDados: The read operation timed out; inventário local anterior preservado.  PDFs efetivamente revistos: nenhum. ID1089845: Falha de rede ao acessar downloadDocumento: The read operation timed out; ID1080490: Falha de rede ao acessar downloadDocumento: The read operation timed out; ID1104314: Falha de rede ao acessar downloadDocumento: The read operation timed out",Lacuna documental; não preencher por aproximação de nome ou por campo heurístico.
comparison_protection,Reserva de caixa,28472333000132,Reserva de amortização: valor total da 1ª série sênior em circulação + R$5 milhões,data/raw/28472333000132/732140_regulamento.pdf · ID Fundos.NET 732140 · 03/09/2024 · regulamento · p. 33 · 12.2.1 · https://fnet.bmfbovespa.com.br/fnet/publico/visualizarDocumento?id=732140,Constituição exclusivamente em ativos financeiros; não converter em percentual do PL.
comparison_protection,Reserva de caixa,33254370000104,"Reserva de remuneração sênior: remuneração + principal, quando aplicável, das próximas 3 datas",data/raw/33254370000104/1128340_regulamento.pdf · ID Fundos.NET 1128340 · 03/03/2026 · regulamento · p. 47 · 13.3 · https://fnet.bmfbovespa.com.br/fnet/publico/visualizarDocumento?id=1128340,Requer cronograma por série; caixa/PL é proxy parcial.
comparison_protection,Reserva de caixa,37511828000114,"Reserva de despesas de 0,20% PL; recompor se saldo < 50% do valor requerido",data/raw/37511828000114/1200490_regulamento.pdf · ID Fundos.NET 1200490 · 27/03/2026 · regulamento · p. 107 · https://fnet.bmfbovespa.com.br/fnet/publico/visualizarDocumento?id=1200490,Resumo jurídico da fonte identificada; verificar aditamentos e aplicação à série
comparison_protection,Reserva de caixa,41970012000126,"Reserva de despesas: 1,05% PL; recomposição diária",data/raw/41970012000126/1302706_regulamento.pdf · ID Fundos.NET 1302706 · 27/08/2026 · p. 102 · https://fnet.bmfbovespa.com.br/fnet/publico/visualizarDocumento?id=1302706,Conferir fórmula e janelas de cura no regulamento integral; proxy público agregado não valida todos os eventos.
comparison_protection,Derivativos/hedge,50473039000102,Operações em derivativos vedadas,"Fundos.NET ID 909547 | 19/05/2025 | Regulamento | p. 58, políticaderivativos | data/raw/50473039000102/909547_review_20261007.pdf | https://fnet.bmfbovespa.com.br/fnet/publico/visualizarDocumento?id=909547",Resumo da versão indicada; fontesporcláusula; nenhumaexposiçãoindividualenquadradaautomaticamente.
comparison_protection,Derivativos/hedge,55471753000177,Operações em derivativos vedadas,"Fundos.NET ID 704724 | 25/07/2024 | Regulamento | p. 61, políticaderivativos | data/raw/55471753000177/704724_review_20261007.pdf | https://fnet.bmfbovespa.com.br/fnet/publico/visualizarDocumento?id=704724",Resumo da versão indicada; fontesporcláusula; nenhumaexposiçãoindividualenquadradaautomaticamente.
comparison_protection,Derivativos/hedge,63572282000111,Não localizado na documentação acessível,"Inventário por CNPJ 63572282000111, consulta Fundos.NET em 07/10/2026: 11 documentos listados; Falha de rede ao acessar pesquisarGerenciadorDocumentosDados: The read operation timed out; inventário local anterior preservado.  PDFs efetivamente revistos: nenhum. ID1089845: Falha de rede ao acessar downloadDocumento: The read operation timed out; ID1080490: Falha de rede ao acessar downloadDocumento: The read operation timed out; ID1104314: Falha de rede ao acessar downloadDocumento: The read operation timed out",Lacuna documental; não preencher por aproximação de nome ou por campo heurístico.
comparison_protection,Derivativos/hedge,28472333000132,Divergência: cláusula 2.9 admite proteção; fator de risco afirma vedação inclusive a hedge,data/raw/28472333000132/732140_regulamento.pdf · ID Fundos.NET 732140 · 03/09/2024 · regulamento · p. 6 e 9 · https://fnet.bmfbovespa.com.br/fnet/publico/visualizarDocumento?id=732140,Não ativar controle automático antes de esclarecer a contradição no regulamento.
comparison_protection,Derivativos/hedge,33254370000104,Somente proteção ou mitigação de risco,data/raw/33254370000104/1128340_regulamento.pdf · ID Fundos.NET 1128340 · 03/03/2026 · regulamento · p. 8 · https://fnet.bmfbovespa.com.br/fnet/publico/visualizarDocumento?id=1128340,Resumo jurídico da fonte identificada; verificar aditamentos e aplicação à série
comparison_protection,Derivativos/hedge,37511828000114,Proteção patrimonial/troca de indexador sem risco de capital; proteção de posições à vista,data/raw/37511828000114/1200490_regulamento.pdf · ID Fundos.NET 1200490 · 27/03/2026 · regulamento · p. 50/112 · 5.8; 21.1.1(i) · https://fnet.bmfbovespa.com.br/fnet/publico/visualizarDocumento?id=1200490,"Validar finalidade, posição coberta e instrumento; IME oferece posição agregada."
comparison_protection,Derivativos/hedge,41970012000126,Operações em derivativos expressamente vedadas,data/raw/41970012000126/1302706_regulamento.pdf · ID Fundos.NET 1302706 · 27/08/2026 · regulamento · p. 43 · https://fnet.bmfbovespa.com.br/fnet/publico/visualizarDocumento?id=1302706,Versão agosto/2026 substitui referência heurística antiga a derivativos de liquidez até 20%.
comparison_protection,PDD,50473039000102,Gatilho contratual específico de PDD não localizado; usar PDD/crédito como indicador agregado,"Fundos.NET ID 909547 | 19/05/2025 | Regulamento | p. 1, Anexo e avaliação metodológica da revisão | data/raw/50473039000102/909547_review_20261007.pdf | https://fnet.bmfbovespa.com.br/fnet/publico/visualizarDocumento?id=909547",Sem limite automático de PDD inferido; regra contratual deve ser conciliada separadamente.
comparison_protection,PDD,55471753000177,Gatilho contratual específico de PDD não localizado; usar PDD/crédito como indicador agregado,"Fundos.NET ID 704724 | 25/07/2024 | Regulamento | p. 1, Anexo e avaliação metodológica da revisão | data/raw/55471753000177/704724_review_20261007.pdf | https://fnet.bmfbovespa.com.br/fnet/publico/visualizarDocumento?id=704724",Sem limite automático de PDD inferido; regra contratual deve ser conciliada separadamente.
comparison_protection,PDD,63572282000111,Gatilho contratual específico de PDD não localizado; usar PDD/crédito como indicador agregado,"Inventário por CNPJ 63572282000111, consulta Fundos.NET em 07/10/2026: 11 documentos listados; Falha de rede ao acessar pesquisarGerenciadorDocumentosDados: The read operation timed out; inventário local anterior preservado.  PDFs efetivamente revistos: nenhum. ID1089845: Falha de rede ao acessar downloadDocumento: The read operation timed out; ID1080490: Falha de rede ao acessar downloadDocumento: The read operation timed out; ID1104314: Falha de rede ao acessar downloadDocumento: The read operation timed out",Sem limite automático de PDD inferido; regra contratual deve ser conciliada separadamente.
comparison_protection,PDD,28472333000132,Não localizado nas fontes acessíveis desta leitura,"Consulta Fundos.NET por CNPJ 28472333000132 em 07/10/2026; 102 registros no inventário obtido; fontes acessíveis: 732140, 681860, 448299",Lacuna documental; não equivale à inexistência da regra
comparison_protection,PDD,33254370000104,Não localizado nas fontes acessíveis desta leitura,"Consulta Fundos.NET por CNPJ 33254370000104 em 07/10/2026; 169 registros no inventário obtido; fontes acessíveis: 1219308, 1200703, 1128340, 1118467",Lacuna documental; não equivale à inexistência da regra
comparison_protection,PDD,37511828000114,Não localizado nas fontes acessíveis desta leitura,"Consulta Fundos.NET por CNPJ 37511828000114 em 07/10/2026; 75 registros no inventário anterior preservado; fontes acessíveis: 1200490, 1019776",Lacuna documental; não equivale à inexistência da regra
comparison_protection,PDD,41970012000126,PDD contábil deduzida no preço da opção de compra dos créditos; limite percentual próprio não localizado,data/raw/41970012000126/1302706_regulamento.pdf · ID Fundos.NET 1302706 · 27/08/2026 · regulamento · p. 42 · 5.1.6.3 · https://fnet.bmfbovespa.com.br/fnet/publico/visualizarDocumento?id=1302706,PDD/crédito é indicador agregado; não replica evento contratual ou valor devido em cessão.
comparison_protection,Subordinação mezanino,50473039000102,Não localizado na documentação acessível,"Inventário por CNPJ 50473039000102, consulta Fundos.NET em 07/10/2026: 45 documentos listados; Fundos.NET respondeu HTTP 520 em pesquisarGerenciadorDocumentosDados.; inventário local anterior preservado.  PDFs efetivamente revistos: 909547, 912093, 932137. Não foi identificado termo específico na revisão.",Lacuna documental; não preencher por aproximação de nome ou por campo heurístico.
comparison_protection,Subordinação mezanino,55471753000177,Não localizado na documentação acessível,"Inventário por CNPJ 55471753000177, consulta Fundos.NET em 07/10/2026: 30 documentos listados; Falha de rede ao acessar pesquisarGerenciadorDocumentosDados: The read operation timed out; inventário local anterior preservado.  PDFs efetivamente revistos: 704724, 714216, 733048. Não foi identificado termo específico na revisão.",Lacuna documental; não preencher por aproximação de nome ou por campo heurístico.
comparison_protection,Subordinação mezanino,63572282000111,Não localizado na documentação acessível,"Inventário por CNPJ 63572282000111, consulta Fundos.NET em 07/10/2026: 11 documentos listados; Falha de rede ao acessar pesquisarGerenciadorDocumentosDados: The read operation timed out; inventário local anterior preservado.  PDFs efetivamente revistos: nenhum. ID1089845: Falha de rede ao acessar downloadDocumento: The read operation timed out; ID1080490: Falha de rede ao acessar downloadDocumento: The read operation timed out; ID1104314: Falha de rede ao acessar downloadDocumento: The read operation timed out",Lacuna documental; não preencher por aproximação de nome ou por campo heurístico.
comparison_protection,Subordinação mezanino,28472333000132,Não localizado nas fontes acessíveis desta leitura,ID 732140 · 03/09/2024 · data/raw/28472333000132/732140_regulamento.pdf; ID 681860 · 17/06/2024 10:00 · data/raw/28472333000132/681860_assembleia.pdf; ID 448299 · 19/04/2023 · data/raw/28472333000132/448299_regulamento.pdf,Leitura dirigida de regulamentos completos e atos acessíveis identificados nas fontes; o inventário não foi integralmente relido. Datas documentais posteriores ao período do nome da carteira estão explicitadas.
comparison_protection,Subordinação mezanino,33254370000104,Não localizado nas fontes acessíveis desta leitura,ID 1219308 · 03/06/2026 10:00 · data/raw/33254370000104/1219308_assembleia.pdf; ID 1200703 · 20/05/2026 10:00 · data/raw/33254370000104/1200703_assembleia.pdf; ID 1128340 · 03/03/2026 · data/raw/33254370000104/1128340_regulamento.pdf; ID 1118467 · 19/02/2026 · data/raw/33254370000104/1118467_regulamento.pdf,Leitura dirigida de regulamentos completos e atos acessíveis identificados nas fontes; o inventário não foi integralmente relido. Datas documentais posteriores ao período do nome da carteira estão explicitadas.
comparison_protection,Subordinação mezanino,37511828000114,Não localizado nas fontes acessíveis desta leitura,ID 1200490 · 27/03/2026 · data/raw/37511828000114/1200490_regulamento.pdf; ID 1019776 · 20/10/2025 · data/raw/37511828000114/1019776_regulamento.pdf,Leitura dirigida de regulamentos completos e atos acessíveis identificados nas fontes; o inventário não foi integralmente relido. Datas documentais posteriores ao período do nome da carteira estão explicitadas. Inventário atual tecnicamente indisponível: Fundos.NET respondeu HTTP 520 em pesquisarGerenciadorDocumentosDados.. Inventário anterior preservado; vigência mais recente exige nova consulta.
comparison_protection,Subordinação mezanino,41970012000126,Não localizado nas fontes acessíveis desta leitura,ID 1341484 · 05/10/2026 10:00 · data/raw/41970012000126/1341484_assembleia.pdf; ID 1314682 · 10/09/2026 · data/raw/41970012000126/1314682_emissao.pdf; ID 1302706 · 27/08/2026 · data/raw/41970012000126/1302706_regulamento.pdf; ID 1302705 · 27/08/2026 10:00 · data/raw/41970012000126/1302705_assembleia.pdf; ID 1077334 · 19/12/2025 · data/raw/41970012000126/1077334_regulamento.pdf; ID 999523 · 12/06/2025 · data/raw/41970012000126/999523_emissao.pdf,Leitura dirigida de regulamentos completos e atos acessíveis identificados nas fontes; o inventário não foi integralmente relido. Datas documentais posteriores ao período do nome da carteira estão explicitadas.
comparison_protection,Eventos de avaliação,50473039000102,"Reservas, subordinação, prestação/lastro, solvência e obrigações de Mercado Pago/Mercado Crédito","Fundos.NET ID 909547 | 19/05/2025 | Regulamento | p. 107, eventosavaliação | data/raw/50473039000102/909547_review_20261007.pdf | https://fnet.bmfbovespa.com.br/fnet/publico/visualizarDocumento?id=909547",Parte dos eventos depende de comunicação do cedente/devedor; IME público não os replica.
comparison_protection,Eventos de avaliação,55471753000177,"Reservas, subordinação, prestação/lastro, solvência e obrigações de Mercado Pago/Mercado Crédito","Fundos.NET ID 704724 | 25/07/2024 | Regulamento | p. 113, eventosavaliação | data/raw/55471753000177/704724_review_20261007.pdf | https://fnet.bmfbovespa.com.br/fnet/publico/visualizarDocumento?id=704724",Parte dos eventos depende de comunicação do cedente/devedor; IME público não os replica.
comparison_protection,Eventos de avaliação,63572282000111,Não localizado na documentação acessível,"Inventário por CNPJ 63572282000111, consulta Fundos.NET em 07/10/2026: 11 documentos listados; Falha de rede ao acessar pesquisarGerenciadorDocumentosDados: The read operation timed out; inventário local anterior preservado.  PDFs efetivamente revistos: nenhum. ID1089845: Falha de rede ao acessar downloadDocumento: The read operation timed out; ID1080490: Falha de rede ao acessar downloadDocumento: The read operation timed out; ID1104314: Falha de rede ao acessar downloadDocumento: The read operation timed out",Lacuna documental; não preencher por aproximação de nome ou por campo heurístico.
comparison_protection,Eventos de avaliação,28472333000132,Não localizado nas fontes acessíveis desta leitura,ID 732140 · 03/09/2024 · data/raw/28472333000132/732140_regulamento.pdf; ID 681860 · 17/06/2024 10:00 · data/raw/28472333000132/681860_assembleia.pdf; ID 448299 · 19/04/2023 · data/raw/28472333000132/448299_regulamento.pdf,Leitura dirigida de regulamentos completos e atos acessíveis identificados nas fontes; o inventário não foi integralmente relido. Datas documentais posteriores ao período do nome da carteira estão explicitadas.
comparison_protection,Eventos de avaliação,33254370000104,Não localizado nas fontes acessíveis desta leitura,ID 1219308 · 03/06/2026 10:00 · data/raw/33254370000104/1219308_assembleia.pdf; ID 1200703 · 20/05/2026 10:00 · data/raw/33254370000104/1200703_assembleia.pdf; ID 1128340 · 03/03/2026 · data/raw/33254370000104/1128340_regulamento.pdf; ID 1118467 · 19/02/2026 · data/raw/33254370000104/1118467_regulamento.pdf,Leitura dirigida de regulamentos completos e atos acessíveis identificados nas fontes; o inventário não foi integralmente relido. Datas documentais posteriores ao período do nome da carteira estão explicitadas.
comparison_protection,Eventos de avaliação,37511828000114,Não localizado nas fontes acessíveis desta leitura,ID 1200490 · 27/03/2026 · data/raw/37511828000114/1200490_regulamento.pdf; ID 1019776 · 20/10/2025 · data/raw/37511828000114/1019776_regulamento.pdf,Leitura dirigida de regulamentos completos e atos acessíveis identificados nas fontes; o inventário não foi integralmente relido. Datas documentais posteriores ao período do nome da carteira estão explicitadas. Inventário atual tecnicamente indisponível: Fundos.NET respondeu HTTP 520 em pesquisarGerenciadorDocumentosDados.. Inventário anterior preservado; vigência mais recente exige nova consulta.
comparison_protection,Eventos de avaliação,41970012000126,Não localizado nas fontes acessíveis desta leitura,ID 1341484 · 05/10/2026 10:00 · data/raw/41970012000126/1341484_assembleia.pdf; ID 1314682 · 10/09/2026 · data/raw/41970012000126/1314682_emissao.pdf; ID 1302706 · 27/08/2026 · data/raw/41970012000126/1302706_regulamento.pdf; ID 1302705 · 27/08/2026 10:00 · data/raw/41970012000126/1302705_assembleia.pdf; ID 1077334 · 19/12/2025 · data/raw/41970012000126/1077334_regulamento.pdf; ID 999523 · 12/06/2025 · data/raw/41970012000126/999523_emissao.pdf,Leitura dirigida de regulamentos completos e atos acessíveis identificados nas fontes; o inventário não foi integralmente relido. Datas documentais posteriores ao período do nome da carteira estão explicitadas.
comparison_protection,Liquidação antecipada,50473039000102,Pagamento sênior não sanado em 2 DU; avaliação convertida em liquidação; inexigibilidade do lastro >45 dias,Fundos.NET ID 909547; referência 19/05/2025; Regulamento; p. 113; 12.1(i)–(iii); data/raw/50473039000102/909547_review_20261007.pdf; https://fnet.bmfbovespa.com.br/fnet/publico/visualizarDocumento?id=909547,Liquidação sujeita a deliberação em assembleia; demais hipóteses nos itens seguintes.
comparison_protection,Liquidação antecipada,55471753000177,Pagamento de cotas não sanado em 2 DU; lastro inexigível >15 dias; inadimplência ≥R$5 mi com cura contratual,Fundos.NET ID 704724; referência 25/07/2024; Regulamento; p. 119–120; 12.1; data/raw/55471753000177/704724_review_20261007.pdf; https://fnet.bmfbovespa.com.br/fnet/publico/visualizarDocumento?id=704724,Liquidação sujeita a deliberação em assembleia; inclui insolvência do devedor/Mercado Crédito e substituição de prestadores.
comparison_protection,Liquidação antecipada,63572282000111,Não localizado na documentação acessível,"Inventário por CNPJ 63572282000111, consulta Fundos.NET em 07/10/2026: 11 documentos listados; Falha de rede ao acessar pesquisarGerenciadorDocumentosDados: The read operation timed out; inventário local anterior preservado.  PDFs efetivamente revistos: nenhum. ID1089845: Falha de rede ao acessar downloadDocumento: The read operation timed out; ID1080490: Falha de rede ao acessar downloadDocumento: The read operation timed out; ID1104314: Falha de rede ao acessar downloadDocumento: The read operation timed out",Lacuna documental; não preencher por aproximação de nome ou por campo heurístico.
comparison_protection,Liquidação antecipada,28472333000132,Não localizado nas fontes acessíveis desta leitura,ID 732140 · 03/09/2024 · data/raw/28472333000132/732140_regulamento.pdf; ID 681860 · 17/06/2024 10:00 · data/raw/28472333000132/681860_assembleia.pdf; ID 448299 · 19/04/2023 · data/raw/28472333000132/448299_regulamento.pdf,Leitura dirigida de regulamentos completos e atos acessíveis identificados nas fontes; o inventário não foi integralmente relido. Datas documentais posteriores ao período do nome da carteira estão explicitadas.
comparison_protection,Liquidação antecipada,33254370000104,Não localizado nas fontes acessíveis desta leitura,ID 1219308 · 03/06/2026 10:00 · data/raw/33254370000104/1219308_assembleia.pdf; ID 1200703 · 20/05/2026 10:00 · data/raw/33254370000104/1200703_assembleia.pdf; ID 1128340 · 03/03/2026 · data/raw/33254370000104/1128340_regulamento.pdf; ID 1118467 · 19/02/2026 · data/raw/33254370000104/1118467_regulamento.pdf,Leitura dirigida de regulamentos completos e atos acessíveis identificados nas fontes; o inventário não foi integralmente relido. Datas documentais posteriores ao período do nome da carteira estão explicitadas.
comparison_protection,Liquidação antecipada,37511828000114,Não localizado nas fontes acessíveis desta leitura,ID 1200490 · 27/03/2026 · data/raw/37511828000114/1200490_regulamento.pdf; ID 1019776 · 20/10/2025 · data/raw/37511828000114/1019776_regulamento.pdf,Leitura dirigida de regulamentos completos e atos acessíveis identificados nas fontes; o inventário não foi integralmente relido. Datas documentais posteriores ao período do nome da carteira estão explicitadas. Inventário atual tecnicamente indisponível: Fundos.NET respondeu HTTP 520 em pesquisarGerenciadorDocumentosDados.. Inventário anterior preservado; vigência mais recente exige nova consulta.
comparison_protection,Liquidação antecipada,41970012000126,Não localizado nas fontes acessíveis desta leitura,ID 1341484 · 05/10/2026 10:00 · data/raw/41970012000126/1341484_assembleia.pdf; ID 1314682 · 10/09/2026 · data/raw/41970012000126/1314682_emissao.pdf; ID 1302706 · 27/08/2026 · data/raw/41970012000126/1302706_regulamento.pdf; ID 1302705 · 27/08/2026 10:00 · data/raw/41970012000126/1302705_assembleia.pdf; ID 1077334 · 19/12/2025 · data/raw/41970012000126/1077334_regulamento.pdf; ID 999523 · 12/06/2025 · data/raw/41970012000126/999523_emissao.pdf,Leitura dirigida de regulamentos completos e atos acessíveis identificados nas fontes; o inventário não foi integralmente relido. Datas documentais posteriores ao período do nome da carteira estão explicitadas.
comparison_protection,Reserva de despesas,50473039000102,3 meses de despesas ordinárias estimadas,"Fundos.NET ID 909547 | 19/05/2025 | Regulamento | p. 103, 10.1 reservadeliquidez | data/raw/50473039000102/909547_review_20261007.pdf | https://fnet.bmfbovespa.com.br/fnet/publico/visualizarDocumento?id=909547",Resumo da versão indicada; fontesporcláusula; nenhumaexposiçãoindividualenquadradaautomaticamente.
comparison_protection,Reserva de despesas,55471753000177,3 meses de despesas ordinárias estimadas,"Fundos.NET ID 704724 | 25/07/2024 | Regulamento | p. 110, 10.1 reservadeliquidez | data/raw/55471753000177/704724_review_20261007.pdf | https://fnet.bmfbovespa.com.br/fnet/publico/visualizarDocumento?id=704724",Resumo da versão indicada; fontesporcláusula; nenhumaexposiçãoindividualenquadradaautomaticamente.
comparison_protection,Reserva de despesas,63572282000111,Não localizado na documentação acessível,"Inventário por CNPJ 63572282000111, consulta Fundos.NET em 07/10/2026: 11 documentos listados; Falha de rede ao acessar pesquisarGerenciadorDocumentosDados: The read operation timed out; inventário local anterior preservado.  PDFs efetivamente revistos: nenhum. ID1089845: Falha de rede ao acessar downloadDocumento: The read operation timed out; ID1080490: Falha de rede ao acessar downloadDocumento: The read operation timed out; ID1104314: Falha de rede ao acessar downloadDocumento: The read operation timed out",Lacuna documental; não preencher por aproximação de nome ou por campo heurístico.
comparison_protection,Reserva de despesas,28472333000132,Não localizado nas fontes acessíveis desta leitura,ID 732140 · 03/09/2024 · data/raw/28472333000132/732140_regulamento.pdf; ID 681860 · 17/06/2024 10:00 · data/raw/28472333000132/681860_assembleia.pdf; ID 448299 · 19/04/2023 · data/raw/28472333000132/448299_regulamento.pdf,Leitura dirigida de regulamentos completos e atos acessíveis identificados nas fontes; o inventário não foi integralmente relido. Datas documentais posteriores ao período do nome da carteira estão explicitadas.
comparison_protection,Reserva de despesas,33254370000104,Não localizado nas fontes acessíveis desta leitura,ID 1219308 · 03/06/2026 10:00 · data/raw/33254370000104/1219308_assembleia.pdf; ID 1200703 · 20/05/2026 10:00 · data/raw/33254370000104/1200703_assembleia.pdf; ID 1128340 · 03/03/2026 · data/raw/33254370000104/1128340_regulamento.pdf; ID 1118467 · 19/02/2026 · data/raw/33254370000104/1118467_regulamento.pdf,Leitura dirigida de regulamentos completos e atos acessíveis identificados nas fontes; o inventário não foi integralmente relido. Datas documentais posteriores ao período do nome da carteira estão explicitadas.
comparison_protection,Reserva de despesas,37511828000114,Não localizado nas fontes acessíveis desta leitura,ID 1200490 · 27/03/2026 · data/raw/37511828000114/1200490_regulamento.pdf; ID 1019776 · 20/10/2025 · data/raw/37511828000114/1019776_regulamento.pdf,Leitura dirigida de regulamentos completos e atos acessíveis identificados nas fontes; o inventário não foi integralmente relido. Datas documentais posteriores ao período do nome da carteira estão explicitadas. Inventário atual tecnicamente indisponível: Fundos.NET respondeu HTTP 520 em pesquisarGerenciadorDocumentosDados.. Inventário anterior preservado; vigência mais recente exige nova consulta.
comparison_protection,Reserva de despesas,41970012000126,Não localizado nas fontes acessíveis desta leitura,ID 1341484 · 05/10/2026 10:00 · data/raw/41970012000126/1341484_assembleia.pdf; ID 1314682 · 10/09/2026 · data/raw/41970012000126/1314682_emissao.pdf; ID 1302706 · 27/08/2026 · data/raw/41970012000126/1302706_regulamento.pdf; ID 1302705 · 27/08/2026 10:00 · data/raw/41970012000126/1302705_assembleia.pdf; ID 1077334 · 19/12/2025 · data/raw/41970012000126/1077334_regulamento.pdf; ID 999523 · 12/06/2025 · data/raw/41970012000126/999523_emissao.pdf,Leitura dirigida de regulamentos completos e atos acessíveis identificados nas fontes; o inventário não foi integralmente relido. Datas documentais posteriores ao período do nome da carteira estão explicitadas.
comparison_protection,Cross default,50473039000102,MercadoLibre: terceiros >US$75 mi; grupo Brasil >R$150 mi; cura 10 DU ou prazo contratual aplicável,Fundos.NET ID 909547; referência 19/05/2025; Regulamento; p. 111; 11.1(xxix)–(xxx); data/raw/50473039000102/909547_review_20261007.pdf; https://fnet.bmfbovespa.com.br/fnet/publico/visualizarDocumento?id=909547,"Obrigações perante cotistas seniores também previstas; evento de avaliação, sem equivalência a atraso no IME."
comparison_protection,Cross default,55471753000177,MercadoLibre: terceiros >US$75 mi; grupo Brasil >R$150 mi; cura 5 DU ou prazo contratual aplicável,Fundos.NET ID 704724; referência 25/07/2024; Regulamento; p. 117; 11.1(xxviii)–(xxix); data/raw/55471753000177/704724_review_20261007.pdf; https://fnet.bmfbovespa.com.br/fnet/publico/visualizarDocumento?id=704724,Evento de avaliação documental; devedor e grupo econômico exigem acompanhamento próprio.
comparison_protection,Cross default,63572282000111,Não localizado nas fontes acessíveis desta leitura,Revisão documental em 07/10/2026. O nome da carteira com 1T26 não define a vigência destas cláusulas; versões posteriores estão datadas por fonte. Não houve atualização de competência IME neste trabalho.,Revisão documental em 07/10/2026. O nome da carteira com 1T26 não define a vigência destas cláusulas; versões posteriores estão datadas por fonte. Não houve atualização de competência IME neste trabalho.
comparison_protection,Cross default,28472333000132,Não localizado nas fontes acessíveis desta leitura,ID 732140 · 03/09/2024 · data/raw/28472333000132/732140_regulamento.pdf; ID 681860 · 17/06/2024 10:00 · data/raw/28472333000132/681860_assembleia.pdf; ID 448299 · 19/04/2023 · data/raw/28472333000132/448299_regulamento.pdf,Leitura dirigida de regulamentos completos e atos acessíveis identificados nas fontes; o inventário não foi integralmente relido. Datas documentais posteriores ao período do nome da carteira estão explicitadas.
comparison_protection,Cross default,33254370000104,Não localizado nas fontes acessíveis desta leitura,ID 1219308 · 03/06/2026 10:00 · data/raw/33254370000104/1219308_assembleia.pdf; ID 1200703 · 20/05/2026 10:00 · data/raw/33254370000104/1200703_assembleia.pdf; ID 1128340 · 03/03/2026 · data/raw/33254370000104/1128340_regulamento.pdf; ID 1118467 · 19/02/2026 · data/raw/33254370000104/1118467_regulamento.pdf,Leitura dirigida de regulamentos completos e atos acessíveis identificados nas fontes; o inventário não foi integralmente relido. Datas documentais posteriores ao período do nome da carteira estão explicitadas.
comparison_protection,Cross default,37511828000114,Endividamento do Mercado Pago: inadimplemento/aceleração >US$75 milhões; observar cura,data/raw/37511828000114/1200490_regulamento.pdf · ID Fundos.NET 1200490 · 27/03/2026 · regulamento · p. 88 · 13.1(xviii) · https://fnet.bmfbovespa.com.br/fnet/publico/visualizarDocumento?id=1200490,"Extenso informa setenta e cinco milhões; numeral extraído “US$75.000.00,00” está malformado. Confirmar instrumento antes de alerta automático."
comparison_protection,Cross default,41970012000126,Não localizado nas fontes acessíveis desta leitura,ID 1341484 · 05/10/2026 10:00 · data/raw/41970012000126/1341484_assembleia.pdf; ID 1314682 · 10/09/2026 · data/raw/41970012000126/1314682_emissao.pdf; ID 1302706 · 27/08/2026 · data/raw/41970012000126/1302706_regulamento.pdf; ID 1302705 · 27/08/2026 10:00 · data/raw/41970012000126/1302705_assembleia.pdf; ID 1077334 · 19/12/2025 · data/raw/41970012000126/1077334_regulamento.pdf; ID 999523 · 12/06/2025 · data/raw/41970012000126/999523_emissao.pdf,Leitura dirigida de regulamentos completos e atos acessíveis identificados nas fontes; o inventário não foi integralmente relido. Datas documentais posteriores ao período do nome da carteira estão explicitadas.
comparison_protection,Índice de cobertura,50473039000102,Sênior/mezanino: enquadramento mensal; 3 datas de aniversário consecutivas desenquadradas geram medidas,Fundos.NET ID 909547; referência 19/05/2025; Regulamento; p. 61; 3.9.6/3.9.6.1; data/raw/50473039000102/909547_review_20261007.pdf; https://fnet.bmfbovespa.com.br/fnet/publico/visualizarDocumento?id=909547,Parâmetro e fórmula completos não localizados na revisão desta versão; não atribuir piso de outra estrutura.
comparison_protection,Índice de cobertura,55471753000177,"Sênior/mezanino ≥1,00; avaliação após 2 referências consecutivas ou 4 alternadas em 12 meses",Fundos.NET ID 704724; referência 25/07/2024; Regulamento; p. 117/136; 11.1(xxvi); Suplemento I; data/raw/55471753000177/704724_review_20261007.pdf; https://fnet.bmfbovespa.com.br/fnet/publico/visualizarDocumento?id=704724,"Usa valor presente, potencial de aquisição, ponderação, disponibilidades e comissões; IME agregado não replica."
comparison_protection,Índice de cobertura,63572282000111,Não localizado nas fontes acessíveis desta leitura,Revisão documental em 07/10/2026. O nome da carteira com 1T26 não define a vigência destas cláusulas; versões posteriores estão datadas por fonte. Não houve atualização de competência IME neste trabalho.,Revisão documental em 07/10/2026. O nome da carteira com 1T26 não define a vigência destas cláusulas; versões posteriores estão datadas por fonte. Não houve atualização de competência IME neste trabalho.
comparison_protection,Índice de cobertura,28472333000132,Não localizado nas fontes acessíveis desta leitura,ID 732140 · 03/09/2024 · data/raw/28472333000132/732140_regulamento.pdf; ID 681860 · 17/06/2024 10:00 · data/raw/28472333000132/681860_assembleia.pdf; ID 448299 · 19/04/2023 · data/raw/28472333000132/448299_regulamento.pdf,Leitura dirigida de regulamentos completos e atos acessíveis identificados nas fontes; o inventário não foi integralmente relido. Datas documentais posteriores ao período do nome da carteira estão explicitadas.
comparison_protection,Índice de cobertura,33254370000104,Não localizado nas fontes acessíveis desta leitura,ID 1219308 · 03/06/2026 10:00 · data/raw/33254370000104/1219308_assembleia.pdf; ID 1200703 · 20/05/2026 10:00 · data/raw/33254370000104/1200703_assembleia.pdf; ID 1128340 · 03/03/2026 · data/raw/33254370000104/1128340_regulamento.pdf; ID 1118467 · 19/02/2026 · data/raw/33254370000104/1118467_regulamento.pdf,Leitura dirigida de regulamentos completos e atos acessíveis identificados nas fontes; o inventário não foi integralmente relido. Datas documentais posteriores ao período do nome da carteira estão explicitadas.
comparison_protection,Índice de cobertura,37511828000114,Não localizado nas fontes acessíveis desta leitura,ID 1200490 · 27/03/2026 · data/raw/37511828000114/1200490_regulamento.pdf; ID 1019776 · 20/10/2025 · data/raw/37511828000114/1019776_regulamento.pdf,Leitura dirigida de regulamentos completos e atos acessíveis identificados nas fontes; o inventário não foi integralmente relido. Datas documentais posteriores ao período do nome da carteira estão explicitadas. Inventário atual tecnicamente indisponível: Fundos.NET respondeu HTTP 520 em pesquisarGerenciadorDocumentosDados.. Inventário anterior preservado; vigência mais recente exige nova consulta.
comparison_protection,Índice de cobertura,41970012000126,Não localizado nas fontes acessíveis desta leitura,ID 1341484 · 05/10/2026 10:00 · data/raw/41970012000126/1341484_assembleia.pdf; ID 1314682 · 10/09/2026 · data/raw/41970012000126/1314682_emissao.pdf; ID 1302706 · 27/08/2026 · data/raw/41970012000126/1302706_regulamento.pdf; ID 1302705 · 27/08/2026 10:00 · data/raw/41970012000126/1302705_assembleia.pdf; ID 1077334 · 19/12/2025 · data/raw/41970012000126/1077334_regulamento.pdf; ID 999523 · 12/06/2025 · data/raw/41970012000126/999523_emissao.pdf,Leitura dirigida de regulamentos completos e atos acessíveis identificados nas fontes; o inventário não foi integralmente relido. Datas documentais posteriores ao período do nome da carteira estão explicitadas.
comparison_protection,Índice de liquidez,50473039000102,Não localizado nas fontes acessíveis desta leitura,ID 909547 · 19/05/2025 · data/raw/50473039000102/909547_review_20261007.pdf; ID 912093 · 26/05/2025 · data/raw/50473039000102/912093_review_20261007.pdf; ID 932137 · 04/06/2025 · data/raw/50473039000102/932137_review_20261007.pdf,"Revisão documental em 07/10/2026. O nome da carteira com 1T26 não define a vigência destas cláusulas; versões posteriores estão datadas por fonte. Não houve atualização de competência IME neste trabalho. Base principal: ID909547, 19/05/2025."
comparison_protection,Índice de liquidez,55471753000177,"≥1,00 pro forma para novas emissões; fluxos a CDI, potencial de aquisição e despesas na fórmula",Fundos.NET ID 704724; referência 25/07/2024; Regulamento; p. 104/137; 8.1.22(iv); Suplemento I; data/raw/55471753000177/704724_review_20261007.pdf; https://fnet.bmfbovespa.com.br/fnet/publico/visualizarDocumento?id=704724,Validação manual com projeções de recebíveis/cotas e horizonte de liquidez; caixa/PL é proxy parcial.
comparison_protection,Índice de liquidez,63572282000111,Não localizado nas fontes acessíveis desta leitura,Revisão documental em 07/10/2026. O nome da carteira com 1T26 não define a vigência destas cláusulas; versões posteriores estão datadas por fonte. Não houve atualização de competência IME neste trabalho.,Revisão documental em 07/10/2026. O nome da carteira com 1T26 não define a vigência destas cláusulas; versões posteriores estão datadas por fonte. Não houve atualização de competência IME neste trabalho.
comparison_protection,Índice de liquidez,28472333000132,Não localizado nas fontes acessíveis desta leitura,ID 732140 · 03/09/2024 · data/raw/28472333000132/732140_regulamento.pdf; ID 681860 · 17/06/2024 10:00 · data/raw/28472333000132/681860_assembleia.pdf; ID 448299 · 19/04/2023 · data/raw/28472333000132/448299_regulamento.pdf,Leitura dirigida de regulamentos completos e atos acessíveis identificados nas fontes; o inventário não foi integralmente relido. Datas documentais posteriores ao período do nome da carteira estão explicitadas.
comparison_protection,Índice de liquidez,33254370000104,Não localizado nas fontes acessíveis desta leitura,ID 1219308 · 03/06/2026 10:00 · data/raw/33254370000104/1219308_assembleia.pdf; ID 1200703 · 20/05/2026 10:00 · data/raw/33254370000104/1200703_assembleia.pdf; ID 1128340 · 03/03/2026 · data/raw/33254370000104/1128340_regulamento.pdf; ID 1118467 · 19/02/2026 · data/raw/33254370000104/1118467_regulamento.pdf,Leitura dirigida de regulamentos completos e atos acessíveis identificados nas fontes; o inventário não foi integralmente relido. Datas documentais posteriores ao período do nome da carteira estão explicitadas.
comparison_protection,Índice de liquidez,37511828000114,Não localizado nas fontes acessíveis desta leitura,ID 1200490 · 27/03/2026 · data/raw/37511828000114/1200490_regulamento.pdf; ID 1019776 · 20/10/2025 · data/raw/37511828000114/1019776_regulamento.pdf,Leitura dirigida de regulamentos completos e atos acessíveis identificados nas fontes; o inventário não foi integralmente relido. Datas documentais posteriores ao período do nome da carteira estão explicitadas. Inventário atual tecnicamente indisponível: Fundos.NET respondeu HTTP 520 em pesquisarGerenciadorDocumentosDados.. Inventário anterior preservado; vigência mais recente exige nova consulta.
comparison_protection,Índice de liquidez,41970012000126,Não localizado nas fontes acessíveis desta leitura,ID 1341484 · 05/10/2026 10:00 · data/raw/41970012000126/1341484_assembleia.pdf; ID 1314682 · 10/09/2026 · data/raw/41970012000126/1314682_emissao.pdf; ID 1302706 · 27/08/2026 · data/raw/41970012000126/1302706_regulamento.pdf; ID 1302705 · 27/08/2026 10:00 · data/raw/41970012000126/1302705_assembleia.pdf; ID 1077334 · 19/12/2025 · data/raw/41970012000126/1077334_regulamento.pdf; ID 999523 · 12/06/2025 · data/raw/41970012000126/999523_emissao.pdf,Leitura dirigida de regulamentos completos e atos acessíveis identificados nas fontes; o inventário não foi integralmente relido. Datas documentais posteriores ao período do nome da carteira estão explicitadas.
comparison_protection,Devolução de pagamentos,50473039000102,Não localizado nas fontes acessíveis desta leitura,ID 909547 · 19/05/2025 · data/raw/50473039000102/909547_review_20261007.pdf; ID 912093 · 26/05/2025 · data/raw/50473039000102/912093_review_20261007.pdf; ID 932137 · 04/06/2025 · data/raw/50473039000102/932137_review_20261007.pdf,"Revisão documental em 07/10/2026. O nome da carteira com 1T26 não define a vigência destas cláusulas; versões posteriores estão datadas por fonte. Não houve atualização de competência IME neste trabalho. Base principal: ID909547, 19/05/2025."
comparison_protection,Devolução de pagamentos,55471753000177,>4% por 2 meses consecutivos ou 3 alternados em 12 meses; ou >5% em qualquer mês,Fundos.NET ID 704724; referência 25/07/2024; Regulamento; p. 136; Suplemento I; data/raw/55471753000177/704724_review_20261007.pdf; https://fnet.bmfbovespa.com.br/fnet/publico/visualizarDocumento?id=704724,Face devolvida no mês anterior / PL do último DU anterior; motivo jurídico e base não equivalem a recompras/crédito do IME.
comparison_protection,Devolução de pagamentos,63572282000111,Não localizado nas fontes acessíveis desta leitura,Revisão documental em 07/10/2026. O nome da carteira com 1T26 não define a vigência destas cláusulas; versões posteriores estão datadas por fonte. Não houve atualização de competência IME neste trabalho.,Revisão documental em 07/10/2026. O nome da carteira com 1T26 não define a vigência destas cláusulas; versões posteriores estão datadas por fonte. Não houve atualização de competência IME neste trabalho.
comparison_protection,Devolução de pagamentos,28472333000132,Não localizado nas fontes acessíveis desta leitura,ID 732140 · 03/09/2024 · data/raw/28472333000132/732140_regulamento.pdf; ID 681860 · 17/06/2024 10:00 · data/raw/28472333000132/681860_assembleia.pdf; ID 448299 · 19/04/2023 · data/raw/28472333000132/448299_regulamento.pdf,Leitura dirigida de regulamentos completos e atos acessíveis identificados nas fontes; o inventário não foi integralmente relido. Datas documentais posteriores ao período do nome da carteira estão explicitadas.
comparison_protection,Devolução de pagamentos,33254370000104,Não localizado nas fontes acessíveis desta leitura,ID 1219308 · 03/06/2026 10:00 · data/raw/33254370000104/1219308_assembleia.pdf; ID 1200703 · 20/05/2026 10:00 · data/raw/33254370000104/1200703_assembleia.pdf; ID 1128340 · 03/03/2026 · data/raw/33254370000104/1128340_regulamento.pdf; ID 1118467 · 19/02/2026 · data/raw/33254370000104/1118467_regulamento.pdf,Leitura dirigida de regulamentos completos e atos acessíveis identificados nas fontes; o inventário não foi integralmente relido. Datas documentais posteriores ao período do nome da carteira estão explicitadas.
comparison_protection,Devolução de pagamentos,37511828000114,Não localizado nas fontes acessíveis desta leitura,ID 1200490 · 27/03/2026 · data/raw/37511828000114/1200490_regulamento.pdf; ID 1019776 · 20/10/2025 · data/raw/37511828000114/1019776_regulamento.pdf,Leitura dirigida de regulamentos completos e atos acessíveis identificados nas fontes; o inventário não foi integralmente relido. Datas documentais posteriores ao período do nome da carteira estão explicitadas. Inventário atual tecnicamente indisponível: Fundos.NET respondeu HTTP 520 em pesquisarGerenciadorDocumentosDados.. Inventário anterior preservado; vigência mais recente exige nova consulta.
comparison_protection,Devolução de pagamentos,41970012000126,Não localizado nas fontes acessíveis desta leitura,ID 1341484 · 05/10/2026 10:00 · data/raw/41970012000126/1341484_assembleia.pdf; ID 1314682 · 10/09/2026 · data/raw/41970012000126/1314682_emissao.pdf; ID 1302706 · 27/08/2026 · data/raw/41970012000126/1302706_regulamento.pdf; ID 1302705 · 27/08/2026 10:00 · data/raw/41970012000126/1302705_assembleia.pdf; ID 1077334 · 19/12/2025 · data/raw/41970012000126/1077334_regulamento.pdf; ID 999523 · 12/06/2025 · data/raw/41970012000126/999523_emissao.pdf,Leitura dirigida de regulamentos completos e atos acessíveis identificados nas fontes; o inventário não foi integralmente relido. Datas documentais posteriores ao período do nome da carteira estão explicitadas.
comparison_protection,Resolução de cessão,50473039000102,Não localizado nas fontes acessíveis desta leitura,ID 909547 · 19/05/2025 · data/raw/50473039000102/909547_review_20261007.pdf; ID 912093 · 26/05/2025 · data/raw/50473039000102/912093_review_20261007.pdf; ID 932137 · 04/06/2025 · data/raw/50473039000102/932137_review_20261007.pdf,"Revisão documental em 07/10/2026. O nome da carteira com 1T26 não define a vigência destas cláusulas; versões posteriores estão datadas por fonte. Não houve atualização de competência IME neste trabalho. Base principal: ID909547, 19/05/2025."
comparison_protection,Resolução de cessão,55471753000177,>2% por 2 meses consecutivos ou 3 alternados em 12 meses; ou >5% em qualquer mês,Fundos.NET ID 704724; referência 25/07/2024; Regulamento; p. 137–138; Suplemento I; data/raw/55471753000177/704724_review_20261007.pdf; https://fnet.bmfbovespa.com.br/fnet/publico/visualizarDocumento?id=704724,Face dos créditos resolvidos no mês anterior / PL anterior; não replicável pelo IME público.
comparison_protection,Resolução de cessão,63572282000111,Não localizado nas fontes acessíveis desta leitura,Revisão documental em 07/10/2026. O nome da carteira com 1T26 não define a vigência destas cláusulas; versões posteriores estão datadas por fonte. Não houve atualização de competência IME neste trabalho.,Revisão documental em 07/10/2026. O nome da carteira com 1T26 não define a vigência destas cláusulas; versões posteriores estão datadas por fonte. Não houve atualização de competência IME neste trabalho.
comparison_protection,Resolução de cessão,28472333000132,Não localizado nas fontes acessíveis desta leitura,ID 732140 · 03/09/2024 · data/raw/28472333000132/732140_regulamento.pdf; ID 681860 · 17/06/2024 10:00 · data/raw/28472333000132/681860_assembleia.pdf; ID 448299 · 19/04/2023 · data/raw/28472333000132/448299_regulamento.pdf,Leitura dirigida de regulamentos completos e atos acessíveis identificados nas fontes; o inventário não foi integralmente relido. Datas documentais posteriores ao período do nome da carteira estão explicitadas.
comparison_protection,Resolução de cessão,33254370000104,Não localizado nas fontes acessíveis desta leitura,ID 1219308 · 03/06/2026 10:00 · data/raw/33254370000104/1219308_assembleia.pdf; ID 1200703 · 20/05/2026 10:00 · data/raw/33254370000104/1200703_assembleia.pdf; ID 1128340 · 03/03/2026 · data/raw/33254370000104/1128340_regulamento.pdf; ID 1118467 · 19/02/2026 · data/raw/33254370000104/1118467_regulamento.pdf,Leitura dirigida de regulamentos completos e atos acessíveis identificados nas fontes; o inventário não foi integralmente relido. Datas documentais posteriores ao período do nome da carteira estão explicitadas.
comparison_protection,Resolução de cessão,37511828000114,Não localizado nas fontes acessíveis desta leitura,ID 1200490 · 27/03/2026 · data/raw/37511828000114/1200490_regulamento.pdf; ID 1019776 · 20/10/2025 · data/raw/37511828000114/1019776_regulamento.pdf,Leitura dirigida de regulamentos completos e atos acessíveis identificados nas fontes; o inventário não foi integralmente relido. Datas documentais posteriores ao período do nome da carteira estão explicitadas. Inventário atual tecnicamente indisponível: Fundos.NET respondeu HTTP 520 em pesquisarGerenciadorDocumentosDados.. Inventário anterior preservado; vigência mais recente exige nova consulta.
comparison_protection,Resolução de cessão,41970012000126,Não localizado nas fontes acessíveis desta leitura,ID 1341484 · 05/10/2026 10:00 · data/raw/41970012000126/1341484_assembleia.pdf; ID 1314682 · 10/09/2026 · data/raw/41970012000126/1314682_emissao.pdf; ID 1302706 · 27/08/2026 · data/raw/41970012000126/1302706_regulamento.pdf; ID 1302705 · 27/08/2026 10:00 · data/raw/41970012000126/1302705_assembleia.pdf; ID 1077334 · 19/12/2025 · data/raw/41970012000126/1077334_regulamento.pdf; ID 999523 · 12/06/2025 · data/raw/41970012000126/999523_emissao.pdf,Leitura dirigida de regulamentos completos e atos acessíveis identificados nas fontes; o inventário não foi integralmente relido. Datas documentais posteriores ao período do nome da carteira estão explicitadas.
comparison_mechanics,Alocação mínima,50473039000102,≥50% do PL em direitos elegíveis após 180 dias,"Fundos.NET ID 909547 | 19/05/2025 | Regulamento | p. 58, alocaçãomínima | data/raw/50473039000102/909547_review_20261007.pdf | https://fnet.bmfbovespa.com.br/fnet/publico/visualizarDocumento?id=909547",Resumo da versão indicada; fontesporcláusula; nenhumaexposiçãoindividualenquadradaautomaticamente.
comparison_mechanics,Alocação mínima,55471753000177,≥50% do PL em direitos elegíveis após 180 dias,"Fundos.NET ID 704724 | 25/07/2024 | Regulamento | p. 61, alocaçãomínima | data/raw/55471753000177/704724_review_20261007.pdf | https://fnet.bmfbovespa.com.br/fnet/publico/visualizarDocumento?id=704724",Resumo da versão indicada; fontesporcláusula; nenhumaexposiçãoindividualenquadradaautomaticamente.
comparison_mechanics,Alocação mínima,63572282000111,Não localizado na documentação acessível,"Inventário por CNPJ 63572282000111, consulta Fundos.NET em 07/10/2026: 11 documentos listados; Falha de rede ao acessar pesquisarGerenciadorDocumentosDados: The read operation timed out; inventário local anterior preservado.  PDFs efetivamente revistos: nenhum. ID1089845: Falha de rede ao acessar downloadDocumento: The read operation timed out; ID1080490: Falha de rede ao acessar downloadDocumento: The read operation timed out; ID1104314: Falha de rede ao acessar downloadDocumento: The read operation timed out",Lacuna documental; não preencher por aproximação de nome ou por campo heurístico.
comparison_mechanics,Alocação mínima,28472333000132,≥ 50% PL após 90 dias,data/raw/28472333000132/732140_regulamento.pdf · ID Fundos.NET 732140 · 03/09/2024 · regulamento · p. 4 · https://fnet.bmfbovespa.com.br/fnet/publico/visualizarDocumento?id=732140,Resumo jurídico da fonte identificada; verificar aditamentos e aplicação à série
comparison_mechanics,Alocação mínima,33254370000104,Após 180 dias: 50% PL para fins regulatórios; 67% para fins tributários,data/raw/33254370000104/1128340_regulamento.pdf · ID Fundos.NET 1128340 · 03/03/2026 · regulamento · p. 6 · https://fnet.bmfbovespa.com.br/fnet/publico/visualizarDocumento?id=1128340,Resumo jurídico da fonte identificada; verificar aditamentos e aplicação à série
comparison_mechanics,Alocação mínima,37511828000114,Não localizado nas fontes acessíveis desta leitura,"Consulta Fundos.NET por CNPJ 37511828000114 em 07/10/2026; 75 registros no inventário anterior preservado; fontes acessíveis: 1200490, 1019776",Lacuna documental; não equivale à inexistência da regra
comparison_mechanics,Alocação mínima,41970012000126,67% PL para enquadramento tributário; verificar índices adicionais,data/raw/41970012000126/1302706_regulamento.pdf · ID Fundos.NET 1302706 · 27/08/2026 · regulamento · p. 108 · https://fnet.bmfbovespa.com.br/fnet/publico/visualizarDocumento?id=1302706,Resumo jurídico da fonte identificada; verificar aditamentos e aplicação à série
comparison_mechanics,Pool/revolvência,50473039000102,"Aquisições recorrentes condicionadas a reservas, potencial de aquisição e eventos","Fundos.NET ID 909547 | 19/05/2025 | Regulamento | p. 58, aquisições/cessão | data/raw/50473039000102/909547_review_20261007.pdf | https://fnet.bmfbovespa.com.br/fnet/publico/visualizarDocumento?id=909547",Resumo da versão indicada; fontesporcláusula; nenhumaexposiçãoindividualenquadradaautomaticamente.
comparison_mechanics,Pool/revolvência,55471753000177,"Aquisições recorrentes condicionadas a reservas, potencial de aquisição e eventos","Fundos.NET ID 704724 | 25/07/2024 | Regulamento | p. 60, aquisições/cessão | data/raw/55471753000177/704724_review_20261007.pdf | https://fnet.bmfbovespa.com.br/fnet/publico/visualizarDocumento?id=704724",Resumo da versão indicada; fontesporcláusula; nenhumaexposiçãoindividualenquadradaautomaticamente.
comparison_mechanics,Pool/revolvência,63572282000111,Não localizado na documentação acessível,"Inventário por CNPJ 63572282000111, consulta Fundos.NET em 07/10/2026: 11 documentos listados; Falha de rede ao acessar pesquisarGerenciadorDocumentosDados: The read operation timed out; inventário local anterior preservado.  PDFs efetivamente revistos: nenhum. ID1089845: Falha de rede ao acessar downloadDocumento: The read operation timed out; ID1080490: Falha de rede ao acessar downloadDocumento: The read operation timed out; ID1104314: Falha de rede ao acessar downloadDocumento: The read operation timed out",Lacuna documental; não preencher por aproximação de nome ou por campo heurístico.
comparison_mechanics,Pool/revolvência,28472333000132,Não localizado nas fontes acessíveis desta leitura,"Consulta Fundos.NET por CNPJ 28472333000132 em 07/10/2026; 102 registros no inventário obtido; fontes acessíveis: 732140, 681860, 448299",Lacuna documental; não equivale à inexistência da regra
comparison_mechanics,Pool/revolvência,33254370000104,Não localizado nas fontes acessíveis desta leitura,"Consulta Fundos.NET por CNPJ 33254370000104 em 07/10/2026; 169 registros no inventário obtido; fontes acessíveis: 1219308, 1200703, 1128340, 1118467",Lacuna documental; não equivale à inexistência da regra
comparison_mechanics,Pool/revolvência,37511828000114,Não localizado nas fontes acessíveis desta leitura,"Consulta Fundos.NET por CNPJ 37511828000114 em 07/10/2026; 75 registros no inventário anterior preservado; fontes acessíveis: 1200490, 1019776",Lacuna documental; não equivale à inexistência da regra
comparison_mechanics,Pool/revolvência,41970012000126,Não localizado nas fontes acessíveis desta leitura,"Consulta Fundos.NET por CNPJ 41970012000126 em 07/10/2026; 162 registros no inventário obtido; fontes acessíveis: 1341484, 1314682, 1302706, 1302705, 1077334, 999523",Lacuna documental; não equivale à inexistência da regra
comparison_mechanics,Duração/público-alvo,50473039000102,Indeterminado; público profissional/autorizado conforme versão,"Fundos.NET ID 909547 | 19/05/2025 | Regulamento | p. 56, duração/públicoalvo | data/raw/50473039000102/909547_review_20261007.pdf | https://fnet.bmfbovespa.com.br/fnet/publico/visualizarDocumento?id=909547",Resumo da versão indicada; fontesporcláusula; nenhumaexposiçãoindividualenquadradaautomaticamente.
comparison_mechanics,Duração/público-alvo,55471753000177,Indeterminado; público profissional/autorizado conforme versão,"Fundos.NET ID 704724 | 25/07/2024 | Regulamento | p. 58, duração/públicoalvo | data/raw/55471753000177/704724_review_20261007.pdf | https://fnet.bmfbovespa.com.br/fnet/publico/visualizarDocumento?id=704724",Resumo da versão indicada; fontesporcláusula; nenhumaexposiçãoindividualenquadradaautomaticamente.
comparison_mechanics,Duração/público-alvo,63572282000111,Não localizado na documentação acessível,"Inventário por CNPJ 63572282000111, consulta Fundos.NET em 07/10/2026: 11 documentos listados; Falha de rede ao acessar pesquisarGerenciadorDocumentosDados: The read operation timed out; inventário local anterior preservado.  PDFs efetivamente revistos: nenhum. ID1089845: Falha de rede ao acessar downloadDocumento: The read operation timed out; ID1080490: Falha de rede ao acessar downloadDocumento: The read operation timed out; ID1104314: Falha de rede ao acessar downloadDocumento: The read operation timed out",Lacuna documental; não preencher por aproximação de nome ou por campo heurístico.
comparison_mechanics,Duração/público-alvo,28472333000132,Não localizado nas fontes acessíveis desta leitura,"Consulta Fundos.NET por CNPJ 28472333000132 em 07/10/2026; 102 registros no inventário obtido; fontes acessíveis: 732140, 681860, 448299",Lacuna documental; não equivale à inexistência da regra
comparison_mechanics,Duração/público-alvo,33254370000104,Não localizado nas fontes acessíveis desta leitura,"Consulta Fundos.NET por CNPJ 33254370000104 em 07/10/2026; 169 registros no inventário obtido; fontes acessíveis: 1219308, 1200703, 1128340, 1118467",Lacuna documental; não equivale à inexistência da regra
comparison_mechanics,Duração/público-alvo,37511828000114,Não localizado nas fontes acessíveis desta leitura,"Consulta Fundos.NET por CNPJ 37511828000114 em 07/10/2026; 75 registros no inventário anterior preservado; fontes acessíveis: 1200490, 1019776",Lacuna documental; não equivale à inexistência da regra
comparison_mechanics,Duração/público-alvo,41970012000126,Não localizado nas fontes acessíveis desta leitura,"Consulta Fundos.NET por CNPJ 41970012000126 em 07/10/2026; 162 registros no inventário obtido; fontes acessíveis: 1341484, 1314682, 1302706, 1302705, 1077334, 999523",Lacuna documental; não equivale à inexistência da regra
comparison_mechanics,Cessão/recompra,50473039000102,Resolução e indenização por vícios/descumprimentos conforme contratos; chargeback tem risco específico,"Fundos.NET ID 909547 | 19/05/2025 | Regulamento | p. 69, riscocréditocedentes | data/raw/50473039000102/909547_review_20261007.pdf | https://fnet.bmfbovespa.com.br/fnet/publico/visualizarDocumento?id=909547",Resumo da versão indicada; fontesporcláusula; nenhumaexposiçãoindividualenquadradaautomaticamente.
comparison_mechanics,Cessão/recompra,55471753000177,Resolução e indenização por vícios/descumprimentos conforme contratos; chargeback tem risco específico,"Fundos.NET ID 704724 | 25/07/2024 | Regulamento | p. 73, riscocréditocedentes | data/raw/55471753000177/704724_review_20261007.pdf | https://fnet.bmfbovespa.com.br/fnet/publico/visualizarDocumento?id=704724",Resumo da versão indicada; fontesporcláusula; nenhumaexposiçãoindividualenquadradaautomaticamente.
comparison_mechanics,Cessão/recompra,63572282000111,Não localizado na documentação acessível,"Inventário por CNPJ 63572282000111, consulta Fundos.NET em 07/10/2026: 11 documentos listados; Falha de rede ao acessar pesquisarGerenciadorDocumentosDados: The read operation timed out; inventário local anterior preservado.  PDFs efetivamente revistos: nenhum. ID1089845: Falha de rede ao acessar downloadDocumento: The read operation timed out; ID1080490: Falha de rede ao acessar downloadDocumento: The read operation timed out; ID1104314: Falha de rede ao acessar downloadDocumento: The read operation timed out",Lacuna documental; não preencher por aproximação de nome ou por campo heurístico.
comparison_mechanics,Cessão/recompra,28472333000132,Não localizado nas fontes acessíveis desta leitura,"Consulta Fundos.NET por CNPJ 28472333000132 em 07/10/2026; 102 registros no inventário obtido; fontes acessíveis: 732140, 681860, 448299",Lacuna documental; não equivale à inexistência da regra
comparison_mechanics,Cessão/recompra,33254370000104,"Perda posterior de elegibilidade não gera regresso, ressalvadas culpa ou dolo",data/raw/33254370000104/1128340_regulamento.pdf · ID Fundos.NET 1128340 · 03/03/2026 · regulamento · p. 11 · https://fnet.bmfbovespa.com.br/fnet/publico/visualizarDocumento?id=1128340,Resumo jurídico da fonte identificada; verificar aditamentos e aplicação à série
comparison_mechanics,Cessão/recompra,37511828000114,Não localizado nas fontes acessíveis desta leitura,"Consulta Fundos.NET por CNPJ 37511828000114 em 07/10/2026; 75 registros no inventário anterior preservado; fontes acessíveis: 1200490, 1019776",Lacuna documental; não equivale à inexistência da regra
comparison_mechanics,Cessão/recompra,41970012000126,"Aquisição por Mercado Pago por inelegibilidade, vício ou falha imputável, com limites contratuais",data/raw/41970012000126/1302706_regulamento.pdf · ID Fundos.NET 1302706 · 27/08/2026 · regulamento · p. 41 · https://fnet.bmfbovespa.com.br/fnet/publico/visualizarDocumento?id=1302706,Resumo jurídico da fonte identificada; verificar aditamentos e aplicação à série
comparison_mechanics,Coobrigação,50473039000102,Cedentes não respondem por pagamento/solvência do devedor,"Fundos.NET ID 909547 | 19/05/2025 | Regulamento | p. 67, riscocrédito/ausênciacoobrigação | data/raw/50473039000102/909547_review_20261007.pdf | https://fnet.bmfbovespa.com.br/fnet/publico/visualizarDocumento?id=909547",Resumo da versão indicada; fontesporcláusula; nenhumaexposiçãoindividualenquadradaautomaticamente.
comparison_mechanics,Coobrigação,55471753000177,Cedentes não respondem por pagamento/solvência do devedor,"Fundos.NET ID 704724 | 25/07/2024 | Regulamento | p. 72, riscocrédito/ausênciacoobrigação | data/raw/55471753000177/704724_review_20261007.pdf | https://fnet.bmfbovespa.com.br/fnet/publico/visualizarDocumento?id=704724",Resumo da versão indicada; fontesporcláusula; nenhumaexposiçãoindividualenquadradaautomaticamente.
comparison_mechanics,Coobrigação,63572282000111,Não localizado na documentação acessível,"Inventário por CNPJ 63572282000111, consulta Fundos.NET em 07/10/2026: 11 documentos listados; Falha de rede ao acessar pesquisarGerenciadorDocumentosDados: The read operation timed out; inventário local anterior preservado.  PDFs efetivamente revistos: nenhum. ID1089845: Falha de rede ao acessar downloadDocumento: The read operation timed out; ID1080490: Falha de rede ao acessar downloadDocumento: The read operation timed out; ID1104314: Falha de rede ao acessar downloadDocumento: The read operation timed out",Lacuna documental; não preencher por aproximação de nome ou por campo heurístico.
comparison_mechanics,Coobrigação,28472333000132,Não localizado nas fontes acessíveis desta leitura,"Consulta Fundos.NET por CNPJ 28472333000132 em 07/10/2026; 102 registros no inventário obtido; fontes acessíveis: 732140, 681860, 448299",Lacuna documental; não equivale à inexistência da regra
comparison_mechanics,Coobrigação,33254370000104,Não localizado nas fontes acessíveis desta leitura,"Consulta Fundos.NET por CNPJ 33254370000104 em 07/10/2026; 169 registros no inventário obtido; fontes acessíveis: 1219308, 1200703, 1128340, 1118467",Lacuna documental; não equivale à inexistência da regra
comparison_mechanics,Coobrigação,37511828000114,Não localizado nas fontes acessíveis desta leitura,"Consulta Fundos.NET por CNPJ 37511828000114 em 07/10/2026; 75 registros no inventário anterior preservado; fontes acessíveis: 1200490, 1019776",Lacuna documental; não equivale à inexistência da regra
comparison_mechanics,Coobrigação,41970012000126,Não localizado nas fontes acessíveis desta leitura,"Consulta Fundos.NET por CNPJ 41970012000126 em 07/10/2026; 162 registros no inventário obtido; fontes acessíveis: 1341484, 1314682, 1302706, 1302705, 1077334, 999523",Lacuna documental; não equivale à inexistência da regra
comparison_mechanics,Waterfall,50473039000102,"Encargos/reservas; sênior; mezanino; júnior, conforme ordem contratual","Fundos.NET ID 909547 | 19/05/2025 | Regulamento | p. 97, ordemalocaçãorecursos | data/raw/50473039000102/909547_review_20261007.pdf | https://fnet.bmfbovespa.com.br/fnet/publico/visualizarDocumento?id=909547",Resumo da versão indicada; fontesporcláusula; nenhumaexposiçãoindividualenquadradaautomaticamente.
comparison_mechanics,Waterfall,55471753000177,"Encargos/reservas; sênior; mezanino; júnior, conforme ordem contratual","Fundos.NET ID 704724 | 25/07/2024 | Regulamento | p. 105, ordemalocaçãorecursos | data/raw/55471753000177/704724_review_20261007.pdf | https://fnet.bmfbovespa.com.br/fnet/publico/visualizarDocumento?id=704724",Resumo da versão indicada; fontesporcláusula; nenhumaexposiçãoindividualenquadradaautomaticamente.
comparison_mechanics,Waterfall,63572282000111,Não localizado na documentação acessível,"Inventário por CNPJ 63572282000111, consulta Fundos.NET em 07/10/2026: 11 documentos listados; Falha de rede ao acessar pesquisarGerenciadorDocumentosDados: The read operation timed out; inventário local anterior preservado.  PDFs efetivamente revistos: nenhum. ID1089845: Falha de rede ao acessar downloadDocumento: The read operation timed out; ID1080490: Falha de rede ao acessar downloadDocumento: The read operation timed out; ID1104314: Falha de rede ao acessar downloadDocumento: The read operation timed out",Lacuna documental; não preencher por aproximação de nome ou por campo heurístico.
comparison_mechanics,Waterfall,28472333000132,Não localizado nas fontes acessíveis desta leitura,"Consulta Fundos.NET por CNPJ 28472333000132 em 07/10/2026; 102 registros no inventário obtido; fontes acessíveis: 732140, 681860, 448299",Lacuna documental; não equivale à inexistência da regra
comparison_mechanics,Waterfall,33254370000104,Não localizado nas fontes acessíveis desta leitura,"Consulta Fundos.NET por CNPJ 33254370000104 em 07/10/2026; 169 registros no inventário obtido; fontes acessíveis: 1219308, 1200703, 1128340, 1118467",Lacuna documental; não equivale à inexistência da regra
comparison_mechanics,Waterfall,37511828000114,Não localizado nas fontes acessíveis desta leitura,"Consulta Fundos.NET por CNPJ 37511828000114 em 07/10/2026; 75 registros no inventário anterior preservado; fontes acessíveis: 1200490, 1019776",Lacuna documental; não equivale à inexistência da regra
comparison_mechanics,Waterfall,41970012000126,Despesas e reservas → sênior → MZ A → MZ B → MZ C → júnior,data/raw/41970012000126/1302706_regulamento.pdf · ID Fundos.NET 1302706 · 27/08/2026 · regulamento · p. 145–159 · https://fnet.bmfbovespa.com.br/fnet/publico/visualizarDocumento?id=1302706,Resumo jurídico da fonte identificada; verificar aditamentos e aplicação à série
comparison_mechanics,Prestadores,50473039000102,Não localizado na documentação acessível,"Inventário por CNPJ 50473039000102, consulta Fundos.NET em 07/10/2026: 45 documentos listados; Fundos.NET respondeu HTTP 520 em pesquisarGerenciadorDocumentosDados.; inventário local anterior preservado.  PDFs efetivamente revistos: 909547, 912093, 932137. Não foi identificado termo específico na revisão.",Lacuna documental; não preencher por aproximação de nome ou por campo heurístico.
comparison_mechanics,Prestadores,55471753000177,Não localizado na documentação acessível,"Inventário por CNPJ 55471753000177, consulta Fundos.NET em 07/10/2026: 30 documentos listados; Falha de rede ao acessar pesquisarGerenciadorDocumentosDados: The read operation timed out; inventário local anterior preservado.  PDFs efetivamente revistos: 704724, 714216, 733048. Não foi identificado termo específico na revisão.",Lacuna documental; não preencher por aproximação de nome ou por campo heurístico.
comparison_mechanics,Prestadores,63572282000111,Não localizado na documentação acessível,"Inventário por CNPJ 63572282000111, consulta Fundos.NET em 07/10/2026: 11 documentos listados; Falha de rede ao acessar pesquisarGerenciadorDocumentosDados: The read operation timed out; inventário local anterior preservado.  PDFs efetivamente revistos: nenhum. ID1089845: Falha de rede ao acessar downloadDocumento: The read operation timed out; ID1080490: Falha de rede ao acessar downloadDocumento: The read operation timed out; ID1104314: Falha de rede ao acessar downloadDocumento: The read operation timed out",Lacuna documental; não preencher por aproximação de nome ou por campo heurístico.
comparison_mechanics,Prestadores,28472333000132,Não localizado nas fontes acessíveis desta leitura,ID 732140 · 03/09/2024 · data/raw/28472333000132/732140_regulamento.pdf; ID 681860 · 17/06/2024 10:00 · data/raw/28472333000132/681860_assembleia.pdf; ID 448299 · 19/04/2023 · data/raw/28472333000132/448299_regulamento.pdf,Leitura dirigida de regulamentos completos e atos acessíveis identificados nas fontes; o inventário não foi integralmente relido. Datas documentais posteriores ao período do nome da carteira estão explicitadas.
comparison_mechanics,Prestadores,33254370000104,Não localizado nas fontes acessíveis desta leitura,ID 1219308 · 03/06/2026 10:00 · data/raw/33254370000104/1219308_assembleia.pdf; ID 1200703 · 20/05/2026 10:00 · data/raw/33254370000104/1200703_assembleia.pdf; ID 1128340 · 03/03/2026 · data/raw/33254370000104/1128340_regulamento.pdf; ID 1118467 · 19/02/2026 · data/raw/33254370000104/1118467_regulamento.pdf,Leitura dirigida de regulamentos completos e atos acessíveis identificados nas fontes; o inventário não foi integralmente relido. Datas documentais posteriores ao período do nome da carteira estão explicitadas.
comparison_mechanics,Prestadores,37511828000114,Não localizado nas fontes acessíveis desta leitura,ID 1200490 · 27/03/2026 · data/raw/37511828000114/1200490_regulamento.pdf; ID 1019776 · 20/10/2025 · data/raw/37511828000114/1019776_regulamento.pdf,Leitura dirigida de regulamentos completos e atos acessíveis identificados nas fontes; o inventário não foi integralmente relido. Datas documentais posteriores ao período do nome da carteira estão explicitadas. Inventário atual tecnicamente indisponível: Fundos.NET respondeu HTTP 520 em pesquisarGerenciadorDocumentosDados.. Inventário anterior preservado; vigência mais recente exige nova consulta.
comparison_mechanics,Prestadores,41970012000126,Não localizado nas fontes acessíveis desta leitura,ID 1341484 · 05/10/2026 10:00 · data/raw/41970012000126/1341484_assembleia.pdf; ID 1314682 · 10/09/2026 · data/raw/41970012000126/1314682_emissao.pdf; ID 1302706 · 27/08/2026 · data/raw/41970012000126/1302706_regulamento.pdf; ID 1302705 · 27/08/2026 10:00 · data/raw/41970012000126/1302705_assembleia.pdf; ID 1077334 · 19/12/2025 · data/raw/41970012000126/1077334_regulamento.pdf; ID 999523 · 12/06/2025 · data/raw/41970012000126/999523_emissao.pdf,Leitura dirigida de regulamentos completos e atos acessíveis identificados nas fontes; o inventário não foi integralmente relido. Datas documentais posteriores ao período do nome da carteira estão explicitadas.
comparison_mechanics,Alocação fiscal adicional,50473039000102,Não localizado nas fontes acessíveis desta leitura,ID 909547 · 19/05/2025 · data/raw/50473039000102/909547_review_20261007.pdf; ID 912093 · 26/05/2025 · data/raw/50473039000102/912093_review_20261007.pdf; ID 932137 · 04/06/2025 · data/raw/50473039000102/932137_review_20261007.pdf,"Revisão documental em 07/10/2026. O nome da carteira com 1T26 não define a vigência destas cláusulas; versões posteriores estão datadas por fonte. Não houve atualização de competência IME neste trabalho. Base principal: ID909547, 19/05/2025."
comparison_mechanics,Alocação fiscal adicional,55471753000177,"Cláusula 3.3: numeral 67% do PL, extenso “cinquenta por cento”; divergência textual",Fundos.NET ID 704724; referência 25/07/2024; Regulamento; p. 61; 3.3; data/raw/55471753000177/704724_review_20261007.pdf; https://fnet.bmfbovespa.com.br/fnet/publico/visualizarDocumento?id=704724,Não resolver automaticamente a divergência; exigir confirmação documental antes de alerta normativo.
comparison_mechanics,Alocação fiscal adicional,63572282000111,Não localizado nas fontes acessíveis desta leitura,Revisão documental em 07/10/2026. O nome da carteira com 1T26 não define a vigência destas cláusulas; versões posteriores estão datadas por fonte. Não houve atualização de competência IME neste trabalho.,Revisão documental em 07/10/2026. O nome da carteira com 1T26 não define a vigência destas cláusulas; versões posteriores estão datadas por fonte. Não houve atualização de competência IME neste trabalho.
comparison_mechanics,Alocação fiscal adicional,28472333000132,Não localizado nas fontes acessíveis desta leitura,ID 732140 · 03/09/2024 · data/raw/28472333000132/732140_regulamento.pdf; ID 681860 · 17/06/2024 10:00 · data/raw/28472333000132/681860_assembleia.pdf; ID 448299 · 19/04/2023 · data/raw/28472333000132/448299_regulamento.pdf,Leitura dirigida de regulamentos completos e atos acessíveis identificados nas fontes; o inventário não foi integralmente relido. Datas documentais posteriores ao período do nome da carteira estão explicitadas.
comparison_mechanics,Alocação fiscal adicional,33254370000104,Não localizado nas fontes acessíveis desta leitura,ID 1219308 · 03/06/2026 10:00 · data/raw/33254370000104/1219308_assembleia.pdf; ID 1200703 · 20/05/2026 10:00 · data/raw/33254370000104/1200703_assembleia.pdf; ID 1128340 · 03/03/2026 · data/raw/33254370000104/1128340_regulamento.pdf; ID 1118467 · 19/02/2026 · data/raw/33254370000104/1118467_regulamento.pdf,Leitura dirigida de regulamentos completos e atos acessíveis identificados nas fontes; o inventário não foi integralmente relido. Datas documentais posteriores ao período do nome da carteira estão explicitadas.
comparison_mechanics,Alocação fiscal adicional,37511828000114,Não localizado nas fontes acessíveis desta leitura,ID 1200490 · 27/03/2026 · data/raw/37511828000114/1200490_regulamento.pdf; ID 1019776 · 20/10/2025 · data/raw/37511828000114/1019776_regulamento.pdf,Leitura dirigida de regulamentos completos e atos acessíveis identificados nas fontes; o inventário não foi integralmente relido. Datas documentais posteriores ao período do nome da carteira estão explicitadas. Inventário atual tecnicamente indisponível: Fundos.NET respondeu HTTP 520 em pesquisarGerenciadorDocumentosDados.. Inventário anterior preservado; vigência mais recente exige nova consulta.
comparison_mechanics,Alocação fiscal adicional,41970012000126,Não localizado nas fontes acessíveis desta leitura,ID 1341484 · 05/10/2026 10:00 · data/raw/41970012000126/1341484_assembleia.pdf; ID 1314682 · 10/09/2026 · data/raw/41970012000126/1314682_emissao.pdf; ID 1302706 · 27/08/2026 · data/raw/41970012000126/1302706_regulamento.pdf; ID 1302705 · 27/08/2026 10:00 · data/raw/41970012000126/1302705_assembleia.pdf; ID 1077334 · 19/12/2025 · data/raw/41970012000126/1077334_regulamento.pdf; ID 999523 · 12/06/2025 · data/raw/41970012000126/999523_emissao.pdf,Leitura dirigida de regulamentos completos e atos acessíveis identificados nas fontes; o inventário não foi integralmente relido. Datas documentais posteriores ao período do nome da carteira estão explicitadas.
comparison_mechanics,Gestor identificado,50473039000102,Não localizado nas fontes acessíveis desta leitura,ID 909547 · 19/05/2025 · data/raw/50473039000102/909547_review_20261007.pdf; ID 912093 · 26/05/2025 · data/raw/50473039000102/912093_review_20261007.pdf; ID 932137 · 04/06/2025 · data/raw/50473039000102/932137_review_20261007.pdf,"Revisão documental em 07/10/2026. O nome da carteira com 1T26 não define a vigência destas cláusulas; versões posteriores estão datadas por fonte. Não houve atualização de competência IME neste trabalho. Base principal: ID909547, 19/05/2025."
comparison_mechanics,Gestor identificado,55471753000177,Não localizado nas fontes acessíveis desta leitura,ID 704724 · 25/07/2024 · data/raw/55471753000177/704724_review_20261007.pdf; ID 714216 · 08/08/2024 · data/raw/55471753000177/714216_review_20261007.pdf; ID 733048 · 06/09/2024 · data/raw/55471753000177/733048_review_20261007.pdf,"Revisão documental em 07/10/2026. O nome da carteira com 1T26 não define a vigência destas cláusulas; versões posteriores estão datadas por fonte. Não houve atualização de competência IME neste trabalho. Base principal: ID704724, 25/07/2024."
comparison_mechanics,Gestor identificado,63572282000111,Não localizado nas fontes acessíveis desta leitura,Revisão documental em 07/10/2026. O nome da carteira com 1T26 não define a vigência destas cláusulas; versões posteriores estão datadas por fonte. Não houve atualização de competência IME neste trabalho.,Revisão documental em 07/10/2026. O nome da carteira com 1T26 não define a vigência destas cláusulas; versões posteriores estão datadas por fonte. Não houve atualização de competência IME neste trabalho.
comparison_mechanics,Gestor identificado,28472333000132,Polígono Capital Ltda.; CNPJ 43.241.789/0001-85,data/raw/28472333000132/732140_regulamento.pdf · ID Fundos.NET 732140 · 03/09/2024 · regulamento · p. 20 · 9.2 · https://fnet.bmfbovespa.com.br/fnet/publico/visualizarDocumento?id=732140,Controle documental; IME agregado não comprova a hipótese contratual.
comparison_mechanics,Gestor identificado,33254370000104,Não localizado nas fontes acessíveis desta leitura,ID 1219308 · 03/06/2026 10:00 · data/raw/33254370000104/1219308_assembleia.pdf; ID 1200703 · 20/05/2026 10:00 · data/raw/33254370000104/1200703_assembleia.pdf; ID 1128340 · 03/03/2026 · data/raw/33254370000104/1128340_regulamento.pdf; ID 1118467 · 19/02/2026 · data/raw/33254370000104/1118467_regulamento.pdf,Leitura dirigida de regulamentos completos e atos acessíveis identificados nas fontes; o inventário não foi integralmente relido. Datas documentais posteriores ao período do nome da carteira estão explicitadas.
comparison_mechanics,Gestor identificado,37511828000114,Não localizado nas fontes acessíveis desta leitura,ID 1200490 · 27/03/2026 · data/raw/37511828000114/1200490_regulamento.pdf; ID 1019776 · 20/10/2025 · data/raw/37511828000114/1019776_regulamento.pdf,Leitura dirigida de regulamentos completos e atos acessíveis identificados nas fontes; o inventário não foi integralmente relido. Datas documentais posteriores ao período do nome da carteira estão explicitadas. Inventário atual tecnicamente indisponível: Fundos.NET respondeu HTTP 520 em pesquisarGerenciadorDocumentosDados.. Inventário anterior preservado; vigência mais recente exige nova consulta.
comparison_mechanics,Gestor identificado,41970012000126,Não localizado nas fontes acessíveis desta leitura,ID 1341484 · 05/10/2026 10:00 · data/raw/41970012000126/1341484_assembleia.pdf; ID 1314682 · 10/09/2026 · data/raw/41970012000126/1314682_emissao.pdf; ID 1302706 · 27/08/2026 · data/raw/41970012000126/1302706_regulamento.pdf; ID 1302705 · 27/08/2026 10:00 · data/raw/41970012000126/1302705_assembleia.pdf; ID 1077334 · 19/12/2025 · data/raw/41970012000126/1077334_regulamento.pdf; ID 999523 · 12/06/2025 · data/raw/41970012000126/999523_emissao.pdf,Leitura dirigida de regulamentos completos e atos acessíveis identificados nas fontes; o inventário não foi integralmente relido. Datas documentais posteriores ao período do nome da carteira estão explicitadas.
comparison_mechanics,Prestadores essenciais,50473039000102,Não localizado nas fontes acessíveis desta leitura,ID 909547 · 19/05/2025 · data/raw/50473039000102/909547_review_20261007.pdf; ID 912093 · 26/05/2025 · data/raw/50473039000102/912093_review_20261007.pdf; ID 932137 · 04/06/2025 · data/raw/50473039000102/932137_review_20261007.pdf,"Revisão documental em 07/10/2026. O nome da carteira com 1T26 não define a vigência destas cláusulas; versões posteriores estão datadas por fonte. Não houve atualização de competência IME neste trabalho. Base principal: ID909547, 19/05/2025."
comparison_mechanics,Prestadores essenciais,55471753000177,Não localizado nas fontes acessíveis desta leitura,ID 704724 · 25/07/2024 · data/raw/55471753000177/704724_review_20261007.pdf; ID 714216 · 08/08/2024 · data/raw/55471753000177/714216_review_20261007.pdf; ID 733048 · 06/09/2024 · data/raw/55471753000177/733048_review_20261007.pdf,"Revisão documental em 07/10/2026. O nome da carteira com 1T26 não define a vigência destas cláusulas; versões posteriores estão datadas por fonte. Não houve atualização de competência IME neste trabalho. Base principal: ID704724, 25/07/2024."
comparison_mechanics,Prestadores essenciais,63572282000111,Não localizado nas fontes acessíveis desta leitura,Revisão documental em 07/10/2026. O nome da carteira com 1T26 não define a vigência destas cláusulas; versões posteriores estão datadas por fonte. Não houve atualização de competência IME neste trabalho.,Revisão documental em 07/10/2026. O nome da carteira com 1T26 não define a vigência destas cláusulas; versões posteriores estão datadas por fonte. Não houve atualização de competência IME neste trabalho.
comparison_mechanics,Prestadores essenciais,28472333000132,Não localizado nas fontes acessíveis desta leitura,ID 732140 · 03/09/2024 · data/raw/28472333000132/732140_regulamento.pdf; ID 681860 · 17/06/2024 10:00 · data/raw/28472333000132/681860_assembleia.pdf; ID 448299 · 19/04/2023 · data/raw/28472333000132/448299_regulamento.pdf,Leitura dirigida de regulamentos completos e atos acessíveis identificados nas fontes; o inventário não foi integralmente relido. Datas documentais posteriores ao período do nome da carteira estão explicitadas.
comparison_mechanics,Prestadores essenciais,33254370000104,Administração: BTG Pactual Serviços Financeiros DTVM; gestão: Polígono Capital,data/raw/33254370000104/1128340_regulamento.pdf · ID Fundos.NET 1128340 · 03/03/2026 · regulamento · p. 24/29 · 4.1.1/4.2.1 · https://fnet.bmfbovespa.com.br/fnet/publico/visualizarDocumento?id=1128340,Controle documental; IME agregado não comprova a hipótese contratual.
comparison_mechanics,Prestadores essenciais,37511828000114,Administração: Banco Genial; gestão: Polígono Capital,data/raw/37511828000114/1200490_regulamento.pdf · ID Fundos.NET 1200490 · 27/03/2026 · regulamento · p. 6/31 · Definições Administrator/Manager · https://fnet.bmfbovespa.com.br/fnet/publico/visualizarDocumento?id=1200490,Controle documental; IME agregado não comprova a hipótese contratual.
comparison_mechanics,Prestadores essenciais,41970012000126,Administração: BTG Pactual Serviços Financeiros; custódia: Banco BTG; gestão: Polígono,data/raw/41970012000126/1302706_regulamento.pdf · ID Fundos.NET 1302706 · 27/08/2026 · regulamento · p. 4/15/23 · Definições Administrador/Custodiante/Gestor · https://fnet.bmfbovespa.com.br/fnet/publico/visualizarDocumento?id=1302706,Controle documental; IME agregado não comprova a hipótese contratual.
comparison_mechanics,Opção de compra de créditos,50473039000102,Não localizado nas fontes acessíveis desta leitura,ID 909547 · 19/05/2025 · data/raw/50473039000102/909547_review_20261007.pdf; ID 912093 · 26/05/2025 · data/raw/50473039000102/912093_review_20261007.pdf; ID 932137 · 04/06/2025 · data/raw/50473039000102/932137_review_20261007.pdf,"Revisão documental em 07/10/2026. O nome da carteira com 1T26 não define a vigência destas cláusulas; versões posteriores estão datadas por fonte. Não houve atualização de competência IME neste trabalho. Base principal: ID909547, 19/05/2025."
comparison_mechanics,Opção de compra de créditos,55471753000177,Não localizado nas fontes acessíveis desta leitura,ID 704724 · 25/07/2024 · data/raw/55471753000177/704724_review_20261007.pdf; ID 714216 · 08/08/2024 · data/raw/55471753000177/714216_review_20261007.pdf; ID 733048 · 06/09/2024 · data/raw/55471753000177/733048_review_20261007.pdf,"Revisão documental em 07/10/2026. O nome da carteira com 1T26 não define a vigência destas cláusulas; versões posteriores estão datadas por fonte. Não houve atualização de competência IME neste trabalho. Base principal: ID704724, 25/07/2024."
comparison_mechanics,Opção de compra de créditos,63572282000111,Não localizado nas fontes acessíveis desta leitura,Revisão documental em 07/10/2026. O nome da carteira com 1T26 não define a vigência destas cláusulas; versões posteriores estão datadas por fonte. Não houve atualização de competência IME neste trabalho.,Revisão documental em 07/10/2026. O nome da carteira com 1T26 não define a vigência destas cláusulas; versões posteriores estão datadas por fonte. Não houve atualização de competência IME neste trabalho.
comparison_mechanics,Opção de compra de créditos,28472333000132,Não localizado nas fontes acessíveis desta leitura,ID 732140 · 03/09/2024 · data/raw/28472333000132/732140_regulamento.pdf; ID 681860 · 17/06/2024 10:00 · data/raw/28472333000132/681860_assembleia.pdf; ID 448299 · 19/04/2023 · data/raw/28472333000132/448299_regulamento.pdf,Leitura dirigida de regulamentos completos e atos acessíveis identificados nas fontes; o inventário não foi integralmente relido. Datas documentais posteriores ao período do nome da carteira estão explicitadas.
comparison_mechanics,Opção de compra de créditos,33254370000104,Não localizado nas fontes acessíveis desta leitura,ID 1219308 · 03/06/2026 10:00 · data/raw/33254370000104/1219308_assembleia.pdf; ID 1200703 · 20/05/2026 10:00 · data/raw/33254370000104/1200703_assembleia.pdf; ID 1128340 · 03/03/2026 · data/raw/33254370000104/1128340_regulamento.pdf; ID 1118467 · 19/02/2026 · data/raw/33254370000104/1118467_regulamento.pdf,Leitura dirigida de regulamentos completos e atos acessíveis identificados nas fontes; o inventário não foi integralmente relido. Datas documentais posteriores ao período do nome da carteira estão explicitadas.
comparison_mechanics,Opção de compra de créditos,37511828000114,Não localizado nas fontes acessíveis desta leitura,ID 1200490 · 27/03/2026 · data/raw/37511828000114/1200490_regulamento.pdf; ID 1019776 · 20/10/2025 · data/raw/37511828000114/1019776_regulamento.pdf,Leitura dirigida de regulamentos completos e atos acessíveis identificados nas fontes; o inventário não foi integralmente relido. Datas documentais posteriores ao período do nome da carteira estão explicitadas. Inventário atual tecnicamente indisponível: Fundos.NET respondeu HTTP 520 em pesquisarGerenciadorDocumentosDados.. Inventário anterior preservado; vigência mais recente exige nova consulta.
comparison_mechanics,Opção de compra de créditos,41970012000126,"Endossantes: preço pelo principal + rendimentos/encargos, deduzida PDD; limite 10% do investimento sênior",data/raw/41970012000126/1302706_regulamento.pdf · ID Fundos.NET 1302706 · 27/08/2026 · regulamento · p. 42 · 5.1.6.3 · https://fnet.bmfbovespa.com.br/fnet/publico/visualizarDocumento?id=1302706,"Exceções: amortização integral deliberada, amortização extraordinária ou crédito vencido >90 dias. Não equivale a obrigação de recompra."
comparison_emissions,Classes/séries,50473039000102,"Sênior, mezanino e júnior; séries por atos/apêndices","Fundos.NET ID 909547 | 19/05/2025 | Regulamento | p. 56, 2.3composiçãocotas | data/raw/50473039000102/909547_review_20261007.pdf | https://fnet.bmfbovespa.com.br/fnet/publico/visualizarDocumento?id=909547",Resumo da versão indicada; fontesporcláusula; nenhumaexposiçãoindividualenquadradaautomaticamente.
comparison_emissions,Classes/séries,55471753000177,"Sênior, mezanino e júnior; séries por atos/apêndices","Fundos.NET ID 704724 | 25/07/2024 | Regulamento | p. 59, 2.3composiçãocotas | data/raw/55471753000177/704724_review_20261007.pdf | https://fnet.bmfbovespa.com.br/fnet/publico/visualizarDocumento?id=704724",Resumo da versão indicada; fontesporcláusula; nenhumaexposiçãoindividualenquadradaautomaticamente.
comparison_emissions,Classes/séries,63572282000111,Não localizado na documentação acessível,"Inventário por CNPJ 63572282000111, consulta Fundos.NET em 07/10/2026: 11 documentos listados; Falha de rede ao acessar pesquisarGerenciadorDocumentosDados: The read operation timed out; inventário local anterior preservado.  PDFs efetivamente revistos: nenhum. ID1089845: Falha de rede ao acessar downloadDocumento: The read operation timed out; ID1080490: Falha de rede ao acessar downloadDocumento: The read operation timed out; ID1104314: Falha de rede ao acessar downloadDocumento: The read operation timed out",Lacuna documental; não preencher por aproximação de nome ou por campo heurístico.
comparison_emissions,Classes/séries,28472333000132,Sênior em séries e subordinada júnior,data/raw/28472333000132/732140_regulamento.pdf · ID Fundos.NET 732140 · 03/09/2024 · regulamento · p. 27 · https://fnet.bmfbovespa.com.br/fnet/publico/visualizarDocumento?id=732140,Resumo jurídico da fonte identificada; verificar aditamentos e aplicação à série
comparison_emissions,Classes/séries,33254370000104,Sênior; subordinadas mezanino e júnior; 3ª série preenchida no regulamento,data/raw/33254370000104/1128340_regulamento.pdf · ID Fundos.NET 1128340 · 03/03/2026 · regulamento · p. 42 e 118 · https://fnet.bmfbovespa.com.br/fnet/publico/visualizarDocumento?id=1128340,Resumo jurídico da fonte identificada; verificar aditamentos e aplicação à série
comparison_emissions,Classes/séries,37511828000114,"Sênior, mezanino e júnior; apêndices-modelo mantêm campos abertos",data/raw/37511828000114/1200490_regulamento.pdf · ID Fundos.NET 1200490 · 27/03/2026 · regulamento · p. 128–132 · https://fnet.bmfbovespa.com.br/fnet/publico/visualizarDocumento?id=1200490,Resumo jurídico da fonte identificada; verificar aditamentos e aplicação à série
comparison_emissions,Classes/séries,41970012000126,Sênior 1ª/2ª/3ª emissões da primeira série; MZ A/B/C e júnior,data/raw/41970012000126/1302706_regulamento.pdf · ID Fundos.NET 1302706 · 27/08/2026 · regulamento · p. 133–153 · https://fnet.bmfbovespa.com.br/fnet/publico/visualizarDocumento?id=1302706,Resumo jurídico da fonte identificada; verificar aditamentos e aplicação à série
comparison_emissions,Remuneração,50473039000102,"5ª sênior: DI +0,85% a.a.; demais séries/spreads finais não localizados na revisão; Não localizado na documentação acessível","Fundos.NET ID 912093 | 26/05/2025 | Instrumento Particular de Emissão de Cotas | p. 3–4, adendoda5ªsérie | data/raw/50473039000102/912093_review_20261007.pdf | https://fnet.bmfbovespa.com.br/fnet/publico/visualizarDocumento?id=912093 | Inventário por CNPJ 50473039000102, consulta Fundos.NET em 07/10/2026: 45 documentos listados; Fundos.NET respondeu HTTP 520 em pesquisarGerenciadorDocumentosDados.; inventário local anterior preservado.  PDFs efetivamente revistos: 909547, 912093, 932137. Não foi identificado termo específico na revisão.",Cláusula documental; emissão e data-base indicadas. Não implica posição atual em circulação. Lacuna documental; não preencher por aproximação de nome ou por campo heurístico.
comparison_emissions,Remuneração,55471753000177,Não localizado na documentação acessível,"Inventário por CNPJ 55471753000177, consulta Fundos.NET em 07/10/2026: 30 documentos listados; Falha de rede ao acessar pesquisarGerenciadorDocumentosDados: The read operation timed out; inventário local anterior preservado.  PDFs efetivamente revistos: 704724, 714216, 733048. Não foi identificado termo específico na revisão.",Lacuna documental; não preencher por aproximação de nome ou por campo heurístico.
comparison_emissions,Remuneração,63572282000111,Não localizado na documentação acessível,"Inventário por CNPJ 63572282000111, consulta Fundos.NET em 07/10/2026: 11 documentos listados; Falha de rede ao acessar pesquisarGerenciadorDocumentosDados: The read operation timed out; inventário local anterior preservado.  PDFs efetivamente revistos: nenhum. ID1089845: Falha de rede ao acessar downloadDocumento: The read operation timed out; ID1080490: Falha de rede ao acessar downloadDocumento: The read operation timed out; ID1104314: Falha de rede ao acessar downloadDocumento: The read operation timed out",Lacuna documental; não preencher por aproximação de nome ou por campo heurístico.
comparison_emissions,Remuneração,28472333000132,Sobretaxa definida em suplemento não localizado; modelo não fecha os termos,data/raw/28472333000132/732140_regulamento.pdf · ID Fundos.NET 732140 · 03/09/2024 · regulamento · p. 84 · https://fnet.bmfbovespa.com.br/fnet/publico/visualizarDocumento?id=732140,Resumo jurídico da fonte identificada; verificar aditamentos e aplicação à série
comparison_emissions,Remuneração,33254370000104,"3ª sênior: DI + 3,00% a.a., com fator adicional por capital não utilizado",data/raw/33254370000104/1128340_regulamento.pdf · ID Fundos.NET 1128340 · 03/03/2026 · regulamento · p. 119 · https://fnet.bmfbovespa.com.br/fnet/publico/visualizarDocumento?id=1128340,Resumo jurídico da fonte identificada; verificar aditamentos e aplicação à série
comparison_emissions,Remuneração,37511828000114,Spread final da versão atual não localizado; apêndices econômicos atuais em aberto,data/raw/37511828000114/1200490_regulamento.pdf · ID Fundos.NET 1200490 · 27/03/2026 · regulamento · p. 130 · https://fnet.bmfbovespa.com.br/fnet/publico/visualizarDocumento?id=1200490,Resumo jurídico da fonte identificada; verificar aditamentos e aplicação à série
comparison_emissions,Remuneração,41970012000126,"Sênior DI + 1,75%; MZ A +3,00%; MZ B +4,25%; MZ C +5,45% a.a.",data/raw/41970012000126/1302706_regulamento.pdf · ID Fundos.NET 1302706 · 27/08/2026 · regulamento · p. 134–159 · https://fnet.bmfbovespa.com.br/fnet/publico/visualizarDocumento?id=1302706,"MZ A/C da 2ª emissão têm rendimento adicional único de 0,38%. Sênior tem benchmark qualificado +2% em eventos, e demais compensações dependem das cláusulas."
comparison_emissions,Volume/VNU,50473039000102,"5ª sênior: R$1,5 bi; 1,5 milhão de cotas; VNU R$1.000","Fundos.NET ID 912093 | 26/05/2025 | Instrumento Particular de Emissão de Cotas | p. 3–5, adendo5ªsérie | data/raw/50473039000102/912093_review_20261007.pdf | https://fnet.bmfbovespa.com.br/fnet/publico/visualizarDocumento?id=912093",Regra documental; validar enquadramento em dados operacionais.
comparison_emissions,Volume/VNU,55471753000177,1ª sênior: R$1 bi; 1 milhão de cotas; VNU R$1.000; júnior até 10 mil cotas aprovadas,"Fundos.NET ID 714216 | 08/08/2024 | Anúncio de Encerramento | p. 1–3, encerramentoprimário | data/raw/55471753000177/714216_review_20261007.pdf | https://fnet.bmfbovespa.com.br/fnet/publico/visualizarDocumento?id=714216",Regra documental; validar enquadramento em dados operacionais.
comparison_emissions,Volume/VNU,63572282000111,Não localizado na documentação acessível; Não localizado na documentação acessível,"Inventário por CNPJ 63572282000111, consulta Fundos.NET em 07/10/2026: 11 documentos listados; Falha de rede ao acessar pesquisarGerenciadorDocumentosDados: The read operation timed out; inventário local anterior preservado.  PDFs efetivamente revistos: nenhum. ID1089845: Falha de rede ao acessar downloadDocumento: The read operation timed out; ID1080490: Falha de rede ao acessar downloadDocumento: The read operation timed out; ID1104314: Falha de rede ao acessar downloadDocumento: The read operation timed out",Lacuna documental; não preencher por aproximação de nome ou por campo heurístico.
comparison_emissions,Volume/VNU,28472333000132,Não localizado nas fontes acessíveis desta leitura,"Consulta Fundos.NET por CNPJ 28472333000132 em 07/10/2026; 102 registros no inventário obtido; fontes acessíveis: 732140, 681860, 448299",Lacuna documental; não equivale à inexistência da regra
comparison_emissions,Volume/VNU,33254370000104,3ª sênior: R$ 300 milhões; 300 mil cotas; VNU R$ 1 mil,data/raw/33254370000104/1128340_regulamento.pdf · ID Fundos.NET 1128340 · 03/03/2026 · regulamento · p. 118 · https://fnet.bmfbovespa.com.br/fnet/publico/visualizarDocumento?id=1128340,Resumo jurídico da fonte identificada; verificar aditamentos e aplicação à série
comparison_emissions,Volume/VNU,37511828000114,Não localizado nas fontes acessíveis desta leitura,"Consulta Fundos.NET por CNPJ 37511828000114 em 07/10/2026; 75 registros no inventário anterior preservado; fontes acessíveis: 1200490, 1019776",Lacuna documental; não equivale à inexistência da regra
comparison_emissions,Volume/VNU,41970012000126,"3ª sênior: R$ 500.000.838,84; 1.016.076 cotas; VNU R$ 492,09 em 14/08/2026",data/raw/41970012000126/1302706_regulamento.pdf · ID Fundos.NET 1302706 · 27/08/2026 · regulamento · p. 141 · https://fnet.bmfbovespa.com.br/fnet/publico/visualizarDocumento?id=1302706,Resumo jurídico da fonte identificada; verificar aditamentos e aplicação à série
comparison_emissions,Ofertas,50473039000102,5ª sênior: encerramento da oferta em 04/06/2025; outros atos/séries não reconciliados,Fundos.NET ID 932137; referência 04/06/2025; Anúncio de encerramento; p. 1; Anúncio de encerramento da 5ª série; data/raw/50473039000102/932137_review_20261007.pdf; https://fnet.bmfbovespa.com.br/fnet/publico/visualizarDocumento?id=932137,Regra documental; validar enquadramento em dados operacionais.
comparison_emissions,Ofertas,55471753000177,1ª sênior: oferta primária encerrada 06/08/2024; melhores esforços,"Fundos.NET ID 714216 | 08/08/2024 | Anúncio de Encerramento | p. 2, encerramentoprimário | data/raw/55471753000177/714216_review_20261007.pdf | https://fnet.bmfbovespa.com.br/fnet/publico/visualizarDocumento?id=714216",Cláusula documental; emissão e data-base indicadas. Não implica posição atual em circulação.
comparison_emissions,Ofertas,63572282000111,Não localizado na documentação acessível,"Inventário por CNPJ 63572282000111, consulta Fundos.NET em 07/10/2026: 11 documentos listados; Falha de rede ao acessar pesquisarGerenciadorDocumentosDados: The read operation timed out; inventário local anterior preservado.  PDFs efetivamente revistos: nenhum. ID1089845: Falha de rede ao acessar downloadDocumento: The read operation timed out; ID1080490: Falha de rede ao acessar downloadDocumento: The read operation timed out; ID1104314: Falha de rede ao acessar downloadDocumento: The read operation timed out",Lacuna documental; não preencher por aproximação de nome ou por campo heurístico.
comparison_emissions,Ofertas,28472333000132,Não localizado nas fontes acessíveis desta leitura,"Consulta Fundos.NET por CNPJ 28472333000132 em 07/10/2026; 102 registros no inventário obtido; fontes acessíveis: 732140, 681860, 448299",Lacuna documental; não equivale à inexistência da regra
comparison_emissions,Ofertas,33254370000104,Não localizado nas fontes acessíveis desta leitura,"Consulta Fundos.NET por CNPJ 33254370000104 em 07/10/2026; 169 registros no inventário obtido; fontes acessíveis: 1219308, 1200703, 1128340, 1118467",Lacuna documental; não equivale à inexistência da regra
comparison_emissions,Ofertas,37511828000114,Não localizado nas fontes acessíveis desta leitura,"Consulta Fundos.NET por CNPJ 37511828000114 em 07/10/2026; 75 registros no inventário anterior preservado; fontes acessíveis: 1200490, 1019776",Lacuna documental; não equivale à inexistência da regra
comparison_emissions,Ofertas,41970012000126,Não localizado nas fontes acessíveis desta leitura,"Consulta Fundos.NET por CNPJ 41970012000126 em 07/10/2026; 162 registros no inventário obtido; fontes acessíveis: 1341484, 1314682, 1302706, 1302705, 1077334, 999523",Lacuna documental; não equivale à inexistência da regra
comparison_emissions,Remuneração sênior,50473039000102,"5ª sênior: DI +0,85% a.a.; demais séries/spreads finais não localizados na revisão","Fundos.NET ID 912093 | 26/05/2025 | Instrumento Particular de Emissão de Cotas | p. 3–4, adendoda5ªsérie | data/raw/50473039000102/912093_review_20261007.pdf | https://fnet.bmfbovespa.com.br/fnet/publico/visualizarDocumento?id=912093",Cláusula documental; emissão e data-base indicadas. Não implica posição atual em circulação.
comparison_emissions,Remuneração sênior,55471753000177,Não localizado na documentação acessível,"Inventário por CNPJ 55471753000177, consulta Fundos.NET em 07/10/2026: 30 documentos listados; Falha de rede ao acessar pesquisarGerenciadorDocumentosDados: The read operation timed out; inventário local anterior preservado.  PDFs efetivamente revistos: 704724, 714216, 733048. Não foi identificado termo específico na revisão.",Lacuna documental; não preencher por aproximação de nome ou por campo heurístico.
comparison_emissions,Remuneração sênior,63572282000111,Não localizado na documentação acessível,"Inventário por CNPJ 63572282000111, consulta Fundos.NET em 07/10/2026: 11 documentos listados; Falha de rede ao acessar pesquisarGerenciadorDocumentosDados: The read operation timed out; inventário local anterior preservado.  PDFs efetivamente revistos: nenhum. ID1089845: Falha de rede ao acessar downloadDocumento: The read operation timed out; ID1080490: Falha de rede ao acessar downloadDocumento: The read operation timed out; ID1104314: Falha de rede ao acessar downloadDocumento: The read operation timed out",Lacuna documental; não preencher por aproximação de nome ou por campo heurístico.
comparison_emissions,Remuneração sênior,28472333000132,Não localizado nas fontes acessíveis desta leitura,ID 732140 · 03/09/2024 · data/raw/28472333000132/732140_regulamento.pdf; ID 681860 · 17/06/2024 10:00 · data/raw/28472333000132/681860_assembleia.pdf; ID 448299 · 19/04/2023 · data/raw/28472333000132/448299_regulamento.pdf,Leitura dirigida de regulamentos completos e atos acessíveis identificados nas fontes; o inventário não foi integralmente relido. Datas documentais posteriores ao período do nome da carteira estão explicitadas.
comparison_emissions,Remuneração sênior,33254370000104,Não localizado nas fontes acessíveis desta leitura,ID 1219308 · 03/06/2026 10:00 · data/raw/33254370000104/1219308_assembleia.pdf; ID 1200703 · 20/05/2026 10:00 · data/raw/33254370000104/1200703_assembleia.pdf; ID 1128340 · 03/03/2026 · data/raw/33254370000104/1128340_regulamento.pdf; ID 1118467 · 19/02/2026 · data/raw/33254370000104/1118467_regulamento.pdf,Leitura dirigida de regulamentos completos e atos acessíveis identificados nas fontes; o inventário não foi integralmente relido. Datas documentais posteriores ao período do nome da carteira estão explicitadas.
comparison_emissions,Remuneração sênior,37511828000114,Não localizado nas fontes acessíveis desta leitura,ID 1200490 · 27/03/2026 · data/raw/37511828000114/1200490_regulamento.pdf; ID 1019776 · 20/10/2025 · data/raw/37511828000114/1019776_regulamento.pdf,Leitura dirigida de regulamentos completos e atos acessíveis identificados nas fontes; o inventário não foi integralmente relido. Datas documentais posteriores ao período do nome da carteira estão explicitadas. Inventário atual tecnicamente indisponível: Fundos.NET respondeu HTTP 520 em pesquisarGerenciadorDocumentosDados.. Inventário anterior preservado; vigência mais recente exige nova consulta.
comparison_emissions,Remuneração sênior,41970012000126,Não localizado nas fontes acessíveis desta leitura,ID 1341484 · 05/10/2026 10:00 · data/raw/41970012000126/1341484_assembleia.pdf; ID 1314682 · 10/09/2026 · data/raw/41970012000126/1314682_emissao.pdf; ID 1302706 · 27/08/2026 · data/raw/41970012000126/1302706_regulamento.pdf; ID 1302705 · 27/08/2026 10:00 · data/raw/41970012000126/1302705_assembleia.pdf; ID 1077334 · 19/12/2025 · data/raw/41970012000126/1077334_regulamento.pdf; ID 999523 · 12/06/2025 · data/raw/41970012000126/999523_emissao.pdf,Leitura dirigida de regulamentos completos e atos acessíveis identificados nas fontes; o inventário não foi integralmente relido. Datas documentais posteriores ao período do nome da carteira estão explicitadas.
comparison_emissions,Remuneração mezanino,50473039000102,Não localizado na documentação acessível,"Inventário por CNPJ 50473039000102, consulta Fundos.NET em 07/10/2026: 45 documentos listados; Fundos.NET respondeu HTTP 520 em pesquisarGerenciadorDocumentosDados.; inventário local anterior preservado.  PDFs efetivamente revistos: 909547, 912093, 932137. Não foi identificado termo específico na revisão.",Lacuna documental; não preencher por aproximação de nome ou por campo heurístico.
comparison_emissions,Remuneração mezanino,55471753000177,Não localizado na documentação acessível,"Inventário por CNPJ 55471753000177, consulta Fundos.NET em 07/10/2026: 30 documentos listados; Falha de rede ao acessar pesquisarGerenciadorDocumentosDados: The read operation timed out; inventário local anterior preservado.  PDFs efetivamente revistos: 704724, 714216, 733048. Não foi identificado termo específico na revisão.",Lacuna documental; não preencher por aproximação de nome ou por campo heurístico.
comparison_emissions,Remuneração mezanino,63572282000111,Não localizado na documentação acessível,"Inventário por CNPJ 63572282000111, consulta Fundos.NET em 07/10/2026: 11 documentos listados; Falha de rede ao acessar pesquisarGerenciadorDocumentosDados: The read operation timed out; inventário local anterior preservado.  PDFs efetivamente revistos: nenhum. ID1089845: Falha de rede ao acessar downloadDocumento: The read operation timed out; ID1080490: Falha de rede ao acessar downloadDocumento: The read operation timed out; ID1104314: Falha de rede ao acessar downloadDocumento: The read operation timed out",Lacuna documental; não preencher por aproximação de nome ou por campo heurístico.
comparison_emissions,Remuneração mezanino,28472333000132,Não localizado nas fontes acessíveis desta leitura,ID 732140 · 03/09/2024 · data/raw/28472333000132/732140_regulamento.pdf; ID 681860 · 17/06/2024 10:00 · data/raw/28472333000132/681860_assembleia.pdf; ID 448299 · 19/04/2023 · data/raw/28472333000132/448299_regulamento.pdf,Leitura dirigida de regulamentos completos e atos acessíveis identificados nas fontes; o inventário não foi integralmente relido. Datas documentais posteriores ao período do nome da carteira estão explicitadas.
comparison_emissions,Remuneração mezanino,33254370000104,Não localizado nas fontes acessíveis desta leitura,ID 1219308 · 03/06/2026 10:00 · data/raw/33254370000104/1219308_assembleia.pdf; ID 1200703 · 20/05/2026 10:00 · data/raw/33254370000104/1200703_assembleia.pdf; ID 1128340 · 03/03/2026 · data/raw/33254370000104/1128340_regulamento.pdf; ID 1118467 · 19/02/2026 · data/raw/33254370000104/1118467_regulamento.pdf,Leitura dirigida de regulamentos completos e atos acessíveis identificados nas fontes; o inventário não foi integralmente relido. Datas documentais posteriores ao período do nome da carteira estão explicitadas.
comparison_emissions,Remuneração mezanino,37511828000114,Não localizado nas fontes acessíveis desta leitura,ID 1200490 · 27/03/2026 · data/raw/37511828000114/1200490_regulamento.pdf; ID 1019776 · 20/10/2025 · data/raw/37511828000114/1019776_regulamento.pdf,Leitura dirigida de regulamentos completos e atos acessíveis identificados nas fontes; o inventário não foi integralmente relido. Datas documentais posteriores ao período do nome da carteira estão explicitadas. Inventário atual tecnicamente indisponível: Fundos.NET respondeu HTTP 520 em pesquisarGerenciadorDocumentosDados.. Inventário anterior preservado; vigência mais recente exige nova consulta.
comparison_emissions,Remuneração mezanino,41970012000126,Não localizado nas fontes acessíveis desta leitura,ID 1341484 · 05/10/2026 10:00 · data/raw/41970012000126/1341484_assembleia.pdf; ID 1314682 · 10/09/2026 · data/raw/41970012000126/1314682_emissao.pdf; ID 1302706 · 27/08/2026 · data/raw/41970012000126/1302706_regulamento.pdf; ID 1302705 · 27/08/2026 10:00 · data/raw/41970012000126/1302705_assembleia.pdf; ID 1077334 · 19/12/2025 · data/raw/41970012000126/1077334_regulamento.pdf; ID 999523 · 12/06/2025 · data/raw/41970012000126/999523_emissao.pdf,Leitura dirigida de regulamentos completos e atos acessíveis identificados nas fontes; o inventário não foi integralmente relido. Datas documentais posteriores ao período do nome da carteira estão explicitadas.
comparison_emissions,Remuneração subordinada,50473039000102,Não localizado na documentação acessível,"Inventário por CNPJ 50473039000102, consulta Fundos.NET em 07/10/2026: 45 documentos listados; Fundos.NET respondeu HTTP 520 em pesquisarGerenciadorDocumentosDados.; inventário local anterior preservado.  PDFs efetivamente revistos: 909547, 912093, 932137. Não foi identificado termo específico na revisão.",Lacuna documental; não preencher por aproximação de nome ou por campo heurístico.
comparison_emissions,Remuneração subordinada,55471753000177,Não localizado na documentação acessível,"Inventário por CNPJ 55471753000177, consulta Fundos.NET em 07/10/2026: 30 documentos listados; Falha de rede ao acessar pesquisarGerenciadorDocumentosDados: The read operation timed out; inventário local anterior preservado.  PDFs efetivamente revistos: 704724, 714216, 733048. Não foi identificado termo específico na revisão.",Lacuna documental; não preencher por aproximação de nome ou por campo heurístico.
comparison_emissions,Remuneração subordinada,63572282000111,Não localizado na documentação acessível,"Inventário por CNPJ 63572282000111, consulta Fundos.NET em 07/10/2026: 11 documentos listados; Falha de rede ao acessar pesquisarGerenciadorDocumentosDados: The read operation timed out; inventário local anterior preservado.  PDFs efetivamente revistos: nenhum. ID1089845: Falha de rede ao acessar downloadDocumento: The read operation timed out; ID1080490: Falha de rede ao acessar downloadDocumento: The read operation timed out; ID1104314: Falha de rede ao acessar downloadDocumento: The read operation timed out",Lacuna documental; não preencher por aproximação de nome ou por campo heurístico.
comparison_emissions,Remuneração subordinada,28472333000132,Não localizado nas fontes acessíveis desta leitura,ID 732140 · 03/09/2024 · data/raw/28472333000132/732140_regulamento.pdf; ID 681860 · 17/06/2024 10:00 · data/raw/28472333000132/681860_assembleia.pdf; ID 448299 · 19/04/2023 · data/raw/28472333000132/448299_regulamento.pdf,Leitura dirigida de regulamentos completos e atos acessíveis identificados nas fontes; o inventário não foi integralmente relido. Datas documentais posteriores ao período do nome da carteira estão explicitadas.
comparison_emissions,Remuneração subordinada,33254370000104,Não localizado nas fontes acessíveis desta leitura,ID 1219308 · 03/06/2026 10:00 · data/raw/33254370000104/1219308_assembleia.pdf; ID 1200703 · 20/05/2026 10:00 · data/raw/33254370000104/1200703_assembleia.pdf; ID 1128340 · 03/03/2026 · data/raw/33254370000104/1128340_regulamento.pdf; ID 1118467 · 19/02/2026 · data/raw/33254370000104/1118467_regulamento.pdf,Leitura dirigida de regulamentos completos e atos acessíveis identificados nas fontes; o inventário não foi integralmente relido. Datas documentais posteriores ao período do nome da carteira estão explicitadas.
comparison_emissions,Remuneração subordinada,37511828000114,Não localizado nas fontes acessíveis desta leitura,ID 1200490 · 27/03/2026 · data/raw/37511828000114/1200490_regulamento.pdf; ID 1019776 · 20/10/2025 · data/raw/37511828000114/1019776_regulamento.pdf,Leitura dirigida de regulamentos completos e atos acessíveis identificados nas fontes; o inventário não foi integralmente relido. Datas documentais posteriores ao período do nome da carteira estão explicitadas. Inventário atual tecnicamente indisponível: Fundos.NET respondeu HTTP 520 em pesquisarGerenciadorDocumentosDados.. Inventário anterior preservado; vigência mais recente exige nova consulta.
comparison_emissions,Remuneração subordinada,41970012000126,Não localizado nas fontes acessíveis desta leitura,ID 1341484 · 05/10/2026 10:00 · data/raw/41970012000126/1341484_assembleia.pdf; ID 1314682 · 10/09/2026 · data/raw/41970012000126/1314682_emissao.pdf; ID 1302706 · 27/08/2026 · data/raw/41970012000126/1302706_regulamento.pdf; ID 1302705 · 27/08/2026 10:00 · data/raw/41970012000126/1302705_assembleia.pdf; ID 1077334 · 19/12/2025 · data/raw/41970012000126/1077334_regulamento.pdf; ID 999523 · 12/06/2025 · data/raw/41970012000126/999523_emissao.pdf,Leitura dirigida de regulamentos completos e atos acessíveis identificados nas fontes; o inventário não foi integralmente relido. Datas documentais posteriores ao período do nome da carteira estão explicitadas.
comparison_emissions,Volume / quantidade,50473039000102,"5ª sênior: R$1,5 bi; 1,5 milhão de cotas; VNU R$1.000","Fundos.NET ID 912093 | 26/05/2025 | Instrumento Particular de Emissão de Cotas | p. 3–5, adendo5ªsérie | data/raw/50473039000102/912093_review_20261007.pdf | https://fnet.bmfbovespa.com.br/fnet/publico/visualizarDocumento?id=912093",Regra documental; validar enquadramento em dados operacionais.
comparison_emissions,Volume / quantidade,55471753000177,1ª sênior:R$ 1 bi;1 milhão de cotas distribuídas; júnior até 10 mil cotas aprovadas,"Fundos.NET ID 714216 | 08/08/2024 | Anúncio de Encerramento | p. 1–3, encerramentoprimário | data/raw/55471753000177/714216_review_20261007.pdf | https://fnet.bmfbovespa.com.br/fnet/publico/visualizarDocumento?id=714216",Cláusula documental; emissão e data-base indicadas. Não implica posição atual em circulação.
comparison_emissions,Volume / quantidade,63572282000111,Não localizado na documentação acessível,"Inventário por CNPJ 63572282000111, consulta Fundos.NET em 07/10/2026: 11 documentos listados; Falha de rede ao acessar pesquisarGerenciadorDocumentosDados: The read operation timed out; inventário local anterior preservado.  PDFs efetivamente revistos: nenhum. ID1089845: Falha de rede ao acessar downloadDocumento: The read operation timed out; ID1080490: Falha de rede ao acessar downloadDocumento: The read operation timed out; ID1104314: Falha de rede ao acessar downloadDocumento: The read operation timed out",Lacuna documental; não preencher por aproximação de nome ou por campo heurístico.
comparison_emissions,Volume / quantidade,28472333000132,Não localizado nas fontes acessíveis desta leitura,ID 732140 · 03/09/2024 · data/raw/28472333000132/732140_regulamento.pdf; ID 681860 · 17/06/2024 10:00 · data/raw/28472333000132/681860_assembleia.pdf; ID 448299 · 19/04/2023 · data/raw/28472333000132/448299_regulamento.pdf,Leitura dirigida de regulamentos completos e atos acessíveis identificados nas fontes; o inventário não foi integralmente relido. Datas documentais posteriores ao período do nome da carteira estão explicitadas.
comparison_emissions,Volume / quantidade,33254370000104,Não localizado nas fontes acessíveis desta leitura,ID 1219308 · 03/06/2026 10:00 · data/raw/33254370000104/1219308_assembleia.pdf; ID 1200703 · 20/05/2026 10:00 · data/raw/33254370000104/1200703_assembleia.pdf; ID 1128340 · 03/03/2026 · data/raw/33254370000104/1128340_regulamento.pdf; ID 1118467 · 19/02/2026 · data/raw/33254370000104/1118467_regulamento.pdf,Leitura dirigida de regulamentos completos e atos acessíveis identificados nas fontes; o inventário não foi integralmente relido. Datas documentais posteriores ao período do nome da carteira estão explicitadas.
comparison_emissions,Volume / quantidade,37511828000114,Não localizado nas fontes acessíveis desta leitura,ID 1200490 · 27/03/2026 · data/raw/37511828000114/1200490_regulamento.pdf; ID 1019776 · 20/10/2025 · data/raw/37511828000114/1019776_regulamento.pdf,Leitura dirigida de regulamentos completos e atos acessíveis identificados nas fontes; o inventário não foi integralmente relido. Datas documentais posteriores ao período do nome da carteira estão explicitadas. Inventário atual tecnicamente indisponível: Fundos.NET respondeu HTTP 520 em pesquisarGerenciadorDocumentosDados.. Inventário anterior preservado; vigência mais recente exige nova consulta.
comparison_emissions,Volume / quantidade,41970012000126,Não localizado nas fontes acessíveis desta leitura,ID 1341484 · 05/10/2026 10:00 · data/raw/41970012000126/1341484_assembleia.pdf; ID 1314682 · 10/09/2026 · data/raw/41970012000126/1314682_emissao.pdf; ID 1302706 · 27/08/2026 · data/raw/41970012000126/1302706_regulamento.pdf; ID 1302705 · 27/08/2026 10:00 · data/raw/41970012000126/1302705_assembleia.pdf; ID 1077334 · 19/12/2025 · data/raw/41970012000126/1077334_regulamento.pdf; ID 999523 · 12/06/2025 · data/raw/41970012000126/999523_emissao.pdf,Leitura dirigida de regulamentos completos e atos acessíveis identificados nas fontes; o inventário não foi integralmente relido. Datas documentais posteriores ao período do nome da carteira estão explicitadas.
comparison_emissions,VNU / preço,50473039000102,5ª sênior: R$1.000 por cota,"Fundos.NET ID 912093 | 26/05/2025 | Instrumento Particular de Emissão de Cotas | p. 3–5, adendo5ªsérie | data/raw/50473039000102/912093_review_20261007.pdf | https://fnet.bmfbovespa.com.br/fnet/publico/visualizarDocumento?id=912093",Regra documental; validar enquadramento em dados operacionais.
comparison_emissions,VNU / preço,55471753000177,1ª sênior: R$1.000 por cota; júnior pelo valor da cota na data,"Fundos.NET ID 714216 | 08/08/2024 | Anúncio de Encerramento | p. 1–3, encerramentoprimário | data/raw/55471753000177/714216_review_20261007.pdf | https://fnet.bmfbovespa.com.br/fnet/publico/visualizarDocumento?id=714216",Regra documental; validar enquadramento em dados operacionais.
comparison_emissions,VNU / preço,63572282000111,Não localizado na documentação acessível,"Inventário por CNPJ 63572282000111, consulta Fundos.NET em 07/10/2026: 11 documentos listados; Falha de rede ao acessar pesquisarGerenciadorDocumentosDados: The read operation timed out; inventário local anterior preservado.  PDFs efetivamente revistos: nenhum. ID1089845: Falha de rede ao acessar downloadDocumento: The read operation timed out; ID1080490: Falha de rede ao acessar downloadDocumento: The read operation timed out; ID1104314: Falha de rede ao acessar downloadDocumento: The read operation timed out",Lacuna documental; não preencher por aproximação de nome ou por campo heurístico.
comparison_emissions,VNU / preço,28472333000132,Não localizado nas fontes acessíveis desta leitura,ID 732140 · 03/09/2024 · data/raw/28472333000132/732140_regulamento.pdf; ID 681860 · 17/06/2024 10:00 · data/raw/28472333000132/681860_assembleia.pdf; ID 448299 · 19/04/2023 · data/raw/28472333000132/448299_regulamento.pdf,Leitura dirigida de regulamentos completos e atos acessíveis identificados nas fontes; o inventário não foi integralmente relido. Datas documentais posteriores ao período do nome da carteira estão explicitadas.
comparison_emissions,VNU / preço,33254370000104,Não localizado nas fontes acessíveis desta leitura,ID 1219308 · 03/06/2026 10:00 · data/raw/33254370000104/1219308_assembleia.pdf; ID 1200703 · 20/05/2026 10:00 · data/raw/33254370000104/1200703_assembleia.pdf; ID 1128340 · 03/03/2026 · data/raw/33254370000104/1128340_regulamento.pdf; ID 1118467 · 19/02/2026 · data/raw/33254370000104/1118467_regulamento.pdf,Leitura dirigida de regulamentos completos e atos acessíveis identificados nas fontes; o inventário não foi integralmente relido. Datas documentais posteriores ao período do nome da carteira estão explicitadas.
comparison_emissions,VNU / preço,37511828000114,Não localizado nas fontes acessíveis desta leitura,ID 1200490 · 27/03/2026 · data/raw/37511828000114/1200490_regulamento.pdf; ID 1019776 · 20/10/2025 · data/raw/37511828000114/1019776_regulamento.pdf,Leitura dirigida de regulamentos completos e atos acessíveis identificados nas fontes; o inventário não foi integralmente relido. Datas documentais posteriores ao período do nome da carteira estão explicitadas. Inventário atual tecnicamente indisponível: Fundos.NET respondeu HTTP 520 em pesquisarGerenciadorDocumentosDados.. Inventário anterior preservado; vigência mais recente exige nova consulta.
comparison_emissions,VNU / preço,41970012000126,Não localizado nas fontes acessíveis desta leitura,ID 1341484 · 05/10/2026 10:00 · data/raw/41970012000126/1341484_assembleia.pdf; ID 1314682 · 10/09/2026 · data/raw/41970012000126/1314682_emissao.pdf; ID 1302706 · 27/08/2026 · data/raw/41970012000126/1302706_regulamento.pdf; ID 1302705 · 27/08/2026 10:00 · data/raw/41970012000126/1302705_assembleia.pdf; ID 1077334 · 19/12/2025 · data/raw/41970012000126/1077334_regulamento.pdf; ID 999523 · 12/06/2025 · data/raw/41970012000126/999523_emissao.pdf,Leitura dirigida de regulamentos completos e atos acessíveis identificados nas fontes; o inventário não foi integralmente relido. Datas documentais posteriores ao período do nome da carteira estão explicitadas.
comparison_emissions,Remuneração adicional,50473039000102,Não localizado nas fontes acessíveis desta leitura,ID 909547 · 19/05/2025 · data/raw/50473039000102/909547_review_20261007.pdf; ID 912093 · 26/05/2025 · data/raw/50473039000102/912093_review_20261007.pdf; ID 932137 · 04/06/2025 · data/raw/50473039000102/932137_review_20261007.pdf,"Revisão documental em 07/10/2026. O nome da carteira com 1T26 não define a vigência destas cláusulas; versões posteriores estão datadas por fonte. Não houve atualização de competência IME neste trabalho. Base principal: ID909547, 19/05/2025."
comparison_emissions,Remuneração adicional,55471753000177,Não localizado nas fontes acessíveis desta leitura,ID 704724 · 25/07/2024 · data/raw/55471753000177/704724_review_20261007.pdf; ID 714216 · 08/08/2024 · data/raw/55471753000177/714216_review_20261007.pdf; ID 733048 · 06/09/2024 · data/raw/55471753000177/733048_review_20261007.pdf,"Revisão documental em 07/10/2026. O nome da carteira com 1T26 não define a vigência destas cláusulas; versões posteriores estão datadas por fonte. Não houve atualização de competência IME neste trabalho. Base principal: ID704724, 25/07/2024."
comparison_emissions,Remuneração adicional,63572282000111,Não localizado nas fontes acessíveis desta leitura,Revisão documental em 07/10/2026. O nome da carteira com 1T26 não define a vigência destas cláusulas; versões posteriores estão datadas por fonte. Não houve atualização de competência IME neste trabalho.,Revisão documental em 07/10/2026. O nome da carteira com 1T26 não define a vigência destas cláusulas; versões posteriores estão datadas por fonte. Não houve atualização de competência IME neste trabalho.
comparison_emissions,Remuneração adicional,28472333000132,Não localizado nas fontes acessíveis desta leitura,ID 732140 · 03/09/2024 · data/raw/28472333000132/732140_regulamento.pdf; ID 681860 · 17/06/2024 10:00 · data/raw/28472333000132/681860_assembleia.pdf; ID 448299 · 19/04/2023 · data/raw/28472333000132/448299_regulamento.pdf,Leitura dirigida de regulamentos completos e atos acessíveis identificados nas fontes; o inventário não foi integralmente relido. Datas documentais posteriores ao período do nome da carteira estão explicitadas.
comparison_emissions,Remuneração adicional,33254370000104,"3ª sênior: fator 0,75/0,50/0,40% a.a. sobre capital não integralizado, por faixas de utilização",data/raw/33254370000104/1128340_regulamento.pdf · ID Fundos.NET 1128340 · 03/03/2026 · regulamento · p. 119 · Suplemento 3ª série IX · https://fnet.bmfbovespa.com.br/fnet/publico/visualizarDocumento?id=1128340,"Utilização 0–50%, >50–75%, >75–99,99%; inicia no 180º dia e paga a partir da 6ª data; cessa no fim da integralização."
comparison_emissions,Remuneração adicional,37511828000114,Não localizado nas fontes acessíveis desta leitura,ID 1200490 · 27/03/2026 · data/raw/37511828000114/1200490_regulamento.pdf; ID 1019776 · 20/10/2025 · data/raw/37511828000114/1019776_regulamento.pdf,Leitura dirigida de regulamentos completos e atos acessíveis identificados nas fontes; o inventário não foi integralmente relido. Datas documentais posteriores ao período do nome da carteira estão explicitadas. Inventário atual tecnicamente indisponível: Fundos.NET respondeu HTTP 520 em pesquisarGerenciadorDocumentosDados.. Inventário anterior preservado; vigência mais recente exige nova consulta.
comparison_emissions,Remuneração adicional,41970012000126,Não localizado nas fontes acessíveis desta leitura,ID 1341484 · 05/10/2026 10:00 · data/raw/41970012000126/1341484_assembleia.pdf; ID 1314682 · 10/09/2026 · data/raw/41970012000126/1314682_emissao.pdf; ID 1302706 · 27/08/2026 · data/raw/41970012000126/1302706_regulamento.pdf; ID 1302705 · 27/08/2026 10:00 · data/raw/41970012000126/1302705_assembleia.pdf; ID 1077334 · 19/12/2025 · data/raw/41970012000126/1077334_regulamento.pdf; ID 999523 · 12/06/2025 · data/raw/41970012000126/999523_emissao.pdf,Leitura dirigida de regulamentos completos e atos acessíveis identificados nas fontes; o inventário não foi integralmente relido. Datas documentais posteriores ao período do nome da carteira estão explicitadas.
comparison_payments,Carência,50473039000102,5ª sênior:30 meses inclusive,"Fundos.NET ID 912093 | 26/05/2025 | Instrumento Particular de Emissão de Cotas | p. 3–5, adendo5ªsérie | data/raw/50473039000102/912093_review_20261007.pdf | https://fnet.bmfbovespa.com.br/fnet/publico/visualizarDocumento?id=912093",Cláusula documental; emissão e data-base indicadas. Não implica posição atual em circulação.
comparison_payments,Carência,55471753000177,Não localizado na documentação acessível,"Inventário por CNPJ 55471753000177, consulta Fundos.NET em 07/10/2026: 30 documentos listados; Falha de rede ao acessar pesquisarGerenciadorDocumentosDados: The read operation timed out; inventário local anterior preservado.  PDFs efetivamente revistos: 704724, 714216, 733048. Não foi identificado termo específico na revisão.",Lacuna documental; não preencher por aproximação de nome ou por campo heurístico.
comparison_payments,Carência,63572282000111,Não localizado na documentação acessível,"Inventário por CNPJ 63572282000111, consulta Fundos.NET em 07/10/2026: 11 documentos listados; Falha de rede ao acessar pesquisarGerenciadorDocumentosDados: The read operation timed out; inventário local anterior preservado.  PDFs efetivamente revistos: nenhum. ID1089845: Falha de rede ao acessar downloadDocumento: The read operation timed out; ID1080490: Falha de rede ao acessar downloadDocumento: The read operation timed out; ID1104314: Falha de rede ao acessar downloadDocumento: The read operation timed out",Lacuna documental; não preencher por aproximação de nome ou por campo heurístico.
comparison_payments,Carência,28472333000132,Não localizado nas fontes acessíveis desta leitura,"Consulta Fundos.NET por CNPJ 28472333000132 em 07/10/2026; 102 registros no inventário obtido; fontes acessíveis: 732140, 681860, 448299",Lacuna documental; não equivale à inexistência da regra
comparison_payments,Carência,33254370000104,3ª série: texto 18 meses; calendário inicia principal no mês 13. Divergência documental,data/raw/33254370000104/1128340_regulamento.pdf · ID Fundos.NET 1128340 · 03/03/2026 · regulamento · p. 119–120 · https://fnet.bmfbovespa.com.br/fnet/publico/visualizarDocumento?id=1128340,Resumo jurídico da fonte identificada; verificar aditamentos e aplicação à série
comparison_payments,Carência,37511828000114,Não localizado nas fontes acessíveis desta leitura,"Consulta Fundos.NET por CNPJ 37511828000114 em 07/10/2026; 75 registros no inventário anterior preservado; fontes acessíveis: 1200490, 1019776",Lacuna documental; não equivale à inexistência da regra
comparison_payments,Carência,41970012000126,"Principal sênior após janela de investimento, limite 14/08/2028; MZ respeita prioridade das subclasses",data/raw/41970012000126/1302706_regulamento.pdf · ID Fundos.NET 1302706 · 27/08/2026 · regulamento · p. 133–159 · https://fnet.bmfbovespa.com.br/fnet/publico/visualizarDocumento?id=1302706,Resumo jurídico da fonte identificada; verificar aditamentos e aplicação à série
comparison_payments,Juros/amortização,50473039000102,"5ª sênior: semestral desde 6º mês; 5ª sênior:15/12/2027–15/05/2028; parcelas 16,67/20/25/33,33/50/100% do saldo restante","Fundos.NET ID 912093 | 26/05/2025 | Instrumento Particular de Emissão de Cotas | p. 3–5, adendo5ªsérie | data/raw/50473039000102/912093_review_20261007.pdf | https://fnet.bmfbovespa.com.br/fnet/publico/visualizarDocumento?id=912093",Cláusula documental; emissão e data-base indicadas. Não implica posição atual em circulação.
comparison_payments,Juros/amortização,55471753000177,Não localizado na documentação acessível; Não localizado na documentação acessível,"Inventário por CNPJ 55471753000177, consulta Fundos.NET em 07/10/2026: 30 documentos listados; Falha de rede ao acessar pesquisarGerenciadorDocumentosDados: The read operation timed out; inventário local anterior preservado.  PDFs efetivamente revistos: 704724, 714216, 733048. Não foi identificado termo específico na revisão.",Lacuna documental; não preencher por aproximação de nome ou por campo heurístico.
comparison_payments,Juros/amortização,63572282000111,Não localizado na documentação acessível; Não localizado na documentação acessível,"Inventário por CNPJ 63572282000111, consulta Fundos.NET em 07/10/2026: 11 documentos listados; Falha de rede ao acessar pesquisarGerenciadorDocumentosDados: The read operation timed out; inventário local anterior preservado.  PDFs efetivamente revistos: nenhum. ID1089845: Falha de rede ao acessar downloadDocumento: The read operation timed out; ID1080490: Falha de rede ao acessar downloadDocumento: The read operation timed out; ID1104314: Falha de rede ao acessar downloadDocumento: The read operation timed out",Lacuna documental; não preencher por aproximação de nome ou por campo heurístico.
comparison_payments,Juros/amortização,28472333000132,Não localizado nas fontes acessíveis desta leitura,"Consulta Fundos.NET por CNPJ 28472333000132 em 07/10/2026; 102 registros no inventário obtido; fontes acessíveis: 732140, 681860, 448299",Lacuna documental; não equivale à inexistência da regra
comparison_payments,Juros/amortização,33254370000104,"3ª sênior: juros mensais; principal nas datas da tabela, com divergência da carência textual",data/raw/33254370000104/1128340_regulamento.pdf · ID Fundos.NET 1128340 · 03/03/2026 · regulamento · p. 119–121 · https://fnet.bmfbovespa.com.br/fnet/publico/visualizarDocumento?id=1128340,Resumo jurídico da fonte identificada; verificar aditamentos e aplicação à série
comparison_payments,Juros/amortização,37511828000114,Não localizado nas fontes acessíveis desta leitura,"Consulta Fundos.NET por CNPJ 37511828000114 em 07/10/2026; 75 registros no inventário anterior preservado; fontes acessíveis: 1200490, 1019776",Lacuna documental; não equivale à inexistência da regra
comparison_payments,Juros/amortização,41970012000126,Pagamentos dia 14 ou DU seguinte; principal condicionado ao fim da janela de investimento,data/raw/41970012000126/1302706_regulamento.pdf · ID Fundos.NET 1302706 · 27/08/2026 · regulamento · p. 146 · https://fnet.bmfbovespa.com.br/fnet/publico/visualizarDocumento?id=1302706,Resumo jurídico da fonte identificada; verificar aditamentos e aplicação à série
comparison_payments,Vencimento,50473039000102,5ª sênior:36º mês; cronograma aponta final 15/05/2028,"Fundos.NET ID 912093 | 26/05/2025 | Instrumento Particular de Emissão de Cotas | p. 3–5, adendo5ªsérie | data/raw/50473039000102/912093_review_20261007.pdf | https://fnet.bmfbovespa.com.br/fnet/publico/visualizarDocumento?id=912093",Cláusula documental; emissão e data-base indicadas. Não implica posição atual em circulação.
comparison_payments,Vencimento,55471753000177,Não localizado na documentação acessível,"Inventário por CNPJ 55471753000177, consulta Fundos.NET em 07/10/2026: 30 documentos listados; Falha de rede ao acessar pesquisarGerenciadorDocumentosDados: The read operation timed out; inventário local anterior preservado.  PDFs efetivamente revistos: 704724, 714216, 733048. Não foi identificado termo específico na revisão.",Lacuna documental; não preencher por aproximação de nome ou por campo heurístico.
comparison_payments,Vencimento,63572282000111,Não localizado na documentação acessível,"Inventário por CNPJ 63572282000111, consulta Fundos.NET em 07/10/2026: 11 documentos listados; Falha de rede ao acessar pesquisarGerenciadorDocumentosDados: The read operation timed out; inventário local anterior preservado.  PDFs efetivamente revistos: nenhum. ID1089845: Falha de rede ao acessar downloadDocumento: The read operation timed out; ID1080490: Falha de rede ao acessar downloadDocumento: The read operation timed out; ID1104314: Falha de rede ao acessar downloadDocumento: The read operation timed out",Lacuna documental; não preencher por aproximação de nome ou por campo heurístico.
comparison_payments,Vencimento,28472333000132,Não localizado nas fontes acessíveis desta leitura,"Consulta Fundos.NET por CNPJ 28472333000132 em 07/10/2026; 102 registros no inventário obtido; fontes acessíveis: 732140, 681860, 448299",Lacuna documental; não equivale à inexistência da regra
comparison_payments,Vencimento,33254370000104,3ª sênior: calendário termina em abril/2028; prazo textual três anos da emissão,data/raw/33254370000104/1128340_regulamento.pdf · ID Fundos.NET 1128340 · 03/03/2026 · regulamento · p. 118–121 · https://fnet.bmfbovespa.com.br/fnet/publico/visualizarDocumento?id=1128340,Resumo jurídico da fonte identificada; verificar aditamentos e aplicação à série
comparison_payments,Vencimento,37511828000114,Não localizado nas fontes acessíveis desta leitura,"Consulta Fundos.NET por CNPJ 37511828000114 em 07/10/2026; 75 registros no inventário anterior preservado; fontes acessíveis: 1200490, 1019776",Lacuna documental; não equivale à inexistência da regra
comparison_payments,Vencimento,41970012000126,"Sênior e MZ A/B/C: 14/08/2030, ou DU seguinte","data/raw/41970012000126/1302706_regulamento.pdf · ID Fundos.NET 1302706 · 27/08/2026 · regulamento · p. 134, 137, 142, 146, 152, 155 e 158 · https://fnet.bmfbovespa.com.br/fnet/publico/visualizarDocumento?id=1302706",Resumo jurídico da fonte identificada; verificar aditamentos e aplicação à série
comparison_payments,Juros / pagamentos,50473039000102,5ª sênior: semestral desde 6º mês,"Fundos.NET ID 912093 | 26/05/2025 | Instrumento Particular de Emissão de Cotas | p. 3–5, adendo5ªsérie | data/raw/50473039000102/912093_review_20261007.pdf | https://fnet.bmfbovespa.com.br/fnet/publico/visualizarDocumento?id=912093",Cláusula documental; emissão e data-base indicadas. Não implica posição atual em circulação.
comparison_payments,Juros / pagamentos,55471753000177,Não localizado na documentação acessível,"Inventário por CNPJ 55471753000177, consulta Fundos.NET em 07/10/2026: 30 documentos listados; Falha de rede ao acessar pesquisarGerenciadorDocumentosDados: The read operation timed out; inventário local anterior preservado.  PDFs efetivamente revistos: 704724, 714216, 733048. Não foi identificado termo específico na revisão.",Lacuna documental; não preencher por aproximação de nome ou por campo heurístico.
comparison_payments,Juros / pagamentos,63572282000111,Não localizado na documentação acessível,"Inventário por CNPJ 63572282000111, consulta Fundos.NET em 07/10/2026: 11 documentos listados; Falha de rede ao acessar pesquisarGerenciadorDocumentosDados: The read operation timed out; inventário local anterior preservado.  PDFs efetivamente revistos: nenhum. ID1089845: Falha de rede ao acessar downloadDocumento: The read operation timed out; ID1080490: Falha de rede ao acessar downloadDocumento: The read operation timed out; ID1104314: Falha de rede ao acessar downloadDocumento: The read operation timed out",Lacuna documental; não preencher por aproximação de nome ou por campo heurístico.
comparison_payments,Juros / pagamentos,28472333000132,Não localizado nas fontes acessíveis desta leitura,ID 732140 · 03/09/2024 · data/raw/28472333000132/732140_regulamento.pdf; ID 681860 · 17/06/2024 10:00 · data/raw/28472333000132/681860_assembleia.pdf; ID 448299 · 19/04/2023 · data/raw/28472333000132/448299_regulamento.pdf,Leitura dirigida de regulamentos completos e atos acessíveis identificados nas fontes; o inventário não foi integralmente relido. Datas documentais posteriores ao período do nome da carteira estão explicitadas.
comparison_payments,Juros / pagamentos,33254370000104,Não localizado nas fontes acessíveis desta leitura,ID 1219308 · 03/06/2026 10:00 · data/raw/33254370000104/1219308_assembleia.pdf; ID 1200703 · 20/05/2026 10:00 · data/raw/33254370000104/1200703_assembleia.pdf; ID 1128340 · 03/03/2026 · data/raw/33254370000104/1128340_regulamento.pdf; ID 1118467 · 19/02/2026 · data/raw/33254370000104/1118467_regulamento.pdf,Leitura dirigida de regulamentos completos e atos acessíveis identificados nas fontes; o inventário não foi integralmente relido. Datas documentais posteriores ao período do nome da carteira estão explicitadas.
comparison_payments,Juros / pagamentos,37511828000114,Não localizado nas fontes acessíveis desta leitura,ID 1200490 · 27/03/2026 · data/raw/37511828000114/1200490_regulamento.pdf; ID 1019776 · 20/10/2025 · data/raw/37511828000114/1019776_regulamento.pdf,Leitura dirigida de regulamentos completos e atos acessíveis identificados nas fontes; o inventário não foi integralmente relido. Datas documentais posteriores ao período do nome da carteira estão explicitadas. Inventário atual tecnicamente indisponível: Fundos.NET respondeu HTTP 520 em pesquisarGerenciadorDocumentosDados.. Inventário anterior preservado; vigência mais recente exige nova consulta.
comparison_payments,Juros / pagamentos,41970012000126,Não localizado nas fontes acessíveis desta leitura,ID 1341484 · 05/10/2026 10:00 · data/raw/41970012000126/1341484_assembleia.pdf; ID 1314682 · 10/09/2026 · data/raw/41970012000126/1314682_emissao.pdf; ID 1302706 · 27/08/2026 · data/raw/41970012000126/1302706_regulamento.pdf; ID 1302705 · 27/08/2026 10:00 · data/raw/41970012000126/1302705_assembleia.pdf; ID 1077334 · 19/12/2025 · data/raw/41970012000126/1077334_regulamento.pdf; ID 999523 · 12/06/2025 · data/raw/41970012000126/999523_emissao.pdf,Leitura dirigida de regulamentos completos e atos acessíveis identificados nas fontes; o inventário não foi integralmente relido. Datas documentais posteriores ao período do nome da carteira estão explicitadas.
comparison_payments,Amortização programada,50473039000102,"5ª sênior:15/12/2027–15/05/2028; parcelas 16,67/20/25/33,33/50/100% do saldo restante","Fundos.NET ID 912093 | 26/05/2025 | Instrumento Particular de Emissão de Cotas | p. 3–5, adendo5ªsérie | data/raw/50473039000102/912093_review_20261007.pdf | https://fnet.bmfbovespa.com.br/fnet/publico/visualizarDocumento?id=912093",Cláusula documental; emissão e data-base indicadas. Não implica posição atual em circulação.
comparison_payments,Amortização programada,55471753000177,Não localizado na documentação acessível,"Inventário por CNPJ 55471753000177, consulta Fundos.NET em 07/10/2026: 30 documentos listados; Falha de rede ao acessar pesquisarGerenciadorDocumentosDados: The read operation timed out; inventário local anterior preservado.  PDFs efetivamente revistos: 704724, 714216, 733048. Não foi identificado termo específico na revisão.",Lacuna documental; não preencher por aproximação de nome ou por campo heurístico.
comparison_payments,Amortização programada,63572282000111,Não localizado na documentação acessível,"Inventário por CNPJ 63572282000111, consulta Fundos.NET em 07/10/2026: 11 documentos listados; Falha de rede ao acessar pesquisarGerenciadorDocumentosDados: The read operation timed out; inventário local anterior preservado.  PDFs efetivamente revistos: nenhum. ID1089845: Falha de rede ao acessar downloadDocumento: The read operation timed out; ID1080490: Falha de rede ao acessar downloadDocumento: The read operation timed out; ID1104314: Falha de rede ao acessar downloadDocumento: The read operation timed out",Lacuna documental; não preencher por aproximação de nome ou por campo heurístico.
comparison_payments,Amortização programada,28472333000132,Não localizado nas fontes acessíveis desta leitura,ID 732140 · 03/09/2024 · data/raw/28472333000132/732140_regulamento.pdf; ID 681860 · 17/06/2024 10:00 · data/raw/28472333000132/681860_assembleia.pdf; ID 448299 · 19/04/2023 · data/raw/28472333000132/448299_regulamento.pdf,Leitura dirigida de regulamentos completos e atos acessíveis identificados nas fontes; o inventário não foi integralmente relido. Datas documentais posteriores ao período do nome da carteira estão explicitadas.
comparison_payments,Amortização programada,33254370000104,Não localizado nas fontes acessíveis desta leitura,ID 1219308 · 03/06/2026 10:00 · data/raw/33254370000104/1219308_assembleia.pdf; ID 1200703 · 20/05/2026 10:00 · data/raw/33254370000104/1200703_assembleia.pdf; ID 1128340 · 03/03/2026 · data/raw/33254370000104/1128340_regulamento.pdf; ID 1118467 · 19/02/2026 · data/raw/33254370000104/1118467_regulamento.pdf,Leitura dirigida de regulamentos completos e atos acessíveis identificados nas fontes; o inventário não foi integralmente relido. Datas documentais posteriores ao período do nome da carteira estão explicitadas.
comparison_payments,Amortização programada,37511828000114,Não localizado nas fontes acessíveis desta leitura,ID 1200490 · 27/03/2026 · data/raw/37511828000114/1200490_regulamento.pdf; ID 1019776 · 20/10/2025 · data/raw/37511828000114/1019776_regulamento.pdf,Leitura dirigida de regulamentos completos e atos acessíveis identificados nas fontes; o inventário não foi integralmente relido. Datas documentais posteriores ao período do nome da carteira estão explicitadas. Inventário atual tecnicamente indisponível: Fundos.NET respondeu HTTP 520 em pesquisarGerenciadorDocumentosDados.. Inventário anterior preservado; vigência mais recente exige nova consulta.
comparison_payments,Amortização programada,41970012000126,Não localizado nas fontes acessíveis desta leitura,ID 1341484 · 05/10/2026 10:00 · data/raw/41970012000126/1341484_assembleia.pdf; ID 1314682 · 10/09/2026 · data/raw/41970012000126/1314682_emissao.pdf; ID 1302706 · 27/08/2026 · data/raw/41970012000126/1302706_regulamento.pdf; ID 1302705 · 27/08/2026 10:00 · data/raw/41970012000126/1302705_assembleia.pdf; ID 1077334 · 19/12/2025 · data/raw/41970012000126/1077334_regulamento.pdf; ID 999523 · 12/06/2025 · data/raw/41970012000126/999523_emissao.pdf,Leitura dirigida de regulamentos completos e atos acessíveis identificados nas fontes; o inventário não foi integralmente relido. Datas documentais posteriores ao período do nome da carteira estão explicitadas.
comparison_payments,Amortização extraordinária,50473039000102,Não localizado na documentação acessível,"Inventário por CNPJ 50473039000102, consulta Fundos.NET em 07/10/2026: 45 documentos listados; Fundos.NET respondeu HTTP 520 em pesquisarGerenciadorDocumentosDados.; inventário local anterior preservado.  PDFs efetivamente revistos: 909547, 912093, 932137. Não foi identificado termo específico na revisão.",Lacuna documental; não preencher por aproximação de nome ou por campo heurístico.
comparison_payments,Amortização extraordinária,55471753000177,Não localizado na documentação acessível,"Inventário por CNPJ 55471753000177, consulta Fundos.NET em 07/10/2026: 30 documentos listados; Falha de rede ao acessar pesquisarGerenciadorDocumentosDados: The read operation timed out; inventário local anterior preservado.  PDFs efetivamente revistos: 704724, 714216, 733048. Não foi identificado termo específico na revisão.",Lacuna documental; não preencher por aproximação de nome ou por campo heurístico.
comparison_payments,Amortização extraordinária,63572282000111,Não localizado na documentação acessível,"Inventário por CNPJ 63572282000111, consulta Fundos.NET em 07/10/2026: 11 documentos listados; Falha de rede ao acessar pesquisarGerenciadorDocumentosDados: The read operation timed out; inventário local anterior preservado.  PDFs efetivamente revistos: nenhum. ID1089845: Falha de rede ao acessar downloadDocumento: The read operation timed out; ID1080490: Falha de rede ao acessar downloadDocumento: The read operation timed out; ID1104314: Falha de rede ao acessar downloadDocumento: The read operation timed out",Lacuna documental; não preencher por aproximação de nome ou por campo heurístico.
comparison_payments,Amortização extraordinária,28472333000132,Não localizado nas fontes acessíveis desta leitura,ID 732140 · 03/09/2024 · data/raw/28472333000132/732140_regulamento.pdf; ID 681860 · 17/06/2024 10:00 · data/raw/28472333000132/681860_assembleia.pdf; ID 448299 · 19/04/2023 · data/raw/28472333000132/448299_regulamento.pdf,Leitura dirigida de regulamentos completos e atos acessíveis identificados nas fontes; o inventário não foi integralmente relido. Datas documentais posteriores ao período do nome da carteira estão explicitadas.
comparison_payments,Amortização extraordinária,33254370000104,Não localizado nas fontes acessíveis desta leitura,ID 1219308 · 03/06/2026 10:00 · data/raw/33254370000104/1219308_assembleia.pdf; ID 1200703 · 20/05/2026 10:00 · data/raw/33254370000104/1200703_assembleia.pdf; ID 1128340 · 03/03/2026 · data/raw/33254370000104/1128340_regulamento.pdf; ID 1118467 · 19/02/2026 · data/raw/33254370000104/1118467_regulamento.pdf,Leitura dirigida de regulamentos completos e atos acessíveis identificados nas fontes; o inventário não foi integralmente relido. Datas documentais posteriores ao período do nome da carteira estão explicitadas.
comparison_payments,Amortização extraordinária,37511828000114,Não localizado nas fontes acessíveis desta leitura,ID 1200490 · 27/03/2026 · data/raw/37511828000114/1200490_regulamento.pdf; ID 1019776 · 20/10/2025 · data/raw/37511828000114/1019776_regulamento.pdf,Leitura dirigida de regulamentos completos e atos acessíveis identificados nas fontes; o inventário não foi integralmente relido. Datas documentais posteriores ao período do nome da carteira estão explicitadas. Inventário atual tecnicamente indisponível: Fundos.NET respondeu HTTP 520 em pesquisarGerenciadorDocumentosDados.. Inventário anterior preservado; vigência mais recente exige nova consulta.
comparison_payments,Amortização extraordinária,41970012000126,Não localizado nas fontes acessíveis desta leitura,ID 1341484 · 05/10/2026 10:00 · data/raw/41970012000126/1341484_assembleia.pdf; ID 1314682 · 10/09/2026 · data/raw/41970012000126/1314682_emissao.pdf; ID 1302706 · 27/08/2026 · data/raw/41970012000126/1302706_regulamento.pdf; ID 1302705 · 27/08/2026 10:00 · data/raw/41970012000126/1302705_assembleia.pdf; ID 1077334 · 19/12/2025 · data/raw/41970012000126/1077334_regulamento.pdf; ID 999523 · 12/06/2025 · data/raw/41970012000126/999523_emissao.pdf,Leitura dirigida de regulamentos completos e atos acessíveis identificados nas fontes; o inventário não foi integralmente relido. Datas documentais posteriores ao período do nome da carteira estão explicitadas.
comparison_costs,Administração,50473039000102,"Faixas por PL: 0,075%≤R$ 200 mi;0,05%200–500 mi;0,04%500 mi–1 bi;0,02%>1 bi; mínimo R$ 17.500/mês, teto R$ 50 mil","Fundos.NET ID 909547 | 19/05/2025 | Regulamento | p. 82, taxaadministração | data/raw/50473039000102/909547_review_20261007.pdf | https://fnet.bmfbovespa.com.br/fnet/publico/visualizarDocumento?id=909547",Resumo da versão indicada; fontesporcláusula; nenhumaexposiçãoindividualenquadradaautomaticamente.
comparison_costs,Administração,55471753000177,"Faixas por PL: 0,075%≤R$ 200 mi;0,05%200–500 mi;0,04%500 mi–1 bi;0,02%>1 bi; mínimo R$ 17.500/mês, teto R$ 50 mil","Fundos.NET ID 704724 | 25/07/2024 | Regulamento | p. 90, taxaadministração | data/raw/55471753000177/704724_review_20261007.pdf | https://fnet.bmfbovespa.com.br/fnet/publico/visualizarDocumento?id=704724",Resumo da versão indicada; fontesporcláusula; nenhumaexposiçãoindividualenquadradaautomaticamente.
comparison_costs,Administração,63572282000111,Não localizado na documentação acessível,"Inventário por CNPJ 63572282000111, consulta Fundos.NET em 07/10/2026: 11 documentos listados; Falha de rede ao acessar pesquisarGerenciadorDocumentosDados: The read operation timed out; inventário local anterior preservado.  PDFs efetivamente revistos: nenhum. ID1089845: Falha de rede ao acessar downloadDocumento: The read operation timed out; ID1080490: Falha de rede ao acessar downloadDocumento: The read operation timed out; ID1104314: Falha de rede ao acessar downloadDocumento: The read operation timed out",Lacuna documental; não preencher por aproximação de nome ou por campo heurístico.
comparison_costs,Administração,28472333000132,"Taxa máxima agregada 1,25% a.a. PL; mínimo R$ 30 mil/mês; IGP-M",data/raw/28472333000132/732140_regulamento.pdf · ID Fundos.NET 732140 · 03/09/2024 · regulamento · p. 18–19 · https://fnet.bmfbovespa.com.br/fnet/publico/visualizarDocumento?id=732140,Resumo jurídico da fonte identificada; verificar aditamentos e aplicação à série
comparison_costs,Administração,33254370000104,"0,07% do PL; mínimo R$ 15 mil/mês; teto 0,30% a.a.; IPCA",data/raw/33254370000104/1128340_regulamento.pdf · ID Fundos.NET 1128340 · 03/03/2026 · regulamento · p. 38–40 · https://fnet.bmfbovespa.com.br/fnet/publico/visualizarDocumento?id=1128340,Resumo jurídico da fonte identificada; verificar aditamentos e aplicação à série
comparison_costs,Administração,37511828000114,"Faixas cumulativas 0,125% / 0,11% / 0,09% a.a.; mínimo R$ 27 mil/mês",data/raw/37511828000114/1200490_regulamento.pdf · ID Fundos.NET 1200490 · 27/03/2026 · regulamento · p. 105 · https://fnet.bmfbovespa.com.br/fnet/publico/visualizarDocumento?id=1200490,Resumo jurídico da fonte identificada; verificar aditamentos e aplicação à série
comparison_costs,Administração,41970012000126,"0,075% a.a. do PL; mínimo R$ 15 mil/mês; inclui custódia",data/raw/41970012000126/1302706_regulamento.pdf · ID Fundos.NET 1302706 · 27/08/2026 · regulamento · p. 100 · https://fnet.bmfbovespa.com.br/fnet/publico/visualizarDocumento?id=1302706,Resumo jurídico da fonte identificada; verificar aditamentos e aplicação à série
comparison_costs,Gestão,50473039000102,"Mesmas faixas da administração: 0,075/0,05/0,04/0,02% a.a.; mínimo R$ 17.500/mês, teto R$ 50 mil; lastro + R$ 5 mil/mês","Fundos.NET ID 909547 | 19/05/2025 | Regulamento | p. 83, taxagestão | data/raw/50473039000102/909547_review_20261007.pdf | https://fnet.bmfbovespa.com.br/fnet/publico/visualizarDocumento?id=909547",Resumo da versão indicada; fontesporcláusula; nenhumaexposiçãoindividualenquadradaautomaticamente.
comparison_costs,Gestão,55471753000177,"Mesmas faixas da administração: 0,075/0,05/0,04/0,02% a.a.; mínimo R$ 17.500/mês, teto R$ 50 mil; lastro + R$ 5 mil/mês","Fundos.NET ID 704724 | 25/07/2024 | Regulamento | p. 91, taxagestão | data/raw/55471753000177/704724_review_20261007.pdf | https://fnet.bmfbovespa.com.br/fnet/publico/visualizarDocumento?id=704724",Resumo da versão indicada; fontesporcláusula; nenhumaexposiçãoindividualenquadradaautomaticamente.
comparison_costs,Gestão,63572282000111,Não localizado na documentação acessível,"Inventário por CNPJ 63572282000111, consulta Fundos.NET em 07/10/2026: 11 documentos listados; Falha de rede ao acessar pesquisarGerenciadorDocumentosDados: The read operation timed out; inventário local anterior preservado.  PDFs efetivamente revistos: nenhum. ID1089845: Falha de rede ao acessar downloadDocumento: The read operation timed out; ID1080490: Falha de rede ao acessar downloadDocumento: The read operation timed out; ID1104314: Falha de rede ao acessar downloadDocumento: The read operation timed out",Lacuna documental; não preencher por aproximação de nome ou por campo heurístico.
comparison_costs,Gestão,28472333000132,Parcela deduzida da taxa de administração; percentual no contrato não localizado,data/raw/28472333000132/732140_regulamento.pdf · ID Fundos.NET 732140 · 03/09/2024 · regulamento · p. 22 · https://fnet.bmfbovespa.com.br/fnet/publico/visualizarDocumento?id=732140,Resumo jurídico da fonte identificada; verificar aditamentos e aplicação à série
comparison_costs,Gestão,33254370000104,"Faixas do PL agregado com Mercado Crédito II: 0,20% / 0,15% / 0,13% / 0,10% a.a.",data/raw/33254370000104/1128340_regulamento.pdf · ID Fundos.NET 1128340 · 03/03/2026 · regulamento · p. 39–40 · https://fnet.bmfbovespa.com.br/fnet/publico/visualizarDocumento?id=1128340,Resumo jurídico da fonte identificada; verificar aditamentos e aplicação à série
comparison_costs,Gestão,37511828000114,"0,12% a.a. sobre PL; mínimo não recuperável no texto extraído",data/raw/37511828000114/1200490_regulamento.pdf · ID Fundos.NET 1200490 · 27/03/2026 · regulamento · p. 106 · https://fnet.bmfbovespa.com.br/fnet/publico/visualizarDocumento?id=1200490,Resumo jurídico da fonte identificada; verificar aditamentos e aplicação à série
comparison_costs,Gestão,41970012000126,"Faixas do PL agregado com Mercado Crédito 0: 0,20% / 0,15% / 0,13% / 0,10% a.a.",data/raw/41970012000126/1302706_regulamento.pdf · ID Fundos.NET 1302706 · 27/08/2026 · regulamento · p. 101 · https://fnet.bmfbovespa.com.br/fnet/publico/visualizarDocumento?id=1302706,Resumo jurídico da fonte identificada; verificar aditamentos e aplicação à série
comparison_costs,Custódia,50473039000102,Custódia: contrato adicional; taxa individual não localizada; lastro R$ 5 mil/mês na gestão,"Fundos.NET ID 909547 | 19/05/2025 | Regulamento | p. 83–85, 5.10(ii)/6.1 | data/raw/50473039000102/909547_review_20261007.pdf | https://fnet.bmfbovespa.com.br/fnet/publico/visualizarDocumento?id=909547",Não transformar remuneraçãodecustódianãolocalizadaemzero.
comparison_costs,Custódia,55471753000177,Custódia incluída na administração; verificação lastro R$ 5 mil/mês na gestão,"Fundos.NET ID 704724 | 25/07/2024 | Regulamento | p. 91, 5.5(iv)/5.6(ii) | data/raw/55471753000177/704724_review_20261007.pdf | https://fnet.bmfbovespa.com.br/fnet/publico/visualizarDocumento?id=704724",Cláusula documental; emissão e data-base indicadas. Não implica posição atual em circulação.
comparison_costs,Custódia,63572282000111,Não localizado na documentação acessível,"Inventário por CNPJ 63572282000111, consulta Fundos.NET em 07/10/2026: 11 documentos listados; Falha de rede ao acessar pesquisarGerenciadorDocumentosDados: The read operation timed out; inventário local anterior preservado.  PDFs efetivamente revistos: nenhum. ID1089845: Falha de rede ao acessar downloadDocumento: The read operation timed out; ID1080490: Falha de rede ao acessar downloadDocumento: The read operation timed out; ID1104314: Falha de rede ao acessar downloadDocumento: The read operation timed out",Lacuna documental; não preencher por aproximação de nome ou por campo heurístico.
comparison_costs,Custódia,28472333000132,Incluída na taxa máxima agregada de administração,data/raw/28472333000132/732140_regulamento.pdf · ID Fundos.NET 732140 · 03/09/2024 · regulamento · p. 18 · https://fnet.bmfbovespa.com.br/fnet/publico/visualizarDocumento?id=732140,Resumo jurídico da fonte identificada; verificar aditamentos e aplicação à série
comparison_costs,Custódia,33254370000104,Taxa de custódia expressamente 0%,data/raw/33254370000104/1128340_regulamento.pdf · ID Fundos.NET 1128340 · 03/03/2026 · regulamento · p. 39 · https://fnet.bmfbovespa.com.br/fnet/publico/visualizarDocumento?id=1128340,Resumo jurídico da fonte identificada; verificar aditamentos e aplicação à série
comparison_costs,Custódia,37511828000114,"0,05% a.a.; mínimo R$ 3 mil/mês",data/raw/37511828000114/1200490_regulamento.pdf · ID Fundos.NET 1200490 · 27/03/2026 · regulamento · p. 106 · https://fnet.bmfbovespa.com.br/fnet/publico/visualizarDocumento?id=1200490,Resumo jurídico da fonte identificada; verificar aditamentos e aplicação à série
comparison_costs,Custódia,41970012000126,Incluída na taxa de administração,data/raw/41970012000126/1302706_regulamento.pdf · ID Fundos.NET 1302706 · 27/08/2026 · regulamento · p. 100 · https://fnet.bmfbovespa.com.br/fnet/publico/visualizarDocumento?id=1302706,Resumo jurídico da fonte identificada; verificar aditamentos e aplicação à série
comparison_costs,Reajuste / base,50473039000102,Valores fixos: IGP-M positivo anual; taxas diárias base 252; gross-up tributário,"Fundos.NET ID 909547 | 19/05/2025 | Regulamento | p. 83, taxas/reajuste | data/raw/50473039000102/909547_review_20261007.pdf | https://fnet.bmfbovespa.com.br/fnet/publico/visualizarDocumento?id=909547",Resumo da versão indicada; fontesporcláusula; nenhumaexposiçãoindividualenquadradaautomaticamente.
comparison_costs,Reajuste / base,55471753000177,Valores fixos: IGP-M positivo anual; taxas diárias base 252; gross-up tributário,"Fundos.NET ID 704724 | 25/07/2024 | Regulamento | p. 92, taxas/reajuste | data/raw/55471753000177/704724_review_20261007.pdf | https://fnet.bmfbovespa.com.br/fnet/publico/visualizarDocumento?id=704724",Resumo da versão indicada; fontesporcláusula; nenhumaexposiçãoindividualenquadradaautomaticamente.
comparison_costs,Reajuste / base,63572282000111,Não localizado na documentação acessível,"Inventário por CNPJ 63572282000111, consulta Fundos.NET em 07/10/2026: 11 documentos listados; Falha de rede ao acessar pesquisarGerenciadorDocumentosDados: The read operation timed out; inventário local anterior preservado.  PDFs efetivamente revistos: nenhum. ID1089845: Falha de rede ao acessar downloadDocumento: The read operation timed out; ID1080490: Falha de rede ao acessar downloadDocumento: The read operation timed out; ID1104314: Falha de rede ao acessar downloadDocumento: The read operation timed out",Lacuna documental; não preencher por aproximação de nome ou por campo heurístico.
comparison_costs,Reajuste / base,28472333000132,Não localizado nas fontes acessíveis desta leitura,ID 732140 · 03/09/2024 · data/raw/28472333000132/732140_regulamento.pdf; ID 681860 · 17/06/2024 10:00 · data/raw/28472333000132/681860_assembleia.pdf; ID 448299 · 19/04/2023 · data/raw/28472333000132/448299_regulamento.pdf,Leitura dirigida de regulamentos completos e atos acessíveis identificados nas fontes; o inventário não foi integralmente relido. Datas documentais posteriores ao período do nome da carteira estão explicitadas.
comparison_costs,Reajuste / base,33254370000104,Não localizado nas fontes acessíveis desta leitura,ID 1219308 · 03/06/2026 10:00 · data/raw/33254370000104/1219308_assembleia.pdf; ID 1200703 · 20/05/2026 10:00 · data/raw/33254370000104/1200703_assembleia.pdf; ID 1128340 · 03/03/2026 · data/raw/33254370000104/1128340_regulamento.pdf; ID 1118467 · 19/02/2026 · data/raw/33254370000104/1118467_regulamento.pdf,Leitura dirigida de regulamentos completos e atos acessíveis identificados nas fontes; o inventário não foi integralmente relido. Datas documentais posteriores ao período do nome da carteira estão explicitadas.
comparison_costs,Reajuste / base,37511828000114,Não localizado nas fontes acessíveis desta leitura,ID 1200490 · 27/03/2026 · data/raw/37511828000114/1200490_regulamento.pdf; ID 1019776 · 20/10/2025 · data/raw/37511828000114/1019776_regulamento.pdf,Leitura dirigida de regulamentos completos e atos acessíveis identificados nas fontes; o inventário não foi integralmente relido. Datas documentais posteriores ao período do nome da carteira estão explicitadas. Inventário atual tecnicamente indisponível: Fundos.NET respondeu HTTP 520 em pesquisarGerenciadorDocumentosDados.. Inventário anterior preservado; vigência mais recente exige nova consulta.
comparison_costs,Reajuste / base,41970012000126,Não localizado nas fontes acessíveis desta leitura,ID 1341484 · 05/10/2026 10:00 · data/raw/41970012000126/1341484_assembleia.pdf; ID 1314682 · 10/09/2026 · data/raw/41970012000126/1314682_emissao.pdf; ID 1302706 · 27/08/2026 · data/raw/41970012000126/1302706_regulamento.pdf; ID 1302705 · 27/08/2026 10:00 · data/raw/41970012000126/1302705_assembleia.pdf; ID 1077334 · 19/12/2025 · data/raw/41970012000126/1077334_regulamento.pdf; ID 999523 · 12/06/2025 · data/raw/41970012000126/999523_emissao.pdf,Leitura dirigida de regulamentos completos e atos acessíveis identificados nas fontes; o inventário não foi integralmente relido. Datas documentais posteriores ao período do nome da carteira estão explicitadas.
comparison_costs,Escrituração e despesas adicionais,50473039000102,Escrituração R$2 mil/mês; implantação R$7 mil; assembleias R$700/h; lastro setup R$35 mil,Fundos.NET ID 909547; referência 19/05/2025; Regulamento; p. 82–83; Remuneração de Administração/Gestão; data/raw/50473039000102/909547_review_20261007.pdf; https://fnet.bmfbovespa.com.br/fnet/publico/visualizarDocumento?id=909547,Valores adicionais conforme serviços e reajustes; gestão/lastro mensal consta na linha Gestão.
comparison_costs,Escrituração e despesas adicionais,55471753000177,Escrituração R$2 mil/mês; implantação R$7 mil; assembleias R$700/h; lastro setup R$35 mil,Fundos.NET ID 704724; referência 25/07/2024; Regulamento; p. 90–92; Remuneração de Administração/Gestão; data/raw/55471753000177/704724_review_20261007.pdf; https://fnet.bmfbovespa.com.br/fnet/publico/visualizarDocumento?id=704724,Valores adicionais conforme serviços e reajustes; gestão/lastro mensal consta na linha Gestão.
comparison_costs,Escrituração e despesas adicionais,63572282000111,Não localizado nas fontes acessíveis desta leitura,Revisão documental em 07/10/2026. O nome da carteira com 1T26 não define a vigência destas cláusulas; versões posteriores estão datadas por fonte. Não houve atualização de competência IME neste trabalho.,Revisão documental em 07/10/2026. O nome da carteira com 1T26 não define a vigência destas cláusulas; versões posteriores estão datadas por fonte. Não houve atualização de competência IME neste trabalho.
comparison_costs,Escrituração e despesas adicionais,28472333000132,Não localizado nas fontes acessíveis desta leitura,ID 732140 · 03/09/2024 · data/raw/28472333000132/732140_regulamento.pdf; ID 681860 · 17/06/2024 10:00 · data/raw/28472333000132/681860_assembleia.pdf; ID 448299 · 19/04/2023 · data/raw/28472333000132/448299_regulamento.pdf,Leitura dirigida de regulamentos completos e atos acessíveis identificados nas fontes; o inventário não foi integralmente relido. Datas documentais posteriores ao período do nome da carteira estão explicitadas.
comparison_costs,Escrituração e despesas adicionais,33254370000104,Não localizado nas fontes acessíveis desta leitura,ID 1219308 · 03/06/2026 10:00 · data/raw/33254370000104/1219308_assembleia.pdf; ID 1200703 · 20/05/2026 10:00 · data/raw/33254370000104/1200703_assembleia.pdf; ID 1128340 · 03/03/2026 · data/raw/33254370000104/1128340_regulamento.pdf; ID 1118467 · 19/02/2026 · data/raw/33254370000104/1118467_regulamento.pdf,Leitura dirigida de regulamentos completos e atos acessíveis identificados nas fontes; o inventário não foi integralmente relido. Datas documentais posteriores ao período do nome da carteira estão explicitadas.
comparison_costs,Escrituração e despesas adicionais,37511828000114,Não localizado nas fontes acessíveis desta leitura,ID 1200490 · 27/03/2026 · data/raw/37511828000114/1200490_regulamento.pdf; ID 1019776 · 20/10/2025 · data/raw/37511828000114/1019776_regulamento.pdf,Leitura dirigida de regulamentos completos e atos acessíveis identificados nas fontes; o inventário não foi integralmente relido. Datas documentais posteriores ao período do nome da carteira estão explicitadas. Inventário atual tecnicamente indisponível: Fundos.NET respondeu HTTP 520 em pesquisarGerenciadorDocumentosDados.. Inventário anterior preservado; vigência mais recente exige nova consulta.
comparison_costs,Escrituração e despesas adicionais,41970012000126,Não localizado nas fontes acessíveis desta leitura,ID 1341484 · 05/10/2026 10:00 · data/raw/41970012000126/1341484_assembleia.pdf; ID 1314682 · 10/09/2026 · data/raw/41970012000126/1314682_emissao.pdf; ID 1302706 · 27/08/2026 · data/raw/41970012000126/1302706_regulamento.pdf; ID 1302705 · 27/08/2026 10:00 · data/raw/41970012000126/1302705_assembleia.pdf; ID 1077334 · 19/12/2025 · data/raw/41970012000126/1077334_regulamento.pdf; ID 999523 · 12/06/2025 · data/raw/41970012000126/999523_emissao.pdf,Leitura dirigida de regulamentos completos e atos acessíveis identificados nas fontes; o inventário não foi integralmente relido. Datas documentais posteriores ao período do nome da carteira estão explicitadas.
comparison_monitoring,Alocação/subordinação IME,50473039000102,DC / PL: proxy com validação de elegibilidade e denominador; Subordinadas / PL: conferir subclasses e fórmula do índice,"Fundos.NET ID 909547 | 19/05/2025 | Regulamento | p. 31, Anexo e avaliação metodológica da revisão | data/raw/50473039000102/909547_review_20261007.pdf | https://fnet.bmfbovespa.com.br/fnet/publico/visualizarDocumento?id=909547 | Fundos.NET ID 909547 | 19/05/2025 | Regulamento | p. 46, Anexo e avaliação metodológica da revisão | data/raw/50473039000102/909547_review_20261007.pdf | https://fnet.bmfbovespa.com.br/fnet/publico/visualizarDocumento?id=909547",Classificação de monitoramento derivada da disponibilidade pública do IME; não é declaração de enquadramento atual. Sem nova competência IME carregada.
comparison_monitoring,Alocação/subordinação IME,55471753000177,DC / PL: proxy com validação de elegibilidade e denominador; Subordinadas / PL: conferir subclasses e fórmula do índice,"Fundos.NET ID 704724 | 25/07/2024 | Regulamento | p. 33, Anexo e avaliação metodológica da revisão | data/raw/55471753000177/704724_review_20261007.pdf | https://fnet.bmfbovespa.com.br/fnet/publico/visualizarDocumento?id=704724 | Fundos.NET ID 704724 | 25/07/2024 | Regulamento | p. 47, Anexo e avaliação metodológica da revisão | data/raw/55471753000177/704724_review_20261007.pdf | https://fnet.bmfbovespa.com.br/fnet/publico/visualizarDocumento?id=704724",Classificação de monitoramento derivada da disponibilidade pública do IME; não é declaração de enquadramento atual. Sem nova competência IME carregada.
comparison_monitoring,Alocação/subordinação IME,63572282000111,Não localizado na documentação acessível; Não localizado na documentação acessível,"Inventário por CNPJ 63572282000111, consulta Fundos.NET em 07/10/2026: 11 documentos listados; Falha de rede ao acessar pesquisarGerenciadorDocumentosDados: The read operation timed out; inventário local anterior preservado.  PDFs efetivamente revistos: nenhum. ID1089845: Falha de rede ao acessar downloadDocumento: The read operation timed out; ID1080490: Falha de rede ao acessar downloadDocumento: The read operation timed out; ID1104314: Falha de rede ao acessar downloadDocumento: The read operation timed out",Lacuna documental; não preencher por aproximação de nome ou por campo heurístico.
comparison_monitoring,Alocação/subordinação IME,28472333000132,"DC/PL e cotas/PL são candidatos; validar denominadores, subclasses e exclusões",Metodologia IME público: services/documentary_portfolio_reviews.py; fórmulas dependem das definições documentais citadas neste perfil,Classificação metodológica; não afirma enquadramento do fundo em uma competência
comparison_monitoring,Alocação/subordinação IME,33254370000104,"DC/PL e cotas/PL são candidatos; validar denominadores, subclasses e exclusões",Metodologia IME público: services/documentary_portfolio_reviews.py; fórmulas dependem das definições documentais citadas neste perfil,Classificação metodológica; não afirma enquadramento do fundo em uma competência
comparison_monitoring,Alocação/subordinação IME,37511828000114,"DC/PL e cotas/PL são candidatos; validar denominadores, subclasses e exclusões",Metodologia IME público: services/documentary_portfolio_reviews.py; fórmulas dependem das definições documentais citadas neste perfil,Classificação metodológica; não afirma enquadramento do fundo em uma competência
comparison_monitoring,Alocação/subordinação IME,41970012000126,"DC/PL e cotas/PL são candidatos; validar denominadores, subclasses e exclusões",Metodologia IME público: services/documentary_portfolio_reviews.py; fórmulas dependem das definições documentais citadas neste perfil,Classificação metodológica; não afirma enquadramento do fundo em uma competência
comparison_monitoring,Inadimplência/PDD IME,50473039000102,"Over 30/60/90 e PDD / crédito: indicadores agregados, sem equivalência automática a gatilhos","Fundos.NET ID 909547 | 19/05/2025 | Regulamento | p. 1, Anexo e avaliação metodológica da revisão | data/raw/50473039000102/909547_review_20261007.pdf | https://fnet.bmfbovespa.com.br/fnet/publico/visualizarDocumento?id=909547",Classificação de monitoramento derivada da disponibilidade pública do IME; não é declaração de enquadramento atual. Sem nova competência IME carregada.
comparison_monitoring,Inadimplência/PDD IME,55471753000177,"Over 30/60/90 e PDD / crédito: indicadores agregados, sem equivalência automática a gatilhos","Fundos.NET ID 704724 | 25/07/2024 | Regulamento | p. 1, Anexo e avaliação metodológica da revisão | data/raw/55471753000177/704724_review_20261007.pdf | https://fnet.bmfbovespa.com.br/fnet/publico/visualizarDocumento?id=704724",Classificação de monitoramento derivada da disponibilidade pública do IME; não é declaração de enquadramento atual. Sem nova competência IME carregada.
comparison_monitoring,Inadimplência/PDD IME,63572282000111,Não localizado na documentação acessível,"Inventário por CNPJ 63572282000111, consulta Fundos.NET em 07/10/2026: 11 documentos listados; Falha de rede ao acessar pesquisarGerenciadorDocumentosDados: The read operation timed out; inventário local anterior preservado.  PDFs efetivamente revistos: nenhum. ID1089845: Falha de rede ao acessar downloadDocumento: The read operation timed out; ID1080490: Falha de rede ao acessar downloadDocumento: The read operation timed out; ID1104314: Falha de rede ao acessar downloadDocumento: The read operation timed out",Lacuna documental; não preencher por aproximação de nome ou por campo heurístico.
comparison_monitoring,Inadimplência/PDD IME,28472333000132,Aging e PDD agregados são proxies; safras MOB/perdas ajustadas exigem relatório analítico,Metodologia IME público: services/documentary_portfolio_reviews.py; fórmulas dependem das definições documentais citadas neste perfil,Classificação metodológica; não afirma enquadramento do fundo em uma competência
comparison_monitoring,Inadimplência/PDD IME,33254370000104,Aging e PDD agregados são proxies; safras MOB/perdas ajustadas exigem relatório analítico,Metodologia IME público: services/documentary_portfolio_reviews.py; fórmulas dependem das definições documentais citadas neste perfil,Classificação metodológica; não afirma enquadramento do fundo em uma competência
comparison_monitoring,Inadimplência/PDD IME,37511828000114,Aging e PDD agregados são proxies; safras MOB/perdas ajustadas exigem relatório analítico,Metodologia IME público: services/documentary_portfolio_reviews.py; fórmulas dependem das definições documentais citadas neste perfil,Classificação metodológica; não afirma enquadramento do fundo em uma competência
comparison_monitoring,Inadimplência/PDD IME,41970012000126,Aging e PDD agregados são proxies; safras MOB/perdas ajustadas exigem relatório analítico,Metodologia IME público: services/documentary_portfolio_reviews.py; fórmulas dependem das definições documentais citadas neste perfil,Classificação metodológica; não afirma enquadramento do fundo em uma competência
comparison_monitoring,Controles documentais,50473039000102,"Rating, prestadores, cessão e insolvência: controle documental/manual","Fundos.NET ID 909547 | 19/05/2025 | Regulamento | p. 12, Anexo e avaliação metodológica da revisão | data/raw/50473039000102/909547_review_20261007.pdf | https://fnet.bmfbovespa.com.br/fnet/publico/visualizarDocumento?id=909547",Classificação de monitoramento derivada da disponibilidade pública do IME; não é declaração de enquadramento atual. Sem nova competência IME carregada.
comparison_monitoring,Controles documentais,55471753000177,"Rating, prestadores, cessão e insolvência: controle documental/manual","Fundos.NET ID 704724 | 25/07/2024 | Regulamento | p. 12, Anexo e avaliação metodológica da revisão | data/raw/55471753000177/704724_review_20261007.pdf | https://fnet.bmfbovespa.com.br/fnet/publico/visualizarDocumento?id=704724",Classificação de monitoramento derivada da disponibilidade pública do IME; não é declaração de enquadramento atual. Sem nova competência IME carregada.
comparison_monitoring,Controles documentais,63572282000111,Não localizado na documentação acessível,"Inventário por CNPJ 63572282000111, consulta Fundos.NET em 07/10/2026: 11 documentos listados; Falha de rede ao acessar pesquisarGerenciadorDocumentosDados: The read operation timed out; inventário local anterior preservado.  PDFs efetivamente revistos: nenhum. ID1089845: Falha de rede ao acessar downloadDocumento: The read operation timed out; ID1080490: Falha de rede ao acessar downloadDocumento: The read operation timed out; ID1104314: Falha de rede ao acessar downloadDocumento: The read operation timed out",Lacuna documental; não preencher por aproximação de nome ou por campo heurístico.
comparison_monitoring,Controles documentais,28472333000132,"Elegibilidade, concentração individual, cross-default, trocas de prestadores e finalidade do hedge exigem documentos",Metodologia IME público: services/documentary_portfolio_reviews.py; fórmulas dependem das definições documentais citadas neste perfil,Classificação metodológica; não afirma enquadramento do fundo em uma competência
comparison_monitoring,Controles documentais,33254370000104,"Elegibilidade, concentração individual, cross-default, trocas de prestadores e finalidade do hedge exigem documentos",Metodologia IME público: services/documentary_portfolio_reviews.py; fórmulas dependem das definições documentais citadas neste perfil,Classificação metodológica; não afirma enquadramento do fundo em uma competência
comparison_monitoring,Controles documentais,37511828000114,"Elegibilidade, concentração individual, cross-default, trocas de prestadores e finalidade do hedge exigem documentos",Metodologia IME público: services/documentary_portfolio_reviews.py; fórmulas dependem das definições documentais citadas neste perfil,Classificação metodológica; não afirma enquadramento do fundo em uma competência
comparison_monitoring,Controles documentais,41970012000126,"Elegibilidade, concentração individual, cross-default, trocas de prestadores e finalidade do hedge exigem documentos",Metodologia IME público: services/documentary_portfolio_reviews.py; fórmulas dependem das definições documentais citadas neste perfil,Classificação metodológica; não afirma enquadramento do fundo em uma competência
comparison_monitoring,Competência IME,50473039000102,Cache local: 05/2026; selecionar competência para monitorar,.cache/fundonet-ime/902fd5551851ae35fc357f27736c00433334acef713ad3b47b7894d41e963c74/manifest.json,Dado offline do IME; não representa atualização ao vivo nem comprovação dos critérios jurídicos.
comparison_monitoring,Competência IME,55471753000177,Cache local: 05/2026; selecionar competência para monitorar,.cache/fundonet-ime/069d15f85669bf11bc1c26c0dbeaea03c843ca94089901e26266a27d86c6b40f/manifest.json,Dado offline do IME; não representa atualização ao vivo nem comprovação dos critérios jurídicos.
comparison_monitoring,Competência IME,63572282000111,Cache local: 05/2026; selecionar competência para monitorar,.cache/fundonet-ime/0d107a49fab9bd2333d5e0398c8bfe249e0ff6fbf10e9ef8f2fc54f3b88232e5/manifest.json,Dado offline do IME; não representa atualização ao vivo nem comprovação dos critérios jurídicos.
comparison_monitoring,Competência IME,28472333000132,Cache local: 08/2024; selecionar competência para monitorar,.cache/fundonet-ime/8ed75537bb67dc6a19170f583161c2a47ff3e682619558cf0385ab333e36d5f7/manifest.json,Dado offline do IME; não representa atualização ao vivo nem comprovação dos critérios jurídicos.
comparison_monitoring,Competência IME,33254370000104,Cache local: 06/2026; selecionar competência para monitorar,.cache/fundonet-ime/14374f0df302464e5dbfc66957cc7fd9a0bac9f0e10ed9729d09170a72c1491a/manifest.json,Dado offline do IME; não representa atualização ao vivo nem comprovação dos critérios jurídicos.
comparison_monitoring,Competência IME,37511828000114,Cache local: 06/2026; selecionar competência para monitorar,.cache/fundonet-ime/a9f4e33b5478f9085019b0355739e496c83f16851fee8ca8e794ce60a4eb096b/manifest.json,Dado offline do IME; não representa atualização ao vivo nem comprovação dos critérios jurídicos.
comparison_monitoring,Competência IME,41970012000126,Cache local: 06/2026; selecionar competência para monitorar,.cache/fundonet-ime/9ea610041c27f21719611a40f53e4cdea8c5bf8cbea6108d1b1aae629e58d089/manifest.json,Dado offline do IME; não representa atualização ao vivo nem comprovação dos critérios jurídicos.
comparison_monitoring,Alocação via IME,50473039000102,DC / PL: proxy com validação de elegibilidade e denominador,"Fundos.NET ID 909547 | 19/05/2025 | Regulamento | p. 31, Anexo e avaliação metodológica da revisão | data/raw/50473039000102/909547_review_20261007.pdf | https://fnet.bmfbovespa.com.br/fnet/publico/visualizarDocumento?id=909547",Classificação de monitoramento derivada da disponibilidade pública do IME; não é declaração de enquadramento atual. Sem nova competência IME carregada.
comparison_monitoring,Alocação via IME,55471753000177,DC / PL: proxy com validação de elegibilidade e denominador,"Fundos.NET ID 704724 | 25/07/2024 | Regulamento | p. 33, Anexo e avaliação metodológica da revisão | data/raw/55471753000177/704724_review_20261007.pdf | https://fnet.bmfbovespa.com.br/fnet/publico/visualizarDocumento?id=704724",Classificação de monitoramento derivada da disponibilidade pública do IME; não é declaração de enquadramento atual. Sem nova competência IME carregada.
comparison_monitoring,Alocação via IME,63572282000111,Não localizado na documentação acessível,"Inventário por CNPJ 63572282000111, consulta Fundos.NET em 07/10/2026: 11 documentos listados; Falha de rede ao acessar pesquisarGerenciadorDocumentosDados: The read operation timed out; inventário local anterior preservado.  PDFs efetivamente revistos: nenhum. ID1089845: Falha de rede ao acessar downloadDocumento: The read operation timed out; ID1080490: Falha de rede ao acessar downloadDocumento: The read operation timed out; ID1104314: Falha de rede ao acessar downloadDocumento: The read operation timed out",Lacuna documental; não preencher por aproximação de nome ou por campo heurístico.
comparison_monitoring,Alocação via IME,28472333000132,Não localizado nas fontes acessíveis desta leitura,ID 732140 · 03/09/2024 · data/raw/28472333000132/732140_regulamento.pdf; ID 681860 · 17/06/2024 10:00 · data/raw/28472333000132/681860_assembleia.pdf; ID 448299 · 19/04/2023 · data/raw/28472333000132/448299_regulamento.pdf,Leitura dirigida de regulamentos completos e atos acessíveis identificados nas fontes; o inventário não foi integralmente relido. Datas documentais posteriores ao período do nome da carteira estão explicitadas.
comparison_monitoring,Alocação via IME,33254370000104,Não localizado nas fontes acessíveis desta leitura,ID 1219308 · 03/06/2026 10:00 · data/raw/33254370000104/1219308_assembleia.pdf; ID 1200703 · 20/05/2026 10:00 · data/raw/33254370000104/1200703_assembleia.pdf; ID 1128340 · 03/03/2026 · data/raw/33254370000104/1128340_regulamento.pdf; ID 1118467 · 19/02/2026 · data/raw/33254370000104/1118467_regulamento.pdf,Leitura dirigida de regulamentos completos e atos acessíveis identificados nas fontes; o inventário não foi integralmente relido. Datas documentais posteriores ao período do nome da carteira estão explicitadas.
comparison_monitoring,Alocação via IME,37511828000114,Não localizado nas fontes acessíveis desta leitura,ID 1200490 · 27/03/2026 · data/raw/37511828000114/1200490_regulamento.pdf; ID 1019776 · 20/10/2025 · data/raw/37511828000114/1019776_regulamento.pdf,Leitura dirigida de regulamentos completos e atos acessíveis identificados nas fontes; o inventário não foi integralmente relido. Datas documentais posteriores ao período do nome da carteira estão explicitadas. Inventário atual tecnicamente indisponível: Fundos.NET respondeu HTTP 520 em pesquisarGerenciadorDocumentosDados.. Inventário anterior preservado; vigência mais recente exige nova consulta.
comparison_monitoring,Alocação via IME,41970012000126,Não localizado nas fontes acessíveis desta leitura,ID 1341484 · 05/10/2026 10:00 · data/raw/41970012000126/1341484_assembleia.pdf; ID 1314682 · 10/09/2026 · data/raw/41970012000126/1314682_emissao.pdf; ID 1302706 · 27/08/2026 · data/raw/41970012000126/1302706_regulamento.pdf; ID 1302705 · 27/08/2026 10:00 · data/raw/41970012000126/1302705_assembleia.pdf; ID 1077334 · 19/12/2025 · data/raw/41970012000126/1077334_regulamento.pdf; ID 999523 · 12/06/2025 · data/raw/41970012000126/999523_emissao.pdf,Leitura dirigida de regulamentos completos e atos acessíveis identificados nas fontes; o inventário não foi integralmente relido. Datas documentais posteriores ao período do nome da carteira estão explicitadas.
comparison_monitoring,Subordinação via IME,50473039000102,Subordinadas / PL: conferir subclasses e fórmula do índice,"Fundos.NET ID 909547 | 19/05/2025 | Regulamento | p. 46, Anexo e avaliação metodológica da revisão | data/raw/50473039000102/909547_review_20261007.pdf | https://fnet.bmfbovespa.com.br/fnet/publico/visualizarDocumento?id=909547",Classificação de monitoramento derivada da disponibilidade pública do IME; não é declaração de enquadramento atual. Sem nova competência IME carregada.
comparison_monitoring,Subordinação via IME,55471753000177,Subordinadas / PL: conferir subclasses e fórmula do índice,"Fundos.NET ID 704724 | 25/07/2024 | Regulamento | p. 47, Anexo e avaliação metodológica da revisão | data/raw/55471753000177/704724_review_20261007.pdf | https://fnet.bmfbovespa.com.br/fnet/publico/visualizarDocumento?id=704724",Classificação de monitoramento derivada da disponibilidade pública do IME; não é declaração de enquadramento atual. Sem nova competência IME carregada.
comparison_monitoring,Subordinação via IME,63572282000111,Não localizado na documentação acessível,"Inventário por CNPJ 63572282000111, consulta Fundos.NET em 07/10/2026: 11 documentos listados; Falha de rede ao acessar pesquisarGerenciadorDocumentosDados: The read operation timed out; inventário local anterior preservado.  PDFs efetivamente revistos: nenhum. ID1089845: Falha de rede ao acessar downloadDocumento: The read operation timed out; ID1080490: Falha de rede ao acessar downloadDocumento: The read operation timed out; ID1104314: Falha de rede ao acessar downloadDocumento: The read operation timed out",Lacuna documental; não preencher por aproximação de nome ou por campo heurístico.
comparison_monitoring,Subordinação via IME,28472333000132,Não localizado nas fontes acessíveis desta leitura,ID 732140 · 03/09/2024 · data/raw/28472333000132/732140_regulamento.pdf; ID 681860 · 17/06/2024 10:00 · data/raw/28472333000132/681860_assembleia.pdf; ID 448299 · 19/04/2023 · data/raw/28472333000132/448299_regulamento.pdf,Leitura dirigida de regulamentos completos e atos acessíveis identificados nas fontes; o inventário não foi integralmente relido. Datas documentais posteriores ao período do nome da carteira estão explicitadas.
comparison_monitoring,Subordinação via IME,33254370000104,Não localizado nas fontes acessíveis desta leitura,ID 1219308 · 03/06/2026 10:00 · data/raw/33254370000104/1219308_assembleia.pdf; ID 1200703 · 20/05/2026 10:00 · data/raw/33254370000104/1200703_assembleia.pdf; ID 1128340 · 03/03/2026 · data/raw/33254370000104/1128340_regulamento.pdf; ID 1118467 · 19/02/2026 · data/raw/33254370000104/1118467_regulamento.pdf,Leitura dirigida de regulamentos completos e atos acessíveis identificados nas fontes; o inventário não foi integralmente relido. Datas documentais posteriores ao período do nome da carteira estão explicitadas.
comparison_monitoring,Subordinação via IME,37511828000114,Não localizado nas fontes acessíveis desta leitura,ID 1200490 · 27/03/2026 · data/raw/37511828000114/1200490_regulamento.pdf; ID 1019776 · 20/10/2025 · data/raw/37511828000114/1019776_regulamento.pdf,Leitura dirigida de regulamentos completos e atos acessíveis identificados nas fontes; o inventário não foi integralmente relido. Datas documentais posteriores ao período do nome da carteira estão explicitadas. Inventário atual tecnicamente indisponível: Fundos.NET respondeu HTTP 520 em pesquisarGerenciadorDocumentosDados.. Inventário anterior preservado; vigência mais recente exige nova consulta.
comparison_monitoring,Subordinação via IME,41970012000126,Não localizado nas fontes acessíveis desta leitura,ID 1341484 · 05/10/2026 10:00 · data/raw/41970012000126/1341484_assembleia.pdf; ID 1314682 · 10/09/2026 · data/raw/41970012000126/1314682_emissao.pdf; ID 1302706 · 27/08/2026 · data/raw/41970012000126/1302706_regulamento.pdf; ID 1302705 · 27/08/2026 10:00 · data/raw/41970012000126/1302705_assembleia.pdf; ID 1077334 · 19/12/2025 · data/raw/41970012000126/1077334_regulamento.pdf; ID 999523 · 12/06/2025 · data/raw/41970012000126/999523_emissao.pdf,Leitura dirigida de regulamentos completos e atos acessíveis identificados nas fontes; o inventário não foi integralmente relido. Datas documentais posteriores ao período do nome da carteira estão explicitadas.
comparison_monitoring,Concentração / elegibilidade,50473039000102,Exige cadastro por devedor/grupo e validação de lastro; não comprovável pelo IME agregado,"Fundos.NET ID 909547 | 19/05/2025 | Regulamento | p. 39, Anexo e avaliação metodológica da revisão | data/raw/50473039000102/909547_review_20261007.pdf | https://fnet.bmfbovespa.com.br/fnet/publico/visualizarDocumento?id=909547",Classificação de monitoramento derivada da disponibilidade pública do IME; não é declaração de enquadramento atual. Sem nova competência IME carregada.
comparison_monitoring,Concentração / elegibilidade,55471753000177,Exige cadastro por devedor/grupo e validação de lastro; não comprovável pelo IME agregado,"Fundos.NET ID 704724 | 25/07/2024 | Regulamento | p. 2, Anexo e avaliação metodológica da revisão | data/raw/55471753000177/704724_review_20261007.pdf | https://fnet.bmfbovespa.com.br/fnet/publico/visualizarDocumento?id=704724",Classificação de monitoramento derivada da disponibilidade pública do IME; não é declaração de enquadramento atual. Sem nova competência IME carregada.
comparison_monitoring,Concentração / elegibilidade,63572282000111,Não localizado na documentação acessível,"Inventário por CNPJ 63572282000111, consulta Fundos.NET em 07/10/2026: 11 documentos listados; Falha de rede ao acessar pesquisarGerenciadorDocumentosDados: The read operation timed out; inventário local anterior preservado.  PDFs efetivamente revistos: nenhum. ID1089845: Falha de rede ao acessar downloadDocumento: The read operation timed out; ID1080490: Falha de rede ao acessar downloadDocumento: The read operation timed out; ID1104314: Falha de rede ao acessar downloadDocumento: The read operation timed out",Lacuna documental; não preencher por aproximação de nome ou por campo heurístico.
comparison_monitoring,Concentração / elegibilidade,28472333000132,Não localizado nas fontes acessíveis desta leitura,ID 732140 · 03/09/2024 · data/raw/28472333000132/732140_regulamento.pdf; ID 681860 · 17/06/2024 10:00 · data/raw/28472333000132/681860_assembleia.pdf; ID 448299 · 19/04/2023 · data/raw/28472333000132/448299_regulamento.pdf,Leitura dirigida de regulamentos completos e atos acessíveis identificados nas fontes; o inventário não foi integralmente relido. Datas documentais posteriores ao período do nome da carteira estão explicitadas.
comparison_monitoring,Concentração / elegibilidade,33254370000104,Não localizado nas fontes acessíveis desta leitura,ID 1219308 · 03/06/2026 10:00 · data/raw/33254370000104/1219308_assembleia.pdf; ID 1200703 · 20/05/2026 10:00 · data/raw/33254370000104/1200703_assembleia.pdf; ID 1128340 · 03/03/2026 · data/raw/33254370000104/1128340_regulamento.pdf; ID 1118467 · 19/02/2026 · data/raw/33254370000104/1118467_regulamento.pdf,Leitura dirigida de regulamentos completos e atos acessíveis identificados nas fontes; o inventário não foi integralmente relido. Datas documentais posteriores ao período do nome da carteira estão explicitadas.
comparison_monitoring,Concentração / elegibilidade,37511828000114,Não localizado nas fontes acessíveis desta leitura,ID 1200490 · 27/03/2026 · data/raw/37511828000114/1200490_regulamento.pdf; ID 1019776 · 20/10/2025 · data/raw/37511828000114/1019776_regulamento.pdf,Leitura dirigida de regulamentos completos e atos acessíveis identificados nas fontes; o inventário não foi integralmente relido. Datas documentais posteriores ao período do nome da carteira estão explicitadas. Inventário atual tecnicamente indisponível: Fundos.NET respondeu HTTP 520 em pesquisarGerenciadorDocumentosDados.. Inventário anterior preservado; vigência mais recente exige nova consulta.
comparison_monitoring,Concentração / elegibilidade,41970012000126,Não localizado nas fontes acessíveis desta leitura,ID 1341484 · 05/10/2026 10:00 · data/raw/41970012000126/1341484_assembleia.pdf; ID 1314682 · 10/09/2026 · data/raw/41970012000126/1314682_emissao.pdf; ID 1302706 · 27/08/2026 · data/raw/41970012000126/1302706_regulamento.pdf; ID 1302705 · 27/08/2026 10:00 · data/raw/41970012000126/1302705_assembleia.pdf; ID 1077334 · 19/12/2025 · data/raw/41970012000126/1077334_regulamento.pdf; ID 999523 · 12/06/2025 · data/raw/41970012000126/999523_emissao.pdf,Leitura dirigida de regulamentos completos e atos acessíveis identificados nas fontes; o inventário não foi integralmente relido. Datas documentais posteriores ao período do nome da carteira estão explicitadas.
comparison_monitoring,Reservas / pagamentos,50473039000102,"Caixa agregado é proxy parcial; exige calendário, encargos e waterfall","Fundos.NET ID 909547 | 19/05/2025 | Regulamento | p. 10, Anexo e avaliação metodológica da revisão | data/raw/50473039000102/909547_review_20261007.pdf | https://fnet.bmfbovespa.com.br/fnet/publico/visualizarDocumento?id=909547",Classificação de monitoramento derivada da disponibilidade pública do IME; não é declaração de enquadramento atual. Sem nova competência IME carregada.
comparison_monitoring,Reservas / pagamentos,55471753000177,"Caixa agregado é proxy parcial; exige calendário, encargos e waterfall","Fundos.NET ID 704724 | 25/07/2024 | Regulamento | p. 11, Anexo e avaliação metodológica da revisão | data/raw/55471753000177/704724_review_20261007.pdf | https://fnet.bmfbovespa.com.br/fnet/publico/visualizarDocumento?id=704724",Classificação de monitoramento derivada da disponibilidade pública do IME; não é declaração de enquadramento atual. Sem nova competência IME carregada.
comparison_monitoring,Reservas / pagamentos,63572282000111,Não localizado na documentação acessível,"Inventário por CNPJ 63572282000111, consulta Fundos.NET em 07/10/2026: 11 documentos listados; Falha de rede ao acessar pesquisarGerenciadorDocumentosDados: The read operation timed out; inventário local anterior preservado.  PDFs efetivamente revistos: nenhum. ID1089845: Falha de rede ao acessar downloadDocumento: The read operation timed out; ID1080490: Falha de rede ao acessar downloadDocumento: The read operation timed out; ID1104314: Falha de rede ao acessar downloadDocumento: The read operation timed out",Lacuna documental; não preencher por aproximação de nome ou por campo heurístico.
comparison_monitoring,Reservas / pagamentos,28472333000132,Não localizado nas fontes acessíveis desta leitura,ID 732140 · 03/09/2024 · data/raw/28472333000132/732140_regulamento.pdf; ID 681860 · 17/06/2024 10:00 · data/raw/28472333000132/681860_assembleia.pdf; ID 448299 · 19/04/2023 · data/raw/28472333000132/448299_regulamento.pdf,Leitura dirigida de regulamentos completos e atos acessíveis identificados nas fontes; o inventário não foi integralmente relido. Datas documentais posteriores ao período do nome da carteira estão explicitadas.
comparison_monitoring,Reservas / pagamentos,33254370000104,Não localizado nas fontes acessíveis desta leitura,ID 1219308 · 03/06/2026 10:00 · data/raw/33254370000104/1219308_assembleia.pdf; ID 1200703 · 20/05/2026 10:00 · data/raw/33254370000104/1200703_assembleia.pdf; ID 1128340 · 03/03/2026 · data/raw/33254370000104/1128340_regulamento.pdf; ID 1118467 · 19/02/2026 · data/raw/33254370000104/1118467_regulamento.pdf,Leitura dirigida de regulamentos completos e atos acessíveis identificados nas fontes; o inventário não foi integralmente relido. Datas documentais posteriores ao período do nome da carteira estão explicitadas.
comparison_monitoring,Reservas / pagamentos,37511828000114,Não localizado nas fontes acessíveis desta leitura,ID 1200490 · 27/03/2026 · data/raw/37511828000114/1200490_regulamento.pdf; ID 1019776 · 20/10/2025 · data/raw/37511828000114/1019776_regulamento.pdf,Leitura dirigida de regulamentos completos e atos acessíveis identificados nas fontes; o inventário não foi integralmente relido. Datas documentais posteriores ao período do nome da carteira estão explicitadas. Inventário atual tecnicamente indisponível: Fundos.NET respondeu HTTP 520 em pesquisarGerenciadorDocumentosDados.. Inventário anterior preservado; vigência mais recente exige nova consulta.
comparison_monitoring,Reservas / pagamentos,41970012000126,Não localizado nas fontes acessíveis desta leitura,ID 1341484 · 05/10/2026 10:00 · data/raw/41970012000126/1341484_assembleia.pdf; ID 1314682 · 10/09/2026 · data/raw/41970012000126/1314682_emissao.pdf; ID 1302706 · 27/08/2026 · data/raw/41970012000126/1302706_regulamento.pdf; ID 1302705 · 27/08/2026 10:00 · data/raw/41970012000126/1302705_assembleia.pdf; ID 1077334 · 19/12/2025 · data/raw/41970012000126/1077334_regulamento.pdf; ID 999523 · 12/06/2025 · data/raw/41970012000126/999523_emissao.pdf,Leitura dirigida de regulamentos completos e atos acessíveis identificados nas fontes; o inventário não foi integralmente relido. Datas documentais posteriores ao período do nome da carteira estão explicitadas.
comparison_monitoring,Chargeback / recompra,50473039000102,Recompras / crédito é proxy parcial; cancelamento e chargeback dependem de dados complementares,"Fundos.NET ID 909547 | 19/05/2025 | Regulamento | p. 68, Anexo e avaliação metodológica da revisão | data/raw/50473039000102/909547_review_20261007.pdf | https://fnet.bmfbovespa.com.br/fnet/publico/visualizarDocumento?id=909547",Classificação de monitoramento derivada da disponibilidade pública do IME; não é declaração de enquadramento atual. Sem nova competência IME carregada.
comparison_monitoring,Chargeback / recompra,55471753000177,Recompras / crédito é proxy parcial; cancelamento e chargeback dependem de dados complementares,"Fundos.NET ID 704724 | 25/07/2024 | Regulamento | p. 117, Anexo e avaliação metodológica da revisão | data/raw/55471753000177/704724_review_20261007.pdf | https://fnet.bmfbovespa.com.br/fnet/publico/visualizarDocumento?id=704724",Classificação de monitoramento derivada da disponibilidade pública do IME; não é declaração de enquadramento atual. Sem nova competência IME carregada.
comparison_monitoring,Chargeback / recompra,63572282000111,Não localizado na documentação acessível,"Inventário por CNPJ 63572282000111, consulta Fundos.NET em 07/10/2026: 11 documentos listados; Falha de rede ao acessar pesquisarGerenciadorDocumentosDados: The read operation timed out; inventário local anterior preservado.  PDFs efetivamente revistos: nenhum. ID1089845: Falha de rede ao acessar downloadDocumento: The read operation timed out; ID1080490: Falha de rede ao acessar downloadDocumento: The read operation timed out; ID1104314: Falha de rede ao acessar downloadDocumento: The read operation timed out",Lacuna documental; não preencher por aproximação de nome ou por campo heurístico.
comparison_monitoring,Chargeback / recompra,28472333000132,Não localizado nas fontes acessíveis desta leitura,ID 732140 · 03/09/2024 · data/raw/28472333000132/732140_regulamento.pdf; ID 681860 · 17/06/2024 10:00 · data/raw/28472333000132/681860_assembleia.pdf; ID 448299 · 19/04/2023 · data/raw/28472333000132/448299_regulamento.pdf,Leitura dirigida de regulamentos completos e atos acessíveis identificados nas fontes; o inventário não foi integralmente relido. Datas documentais posteriores ao período do nome da carteira estão explicitadas.
comparison_monitoring,Chargeback / recompra,33254370000104,Não localizado nas fontes acessíveis desta leitura,ID 1219308 · 03/06/2026 10:00 · data/raw/33254370000104/1219308_assembleia.pdf; ID 1200703 · 20/05/2026 10:00 · data/raw/33254370000104/1200703_assembleia.pdf; ID 1128340 · 03/03/2026 · data/raw/33254370000104/1128340_regulamento.pdf; ID 1118467 · 19/02/2026 · data/raw/33254370000104/1118467_regulamento.pdf,Leitura dirigida de regulamentos completos e atos acessíveis identificados nas fontes; o inventário não foi integralmente relido. Datas documentais posteriores ao período do nome da carteira estão explicitadas.
comparison_monitoring,Chargeback / recompra,37511828000114,Não localizado nas fontes acessíveis desta leitura,ID 1200490 · 27/03/2026 · data/raw/37511828000114/1200490_regulamento.pdf; ID 1019776 · 20/10/2025 · data/raw/37511828000114/1019776_regulamento.pdf,Leitura dirigida de regulamentos completos e atos acessíveis identificados nas fontes; o inventário não foi integralmente relido. Datas documentais posteriores ao período do nome da carteira estão explicitadas. Inventário atual tecnicamente indisponível: Fundos.NET respondeu HTTP 520 em pesquisarGerenciadorDocumentosDados.. Inventário anterior preservado; vigência mais recente exige nova consulta.
comparison_monitoring,Chargeback / recompra,41970012000126,Não localizado nas fontes acessíveis desta leitura,ID 1341484 · 05/10/2026 10:00 · data/raw/41970012000126/1341484_assembleia.pdf; ID 1314682 · 10/09/2026 · data/raw/41970012000126/1314682_emissao.pdf; ID 1302706 · 27/08/2026 · data/raw/41970012000126/1302706_regulamento.pdf; ID 1302705 · 27/08/2026 10:00 · data/raw/41970012000126/1302705_assembleia.pdf; ID 1077334 · 19/12/2025 · data/raw/41970012000126/1077334_regulamento.pdf; ID 999523 · 12/06/2025 · data/raw/41970012000126/999523_emissao.pdf,Leitura dirigida de regulamentos completos e atos acessíveis identificados nas fontes; o inventário não foi integralmente relido. Datas documentais posteriores ao período do nome da carteira estão explicitadas.
