Fundo,CNPJ,Critério,Chave,Limite/regra,Monitorabilidade IME,Métrica IME / proxy,Condição de alerta sugerida,Observação técnica,Fonte,Status curadoria
SELLER FIDC SEGMENTO MEIOS DE PAGAMENTO DE RESPONSABILIDADE LIMITADA,50.473.039/0001-02,Natureza dos recebíveis,documentary_natureza_dos_recebiveis,Recebíveis de transações Mercado Pago e créditos sub-rogados pelo Mercado Crédito,nao_monitoravel,Controle documental; IME público não replica a regra jurídica,Validar fórmula e competência antes de ativar alerta; regra/lacuna: Recebíveis de transações Mercado Pago e créditos sub-rogados pelo Mercado Crédito,Resumo da versão indicada; fontesporcláusula; nenhumaexposiçãoindividualenquadradaautomaticamente.,"Fundos.NET ID 909547 | 19/05/2025 | Regulamento | p. 59, política/originação | data/raw/50473039000102/909547_review_20261007.pdf | https://fnet.bmfbovespa.com.br/fnet/publico/visualizarDocumento?id=909547",revisão documental com lacunas explícitas
SELLER FIDC SEGMENTO MEIOS DE PAGAMENTO DE RESPONSABILIDADE LIMITADA,50.473.039/0001-02,Originador/endossante,documentary_originador_endossante,Estabelecimentos comerciais e Mercado Crédito,nao_monitoravel,Controle documental; IME público não replica a regra jurídica,Validar fórmula e competência antes de ativar alerta; regra/lacuna: Estabelecimentos comerciais e Mercado Crédito,Resumo da versão indicada; fontesporcláusula; nenhumaexposiçãoindividualenquadradaautomaticamente.,"Fundos.NET ID 909547 | 19/05/2025 | Regulamento | p. 35, definiçãocedentes | data/raw/50473039000102/909547_review_20261007.pdf | https://fnet.bmfbovespa.com.br/fnet/publico/visualizarDocumento?id=909547",revisão documental com lacunas explícitas
SELLER FIDC SEGMENTO MEIOS DE PAGAMENTO DE RESPONSABILIDADE LIMITADA,50.473.039/0001-02,Devedor,documentary_devedor,Mercado Pago IP Ltda.; CNPJ 10.573.521/0001-91,nao_monitoravel,Controle documental; IME público não replica a regra jurídica,Validar fórmula e competência antes de ativar alerta; regra/lacuna: Mercado Pago IP Ltda.; CNPJ 10.573.521/0001-91,Resumo da versão indicada; fontesporcláusula; nenhumaexposiçãoindividualenquadradaautomaticamente.,"Fundos.NET ID 909547 | 19/05/2025 | Regulamento | p. 40, definiçãodevedor | data/raw/50473039000102/909547_review_20261007.pdf | https://fnet.bmfbovespa.com.br/fnet/publico/visualizarDocumento?id=909547",revisão documental com lacunas explícitas
SELLER FIDC SEGMENTO MEIOS DE PAGAMENTO DE RESPONSABILIDADE LIMITADA,50.473.039/0001-02,Garantia,documentary_garantia,Sem garantia de prestadores/FGC; sem garantias reais do devedor,nao_monitoravel,Controle documental; IME público não replica a regra jurídica,Validar fórmula e competência antes de ativar alerta; regra/lacuna: Sem garantia de prestadores/FGC; sem garantias reais do devedor,Resumo da versão indicada; fontesporcláusula; nenhumaexposiçãoindividualenquadradaautomaticamente.,"Fundos.NET ID 909547 | 19/05/2025 | Regulamento | p. 58, ausênciagarantias | data/raw/50473039000102/909547_review_20261007.pdf | https://fnet.bmfbovespa.com.br/fnet/publico/visualizarDocumento?id=909547",revisão documental com lacunas explícitas
SELLER FIDC SEGMENTO MEIOS DE PAGAMENTO DE RESPONSABILIDADE LIMITADA,50.473.039/0001-02,Elegibilidade,eligibility_criteria_text,BRL; créditos vincendos; devedor adimplente; controle de partes relacionadas; validação da exigibilidade na cessão,nao_monitoravel,"Controle individual de lastro, devedor e critérios contratuais",Validar fórmula e competência antes de ativar alerta; regra/lacuna: BRL; créditos vincendos; devedor adimplente; controle de partes relacionadas; validação da exigibilidade na cessão,Resumo da versão indicada; fontesporcláusula; nenhumaexposiçãoindividualenquadradaautomaticamente.,"Fundos.NET ID 909547 | 19/05/2025 | Regulamento | p. 59, elegibilidade/condiçõescessão | data/raw/50473039000102/909547_review_20261007.pdf | https://fnet.bmfbovespa.com.br/fnet/publico/visualizarDocumento?id=909547",revisão documental com lacunas explícitas
SELLER FIDC SEGMENTO MEIOS DE PAGAMENTO DE RESPONSABILIDADE LIMITADA,50.473.039/0001-02,Concentração,concentration_limits,Devedor econômico: Mercado Pago; teto 20% do PL dispensado sob condições da classe,nao_monitoravel,Sem granularidade pública por cedente/devedor/grupo econômico,Validar fórmula e competência antes de ativar alerta; regra/lacuna: Devedor econômico: Mercado Pago; teto 20% do PL dispensado sob condições da classe,Resumo da versão indicada; fontesporcláusula; nenhumaexposiçãoindividualenquadradaautomaticamente.,"Fundos.NET ID 909547 | 19/05/2025 | Regulamento | p. 58, concentração | data/raw/50473039000102/909547_review_20261007.pdf | https://fnet.bmfbovespa.com.br/fnet/publico/visualizarDocumento?id=909547",revisão documental com lacunas explícitas
SELLER FIDC SEGMENTO MEIOS DE PAGAMENTO DE RESPONSABILIDADE LIMITADA,50.473.039/0001-02,Prazo dos recebíveis,documentary_prazo_dos_recebiveis,"Máximo 365 dias da cessão, conforme critérios",nao_monitoravel,Controle documental; IME público não replica a regra jurídica,"Validar fórmula e competência antes de ativar alerta; regra/lacuna: Máximo 365 dias da cessão, conforme critérios",Resumo da versão indicada; fontesporcláusula; nenhumaexposiçãoindividualenquadradaautomaticamente.,"Fundos.NET ID 909547 | 19/05/2025 | Regulamento | p. 59, elegibilidadeprazo | data/raw/50473039000102/909547_review_20261007.pdf | https://fnet.bmfbovespa.com.br/fnet/publico/visualizarDocumento?id=909547",revisão documental com lacunas explícitas
SELLER FIDC SEGMENTO MEIOS DE PAGAMENTO DE RESPONSABILIDADE LIMITADA,50.473.039/0001-02,Ativos vedados,documentary_ativos_vedados,Operações com administrador/gestor e relacionados; cotas de fundos por eles administrados ou geridos,nao_monitoravel,Controle documental; IME público não replica a regra jurídica,Validar fórmula e competência antes de ativar alerta; regra/lacuna: Operações com administrador/gestor e relacionados; cotas de fundos por eles administrados ou geridos,Regra documental; validar enquadramento em dados operacionais.,Fundos.NET ID 909547; referência 19/05/2025; Regulamento; p. 58; 3.4/3.4.1 (Seller I); 3.5/3.5.1 (Seller II); data/raw/50473039000102/909547_review_20261007.pdf; https://fnet.bmfbovespa.com.br/fnet/publico/visualizarDocumento?id=909547,revisão documental com lacunas explícitas
SELLER FIDC SEGMENTO MEIOS DE PAGAMENTO DE RESPONSABILIDADE LIMITADA,50.473.039/0001-02,Subordinação mínima,subordination_ratio_min,Júnior / PL ≥10%,monitoravel com ressalva,Cotas subordinadas e mezanino / PL; reconciliar subclasse e fórmula contratual,Validar fórmula e competência antes de ativar alerta; regra/lacuna: Júnior / PL ≥10%,Resumo da versão indicada; fontesporcláusula; nenhumaexposiçãoindividualenquadradaautomaticamente.,"Fundos.NET ID 909547 | 19/05/2025 | Regulamento | p. 99, 8.8 índicedesubordinação | data/raw/50473039000102/909547_review_20261007.pdf | https://fnet.bmfbovespa.com.br/fnet/publico/visualizarDocumento?id=909547",revisão documental com lacunas explícitas
SELLER FIDC SEGMENTO MEIOS DE PAGAMENTO DE RESPONSABILIDADE LIMITADA,50.473.039/0001-02,Gatilhos de avaliação/liquidação,documentary_evaluation_liquidation,"Reservas, subordinação, cobertura, lastro, pagamentos e cross default; hipóteses e cura detalhadas abaixo",parcial,Aging e PDD agregados; eventos e denominadores precisam de controle documental,"Validar fórmula e competência antes de ativar alerta; regra/lacuna: Reservas, subordinação, cobertura, lastro, pagamentos e cross default; hipóteses e cura detalhadas abaixo",Regra documental; validar enquadramento em dados operacionais.,Fundos.NET ID 909547; referência 19/05/2025; Regulamento; p. 113; 12.1(i)–(iii); data/raw/50473039000102/909547_review_20261007.pdf; https://fnet.bmfbovespa.com.br/fnet/publico/visualizarDocumento?id=909547,revisão documental com lacunas explícitas
SELLER FIDC SEGMENTO MEIOS DE PAGAMENTO DE RESPONSABILIDADE LIMITADA,50.473.039/0001-02,Reserva de caixa,minimum_cash_ratio,100% da próxima amortização: acumular D-45; integral D-10,parcial,"Disponibilidades; requer despesas futuras, cronograma e waterfall",Validar fórmula e competência antes de ativar alerta; regra/lacuna: 100% da próxima amortização: acumular D-45; integral D-10,Resumo da versão indicada; fontesporcláusula; nenhumaexposiçãoindividualenquadradaautomaticamente.,"Fundos.NET ID 909547 | 19/05/2025 | Regulamento | p. 104, 10.1.4 reservadecaixa | data/raw/50473039000102/909547_review_20261007.pdf | https://fnet.bmfbovespa.com.br/fnet/publico/visualizarDocumento?id=909547",revisão documental com lacunas explícitas
SELLER FIDC SEGMENTO MEIOS DE PAGAMENTO DE RESPONSABILIDADE LIMITADA,50.473.039/0001-02,Derivativos/hedge,permitted_hedges,Operações em derivativos vedadas,parcial,Posição agregada em derivativos; não comprova finalidade/elegibilidade,Validar fórmula e competência antes de ativar alerta; regra/lacuna: Operações em derivativos vedadas,Resumo da versão indicada; fontesporcláusula; nenhumaexposiçãoindividualenquadradaautomaticamente.,"Fundos.NET ID 909547 | 19/05/2025 | Regulamento | p. 58, políticaderivativos | data/raw/50473039000102/909547_review_20261007.pdf | https://fnet.bmfbovespa.com.br/fnet/publico/visualizarDocumento?id=909547",revisão documental com lacunas explícitas
SELLER FIDC SEGMENTO MEIOS DE PAGAMENTO DE RESPONSABILIDADE LIMITADA,50.473.039/0001-02,PDD,pdd_coverage_min,Gatilho contratual específico de PDD não localizado; usar PDD/crédito como indicador agregado,parcial,PDD / Crédito e PDD / Vencidos; validar definição contratual,Validar fórmula e competência antes de ativar alerta; regra/lacuna: Gatilho contratual específico de PDD não localizado; usar PDD/crédito como indicador agregado,Sem limite automático de PDD inferido; regra contratual deve ser conciliada separadamente.,"Fundos.NET ID 909547 | 19/05/2025 | Regulamento | p. 1, Anexo e avaliação metodológica da revisão | data/raw/50473039000102/909547_review_20261007.pdf | https://fnet.bmfbovespa.com.br/fnet/publico/visualizarDocumento?id=909547",revisão documental com lacunas explícitas
SELLER FIDC SEGMENTO MEIOS DE PAGAMENTO DE RESPONSABILIDADE LIMITADA,50.473.039/0001-02,Subordinação mezanino,documentary_subordinacao_mezanino,Não localizado na documentação acessível,nao_monitoravel,Lacuna documental: obter regra antes de definir métrica ou alerta,Validar fórmula e competência antes de ativar alerta; regra/lacuna: Não localizado na documentação acessível,Lacuna documental; não preencher por aproximação de nome ou por campo heurístico.,"Inventário por CNPJ 50473039000102, consulta Fundos.NET em 07/10/2026: 45 documentos listados; Fundos.NET respondeu HTTP 520 em pesquisarGerenciadorDocumentosDados.; inventário local anterior preservado.  PDFs efetivamente revistos: 909547, 912093, 932137. Não foi identificado termo específico na revisão.",revisão documental com lacunas explícitas
SELLER FIDC SEGMENTO MEIOS DE PAGAMENTO DE RESPONSABILIDADE LIMITADA,50.473.039/0001-02,Eventos de avaliação,documentary_eventos_de_avaliacao,"Reservas, subordinação, prestação/lastro, solvência e obrigações de Mercado Pago/Mercado Crédito",nao_monitoravel,Controle documental; IME público não replica a regra jurídica,"Validar fórmula e competência antes de ativar alerta; regra/lacuna: Reservas, subordinação, prestação/lastro, solvência e obrigações de Mercado Pago/Mercado Crédito",Parte dos eventos depende de comunicação do cedente/devedor; IME público não os replica.,"Fundos.NET ID 909547 | 19/05/2025 | Regulamento | p. 107, eventosavaliação | data/raw/50473039000102/909547_review_20261007.pdf | https://fnet.bmfbovespa.com.br/fnet/publico/visualizarDocumento?id=909547",revisão documental com lacunas explícitas
SELLER FIDC SEGMENTO MEIOS DE PAGAMENTO DE RESPONSABILIDADE LIMITADA,50.473.039/0001-02,Liquidação antecipada,documentary_liquidacao_antecipada,Pagamento sênior não sanado em 2 DU; avaliação convertida em liquidação; inexigibilidade do lastro >45 dias,nao_monitoravel,Controle documental; IME público não replica a regra jurídica,Validar fórmula e competência antes de ativar alerta; regra/lacuna: Pagamento sênior não sanado em 2 DU; avaliação convertida em liquidação; inexigibilidade do lastro >45 dias,Liquidação sujeita a deliberação em assembleia; demais hipóteses nos itens seguintes.,Fundos.NET ID 909547; referência 19/05/2025; Regulamento; p. 113; 12.1(i)–(iii); data/raw/50473039000102/909547_review_20261007.pdf; https://fnet.bmfbovespa.com.br/fnet/publico/visualizarDocumento?id=909547,revisão documental com lacunas explícitas
SELLER FIDC SEGMENTO MEIOS DE PAGAMENTO DE RESPONSABILIDADE LIMITADA,50.473.039/0001-02,Reserva de despesas,documentary_reserva_de_despesas,3 meses de despesas ordinárias estimadas,nao_monitoravel,Controle documental; IME público não replica a regra jurídica,Validar fórmula e competência antes de ativar alerta; regra/lacuna: 3 meses de despesas ordinárias estimadas,Resumo da versão indicada; fontesporcláusula; nenhumaexposiçãoindividualenquadradaautomaticamente.,"Fundos.NET ID 909547 | 19/05/2025 | Regulamento | p. 103, 10.1 reservadeliquidez | data/raw/50473039000102/909547_review_20261007.pdf | https://fnet.bmfbovespa.com.br/fnet/publico/visualizarDocumento?id=909547",revisão documental com lacunas explícitas
SELLER FIDC SEGMENTO MEIOS DE PAGAMENTO DE RESPONSABILIDADE LIMITADA,50.473.039/0001-02,Cross default,documentary_cross_default,MercadoLibre: terceiros >US$75 mi; grupo Brasil >R$150 mi; cura 10 DU ou prazo contratual aplicável,nao_monitoravel,Controle documental; IME público não replica a regra jurídica,Validar fórmula e competência antes de ativar alerta; regra/lacuna: MercadoLibre: terceiros >US$75 mi; grupo Brasil >R$150 mi; cura 10 DU ou prazo contratual aplicável,"Obrigações perante cotistas seniores também previstas; evento de avaliação, sem equivalência a atraso no IME.",Fundos.NET ID 909547; referência 19/05/2025; Regulamento; p. 111; 11.1(xxix)–(xxx); data/raw/50473039000102/909547_review_20261007.pdf; https://fnet.bmfbovespa.com.br/fnet/publico/visualizarDocumento?id=909547,revisão documental com lacunas explícitas
SELLER FIDC SEGMENTO MEIOS DE PAGAMENTO DE RESPONSABILIDADE LIMITADA,50.473.039/0001-02,Índice de cobertura,documentary_indice_de_cobertura,Sênior/mezanino: enquadramento mensal; 3 datas de aniversário consecutivas desenquadradas geram medidas,nao_monitoravel,Controle documental; IME público não replica a regra jurídica,Validar fórmula e competência antes de ativar alerta; regra/lacuna: Sênior/mezanino: enquadramento mensal; 3 datas de aniversário consecutivas desenquadradas geram medidas,Parâmetro e fórmula completos não localizados na revisão desta versão; não atribuir piso de outra estrutura.,Fundos.NET ID 909547; referência 19/05/2025; Regulamento; p. 61; 3.9.6/3.9.6.1; data/raw/50473039000102/909547_review_20261007.pdf; https://fnet.bmfbovespa.com.br/fnet/publico/visualizarDocumento?id=909547,revisão documental com lacunas explícitas
SELLER FIDC SEGMENTO MEIOS DE PAGAMENTO DE RESPONSABILIDADE LIMITADA,50.473.039/0001-02,Alocação mínima,credit_rights_allocation_min,≥50% do PL em direitos elegíveis após 180 dias,direto com validação,"Direitos creditórios / PL; validar ativo elegível, período e denominador",Validar fórmula e competência antes de ativar alerta; regra/lacuna: ≥50% do PL em direitos elegíveis após 180 dias,Resumo da versão indicada; fontesporcláusula; nenhumaexposiçãoindividualenquadradaautomaticamente.,"Fundos.NET ID 909547 | 19/05/2025 | Regulamento | p. 58, alocaçãomínima | data/raw/50473039000102/909547_review_20261007.pdf | https://fnet.bmfbovespa.com.br/fnet/publico/visualizarDocumento?id=909547",revisão documental com lacunas explícitas
SELLER FIDC SEGMENTO MEIOS DE PAGAMENTO DE RESPONSABILIDADE LIMITADA,50.473.039/0001-02,Pool/revolvência,documentary_pool_revolvencia,"Aquisições recorrentes condicionadas a reservas, potencial de aquisição e eventos",nao_monitoravel,Controle documental; IME público não replica a regra jurídica,"Validar fórmula e competência antes de ativar alerta; regra/lacuna: Aquisições recorrentes condicionadas a reservas, potencial de aquisição e eventos",Resumo da versão indicada; fontesporcláusula; nenhumaexposiçãoindividualenquadradaautomaticamente.,"Fundos.NET ID 909547 | 19/05/2025 | Regulamento | p. 58, aquisições/cessão | data/raw/50473039000102/909547_review_20261007.pdf | https://fnet.bmfbovespa.com.br/fnet/publico/visualizarDocumento?id=909547",revisão documental com lacunas explícitas
SELLER FIDC SEGMENTO MEIOS DE PAGAMENTO DE RESPONSABILIDADE LIMITADA,50.473.039/0001-02,Duração/público-alvo,documentary_duracao_publico_alvo,Indeterminado; público profissional/autorizado conforme versão,nao_monitoravel,Controle documental; IME público não replica a regra jurídica,Validar fórmula e competência antes de ativar alerta; regra/lacuna: Indeterminado; público profissional/autorizado conforme versão,Resumo da versão indicada; fontesporcláusula; nenhumaexposiçãoindividualenquadradaautomaticamente.,"Fundos.NET ID 909547 | 19/05/2025 | Regulamento | p. 56, duração/públicoalvo | data/raw/50473039000102/909547_review_20261007.pdf | https://fnet.bmfbovespa.com.br/fnet/publico/visualizarDocumento?id=909547",revisão documental com lacunas explícitas
SELLER FIDC SEGMENTO MEIOS DE PAGAMENTO DE RESPONSABILIDADE LIMITADA,50.473.039/0001-02,Cessão/recompra,repurchase_indemnity,Resolução e indenização por vícios/descumprimentos conforme contratos; chargeback tem risco específico,parcial,Recompras / Crédito; motivo e indenização exigem contratos,Validar fórmula e competência antes de ativar alerta; regra/lacuna: Resolução e indenização por vícios/descumprimentos conforme contratos; chargeback tem risco específico,Resumo da versão indicada; fontesporcláusula; nenhumaexposiçãoindividualenquadradaautomaticamente.,"Fundos.NET ID 909547 | 19/05/2025 | Regulamento | p. 69, riscocréditocedentes | data/raw/50473039000102/909547_review_20261007.pdf | https://fnet.bmfbovespa.com.br/fnet/publico/visualizarDocumento?id=909547",revisão documental com lacunas explícitas
SELLER FIDC SEGMENTO MEIOS DE PAGAMENTO DE RESPONSABILIDADE LIMITADA,50.473.039/0001-02,Coobrigação,documentary_coobrigacao,Cedentes não respondem por pagamento/solvência do devedor,nao_monitoravel,Controle documental; IME público não replica a regra jurídica,Validar fórmula e competência antes de ativar alerta; regra/lacuna: Cedentes não respondem por pagamento/solvência do devedor,Resumo da versão indicada; fontesporcláusula; nenhumaexposiçãoindividualenquadradaautomaticamente.,"Fundos.NET ID 909547 | 19/05/2025 | Regulamento | p. 67, riscocrédito/ausênciacoobrigação | data/raw/50473039000102/909547_review_20261007.pdf | https://fnet.bmfbovespa.com.br/fnet/publico/visualizarDocumento?id=909547",revisão documental com lacunas explícitas
SELLER FIDC SEGMENTO MEIOS DE PAGAMENTO DE RESPONSABILIDADE LIMITADA,50.473.039/0001-02,Waterfall,documentary_waterfall,"Encargos/reservas; sênior; mezanino; júnior, conforme ordem contratual",nao_monitoravel,Controle documental; IME público não replica a regra jurídica,"Validar fórmula e competência antes de ativar alerta; regra/lacuna: Encargos/reservas; sênior; mezanino; júnior, conforme ordem contratual",Resumo da versão indicada; fontesporcláusula; nenhumaexposiçãoindividualenquadradaautomaticamente.,"Fundos.NET ID 909547 | 19/05/2025 | Regulamento | p. 97, ordemalocaçãorecursos | data/raw/50473039000102/909547_review_20261007.pdf | https://fnet.bmfbovespa.com.br/fnet/publico/visualizarDocumento?id=909547",revisão documental com lacunas explícitas
SELLER FIDC SEGMENTO MEIOS DE PAGAMENTO DE RESPONSABILIDADE LIMITADA,50.473.039/0001-02,Prestadores,documentary_prestadores,Não localizado na documentação acessível,nao_monitoravel,Lacuna documental: obter regra antes de definir métrica ou alerta,Validar fórmula e competência antes de ativar alerta; regra/lacuna: Não localizado na documentação acessível,Lacuna documental; não preencher por aproximação de nome ou por campo heurístico.,"Inventário por CNPJ 50473039000102, consulta Fundos.NET em 07/10/2026: 45 documentos listados; Fundos.NET respondeu HTTP 520 em pesquisarGerenciadorDocumentosDados.; inventário local anterior preservado.  PDFs efetivamente revistos: 909547, 912093, 932137. Não foi identificado termo específico na revisão.",revisão documental com lacunas explícitas
SELLER II FUNDO DE INVESTIMENTO EM DIREITOS CREDITÓRIOS SEGMENTO MEIOS DE PAGAMENTO RESP LTDA,55.471.753/0001-77,Natureza dos recebíveis,documentary_natureza_dos_recebiveis,Recebíveis de transações Mercado Pago e créditos sub-rogados pelo Mercado Crédito,nao_monitoravel,Controle documental; IME público não replica a regra jurídica,Validar fórmula e competência antes de ativar alerta; regra/lacuna: Recebíveis de transações Mercado Pago e créditos sub-rogados pelo Mercado Crédito,Resumo da versão indicada; fontesporcláusula; nenhumaexposiçãoindividualenquadradaautomaticamente.,"Fundos.NET ID 704724 | 25/07/2024 | Regulamento | p. 63, política/originação | data/raw/55471753000177/704724_review_20261007.pdf | https://fnet.bmfbovespa.com.br/fnet/publico/visualizarDocumento?id=704724",revisão documental com lacunas explícitas
SELLER II FUNDO DE INVESTIMENTO EM DIREITOS CREDITÓRIOS SEGMENTO MEIOS DE PAGAMENTO RESP LTDA,55.471.753/0001-77,Originador/endossante,documentary_originador_endossante,Estabelecimentos comerciais e Mercado Crédito,nao_monitoravel,Controle documental; IME público não replica a regra jurídica,Validar fórmula e competência antes de ativar alerta; regra/lacuna: Estabelecimentos comerciais e Mercado Crédito,Resumo da versão indicada; fontesporcláusula; nenhumaexposiçãoindividualenquadradaautomaticamente.,"Fundos.NET ID 704724 | 25/07/2024 | Regulamento | p. 36, definiçãocedentes | data/raw/55471753000177/704724_review_20261007.pdf | https://fnet.bmfbovespa.com.br/fnet/publico/visualizarDocumento?id=704724",revisão documental com lacunas explícitas
SELLER II FUNDO DE INVESTIMENTO EM DIREITOS CREDITÓRIOS SEGMENTO MEIOS DE PAGAMENTO RESP LTDA,55.471.753/0001-77,Devedor,documentary_devedor,Mercado Pago IP Ltda.; CNPJ 10.573.521/0001-91,nao_monitoravel,Controle documental; IME público não replica a regra jurídica,Validar fórmula e competência antes de ativar alerta; regra/lacuna: Mercado Pago IP Ltda.; CNPJ 10.573.521/0001-91,Resumo da versão indicada; fontesporcláusula; nenhumaexposiçãoindividualenquadradaautomaticamente.,"Fundos.NET ID 704724 | 25/07/2024 | Regulamento | p. 42, definiçãodevedor | data/raw/55471753000177/704724_review_20261007.pdf | https://fnet.bmfbovespa.com.br/fnet/publico/visualizarDocumento?id=704724",revisão documental com lacunas explícitas
SELLER II FUNDO DE INVESTIMENTO EM DIREITOS CREDITÓRIOS SEGMENTO MEIOS DE PAGAMENTO RESP LTDA,55.471.753/0001-77,Garantia,documentary_garantia,Sem garantia de prestadores/FGC; sem garantias reais do devedor,nao_monitoravel,Controle documental; IME público não replica a regra jurídica,Validar fórmula e competência antes de ativar alerta; regra/lacuna: Sem garantia de prestadores/FGC; sem garantias reais do devedor,Resumo da versão indicada; fontesporcláusula; nenhumaexposiçãoindividualenquadradaautomaticamente.,"Fundos.NET ID 704724 | 25/07/2024 | Regulamento | p. 61, ausênciagarantias | data/raw/55471753000177/704724_review_20261007.pdf | https://fnet.bmfbovespa.com.br/fnet/publico/visualizarDocumento?id=704724",revisão documental com lacunas explícitas
SELLER II FUNDO DE INVESTIMENTO EM DIREITOS CREDITÓRIOS SEGMENTO MEIOS DE PAGAMENTO RESP LTDA,55.471.753/0001-77,Elegibilidade,eligibility_criteria_text,BRL; créditos vincendos; devedor adimplente; controle de partes relacionadas; validação da exigibilidade na cessão,nao_monitoravel,"Controle individual de lastro, devedor e critérios contratuais",Validar fórmula e competência antes de ativar alerta; regra/lacuna: BRL; créditos vincendos; devedor adimplente; controle de partes relacionadas; validação da exigibilidade na cessão,Resumo da versão indicada; fontesporcláusula; nenhumaexposiçãoindividualenquadradaautomaticamente.,"Fundos.NET ID 704724 | 25/07/2024 | Regulamento | p. 63, elegibilidade/condiçõescessão | data/raw/55471753000177/704724_review_20261007.pdf | https://fnet.bmfbovespa.com.br/fnet/publico/visualizarDocumento?id=704724",revisão documental com lacunas explícitas
SELLER II FUNDO DE INVESTIMENTO EM DIREITOS CREDITÓRIOS SEGMENTO MEIOS DE PAGAMENTO RESP LTDA,55.471.753/0001-77,Concentração,concentration_limits,Devedor econômico: Mercado Pago; teto 20% do PL dispensado sob condições da classe,nao_monitoravel,Sem granularidade pública por cedente/devedor/grupo econômico,Validar fórmula e competência antes de ativar alerta; regra/lacuna: Devedor econômico: Mercado Pago; teto 20% do PL dispensado sob condições da classe,Resumo da versão indicada; fontesporcláusula; nenhumaexposiçãoindividualenquadradaautomaticamente.,"Fundos.NET ID 704724 | 25/07/2024 | Regulamento | p. 61, concentração | data/raw/55471753000177/704724_review_20261007.pdf | https://fnet.bmfbovespa.com.br/fnet/publico/visualizarDocumento?id=704724",revisão documental com lacunas explícitas
SELLER II FUNDO DE INVESTIMENTO EM DIREITOS CREDITÓRIOS SEGMENTO MEIOS DE PAGAMENTO RESP LTDA,55.471.753/0001-77,Prazo dos recebíveis,documentary_prazo_dos_recebiveis,"Máximo 365 dias da cessão, conforme critérios",nao_monitoravel,Controle documental; IME público não replica a regra jurídica,"Validar fórmula e competência antes de ativar alerta; regra/lacuna: Máximo 365 dias da cessão, conforme critérios",Resumo da versão indicada; fontesporcláusula; nenhumaexposiçãoindividualenquadradaautomaticamente.,"Fundos.NET ID 704724 | 25/07/2024 | Regulamento | p. 63, elegibilidadeprazo | data/raw/55471753000177/704724_review_20261007.pdf | https://fnet.bmfbovespa.com.br/fnet/publico/visualizarDocumento?id=704724",revisão documental com lacunas explícitas
SELLER II FUNDO DE INVESTIMENTO EM DIREITOS CREDITÓRIOS SEGMENTO MEIOS DE PAGAMENTO RESP LTDA,55.471.753/0001-77,Ativos vedados,documentary_ativos_vedados,Operações com administrador/gestor e relacionados; cotas de fundos por eles administrados ou geridos,nao_monitoravel,Controle documental; IME público não replica a regra jurídica,Validar fórmula e competência antes de ativar alerta; regra/lacuna: Operações com administrador/gestor e relacionados; cotas de fundos por eles administrados ou geridos,Regra documental; validar enquadramento em dados operacionais.,Fundos.NET ID 704724; referência 25/07/2024; Regulamento; p. 61; 3.4/3.4.1 (Seller I); 3.5/3.5.1 (Seller II); data/raw/55471753000177/704724_review_20261007.pdf; https://fnet.bmfbovespa.com.br/fnet/publico/visualizarDocumento?id=704724,revisão documental com lacunas explícitas
SELLER II FUNDO DE INVESTIMENTO EM DIREITOS CREDITÓRIOS SEGMENTO MEIOS DE PAGAMENTO RESP LTDA,55.471.753/0001-77,Subordinação mínima,subordination_ratio_min,"Júnior / PL ≥33,3%",monitoravel com ressalva,Cotas subordinadas e mezanino / PL; reconciliar subclasse e fórmula contratual,"Validar fórmula e competência antes de ativar alerta; regra/lacuna: Júnior / PL ≥33,3%",Resumo da versão indicada; fontesporcláusula; nenhumaexposiçãoindividualenquadradaautomaticamente.,"Fundos.NET ID 704724 | 25/07/2024 | Regulamento | p. 106, 8.8 índicedesubordinação | data/raw/55471753000177/704724_review_20261007.pdf | https://fnet.bmfbovespa.com.br/fnet/publico/visualizarDocumento?id=704724",revisão documental com lacunas explícitas
SELLER II FUNDO DE INVESTIMENTO EM DIREITOS CREDITÓRIOS SEGMENTO MEIOS DE PAGAMENTO RESP LTDA,55.471.753/0001-77,Gatilhos de avaliação/liquidação,documentary_evaluation_liquidation,"Reservas, subordinação, cobertura, lastro, pagamentos e cross default; hipóteses e cura detalhadas abaixo",parcial,Aging e PDD agregados; eventos e denominadores precisam de controle documental,"Validar fórmula e competência antes de ativar alerta; regra/lacuna: Reservas, subordinação, cobertura, lastro, pagamentos e cross default; hipóteses e cura detalhadas abaixo",Regra documental; validar enquadramento em dados operacionais.,Fundos.NET ID 704724; referência 25/07/2024; Regulamento; p. 119–120; 12.1; data/raw/55471753000177/704724_review_20261007.pdf; https://fnet.bmfbovespa.com.br/fnet/publico/visualizarDocumento?id=704724,revisão documental com lacunas explícitas
SELLER II FUNDO DE INVESTIMENTO EM DIREITOS CREDITÓRIOS SEGMENTO MEIOS DE PAGAMENTO RESP LTDA,55.471.753/0001-77,Reserva de caixa,minimum_cash_ratio,100% da próxima amortização: acumular D-45; integral D-10 ; remuneração D-10/integral D-5,parcial,"Disponibilidades; requer despesas futuras, cronograma e waterfall",Validar fórmula e competência antes de ativar alerta; regra/lacuna: 100% da próxima amortização: acumular D-45; integral D-10 ; remuneração D-10/integral D-5,Resumo da versão indicada; fontesporcláusula; nenhumaexposiçãoindividualenquadradaautomaticamente.,"Fundos.NET ID 704724 | 25/07/2024 | Regulamento | p. 111, 10.1.4 reservadecaixa | data/raw/55471753000177/704724_review_20261007.pdf | https://fnet.bmfbovespa.com.br/fnet/publico/visualizarDocumento?id=704724",revisão documental com lacunas explícitas
SELLER II FUNDO DE INVESTIMENTO EM DIREITOS CREDITÓRIOS SEGMENTO MEIOS DE PAGAMENTO RESP LTDA,55.471.753/0001-77,Derivativos/hedge,permitted_hedges,Operações em derivativos vedadas,parcial,Posição agregada em derivativos; não comprova finalidade/elegibilidade,Validar fórmula e competência antes de ativar alerta; regra/lacuna: Operações em derivativos vedadas,Resumo da versão indicada; fontesporcláusula; nenhumaexposiçãoindividualenquadradaautomaticamente.,"Fundos.NET ID 704724 | 25/07/2024 | Regulamento | p. 61, políticaderivativos | data/raw/55471753000177/704724_review_20261007.pdf | https://fnet.bmfbovespa.com.br/fnet/publico/visualizarDocumento?id=704724",revisão documental com lacunas explícitas
SELLER II FUNDO DE INVESTIMENTO EM DIREITOS CREDITÓRIOS SEGMENTO MEIOS DE PAGAMENTO RESP LTDA,55.471.753/0001-77,PDD,pdd_coverage_min,Gatilho contratual específico de PDD não localizado; usar PDD/crédito como indicador agregado,parcial,PDD / Crédito e PDD / Vencidos; validar definição contratual,Validar fórmula e competência antes de ativar alerta; regra/lacuna: Gatilho contratual específico de PDD não localizado; usar PDD/crédito como indicador agregado,Sem limite automático de PDD inferido; regra contratual deve ser conciliada separadamente.,"Fundos.NET ID 704724 | 25/07/2024 | Regulamento | p. 1, Anexo e avaliação metodológica da revisão | data/raw/55471753000177/704724_review_20261007.pdf | https://fnet.bmfbovespa.com.br/fnet/publico/visualizarDocumento?id=704724",revisão documental com lacunas explícitas
SELLER II FUNDO DE INVESTIMENTO EM DIREITOS CREDITÓRIOS SEGMENTO MEIOS DE PAGAMENTO RESP LTDA,55.471.753/0001-77,Subordinação mezanino,documentary_subordinacao_mezanino,Não localizado na documentação acessível,nao_monitoravel,Lacuna documental: obter regra antes de definir métrica ou alerta,Validar fórmula e competência antes de ativar alerta; regra/lacuna: Não localizado na documentação acessível,Lacuna documental; não preencher por aproximação de nome ou por campo heurístico.,"Inventário por CNPJ 55471753000177, consulta Fundos.NET em 07/10/2026: 30 documentos listados; Falha de rede ao acessar pesquisarGerenciadorDocumentosDados: The read operation timed out; inventário local anterior preservado.  PDFs efetivamente revistos: 704724, 714216, 733048. Não foi identificado termo específico na revisão.",revisão documental com lacunas explícitas
SELLER II FUNDO DE INVESTIMENTO EM DIREITOS CREDITÓRIOS SEGMENTO MEIOS DE PAGAMENTO RESP LTDA,55.471.753/0001-77,Eventos de avaliação,documentary_eventos_de_avaliacao,"Reservas, subordinação, prestação/lastro, solvência e obrigações de Mercado Pago/Mercado Crédito",nao_monitoravel,Controle documental; IME público não replica a regra jurídica,"Validar fórmula e competência antes de ativar alerta; regra/lacuna: Reservas, subordinação, prestação/lastro, solvência e obrigações de Mercado Pago/Mercado Crédito",Parte dos eventos depende de comunicação do cedente/devedor; IME público não os replica.,"Fundos.NET ID 704724 | 25/07/2024 | Regulamento | p. 113, eventosavaliação | data/raw/55471753000177/704724_review_20261007.pdf | https://fnet.bmfbovespa.com.br/fnet/publico/visualizarDocumento?id=704724",revisão documental com lacunas explícitas
SELLER II FUNDO DE INVESTIMENTO EM DIREITOS CREDITÓRIOS SEGMENTO MEIOS DE PAGAMENTO RESP LTDA,55.471.753/0001-77,Liquidação antecipada,documentary_liquidacao_antecipada,Pagamento de cotas não sanado em 2 DU; lastro inexigível >15 dias; inadimplência ≥R$5 mi com cura contratual,nao_monitoravel,Controle documental; IME público não replica a regra jurídica,Validar fórmula e competência antes de ativar alerta; regra/lacuna: Pagamento de cotas não sanado em 2 DU; lastro inexigível >15 dias; inadimplência ≥R$5 mi com cura contratual,Liquidação sujeita a deliberação em assembleia; inclui insolvência do devedor/Mercado Crédito e substituição de prestadores.,Fundos.NET ID 704724; referência 25/07/2024; Regulamento; p. 119–120; 12.1; data/raw/55471753000177/704724_review_20261007.pdf; https://fnet.bmfbovespa.com.br/fnet/publico/visualizarDocumento?id=704724,revisão documental com lacunas explícitas
SELLER II FUNDO DE INVESTIMENTO EM DIREITOS CREDITÓRIOS SEGMENTO MEIOS DE PAGAMENTO RESP LTDA,55.471.753/0001-77,Reserva de despesas,documentary_reserva_de_despesas,3 meses de despesas ordinárias estimadas,nao_monitoravel,Controle documental; IME público não replica a regra jurídica,Validar fórmula e competência antes de ativar alerta; regra/lacuna: 3 meses de despesas ordinárias estimadas,Resumo da versão indicada; fontesporcláusula; nenhumaexposiçãoindividualenquadradaautomaticamente.,"Fundos.NET ID 704724 | 25/07/2024 | Regulamento | p. 110, 10.1 reservadeliquidez | data/raw/55471753000177/704724_review_20261007.pdf | https://fnet.bmfbovespa.com.br/fnet/publico/visualizarDocumento?id=704724",revisão documental com lacunas explícitas
SELLER II FUNDO DE INVESTIMENTO EM DIREITOS CREDITÓRIOS SEGMENTO MEIOS DE PAGAMENTO RESP LTDA,55.471.753/0001-77,Cross default,documentary_cross_default,MercadoLibre: terceiros >US$75 mi; grupo Brasil >R$150 mi; cura 5 DU ou prazo contratual aplicável,nao_monitoravel,Controle documental; IME público não replica a regra jurídica,Validar fórmula e competência antes de ativar alerta; regra/lacuna: MercadoLibre: terceiros >US$75 mi; grupo Brasil >R$150 mi; cura 5 DU ou prazo contratual aplicável,Evento de avaliação documental; devedor e grupo econômico exigem acompanhamento próprio.,Fundos.NET ID 704724; referência 25/07/2024; Regulamento; p. 117; 11.1(xxviii)–(xxix); data/raw/55471753000177/704724_review_20261007.pdf; https://fnet.bmfbovespa.com.br/fnet/publico/visualizarDocumento?id=704724,revisão documental com lacunas explícitas
SELLER II FUNDO DE INVESTIMENTO EM DIREITOS CREDITÓRIOS SEGMENTO MEIOS DE PAGAMENTO RESP LTDA,55.471.753/0001-77,Índice de cobertura,documentary_indice_de_cobertura,"Sênior/mezanino ≥1,00; avaliação após 2 referências consecutivas ou 4 alternadas em 12 meses",nao_monitoravel,Controle documental; IME público não replica a regra jurídica,"Validar fórmula e competência antes de ativar alerta; regra/lacuna: Sênior/mezanino ≥1,00; avaliação após 2 referências consecutivas ou 4 alternadas em 12 meses","Usa valor presente, potencial de aquisição, ponderação, disponibilidades e comissões; IME agregado não replica.",Fundos.NET ID 704724; referência 25/07/2024; Regulamento; p. 117/136; 11.1(xxvi); Suplemento I; data/raw/55471753000177/704724_review_20261007.pdf; https://fnet.bmfbovespa.com.br/fnet/publico/visualizarDocumento?id=704724,revisão documental com lacunas explícitas
SELLER II FUNDO DE INVESTIMENTO EM DIREITOS CREDITÓRIOS SEGMENTO MEIOS DE PAGAMENTO RESP LTDA,55.471.753/0001-77,Índice de liquidez,documentary_indice_de_liquidez,"≥1,00 pro forma para novas emissões; fluxos a CDI, potencial de aquisição e despesas na fórmula",nao_monitoravel,Controle documental; IME público não replica a regra jurídica,"Validar fórmula e competência antes de ativar alerta; regra/lacuna: ≥1,00 pro forma para novas emissões; fluxos a CDI, potencial de aquisição e despesas na fórmula",Validação manual com projeções de recebíveis/cotas e horizonte de liquidez; caixa/PL é proxy parcial.,Fundos.NET ID 704724; referência 25/07/2024; Regulamento; p. 104/137; 8.1.22(iv); Suplemento I; data/raw/55471753000177/704724_review_20261007.pdf; https://fnet.bmfbovespa.com.br/fnet/publico/visualizarDocumento?id=704724,revisão documental com lacunas explícitas
SELLER II FUNDO DE INVESTIMENTO EM DIREITOS CREDITÓRIOS SEGMENTO MEIOS DE PAGAMENTO RESP LTDA,55.471.753/0001-77,Devolução de pagamentos,documentary_devolucao_de_pagamentos,>4% por 2 meses consecutivos ou 3 alternados em 12 meses; ou >5% em qualquer mês,nao_monitoravel,Controle documental; IME público não replica a regra jurídica,Validar fórmula e competência antes de ativar alerta; regra/lacuna: >4% por 2 meses consecutivos ou 3 alternados em 12 meses; ou >5% em qualquer mês,Face devolvida no mês anterior / PL do último DU anterior; motivo jurídico e base não equivalem a recompras/crédito do IME.,Fundos.NET ID 704724; referência 25/07/2024; Regulamento; p. 136; Suplemento I; data/raw/55471753000177/704724_review_20261007.pdf; https://fnet.bmfbovespa.com.br/fnet/publico/visualizarDocumento?id=704724,revisão documental com lacunas explícitas
SELLER II FUNDO DE INVESTIMENTO EM DIREITOS CREDITÓRIOS SEGMENTO MEIOS DE PAGAMENTO RESP LTDA,55.471.753/0001-77,Resolução de cessão,documentary_resolucao_de_cessao,>2% por 2 meses consecutivos ou 3 alternados em 12 meses; ou >5% em qualquer mês,nao_monitoravel,Controle documental; IME público não replica a regra jurídica,Validar fórmula e competência antes de ativar alerta; regra/lacuna: >2% por 2 meses consecutivos ou 3 alternados em 12 meses; ou >5% em qualquer mês,Face dos créditos resolvidos no mês anterior / PL anterior; não replicável pelo IME público.,Fundos.NET ID 704724; referência 25/07/2024; Regulamento; p. 137–138; Suplemento I; data/raw/55471753000177/704724_review_20261007.pdf; https://fnet.bmfbovespa.com.br/fnet/publico/visualizarDocumento?id=704724,revisão documental com lacunas explícitas
SELLER II FUNDO DE INVESTIMENTO EM DIREITOS CREDITÓRIOS SEGMENTO MEIOS DE PAGAMENTO RESP LTDA,55.471.753/0001-77,Alocação mínima,credit_rights_allocation_min,≥50% do PL em direitos elegíveis após 180 dias,direto com validação,"Direitos creditórios / PL; validar ativo elegível, período e denominador",Validar fórmula e competência antes de ativar alerta; regra/lacuna: ≥50% do PL em direitos elegíveis após 180 dias,Resumo da versão indicada; fontesporcláusula; nenhumaexposiçãoindividualenquadradaautomaticamente.,"Fundos.NET ID 704724 | 25/07/2024 | Regulamento | p. 61, alocaçãomínima | data/raw/55471753000177/704724_review_20261007.pdf | https://fnet.bmfbovespa.com.br/fnet/publico/visualizarDocumento?id=704724",revisão documental com lacunas explícitas
SELLER II FUNDO DE INVESTIMENTO EM DIREITOS CREDITÓRIOS SEGMENTO MEIOS DE PAGAMENTO RESP LTDA,55.471.753/0001-77,Pool/revolvência,documentary_pool_revolvencia,"Aquisições recorrentes condicionadas a reservas, potencial de aquisição e eventos",nao_monitoravel,Controle documental; IME público não replica a regra jurídica,"Validar fórmula e competência antes de ativar alerta; regra/lacuna: Aquisições recorrentes condicionadas a reservas, potencial de aquisição e eventos",Resumo da versão indicada; fontesporcláusula; nenhumaexposiçãoindividualenquadradaautomaticamente.,"Fundos.NET ID 704724 | 25/07/2024 | Regulamento | p. 60, aquisições/cessão | data/raw/55471753000177/704724_review_20261007.pdf | https://fnet.bmfbovespa.com.br/fnet/publico/visualizarDocumento?id=704724",revisão documental com lacunas explícitas
SELLER II FUNDO DE INVESTIMENTO EM DIREITOS CREDITÓRIOS SEGMENTO MEIOS DE PAGAMENTO RESP LTDA,55.471.753/0001-77,Duração/público-alvo,documentary_duracao_publico_alvo,Indeterminado; público profissional/autorizado conforme versão,nao_monitoravel,Controle documental; IME público não replica a regra jurídica,Validar fórmula e competência antes de ativar alerta; regra/lacuna: Indeterminado; público profissional/autorizado conforme versão,Resumo da versão indicada; fontesporcláusula; nenhumaexposiçãoindividualenquadradaautomaticamente.,"Fundos.NET ID 704724 | 25/07/2024 | Regulamento | p. 58, duração/públicoalvo | data/raw/55471753000177/704724_review_20261007.pdf | https://fnet.bmfbovespa.com.br/fnet/publico/visualizarDocumento?id=704724",revisão documental com lacunas explícitas
SELLER II FUNDO DE INVESTIMENTO EM DIREITOS CREDITÓRIOS SEGMENTO MEIOS DE PAGAMENTO RESP LTDA,55.471.753/0001-77,Cessão/recompra,repurchase_indemnity,Resolução e indenização por vícios/descumprimentos conforme contratos; chargeback tem risco específico,parcial,Recompras / Crédito; motivo e indenização exigem contratos,Validar fórmula e competência antes de ativar alerta; regra/lacuna: Resolução e indenização por vícios/descumprimentos conforme contratos; chargeback tem risco específico,Resumo da versão indicada; fontesporcláusula; nenhumaexposiçãoindividualenquadradaautomaticamente.,"Fundos.NET ID 704724 | 25/07/2024 | Regulamento | p. 73, riscocréditocedentes | data/raw/55471753000177/704724_review_20261007.pdf | https://fnet.bmfbovespa.com.br/fnet/publico/visualizarDocumento?id=704724",revisão documental com lacunas explícitas
SELLER II FUNDO DE INVESTIMENTO EM DIREITOS CREDITÓRIOS SEGMENTO MEIOS DE PAGAMENTO RESP LTDA,55.471.753/0001-77,Coobrigação,documentary_coobrigacao,Cedentes não respondem por pagamento/solvência do devedor,nao_monitoravel,Controle documental; IME público não replica a regra jurídica,Validar fórmula e competência antes de ativar alerta; regra/lacuna: Cedentes não respondem por pagamento/solvência do devedor,Resumo da versão indicada; fontesporcláusula; nenhumaexposiçãoindividualenquadradaautomaticamente.,"Fundos.NET ID 704724 | 25/07/2024 | Regulamento | p. 72, riscocrédito/ausênciacoobrigação | data/raw/55471753000177/704724_review_20261007.pdf | https://fnet.bmfbovespa.com.br/fnet/publico/visualizarDocumento?id=704724",revisão documental com lacunas explícitas
SELLER II FUNDO DE INVESTIMENTO EM DIREITOS CREDITÓRIOS SEGMENTO MEIOS DE PAGAMENTO RESP LTDA,55.471.753/0001-77,Waterfall,documentary_waterfall,"Encargos/reservas; sênior; mezanino; júnior, conforme ordem contratual",nao_monitoravel,Controle documental; IME público não replica a regra jurídica,"Validar fórmula e competência antes de ativar alerta; regra/lacuna: Encargos/reservas; sênior; mezanino; júnior, conforme ordem contratual",Resumo da versão indicada; fontesporcláusula; nenhumaexposiçãoindividualenquadradaautomaticamente.,"Fundos.NET ID 704724 | 25/07/2024 | Regulamento | p. 105, ordemalocaçãorecursos | data/raw/55471753000177/704724_review_20261007.pdf | https://fnet.bmfbovespa.com.br/fnet/publico/visualizarDocumento?id=704724",revisão documental com lacunas explícitas
SELLER II FUNDO DE INVESTIMENTO EM DIREITOS CREDITÓRIOS SEGMENTO MEIOS DE PAGAMENTO RESP LTDA,55.471.753/0001-77,Prestadores,documentary_prestadores,Não localizado na documentação acessível,nao_monitoravel,Lacuna documental: obter regra antes de definir métrica ou alerta,Validar fórmula e competência antes de ativar alerta; regra/lacuna: Não localizado na documentação acessível,Lacuna documental; não preencher por aproximação de nome ou por campo heurístico.,"Inventário por CNPJ 55471753000177, consulta Fundos.NET em 07/10/2026: 30 documentos listados; Falha de rede ao acessar pesquisarGerenciadorDocumentosDados: The read operation timed out; inventário local anterior preservado.  PDFs efetivamente revistos: 704724, 714216, 733048. Não foi identificado termo específico na revisão.",revisão documental com lacunas explícitas
SELLER II FUNDO DE INVESTIMENTO EM DIREITOS CREDITÓRIOS SEGMENTO MEIOS DE PAGAMENTO RESP LTDA,55.471.753/0001-77,Alocação fiscal adicional,documentary_alocacao_fiscal_adicional,"Cláusula 3.3: numeral 67% do PL, extenso “cinquenta por cento”; divergência textual",nao_monitoravel,Controle documental; IME público não replica a regra jurídica,"Validar fórmula e competência antes de ativar alerta; regra/lacuna: Cláusula 3.3: numeral 67% do PL, extenso “cinquenta por cento”; divergência textual",Não resolver automaticamente a divergência; exigir confirmação documental antes de alerta normativo.,Fundos.NET ID 704724; referência 25/07/2024; Regulamento; p. 61; 3.3; data/raw/55471753000177/704724_review_20261007.pdf; https://fnet.bmfbovespa.com.br/fnet/publico/visualizarDocumento?id=704724,revisão documental com lacunas explícitas
SELLER 3 FUNDO DE INVESTIMENTO EM DIREITOS CREDITÓRIOS SEGMENTO MEIOS DE PAGAMENTO DE RESP LIMITADA,63.572.282/0001-11,Natureza dos recebíveis,documentary_natureza_dos_recebiveis,Não localizado na documentação acessível,nao_monitoravel,Lacuna documental: obter regra antes de definir métrica ou alerta,Validar fórmula e competência antes de ativar alerta; regra/lacuna: Não localizado na documentação acessível,Lacuna documental; não preencher por aproximação de nome ou por campo heurístico.,"Inventário por CNPJ 63572282000111, consulta Fundos.NET em 07/10/2026: 11 documentos listados; Falha de rede ao acessar pesquisarGerenciadorDocumentosDados: The read operation timed out; inventário local anterior preservado.  PDFs efetivamente revistos: nenhum. ID1089845: Falha de rede ao acessar downloadDocumento: The read operation timed out; ID1080490: Falha de rede ao acessar downloadDocumento: The read operation timed out; ID1104314: Falha de rede ao acessar downloadDocumento: The read operation timed out",acesso documental insuficiente; lacunas preservadas
SELLER 3 FUNDO DE INVESTIMENTO EM DIREITOS CREDITÓRIOS SEGMENTO MEIOS DE PAGAMENTO DE RESP LIMITADA,63.572.282/0001-11,Originador/endossante,documentary_originador_endossante,Não localizado na documentação acessível,nao_monitoravel,Lacuna documental: obter regra antes de definir métrica ou alerta,Validar fórmula e competência antes de ativar alerta; regra/lacuna: Não localizado na documentação acessível,Lacuna documental; não preencher por aproximação de nome ou por campo heurístico.,"Inventário por CNPJ 63572282000111, consulta Fundos.NET em 07/10/2026: 11 documentos listados; Falha de rede ao acessar pesquisarGerenciadorDocumentosDados: The read operation timed out; inventário local anterior preservado.  PDFs efetivamente revistos: nenhum. ID1089845: Falha de rede ao acessar downloadDocumento: The read operation timed out; ID1080490: Falha de rede ao acessar downloadDocumento: The read operation timed out; ID1104314: Falha de rede ao acessar downloadDocumento: The read operation timed out",acesso documental insuficiente; lacunas preservadas
SELLER 3 FUNDO DE INVESTIMENTO EM DIREITOS CREDITÓRIOS SEGMENTO MEIOS DE PAGAMENTO DE RESP LIMITADA,63.572.282/0001-11,Devedor,documentary_devedor,Não localizado na documentação acessível,nao_monitoravel,Lacuna documental: obter regra antes de definir métrica ou alerta,Validar fórmula e competência antes de ativar alerta; regra/lacuna: Não localizado na documentação acessível,Lacuna documental; não preencher por aproximação de nome ou por campo heurístico.,"Inventário por CNPJ 63572282000111, consulta Fundos.NET em 07/10/2026: 11 documentos listados; Falha de rede ao acessar pesquisarGerenciadorDocumentosDados: The read operation timed out; inventário local anterior preservado.  PDFs efetivamente revistos: nenhum. ID1089845: Falha de rede ao acessar downloadDocumento: The read operation timed out; ID1080490: Falha de rede ao acessar downloadDocumento: The read operation timed out; ID1104314: Falha de rede ao acessar downloadDocumento: The read operation timed out",acesso documental insuficiente; lacunas preservadas
SELLER 3 FUNDO DE INVESTIMENTO EM DIREITOS CREDITÓRIOS SEGMENTO MEIOS DE PAGAMENTO DE RESP LIMITADA,63.572.282/0001-11,Garantia,documentary_garantia,Não localizado na documentação acessível,nao_monitoravel,Lacuna documental: obter regra antes de definir métrica ou alerta,Validar fórmula e competência antes de ativar alerta; regra/lacuna: Não localizado na documentação acessível,Lacuna documental; não preencher por aproximação de nome ou por campo heurístico.,"Inventário por CNPJ 63572282000111, consulta Fundos.NET em 07/10/2026: 11 documentos listados; Falha de rede ao acessar pesquisarGerenciadorDocumentosDados: The read operation timed out; inventário local anterior preservado.  PDFs efetivamente revistos: nenhum. ID1089845: Falha de rede ao acessar downloadDocumento: The read operation timed out; ID1080490: Falha de rede ao acessar downloadDocumento: The read operation timed out; ID1104314: Falha de rede ao acessar downloadDocumento: The read operation timed out",acesso documental insuficiente; lacunas preservadas
SELLER 3 FUNDO DE INVESTIMENTO EM DIREITOS CREDITÓRIOS SEGMENTO MEIOS DE PAGAMENTO DE RESP LIMITADA,63.572.282/0001-11,Elegibilidade,eligibility_criteria_text,Não localizado na documentação acessível,nao_monitoravel,Lacuna documental: obter regra antes de definir métrica ou alerta,Validar fórmula e competência antes de ativar alerta; regra/lacuna: Não localizado na documentação acessível,Lacuna documental; não preencher por aproximação de nome ou por campo heurístico.,"Inventário por CNPJ 63572282000111, consulta Fundos.NET em 07/10/2026: 11 documentos listados; Falha de rede ao acessar pesquisarGerenciadorDocumentosDados: The read operation timed out; inventário local anterior preservado.  PDFs efetivamente revistos: nenhum. ID1089845: Falha de rede ao acessar downloadDocumento: The read operation timed out; ID1080490: Falha de rede ao acessar downloadDocumento: The read operation timed out; ID1104314: Falha de rede ao acessar downloadDocumento: The read operation timed out",acesso documental insuficiente; lacunas preservadas
SELLER 3 FUNDO DE INVESTIMENTO EM DIREITOS CREDITÓRIOS SEGMENTO MEIOS DE PAGAMENTO DE RESP LIMITADA,63.572.282/0001-11,Concentração,concentration_limits,Não localizado na documentação acessível,nao_monitoravel,Lacuna documental: obter regra antes de definir métrica ou alerta,Validar fórmula e competência antes de ativar alerta; regra/lacuna: Não localizado na documentação acessível,Lacuna documental; não preencher por aproximação de nome ou por campo heurístico.,"Inventário por CNPJ 63572282000111, consulta Fundos.NET em 07/10/2026: 11 documentos listados; Falha de rede ao acessar pesquisarGerenciadorDocumentosDados: The read operation timed out; inventário local anterior preservado.  PDFs efetivamente revistos: nenhum. ID1089845: Falha de rede ao acessar downloadDocumento: The read operation timed out; ID1080490: Falha de rede ao acessar downloadDocumento: The read operation timed out; ID1104314: Falha de rede ao acessar downloadDocumento: The read operation timed out",acesso documental insuficiente; lacunas preservadas
SELLER 3 FUNDO DE INVESTIMENTO EM DIREITOS CREDITÓRIOS SEGMENTO MEIOS DE PAGAMENTO DE RESP LIMITADA,63.572.282/0001-11,Prazo dos recebíveis,documentary_prazo_dos_recebiveis,Não localizado na documentação acessível,nao_monitoravel,Lacuna documental: obter regra antes de definir métrica ou alerta,Validar fórmula e competência antes de ativar alerta; regra/lacuna: Não localizado na documentação acessível,Lacuna documental; não preencher por aproximação de nome ou por campo heurístico.,"Inventário por CNPJ 63572282000111, consulta Fundos.NET em 07/10/2026: 11 documentos listados; Falha de rede ao acessar pesquisarGerenciadorDocumentosDados: The read operation timed out; inventário local anterior preservado.  PDFs efetivamente revistos: nenhum. ID1089845: Falha de rede ao acessar downloadDocumento: The read operation timed out; ID1080490: Falha de rede ao acessar downloadDocumento: The read operation timed out; ID1104314: Falha de rede ao acessar downloadDocumento: The read operation timed out",acesso documental insuficiente; lacunas preservadas
SELLER 3 FUNDO DE INVESTIMENTO EM DIREITOS CREDITÓRIOS SEGMENTO MEIOS DE PAGAMENTO DE RESP LIMITADA,63.572.282/0001-11,Ativos vedados,documentary_ativos_vedados,Não localizado na documentação acessível,nao_monitoravel,Lacuna documental: obter regra antes de definir métrica ou alerta,Validar fórmula e competência antes de ativar alerta; regra/lacuna: Não localizado na documentação acessível,Lacuna documental; não preencher por aproximação de nome ou por campo heurístico.,"Inventário por CNPJ 63572282000111, consulta Fundos.NET em 07/10/2026: 11 documentos listados; Falha de rede ao acessar pesquisarGerenciadorDocumentosDados: The read operation timed out; inventário local anterior preservado.  PDFs efetivamente revistos: nenhum. ID1089845: Falha de rede ao acessar downloadDocumento: The read operation timed out; ID1080490: Falha de rede ao acessar downloadDocumento: The read operation timed out; ID1104314: Falha de rede ao acessar downloadDocumento: The read operation timed out",acesso documental insuficiente; lacunas preservadas
SELLER 3 FUNDO DE INVESTIMENTO EM DIREITOS CREDITÓRIOS SEGMENTO MEIOS DE PAGAMENTO DE RESP LIMITADA,63.572.282/0001-11,Subordinação mínima,subordination_ratio_min,Não localizado na documentação acessível,nao_monitoravel,"Limite contratual pendente; o IME pode informar saldos, mas não comprova enquadramento",Validar fórmula e competência antes de ativar alerta; regra/lacuna: Não localizado na documentação acessível,Lacuna documental; não preencher por aproximação de nome ou por campo heurístico.,"Inventário por CNPJ 63572282000111, consulta Fundos.NET em 07/10/2026: 11 documentos listados; Falha de rede ao acessar pesquisarGerenciadorDocumentosDados: The read operation timed out; inventário local anterior preservado.  PDFs efetivamente revistos: nenhum. ID1089845: Falha de rede ao acessar downloadDocumento: The read operation timed out; ID1080490: Falha de rede ao acessar downloadDocumento: The read operation timed out; ID1104314: Falha de rede ao acessar downloadDocumento: The read operation timed out",acesso documental insuficiente; lacunas preservadas
SELLER 3 FUNDO DE INVESTIMENTO EM DIREITOS CREDITÓRIOS SEGMENTO MEIOS DE PAGAMENTO DE RESP LIMITADA,63.572.282/0001-11,Gatilhos de avaliação/liquidação,documentary_evaluation_liquidation,Não localizado na documentação acessível; Não localizado na documentação acessível,nao_monitoravel,Lacuna documental: obter regra antes de definir métrica ou alerta,Validar fórmula e competência antes de ativar alerta; regra/lacuna: Não localizado na documentação acessível; Não localizado na documentação acessível,Lacuna documental; não preencher por aproximação de nome ou por campo heurístico.,"Inventário por CNPJ 63572282000111, consulta Fundos.NET em 07/10/2026: 11 documentos listados; Falha de rede ao acessar pesquisarGerenciadorDocumentosDados: The read operation timed out; inventário local anterior preservado.  PDFs efetivamente revistos: nenhum. ID1089845: Falha de rede ao acessar downloadDocumento: The read operation timed out; ID1080490: Falha de rede ao acessar downloadDocumento: The read operation timed out; ID1104314: Falha de rede ao acessar downloadDocumento: The read operation timed out",acesso documental insuficiente; lacunas preservadas
SELLER 3 FUNDO DE INVESTIMENTO EM DIREITOS CREDITÓRIOS SEGMENTO MEIOS DE PAGAMENTO DE RESP LIMITADA,63.572.282/0001-11,Reserva de caixa,minimum_cash_ratio,Não localizado na documentação acessível,nao_monitoravel,Lacuna documental: obter regra antes de definir métrica ou alerta,Validar fórmula e competência antes de ativar alerta; regra/lacuna: Não localizado na documentação acessível,Lacuna documental; não preencher por aproximação de nome ou por campo heurístico.,"Inventário por CNPJ 63572282000111, consulta Fundos.NET em 07/10/2026: 11 documentos listados; Falha de rede ao acessar pesquisarGerenciadorDocumentosDados: The read operation timed out; inventário local anterior preservado.  PDFs efetivamente revistos: nenhum. ID1089845: Falha de rede ao acessar downloadDocumento: The read operation timed out; ID1080490: Falha de rede ao acessar downloadDocumento: The read operation timed out; ID1104314: Falha de rede ao acessar downloadDocumento: The read operation timed out",acesso documental insuficiente; lacunas preservadas
SELLER 3 FUNDO DE INVESTIMENTO EM DIREITOS CREDITÓRIOS SEGMENTO MEIOS DE PAGAMENTO DE RESP LIMITADA,63.572.282/0001-11,Derivativos/hedge,permitted_hedges,Não localizado na documentação acessível,nao_monitoravel,Lacuna documental: obter regra antes de definir métrica ou alerta,Validar fórmula e competência antes de ativar alerta; regra/lacuna: Não localizado na documentação acessível,Lacuna documental; não preencher por aproximação de nome ou por campo heurístico.,"Inventário por CNPJ 63572282000111, consulta Fundos.NET em 07/10/2026: 11 documentos listados; Falha de rede ao acessar pesquisarGerenciadorDocumentosDados: The read operation timed out; inventário local anterior preservado.  PDFs efetivamente revistos: nenhum. ID1089845: Falha de rede ao acessar downloadDocumento: The read operation timed out; ID1080490: Falha de rede ao acessar downloadDocumento: The read operation timed out; ID1104314: Falha de rede ao acessar downloadDocumento: The read operation timed out",acesso documental insuficiente; lacunas preservadas
SELLER 3 FUNDO DE INVESTIMENTO EM DIREITOS CREDITÓRIOS SEGMENTO MEIOS DE PAGAMENTO DE RESP LIMITADA,63.572.282/0001-11,PDD,pdd_coverage_min,Gatilho contratual específico de PDD não localizado; usar PDD/crédito como indicador agregado,parcial,PDD / Crédito e PDD / Vencidos; validar definição contratual,Validar fórmula e competência antes de ativar alerta; regra/lacuna: Gatilho contratual específico de PDD não localizado; usar PDD/crédito como indicador agregado,Sem limite automático de PDD inferido; regra contratual deve ser conciliada separadamente.,"Inventário por CNPJ 63572282000111, consulta Fundos.NET em 07/10/2026: 11 documentos listados; Falha de rede ao acessar pesquisarGerenciadorDocumentosDados: The read operation timed out; inventário local anterior preservado.  PDFs efetivamente revistos: nenhum. ID1089845: Falha de rede ao acessar downloadDocumento: The read operation timed out; ID1080490: Falha de rede ao acessar downloadDocumento: The read operation timed out; ID1104314: Falha de rede ao acessar downloadDocumento: The read operation timed out",acesso documental insuficiente; lacunas preservadas
SELLER 3 FUNDO DE INVESTIMENTO EM DIREITOS CREDITÓRIOS SEGMENTO MEIOS DE PAGAMENTO DE RESP LIMITADA,63.572.282/0001-11,Subordinação mezanino,documentary_subordinacao_mezanino,Não localizado na documentação acessível,nao_monitoravel,Lacuna documental: obter regra antes de definir métrica ou alerta,Validar fórmula e competência antes de ativar alerta; regra/lacuna: Não localizado na documentação acessível,Lacuna documental; não preencher por aproximação de nome ou por campo heurístico.,"Inventário por CNPJ 63572282000111, consulta Fundos.NET em 07/10/2026: 11 documentos listados; Falha de rede ao acessar pesquisarGerenciadorDocumentosDados: The read operation timed out; inventário local anterior preservado.  PDFs efetivamente revistos: nenhum. ID1089845: Falha de rede ao acessar downloadDocumento: The read operation timed out; ID1080490: Falha de rede ao acessar downloadDocumento: The read operation timed out; ID1104314: Falha de rede ao acessar downloadDocumento: The read operation timed out",acesso documental insuficiente; lacunas preservadas
SELLER 3 FUNDO DE INVESTIMENTO EM DIREITOS CREDITÓRIOS SEGMENTO MEIOS DE PAGAMENTO DE RESP LIMITADA,63.572.282/0001-11,Eventos de avaliação,documentary_eventos_de_avaliacao,Não localizado na documentação acessível,nao_monitoravel,Lacuna documental: obter regra antes de definir métrica ou alerta,Validar fórmula e competência antes de ativar alerta; regra/lacuna: Não localizado na documentação acessível,Lacuna documental; não preencher por aproximação de nome ou por campo heurístico.,"Inventário por CNPJ 63572282000111, consulta Fundos.NET em 07/10/2026: 11 documentos listados; Falha de rede ao acessar pesquisarGerenciadorDocumentosDados: The read operation timed out; inventário local anterior preservado.  PDFs efetivamente revistos: nenhum. ID1089845: Falha de rede ao acessar downloadDocumento: The read operation timed out; ID1080490: Falha de rede ao acessar downloadDocumento: The read operation timed out; ID1104314: Falha de rede ao acessar downloadDocumento: The read operation timed out",acesso documental insuficiente; lacunas preservadas
SELLER 3 FUNDO DE INVESTIMENTO EM DIREITOS CREDITÓRIOS SEGMENTO MEIOS DE PAGAMENTO DE RESP LIMITADA,63.572.282/0001-11,Liquidação antecipada,documentary_liquidacao_antecipada,Não localizado na documentação acessível,nao_monitoravel,Lacuna documental: obter regra antes de definir métrica ou alerta,Validar fórmula e competência antes de ativar alerta; regra/lacuna: Não localizado na documentação acessível,Lacuna documental; não preencher por aproximação de nome ou por campo heurístico.,"Inventário por CNPJ 63572282000111, consulta Fundos.NET em 07/10/2026: 11 documentos listados; Falha de rede ao acessar pesquisarGerenciadorDocumentosDados: The read operation timed out; inventário local anterior preservado.  PDFs efetivamente revistos: nenhum. ID1089845: Falha de rede ao acessar downloadDocumento: The read operation timed out; ID1080490: Falha de rede ao acessar downloadDocumento: The read operation timed out; ID1104314: Falha de rede ao acessar downloadDocumento: The read operation timed out",acesso documental insuficiente; lacunas preservadas
SELLER 3 FUNDO DE INVESTIMENTO EM DIREITOS CREDITÓRIOS SEGMENTO MEIOS DE PAGAMENTO DE RESP LIMITADA,63.572.282/0001-11,Reserva de despesas,documentary_reserva_de_despesas,Não localizado na documentação acessível,nao_monitoravel,Lacuna documental: obter regra antes de definir métrica ou alerta,Validar fórmula e competência antes de ativar alerta; regra/lacuna: Não localizado na documentação acessível,Lacuna documental; não preencher por aproximação de nome ou por campo heurístico.,"Inventário por CNPJ 63572282000111, consulta Fundos.NET em 07/10/2026: 11 documentos listados; Falha de rede ao acessar pesquisarGerenciadorDocumentosDados: The read operation timed out; inventário local anterior preservado.  PDFs efetivamente revistos: nenhum. ID1089845: Falha de rede ao acessar downloadDocumento: The read operation timed out; ID1080490: Falha de rede ao acessar downloadDocumento: The read operation timed out; ID1104314: Falha de rede ao acessar downloadDocumento: The read operation timed out",acesso documental insuficiente; lacunas preservadas
SELLER 3 FUNDO DE INVESTIMENTO EM DIREITOS CREDITÓRIOS SEGMENTO MEIOS DE PAGAMENTO DE RESP LIMITADA,63.572.282/0001-11,Alocação mínima,credit_rights_allocation_min,Não localizado na documentação acessível,nao_monitoravel,"Limite contratual pendente; o IME pode informar saldos, mas não comprova enquadramento",Validar fórmula e competência antes de ativar alerta; regra/lacuna: Não localizado na documentação acessível,Lacuna documental; não preencher por aproximação de nome ou por campo heurístico.,"Inventário por CNPJ 63572282000111, consulta Fundos.NET em 07/10/2026: 11 documentos listados; Falha de rede ao acessar pesquisarGerenciadorDocumentosDados: The read operation timed out; inventário local anterior preservado.  PDFs efetivamente revistos: nenhum. ID1089845: Falha de rede ao acessar downloadDocumento: The read operation timed out; ID1080490: Falha de rede ao acessar downloadDocumento: The read operation timed out; ID1104314: Falha de rede ao acessar downloadDocumento: The read operation timed out",acesso documental insuficiente; lacunas preservadas
SELLER 3 FUNDO DE INVESTIMENTO EM DIREITOS CREDITÓRIOS SEGMENTO MEIOS DE PAGAMENTO DE RESP LIMITADA,63.572.282/0001-11,Pool/revolvência,documentary_pool_revolvencia,Não localizado na documentação acessível,nao_monitoravel,Lacuna documental: obter regra antes de definir métrica ou alerta,Validar fórmula e competência antes de ativar alerta; regra/lacuna: Não localizado na documentação acessível,Lacuna documental; não preencher por aproximação de nome ou por campo heurístico.,"Inventário por CNPJ 63572282000111, consulta Fundos.NET em 07/10/2026: 11 documentos listados; Falha de rede ao acessar pesquisarGerenciadorDocumentosDados: The read operation timed out; inventário local anterior preservado.  PDFs efetivamente revistos: nenhum. ID1089845: Falha de rede ao acessar downloadDocumento: The read operation timed out; ID1080490: Falha de rede ao acessar downloadDocumento: The read operation timed out; ID1104314: Falha de rede ao acessar downloadDocumento: The read operation timed out",acesso documental insuficiente; lacunas preservadas
SELLER 3 FUNDO DE INVESTIMENTO EM DIREITOS CREDITÓRIOS SEGMENTO MEIOS DE PAGAMENTO DE RESP LIMITADA,63.572.282/0001-11,Duração/público-alvo,documentary_duracao_publico_alvo,Não localizado na documentação acessível,nao_monitoravel,Lacuna documental: obter regra antes de definir métrica ou alerta,Validar fórmula e competência antes de ativar alerta; regra/lacuna: Não localizado na documentação acessível,Lacuna documental; não preencher por aproximação de nome ou por campo heurístico.,"Inventário por CNPJ 63572282000111, consulta Fundos.NET em 07/10/2026: 11 documentos listados; Falha de rede ao acessar pesquisarGerenciadorDocumentosDados: The read operation timed out; inventário local anterior preservado.  PDFs efetivamente revistos: nenhum. ID1089845: Falha de rede ao acessar downloadDocumento: The read operation timed out; ID1080490: Falha de rede ao acessar downloadDocumento: The read operation timed out; ID1104314: Falha de rede ao acessar downloadDocumento: The read operation timed out",acesso documental insuficiente; lacunas preservadas
SELLER 3 FUNDO DE INVESTIMENTO EM DIREITOS CREDITÓRIOS SEGMENTO MEIOS DE PAGAMENTO DE RESP LIMITADA,63.572.282/0001-11,Cessão/recompra,repurchase_indemnity,Não localizado na documentação acessível,nao_monitoravel,Lacuna documental: obter regra antes de definir métrica ou alerta,Validar fórmula e competência antes de ativar alerta; regra/lacuna: Não localizado na documentação acessível,Lacuna documental; não preencher por aproximação de nome ou por campo heurístico.,"Inventário por CNPJ 63572282000111, consulta Fundos.NET em 07/10/2026: 11 documentos listados; Falha de rede ao acessar pesquisarGerenciadorDocumentosDados: The read operation timed out; inventário local anterior preservado.  PDFs efetivamente revistos: nenhum. ID1089845: Falha de rede ao acessar downloadDocumento: The read operation timed out; ID1080490: Falha de rede ao acessar downloadDocumento: The read operation timed out; ID1104314: Falha de rede ao acessar downloadDocumento: The read operation timed out",acesso documental insuficiente; lacunas preservadas
SELLER 3 FUNDO DE INVESTIMENTO EM DIREITOS CREDITÓRIOS SEGMENTO MEIOS DE PAGAMENTO DE RESP LIMITADA,63.572.282/0001-11,Coobrigação,documentary_coobrigacao,Não localizado na documentação acessível,nao_monitoravel,Lacuna documental: obter regra antes de definir métrica ou alerta,Validar fórmula e competência antes de ativar alerta; regra/lacuna: Não localizado na documentação acessível,Lacuna documental; não preencher por aproximação de nome ou por campo heurístico.,"Inventário por CNPJ 63572282000111, consulta Fundos.NET em 07/10/2026: 11 documentos listados; Falha de rede ao acessar pesquisarGerenciadorDocumentosDados: The read operation timed out; inventário local anterior preservado.  PDFs efetivamente revistos: nenhum. ID1089845: Falha de rede ao acessar downloadDocumento: The read operation timed out; ID1080490: Falha de rede ao acessar downloadDocumento: The read operation timed out; ID1104314: Falha de rede ao acessar downloadDocumento: The read operation timed out",acesso documental insuficiente; lacunas preservadas
SELLER 3 FUNDO DE INVESTIMENTO EM DIREITOS CREDITÓRIOS SEGMENTO MEIOS DE PAGAMENTO DE RESP LIMITADA,63.572.282/0001-11,Waterfall,documentary_waterfall,Não localizado na documentação acessível,nao_monitoravel,Lacuna documental: obter regra antes de definir métrica ou alerta,Validar fórmula e competência antes de ativar alerta; regra/lacuna: Não localizado na documentação acessível,Lacuna documental; não preencher por aproximação de nome ou por campo heurístico.,"Inventário por CNPJ 63572282000111, consulta Fundos.NET em 07/10/2026: 11 documentos listados; Falha de rede ao acessar pesquisarGerenciadorDocumentosDados: The read operation timed out; inventário local anterior preservado.  PDFs efetivamente revistos: nenhum. ID1089845: Falha de rede ao acessar downloadDocumento: The read operation timed out; ID1080490: Falha de rede ao acessar downloadDocumento: The read operation timed out; ID1104314: Falha de rede ao acessar downloadDocumento: The read operation timed out",acesso documental insuficiente; lacunas preservadas
SELLER 3 FUNDO DE INVESTIMENTO EM DIREITOS CREDITÓRIOS SEGMENTO MEIOS DE PAGAMENTO DE RESP LIMITADA,63.572.282/0001-11,Prestadores,documentary_prestadores,Não localizado na documentação acessível,nao_monitoravel,Lacuna documental: obter regra antes de definir métrica ou alerta,Validar fórmula e competência antes de ativar alerta; regra/lacuna: Não localizado na documentação acessível,Lacuna documental; não preencher por aproximação de nome ou por campo heurístico.,"Inventário por CNPJ 63572282000111, consulta Fundos.NET em 07/10/2026: 11 documentos listados; Falha de rede ao acessar pesquisarGerenciadorDocumentosDados: The read operation timed out; inventário local anterior preservado.  PDFs efetivamente revistos: nenhum. ID1089845: Falha de rede ao acessar downloadDocumento: The read operation timed out; ID1080490: Falha de rede ao acessar downloadDocumento: The read operation timed out; ID1104314: Falha de rede ao acessar downloadDocumento: The read operation timed out",acesso documental insuficiente; lacunas preservadas
Mercado Crédito Merchant Fundo de Investimento em Direitos Creditórios,28.472.333/0001-32,Natureza dos recebíveis,documentary_natureza_dos_recebiveis,CCBs de crédito parcelado e direitos PPV da plataforma Mercado Pago,nao_monitoravel,Controle documental; IME público não replica a regra jurídica,Validar fórmula e competência antes de ativar alerta; regra/lacuna: CCBs de crédito parcelado e direitos PPV da plataforma Mercado Pago,Resumo jurídico da fonte identificada; verificar aditamentos e aplicação à série,data/raw/28472333000132/732140_regulamento.pdf · ID Fundos.NET 732140 · 03/09/2024 · regulamento · p. 4–7 · https://fnet.bmfbovespa.com.br/fnet/publico/visualizarDocumento?id=732140,Revisão documental dirigida; lacunas e divergências explícitas
Mercado Crédito Merchant Fundo de Investimento em Direitos Creditórios,28.472.333/0001-32,Originador/endossante,documentary_originador_endossante,IFs parceiras originam CCBs; cedentes PPV conforme contratos,nao_monitoravel,Controle documental; IME público não replica a regra jurídica,Validar fórmula e competência antes de ativar alerta; regra/lacuna: IFs parceiras originam CCBs; cedentes PPV conforme contratos,Resumo jurídico da fonte identificada; verificar aditamentos e aplicação à série,data/raw/28472333000132/732140_regulamento.pdf · ID Fundos.NET 732140 · 03/09/2024 · regulamento · p. 7 · https://fnet.bmfbovespa.com.br/fnet/publico/visualizarDocumento?id=732140,Revisão documental dirigida; lacunas e divergências explícitas
Mercado Crédito Merchant Fundo de Investimento em Direitos Creditórios,28.472.333/0001-32,Devedor,documentary_devedor,Não localizado nas fontes acessíveis desta leitura,nao_monitoravel,Lacuna documental: obter regra antes de definir métrica ou alerta,Validar fórmula e competência antes de ativar alerta; regra/lacuna: Não localizado nas fontes acessíveis desta leitura,Lacuna documental; não equivale à inexistência da regra,"Consulta Fundos.NET por CNPJ 28472333000132 em 07/10/2026; 102 registros no inventário obtido; fontes acessíveis: 732140, 681860, 448299",Revisão documental dirigida; lacunas e divergências explícitas
Mercado Crédito Merchant Fundo de Investimento em Direitos Creditórios,28.472.333/0001-32,Garantia,documentary_garantia,Não localizado nas fontes acessíveis desta leitura,nao_monitoravel,Lacuna documental: obter regra antes de definir métrica ou alerta,Validar fórmula e competência antes de ativar alerta; regra/lacuna: Não localizado nas fontes acessíveis desta leitura,Lacuna documental; não equivale à inexistência da regra,"Consulta Fundos.NET por CNPJ 28472333000132 em 07/10/2026; 102 registros no inventário obtido; fontes acessíveis: 732140, 681860, 448299",Revisão documental dirigida; lacunas e divergências explícitas
Mercado Crédito Merchant Fundo de Investimento em Direitos Creditórios,28.472.333/0001-32,Elegibilidade,eligibility_criteria_text,Não localizado nas fontes acessíveis desta leitura,nao_monitoravel,Lacuna documental: obter regra antes de definir métrica ou alerta,Validar fórmula e competência antes de ativar alerta; regra/lacuna: Não localizado nas fontes acessíveis desta leitura,Lacuna documental; não equivale à inexistência da regra,"Consulta Fundos.NET por CNPJ 28472333000132 em 07/10/2026; 102 registros no inventário obtido; fontes acessíveis: 732140, 681860, 448299",Revisão documental dirigida; lacunas e divergências explícitas
Mercado Crédito Merchant Fundo de Investimento em Direitos Creditórios,28.472.333/0001-32,Concentração,concentration_limits,Não localizado nas fontes acessíveis desta leitura,nao_monitoravel,Lacuna documental: obter regra antes de definir métrica ou alerta,Validar fórmula e competência antes de ativar alerta; regra/lacuna: Não localizado nas fontes acessíveis desta leitura,Lacuna documental; não equivale à inexistência da regra,"Consulta Fundos.NET por CNPJ 28472333000132 em 07/10/2026; 102 registros no inventário obtido; fontes acessíveis: 732140, 681860, 448299",Revisão documental dirigida; lacunas e divergências explícitas
Mercado Crédito Merchant Fundo de Investimento em Direitos Creditórios,28.472.333/0001-32,Subordinação mínima,subordination_ratio_min,Júnior/PL ≥ 30%; pode cair a 20% com rating sênior ≥ AA e atraso histórico < 7%,monitoravel com ressalva,Cotas subordinadas e mezanino / PL; reconciliar subclasse e fórmula contratual,Validar fórmula e competência antes de ativar alerta; regra/lacuna: Júnior/PL ≥ 30%; pode cair a 20% com rating sênior ≥ AA e atraso histórico < 7%,Resumo jurídico da fonte identificada; verificar aditamentos e aplicação à série,data/raw/28472333000132/732140_regulamento.pdf · ID Fundos.NET 732140 · 03/09/2024 · regulamento · p. 28 · https://fnet.bmfbovespa.com.br/fnet/publico/visualizarDocumento?id=732140,Revisão documental dirigida; lacunas e divergências explícitas
Mercado Crédito Merchant Fundo de Investimento em Direitos Creditórios,28.472.333/0001-32,Gatilhos de avaliação/liquidação,documentary_evaluation_liquidation,Alocação < 50% por 30 dias; relação mínima sem cura em 30 dias; inelegibilidade sem solução em 10 dias,parcial,Aging e PDD agregados; eventos e denominadores precisam de controle documental,Validar fórmula e competência antes de ativar alerta; regra/lacuna: Alocação < 50% por 30 dias; relação mínima sem cura em 30 dias; inelegibilidade sem solução em 10 dias,Resumo jurídico da fonte identificada; verificar aditamentos e aplicação à série,data/raw/28472333000132/732140_regulamento.pdf · ID Fundos.NET 732140 · 03/09/2024 · regulamento · p. 36 · https://fnet.bmfbovespa.com.br/fnet/publico/visualizarDocumento?id=732140,Revisão documental dirigida; lacunas e divergências explícitas
Mercado Crédito Merchant Fundo de Investimento em Direitos Creditórios,28.472.333/0001-32,Reserva de caixa,minimum_cash_ratio,Reserva de amortização: valor total da 1ª série sênior em circulação + R$5 milhões,parcial,"Disponibilidades; requer despesas futuras, cronograma e waterfall",Validar fórmula e competência antes de ativar alerta; regra/lacuna: Reserva de amortização: valor total da 1ª série sênior em circulação + R$5 milhões,Constituição exclusivamente em ativos financeiros; não converter em percentual do PL.,data/raw/28472333000132/732140_regulamento.pdf · ID Fundos.NET 732140 · 03/09/2024 · regulamento · p. 33 · 12.2.1 · https://fnet.bmfbovespa.com.br/fnet/publico/visualizarDocumento?id=732140,Revisão documental dirigida; lacunas e divergências explícitas
Mercado Crédito Merchant Fundo de Investimento em Direitos Creditórios,28.472.333/0001-32,Derivativos/hedge,permitted_hedges,Divergência: cláusula 2.9 admite proteção; fator de risco afirma vedação inclusive a hedge,parcial,Posição agregada em derivativos; não comprova finalidade/elegibilidade,Validar fórmula e competência antes de ativar alerta; regra/lacuna: Divergência: cláusula 2.9 admite proteção; fator de risco afirma vedação inclusive a hedge,Não ativar controle automático antes de esclarecer a contradição no regulamento.,data/raw/28472333000132/732140_regulamento.pdf · ID Fundos.NET 732140 · 03/09/2024 · regulamento · p. 6 e 9 · https://fnet.bmfbovespa.com.br/fnet/publico/visualizarDocumento?id=732140,Revisão documental dirigida; lacunas e divergências explícitas
Mercado Crédito Merchant Fundo de Investimento em Direitos Creditórios,28.472.333/0001-32,PDD,pdd_coverage_min,Não localizado nas fontes acessíveis desta leitura,nao_monitoravel,Lacuna documental: obter regra antes de definir métrica ou alerta,Validar fórmula e competência antes de ativar alerta; regra/lacuna: Não localizado nas fontes acessíveis desta leitura,Lacuna documental; não equivale à inexistência da regra,"Consulta Fundos.NET por CNPJ 28472333000132 em 07/10/2026; 102 registros no inventário obtido; fontes acessíveis: 732140, 681860, 448299",Revisão documental dirigida; lacunas e divergências explícitas
Mercado Crédito Merchant Fundo de Investimento em Direitos Creditórios,28.472.333/0001-32,Alocação mínima,credit_rights_allocation_min,≥ 50% PL após 90 dias,direto com validação,"Direitos creditórios / PL; validar ativo elegível, período e denominador",Validar fórmula e competência antes de ativar alerta; regra/lacuna: ≥ 50% PL após 90 dias,Resumo jurídico da fonte identificada; verificar aditamentos e aplicação à série,data/raw/28472333000132/732140_regulamento.pdf · ID Fundos.NET 732140 · 03/09/2024 · regulamento · p. 4 · https://fnet.bmfbovespa.com.br/fnet/publico/visualizarDocumento?id=732140,Revisão documental dirigida; lacunas e divergências explícitas
Mercado Crédito Merchant Fundo de Investimento em Direitos Creditórios,28.472.333/0001-32,Pool/revolvência,documentary_pool_revolvencia,Não localizado nas fontes acessíveis desta leitura,nao_monitoravel,Lacuna documental: obter regra antes de definir métrica ou alerta,Validar fórmula e competência antes de ativar alerta; regra/lacuna: Não localizado nas fontes acessíveis desta leitura,Lacuna documental; não equivale à inexistência da regra,"Consulta Fundos.NET por CNPJ 28472333000132 em 07/10/2026; 102 registros no inventário obtido; fontes acessíveis: 732140, 681860, 448299",Revisão documental dirigida; lacunas e divergências explícitas
Mercado Crédito Merchant Fundo de Investimento em Direitos Creditórios,28.472.333/0001-32,Duração/público-alvo,documentary_duracao_publico_alvo,Não localizado nas fontes acessíveis desta leitura,nao_monitoravel,Lacuna documental: obter regra antes de definir métrica ou alerta,Validar fórmula e competência antes de ativar alerta; regra/lacuna: Não localizado nas fontes acessíveis desta leitura,Lacuna documental; não equivale à inexistência da regra,"Consulta Fundos.NET por CNPJ 28472333000132 em 07/10/2026; 102 registros no inventário obtido; fontes acessíveis: 732140, 681860, 448299",Revisão documental dirigida; lacunas e divergências explícitas
Mercado Crédito Merchant Fundo de Investimento em Direitos Creditórios,28.472.333/0001-32,Cessão/recompra,repurchase_indemnity,Não localizado nas fontes acessíveis desta leitura,nao_monitoravel,Lacuna documental: obter regra antes de definir métrica ou alerta,Validar fórmula e competência antes de ativar alerta; regra/lacuna: Não localizado nas fontes acessíveis desta leitura,Lacuna documental; não equivale à inexistência da regra,"Consulta Fundos.NET por CNPJ 28472333000132 em 07/10/2026; 102 registros no inventário obtido; fontes acessíveis: 732140, 681860, 448299",Revisão documental dirigida; lacunas e divergências explícitas
Mercado Crédito Merchant Fundo de Investimento em Direitos Creditórios,28.472.333/0001-32,Coobrigação,documentary_coobrigacao,Não localizado nas fontes acessíveis desta leitura,nao_monitoravel,Lacuna documental: obter regra antes de definir métrica ou alerta,Validar fórmula e competência antes de ativar alerta; regra/lacuna: Não localizado nas fontes acessíveis desta leitura,Lacuna documental; não equivale à inexistência da regra,"Consulta Fundos.NET por CNPJ 28472333000132 em 07/10/2026; 102 registros no inventário obtido; fontes acessíveis: 732140, 681860, 448299",Revisão documental dirigida; lacunas e divergências explícitas
Mercado Crédito Merchant Fundo de Investimento em Direitos Creditórios,28.472.333/0001-32,Waterfall,documentary_waterfall,Não localizado nas fontes acessíveis desta leitura,nao_monitoravel,Lacuna documental: obter regra antes de definir métrica ou alerta,Validar fórmula e competência antes de ativar alerta; regra/lacuna: Não localizado nas fontes acessíveis desta leitura,Lacuna documental; não equivale à inexistência da regra,"Consulta Fundos.NET por CNPJ 28472333000132 em 07/10/2026; 102 registros no inventário obtido; fontes acessíveis: 732140, 681860, 448299",Revisão documental dirigida; lacunas e divergências explícitas
Mercado Crédito Merchant Fundo de Investimento em Direitos Creditórios,28.472.333/0001-32,Gestor identificado,documentary_gestor_identificado,Polígono Capital Ltda.; CNPJ 43.241.789/0001-85,nao_monitoravel,Controle documental; IME público não replica a regra jurídica,Validar fórmula e competência antes de ativar alerta; regra/lacuna: Polígono Capital Ltda.; CNPJ 43.241.789/0001-85,Controle documental; IME agregado não comprova a hipótese contratual.,data/raw/28472333000132/732140_regulamento.pdf · ID Fundos.NET 732140 · 03/09/2024 · regulamento · p. 20 · 9.2 · https://fnet.bmfbovespa.com.br/fnet/publico/visualizarDocumento?id=732140,Revisão documental dirigida; lacunas e divergências explícitas
MERCADO CRÉDITO FUNDO DE INVESTIMENTO EM DIREITOS CREDITÓRIOS RESPONSABILIDADE LIMITADA,33.254.370/0001-04,Natureza dos recebíveis,documentary_natureza_dos_recebiveis,CCBs de crédito parcelado e veículos; direitos PPV futuros da plataforma Mercado Pago,nao_monitoravel,Controle documental; IME público não replica a regra jurídica,Validar fórmula e competência antes de ativar alerta; regra/lacuna: CCBs de crédito parcelado e veículos; direitos PPV futuros da plataforma Mercado Pago,Resumo jurídico da fonte identificada; verificar aditamentos e aplicação à série,data/raw/33254370000104/1128340_regulamento.pdf · ID Fundos.NET 1128340 · 03/03/2026 · regulamento · p. 7 e 10 · https://fnet.bmfbovespa.com.br/fnet/publico/visualizarDocumento?id=1128340,Revisão documental dirigida; lacunas e divergências explícitas
MERCADO CRÉDITO FUNDO DE INVESTIMENTO EM DIREITOS CREDITÓRIOS RESPONSABILIDADE LIMITADA,33.254.370/0001-04,Originador/endossante,documentary_originador_endossante,Instituições financeiras parceiras originam CCBs; cedentes comerciais originam PPV,nao_monitoravel,Controle documental; IME público não replica a regra jurídica,Validar fórmula e competência antes de ativar alerta; regra/lacuna: Instituições financeiras parceiras originam CCBs; cedentes comerciais originam PPV,Resumo jurídico da fonte identificada; verificar aditamentos e aplicação à série,data/raw/33254370000104/1128340_regulamento.pdf · ID Fundos.NET 1128340 · 03/03/2026 · regulamento · p. 7 · https://fnet.bmfbovespa.com.br/fnet/publico/visualizarDocumento?id=1128340,Revisão documental dirigida; lacunas e divergências explícitas
MERCADO CRÉDITO FUNDO DE INVESTIMENTO EM DIREITOS CREDITÓRIOS RESPONSABILIDADE LIMITADA,33.254.370/0001-04,Devedor,documentary_devedor,PF/PJ nas CCBs; Mercado Pago nos direitos PPV,nao_monitoravel,Controle documental; IME público não replica a regra jurídica,Validar fórmula e competência antes de ativar alerta; regra/lacuna: PF/PJ nas CCBs; Mercado Pago nos direitos PPV,Resumo jurídico da fonte identificada; verificar aditamentos e aplicação à série,data/raw/33254370000104/1128340_regulamento.pdf · ID Fundos.NET 1128340 · 03/03/2026 · regulamento · p. 7 · https://fnet.bmfbovespa.com.br/fnet/publico/visualizarDocumento?id=1128340,Revisão documental dirigida; lacunas e divergências explícitas
MERCADO CRÉDITO FUNDO DE INVESTIMENTO EM DIREITOS CREDITÓRIOS RESPONSABILIDADE LIMITADA,33.254.370/0001-04,Garantia,documentary_garantia,Não localizado nas fontes acessíveis desta leitura,nao_monitoravel,Lacuna documental: obter regra antes de definir métrica ou alerta,Validar fórmula e competência antes de ativar alerta; regra/lacuna: Não localizado nas fontes acessíveis desta leitura,Lacuna documental; não equivale à inexistência da regra,"Consulta Fundos.NET por CNPJ 33254370000104 em 07/10/2026; 169 registros no inventário obtido; fontes acessíveis: 1219308, 1200703, 1128340, 1118467",Revisão documental dirigida; lacunas e divergências explícitas
MERCADO CRÉDITO FUNDO DE INVESTIMENTO EM DIREITOS CREDITÓRIOS RESPONSABILIDADE LIMITADA,33.254.370/0001-04,Elegibilidade,eligibility_criteria_text,CCBs originadas por IF parceira: veículos ≤ 60 meses; demais ≤ 25 meses,nao_monitoravel,"Controle individual de lastro, devedor e critérios contratuais",Validar fórmula e competência antes de ativar alerta; regra/lacuna: CCBs originadas por IF parceira: veículos ≤ 60 meses; demais ≤ 25 meses,Resumo jurídico da fonte identificada; verificar aditamentos e aplicação à série,data/raw/33254370000104/1128340_regulamento.pdf · ID Fundos.NET 1128340 · 03/03/2026 · regulamento · p. 10 · https://fnet.bmfbovespa.com.br/fnet/publico/visualizarDocumento?id=1128340,Revisão documental dirigida; lacunas e divergências explícitas
MERCADO CRÉDITO FUNDO DE INVESTIMENTO EM DIREITOS CREDITÓRIOS RESPONSABILIDADE LIMITADA,33.254.370/0001-04,Concentração,concentration_limits,Dispensa do limite por emissor; critérios individuais conforme tipo de crédito,nao_monitoravel,Sem granularidade pública por cedente/devedor/grupo econômico,Validar fórmula e competência antes de ativar alerta; regra/lacuna: Dispensa do limite por emissor; critérios individuais conforme tipo de crédito,Resumo jurídico da fonte identificada; verificar aditamentos e aplicação à série,data/raw/33254370000104/1128340_regulamento.pdf · ID Fundos.NET 1128340 · 03/03/2026 · regulamento · p. 6 · https://fnet.bmfbovespa.com.br/fnet/publico/visualizarDocumento?id=1128340,Revisão documental dirigida; lacunas e divergências explícitas
MERCADO CRÉDITO FUNDO DE INVESTIMENTO EM DIREITOS CREDITÓRIOS RESPONSABILIDADE LIMITADA,33.254.370/0001-04,Subordinação mínima,subordination_ratio_min,"Piso dinâmico: 25%, 30% ou 35%, conforme rentabilidade excedente média de três meses",monitoravel com ressalva,Cotas subordinadas e mezanino / PL; reconciliar subclasse e fórmula contratual,"Validar fórmula e competência antes de ativar alerta; regra/lacuna: Piso dinâmico: 25%, 30% ou 35%, conforme rentabilidade excedente média de três meses","O número 7% é rentabilidade excedente anual, não piso de subordinadas. Reconciliar índice de subordinação e base nos apêndices.",data/raw/33254370000104/1128340_regulamento.pdf · ID Fundos.NET 1128340 · 03/03/2026 · regulamento · p. 43 · https://fnet.bmfbovespa.com.br/fnet/publico/visualizarDocumento?id=1128340,Revisão documental dirigida; lacunas e divergências explícitas
MERCADO CRÉDITO FUNDO DE INVESTIMENTO EM DIREITOS CREDITÓRIOS RESPONSABILIDADE LIMITADA,33.254.370/0001-04,Gatilhos de avaliação/liquidação,documentary_evaluation_liquidation,"Excesso de spread < 0,01% acelera sênior; safras de veículos: Over30 MOB3 > 5,5% ou Over60 MOB6 > 6,5% em 2 de 6 safras",parcial,Aging e PDD agregados; eventos e denominadores precisam de controle documental,"Validar fórmula e competência antes de ativar alerta; regra/lacuna: Excesso de spread < 0,01% acelera sênior; safras de veículos: Over30 MOB3 > 5,5% ou Over60 MOB6 > 6,5% em 2 de 6 safras",Resumo jurídico da fonte identificada; verificar aditamentos e aplicação à série,data/raw/33254370000104/1128340_regulamento.pdf · ID Fundos.NET 1128340 · 03/03/2026 · regulamento · p. 50 e 55 · https://fnet.bmfbovespa.com.br/fnet/publico/visualizarDocumento?id=1128340,Revisão documental dirigida; lacunas e divergências explícitas
MERCADO CRÉDITO FUNDO DE INVESTIMENTO EM DIREITOS CREDITÓRIOS RESPONSABILIDADE LIMITADA,33.254.370/0001-04,Reserva de caixa,minimum_cash_ratio,"Reserva de remuneração sênior: remuneração + principal, quando aplicável, das próximas 3 datas",parcial,"Disponibilidades; requer despesas futuras, cronograma e waterfall","Validar fórmula e competência antes de ativar alerta; regra/lacuna: Reserva de remuneração sênior: remuneração + principal, quando aplicável, das próximas 3 datas",Requer cronograma por série; caixa/PL é proxy parcial.,data/raw/33254370000104/1128340_regulamento.pdf · ID Fundos.NET 1128340 · 03/03/2026 · regulamento · p. 47 · 13.3 · https://fnet.bmfbovespa.com.br/fnet/publico/visualizarDocumento?id=1128340,Revisão documental dirigida; lacunas e divergências explícitas
MERCADO CRÉDITO FUNDO DE INVESTIMENTO EM DIREITOS CREDITÓRIOS RESPONSABILIDADE LIMITADA,33.254.370/0001-04,Derivativos/hedge,permitted_hedges,Somente proteção ou mitigação de risco,parcial,Posição agregada em derivativos; não comprova finalidade/elegibilidade,Validar fórmula e competência antes de ativar alerta; regra/lacuna: Somente proteção ou mitigação de risco,Resumo jurídico da fonte identificada; verificar aditamentos e aplicação à série,data/raw/33254370000104/1128340_regulamento.pdf · ID Fundos.NET 1128340 · 03/03/2026 · regulamento · p. 8 · https://fnet.bmfbovespa.com.br/fnet/publico/visualizarDocumento?id=1128340,Revisão documental dirigida; lacunas e divergências explícitas
MERCADO CRÉDITO FUNDO DE INVESTIMENTO EM DIREITOS CREDITÓRIOS RESPONSABILIDADE LIMITADA,33.254.370/0001-04,PDD,pdd_coverage_min,Não localizado nas fontes acessíveis desta leitura,nao_monitoravel,Lacuna documental: obter regra antes de definir métrica ou alerta,Validar fórmula e competência antes de ativar alerta; regra/lacuna: Não localizado nas fontes acessíveis desta leitura,Lacuna documental; não equivale à inexistência da regra,"Consulta Fundos.NET por CNPJ 33254370000104 em 07/10/2026; 169 registros no inventário obtido; fontes acessíveis: 1219308, 1200703, 1128340, 1118467",Revisão documental dirigida; lacunas e divergências explícitas
MERCADO CRÉDITO FUNDO DE INVESTIMENTO EM DIREITOS CREDITÓRIOS RESPONSABILIDADE LIMITADA,33.254.370/0001-04,Alocação mínima,credit_rights_allocation_min,Após 180 dias: 50% PL para fins regulatórios; 67% para fins tributários,direto com validação,"Direitos creditórios / PL; validar ativo elegível, período e denominador",Validar fórmula e competência antes de ativar alerta; regra/lacuna: Após 180 dias: 50% PL para fins regulatórios; 67% para fins tributários,Resumo jurídico da fonte identificada; verificar aditamentos e aplicação à série,data/raw/33254370000104/1128340_regulamento.pdf · ID Fundos.NET 1128340 · 03/03/2026 · regulamento · p. 6 · https://fnet.bmfbovespa.com.br/fnet/publico/visualizarDocumento?id=1128340,Revisão documental dirigida; lacunas e divergências explícitas
MERCADO CRÉDITO FUNDO DE INVESTIMENTO EM DIREITOS CREDITÓRIOS RESPONSABILIDADE LIMITADA,33.254.370/0001-04,Pool/revolvência,documentary_pool_revolvencia,Não localizado nas fontes acessíveis desta leitura,nao_monitoravel,Lacuna documental: obter regra antes de definir métrica ou alerta,Validar fórmula e competência antes de ativar alerta; regra/lacuna: Não localizado nas fontes acessíveis desta leitura,Lacuna documental; não equivale à inexistência da regra,"Consulta Fundos.NET por CNPJ 33254370000104 em 07/10/2026; 169 registros no inventário obtido; fontes acessíveis: 1219308, 1200703, 1128340, 1118467",Revisão documental dirigida; lacunas e divergências explícitas
MERCADO CRÉDITO FUNDO DE INVESTIMENTO EM DIREITOS CREDITÓRIOS RESPONSABILIDADE LIMITADA,33.254.370/0001-04,Duração/público-alvo,documentary_duracao_publico_alvo,Não localizado nas fontes acessíveis desta leitura,nao_monitoravel,Lacuna documental: obter regra antes de definir métrica ou alerta,Validar fórmula e competência antes de ativar alerta; regra/lacuna: Não localizado nas fontes acessíveis desta leitura,Lacuna documental; não equivale à inexistência da regra,"Consulta Fundos.NET por CNPJ 33254370000104 em 07/10/2026; 169 registros no inventário obtido; fontes acessíveis: 1219308, 1200703, 1128340, 1118467",Revisão documental dirigida; lacunas e divergências explícitas
MERCADO CRÉDITO FUNDO DE INVESTIMENTO EM DIREITOS CREDITÓRIOS RESPONSABILIDADE LIMITADA,33.254.370/0001-04,Cessão/recompra,repurchase_indemnity,"Perda posterior de elegibilidade não gera regresso, ressalvadas culpa ou dolo",parcial,Recompras / Crédito; motivo e indenização exigem contratos,"Validar fórmula e competência antes de ativar alerta; regra/lacuna: Perda posterior de elegibilidade não gera regresso, ressalvadas culpa ou dolo",Resumo jurídico da fonte identificada; verificar aditamentos e aplicação à série,data/raw/33254370000104/1128340_regulamento.pdf · ID Fundos.NET 1128340 · 03/03/2026 · regulamento · p. 11 · https://fnet.bmfbovespa.com.br/fnet/publico/visualizarDocumento?id=1128340,Revisão documental dirigida; lacunas e divergências explícitas
MERCADO CRÉDITO FUNDO DE INVESTIMENTO EM DIREITOS CREDITÓRIOS RESPONSABILIDADE LIMITADA,33.254.370/0001-04,Coobrigação,documentary_coobrigacao,Não localizado nas fontes acessíveis desta leitura,nao_monitoravel,Lacuna documental: obter regra antes de definir métrica ou alerta,Validar fórmula e competência antes de ativar alerta; regra/lacuna: Não localizado nas fontes acessíveis desta leitura,Lacuna documental; não equivale à inexistência da regra,"Consulta Fundos.NET por CNPJ 33254370000104 em 07/10/2026; 169 registros no inventário obtido; fontes acessíveis: 1219308, 1200703, 1128340, 1118467",Revisão documental dirigida; lacunas e divergências explícitas
MERCADO CRÉDITO FUNDO DE INVESTIMENTO EM DIREITOS CREDITÓRIOS RESPONSABILIDADE LIMITADA,33.254.370/0001-04,Waterfall,documentary_waterfall,Não localizado nas fontes acessíveis desta leitura,nao_monitoravel,Lacuna documental: obter regra antes de definir métrica ou alerta,Validar fórmula e competência antes de ativar alerta; regra/lacuna: Não localizado nas fontes acessíveis desta leitura,Lacuna documental; não equivale à inexistência da regra,"Consulta Fundos.NET por CNPJ 33254370000104 em 07/10/2026; 169 registros no inventário obtido; fontes acessíveis: 1219308, 1200703, 1128340, 1118467",Revisão documental dirigida; lacunas e divergências explícitas
MERCADO CRÉDITO FUNDO DE INVESTIMENTO EM DIREITOS CREDITÓRIOS RESPONSABILIDADE LIMITADA,33.254.370/0001-04,Prestadores essenciais,documentary_prestadores_essenciais,Administração: BTG Pactual Serviços Financeiros DTVM; gestão: Polígono Capital,nao_monitoravel,Controle documental; IME público não replica a regra jurídica,Validar fórmula e competência antes de ativar alerta; regra/lacuna: Administração: BTG Pactual Serviços Financeiros DTVM; gestão: Polígono Capital,Controle documental; IME agregado não comprova a hipótese contratual.,data/raw/33254370000104/1128340_regulamento.pdf · ID Fundos.NET 1128340 · 03/03/2026 · regulamento · p. 24/29 · 4.1.1/4.2.1 · https://fnet.bmfbovespa.com.br/fnet/publico/visualizarDocumento?id=1128340,Revisão documental dirigida; lacunas e divergências explícitas
MERCADO CRÉDITO I BRASIL FIDC SEGMENTO FINANCEIRO DE RESPONSABILIDADE LIMITADA,37.511.828/0001-14,Natureza dos recebíveis,documentary_natureza_dos_recebiveis,"CCBs de crédito parcelado a consumidores e comerciantes, originadas por IFs parceiras",nao_monitoravel,Controle documental; IME público não replica a regra jurídica,"Validar fórmula e competência antes de ativar alerta; regra/lacuna: CCBs de crédito parcelado a consumidores e comerciantes, originadas por IFs parceiras",Resumo jurídico da fonte identificada; verificar aditamentos e aplicação à série,data/raw/37511828000114/1200490_regulamento.pdf · ID Fundos.NET 1200490 · 27/03/2026 · regulamento · p. 133 · https://fnet.bmfbovespa.com.br/fnet/publico/visualizarDocumento?id=1200490,Revisão documental dirigida; lacunas e divergências explícitas
MERCADO CRÉDITO I BRASIL FIDC SEGMENTO FINANCEIRO DE RESPONSABILIDADE LIMITADA,37.511.828/0001-14,Originador/endossante,documentary_originador_endossante,IFs parceiras; Mercado Pago atua como correspondente,nao_monitoravel,Controle documental; IME público não replica a regra jurídica,Validar fórmula e competência antes de ativar alerta; regra/lacuna: IFs parceiras; Mercado Pago atua como correspondente,Resumo jurídico da fonte identificada; verificar aditamentos e aplicação à série,data/raw/37511828000114/1200490_regulamento.pdf · ID Fundos.NET 1200490 · 27/03/2026 · regulamento · p. 133 · https://fnet.bmfbovespa.com.br/fnet/publico/visualizarDocumento?id=1200490,Revisão documental dirigida; lacunas e divergências explícitas
MERCADO CRÉDITO I BRASIL FIDC SEGMENTO FINANCEIRO DE RESPONSABILIDADE LIMITADA,37.511.828/0001-14,Devedor,documentary_devedor,Não localizado nas fontes acessíveis desta leitura,nao_monitoravel,Lacuna documental: obter regra antes de definir métrica ou alerta,Validar fórmula e competência antes de ativar alerta; regra/lacuna: Não localizado nas fontes acessíveis desta leitura,Lacuna documental; não equivale à inexistência da regra,"Consulta Fundos.NET por CNPJ 37511828000114 em 07/10/2026; 75 registros no inventário anterior preservado; fontes acessíveis: 1200490, 1019776",Revisão documental dirigida; lacunas e divergências explícitas
MERCADO CRÉDITO I BRASIL FIDC SEGMENTO FINANCEIRO DE RESPONSABILIDADE LIMITADA,37.511.828/0001-14,Garantia,documentary_garantia,Não localizado nas fontes acessíveis desta leitura,nao_monitoravel,Lacuna documental: obter regra antes de definir métrica ou alerta,Validar fórmula e competência antes de ativar alerta; regra/lacuna: Não localizado nas fontes acessíveis desta leitura,Lacuna documental; não equivale à inexistência da regra,"Consulta Fundos.NET por CNPJ 37511828000114 em 07/10/2026; 75 registros no inventário anterior preservado; fontes acessíveis: 1200490, 1019776",Revisão documental dirigida; lacunas e divergências explícitas
MERCADO CRÉDITO I BRASIL FIDC SEGMENTO FINANCEIRO DE RESPONSABILIDADE LIMITADA,37.511.828/0001-14,Elegibilidade,eligibility_criteria_text,Não localizado nas fontes acessíveis desta leitura,nao_monitoravel,Lacuna documental: obter regra antes de definir métrica ou alerta,Validar fórmula e competência antes de ativar alerta; regra/lacuna: Não localizado nas fontes acessíveis desta leitura,Lacuna documental; não equivale à inexistência da regra,"Consulta Fundos.NET por CNPJ 37511828000114 em 07/10/2026; 75 registros no inventário anterior preservado; fontes acessíveis: 1200490, 1019776",Revisão documental dirigida; lacunas e divergências explícitas
MERCADO CRÉDITO I BRASIL FIDC SEGMENTO FINANCEIRO DE RESPONSABILIDADE LIMITADA,37.511.828/0001-14,Concentração,concentration_limits,"Devedor único ≤ 0,5% dos DC; limites por produto, perfil e prazo",nao_monitoravel,Sem granularidade pública por cedente/devedor/grupo econômico,"Validar fórmula e competência antes de ativar alerta; regra/lacuna: Devedor único ≤ 0,5% dos DC; limites por produto, perfil e prazo",Resumo jurídico da fonte identificada; verificar aditamentos e aplicação à série,data/raw/37511828000114/1200490_regulamento.pdf · ID Fundos.NET 1200490 · 27/03/2026 · regulamento · p. 143 · https://fnet.bmfbovespa.com.br/fnet/publico/visualizarDocumento?id=1200490,Revisão documental dirigida; lacunas e divergências explícitas
MERCADO CRÉDITO I BRASIL FIDC SEGMENTO FINANCEIRO DE RESPONSABILIDADE LIMITADA,37.511.828/0001-14,Day trade,documentary_day_trade,Operações iniciadas e encerradas no mesmo dia vedadas,nao_monitoravel,Controle documental; IME público não replica a regra jurídica,Validar fórmula e competência antes de ativar alerta; regra/lacuna: Operações iniciadas e encerradas no mesmo dia vedadas,Controle documental; IME agregado não comprova a hipótese contratual.,data/raw/37511828000114/1200490_regulamento.pdf · ID Fundos.NET 1200490 · 27/03/2026 · regulamento · p. 50 · 5.7 · https://fnet.bmfbovespa.com.br/fnet/publico/visualizarDocumento?id=1200490,Revisão documental dirigida; lacunas e divergências explícitas
MERCADO CRÉDITO I BRASIL FIDC SEGMENTO FINANCEIRO DE RESPONSABILIDADE LIMITADA,37.511.828/0001-14,Subordinação mínima,subordination_ratio_min,"Júnior ≥ 10% PL, com majorações condicionais por excesso de juros e perdas",monitoravel com ressalva,Cotas subordinadas e mezanino / PL; reconciliar subclasse e fórmula contratual,"Validar fórmula e competência antes de ativar alerta; regra/lacuna: Júnior ≥ 10% PL, com majorações condicionais por excesso de juros e perdas",Resumo jurídico da fonte identificada; verificar aditamentos e aplicação à série,data/raw/37511828000114/1200490_regulamento.pdf · ID Fundos.NET 1200490 · 27/03/2026 · regulamento · p. 42 · https://fnet.bmfbovespa.com.br/fnet/publico/visualizarDocumento?id=1200490,Revisão documental dirigida; lacunas e divergências explícitas
MERCADO CRÉDITO I BRASIL FIDC SEGMENTO FINANCEIRO DE RESPONSABILIDADE LIMITADA,37.511.828/0001-14,Gatilhos de avaliação/liquidação,documentary_evaluation_liquidation,Índice histórico comerciante: avaliação 8%; amortização acelerada 7%; tabelas MOB adicionais,parcial,Aging e PDD agregados; eventos e denominadores precisam de controle documental,Validar fórmula e competência antes de ativar alerta; regra/lacuna: Índice histórico comerciante: avaliação 8%; amortização acelerada 7%; tabelas MOB adicionais,Índice histórico e safras MOB não correspondem diretamente ao aging agregado do IME.,data/raw/37511828000114/1200490_regulamento.pdf · ID Fundos.NET 1200490 · 27/03/2026 · regulamento · p. 33 e 92 · https://fnet.bmfbovespa.com.br/fnet/publico/visualizarDocumento?id=1200490,Revisão documental dirigida; lacunas e divergências explícitas
MERCADO CRÉDITO I BRASIL FIDC SEGMENTO FINANCEIRO DE RESPONSABILIDADE LIMITADA,37.511.828/0001-14,Reserva de caixa,minimum_cash_ratio,"Reserva de despesas de 0,20% PL; recompor se saldo < 50% do valor requerido",parcial,"Disponibilidades; requer despesas futuras, cronograma e waterfall","Validar fórmula e competência antes de ativar alerta; regra/lacuna: Reserva de despesas de 0,20% PL; recompor se saldo < 50% do valor requerido",Resumo jurídico da fonte identificada; verificar aditamentos e aplicação à série,data/raw/37511828000114/1200490_regulamento.pdf · ID Fundos.NET 1200490 · 27/03/2026 · regulamento · p. 107 · https://fnet.bmfbovespa.com.br/fnet/publico/visualizarDocumento?id=1200490,Revisão documental dirigida; lacunas e divergências explícitas
MERCADO CRÉDITO I BRASIL FIDC SEGMENTO FINANCEIRO DE RESPONSABILIDADE LIMITADA,37.511.828/0001-14,Derivativos/hedge,permitted_hedges,Proteção patrimonial/troca de indexador sem risco de capital; proteção de posições à vista,parcial,Posição agregada em derivativos; não comprova finalidade/elegibilidade,Validar fórmula e competência antes de ativar alerta; regra/lacuna: Proteção patrimonial/troca de indexador sem risco de capital; proteção de posições à vista,"Validar finalidade, posição coberta e instrumento; IME oferece posição agregada.",data/raw/37511828000114/1200490_regulamento.pdf · ID Fundos.NET 1200490 · 27/03/2026 · regulamento · p. 50/112 · 5.8; 21.1.1(i) · https://fnet.bmfbovespa.com.br/fnet/publico/visualizarDocumento?id=1200490,Revisão documental dirigida; lacunas e divergências explícitas
MERCADO CRÉDITO I BRASIL FIDC SEGMENTO FINANCEIRO DE RESPONSABILIDADE LIMITADA,37.511.828/0001-14,PDD,pdd_coverage_min,Não localizado nas fontes acessíveis desta leitura,nao_monitoravel,Lacuna documental: obter regra antes de definir métrica ou alerta,Validar fórmula e competência antes de ativar alerta; regra/lacuna: Não localizado nas fontes acessíveis desta leitura,Lacuna documental; não equivale à inexistência da regra,"Consulta Fundos.NET por CNPJ 37511828000114 em 07/10/2026; 75 registros no inventário anterior preservado; fontes acessíveis: 1200490, 1019776",Revisão documental dirigida; lacunas e divergências explícitas
MERCADO CRÉDITO I BRASIL FIDC SEGMENTO FINANCEIRO DE RESPONSABILIDADE LIMITADA,37.511.828/0001-14,Cross default,documentary_cross_default,Endividamento do Mercado Pago: inadimplemento/aceleração >US$75 milhões; observar cura,nao_monitoravel,Controle documental; IME público não replica a regra jurídica,Validar fórmula e competência antes de ativar alerta; regra/lacuna: Endividamento do Mercado Pago: inadimplemento/aceleração >US$75 milhões; observar cura,"Extenso informa setenta e cinco milhões; numeral extraído “US$75.000.00,00” está malformado. Confirmar instrumento antes de alerta automático.",data/raw/37511828000114/1200490_regulamento.pdf · ID Fundos.NET 1200490 · 27/03/2026 · regulamento · p. 88 · 13.1(xviii) · https://fnet.bmfbovespa.com.br/fnet/publico/visualizarDocumento?id=1200490,Revisão documental dirigida; lacunas e divergências explícitas
MERCADO CRÉDITO I BRASIL FIDC SEGMENTO FINANCEIRO DE RESPONSABILIDADE LIMITADA,37.511.828/0001-14,Alocação mínima,credit_rights_allocation_min,Não localizado nas fontes acessíveis desta leitura,nao_monitoravel,"Limite contratual pendente; o IME pode informar saldos, mas não comprova enquadramento",Validar fórmula e competência antes de ativar alerta; regra/lacuna: Não localizado nas fontes acessíveis desta leitura,Lacuna documental; não equivale à inexistência da regra,"Consulta Fundos.NET por CNPJ 37511828000114 em 07/10/2026; 75 registros no inventário anterior preservado; fontes acessíveis: 1200490, 1019776",Revisão documental dirigida; lacunas e divergências explícitas
MERCADO CRÉDITO I BRASIL FIDC SEGMENTO FINANCEIRO DE RESPONSABILIDADE LIMITADA,37.511.828/0001-14,Pool/revolvência,documentary_pool_revolvencia,Não localizado nas fontes acessíveis desta leitura,nao_monitoravel,Lacuna documental: obter regra antes de definir métrica ou alerta,Validar fórmula e competência antes de ativar alerta; regra/lacuna: Não localizado nas fontes acessíveis desta leitura,Lacuna documental; não equivale à inexistência da regra,"Consulta Fundos.NET por CNPJ 37511828000114 em 07/10/2026; 75 registros no inventário anterior preservado; fontes acessíveis: 1200490, 1019776",Revisão documental dirigida; lacunas e divergências explícitas
MERCADO CRÉDITO I BRASIL FIDC SEGMENTO FINANCEIRO DE RESPONSABILIDADE LIMITADA,37.511.828/0001-14,Duração/público-alvo,documentary_duracao_publico_alvo,Não localizado nas fontes acessíveis desta leitura,nao_monitoravel,Lacuna documental: obter regra antes de definir métrica ou alerta,Validar fórmula e competência antes de ativar alerta; regra/lacuna: Não localizado nas fontes acessíveis desta leitura,Lacuna documental; não equivale à inexistência da regra,"Consulta Fundos.NET por CNPJ 37511828000114 em 07/10/2026; 75 registros no inventário anterior preservado; fontes acessíveis: 1200490, 1019776",Revisão documental dirigida; lacunas e divergências explícitas
MERCADO CRÉDITO I BRASIL FIDC SEGMENTO FINANCEIRO DE RESPONSABILIDADE LIMITADA,37.511.828/0001-14,Cessão/recompra,repurchase_indemnity,Não localizado nas fontes acessíveis desta leitura,nao_monitoravel,Lacuna documental: obter regra antes de definir métrica ou alerta,Validar fórmula e competência antes de ativar alerta; regra/lacuna: Não localizado nas fontes acessíveis desta leitura,Lacuna documental; não equivale à inexistência da regra,"Consulta Fundos.NET por CNPJ 37511828000114 em 07/10/2026; 75 registros no inventário anterior preservado; fontes acessíveis: 1200490, 1019776",Revisão documental dirigida; lacunas e divergências explícitas
MERCADO CRÉDITO I BRASIL FIDC SEGMENTO FINANCEIRO DE RESPONSABILIDADE LIMITADA,37.511.828/0001-14,Coobrigação,documentary_coobrigacao,Não localizado nas fontes acessíveis desta leitura,nao_monitoravel,Lacuna documental: obter regra antes de definir métrica ou alerta,Validar fórmula e competência antes de ativar alerta; regra/lacuna: Não localizado nas fontes acessíveis desta leitura,Lacuna documental; não equivale à inexistência da regra,"Consulta Fundos.NET por CNPJ 37511828000114 em 07/10/2026; 75 registros no inventário anterior preservado; fontes acessíveis: 1200490, 1019776",Revisão documental dirigida; lacunas e divergências explícitas
MERCADO CRÉDITO I BRASIL FIDC SEGMENTO FINANCEIRO DE RESPONSABILIDADE LIMITADA,37.511.828/0001-14,Waterfall,documentary_waterfall,Não localizado nas fontes acessíveis desta leitura,nao_monitoravel,Lacuna documental: obter regra antes de definir métrica ou alerta,Validar fórmula e competência antes de ativar alerta; regra/lacuna: Não localizado nas fontes acessíveis desta leitura,Lacuna documental; não equivale à inexistência da regra,"Consulta Fundos.NET por CNPJ 37511828000114 em 07/10/2026; 75 registros no inventário anterior preservado; fontes acessíveis: 1200490, 1019776",Revisão documental dirigida; lacunas e divergências explícitas
MERCADO CRÉDITO I BRASIL FIDC SEGMENTO FINANCEIRO DE RESPONSABILIDADE LIMITADA,37.511.828/0001-14,Prestadores essenciais,documentary_prestadores_essenciais,Administração: Banco Genial; gestão: Polígono Capital,nao_monitoravel,Controle documental; IME público não replica a regra jurídica,Validar fórmula e competência antes de ativar alerta; regra/lacuna: Administração: Banco Genial; gestão: Polígono Capital,Controle documental; IME agregado não comprova a hipótese contratual.,data/raw/37511828000114/1200490_regulamento.pdf · ID Fundos.NET 1200490 · 27/03/2026 · regulamento · p. 6/31 · Definições Administrator/Manager · https://fnet.bmfbovespa.com.br/fnet/publico/visualizarDocumento?id=1200490,Revisão documental dirigida; lacunas e divergências explícitas
MERCADO CRÉDITO II BRASIL FUNDO DE INVESTIMENTO EM DIREITOS CREDITÓRIOS DE RESPONSABILIDADE LIMITADA,41.970.012/0001-26,Natureza dos recebíveis,documentary_natureza_dos_recebiveis,"CCBs endossadas por IF MeLi, entidades Mercado Pago e veículos do grupo",nao_monitoravel,Controle documental; IME público não replica a regra jurídica,"Validar fórmula e competência antes de ativar alerta; regra/lacuna: CCBs endossadas por IF MeLi, entidades Mercado Pago e veículos do grupo",Resumo jurídico da fonte identificada; verificar aditamentos e aplicação à série,data/raw/41970012000126/1302706_regulamento.pdf · ID Fundos.NET 1302706 · 27/08/2026 · regulamento · p. 20 · https://fnet.bmfbovespa.com.br/fnet/publico/visualizarDocumento?id=1302706,Revisão documental dirigida; lacunas e divergências explícitas
MERCADO CRÉDITO II BRASIL FUNDO DE INVESTIMENTO EM DIREITOS CREDITÓRIOS DE RESPONSABILIDADE LIMITADA,41.970.012/0001-26,Originador/endossante,documentary_originador_endossante,IF MeLi e entidades/veículos Mercado Pago que celebraram contrato de endosso,nao_monitoravel,Controle documental; IME público não replica a regra jurídica,Validar fórmula e competência antes de ativar alerta; regra/lacuna: IF MeLi e entidades/veículos Mercado Pago que celebraram contrato de endosso,Resumo jurídico da fonte identificada; verificar aditamentos e aplicação à série,data/raw/41970012000126/1302706_regulamento.pdf · ID Fundos.NET 1302706 · 27/08/2026 · regulamento · p. 20 · https://fnet.bmfbovespa.com.br/fnet/publico/visualizarDocumento?id=1302706,Revisão documental dirigida; lacunas e divergências explícitas
MERCADO CRÉDITO II BRASIL FUNDO DE INVESTIMENTO EM DIREITOS CREDITÓRIOS DE RESPONSABILIDADE LIMITADA,41.970.012/0001-26,Devedor,documentary_devedor,Não localizado nas fontes acessíveis desta leitura,nao_monitoravel,Lacuna documental: obter regra antes de definir métrica ou alerta,Validar fórmula e competência antes de ativar alerta; regra/lacuna: Não localizado nas fontes acessíveis desta leitura,Lacuna documental; não equivale à inexistência da regra,"Consulta Fundos.NET por CNPJ 41970012000126 em 07/10/2026; 162 registros no inventário obtido; fontes acessíveis: 1341484, 1314682, 1302706, 1302705, 1077334, 999523",Revisão documental dirigida; lacunas e divergências explícitas
MERCADO CRÉDITO II BRASIL FUNDO DE INVESTIMENTO EM DIREITOS CREDITÓRIOS DE RESPONSABILIDADE LIMITADA,41.970.012/0001-26,Garantia,documentary_garantia,Não localizado nas fontes acessíveis desta leitura,nao_monitoravel,Lacuna documental: obter regra antes de definir métrica ou alerta,Validar fórmula e competência antes de ativar alerta; regra/lacuna: Não localizado nas fontes acessíveis desta leitura,Lacuna documental; não equivale à inexistência da regra,"Consulta Fundos.NET por CNPJ 41970012000126 em 07/10/2026; 162 registros no inventário obtido; fontes acessíveis: 1341484, 1314682, 1302706, 1302705, 1077334, 999523",Revisão documental dirigida; lacunas e divergências explícitas
MERCADO CRÉDITO II BRASIL FUNDO DE INVESTIMENTO EM DIREITOS CREDITÓRIOS DE RESPONSABILIDADE LIMITADA,41.970.012/0001-26,Elegibilidade,eligibility_criteria_text,Não localizado nas fontes acessíveis desta leitura,nao_monitoravel,Lacuna documental: obter regra antes de definir métrica ou alerta,Validar fórmula e competência antes de ativar alerta; regra/lacuna: Não localizado nas fontes acessíveis desta leitura,Lacuna documental; não equivale à inexistência da regra,"Consulta Fundos.NET por CNPJ 41970012000126 em 07/10/2026; 162 registros no inventário obtido; fontes acessíveis: 1341484, 1314682, 1302706, 1302705, 1077334, 999523",Revisão documental dirigida; lacunas e divergências explícitas
MERCADO CRÉDITO II BRASIL FUNDO DE INVESTIMENTO EM DIREITOS CREDITÓRIOS DE RESPONSABILIDADE LIMITADA,41.970.012/0001-26,Concentração,concentration_limits,Não localizado nas fontes acessíveis desta leitura,nao_monitoravel,Lacuna documental: obter regra antes de definir métrica ou alerta,Validar fórmula e competência antes de ativar alerta; regra/lacuna: Não localizado nas fontes acessíveis desta leitura,Lacuna documental; não equivale à inexistência da regra,"Consulta Fundos.NET por CNPJ 41970012000126 em 07/10/2026; 162 registros no inventário obtido; fontes acessíveis: 1341484, 1314682, 1302706, 1302705, 1077334, 999523",Revisão documental dirigida; lacunas e divergências explícitas
MERCADO CRÉDITO II BRASIL FUNDO DE INVESTIMENTO EM DIREITOS CREDITÓRIOS DE RESPONSABILIDADE LIMITADA,41.970.012/0001-26,Subordinação mínima,subordination_ratio_min,Júnior ≥ 10% PL; eventos de step-down majoram a proteção,monitoravel com ressalva,Cotas subordinadas e mezanino / PL; reconciliar subclasse e fórmula contratual,Validar fórmula e competência antes de ativar alerta; regra/lacuna: Júnior ≥ 10% PL; eventos de step-down majoram a proteção,Resumo jurídico da fonte identificada; verificar aditamentos e aplicação à série,data/raw/41970012000126/1302706_regulamento.pdf · ID Fundos.NET 1302706 · 27/08/2026 · regulamento · p. 32 · https://fnet.bmfbovespa.com.br/fnet/publico/visualizarDocumento?id=1302706,Revisão documental dirigida; lacunas e divergências explícitas
MERCADO CRÉDITO II BRASIL FUNDO DE INVESTIMENTO EM DIREITOS CREDITÓRIOS DE RESPONSABILIDADE LIMITADA,41.970.012/0001-26,Gatilhos de avaliação/liquidação,documentary_evaluation_liquidation,Não localizado nas fontes acessíveis desta leitura,nao_monitoravel,Lacuna documental: obter regra antes de definir métrica ou alerta,Validar fórmula e competência antes de ativar alerta; regra/lacuna: Não localizado nas fontes acessíveis desta leitura,Lacuna documental; não equivale à inexistência da regra,"Consulta Fundos.NET por CNPJ 41970012000126 em 07/10/2026; 162 registros no inventário obtido; fontes acessíveis: 1341484, 1314682, 1302706, 1302705, 1077334, 999523",Revisão documental dirigida; lacunas e divergências explícitas
MERCADO CRÉDITO II BRASIL FUNDO DE INVESTIMENTO EM DIREITOS CREDITÓRIOS DE RESPONSABILIDADE LIMITADA,41.970.012/0001-26,Reserva de caixa,minimum_cash_ratio,"Reserva de despesas: 1,05% PL; recomposição diária",parcial,"Disponibilidades; requer despesas futuras, cronograma e waterfall","Validar fórmula e competência antes de ativar alerta; regra/lacuna: Reserva de despesas: 1,05% PL; recomposição diária",Conferir fórmula e janelas de cura no regulamento integral; proxy público agregado não valida todos os eventos.,data/raw/41970012000126/1302706_regulamento.pdf · ID Fundos.NET 1302706 · 27/08/2026 · p. 102 · https://fnet.bmfbovespa.com.br/fnet/publico/visualizarDocumento?id=1302706,Revisão documental dirigida; lacunas e divergências explícitas
MERCADO CRÉDITO II BRASIL FUNDO DE INVESTIMENTO EM DIREITOS CREDITÓRIOS DE RESPONSABILIDADE LIMITADA,41.970.012/0001-26,Derivativos/hedge,permitted_hedges,Operações em derivativos expressamente vedadas,parcial,Posição agregada em derivativos; não comprova finalidade/elegibilidade,Validar fórmula e competência antes de ativar alerta; regra/lacuna: Operações em derivativos expressamente vedadas,Versão agosto/2026 substitui referência heurística antiga a derivativos de liquidez até 20%.,data/raw/41970012000126/1302706_regulamento.pdf · ID Fundos.NET 1302706 · 27/08/2026 · regulamento · p. 43 · https://fnet.bmfbovespa.com.br/fnet/publico/visualizarDocumento?id=1302706,Revisão documental dirigida; lacunas e divergências explícitas
MERCADO CRÉDITO II BRASIL FUNDO DE INVESTIMENTO EM DIREITOS CREDITÓRIOS DE RESPONSABILIDADE LIMITADA,41.970.012/0001-26,PDD,pdd_coverage_min,PDD contábil deduzida no preço da opção de compra dos créditos; limite percentual próprio não localizado,parcial,PDD / Crédito e PDD / Vencidos; validar definição contratual,Validar fórmula e competência antes de ativar alerta; regra/lacuna: PDD contábil deduzida no preço da opção de compra dos créditos; limite percentual próprio não localizado,PDD/crédito é indicador agregado; não replica evento contratual ou valor devido em cessão.,data/raw/41970012000126/1302706_regulamento.pdf · ID Fundos.NET 1302706 · 27/08/2026 · regulamento · p. 42 · 5.1.6.3 · https://fnet.bmfbovespa.com.br/fnet/publico/visualizarDocumento?id=1302706,Revisão documental dirigida; lacunas e divergências explícitas
MERCADO CRÉDITO II BRASIL FUNDO DE INVESTIMENTO EM DIREITOS CREDITÓRIOS DE RESPONSABILIDADE LIMITADA,41.970.012/0001-26,Alocação mínima,credit_rights_allocation_min,67% PL para enquadramento tributário; verificar índices adicionais,direto com validação,"Direitos creditórios / PL; validar ativo elegível, período e denominador",Validar fórmula e competência antes de ativar alerta; regra/lacuna: 67% PL para enquadramento tributário; verificar índices adicionais,Resumo jurídico da fonte identificada; verificar aditamentos e aplicação à série,data/raw/41970012000126/1302706_regulamento.pdf · ID Fundos.NET 1302706 · 27/08/2026 · regulamento · p. 108 · https://fnet.bmfbovespa.com.br/fnet/publico/visualizarDocumento?id=1302706,Revisão documental dirigida; lacunas e divergências explícitas
MERCADO CRÉDITO II BRASIL FUNDO DE INVESTIMENTO EM DIREITOS CREDITÓRIOS DE RESPONSABILIDADE LIMITADA,41.970.012/0001-26,Pool/revolvência,documentary_pool_revolvencia,Não localizado nas fontes acessíveis desta leitura,nao_monitoravel,Lacuna documental: obter regra antes de definir métrica ou alerta,Validar fórmula e competência antes de ativar alerta; regra/lacuna: Não localizado nas fontes acessíveis desta leitura,Lacuna documental; não equivale à inexistência da regra,"Consulta Fundos.NET por CNPJ 41970012000126 em 07/10/2026; 162 registros no inventário obtido; fontes acessíveis: 1341484, 1314682, 1302706, 1302705, 1077334, 999523",Revisão documental dirigida; lacunas e divergências explícitas
MERCADO CRÉDITO II BRASIL FUNDO DE INVESTIMENTO EM DIREITOS CREDITÓRIOS DE RESPONSABILIDADE LIMITADA,41.970.012/0001-26,Duração/público-alvo,documentary_duracao_publico_alvo,Não localizado nas fontes acessíveis desta leitura,nao_monitoravel,Lacuna documental: obter regra antes de definir métrica ou alerta,Validar fórmula e competência antes de ativar alerta; regra/lacuna: Não localizado nas fontes acessíveis desta leitura,Lacuna documental; não equivale à inexistência da regra,"Consulta Fundos.NET por CNPJ 41970012000126 em 07/10/2026; 162 registros no inventário obtido; fontes acessíveis: 1341484, 1314682, 1302706, 1302705, 1077334, 999523",Revisão documental dirigida; lacunas e divergências explícitas
MERCADO CRÉDITO II BRASIL FUNDO DE INVESTIMENTO EM DIREITOS CREDITÓRIOS DE RESPONSABILIDADE LIMITADA,41.970.012/0001-26,Cessão/recompra,repurchase_indemnity,"Aquisição por Mercado Pago por inelegibilidade, vício ou falha imputável, com limites contratuais",parcial,Recompras / Crédito; motivo e indenização exigem contratos,"Validar fórmula e competência antes de ativar alerta; regra/lacuna: Aquisição por Mercado Pago por inelegibilidade, vício ou falha imputável, com limites contratuais",Resumo jurídico da fonte identificada; verificar aditamentos e aplicação à série,data/raw/41970012000126/1302706_regulamento.pdf · ID Fundos.NET 1302706 · 27/08/2026 · regulamento · p. 41 · https://fnet.bmfbovespa.com.br/fnet/publico/visualizarDocumento?id=1302706,Revisão documental dirigida; lacunas e divergências explícitas
MERCADO CRÉDITO II BRASIL FUNDO DE INVESTIMENTO EM DIREITOS CREDITÓRIOS DE RESPONSABILIDADE LIMITADA,41.970.012/0001-26,Coobrigação,documentary_coobrigacao,Não localizado nas fontes acessíveis desta leitura,nao_monitoravel,Lacuna documental: obter regra antes de definir métrica ou alerta,Validar fórmula e competência antes de ativar alerta; regra/lacuna: Não localizado nas fontes acessíveis desta leitura,Lacuna documental; não equivale à inexistência da regra,"Consulta Fundos.NET por CNPJ 41970012000126 em 07/10/2026; 162 registros no inventário obtido; fontes acessíveis: 1341484, 1314682, 1302706, 1302705, 1077334, 999523",Revisão documental dirigida; lacunas e divergências explícitas
MERCADO CRÉDITO II BRASIL FUNDO DE INVESTIMENTO EM DIREITOS CREDITÓRIOS DE RESPONSABILIDADE LIMITADA,41.970.012/0001-26,Waterfall,documentary_waterfall,Despesas e reservas → sênior → MZ A → MZ B → MZ C → júnior,nao_monitoravel,Controle documental; IME público não replica a regra jurídica,Validar fórmula e competência antes de ativar alerta; regra/lacuna: Despesas e reservas → sênior → MZ A → MZ B → MZ C → júnior,Resumo jurídico da fonte identificada; verificar aditamentos e aplicação à série,data/raw/41970012000126/1302706_regulamento.pdf · ID Fundos.NET 1302706 · 27/08/2026 · regulamento · p. 145–159 · https://fnet.bmfbovespa.com.br/fnet/publico/visualizarDocumento?id=1302706,Revisão documental dirigida; lacunas e divergências explícitas
MERCADO CRÉDITO II BRASIL FUNDO DE INVESTIMENTO EM DIREITOS CREDITÓRIOS DE RESPONSABILIDADE LIMITADA,41.970.012/0001-26,Prestadores essenciais,documentary_prestadores_essenciais,Administração: BTG Pactual Serviços Financeiros; custódia: Banco BTG; gestão: Polígono,nao_monitoravel,Controle documental; IME público não replica a regra jurídica,Validar fórmula e competência antes de ativar alerta; regra/lacuna: Administração: BTG Pactual Serviços Financeiros; custódia: Banco BTG; gestão: Polígono,Controle documental; IME agregado não comprova a hipótese contratual.,data/raw/41970012000126/1302706_regulamento.pdf · ID Fundos.NET 1302706 · 27/08/2026 · regulamento · p. 4/15/23 · Definições Administrador/Custodiante/Gestor · https://fnet.bmfbovespa.com.br/fnet/publico/visualizarDocumento?id=1302706,Revisão documental dirigida; lacunas e divergências explícitas
MERCADO CRÉDITO II BRASIL FUNDO DE INVESTIMENTO EM DIREITOS CREDITÓRIOS DE RESPONSABILIDADE LIMITADA,41.970.012/0001-26,Opção de compra de créditos,documentary_opcao_de_compra_de_creditos,"Endossantes: preço pelo principal + rendimentos/encargos, deduzida PDD; limite 10% do investimento sênior",nao_monitoravel,Controle documental; IME público não replica a regra jurídica,"Validar fórmula e competência antes de ativar alerta; regra/lacuna: Endossantes: preço pelo principal + rendimentos/encargos, deduzida PDD; limite 10% do investimento sênior","Exceções: amortização integral deliberada, amortização extraordinária ou crédito vencido >90 dias. Não equivale a obrigação de recompra.",data/raw/41970012000126/1302706_regulamento.pdf · ID Fundos.NET 1302706 · 27/08/2026 · regulamento · p. 42 · 5.1.6.3 · https://fnet.bmfbovespa.com.br/fnet/publico/visualizarDocumento?id=1302706,Revisão documental dirigida; lacunas e divergências explícitas
