veiculo_id,serie,camada,competencia,saldo_inicial,juros_programados,amortizacao_programada,saldo_final,juros_pagos_realizado,amortizacao_paga_realizada,status,fonte_id,status_dado,nota_metodo
CRI_K1,Série 1,Super Sênior,2024-02-01,n/d,n/d,n/d,361247230.83,0.0,0.0,Realizado,CVM_CRI_2024_CLASSE,Documentado,"Saldo final: saldo agregado; controle total indisponível, controlado por Valor_Atualizado_Emissao. Unidade sem reconciliação permanece n/d; pagamentos realizados ficam documentados. Saldo inicial da primeira competência permanece n/d; Total_Integralizado não foi usado como saldo corrente."
CRI_K1,Série 1,Super Sênior,2024-03-01,361247230.83,n/d,n/d,363704321.79,0.0,0.0,Realizado,CVM_CRI_2024_CLASSE,Documentado,"Saldo final: saldo agregado; controle total indisponível, controlado por Valor_Atualizado_Emissao. Unidade sem reconciliação permanece n/d; pagamentos realizados ficam documentados."
CRI_K1,Série 1,Super Sênior,2024-04-01,363704321.79,n/d,n/d,n/d,3146086.76,11836779.16,Realizado,CVM_CRI_2024_CLASSE,Documentado,"Saldo final: n/d por conflito de unidade, controlado por Valor_Atualizado_Emissao. Unidade sem reconciliação permanece n/d; pagamentos realizados ficam documentados."
CRI_K1,Série 1,Super Sênior,2024-05-01,n/d,n/d,n/d,n/d,3213293.26,16848305.58,Realizado,CVM_CRI_2024_CLASSE,Documentado,"Saldo final: n/d por conflito de unidade, controlado por Valor_Atualizado_Emissao. Unidade sem reconciliação permanece n/d; pagamentos realizados ficam documentados."
CRI_K1,Série 1,Super Sênior,2024-06-01,n/d,n/d,n/d,n/d,2773603.16,16469119.55,Realizado,CVM_CRI_2024_CLASSE,Documentado,"Saldo final: n/d por conflito de unidade, controlado por Valor_Atualizado_Emissao. Unidade sem reconciliação permanece n/d; pagamentos realizados ficam documentados."
CRI_K1,Série 1,Super Sênior,2024-07-01,n/d,n/d,n/d,304506000.0,3027141.3,4567257.7,Realizado,CVM_CRI_2024_CLASSE,Documentado,"Saldo final: valor unitário × quantidade reconciliado, controlado por Valor_Atualizado_Emissao. Unidade sem reconciliação permanece n/d; pagamentos realizados ficam documentados."
CRI_K1,Série 1,Super Sênior,2024-08-01,304506000.0,n/d,n/d,n/d,3027141.3,4567257.7,Realizado,CVM_CRI_2024_CLASSE,Documentado,"Saldo final: n/d por conflito de unidade, controlado por Valor_Atualizado_Emissao. Unidade sem reconciliação permanece n/d; pagamentos realizados ficam documentados."
CRI_K1,Série 1,Super Sênior,2024-09-01,n/d,n/d,n/d,289044000.0,2624713.06,6936942.46,Realizado,CVM_CRI_2024_CLASSE,Documentado,"Saldo final: valor unitário × quantidade reconciliado, controlado por Valor_Atualizado_Emissao. Unidade sem reconciliação permanece n/d; pagamentos realizados ficam documentados."
CRI_K1,Série 1,Super Sênior,2024-10-01,289044000.0,n/d,n/d,282321063.44,2624713.06,6936942.46,Realizado,CVM_CRI_2024_CLASSE,Documentado,"Saldo final: saldo agregado reconciliado, controlado por Valor_Atualizado_Emissao. Unidade sem reconciliação permanece n/d; pagamentos realizados ficam documentados."
CRI_K1,Série 1,Super Sênior,2024-11-01,282321063.44,n/d,n/d,274395026.88,2806610.41,7412567.57,Realizado,CVM_CRI_2024_CLASSE,Documentado,"Saldo final: saldo agregado reconciliado, controlado por Valor_Atualizado_Emissao. Unidade sem reconciliação permanece n/d; pagamentos realizados ficam documentados."
CRI_K1,Série 1,Super Sênior,2024-12-01,274395026.88,n/d,n/d,267350127.55,2255359.65,7250839.02,Realizado,CVM_CRI_2024_CLASSE,Documentado,"Saldo final: saldo agregado reconciliado, controlado por Valor_Atualizado_Emissao. Unidade sem reconciliação permanece n/d; pagamentos realizados ficam documentados."
CRI_K1,Série 1,Super Sênior,2025-01-01,267350127.55,n/d,n/d,260308933.35,2587783.4,6652725.24,Realizado,CVM_CRI_2025_CLASSE,Documentado,"Saldo final: saldo agregado reconciliado, controlado por Valor_Atualizado_Emissao. Unidade sem reconciliação permanece n/d; pagamentos realizados ficam documentados."
CRI_K1,Série 1,Super Sênior,2025-02-01,260308933.35,n/d,n/d,253292882.94,2587783.39,6652725.23,Realizado,CVM_CRI_2025_CLASSE,Documentado,"Saldo final: saldo agregado reconciliado, controlado por Valor_Atualizado_Emissao. Unidade sem reconciliação permanece n/d; pagamentos realizados ficam documentados."
CRI_K1,Série 1,Super Sênior,2025-03-01,253292882.94,n/d,n/d,245980767.32,1971059.44,7389626.48,Realizado,CVM_CRI_2025_CLASSE,Documentado,"Saldo final: saldo agregado reconciliado, controlado por Valor_Atualizado_Emissao. Unidade sem reconciliação permanece n/d; pagamentos realizados ficam documentados."
CRI_K1,Série 1,Super Sênior,2025-04-01,245980767.32,n/d,n/d,237885086.66,2233669.6,7958336.68,Realizado,CVM_CRI_2025_CLASSE,Documentado,"Saldo final: saldo agregado reconciliado, controlado por Valor_Atualizado_Emissao. Unidade sem reconciliação permanece n/d; pagamentos realizados ficam documentados."
CRI_K1,Série 1,Super Sênior,2025-05-01,237885086.66,n/d,n/d,230291774.07,2190311.42,7762085.04,Realizado,CVM_CRI_2025_CLASSE,Documentado,"Saldo final: saldo agregado reconciliado, controlado por Valor_Atualizado_Emissao. Unidade sem reconciliação permanece n/d; pagamentos realizados ficam documentados."
CRI_K1,Série 1,Super Sênior,2025-06-01,230291774.07,n/d,n/d,222578936.56,2190311.42,7484626.67,Realizado,CVM_CRI_2025_CLASSE,Documentado,"Saldo final: saldo agregado reconciliado, controlado por Valor_Atualizado_Emissao. Unidade sem reconciliação permanece n/d; pagamentos realizados ficam documentados."
CRI_K1,Série 1,Super Sênior,2025-07-01,222578936.56,n/d,n/d,215158655.84,1925334.96,7669252.65,Realizado,CVM_CRI_2025_CLASSE,Documentado,"Saldo final: saldo agregado reconciliado, controlado por Valor_Atualizado_Emissao. Unidade sem reconciliação permanece n/d; pagamentos realizados ficam documentados."
CRI_K1,Série 1,Super Sênior,2025-08-01,215158655.84,n/d,n/d,208233487.81,2138935.42,6710142.48,Realizado,CVM_CRI_2025_CLASSE,Documentado,"Saldo final: saldo agregado reconciliado, controlado por Valor_Atualizado_Emissao. Unidade sem reconciliação permanece n/d; pagamentos realizados ficam documentados."
CRI_K1,Série 1,Super Sênior,2025-09-01,208233487.81,n/d,n/d,203328131.07,1890899.1,4971700.1,Realizado,CVM_CRI_2025_CLASSE,Documentado,"Saldo final: saldo agregado reconciliado, controlado por Valor_Atualizado_Emissao. Unidade sem reconciliação permanece n/d; pagamentos realizados ficam documentados."
CRI_K1,Série 1,Super Sênior,2025-10-01,203328131.07,n/d,n/d,195824832.17,1946733.99,5635636.21,Realizado,CVM_CRI_2025_CLASSE,Documentado,"Saldo final: saldo agregado reconciliado, controlado por Valor_Atualizado_Emissao. Unidade sem reconciliação permanece n/d; pagamentos realizados ficam documentados."
CRI_K1,Série 1,Super Sênior,2025-11-01,195824832.17,n/d,n/d,189831329.42,1560297.67,7455913.7,Realizado,CVM_CRI_2025_CLASSE,Documentado,"Saldo final: saldo agregado reconciliado, controlado por Valor_Atualizado_Emissao. Unidade sem reconciliação permanece n/d; pagamentos realizados ficam documentados."
CRI_K1,Série 1,Super Sênior,2025-12-01,189831329.42,n/d,n/d,182586236.81,1657288.31,7855040.84,Realizado,CVM_CRI_2025_CLASSE,Documentado,"Saldo final: saldo agregado reconciliado, controlado por Valor_Atualizado_Emissao. Unidade sem reconciliação permanece n/d; pagamentos realizados ficam documentados."
CRI_K1,Série 1,Super Sênior,2026-01-01,182586236.81,n/d,n/d,174693752.39,1657288.31,7855040.84,Realizado,CVM_CRI_2026_CLASSE,Documentado,"Saldo final: saldo agregado reconciliado, controlado por Valor_Atualizado_Emissao. Unidade sem reconciliação permanece n/d; pagamentos realizados ficam documentados."
CRI_K1,Série 1,Super Sênior,2026-02-01,174693752.39,n/d,n/d,168193777.0,1661517.1,6179415.24,Realizado,CVM_CRI_2026_CLASSE,Documentado,"Saldo final: saldo agregado reconciliado, controlado por Valor_Atualizado_Emissao. Unidade sem reconciliação permanece n/d; pagamentos realizados ficam documentados."
CRI_K1,Série 1,Super Sênior,2026-03-01,168193777.0,n/d,n/d,161843721.0,1469013.83,8139160.69,Realizado,CVM_CRI_2026_CLASSE,Documentado,"Saldo final: saldo agregado reconciliado, controlado por Valor_Atualizado_Emissao. Unidade sem reconciliação permanece n/d; pagamentos realizados ficam documentados."
CRI_K1,Série 1,Super Sênior,2026-04-01,161843721.0,n/d,n/d,153599344.0,1469013.83,8139160.69,Realizado,CVM_CRI_2026_CLASSE,Documentado,"Saldo final: saldo agregado reconciliado, controlado por Valor_Atualizado_Emissao. Unidade sem reconciliação permanece n/d; pagamentos realizados ficam documentados."
CRI_K1,Série 1,Super Sênior,2026-05-01,153599344.0,n/d,n/d,146941328.0,1328078.79,6629295.0,Realizado,CVM_CRI_2026_CLASSE,Documentado,"Saldo final: saldo agregado reconciliado, controlado por Valor_Atualizado_Emissao. Unidade sem reconciliação permanece n/d; pagamentos realizados ficam documentados."
CRI_K1,Série 1,Super Sênior,2026-06-01,146941328.0,n/d,n/d,n/d,1270511.02,7457053.95,Realizado,CVM_CRI_2026_CLASSE,Documentado,"Saldo final: n/d por conflito de unidade, controlado por Valor_Atualizado_Emissao. Unidade sem reconciliação permanece n/d; pagamentos realizados ficam documentados."
CRI_K1,Série 2,Sênior,2024-02-01,n/d,n/d,n/d,90343264.65,0.0,0.0,Realizado,CVM_CRI_2024_CLASSE,Documentado,"Saldo final: saldo agregado; controle total indisponível, controlado por Valor_Atualizado_Emissao. Unidade sem reconciliação permanece n/d; pagamentos realizados ficam documentados. Saldo inicial da primeira competência permanece n/d; Total_Integralizado não foi usado como saldo corrente."
CRI_K1,Série 2,Sênior,2024-03-01,90343264.65,n/d,n/d,91207165.14,0.0,0.0,Realizado,CVM_CRI_2024_CLASSE,Documentado,"Saldo final: saldo agregado; controle total indisponível, controlado por Valor_Atualizado_Emissao. Unidade sem reconciliação permanece n/d; pagamentos realizados ficam documentados."
CRI_K1,Série 2,Sênior,2024-04-01,91207165.14,n/d,n/d,n/d,0.0,0.0,Realizado,CVM_CRI_2024_CLASSE,Documentado,"Saldo final: n/d por conflito de unidade, controlado por Valor_Atualizado_Emissao. Unidade sem reconciliação permanece n/d; pagamentos realizados ficam documentados."
CRI_K1,Série 2,Sênior,2024-05-01,n/d,n/d,n/d,n/d,0.0,0.0,Realizado,CVM_CRI_2024_CLASSE,Documentado,"Saldo final: n/d por conflito de unidade, controlado por Valor_Atualizado_Emissao. Unidade sem reconciliação permanece n/d; pagamentos realizados ficam documentados."
CRI_K1,Série 2,Sênior,2024-06-01,n/d,n/d,n/d,n/d,0.0,0.0,Realizado,CVM_CRI_2024_CLASSE,Documentado,"Saldo final: n/d por conflito de unidade, controlado por Valor_Atualizado_Emissao. Unidade sem reconciliação permanece n/d; pagamentos realizados ficam documentados."
CRI_K1,Série 2,Sênior,2024-07-01,n/d,n/d,n/d,95017500.0,5515722.59,6674909.23,Realizado,CVM_CRI_2024_CLASSE,Documentado,"Saldo final: valor unitário × quantidade reconciliado, controlado por Valor_Atualizado_Emissao. Unidade sem reconciliação permanece n/d; pagamentos realizados ficam documentados."
CRI_K1,Série 2,Sênior,2024-08-01,95017500.0,n/d,n/d,n/d,5515722.59,6674909.23,Realizado,CVM_CRI_2024_CLASSE,Documentado,"Saldo final: n/d por conflito de unidade, controlado por Valor_Atualizado_Emissao. Unidade sem reconciliação permanece n/d; pagamentos realizados ficam documentados."
CRI_K1,Série 2,Sênior,2024-09-01,n/d,n/d,n/d,80325000.0,802869.12,1926928.48,Realizado,CVM_CRI_2024_CLASSE,Documentado,"Saldo final: valor unitário × quantidade reconciliado, controlado por Valor_Atualizado_Emissao. Unidade sem reconciliação permanece n/d; pagamentos realizados ficam documentados."
CRI_K1,Série 2,Sênior,2024-10-01,80325000.0,n/d,n/d,78463494.74,802869.12,1926928.46,Realizado,CVM_CRI_2024_CLASSE,Documentado,"Saldo final: saldo agregado reconciliado, controlado por Valor_Atualizado_Emissao. Unidade sem reconciliação permanece n/d; pagamentos realizados ficam documentados."
CRI_K1,Série 2,Sênior,2024-11-01,78463494.74,n/d,n/d,76247389.68,858546.88,2059046.55,Realizado,CVM_CRI_2024_CLASSE,Documentado,"Saldo final: saldo agregado reconciliado, controlado por Valor_Atualizado_Emissao. Unidade sem reconciliação permanece n/d; pagamentos realizados ficam documentados."
CRI_K1,Série 2,Sênior,2024-12-01,76247389.68,n/d,n/d,74296259.84,689858.08,2014121.95,Realizado,CVM_CRI_2024_CLASSE,Documentado,"Saldo final: saldo agregado reconciliado, controlado por Valor_Atualizado_Emissao. Unidade sem reconciliação permanece n/d; pagamentos realizados ficam documentados."
CRI_K1,Série 2,Sênior,2025-01-01,74296259.84,n/d,n/d,72345819.24,791607.33,1847979.23,Realizado,CVM_CRI_2025_CLASSE,Documentado,"Saldo final: saldo agregado reconciliado, controlado por Valor_Atualizado_Emissao. Unidade sem reconciliação permanece n/d; pagamentos realizados ficam documentados."
CRI_K1,Série 2,Sênior,2025-02-01,72345819.24,n/d,n/d,70386705.31,791607.32,1847979.23,Realizado,CVM_CRI_2025_CLASSE,Documentado,"Saldo final: saldo agregado reconciliado, controlado por Valor_Atualizado_Emissao. Unidade sem reconciliação permanece n/d; pagamentos realizados ficam documentados."
CRI_K1,Série 2,Sênior,2025-03-01,70386705.31,n/d,n/d,68357741.85,602884.59,2052674.02,Realizado,CVM_CRI_2025_CLASSE,Documentado,"Saldo final: saldo agregado reconciliado, controlado por Valor_Atualizado_Emissao. Unidade sem reconciliação permanece n/d; pagamentos realizados ficam documentados."
CRI_K1,Série 2,Sênior,2025-04-01,68357741.85,n/d,n/d,66105084.75,683253.48,2210649.08,Realizado,CVM_CRI_2025_CLASSE,Documentado,"Saldo final: saldo agregado reconciliado, controlado por Valor_Atualizado_Emissao. Unidade sem reconciliação permanece n/d; pagamentos realizados ficam documentados."
CRI_K1,Série 2,Sênior,2025-05-01,66105084.75,n/d,n/d,64000576.59,597809.73,2156134.73,Realizado,CVM_CRI_2025_CLASSE,Documentado,"Saldo final: saldo agregado reconciliado, controlado por Valor_Atualizado_Emissao. Unidade sem reconciliação permanece n/d; pagamentos realizados ficam documentados."
CRI_K1,Série 2,Sênior,2025-06-01,64000576.59,n/d,n/d,61851710.3,670005.28,2079062.96,Realizado,CVM_CRI_2025_CLASSE,Documentado,"Saldo final: saldo agregado reconciliado, controlado por Valor_Atualizado_Emissao. Unidade sem reconciliação permanece n/d; pagamentos realizados ficam documentados."
CRI_K1,Série 2,Sênior,2025-07-01,61851710.3,n/d,n/d,59797522.2,588924.59,2130347.96,Realizado,CVM_CRI_2025_CLASSE,Documentado,"Saldo final: saldo agregado reconciliado, controlado por Valor_Atualizado_Emissao. Unidade sem reconciliação permanece n/d; pagamentos realizados ficam documentados."
CRI_K1,Série 2,Sênior,2025-08-01,59797522.2,n/d,n/d,57867820.97,654303.97,1863928.46,Realizado,CVM_CRI_2025_CLASSE,Documentado,"Saldo final: saldo agregado reconciliado, controlado por Valor_Atualizado_Emissao. Unidade sem reconciliação permanece n/d; pagamentos realizados ficam documentados."
CRI_K1,Série 2,Sênior,2025-09-01,57867820.97,n/d,n/d,56507083.33,578403.98,1381032.81,Realizado,CVM_CRI_2025_CLASSE,Documentado,"Saldo final: saldo agregado reconciliado, controlado por Valor_Atualizado_Emissao. Unidade sem reconciliação permanece n/d; pagamentos realizados ficam documentados."
CRI_K1,Série 2,Sênior,2025-10-01,56507083.33,n/d,n/d,54424210.45,595509.24,1565455.5,Realizado,CVM_CRI_2025_CLASSE,Documentado,"Saldo final: saldo agregado reconciliado, controlado por Valor_Atualizado_Emissao. Unidade sem reconciliação permanece n/d; pagamentos realizados ficam documentados."
CRI_K1,Série 2,Sênior,2025-11-01,54424210.45,n/d,n/d,52749291.83,477256.01,2071087.15,Realizado,CVM_CRI_2025_CLASSE,Documentado,"Saldo final: saldo agregado reconciliado, controlado por Valor_Atualizado_Emissao. Unidade sem reconciliação permanece n/d; pagamentos realizados ficam documentados."
CRI_K1,Série 2,Sênior,2025-12-01,52749291.83,n/d,n/d,50742691.44,506945.17,2181948.0,Realizado,CVM_CRI_2025_CLASSE,Documentado,"Saldo final: saldo agregado reconciliado, controlado por Valor_Atualizado_Emissao. Unidade sem reconciliação permanece n/d; pagamentos realizados ficam documentados."
CRI_K1,Série 2,Sênior,2026-01-01,50742691.44,n/d,n/d,48549292.42,506945.17,2181948.0,Realizado,CVM_CRI_2026_CLASSE,Documentado,"Saldo final: saldo agregado reconciliado, controlado por Valor_Atualizado_Emissao. Unidade sem reconciliação permanece n/d; pagamentos realizados ficam documentados."
CRI_K1,Série 2,Sênior,2026-02-01,48549292.42,n/d,n/d,46734740.0,508249.84,1716504.31,Realizado,CVM_CRI_2026_CLASSE,Documentado,"Saldo final: saldo agregado reconciliado, controlado por Valor_Atualizado_Emissao. Unidade sem reconciliação permanece n/d; pagamentos realizados ficam documentados."
CRI_K1,Série 2,Sênior,2026-03-01,46734740.0,n/d,n/d,44978130.0,449354.29,2260886.63,Realizado,CVM_CRI_2026_CLASSE,Documentado,"Saldo final: saldo agregado reconciliado, controlado por Valor_Atualizado_Emissao. Unidade sem reconciliação permanece n/d; pagamentos realizados ficam documentados."
CRI_K1,Série 2,Sênior,2026-04-01,44978130.0,n/d,n/d,42685062.0,449354.29,2260886.63,Realizado,CVM_CRI_2026_CLASSE,Documentado,"Saldo final: saldo agregado reconciliado, controlado por Valor_Atualizado_Emissao. Unidade sem reconciliação permanece n/d; pagamentos realizados ficam documentados."
CRI_K1,Série 2,Sênior,2026-05-01,42685062.0,n/d,n/d,40834808.0,406234.9,1841470.6,Realizado,CVM_CRI_2026_CLASSE,Documentado,"Saldo final: saldo agregado reconciliado, controlado por Valor_Atualizado_Emissao. Unidade sem reconciliação permanece n/d; pagamentos realizados ficam documentados."
CRI_K1,Série 2,Sênior,2026-06-01,40834808.0,n/d,n/d,n/d,388625.98,2071403.88,Realizado,CVM_CRI_2026_CLASSE,Documentado,"Saldo final: n/d por conflito de unidade, controlado por Valor_Atualizado_Emissao. Unidade sem reconciliação permanece n/d; pagamentos realizados ficam documentados."
CRI_K1,Série 3,Mezanino,2024-02-01,n/d,n/d,n/d,108524295.02,0.0,0.0,Realizado,CVM_CRI_2024_CLASSE,Documentado,"Saldo final: saldo agregado; controle total indisponível, controlado por Valor_Atualizado_Emissao. Unidade sem reconciliação permanece n/d; pagamentos realizados ficam documentados. Saldo inicial da primeira competência permanece n/d; Total_Integralizado não foi usado como saldo corrente."
CRI_K1,Série 3,Mezanino,2024-03-01,108524295.02,n/d,n/d,109846195.03,0.0,0.0,Realizado,CVM_CRI_2024_CLASSE,Documentado,"Saldo final: saldo agregado; controle total indisponível, controlado por Valor_Atualizado_Emissao. Unidade sem reconciliação permanece n/d; pagamentos realizados ficam documentados."
CRI_K1,Série 3,Mezanino,2024-04-01,109846195.03,n/d,n/d,n/d,0.0,0.0,Realizado,CVM_CRI_2024_CLASSE,Documentado,"Saldo final: n/d por conflito de unidade, controlado por Valor_Atualizado_Emissao. Unidade sem reconciliação permanece n/d; pagamentos realizados ficam documentados."
CRI_K1,Série 3,Mezanino,2024-05-01,n/d,n/d,n/d,n/d,0.0,0.0,Realizado,CVM_CRI_2024_CLASSE,Documentado,"Saldo final: n/d por conflito de unidade, controlado por Valor_Atualizado_Emissao. Unidade sem reconciliação permanece n/d; pagamentos realizados ficam documentados."
CRI_K1,Série 3,Mezanino,2024-06-01,n/d,n/d,n/d,n/d,0.0,0.0,Realizado,CVM_CRI_2024_CLASSE,Documentado,"Saldo final: n/d por conflito de unidade, controlado por Valor_Atualizado_Emissao. Unidade sem reconciliação permanece n/d; pagamentos realizados ficam documentados."
CRI_K1,Série 3,Mezanino,2024-07-01,n/d,n/d,n/d,115716600.0,0.0,0.0,Realizado,CVM_CRI_2024_CLASSE,Documentado,"Saldo final: valor unitário × quantidade reconciliado, controlado por Valor_Atualizado_Emissao. Unidade sem reconciliação permanece n/d; pagamentos realizados ficam documentados."
CRI_K1,Série 3,Mezanino,2024-08-01,115716600.0,n/d,n/d,n/d,0.0,0.0,Realizado,CVM_CRI_2024_CLASSE,Documentado,"Saldo final: n/d por conflito de unidade, controlado por Valor_Atualizado_Emissao. Unidade sem reconciliação permanece n/d; pagamentos realizados ficam documentados."
CRI_K1,Série 3,Mezanino,2024-09-01,n/d,n/d,n/d,117959760.0,1500018.48,6511864.98,Realizado,CVM_CRI_2024_CLASSE,Documentado,"Saldo final: valor unitário × quantidade reconciliado, controlado por Valor_Atualizado_Emissao. Unidade sem reconciliação permanece n/d; pagamentos realizados ficam documentados."
CRI_K1,Série 3,Mezanino,2024-10-01,117959760.0,n/d,n/d,111543072.08,1500018.48,6511864.98,Realizado,CVM_CRI_2024_CLASSE,Documentado,"Saldo final: saldo agregado reconciliado, controlado por Valor_Atualizado_Emissao. Unidade sem reconciliação permanece n/d; pagamentos realizados ficam documentados."
CRI_K1,Série 3,Mezanino,2024-11-01,111543072.08,n/d,n/d,105796194.05,1552574.52,5450651.64,Realizado,CVM_CRI_2024_CLASSE,Documentado,"Saldo final: saldo agregado reconciliado, controlado por Valor_Atualizado_Emissao. Unidade sem reconciliação permanece n/d; pagamentos realizados ficam documentados."
CRI_K1,Série 3,Mezanino,2024-12-01,105796194.05,n/d,n/d,101491975.69,1217952.53,4405633.71,Realizado,CVM_CRI_2024_CLASSE,Documentado,"Saldo final: saldo agregado reconciliado, controlado por Valor_Atualizado_Emissao. Unidade sem reconciliação permanece n/d; pagamentos realizados ficam documentados."
CRI_K1,Série 3,Mezanino,2025-01-01,101491975.69,n/d,n/d,95621679.06,1330963.72,5562005.28,Realizado,CVM_CRI_2025_CLASSE,Documentado,"Saldo final: saldo agregado reconciliado, controlado por Valor_Atualizado_Emissao. Unidade sem reconciliação permanece n/d; pagamentos realizados ficam documentados."
CRI_K1,Série 3,Mezanino,2025-02-01,95621679.06,n/d,n/d,89855790.64,1330963.71,5562005.28,Realizado,CVM_CRI_2025_CLASSE,Documentado,"Saldo final: saldo agregado reconciliado, controlado por Valor_Atualizado_Emissao. Unidade sem reconciliação permanece n/d; pagamentos realizados ficam documentados."
CRI_K1,Série 3,Mezanino,2025-03-01,89855790.64,n/d,n/d,85181471.84,979108.14,4700190.77,Realizado,CVM_CRI_2025_CLASSE,Documentado,"Saldo final: saldo agregado reconciliado, controlado por Valor_Atualizado_Emissao. Unidade sem reconciliação permanece n/d; pagamentos realizados ficam documentados."
CRI_K1,Série 3,Mezanino,2025-04-01,85181471.84,n/d,n/d,81417338.95,1083200.33,3692411.61,Realizado,CVM_CRI_2025_CLASSE,Documentado,"Saldo final: saldo agregado reconciliado, controlado por Valor_Atualizado_Emissao. Unidade sem reconciliação permanece n/d; pagamentos realizados ficam documentados."
CRI_K1,Série 3,Mezanino,2025-05-01,81417338.95,n/d,n/d,77146999.02,936729.76,4339976.46,Realizado,CVM_CRI_2025_CLASSE,Documentado,"Saldo final: saldo agregado reconciliado, controlado por Valor_Atualizado_Emissao. Unidade sem reconciliação permanece n/d; pagamentos realizados ficam documentados."
CRI_K1,Série 3,Mezanino,2025-06-01,77146999.02,n/d,n/d,74308612.03,1027436.28,2730126.05,Realizado,CVM_CRI_2025_CLASSE,Documentado,"Saldo final: saldo agregado reconciliado, controlado por Valor_Atualizado_Emissao. Unidade sem reconciliação permanece n/d; pagamentos realizados ficam documentados."
CRI_K1,Série 3,Mezanino,2025-07-01,74308612.03,n/d,n/d,71868628.25,900211.73,2556417.55,Realizado,CVM_CRI_2025_CLASSE,Documentado,"Saldo final: saldo agregado reconciliado, controlado por Valor_Atualizado_Emissao. Unidade sem reconciliação permanece n/d; pagamentos realizados ficam documentados."
CRI_K1,Série 3,Mezanino,2025-08-01,71868628.25,n/d,n/d,69531373.55,1000343.62,2236714.16,Realizado,CVM_CRI_2025_CLASSE,Documentado,"Saldo final: saldo agregado reconciliado, controlado por Valor_Atualizado_Emissao. Unidade sem reconciliação permanece n/d; pagamentos realizados ficam documentados."
CRI_K1,Série 3,Mezanino,2025-09-01,69531373.55,n/d,n/d,67905165.86,884187.66,1657239.36,Realizado,CVM_CRI_2025_CLASSE,Documentado,"Saldo final: saldo agregado reconciliado, controlado por Valor_Atualizado_Emissao. Unidade sem reconciliação permanece n/d; pagamentos realizados ficam documentados."
CRI_K1,Série 3,Mezanino,2025-10-01,67905165.86,n/d,n/d,65410625.79,910454.3,1878546.59,Realizado,CVM_CRI_2025_CLASSE,Documentado,"Saldo final: saldo agregado reconciliado, controlado por Valor_Atualizado_Emissao. Unidade sem reconciliação permanece n/d; pagamentos realizados ficam documentados."
CRI_K1,Série 3,Mezanino,2025-11-01,65410625.79,n/d,n/d,63364764.73,729471.19,2485304.58,Realizado,CVM_CRI_2025_CLASSE,Documentado,"Saldo final: saldo agregado reconciliado, controlado por Valor_Atualizado_Emissao. Unidade sem reconciliação permanece n/d; pagamentos realizados ficam documentados."
CRI_K1,Série 3,Mezanino,2025-12-01,63364764.73,n/d,n/d,60978034.53,774950.86,2618355.63,Realizado,CVM_CRI_2025_CLASSE,Documentado,"Saldo final: saldo agregado reconciliado, controlado por Valor_Atualizado_Emissao. Unidade sem reconciliação permanece n/d; pagamentos realizados ficam documentados."
CRI_K1,Série 3,Mezanino,2026-01-01,60978034.53,n/d,n/d,58342185.35,774950.86,2618355.63,Realizado,CVM_CRI_2026_CLASSE,Documentado,"Saldo final: saldo agregado reconciliado, controlado por Valor_Atualizado_Emissao. Unidade sem reconciliação permanece n/d; pagamentos realizados ficam documentados."
CRI_K1,Série 3,Mezanino,2026-02-01,58342185.35,n/d,n/d,56132551.0,776995.59,2059787.15,Realizado,CVM_CRI_2026_CLASSE,Documentado,"Saldo final: saldo agregado reconciliado, controlado por Valor_Atualizado_Emissao. Unidade sem reconciliação permanece n/d; pagamentos realizados ficam documentados."
CRI_K1,Série 3,Mezanino,2026-03-01,56132551.0,n/d,n/d,54050700.0,686913.52,2713063.95,Realizado,CVM_CRI_2026_CLASSE,Documentado,"Saldo final: saldo agregado reconciliado, controlado por Valor_Atualizado_Emissao. Unidade sem reconciliação permanece n/d; pagamentos realizados ficam documentados."
CRI_K1,Série 3,Mezanino,2026-04-01,54050700.0,n/d,n/d,51288452.0,686913.52,2713063.95,Realizado,CVM_CRI_2026_CLASSE,Documentado,"Saldo final: saldo agregado reconciliado, controlado por Valor_Atualizado_Emissao. Unidade sem reconciliação permanece n/d; pagamentos realizados ficam documentados."
CRI_K1,Série 3,Mezanino,2026-05-01,51288452.0,n/d,n/d,49065270.0,620957.98,2209764.73,Realizado,CVM_CRI_2026_CLASSE,Documentado,"Saldo final: saldo agregado reconciliado, controlado por Valor_Atualizado_Emissao. Unidade sem reconciliação permanece n/d; pagamentos realizados ficam documentados."
CRI_K1,Série 3,Mezanino,2026-06-01,49065270.0,n/d,n/d,n/d,594041.54,2485684.66,Realizado,CVM_CRI_2026_CLASSE,Documentado,"Saldo final: n/d por conflito de unidade, controlado por Valor_Atualizado_Emissao. Unidade sem reconciliação permanece n/d; pagamentos realizados ficam documentados."
CRI_K1,Série 4,Subordinada,2024-02-01,n/d,n/d,n/d,30181697.59,0.0,0.0,Realizado,CVM_CRI_2024_CLASSE,Documentado,"Saldo final: saldo agregado; controle total indisponível, controlado por Valor_Atualizado_Emissao. Unidade sem reconciliação permanece n/d; pagamentos realizados ficam documentados. Saldo inicial da primeira competência permanece n/d; Total_Integralizado não foi usado como saldo corrente."
CRI_K1,Série 4,Subordinada,2024-03-01,30181697.59,n/d,n/d,30640770.69,0.0,0.0,Realizado,CVM_CRI_2024_CLASSE,Documentado,"Saldo final: saldo agregado; controle total indisponível, controlado por Valor_Atualizado_Emissao. Unidade sem reconciliação permanece n/d; pagamentos realizados ficam documentados."
CRI_K1,Série 4,Subordinada,2024-04-01,30640770.69,n/d,n/d,n/d,0.0,0.0,Realizado,CVM_CRI_2024_CLASSE,Documentado,"Saldo final: n/d por conflito de unidade, controlado por Valor_Atualizado_Emissao. Unidade sem reconciliação permanece n/d; pagamentos realizados ficam documentados."
CRI_K1,Série 4,Subordinada,2024-05-01,n/d,n/d,n/d,n/d,0.0,0.0,Realizado,CVM_CRI_2024_CLASSE,Documentado,"Saldo final: n/d por conflito de unidade, controlado por Valor_Atualizado_Emissao. Unidade sem reconciliação permanece n/d; pagamentos realizados ficam documentados."
CRI_K1,Série 4,Subordinada,2024-06-01,n/d,n/d,n/d,n/d,0.0,0.0,Realizado,CVM_CRI_2024_CLASSE,Documentado,"Saldo final: n/d por conflito de unidade, controlado por Valor_Atualizado_Emissao. Unidade sem reconciliação permanece n/d; pagamentos realizados ficam documentados."
CRI_K1,Série 4,Subordinada,2024-07-01,n/d,n/d,n/d,32695799.999999996,0.0,0.0,Realizado,CVM_CRI_2024_CLASSE,Documentado,"Saldo final: valor unitário × quantidade reconciliado, controlado por Valor_Atualizado_Emissao. Unidade sem reconciliação permanece n/d; pagamentos realizados ficam documentados."
CRI_K1,Série 4,Subordinada,2024-08-01,32695799.999999996,n/d,n/d,n/d,0.0,0.0,Realizado,CVM_CRI_2024_CLASSE,Documentado,"Saldo final: n/d por conflito de unidade, controlado por Valor_Atualizado_Emissao. Unidade sem reconciliação permanece n/d; pagamentos realizados ficam documentados."
CRI_K1,Série 4,Subordinada,2024-09-01,n/d,n/d,n/d,33774300.0,0.0,0.0,Realizado,CVM_CRI_2024_CLASSE,Documentado,"Saldo final: valor unitário × quantidade reconciliado, controlado por Valor_Atualizado_Emissao. Unidade sem reconciliação permanece n/d; pagamentos realizados ficam documentados."
CRI_K1,Série 4,Subordinada,2024-10-01,33774300.0,n/d,n/d,34365720.18,0.0,0.0,Realizado,CVM_CRI_2024_CLASSE,Documentado,"Saldo final: saldo agregado reconciliado, controlado por Valor_Atualizado_Emissao. Unidade sem reconciliação permanece n/d; pagamentos realizados ficam documentados."
CRI_K1,Série 4,Subordinada,2024-11-01,34365720.18,n/d,n/d,34862110.11,0.0,0.0,Realizado,CVM_CRI_2024_CLASSE,Documentado,"Saldo final: saldo agregado reconciliado, controlado por Valor_Atualizado_Emissao. Unidade sem reconciliação permanece n/d; pagamentos realizados ficam documentados."
CRI_K1,Série 4,Subordinada,2024-12-01,34862110.11,n/d,n/d,35419097.64,0.0,0.0,Realizado,CVM_CRI_2024_CLASSE,Documentado,"Saldo final: saldo agregado reconciliado, controlado por Valor_Atualizado_Emissao. Unidade sem reconciliação permanece n/d; pagamentos realizados ficam documentados."
CRI_K1,Série 4,Subordinada,2025-01-01,35419097.64,n/d,n/d,36012155.49,0.0,0.0,Realizado,CVM_CRI_2025_CLASSE,Documentado,"Saldo final: saldo agregado reconciliado, controlado por Valor_Atualizado_Emissao. Unidade sem reconciliação permanece n/d; pagamentos realizados ficam documentados."
CRI_K1,Série 4,Subordinada,2025-02-01,36012155.49,n/d,n/d,36559911.72,0.0,0.0,Realizado,CVM_CRI_2025_CLASSE,Documentado,"Saldo final: saldo agregado reconciliado, controlado por Valor_Atualizado_Emissao. Unidade sem reconciliação permanece n/d; pagamentos realizados ficam documentados."
CRI_K1,Série 4,Subordinada,2025-03-01,36559911.72,n/d,n/d,37087995.27,0.0,0.0,Realizado,CVM_CRI_2025_CLASSE,Documentado,"Saldo final: saldo agregado reconciliado, controlado por Valor_Atualizado_Emissao. Unidade sem reconciliação permanece n/d; pagamentos realizados ficam documentados."
CRI_K1,Série 4,Subordinada,2025-04-01,37087995.27,n/d,n/d,37652115.32,0.0,0.0,Realizado,CVM_CRI_2025_CLASSE,Documentado,"Saldo final: saldo agregado reconciliado, controlado por Valor_Atualizado_Emissao. Unidade sem reconciliação permanece n/d; pagamentos realizados ficam documentados."
CRI_K1,Série 4,Subordinada,2025-05-01,37652115.32,n/d,n/d,38253678.47,0.0,0.0,Realizado,CVM_CRI_2025_CLASSE,Documentado,"Saldo final: saldo agregado reconciliado, controlado por Valor_Atualizado_Emissao. Unidade sem reconciliação permanece n/d; pagamentos realizados ficam documentados."
CRI_K1,Série 4,Subordinada,2025-06-01,38253678.47,n/d,n/d,36114840.91,2702268.73,0.0,Realizado,CVM_CRI_2025_CLASSE,Documentado,"Saldo final: saldo agregado reconciliado, controlado por Valor_Atualizado_Emissao. Unidade sem reconciliação permanece n/d; pagamentos realizados ficam documentados."
CRI_K1,Série 4,Subordinada,2025-07-01,36114840.91,n/d,n/d,28704343.84,545599.17,7424811.54,Realizado,CVM_CRI_2025_CLASSE,Documentado,"Saldo final: saldo agregado reconciliado, controlado por Valor_Atualizado_Emissao. Unidade sem reconciliação permanece n/d; pagamentos realizados ficam documentados."
CRI_K1,Série 4,Subordinada,2025-08-01,28704343.84,n/d,n/d,25769520.93,498130.44,2869781.32,Realizado,CVM_CRI_2025_CLASSE,Documentado,"Saldo final: saldo agregado reconciliado, controlado por Valor_Atualizado_Emissao. Unidade sem reconciliação permanece n/d; pagamentos realizados ficam documentados."
CRI_K1,Série 4,Subordinada,2025-09-01,25769520.93,n/d,n/d,20709151.18,408620.51,5037826.05,Realizado,CVM_CRI_2025_CLASSE,Documentado,"Saldo final: saldo agregado reconciliado, controlado por Valor_Atualizado_Emissao. Unidade sem reconciliação permanece n/d; pagamentos realizados ficam documentados."
CRI_K1,Série 4,Subordinada,2025-10-01,20709151.18,n/d,n/d,19373548.63,336205.36,1682576.18,Realizado,CVM_CRI_2025_CLASSE,Documentado,"Saldo final: saldo agregado reconciliado, controlado por Valor_Atualizado_Emissao. Unidade sem reconciliação permanece n/d; pagamentos realizados ficam documentados."
CRI_K1,Série 4,Subordinada,2025-11-01,19373548.63,n/d,n/d,17622378.15,253011.11,690362.38,Realizado,CVM_CRI_2025_CLASSE,Documentado,"Saldo final: saldo agregado reconciliado, controlado por Valor_Atualizado_Emissao. Unidade sem reconciliação permanece n/d; pagamentos realizados ficam documentados."
CRI_K1,Série 4,Subordinada,2025-12-01,17622378.15,n/d,n/d,16966208.85,268825.73,727322.41,Realizado,CVM_CRI_2025_CLASSE,Documentado,"Saldo final: saldo agregado reconciliado, controlado por Valor_Atualizado_Emissao. Unidade sem reconciliação permanece n/d; pagamentos realizados ficam documentados."
CRI_K1,Série 4,Subordinada,2026-01-01,16966208.85,n/d,n/d,16232822.57,268825.73,727322.41,Realizado,CVM_CRI_2026_CLASSE,Documentado,"Saldo final: saldo agregado reconciliado, controlado por Valor_Atualizado_Emissao. Unidade sem reconciliação permanece n/d; pagamentos realizados ficam documentados."
CRI_K1,Série 4,Subordinada,2026-02-01,16232822.57,n/d,n/d,15608694.0,269555.24,572161.69,Realizado,CVM_CRI_2026_CLASSE,Documentado,"Saldo final: saldo agregado reconciliado, controlado por Valor_Atualizado_Emissao. Unidade sem reconciliação permanece n/d; pagamentos realizados ficam documentados."
CRI_K1,Série 4,Subordinada,2026-03-01,15608694.0,n/d,n/d,15038784.0,238286.11,753628.88,Realizado,CVM_CRI_2026_CLASSE,Documentado,"Saldo final: saldo agregado reconciliado, controlado por Valor_Atualizado_Emissao. Unidade sem reconciliação permanece n/d; pagamentos realizados ficam documentados."
CRI_K1,Série 4,Subordinada,2026-04-01,15038784.0,n/d,n/d,14268098.0,238286.11,753628.88,Realizado,CVM_CRI_2026_CLASSE,Documentado,"Saldo final: saldo agregado reconciliado, controlado por Valor_Atualizado_Emissao. Unidade sem reconciliação permanece n/d; pagamentos realizados ficam documentados."
CRI_K1,Série 4,Subordinada,2026-05-01,14268098.0,n/d,n/d,13649624.0,215390.37,613823.53,Realizado,CVM_CRI_2026_CLASSE,Documentado,"Saldo final: saldo agregado reconciliado, controlado por Valor_Atualizado_Emissao. Unidade sem reconciliação permanece n/d; pagamentos realizados ficam documentados."
CRI_K1,Série 4,Subordinada,2026-06-01,13649624.0,n/d,n/d,n/d,206053.92,690467.95,Realizado,CVM_CRI_2026_CLASSE,Documentado,"Saldo final: n/d por conflito de unidade, controlado por Valor_Atualizado_Emissao. Unidade sem reconciliação permanece n/d; pagamentos realizados ficam documentados."
CRI_K1,Série 5,Júnior/Subordinada,2024-02-01,n/d,n/d,n/d,12035877.0,0.0,0.0,Realizado,CVM_CRI_2024_CLASSE,Documentado,"Saldo final: saldo agregado; controle total indisponível, controlado por Valor_Atualizado_Emissao. Unidade sem reconciliação permanece n/d; pagamentos realizados ficam documentados. Saldo inicial da primeira competência permanece n/d; Total_Integralizado não foi usado como saldo corrente."
CRI_K1,Série 5,Júnior/Subordinada,2024-03-01,12035877.0,n/d,n/d,12126039.5,0.0,0.0,Realizado,CVM_CRI_2024_CLASSE,Documentado,"Saldo final: saldo agregado; controle total indisponível, controlado por Valor_Atualizado_Emissao. Unidade sem reconciliação permanece n/d; pagamentos realizados ficam documentados."
CRI_K1,Série 5,Júnior/Subordinada,2024-04-01,12126039.5,n/d,n/d,n/d,0.0,0.0,Realizado,CVM_CRI_2024_CLASSE,Documentado,"Saldo final: n/d por conflito de unidade, controlado por Valor_Atualizado_Emissao. Unidade sem reconciliação permanece n/d; pagamentos realizados ficam documentados."
CRI_K1,Série 5,Júnior/Subordinada,2024-05-01,n/d,n/d,n/d,n/d,0.0,0.0,Realizado,CVM_CRI_2024_CLASSE,Documentado,"Saldo final: n/d por conflito de unidade, controlado por Valor_Atualizado_Emissao. Unidade sem reconciliação permanece n/d; pagamentos realizados ficam documentados."
CRI_K1,Série 5,Júnior/Subordinada,2024-06-01,n/d,n/d,n/d,n/d,0.0,0.0,Realizado,CVM_CRI_2024_CLASSE,Documentado,"Saldo final: n/d por conflito de unidade, controlado por Valor_Atualizado_Emissao. Unidade sem reconciliação permanece n/d; pagamentos realizados ficam documentados."
CRI_K1,Série 5,Júnior/Subordinada,2024-07-01,n/d,n/d,n/d,12521520.0,0.0,0.0,Realizado,CVM_CRI_2024_CLASSE,Documentado,"Saldo final: valor unitário × quantidade reconciliado, controlado por Valor_Atualizado_Emissao. Unidade sem reconciliação permanece n/d; pagamentos realizados ficam documentados."
CRI_K1,Série 5,Júnior/Subordinada,2024-08-01,12521520.0,n/d,n/d,n/d,0.0,0.0,Realizado,CVM_CRI_2024_CLASSE,Documentado,"Saldo final: n/d por conflito de unidade, controlado por Valor_Atualizado_Emissao. Unidade sem reconciliação permanece n/d; pagamentos realizados ficam documentados."
CRI_K1,Série 5,Júnior/Subordinada,2024-09-01,n/d,n/d,n/d,12724079.999999998,0.0,0.0,Realizado,CVM_CRI_2024_CLASSE,Documentado,"Saldo final: valor unitário × quantidade reconciliado, controlado por Valor_Atualizado_Emissao. Unidade sem reconciliação permanece n/d; pagamentos realizados ficam documentados."
CRI_K1,Série 5,Júnior/Subordinada,2024-10-01,12724079.999999998,n/d,n/d,12833714.84,0.0,0.0,Realizado,CVM_CRI_2024_CLASSE,Documentado,"Saldo final: saldo agregado reconciliado, controlado por Valor_Atualizado_Emissao. Unidade sem reconciliação permanece n/d; pagamentos realizados ficam documentados."
CRI_K1,Série 5,Júnior/Subordinada,2024-11-01,12833714.84,n/d,n/d,12925030.03,0.0,0.0,Realizado,CVM_CRI_2024_CLASSE,Documentado,"Saldo final: saldo agregado reconciliado, controlado por Valor_Atualizado_Emissao. Unidade sem reconciliação permanece n/d; pagamentos realizados ficam documentados."
CRI_K1,Série 5,Júnior/Subordinada,2024-12-01,12925030.03,n/d,n/d,13026713.46,0.0,0.0,Realizado,CVM_CRI_2024_CLASSE,Documentado,"Saldo final: saldo agregado reconciliado, controlado por Valor_Atualizado_Emissao. Unidade sem reconciliação permanece n/d; pagamentos realizados ficam documentados."
CRI_K1,Série 5,Júnior/Subordinada,2025-01-01,13026713.46,n/d,n/d,13134097.07,0.0,0.0,Realizado,CVM_CRI_2025_CLASSE,Documentado,"Saldo final: saldo agregado reconciliado, controlado por Valor_Atualizado_Emissao. Unidade sem reconciliação permanece n/d; pagamentos realizados ficam documentados."
CRI_K1,Série 5,Júnior/Subordinada,2025-02-01,13134097.07,n/d,n/d,13232486.49,0.0,0.0,Realizado,CVM_CRI_2025_CLASSE,Documentado,"Saldo final: saldo agregado reconciliado, controlado por Valor_Atualizado_Emissao. Unidade sem reconciliação permanece n/d; pagamentos realizados ficam documentados."
CRI_K1,Série 5,Júnior/Subordinada,2025-03-01,13232486.49,n/d,n/d,13326639.05,0.0,0.0,Realizado,CVM_CRI_2025_CLASSE,Documentado,"Saldo final: saldo agregado reconciliado, controlado por Valor_Atualizado_Emissao. Unidade sem reconciliação permanece n/d; pagamentos realizados ficam documentados."
CRI_K1,Série 5,Júnior/Subordinada,2025-04-01,13326639.05,n/d,n/d,13426470.84,0.0,0.0,Realizado,CVM_CRI_2025_CLASSE,Documentado,"Saldo final: saldo agregado reconciliado, controlado por Valor_Atualizado_Emissao. Unidade sem reconciliação permanece n/d; pagamentos realizados ficam documentados."
CRI_K1,Série 5,Júnior/Subordinada,2025-05-01,13426470.84,n/d,n/d,13532099.19,0.0,0.0,Realizado,CVM_CRI_2025_CLASSE,Documentado,"Saldo final: saldo agregado reconciliado, controlado por Valor_Atualizado_Emissao. Unidade sem reconciliação permanece n/d; pagamentos realizados ficam documentados."
CRI_K1,Série 5,Júnior/Subordinada,2025-06-01,13532099.19,n/d,n/d,13633470.1,0.0,0.0,Realizado,CVM_CRI_2025_CLASSE,Documentado,"Saldo final: saldo agregado reconciliado, controlado por Valor_Atualizado_Emissao. Unidade sem reconciliação permanece n/d; pagamentos realizados ficam documentados."
CRI_K1,Série 5,Júnior/Subordinada,2025-07-01,13633470.1,n/d,n/d,13750985.8,0.0,0.0,Realizado,CVM_CRI_2025_CLASSE,Documentado,"Saldo final: saldo agregado reconciliado, controlado por Valor_Atualizado_Emissao. Unidade sem reconciliação permanece n/d; pagamentos realizados ficam documentados."
CRI_K1,Série 5,Júnior/Subordinada,2025-08-01,13750985.8,n/d,n/d,13859167.16,0.0,0.0,Realizado,CVM_CRI_2025_CLASSE,Documentado,"Saldo final: saldo agregado reconciliado, controlado por Valor_Atualizado_Emissao. Unidade sem reconciliação permanece n/d; pagamentos realizados ficam documentados."
CRI_K1,Série 5,Júnior/Subordinada,2025-09-01,13859167.16,n/d,n/d,13973412.97,0.0,0.0,Realizado,CVM_CRI_2025_CLASSE,Documentado,"Saldo final: saldo agregado reconciliado, controlado por Valor_Atualizado_Emissao. Unidade sem reconciliação permanece n/d; pagamentos realizados ficam documentados."
CRI_K1,Série 5,Júnior/Subordinada,2025-10-01,13973412.97,n/d,n/d,14093858.85,2151829.85,0.0,Realizado,CVM_CRI_2025_CLASSE,Documentado,"Saldo final: saldo agregado reconciliado, controlado por Valor_Atualizado_Emissao. Unidade sem reconciliação permanece n/d; pagamentos realizados ficam documentados."
CRI_K1,Série 5,Júnior/Subordinada,2025-11-01,14093858.85,n/d,n/d,12035877.01,85383.1,0.0,Realizado,CVM_CRI_2025_CLASSE,Documentado,"Saldo final: saldo agregado reconciliado, controlado por Valor_Atualizado_Emissao. Unidade sem reconciliação permanece n/d; pagamentos realizados ficam documentados."
CRI_K1,Série 5,Júnior/Subordinada,2025-12-01,12035877.01,n/d,n/d,12049358.52,94406.06,0.0,Realizado,CVM_CRI_2025_CLASSE,Documentado,"Saldo final: saldo agregado reconciliado, controlado por Valor_Atualizado_Emissao. Unidade sem reconciliação permanece n/d; pagamentos realizados ficam documentados."
CRI_K1,Série 5,Júnior/Subordinada,2026-01-01,12049358.52,n/d,n/d,12049358.52,94406.06,0.0,Realizado,CVM_CRI_2026_CLASSE,Documentado,"Saldo final: saldo agregado reconciliado, controlado por Valor_Atualizado_Emissao. Unidade sem reconciliação permanece n/d; pagamentos realizados ficam documentados."
CRI_K1,Série 5,Júnior/Subordinada,2026-02-01,12049358.52,n/d,n/d,12031387.0,98920.07,0.0,Realizado,CVM_CRI_2026_CLASSE,Documentado,"Saldo final: saldo agregado reconciliado, controlado por Valor_Atualizado_Emissao. Unidade sem reconciliação permanece n/d; pagamentos realizados ficam documentados."
CRI_K1,Série 5,Júnior/Subordinada,2026-03-01,12031387.0,n/d,n/d,12049359.0,94406.06,0.0,Realizado,CVM_CRI_2026_CLASSE,Documentado,"Saldo final: saldo agregado reconciliado, controlado por Valor_Atualizado_Emissao. Unidade sem reconciliação permanece n/d; pagamentos realizados ficam documentados."
CRI_K1,Série 5,Júnior/Subordinada,2026-04-01,12049359.0,n/d,n/d,12044863.0,94406.06,0.0,Realizado,CVM_CRI_2026_CLASSE,Documentado,"Saldo final: saldo agregado reconciliado, controlado por Valor_Atualizado_Emissao. Unidade sem reconciliação permanece n/d; pagamentos realizados ficam documentados."
CRI_K1,Série 5,Júnior/Subordinada,2026-05-01,12044863.0,n/d,n/d,12044863.0,89893.74,0.0,Realizado,CVM_CRI_2026_CLASSE,Documentado,"Saldo final: saldo agregado reconciliado, controlado por Valor_Atualizado_Emissao. Unidade sem reconciliação permanece n/d; pagamentos realizados ficam documentados."
CRI_K1,Série 5,Júnior/Subordinada,2026-06-01,12044863.0,n/d,n/d,n/d,89893.74,0.0,Realizado,CVM_CRI_2026_CLASSE,Documentado,"Saldo final: n/d por conflito de unidade, controlado por Valor_Atualizado_Emissao. Unidade sem reconciliação permanece n/d; pagamentos realizados ficam documentados."
CRI_K1,Série 1,Super Sênior,2031-01-15,n/d,n/d,n/d,n/d,n/d,n/d,Projetado,ANX_CRI1_PROSP_20240216,n/d,Curva contratual mensal completa não localizada; a data de vencimento não foi transformada em projeção bullet.
CRI_K1,Série 2,Sênior,2032-01-15,n/d,n/d,n/d,n/d,n/d,n/d,Projetado,ANX_CRI1_PROSP_20240216,n/d,Curva contratual mensal completa não localizada; a data de vencimento não foi transformada em projeção bullet.
CRI_K1,Série 3,Mezanino,2034-01-15,n/d,n/d,n/d,n/d,n/d,n/d,Projetado,ANX_CRI1_PROSP_20240216,n/d,Curva contratual mensal completa não localizada; a data de vencimento não foi transformada em projeção bullet.
CRI_K1,Série 4,Subordinada,2034-01-15,n/d,n/d,n/d,n/d,n/d,n/d,Projetado,ANX_CRI1_PROSP_20240216,n/d,Curva contratual mensal completa não localizada; a data de vencimento não foi transformada em projeção bullet.
CRI_K1,Série 5,Júnior/Subordinada,2036-01-15,n/d,n/d,n/d,n/d,n/d,n/d,Projetado,ANX_CRI1_PROSP_20240216,n/d,Curva contratual mensal completa não localizada; a data de vencimento não foi transformada em projeção bullet.
CRI_K2,Série 1,Super Sênior,2024-06-01,n/d,n/d,n/d,488221500.0,0.0,0.0,Realizado,CVM_CRI_2024_CLASSE,Documentado,"Saldo final: valor unitário × quantidade reconciliado, controlado por Valor_Atualizado_Emissao. Unidade sem reconciliação permanece n/d; pagamentos realizados ficam documentados. Saldo inicial da primeira competência permanece n/d; Total_Integralizado não foi usado como saldo corrente."
CRI_K2,Série 1,Super Sênior,2024-07-01,488221500.0,n/d,n/d,493769250.0,0.0,0.0,Realizado,CVM_CRI_2024_CLASSE,Documentado,"Saldo final: valor unitário × quantidade reconciliado, controlado por Valor_Atualizado_Emissao. Unidade sem reconciliação permanece n/d; pagamentos realizados ficam documentados."
CRI_K2,Série 1,Super Sênior,2024-08-01,493769250.0,n/d,n/d,499141500.0,0.0,0.0,Realizado,CVM_CRI_2024_CLASSE,Documentado,"Saldo final: valor unitário × quantidade reconciliado, controlado por Valor_Atualizado_Emissao. Unidade sem reconciliação permanece n/d; pagamentos realizados ficam documentados."
CRI_K2,Série 1,Super Sênior,2024-09-01,499141500.0,n/d,n/d,461974500.0,4757817.89,18549205.06,Realizado,CVM_CRI_2024_CLASSE,Documentado,"Saldo final: valor unitário × quantidade reconciliado, controlado por Valor_Atualizado_Emissao. Unidade sem reconciliação permanece n/d; pagamentos realizados ficam documentados."
CRI_K2,Série 1,Super Sênior,2024-10-01,461974500.0,n/d,n/d,443715152.16,10576234.12,12730788.83,Realizado,CVM_CRI_2024_CLASSE,Documentado,"Saldo final: saldo agregado reconciliado, controlado por Valor_Atualizado_Emissao. Unidade sem reconciliação permanece n/d; pagamentos realizados ficam documentados."
CRI_K2,Série 1,Super Sênior,2024-11-01,443715152.16,n/d,n/d,434935373.73,5002524.46,7856597.01,Realizado,CVM_CRI_2024_CLASSE,Documentado,"Saldo final: saldo agregado reconciliado, controlado por Valor_Atualizado_Emissao. Unidade sem reconciliação permanece n/d; pagamentos realizados ficam documentados."
CRI_K2,Série 1,Super Sênior,2024-12-01,434935373.73,n/d,n/d,422577632.86,4054729.09,12685505.85,Realizado,CVM_CRI_2024_CLASSE,Documentado,"Saldo final: saldo agregado reconciliado, controlado por Valor_Atualizado_Emissao. Unidade sem reconciliação permanece n/d; pagamentos realizados ficam documentados."
CRI_K2,Série 1,Super Sênior,2025-01-01,422577632.86,n/d,n/d,n/d,4352072.58,7764384.24,Realizado,CVM_CRI_2025_CLASSE,Documentado,"Saldo final: n/d, controlado por Valor_Atualizado_Emissao. Unidade sem reconciliação permanece n/d; pagamentos realizados ficam documentados."
CRI_K2,Série 1,Super Sênior,2025-02-01,n/d,n/d,n/d,n/d,4475982.49,7895395.86,Realizado,CVM_CRI_2025_CLASSE,Documentado,"Saldo final: n/d por conflito de unidade, controlado por Valor_Atualizado_Emissao. Unidade sem reconciliação permanece n/d; pagamentos realizados ficam documentados."
CRI_K2,Série 1,Super Sênior,2025-03-01,n/d,n/d,n/d,n/d,3989036.94,10621010.66,Realizado,CVM_CRI_2025_CLASSE,Documentado,"Saldo final: n/d por conflito de unidade, controlado por Valor_Atualizado_Emissao. Unidade sem reconciliação permanece n/d; pagamentos realizados ficam documentados."
CRI_K2,Série 1,Super Sênior,2025-04-01,n/d,n/d,n/d,382582987.55,3688952.3,13213706.27,Realizado,CVM_CRI_2025_CLASSE,Documentado,"Saldo final: saldo agregado reconciliado, controlado por Valor_Atualizado_Emissao. Unidade sem reconciliação permanece n/d; pagamentos realizados ficam documentados."
CRI_K2,Série 1,Super Sênior,2025-05-01,382582987.55,n/d,n/d,370484686.41,3753466.73,12190191.58,Realizado,CVM_CRI_2025_CLASSE,Documentado,"Saldo final: saldo agregado reconciliado, controlado por Valor_Atualizado_Emissao. Unidade sem reconciliação permanece n/d; pagamentos realizados ficam documentados."
CRI_K2,Série 1,Super Sênior,2025-06-01,370484686.41,n/d,n/d,354233931.93,0.0,0.0,Realizado,CVM_CRI_2025_CLASSE,Documentado,"Saldo final: saldo agregado reconciliado, controlado por Valor_Atualizado_Emissao. Unidade sem reconciliação permanece n/d; pagamentos realizados ficam documentados."
CRI_K2,Série 1,Super Sênior,2025-07-01,354233931.93,n/d,n/d,349937974.36,3501067.87,7379755.5,Realizado,CVM_CRI_2025_CLASSE,Documentado,"Saldo final: saldo agregado reconciliado, controlado por Valor_Atualizado_Emissao. Unidade sem reconciliação permanece n/d; pagamentos realizados ficam documentados."
CRI_K2,Série 1,Super Sênior,2025-08-01,349937974.36,n/d,n/d,349937974.36,0.0,0.0,Realizado,CVM_CRI_2025_CLASSE,Documentado,"Saldo final: saldo agregado reconciliado, controlado por Valor_Atualizado_Emissao. Unidade sem reconciliação permanece n/d; pagamentos realizados ficam documentados."
CRI_K2,Série 1,Super Sênior,2025-09-01,349937974.36,n/d,n/d,333415830.3,3523817.14,8833976.13,Realizado,CVM_CRI_2025_CLASSE,Documentado,"Saldo final: saldo agregado reconciliado, controlado por Valor_Atualizado_Emissao. Unidade sem reconciliação permanece n/d; pagamentos realizados ficam documentados."
CRI_K2,Série 1,Super Sênior,2025-10-01,333415830.3,n/d,n/d,324635549.39,3659999.6,11426325.97,Realizado,CVM_CRI_2025_CLASSE,Documentado,"Saldo final: saldo agregado reconciliado, controlado por Valor_Atualizado_Emissao. Unidade sem reconciliação permanece n/d; pagamentos realizados ficam documentados."
CRI_K2,Série 1,Super Sênior,2025-11-01,324635549.39,n/d,n/d,312492359.0,2913241.5,9321028.46,Realizado,CVM_CRI_2025_CLASSE,Documentado,"Saldo final: saldo agregado reconciliado, controlado por Valor_Atualizado_Emissao. Unidade sem reconciliação permanece n/d; pagamentos realizados ficam documentados."
CRI_K2,Série 1,Super Sênior,2025-12-01,312492359.0,n/d,n/d,303554426.2,2913241.5,9321028.46,Realizado,CVM_CRI_2025_CLASSE,Documentado,"Saldo final: saldo agregado reconciliado, controlado por Valor_Atualizado_Emissao. Unidade sem reconciliação permanece n/d; pagamentos realizados ficam documentados."
CRI_K2,Série 1,Super Sênior,2026-01-01,303554426.2,n/d,n/d,292680656.83,3274334.03,10640484.26,Realizado,CVM_CRI_2026_CLASSE,Documentado,"Saldo final: saldo agregado reconciliado, controlado por Valor_Atualizado_Emissao. Unidade sem reconciliação permanece n/d; pagamentos realizados ficam documentados."
CRI_K2,Série 1,Super Sênior,2026-02-01,292680656.83,n/d,n/d,281087818.0,3014645.84,11090257.04,Realizado,CVM_CRI_2026_CLASSE,Documentado,"Saldo final: saldo agregado reconciliado, controlado por Valor_Atualizado_Emissao. Unidade sem reconciliação permanece n/d; pagamentos realizados ficam documentados."
CRI_K2,Série 1,Super Sênior,2026-03-01,281087818.0,n/d,n/d,272322615.0,2483159.87,9241068.55,Realizado,CVM_CRI_2026_CLASSE,Documentado,"Saldo final: saldo agregado reconciliado, controlado por Valor_Atualizado_Emissao. Unidade sem reconciliação permanece n/d; pagamentos realizados ficam documentados."
CRI_K2,Série 1,Super Sênior,2026-04-01,272322615.0,n/d,n/d,260742442.0,2937447.55,11229340.48,Realizado,CVM_CRI_2026_CLASSE,Documentado,"Saldo final: saldo agregado reconciliado, controlado por Valor_Atualizado_Emissao. Unidade sem reconciliação permanece n/d; pagamentos realizados ficam documentados."
CRI_K2,Série 1,Super Sênior,2026-05-01,260742442.0,n/d,n/d,251034895.0,2558106.63,9636204.93,Realizado,CVM_CRI_2026_CLASSE,Documentado,"Saldo final: saldo agregado reconciliado, controlado por Valor_Atualizado_Emissao. Unidade sem reconciliação permanece n/d; pagamentos realizados ficam documentados."
CRI_K2,Série 2,Sênior,2024-06-01,n/d,n/d,n/d,135218700.0,0.0,0.0,Realizado,CVM_CRI_2024_CLASSE,Documentado,"Saldo final: valor unitário × quantidade reconciliado, controlado por Valor_Atualizado_Emissao. Unidade sem reconciliação permanece n/d; pagamentos realizados ficam documentados. Saldo inicial da primeira competência permanece n/d; Total_Integralizado não foi usado como saldo corrente."
CRI_K2,Série 2,Sênior,2024-07-01,135218700.0,n/d,n/d,136906200.0,0.0,0.0,Realizado,CVM_CRI_2024_CLASSE,Documentado,"Saldo final: valor unitário × quantidade reconciliado, controlado por Valor_Atualizado_Emissao. Unidade sem reconciliação permanece n/d; pagamentos realizados ficam documentados."
CRI_K2,Série 2,Sênior,2024-08-01,136906200.0,n/d,n/d,138541050.0,0.0,0.0,Realizado,CVM_CRI_2024_CLASSE,Documentado,"Saldo final: valor unitário × quantidade reconciliado, controlado por Valor_Atualizado_Emissao. Unidade sem reconciliação permanece n/d; pagamentos realizados ficam documentados."
CRI_K2,Série 2,Sênior,2024-09-01,138541050.0,n/d,n/d,140121900.0,5818416.23,0.0,Realizado,CVM_CRI_2024_CLASSE,Documentado,"Saldo final: valor unitário × quantidade reconciliado, controlado por Valor_Atualizado_Emissao. Unidade sem reconciliação permanece n/d; pagamentos realizados ficam documentados."
CRI_K2,Série 2,Sênior,2024-10-01,140121900.0,n/d,n/d,141871192.6,0.0,0.0,Realizado,CVM_CRI_2024_CLASSE,Documentado,"Saldo final: saldo agregado reconciliado, controlado por Valor_Atualizado_Emissao. Unidade sem reconciliação permanece n/d; pagamentos realizados ficam documentados."
CRI_K2,Série 2,Sênior,2024-11-01,141871192.6,n/d,n/d,126699303.89,7254490.0,9254257.26,Realizado,CVM_CRI_2024_CLASSE,Documentado,"Saldo final: saldo agregado reconciliado, controlado por Valor_Atualizado_Emissao. Unidade sem reconciliação permanece n/d; pagamentos realizados ficam documentados."
CRI_K2,Série 2,Sênior,2024-12-01,126699303.89,n/d,n/d,121876224.34,1295868.22,4917252.81,Realizado,CVM_CRI_2024_CLASSE,Documentado,"Saldo final: saldo agregado reconciliado, controlado por Valor_Atualizado_Emissao. Unidade sem reconciliação permanece n/d; pagamentos realizados ficam documentados."
CRI_K2,Série 2,Sênior,2025-01-01,121876224.34,n/d,n/d,n/d,1377010.89,1951607.08,Realizado,CVM_CRI_2025_CLASSE,Documentado,"Saldo final: n/d, controlado por Valor_Atualizado_Emissao. Unidade sem reconciliação permanece n/d; pagamentos realizados ficam documentados."
CRI_K2,Série 2,Sênior,2025-02-01,n/d,n/d,n/d,n/d,1419666.13,3043239.41,Realizado,CVM_CRI_2025_CLASSE,Documentado,"Saldo final: n/d por conflito de unidade, controlado por Valor_Atualizado_Emissao. Unidade sem reconciliação permanece n/d; pagamentos realizados ficam documentados."
CRI_K2,Série 2,Sênior,2025-03-01,n/d,n/d,n/d,n/d,1256886.42,3552198.47,Realizado,CVM_CRI_2025_CLASSE,Documentado,"Saldo final: n/d por conflito de unidade, controlado por Valor_Atualizado_Emissao. Unidade sem reconciliação permanece n/d; pagamentos realizados ficam documentados."
CRI_K2,Série 2,Sênior,2025-04-01,n/d,n/d,n/d,109387940.68,1157112.39,3775344.65,Realizado,CVM_CRI_2025_CLASSE,Documentado,"Saldo final: saldo agregado reconciliado, controlado por Valor_Atualizado_Emissao. Unidade sem reconciliação permanece n/d; pagamentos realizados ficam documentados."
CRI_K2,Série 2,Sênior,2025-05-01,109387940.68,n/d,n/d,105933871.07,1177376.8,3482911.88,Realizado,CVM_CRI_2025_CLASSE,Documentado,"Saldo final: saldo agregado reconciliado, controlado por Valor_Atualizado_Emissao. Unidade sem reconciliação permanece n/d; pagamentos realizados ficam documentados."
CRI_K2,Série 2,Sênior,2025-06-01,105933871.07,n/d,n/d,101810136.29,0.0,0.0,Realizado,CVM_CRI_2025_CLASSE,Documentado,"Saldo final: saldo agregado reconciliado, controlado por Valor_Atualizado_Emissao. Unidade sem reconciliação permanece n/d; pagamentos realizados ficam documentados."
CRI_K2,Série 2,Sênior,2025-07-01,101810136.29,n/d,n/d,101252460.86,1104720.31,1536525.61,Realizado,CVM_CRI_2025_CLASSE,Documentado,"Saldo final: saldo agregado reconciliado, controlado por Valor_Atualizado_Emissao. Unidade sem reconciliação permanece n/d; pagamentos realizados ficam documentados."
CRI_K2,Série 2,Sênior,2025-08-01,101252460.86,n/d,n/d,101252460.86,0.0,0.0,Realizado,CVM_CRI_2025_CLASSE,Documentado,"Saldo final: saldo agregado reconciliado, controlado por Valor_Atualizado_Emissao. Unidade sem reconciliação permanece n/d; pagamentos realizados ficam documentados."
CRI_K2,Série 2,Sênior,2025-09-01,101252460.86,n/d,n/d,95339218.1,1108804.3,2825559.48,Realizado,CVM_CRI_2025_CLASSE,Documentado,"Saldo final: saldo agregado reconciliado, controlado por Valor_Atualizado_Emissao. Unidade sem reconciliação permanece n/d; pagamentos realizados ficam documentados."
CRI_K2,Série 2,Sênior,2025-10-01,95339218.1,n/d,n/d,92832969.37,1148141.15,3264666.05,Realizado,CVM_CRI_2025_CLASSE,Documentado,"Saldo final: saldo agregado reconciliado, controlado por Valor_Atualizado_Emissao. Unidade sem reconciliação permanece n/d; pagamentos realizados ficam documentados."
CRI_K2,Série 2,Sênior,2025-11-01,92832969.37,n/d,n/d,89343386.0,913795.56,2433580.45,Realizado,CVM_CRI_2025_CLASSE,Documentado,"Saldo final: saldo agregado reconciliado, controlado por Valor_Atualizado_Emissao. Unidade sem reconciliação permanece n/d; pagamentos realizados ficam documentados."
CRI_K2,Série 2,Sênior,2025-12-01,89343386.0,n/d,n/d,87032128.82,913795.56,2433580.45,Realizado,CVM_CRI_2025_CLASSE,Documentado,"Saldo final: saldo agregado reconciliado, controlado por Valor_Atualizado_Emissao. Unidade sem reconciliação permanece n/d; pagamentos realizados ficam documentados."
CRI_K2,Série 2,Sênior,2026-01-01,87032128.82,n/d,n/d,83687116.1,1029874.78,3269708.9,Realizado,CVM_CRI_2026_CLASSE,Documentado,"Saldo final: saldo agregado reconciliado, controlado por Valor_Atualizado_Emissao. Unidade sem reconciliação permanece n/d; pagamentos realizados ficam documentados."
CRI_K2,Série 2,Sênior,2026-02-01,83687116.1,n/d,n/d,80615516.0,945533.64,2915707.4,Realizado,CVM_CRI_2026_CLASSE,Documentado,"Saldo final: saldo agregado reconciliado, controlado por Valor_Atualizado_Emissao. Unidade sem reconciliação permanece n/d; pagamentos realizados ficam documentados."
CRI_K2,Série 2,Sênior,2026-03-01,80615516.0,n/d,n/d,78581084.0,781341.94,2188457.85,Realizado,CVM_CRI_2026_CLASSE,Documentado,"Saldo final: saldo agregado reconciliado, controlado por Valor_Atualizado_Emissao. Unidade sem reconciliação permanece n/d; pagamentos realizados ficam documentados."
CRI_K2,Série 2,Sênior,2026-04-01,78581084.0,n/d,n/d,74652529.0,929871.27,3812806.36,Realizado,CVM_CRI_2026_CLASSE,Documentado,"Saldo final: saldo agregado reconciliado, controlado por Valor_Atualizado_Emissao. Unidade sem reconciliação permanece n/d; pagamentos realizados ficam documentados."
CRI_K2,Série 2,Sênior,2026-05-01,74652529.0,n/d,n/d,72227698.0,803508.64,2405282.86,Realizado,CVM_CRI_2026_CLASSE,Documentado,"Saldo final: saldo agregado reconciliado, controlado por Valor_Atualizado_Emissao. Unidade sem reconciliação permanece n/d; pagamentos realizados ficam documentados."
CRI_K2,Série 3,Mezanino,2024-06-01,n/d,n/d,n/d,75140250.0,0.0,0.0,Realizado,CVM_CRI_2024_CLASSE,Documentado,"Saldo final: valor unitário × quantidade reconciliado, controlado por Valor_Atualizado_Emissao. Unidade sem reconciliação permanece n/d; pagamentos realizados ficam documentados. Saldo inicial da primeira competência permanece n/d; Total_Integralizado não foi usado como saldo corrente."
CRI_K2,Série 3,Mezanino,2024-07-01,75140250.0,n/d,n/d,76226250.0,0.0,0.0,Realizado,CVM_CRI_2024_CLASSE,Documentado,"Saldo final: valor unitário × quantidade reconciliado, controlado por Valor_Atualizado_Emissao. Unidade sem reconciliação permanece n/d; pagamentos realizados ficam documentados."
CRI_K2,Série 3,Mezanino,2024-08-01,76226250.0,n/d,n/d,77279250.00000001,0.0,0.0,Realizado,CVM_CRI_2024_CLASSE,Documentado,"Saldo final: valor unitário × quantidade reconciliado, controlado por Valor_Atualizado_Emissao. Unidade sem reconciliação permanece n/d; pagamentos realizados ficam documentados."
CRI_K2,Série 3,Mezanino,2024-09-01,77279250.00000001,n/d,n/d,78303750.0,0.0,0.0,Realizado,CVM_CRI_2024_CLASSE,Documentado,"Saldo final: valor unitário × quantidade reconciliado, controlado por Valor_Atualizado_Emissao. Unidade sem reconciliação permanece n/d; pagamentos realizados ficam documentados."
CRI_K2,Série 3,Mezanino,2024-10-01,78303750.0,n/d,n/d,79451874.45,0.0,0.0,Realizado,CVM_CRI_2024_CLASSE,Documentado,"Saldo final: saldo agregado reconciliado, controlado por Valor_Atualizado_Emissao. Unidade sem reconciliação permanece n/d; pagamentos realizados ficam documentados."
CRI_K2,Série 3,Mezanino,2024-11-01,79451874.45,n/d,n/d,80433078.9,0.0,0.0,Realizado,CVM_CRI_2024_CLASSE,Documentado,"Saldo final: saldo agregado reconciliado, controlado por Valor_Atualizado_Emissao. Unidade sem reconciliação permanece n/d; pagamentos realizados ficam documentados."
CRI_K2,Série 3,Mezanino,2024-12-01,80433078.9,n/d,n/d,81574516.57,0.0,0.0,Realizado,CVM_CRI_2024_CLASSE,Documentado,"Saldo final: saldo agregado reconciliado, controlado por Valor_Atualizado_Emissao. Unidade sem reconciliação permanece n/d; pagamentos realizados ficam documentados."
CRI_K2,Série 3,Mezanino,2025-01-01,81574516.57,n/d,n/d,n/d,6854900.33,4293015.64,Realizado,CVM_CRI_2025_CLASSE,Documentado,"Saldo final: n/d, controlado por Valor_Atualizado_Emissao. Unidade sem reconciliação permanece n/d; pagamentos realizados ficam documentados."
CRI_K2,Série 3,Mezanino,2025-02-01,n/d,n/d,n/d,n/d,1090773.81,6354960.22,Realizado,CVM_CRI_2025_CLASSE,Documentado,"Saldo final: n/d por conflito de unidade, controlado por Valor_Atualizado_Emissao. Unidade sem reconciliação permanece n/d; pagamentos realizados ficam documentados."
CRI_K2,Série 3,Mezanino,2025-03-01,n/d,n/d,n/d,n/d,935299.91,1972509.12,Realizado,CVM_CRI_2025_CLASSE,Documentado,"Saldo final: n/d por conflito de unidade, controlado por Valor_Atualizado_Emissao. Unidade sem reconciliação permanece n/d; pagamentos realizados ficam documentados."
CRI_K2,Série 3,Mezanino,2025-04-01,n/d,n/d,n/d,60969009.74,887495.32,2098348.17,Realizado,CVM_CRI_2025_CLASSE,Documentado,"Saldo final: saldo agregado reconciliado, controlado por Valor_Atualizado_Emissao. Unidade sem reconciliação permanece n/d; pagamentos realizados ficam documentados."
CRI_K2,Série 3,Mezanino,2025-05-01,60969009.74,n/d,n/d,59073019.9,918863.29,1934951.05,Realizado,CVM_CRI_2025_CLASSE,Documentado,"Saldo final: saldo agregado reconciliado, controlado por Valor_Atualizado_Emissao. Unidade sem reconciliação permanece n/d; pagamentos realizados ficam documentados."
CRI_K2,Série 3,Mezanino,2025-06-01,59073019.9,n/d,n/d,56561186.83,0.0,0.0,Realizado,CVM_CRI_2025_CLASSE,Documentado,"Saldo final: saldo agregado reconciliado, controlado por Valor_Atualizado_Emissao. Unidade sem reconciliação permanece n/d; pagamentos realizados ficam documentados."
CRI_K2,Série 3,Mezanino,2025-07-01,56561186.83,n/d,n/d,56497712.33,887541.12,853550.34,Realizado,CVM_CRI_2025_CLASSE,Documentado,"Saldo final: saldo agregado reconciliado, controlado por Valor_Atualizado_Emissao. Unidade sem reconciliação permanece n/d; pagamentos realizados ficam documentados."
CRI_K2,Série 3,Mezanino,2025-08-01,56497712.33,n/d,n/d,56497712.33,0.0,0.0,Realizado,CVM_CRI_2025_CLASSE,Documentado,"Saldo final: saldo agregado reconciliado, controlado por Valor_Atualizado_Emissao. Unidade sem reconciliação permanece n/d; pagamentos realizados ficam documentados."
CRI_K2,Série 3,Mezanino,2025-09-01,56497712.33,n/d,n/d,53185277.52,895418.74,1569755.27,Realizado,CVM_CRI_2025_CLASSE,Documentado,"Saldo final: saldo agregado reconciliado, controlado por Valor_Atualizado_Emissao. Unidade sem reconciliação permanece n/d; pagamentos realizados ficam documentados."
CRI_K2,Série 3,Mezanino,2025-10-01,53185277.52,n/d,n/d,51799732.61,927411.87,1813703.37,Realizado,CVM_CRI_2025_CLASSE,Documentado,"Saldo final: saldo agregado reconciliado, controlado por Valor_Atualizado_Emissao. Unidade sem reconciliação permanece n/d; pagamentos realizados ficam documentados."
CRI_K2,Série 3,Mezanino,2025-11-01,51799732.61,n/d,n/d,49804198.0,737758.95,1351989.13,Realizado,CVM_CRI_2025_CLASSE,Documentado,"Saldo final: saldo agregado reconciliado, controlado por Valor_Atualizado_Emissao. Unidade sem reconciliação permanece n/d; pagamentos realizados ficam documentados."
CRI_K2,Série 3,Mezanino,2025-12-01,49804198.0,n/d,n/d,48551142.08,737758.95,1351989.13,Realizado,CVM_CRI_2025_CLASSE,Documentado,"Saldo final: saldo agregado reconciliado, controlado por Valor_Atualizado_Emissao. Unidade sem reconciliação permanece n/d; pagamentos realizados ficam documentados."
CRI_K2,Série 3,Mezanino,2026-01-01,48551142.08,n/d,n/d,46673784.28,831780.47,1816504.94,Realizado,CVM_CRI_2026_CLASSE,Documentado,"Saldo final: saldo agregado reconciliado, controlado por Valor_Atualizado_Emissao. Unidade sem reconciliação permanece n/d; pagamentos realizados ficam documentados."
CRI_K2,Série 3,Mezanino,2026-02-01,46673784.28,n/d,n/d,44927966.0,763568.96,1619837.45,Realizado,CVM_CRI_2026_CLASSE,Documentado,"Saldo final: saldo agregado reconciliado, controlado por Valor_Atualizado_Emissao. Unidade sem reconciliação permanece n/d; pagamentos realizados ficam documentados."
CRI_K2,Série 3,Mezanino,2026-03-01,44927966.0,n/d,n/d,43833669.0,630744.68,1215809.91,Realizado,CVM_CRI_2026_CLASSE,Documentado,"Saldo final: saldo agregado reconciliado, controlado por Valor_Atualizado_Emissao. Unidade sem reconciliação permanece n/d; pagamentos realizados ficam documentados."
CRI_K2,Série 3,Mezanino,2026-04-01,43833669.0,n/d,n/d,41619530.0,746066.76,2118225.76,Realizado,CVM_CRI_2026_CLASSE,Documentado,"Saldo final: saldo agregado reconciliado, controlado por Valor_Atualizado_Emissao. Unidade sem reconciliação permanece n/d; pagamentos realizados ficam documentados."
CRI_K2,Série 3,Mezanino,2026-05-01,41619530.0,n/d,n/d,40262437.0,639763.58,1336268.27,Realizado,CVM_CRI_2026_CLASSE,Documentado,"Saldo final: saldo agregado reconciliado, controlado por Valor_Atualizado_Emissao. Unidade sem reconciliação permanece n/d; pagamentos realizados ficam documentados."
CRI_K2,Série 4,Subordinada,2024-06-01,n/d,n/d,n/d,30039600.0,0.0,0.0,Realizado,CVM_CRI_2024_CLASSE,Documentado,"Saldo final: valor unitário × quantidade reconciliado, controlado por Valor_Atualizado_Emissao. Unidade sem reconciliação permanece n/d; pagamentos realizados ficam documentados. Saldo inicial da primeira competência permanece n/d; Total_Integralizado não foi usado como saldo corrente."
CRI_K2,Série 4,Subordinada,2024-07-01,30039600.0,n/d,n/d,30607200.0,0.0,0.0,Realizado,CVM_CRI_2024_CLASSE,Documentado,"Saldo final: valor unitário × quantidade reconciliado, controlado por Valor_Atualizado_Emissao. Unidade sem reconciliação permanece n/d; pagamentos realizados ficam documentados."
CRI_K2,Série 4,Subordinada,2024-08-01,30607200.0,n/d,n/d,31130700.0,0.0,0.0,Realizado,CVM_CRI_2024_CLASSE,Documentado,"Saldo final: valor unitário × quantidade reconciliado, controlado por Valor_Atualizado_Emissao. Unidade sem reconciliação permanece n/d; pagamentos realizados ficam documentados."
CRI_K2,Série 4,Subordinada,2024-09-01,31130700.0,n/d,n/d,31640700.0,0.0,0.0,Realizado,CVM_CRI_2024_CLASSE,Documentado,"Saldo final: valor unitário × quantidade reconciliado, controlado por Valor_Atualizado_Emissao. Unidade sem reconciliação permanece n/d; pagamentos realizados ficam documentados."
CRI_K2,Série 4,Subordinada,2024-10-01,31640700.0,n/d,n/d,32213440.05,0.0,0.0,Realizado,CVM_CRI_2024_CLASSE,Documentado,"Saldo final: saldo agregado reconciliado, controlado por Valor_Atualizado_Emissao. Unidade sem reconciliação permanece n/d; pagamentos realizados ficam documentados."
CRI_K2,Série 4,Subordinada,2024-11-01,32213440.05,n/d,n/d,32702469.27,0.0,0.0,Realizado,CVM_CRI_2024_CLASSE,Documentado,"Saldo final: saldo agregado reconciliado, controlado por Valor_Atualizado_Emissao. Unidade sem reconciliação permanece n/d; pagamentos realizados ficam documentados."
CRI_K2,Série 4,Subordinada,2024-12-01,32702469.27,n/d,n/d,33269090.58,0.0,0.0,Realizado,CVM_CRI_2024_CLASSE,Documentado,"Saldo final: saldo agregado reconciliado, controlado por Valor_Atualizado_Emissao. Unidade sem reconciliação permanece n/d; pagamentos realizados ficam documentados."
CRI_K2,Série 4,Subordinada,2025-01-01,33269090.58,n/d,n/d,n/d,n/d,n/d,Realizado,CVM_CRI_2025_CLASSE,Documentado,"Saldo final: n/d, controlado por Valor_Atualizado_Emissao. Unidade sem reconciliação permanece n/d; pagamentos realizados ficam documentados."
CRI_K2,Série 4,Subordinada,2025-02-01,n/d,n/d,n/d,n/d,4033237.23,0.0,Realizado,CVM_CRI_2025_CLASSE,Documentado,"Saldo final: n/d por conflito de unidade, controlado por Valor_Atualizado_Emissao. Unidade sem reconciliação permanece n/d; pagamentos realizados ficam documentados."
CRI_K2,Série 4,Subordinada,2025-03-01,n/d,n/d,n/d,n/d,4629534.0,0.0,Realizado,CVM_CRI_2025_CLASSE,Documentado,"Saldo final: n/d por conflito de unidade, controlado por Valor_Atualizado_Emissao. Unidade sem reconciliação permanece n/d; pagamentos realizados ficam documentados."
CRI_K2,Série 4,Subordinada,2025-04-01,n/d,n/d,n/d,35700961.05,0.0,0.0,Realizado,CVM_CRI_2025_CLASSE,Documentado,"Saldo final: saldo agregado reconciliado, controlado por Valor_Atualizado_Emissao. Unidade sem reconciliação permanece n/d; pagamentos realizados ficam documentados."
CRI_K2,Série 4,Subordinada,2025-05-01,35700961.05,n/d,n/d,36394810.25,0.0,0.0,Realizado,CVM_CRI_2025_CLASSE,Documentado,"Saldo final: saldo agregado reconciliado, controlado por Valor_Atualizado_Emissao. Unidade sem reconciliação permanece n/d; pagamentos realizados ficam documentados."
CRI_K2,Série 4,Subordinada,2025-06-01,36394810.25,n/d,n/d,37073136.65,0.0,0.0,Realizado,CVM_CRI_2025_CLASSE,Documentado,"Saldo final: saldo agregado reconciliado, controlado por Valor_Atualizado_Emissao. Unidade sem reconciliação permanece n/d; pagamentos realizados ficam documentados."
CRI_K2,Série 4,Subordinada,2025-07-01,37073136.65,n/d,n/d,31042825.29,6717972.89,0.0,Realizado,CVM_CRI_2025_CLASSE,Documentado,"Saldo final: saldo agregado reconciliado, controlado por Valor_Atualizado_Emissao. Unidade sem reconciliação permanece n/d; pagamentos realizados ficam documentados."
CRI_K2,Série 4,Subordinada,2025-08-01,31042825.29,n/d,n/d,31042825.29,0.0,0.0,Realizado,CVM_CRI_2025_CLASSE,Documentado,"Saldo final: saldo agregado reconciliado, controlado por Valor_Atualizado_Emissao. Unidade sem reconciliação permanece n/d; pagamentos realizados ficam documentados."
CRI_K2,Série 4,Subordinada,2025-09-01,31042825.29,n/d,n/d,22867747.84,494826.58,2597936.51,Realizado,CVM_CRI_2025_CLASSE,Documentado,"Saldo final: saldo agregado reconciliado, controlado por Valor_Atualizado_Emissao. Unidade sem reconciliação permanece n/d; pagamentos realizados ficam documentados."
CRI_K2,Série 4,Subordinada,2025-10-01,22867747.84,n/d,n/d,20930554.68,444716.75,878665.45,Realizado,CVM_CRI_2025_CLASSE,Documentado,"Saldo final: saldo agregado reconciliado, controlado por Valor_Atualizado_Emissao. Unidade sem reconciliação permanece n/d; pagamentos realizados ficam documentados."
CRI_K2,Série 4,Subordinada,2025-11-01,20930554.68,n/d,n/d,19962717.0,351036.9,540795.65,Realizado,CVM_CRI_2025_CLASSE,Documentado,"Saldo final: saldo agregado reconciliado, controlado por Valor_Atualizado_Emissao. Unidade sem reconciliação permanece n/d; pagamentos realizados ficam documentados."
CRI_K2,Série 4,Subordinada,2025-12-01,19962717.0,n/d,n/d,19469045.67,351036.9,540795.65,Realizado,CVM_CRI_2025_CLASSE,Documentado,"Saldo final: saldo agregado reconciliado, controlado por Valor_Atualizado_Emissao. Unidade sem reconciliação permanece n/d; pagamentos realizados ficam documentados."
CRI_K2,Série 4,Subordinada,2026-01-01,19469045.67,n/d,n/d,18713472.85,395861.49,726601.98,Realizado,CVM_CRI_2026_CLASSE,Documentado,"Saldo final: saldo agregado reconciliado, controlado por Valor_Atualizado_Emissao. Unidade sem reconciliação permanece n/d; pagamentos realizados ficam documentados."
CRI_K2,Série 4,Subordinada,2026-02-01,18713472.85,n/d,n/d,18005559.0,363371.36,647934.98,Realizado,CVM_CRI_2026_CLASSE,Documentado,"Saldo final: saldo agregado reconciliado, controlado por Valor_Atualizado_Emissao. Unidade sem reconciliação permanece n/d; pagamentos realizados ficam documentados."
CRI_K2,Série 4,Subordinada,2026-03-01,18005559.0,n/d,n/d,17577335.0,300095.71,486323.97,Realizado,CVM_CRI_2026_CLASSE,Documentado,"Saldo final: saldo agregado reconciliado, controlado por Valor_Atualizado_Emissao. Unidade sem reconciliação permanece n/d; pagamentos realizados ficam documentados."
CRI_K2,Série 4,Subordinada,2026-04-01,17577335.0,n/d,n/d,16684558.0,355437.66,847290.3,Realizado,CVM_CRI_2026_CLASSE,Documentado,"Saldo final: saldo agregado reconciliado, controlado por Valor_Atualizado_Emissao. Unidade sem reconciliação permanece n/d; pagamentos realizados ficam documentados."
CRI_K2,Série 4,Subordinada,2026-05-01,16684558.0,n/d,n/d,16140523.0,305106.27,534507.31,Realizado,CVM_CRI_2026_CLASSE,Documentado,"Saldo final: saldo agregado reconciliado, controlado por Valor_Atualizado_Emissao. Unidade sem reconciliação permanece n/d; pagamentos realizados ficam documentados."
CRI_K2,Série 5,Júnior/Subordinada,2024-06-01,n/d,n/d,n/d,22530150.0,0.0,0.0,Realizado,CVM_CRI_2024_CLASSE,Documentado,"Saldo final: valor unitário × quantidade reconciliado, controlado por Valor_Atualizado_Emissao. Unidade sem reconciliação permanece n/d; pagamentos realizados ficam documentados. Saldo inicial da primeira competência permanece n/d; Total_Integralizado não foi usado como saldo corrente."
CRI_K2,Série 5,Júnior/Subordinada,2024-07-01,22530150.0,n/d,n/d,22763025.0,0.0,0.0,Realizado,CVM_CRI_2024_CLASSE,Documentado,"Saldo final: valor unitário × quantidade reconciliado, controlado por Valor_Atualizado_Emissao. Unidade sem reconciliação permanece n/d; pagamentos realizados ficam documentados."
CRI_K2,Série 5,Júnior/Subordinada,2024-08-01,22763025.0,n/d,n/d,22988025.0,0.0,0.0,Realizado,CVM_CRI_2024_CLASSE,Documentado,"Saldo final: valor unitário × quantidade reconciliado, controlado por Valor_Atualizado_Emissao. Unidade sem reconciliação permanece n/d; pagamentos realizados ficam documentados."
CRI_K2,Série 5,Júnior/Subordinada,2024-09-01,22988025.0,n/d,n/d,23205150.0,0.0,0.0,Realizado,CVM_CRI_2024_CLASSE,Documentado,"Saldo final: valor unitário × quantidade reconciliado, controlado por Valor_Atualizado_Emissao. Unidade sem reconciliação permanece n/d; pagamentos realizados ficam documentados."
CRI_K2,Série 5,Júnior/Subordinada,2024-10-01,23205150.0,n/d,n/d,23445088.52,0.0,0.0,Realizado,CVM_CRI_2024_CLASSE,Documentado,"Saldo final: saldo agregado reconciliado, controlado por Valor_Atualizado_Emissao. Unidade sem reconciliação permanece n/d; pagamentos realizados ficam documentados."
CRI_K2,Série 5,Júnior/Subordinada,2024-11-01,23445088.52,n/d,n/d,23645161.66,0.0,0.0,Realizado,CVM_CRI_2024_CLASSE,Documentado,"Saldo final: saldo agregado reconciliado, controlado por Valor_Atualizado_Emissao. Unidade sem reconciliação permanece n/d; pagamentos realizados ficam documentados."
CRI_K2,Série 5,Júnior/Subordinada,2024-12-01,23645161.66,n/d,n/d,23868282.15,0.0,0.0,Realizado,CVM_CRI_2024_CLASSE,Documentado,"Saldo final: saldo agregado reconciliado, controlado por Valor_Atualizado_Emissao. Unidade sem reconciliação permanece n/d; pagamentos realizados ficam documentados."
CRI_K2,Série 5,Júnior/Subordinada,2025-01-01,23868282.15,n/d,n/d,n/d,1421715.65,0.0,Realizado,CVM_CRI_2025_CLASSE,Documentado,"Saldo final: n/d, controlado por Valor_Atualizado_Emissao. Unidade sem reconciliação permanece n/d; pagamentos realizados ficam documentados."
CRI_K2,Série 5,Júnior/Subordinada,2025-02-01,n/d,n/d,n/d,n/d,236532.14,0.0,Realizado,CVM_CRI_2025_CLASSE,Documentado,"Saldo final: n/d por conflito de unidade, controlado por Valor_Atualizado_Emissao. Unidade sem reconciliação permanece n/d; pagamentos realizados ficam documentados."
CRI_K2,Série 5,Júnior/Subordinada,2025-03-01,n/d,n/d,n/d,n/d,217058.11,0.0,Realizado,CVM_CRI_2025_CLASSE,Documentado,"Saldo final: n/d por conflito de unidade, controlado por Valor_Atualizado_Emissao. Unidade sem reconciliação permanece n/d; pagamentos realizados ficam documentados."
CRI_K2,Série 5,Júnior/Subordinada,2025-04-01,n/d,n/d,n/d,24748789.84,0.0,0.0,Realizado,CVM_CRI_2025_CLASSE,Documentado,"Saldo final: saldo agregado reconciliado, controlado por Valor_Atualizado_Emissao. Unidade sem reconciliação permanece n/d; pagamentos realizados ficam documentados."
CRI_K2,Série 5,Júnior/Subordinada,2025-05-01,24748789.84,n/d,n/d,24982324.37,0.0,0.0,Realizado,CVM_CRI_2025_CLASSE,Documentado,"Saldo final: saldo agregado reconciliado, controlado por Valor_Atualizado_Emissao. Unidade sem reconciliação permanece n/d; pagamentos realizados ficam documentados."
CRI_K2,Série 5,Júnior/Subordinada,2025-06-01,24982324.37,n/d,n/d,25038251.85,0.0,0.0,Realizado,CVM_CRI_2025_CLASSE,Documentado,"Saldo final: saldo agregado reconciliado, controlado por Valor_Atualizado_Emissao. Unidade sem reconciliação permanece n/d; pagamentos realizados ficam documentados."
CRI_K2,Série 5,Júnior/Subordinada,2025-07-01,25038251.85,n/d,n/d,25467412.67,0.0,0.0,Realizado,CVM_CRI_2025_CLASSE,Documentado,"Saldo final: saldo agregado reconciliado, controlado por Valor_Atualizado_Emissao. Unidade sem reconciliação permanece n/d; pagamentos realizados ficam documentados."
CRI_K2,Série 5,Júnior/Subordinada,2025-08-01,25467412.67,n/d,n/d,25467412.67,0.0,0.0,Realizado,CVM_CRI_2025_CLASSE,Documentado,"Saldo final: saldo agregado reconciliado, controlado por Valor_Atualizado_Emissao. Unidade sem reconciliação permanece n/d; pagamentos realizados ficam documentados."
CRI_K2,Série 5,Júnior/Subordinada,2025-09-01,25467412.67,n/d,n/d,25961920.07,0.0,0.0,Realizado,CVM_CRI_2025_CLASSE,Documentado,"Saldo final: saldo agregado reconciliado, controlado por Valor_Atualizado_Emissao. Unidade sem reconciliação permanece n/d; pagamentos realizados ficam documentados."
CRI_K2,Série 5,Júnior/Subordinada,2025-10-01,25961920.07,n/d,n/d,26230353.78,269034.65,1389215.1,Realizado,CVM_CRI_2025_CLASSE,Documentado,"Saldo final: saldo agregado reconciliado, controlado por Valor_Atualizado_Emissao. Unidade sem reconciliação permanece n/d; pagamentos realizados ficam documentados."
CRI_K2,Série 5,Júnior/Subordinada,2025-11-01,26230353.78,n/d,n/d,24785530.0,210191.85,675987.07,Realizado,CVM_CRI_2025_CLASSE,Documentado,"Saldo final: saldo agregado reconciliado, controlado por Valor_Atualizado_Emissao. Unidade sem reconciliação permanece n/d; pagamentos realizados ficam documentados."
CRI_K2,Série 5,Júnior/Subordinada,2025-12-01,24785530.0,n/d,n/d,24137661.49,210191.85,675987.07,Realizado,CVM_CRI_2025_CLASSE,Documentado,"Saldo final: saldo agregado reconciliado, controlado por Valor_Atualizado_Emissao. Unidade sem reconciliação permanece n/d; pagamentos realizados ficam documentados."
CRI_K2,Série 5,Júnior/Subordinada,2026-01-01,24137661.49,n/d,n/d,23212086.07,236859.64,908259.97,Realizado,CVM_CRI_2026_CLASSE,Documentado,"Saldo final: saldo agregado reconciliado, controlado por Valor_Atualizado_Emissao. Unidade sem reconciliação permanece n/d; pagamentos realizados ficam documentados."
CRI_K2,Série 5,Júnior/Subordinada,2026-02-01,23212086.07,n/d,n/d,22366322.0,217472.12,809918.73,Realizado,CVM_CRI_2026_CLASSE,Documentado,"Saldo final: saldo agregado reconciliado, controlado por Valor_Atualizado_Emissao. Unidade sem reconciliação permanece n/d; pagamentos realizados ficam documentados."
CRI_K2,Série 5,Júnior/Subordinada,2026-03-01,22366322.0,n/d,n/d,21793825.0,179733.14,607904.96,Realizado,CVM_CRI_2026_CLASSE,Documentado,"Saldo final: saldo agregado reconciliado, controlado por Valor_Atualizado_Emissao. Unidade sem reconciliação permanece n/d; pagamentos realizados ficam documentados."
CRI_K2,Série 5,Júnior/Subordinada,2026-04-01,21793825.0,n/d,n/d,20708098.0,213859.89,1059112.88,Realizado,CVM_CRI_2026_CLASSE,Documentado,"Saldo final: saldo agregado reconciliado, controlado por Valor_Atualizado_Emissao. Unidade sem reconciliação permanece n/d; pagamentos realizados ficam documentados."
CRI_K2,Série 5,Júnior/Subordinada,2026-05-01,20708098.0,n/d,n/d,20035464.0,184815.04,668136.65,Realizado,CVM_CRI_2026_CLASSE,Documentado,"Saldo final: saldo agregado reconciliado, controlado por Valor_Atualizado_Emissao. Unidade sem reconciliação permanece n/d; pagamentos realizados ficam documentados."
CRI_K2,Série 1,Super Sênior,2029-06-07,n/d,n/d,n/d,n/d,n/d,n/d,Projetado,ANX_CRI2_RATING_202406,n/d,Curva contratual mensal completa não localizada; a data de vencimento não foi transformada em projeção bullet.
CRI_K2,Série 2,Sênior,2032-06-07,n/d,n/d,n/d,n/d,n/d,n/d,Projetado,ANX_CRI2_RATING_202406,n/d,Curva contratual mensal completa não localizada; a data de vencimento não foi transformada em projeção bullet.
CRI_K2,Série 3,Mezanino,2034-06-07,n/d,n/d,n/d,n/d,n/d,n/d,Projetado,ANX_CRI2_RATING_202406,n/d,Curva contratual mensal completa não localizada; a data de vencimento não foi transformada em projeção bullet.
CRI_K2,Série 4,Subordinada,2034-06-07,n/d,n/d,n/d,n/d,n/d,n/d,Projetado,ANX_CRI2_RATING_202406,n/d,Curva contratual mensal completa não localizada; a data de vencimento não foi transformada em projeção bullet.
CRI_K2,Série 5,Júnior/Subordinada,n/d,n/d,n/d,n/d,n/d,n/d,n/d,Projetado,ANX_CRI2_RATING_202406,n/d,Curva contratual mensal completa não localizada; a data de vencimento não foi transformada em projeção bullet.
CRI_K3,Série 1,Super Sênior A,2025-06-01,n/d,n/d,n/d,n/d,0.0,0.0,Realizado,CVM_CRI_2025_CLASSE,Documentado,"Saldo final: n/d, controlado por Valor_Atualizado_Emissao. Unidade sem reconciliação permanece n/d; pagamentos realizados ficam documentados. Saldo inicial da primeira competência permanece n/d; Total_Integralizado não foi usado como saldo corrente."
CRI_K3,Série 1,Super Sênior A,2025-07-01,n/d,n/d,n/d,n/d,0.0,0.0,Realizado,CVM_CRI_2025_CLASSE,Documentado,"Saldo final: n/d, controlado por Valor_Atualizado_Emissao. Unidade sem reconciliação permanece n/d; pagamentos realizados ficam documentados."
CRI_K3,Série 1,Super Sênior A,2025-08-01,n/d,n/d,n/d,n/d,6412611.95,21423969.23,Realizado,CVM_CRI_2025_CLASSE,Documentado,"Saldo final: n/d, controlado por Valor_Atualizado_Emissao. Unidade sem reconciliação permanece n/d; pagamentos realizados ficam documentados."
CRI_K3,Série 1,Super Sênior A,2025-09-01,n/d,n/d,n/d,n/d,4234493.32,10656077.68,Realizado,CVM_CRI_2025_CLASSE,Documentado,"Saldo final: n/d, controlado por Valor_Atualizado_Emissao. Unidade sem reconciliação permanece n/d; pagamentos realizados ficam documentados."
CRI_K3,Série 1,Super Sênior A,2025-10-01,n/d,n/d,n/d,n/d,4397100.82,7170572.98,Realizado,CVM_CRI_2025_CLASSE,Documentado,"Saldo final: n/d, controlado por Valor_Atualizado_Emissao. Unidade sem reconciliação permanece n/d; pagamentos realizados ficam documentados."
CRI_K3,Série 1,Super Sênior A,2025-11-01,n/d,n/d,n/d,n/d,3549896.57,7552482.07,Realizado,CVM_CRI_2025_CLASSE,Documentado,"Saldo final: n/d, controlado por Valor_Atualizado_Emissao. Unidade sem reconciliação permanece n/d; pagamentos realizados ficam documentados."
CRI_K3,Série 1,Super Sênior A,2025-12-01,n/d,n/d,n/d,n/d,3549896.57,7552482.07,Realizado,CVM_CRI_2025_CLASSE,Documentado,"Saldo final: n/d, controlado por Valor_Atualizado_Emissao. Unidade sem reconciliação permanece n/d; pagamentos realizados ficam documentados."
CRI_K3,Série 1,Super Sênior A,2026-01-01,n/d,n/d,n/d,n/d,4018328.67,8139972.79,Realizado,CVM_CRI_2026_CLASSE,Documentado,"Saldo final: n/d, controlado por Valor_Atualizado_Emissao. Unidade sem reconciliação permanece n/d; pagamentos realizados ficam documentados."
CRI_K3,Série 1,Super Sênior A,2026-02-01,n/d,n/d,n/d,304043834.0,3736241.73,7480252.01,Realizado,CVM_CRI_2026_CLASSE,Documentado,"Saldo final: saldo agregado reconciliado, controlado por Valor_Atualizado_Emissao. Unidade sem reconciliação permanece n/d; pagamentos realizados ficam documentados."
CRI_K3,Série 1,Super Sênior A,2026-03-01,304043834.0,n/d,n/d,296834667.0,3122351.19,7828928.84,Realizado,CVM_CRI_2026_CLASSE,Documentado,"Saldo final: saldo agregado reconciliado, controlado por Valor_Atualizado_Emissao. Unidade sem reconciliação permanece n/d; pagamentos realizados ficam documentados."
CRI_K3,Série 1,Super Sênior A,2026-04-01,296834667.0,n/d,n/d,n/d,3721470.55,8206493.81,Realizado,CVM_CRI_2026_CLASSE,Documentado,"Saldo final: n/d por conflito de unidade, controlado por Valor_Atualizado_Emissao. Unidade sem reconciliação permanece n/d; pagamentos realizados ficam documentados."
CRI_K3,Série 1,Super Sênior A,2026-05-01,n/d,n/d,n/d,280220422.0,3286824.49,7929469.39,Realizado,CVM_CRI_2026_CLASSE,Documentado,"Saldo final: saldo agregado reconciliado, controlado por Valor_Atualizado_Emissao. Unidade sem reconciliação permanece n/d; pagamentos realizados ficam documentados."
CRI_K3,Série 2,Super Sênior B,2025-06-01,n/d,n/d,n/d,n/d,0.0,0.0,Realizado,CVM_CRI_2025_CLASSE,Documentado,"Saldo final: n/d, controlado por Valor_Atualizado_Emissao. Unidade sem reconciliação permanece n/d; pagamentos realizados ficam documentados. Saldo inicial da primeira competência permanece n/d; Total_Integralizado não foi usado como saldo corrente."
CRI_K3,Série 2,Super Sênior B,2025-07-01,n/d,n/d,n/d,n/d,0.0,0.0,Realizado,CVM_CRI_2025_CLASSE,Documentado,"Saldo final: n/d, controlado por Valor_Atualizado_Emissao. Unidade sem reconciliação permanece n/d; pagamentos realizados ficam documentados."
CRI_K3,Série 2,Super Sênior B,2025-08-01,n/d,n/d,n/d,n/d,2094089.63,7004213.0,Realizado,CVM_CRI_2025_CLASSE,Documentado,"Saldo final: n/d, controlado por Valor_Atualizado_Emissao. Unidade sem reconciliação permanece n/d; pagamentos realizados ficam documentados."
CRI_K3,Série 2,Super Sênior B,2025-09-01,n/d,n/d,n/d,n/d,1406154.36,3481079.22,Realizado,CVM_CRI_2025_CLASSE,Documentado,"Saldo final: n/d, controlado por Valor_Atualizado_Emissao. Unidade sem reconciliação permanece n/d; pagamentos realizados ficam documentados."
CRI_K3,Série 2,Super Sênior B,2025-10-01,n/d,n/d,n/d,n/d,1460145.98,2341411.58,Realizado,CVM_CRI_2025_CLASSE,Documentado,"Saldo final: n/d, controlado por Valor_Atualizado_Emissao. Unidade sem reconciliação permanece n/d; pagamentos realizados ficam documentados."
CRI_K3,Série 2,Super Sênior B,2025-11-01,n/d,n/d,n/d,n/d,1178791.89,2466116.59,Realizado,CVM_CRI_2025_CLASSE,Documentado,"Saldo final: n/d, controlado por Valor_Atualizado_Emissao. Unidade sem reconciliação permanece n/d; pagamentos realizados ficam documentados."
CRI_K3,Série 2,Super Sênior B,2025-12-01,n/d,n/d,n/d,n/d,1178791.89,2466116.59,Realizado,CVM_CRI_2025_CLASSE,Documentado,"Saldo final: n/d, controlado por Valor_Atualizado_Emissao. Unidade sem reconciliação permanece n/d; pagamentos realizados ficam documentados."
CRI_K3,Série 2,Super Sênior B,2026-01-01,n/d,n/d,n/d,n/d,1334360.69,2657950.3,Realizado,CVM_CRI_2026_CLASSE,Documentado,"Saldo final: n/d, controlado por Valor_Atualizado_Emissao. Unidade sem reconciliação permanece n/d; pagamentos realizados ficam documentados."
CRI_K3,Série 2,Super Sênior B,2026-02-01,n/d,n/d,n/d,99292057.0,1240682.44,2442531.27,Realizado,CVM_CRI_2026_CLASSE,Documentado,"Saldo final: saldo agregado reconciliado, controlado por Valor_Atualizado_Emissao. Unidade sem reconciliação permanece n/d; pagamentos realizados ficam documentados."
CRI_K3,Série 2,Super Sênior B,2026-03-01,99292057.0,n/d,n/d,96937065.0,1036814.52,2556384.93,Realizado,CVM_CRI_2026_CLASSE,Documentado,"Saldo final: saldo agregado reconciliado, controlado por Valor_Atualizado_Emissao. Unidade sem reconciliação permanece n/d; pagamentos realizados ficam documentados."
CRI_K3,Série 2,Super Sênior B,2026-04-01,96937065.0,n/d,n/d,n/d,1226918.18,2679671.45,Realizado,CVM_CRI_2026_CLASSE,Documentado,"Saldo final: n/d por conflito de unidade, controlado por Valor_Atualizado_Emissao. Unidade sem reconciliação permanece n/d; pagamentos realizados ficam documentados."
CRI_K3,Série 2,Super Sênior B,2026-05-01,n/d,n/d,n/d,91488714.0,1072501.04,2589214.5,Realizado,CVM_CRI_2026_CLASSE,Documentado,"Saldo final: saldo agregado reconciliado, controlado por Valor_Atualizado_Emissao. Unidade sem reconciliação permanece n/d; pagamentos realizados ficam documentados."
CRI_K3,Série 3,Sênior,2025-06-01,n/d,n/d,n/d,n/d,0.0,0.0,Realizado,CVM_CRI_2025_CLASSE,Documentado,"Saldo final: n/d, controlado por Valor_Atualizado_Emissao. Unidade sem reconciliação permanece n/d; pagamentos realizados ficam documentados. Saldo inicial da primeira competência permanece n/d; Total_Integralizado não foi usado como saldo corrente."
CRI_K3,Série 3,Sênior,2025-07-01,n/d,n/d,n/d,n/d,0.0,0.0,Realizado,CVM_CRI_2025_CLASSE,Documentado,"Saldo final: n/d, controlado por Valor_Atualizado_Emissao. Unidade sem reconciliação permanece n/d; pagamentos realizados ficam documentados."
CRI_K3,Série 3,Sênior,2025-08-01,n/d,n/d,n/d,n/d,0.0,0.0,Realizado,CVM_CRI_2025_CLASSE,Documentado,"Saldo final: n/d, controlado por Valor_Atualizado_Emissao. Unidade sem reconciliação permanece n/d; pagamentos realizados ficam documentados."
CRI_K3,Série 3,Sênior,2025-09-01,n/d,n/d,n/d,n/d,1775819.23,8033130.83,Realizado,CVM_CRI_2025_CLASSE,Documentado,"Saldo final: n/d, controlado por Valor_Atualizado_Emissao. Unidade sem reconciliação permanece n/d; pagamentos realizados ficam documentados."
CRI_K3,Série 3,Sênior,2025-10-01,n/d,n/d,n/d,n/d,1766936.25,2717709.87,Realizado,CVM_CRI_2025_CLASSE,Documentado,"Saldo final: n/d, controlado por Valor_Atualizado_Emissao. Unidade sem reconciliação permanece n/d; pagamentos realizados ficam documentados."
CRI_K3,Série 3,Sênior,2025-11-01,n/d,n/d,n/d,n/d,1426396.63,2862456.76,Realizado,CVM_CRI_2025_CLASSE,Documentado,"Saldo final: n/d, controlado por Valor_Atualizado_Emissao. Unidade sem reconciliação permanece n/d; pagamentos realizados ficam documentados."
CRI_K3,Série 3,Sênior,2025-12-01,n/d,n/d,n/d,n/d,1426396.63,2862456.76,Realizado,CVM_CRI_2025_CLASSE,Documentado,"Saldo final: n/d, controlado por Valor_Atualizado_Emissao. Unidade sem reconciliação permanece n/d; pagamentos realizados ficam documentados."
CRI_K3,Série 3,Sênior,2026-01-01,n/d,n/d,n/d,n/d,1614702.26,3085120.88,Realizado,CVM_CRI_2026_CLASSE,Documentado,"Saldo final: n/d, controlado por Valor_Atualizado_Emissao. Unidade sem reconciliação permanece n/d; pagamentos realizados ficam documentados."
CRI_K3,Série 3,Sênior,2026-02-01,n/d,n/d,n/d,115286531.0,1501324.25,2835080.94,Realizado,CVM_CRI_2026_CLASSE,Documentado,"Saldo final: saldo agregado reconciliado, controlado por Valor_Atualizado_Emissao. Unidade sem reconciliação permanece n/d; pagamentos realizados ficam documentados."
CRI_K3,Série 3,Sênior,2026-03-01,115286531.0,n/d,n/d,112568381.0,1254581.53,2967232.51,Realizado,CVM_CRI_2026_CLASSE,Documentado,"Saldo final: saldo agregado reconciliado, controlado por Valor_Atualizado_Emissao. Unidade sem reconciliação permanece n/d; pagamentos realizados ficam documentados."
CRI_K3,Série 3,Sênior,2026-04-01,112568381.0,n/d,n/d,n/d,1495414.48,3110332.93,Realizado,CVM_CRI_2026_CLASSE,Documentado,"Saldo final: n/d por conflito de unidade, controlado por Valor_Atualizado_Emissao. Unidade sem reconciliação permanece n/d; pagamentos realizados ficam documentados."
CRI_K3,Série 3,Sênior,2026-05-01,n/d,n/d,n/d,106260503.0,1320713.51,3005338.25,Realizado,CVM_CRI_2026_CLASSE,Documentado,"Saldo final: saldo agregado reconciliado, controlado por Valor_Atualizado_Emissao. Unidade sem reconciliação permanece n/d; pagamentos realizados ficam documentados."
CRI_K3,Série 4,Mezanino,2025-06-01,n/d,n/d,n/d,n/d,n/d,n/d,Realizado,CVM_CRI_2025_CLASSE,Documentado,"Saldo final: n/d, controlado por Valor_Atualizado_Emissao. Unidade sem reconciliação permanece n/d; pagamentos realizados ficam documentados. Saldo inicial da primeira competência permanece n/d; Total_Integralizado não foi usado como saldo corrente."
CRI_K3,Série 4,Mezanino,2025-07-01,n/d,n/d,n/d,n/d,n/d,n/d,Realizado,CVM_CRI_2025_CLASSE,Documentado,"Saldo final: n/d, controlado por Valor_Atualizado_Emissao. Unidade sem reconciliação permanece n/d; pagamentos realizados ficam documentados."
CRI_K3,Série 4,Mezanino,2025-08-01,n/d,n/d,n/d,n/d,n/d,n/d,Realizado,CVM_CRI_2025_CLASSE,Documentado,"Saldo final: n/d, controlado por Valor_Atualizado_Emissao. Unidade sem reconciliação permanece n/d; pagamentos realizados ficam documentados."
CRI_K3,Série 4,Mezanino,2025-09-01,n/d,n/d,n/d,n/d,n/d,n/d,Realizado,CVM_CRI_2025_CLASSE,Documentado,"Saldo final: n/d, controlado por Valor_Atualizado_Emissao. Unidade sem reconciliação permanece n/d; pagamentos realizados ficam documentados."
CRI_K3,Série 4,Mezanino,2025-10-01,n/d,n/d,n/d,n/d,n/d,n/d,Realizado,CVM_CRI_2025_CLASSE,Documentado,"Saldo final: n/d, controlado por Valor_Atualizado_Emissao. Unidade sem reconciliação permanece n/d; pagamentos realizados ficam documentados."
CRI_K3,Série 4,Mezanino,2025-11-01,n/d,n/d,n/d,n/d,n/d,n/d,Realizado,CVM_CRI_2025_CLASSE,Documentado,"Saldo final: n/d, controlado por Valor_Atualizado_Emissao. Unidade sem reconciliação permanece n/d; pagamentos realizados ficam documentados."
CRI_K3,Série 4,Mezanino,2025-12-01,n/d,n/d,n/d,n/d,n/d,n/d,Realizado,CVM_CRI_2025_CLASSE,Documentado,"Saldo final: n/d, controlado por Valor_Atualizado_Emissao. Unidade sem reconciliação permanece n/d; pagamentos realizados ficam documentados."
CRI_K3,Série 4,Mezanino,2026-01-01,n/d,n/d,n/d,n/d,n/d,n/d,Realizado,CVM_CRI_2026_CLASSE,Documentado,"Saldo final: n/d, controlado por Valor_Atualizado_Emissao. Unidade sem reconciliação permanece n/d; pagamentos realizados ficam documentados."
CRI_K3,Série 4,Mezanino,2026-02-01,n/d,n/d,n/d,64187254.0,1065747.06,1575044.97,Realizado,CVM_CRI_2026_CLASSE,Documentado,"Saldo final: saldo agregado reconciliado, controlado por Valor_Atualizado_Emissao. Unidade sem reconciliação permanece n/d; pagamentos realizados ficam documentados."
CRI_K3,Série 4,Mezanino,2026-03-01,64187254.0,n/d,n/d,62711427.0,890367.59,1648462.5,Realizado,CVM_CRI_2026_CLASSE,Documentado,"Saldo final: saldo agregado reconciliado, controlado por Valor_Atualizado_Emissao. Unidade sem reconciliação permanece n/d; pagamentos realizados ficam documentados."
CRI_K3,Série 4,Mezanino,2026-04-01,62711427.0,n/d,n/d,n/d,1054567.22,1727962.74,Realizado,CVM_CRI_2026_CLASSE,Documentado,"Saldo final: n/d por conflito de unidade, controlado por Valor_Atualizado_Emissao. Unidade sem reconciliação permanece n/d; pagamentos realizados ficam documentados."
CRI_K3,Série 4,Mezanino,2026-05-01,n/d,n/d,n/d,59166297.0,924249.66,1669632.36,Realizado,CVM_CRI_2026_CLASSE,Documentado,"Saldo final: saldo agregado reconciliado, controlado por Valor_Atualizado_Emissao. Unidade sem reconciliação permanece n/d; pagamentos realizados ficam documentados."
CRI_K3,Série 5,Subordinada,2025-06-01,n/d,n/d,n/d,n/d,n/d,n/d,Realizado,CVM_CRI_2025_CLASSE,Documentado,"Saldo final: n/d, controlado por Valor_Atualizado_Emissao. Unidade sem reconciliação permanece n/d; pagamentos realizados ficam documentados. Saldo inicial da primeira competência permanece n/d; Total_Integralizado não foi usado como saldo corrente."
CRI_K3,Série 5,Subordinada,2025-07-01,n/d,n/d,n/d,n/d,n/d,n/d,Realizado,CVM_CRI_2025_CLASSE,Documentado,"Saldo final: n/d, controlado por Valor_Atualizado_Emissao. Unidade sem reconciliação permanece n/d; pagamentos realizados ficam documentados."
CRI_K3,Série 5,Subordinada,2025-08-01,n/d,n/d,n/d,n/d,n/d,n/d,Realizado,CVM_CRI_2025_CLASSE,Documentado,"Saldo final: n/d, controlado por Valor_Atualizado_Emissao. Unidade sem reconciliação permanece n/d; pagamentos realizados ficam documentados."
CRI_K3,Série 5,Subordinada,2025-09-01,n/d,n/d,n/d,n/d,n/d,n/d,Realizado,CVM_CRI_2025_CLASSE,Documentado,"Saldo final: n/d, controlado por Valor_Atualizado_Emissao. Unidade sem reconciliação permanece n/d; pagamentos realizados ficam documentados."
CRI_K3,Série 5,Subordinada,2025-10-01,n/d,n/d,n/d,n/d,n/d,n/d,Realizado,CVM_CRI_2025_CLASSE,Documentado,"Saldo final: n/d, controlado por Valor_Atualizado_Emissao. Unidade sem reconciliação permanece n/d; pagamentos realizados ficam documentados."
CRI_K3,Série 5,Subordinada,2025-11-01,n/d,n/d,n/d,n/d,n/d,n/d,Realizado,CVM_CRI_2025_CLASSE,Documentado,"Saldo final: n/d, controlado por Valor_Atualizado_Emissao. Unidade sem reconciliação permanece n/d; pagamentos realizados ficam documentados."
CRI_K3,Série 5,Subordinada,2025-12-01,n/d,n/d,n/d,n/d,n/d,n/d,Realizado,CVM_CRI_2025_CLASSE,Documentado,"Saldo final: n/d, controlado por Valor_Atualizado_Emissao. Unidade sem reconciliação permanece n/d; pagamentos realizados ficam documentados."
CRI_K3,Série 5,Subordinada,2026-01-01,n/d,n/d,n/d,n/d,n/d,n/d,Realizado,CVM_CRI_2026_CLASSE,Documentado,"Saldo final: n/d, controlado por Valor_Atualizado_Emissao. Unidade sem reconciliação permanece n/d; pagamentos realizados ficam documentados."
CRI_K3,Série 5,Subordinada,2026-02-01,n/d,n/d,n/d,30509371.0,654670.04,3074591.39,Realizado,CVM_CRI_2026_CLASSE,Documentado,"Saldo final: saldo agregado reconciliado, controlado por Valor_Atualizado_Emissao. Unidade sem reconciliação permanece n/d; pagamentos realizados ficam documentados."
CRI_K3,Série 5,Subordinada,2026-03-01,30509371.0,n/d,n/d,29309098.0,508494.84,1291311.35,Realizado,CVM_CRI_2026_CLASSE,Documentado,"Saldo final: saldo agregado reconciliado, controlado por Valor_Atualizado_Emissao. Unidade sem reconciliação permanece n/d; pagamentos realizados ficam documentados."
CRI_K3,Série 5,Subordinada,2026-04-01,29309098.0,n/d,n/d,n/d,592670.75,3241706.48,Realizado,CVM_CRI_2026_CLASSE,Documentado,"Saldo final: n/d por conflito de unidade, controlado por Valor_Atualizado_Emissao. Unidade sem reconciliação permanece n/d; pagamentos realizados ficam documentados."
CRI_K3,Série 5,Subordinada,2026-05-01,n/d,n/d,n/d,25214984.0,474836.33,737594.64,Realizado,CVM_CRI_2026_CLASSE,Documentado,"Saldo final: saldo agregado reconciliado, controlado por Valor_Atualizado_Emissao. Unidade sem reconciliação permanece n/d; pagamentos realizados ficam documentados."
CRI_K3,Série 6,Júnior/Subordinada,2025-06-01,n/d,n/d,n/d,n/d,0.0,0.0,Realizado,CVM_CRI_2025_CLASSE,Documentado,"Saldo final: n/d, controlado por Valor_Atualizado_Emissao. Unidade sem reconciliação permanece n/d; pagamentos realizados ficam documentados. Saldo inicial da primeira competência permanece n/d; Total_Integralizado não foi usado como saldo corrente."
CRI_K3,Série 6,Júnior/Subordinada,2025-07-01,n/d,n/d,n/d,n/d,0.0,0.0,Realizado,CVM_CRI_2025_CLASSE,Documentado,"Saldo final: n/d, controlado por Valor_Atualizado_Emissao. Unidade sem reconciliação permanece n/d; pagamentos realizados ficam documentados."
CRI_K3,Série 6,Júnior/Subordinada,2025-08-01,n/d,n/d,n/d,n/d,0.0,0.0,Realizado,CVM_CRI_2025_CLASSE,Documentado,"Saldo final: n/d, controlado por Valor_Atualizado_Emissao. Unidade sem reconciliação permanece n/d; pagamentos realizados ficam documentados."
CRI_K3,Série 6,Júnior/Subordinada,2025-09-01,n/d,n/d,n/d,n/d,0.0,0.0,Realizado,CVM_CRI_2025_CLASSE,Documentado,"Saldo final: n/d, controlado por Valor_Atualizado_Emissao. Unidade sem reconciliação permanece n/d; pagamentos realizados ficam documentados."
CRI_K3,Série 6,Júnior/Subordinada,2025-10-01,n/d,n/d,n/d,n/d,0.0,0.0,Realizado,CVM_CRI_2025_CLASSE,Documentado,"Saldo final: n/d, controlado por Valor_Atualizado_Emissao. Unidade sem reconciliação permanece n/d; pagamentos realizados ficam documentados."
CRI_K3,Série 6,Júnior/Subordinada,2025-11-01,n/d,n/d,n/d,n/d,0.0,0.0,Realizado,CVM_CRI_2025_CLASSE,Documentado,"Saldo final: n/d, controlado por Valor_Atualizado_Emissao. Unidade sem reconciliação permanece n/d; pagamentos realizados ficam documentados."
CRI_K3,Série 6,Júnior/Subordinada,2025-12-01,n/d,n/d,n/d,n/d,0.0,0.0,Realizado,CVM_CRI_2025_CLASSE,Documentado,"Saldo final: n/d, controlado por Valor_Atualizado_Emissao. Unidade sem reconciliação permanece n/d; pagamentos realizados ficam documentados."
CRI_K3,Série 6,Júnior/Subordinada,2026-01-01,n/d,n/d,n/d,n/d,0.0,0.0,Realizado,CVM_CRI_2026_CLASSE,Documentado,"Saldo final: n/d, controlado por Valor_Atualizado_Emissao. Unidade sem reconciliação permanece n/d; pagamentos realizados ficam documentados."
CRI_K3,Série 6,Júnior/Subordinada,2026-02-01,n/d,n/d,n/d,24712770.0,0.0,0.0,Realizado,CVM_CRI_2026_CLASSE,Documentado,"Saldo final: saldo agregado reconciliado, controlado por Valor_Atualizado_Emissao. Unidade sem reconciliação permanece n/d; pagamentos realizados ficam documentados."
CRI_K3,Série 6,Júnior/Subordinada,2026-03-01,24712770.0,n/d,n/d,24989989.0,0.0,0.0,Realizado,CVM_CRI_2026_CLASSE,Documentado,"Saldo final: saldo agregado reconciliado, controlado por Valor_Atualizado_Emissao. Unidade sem reconciliação permanece n/d; pagamentos realizados ficam documentados."
CRI_K3,Série 6,Júnior/Subordinada,2026-04-01,24989989.0,n/d,n/d,n/d,0.0,0.0,Realizado,CVM_CRI_2026_CLASSE,Documentado,"Saldo final: n/d por conflito de unidade, controlado por Valor_Atualizado_Emissao. Unidade sem reconciliação permanece n/d; pagamentos realizados ficam documentados."
CRI_K3,Série 6,Júnior/Subordinada,2026-05-01,n/d,n/d,n/d,25502014.0,0.0,0.0,Realizado,CVM_CRI_2026_CLASSE,Documentado,"Saldo final: saldo agregado reconciliado, controlado por Valor_Atualizado_Emissao. Unidade sem reconciliação permanece n/d; pagamentos realizados ficam documentados."
CRI_K3,Série 1,Super Sênior A,2030-05-08,n/d,n/d,n/d,n/d,n/d,n/d,Projetado,ANX_CRI3_LAM_PREL_20250422,n/d,Curva contratual mensal completa não localizada; a data de vencimento não foi transformada em projeção bullet.
CRI_K3,Série 2,Super Sênior B,2030-05-08,n/d,n/d,n/d,n/d,n/d,n/d,Projetado,ANX_CRI3_LAM_PREL_20250422,n/d,Curva contratual mensal completa não localizada; a data de vencimento não foi transformada em projeção bullet.
CRI_K3,Série 3,Sênior,2033-05-06,n/d,n/d,n/d,n/d,n/d,n/d,Projetado,ANX_CRI3_LAM_PREL_20250422,n/d,Curva contratual mensal completa não localizada; a data de vencimento não foi transformada em projeção bullet.
CRI_K3,Série 4,Mezanino,2035-05-08,n/d,n/d,n/d,n/d,n/d,n/d,Projetado,ANX_CRI3_LAM_PREL_20250422,n/d,Curva contratual mensal completa não localizada; a data de vencimento não foi transformada em projeção bullet.
CRI_K3,Série 5,Subordinada,2035-05-08,n/d,n/d,n/d,n/d,n/d,n/d,Projetado,ANX_CRI3_LAM_PREL_20250422,n/d,Curva contratual mensal completa não localizada; a data de vencimento não foi transformada em projeção bullet.
CRI_K3,Série 6,Júnior/Subordinada,2037-05-08,n/d,n/d,n/d,n/d,n/d,n/d,Projetado,ANX_CRI3_LAM_PREL_20250422,n/d,Curva contratual mensal completa não localizada; a data de vencimento não foi transformada em projeção bullet.
CRI_K4,Série 1,Super Sênior A,2025-09-01,n/d,n/d,n/d,n/d,0.0,0.0,Realizado,CVM_CRI_2025_CLASSE,Documentado,"Saldo final: n/d por conflito de unidade, controlado por Valor_Atualizado_Emissao. Unidade sem reconciliação permanece n/d; pagamentos realizados ficam documentados. Saldo inicial da primeira competência permanece n/d; Total_Integralizado não foi usado como saldo corrente."
CRI_K4,Série 1,Super Sênior A,2025-10-01,n/d,n/d,n/d,197380972.31,0.0,0.0,Realizado,CVM_CRI_2025_CLASSE,Documentado,"Saldo final: saldo agregado reconciliado, controlado por Valor_Atualizado_Emissao. Unidade sem reconciliação permanece n/d; pagamentos realizados ficam documentados."
CRI_K4,Série 1,Super Sênior A,2025-11-01,197380972.31,n/d,n/d,199369775.0,0.0,0.0,Realizado,CVM_CRI_2025_CLASSE,Documentado,"Saldo final: saldo agregado reconciliado, controlado por Valor_Atualizado_Emissao. Unidade sem reconciliação permanece n/d; pagamentos realizados ficam documentados."
CRI_K4,Série 1,Super Sênior A,2025-12-01,199369775.0,n/d,n/d,194357704.0,2109555.9,5203326.0,Realizado,CVM_CRI_2025_CLASSE,Documentado,"Saldo final: saldo agregado reconciliado, controlado por Valor_Atualizado_Emissao. Unidade sem reconciliação permanece n/d; pagamentos realizados ficam documentados."
CRI_K4,Série 1,Super Sênior A,2026-01-01,194357704.0,n/d,n/d,187553374.0,2260983.64,6680618.07,Realizado,CVM_CRI_2026_CLASSE,Documentado,"Saldo final: saldo agregado reconciliado, controlado por Valor_Atualizado_Emissao. Unidade sem reconciliação permanece n/d; pagamentos realizados ficam documentados."
CRI_K4,Série 1,Super Sênior A,2026-02-01,187553374.0,n/d,n/d,180662779.0,2083202.62,6583506.76,Realizado,CVM_CRI_2026_CLASSE,Documentado,"Saldo final: saldo agregado reconciliado, controlado por Valor_Atualizado_Emissao. Unidade sem reconciliação permanece n/d; pagamentos realizados ficam documentados."
CRI_K4,Série 1,Super Sênior A,2026-03-01,180662779.0,n/d,n/d,176916880.0,1721359.91,4112397.91,Realizado,CVM_CRI_2026_CLASSE,Documentado,"Saldo final: saldo agregado reconciliado, controlado por Valor_Atualizado_Emissao. Unidade sem reconciliação permanece n/d; pagamentos realizados ficam documentados."
CRI_K4,Série 1,Super Sênior A,2026-04-01,176916880.0,n/d,n/d,n/d,2058092.7,3954394.56,Realizado,CVM_CRI_2026_CLASSE,Documentado,"Saldo final: n/d por conflito de unidade, controlado por Valor_Atualizado_Emissao. Unidade sem reconciliação permanece n/d; pagamentos realizados ficam documentados."
CRI_K4,Série 1,Super Sênior A,2026-05-01,n/d,n/d,n/d,n/d,1828052.13,4381469.43,Realizado,CVM_CRI_2026_CLASSE,Documentado,"Saldo final: n/d por conflito de unidade, controlado por Valor_Atualizado_Emissao. Unidade sem reconciliação permanece n/d; pagamentos realizados ficam documentados."
CRI_K4,Série 2,Super Sênior B,2025-09-01,n/d,n/d,n/d,n/d,0.0,0.0,Realizado,CVM_CRI_2025_CLASSE,Documentado,"Saldo final: n/d por conflito de unidade, controlado por Valor_Atualizado_Emissao. Unidade sem reconciliação permanece n/d; pagamentos realizados ficam documentados. Saldo inicial da primeira competência permanece n/d; Total_Integralizado não foi usado como saldo corrente."
CRI_K4,Série 2,Super Sênior B,2025-10-01,n/d,n/d,n/d,0.0,0.0,0.0,Realizado,CVM_CRI_2025_CLASSE,Documentado,"Saldo final: saldo agregado reconciliado, controlado por Valor_Atualizado_Emissao. Unidade sem reconciliação permanece n/d; pagamentos realizados ficam documentados."
CRI_K4,Série 2,Super Sênior B,2025-11-01,0.0,n/d,n/d,97912445.0,0.0,0.0,Realizado,CVM_CRI_2025_CLASSE,Documentado,"Saldo final: saldo agregado reconciliado, controlado por Valor_Atualizado_Emissao. Unidade sem reconciliação permanece n/d; pagamentos realizados ficam documentados."
CRI_K4,Série 2,Super Sênior B,2025-12-01,97912445.0,n/d,n/d,94340924.0,1036023.52,3661355.4,Realizado,CVM_CRI_2025_CLASSE,Documentado,"Saldo final: saldo agregado reconciliado, controlado por Valor_Atualizado_Emissao. Unidade sem reconciliação permanece n/d; pagamentos realizados ficam documentados."
CRI_K4,Série 2,Super Sênior B,2026-01-01,94340924.0,n/d,n/d,90940256.0,1097477.9,3340309.04,Realizado,CVM_CRI_2026_CLASSE,Documentado,"Saldo final: saldo agregado reconciliado, controlado por Valor_Atualizado_Emissao. Unidade sem reconciliação permanece n/d; pagamentos realizados ficam documentados."
CRI_K4,Série 2,Super Sênior B,2026-02-01,90940256.0,n/d,n/d,89175062.0,1010096.36,1618787.02,Realizado,CVM_CRI_2026_CLASSE,Documentado,"Saldo final: saldo agregado reconciliado, controlado por Valor_Atualizado_Emissao. Unidade sem reconciliação permanece n/d; pagamentos realizados ficam documentados."
CRI_K4,Série 2,Super Sênior B,2026-03-01,89175062.0,n/d,n/d,87738670.0,849662.43,1618816.39,Realizado,CVM_CRI_2026_CLASSE,Documentado,"Saldo final: saldo agregado reconciliado, controlado por Valor_Atualizado_Emissao. Unidade sem reconciliação permanece n/d; pagamentos realizados ficam documentados."
CRI_K4,Série 2,Super Sênior B,2026-04-01,87738670.0,n/d,n/d,n/d,1020673.19,1618841.99,Realizado,CVM_CRI_2026_CLASSE,Documentado,"Saldo final: n/d por conflito de unidade, controlado por Valor_Atualizado_Emissao. Unidade sem reconciliação permanece n/d; pagamentos realizados ficam documentados."
CRI_K4,Série 2,Super Sênior B,2026-05-01,n/d,n/d,n/d,n/d,910219.94,1831973.71,Realizado,CVM_CRI_2026_CLASSE,Documentado,"Saldo final: n/d por conflito de unidade, controlado por Valor_Atualizado_Emissao. Unidade sem reconciliação permanece n/d; pagamentos realizados ficam documentados."
CRI_K4,Série 3,Sênior A,2025-09-01,n/d,n/d,n/d,n/d,0.0,0.0,Realizado,CVM_CRI_2025_CLASSE,Documentado,"Saldo final: n/d por conflito de unidade, controlado por Valor_Atualizado_Emissao. Unidade sem reconciliação permanece n/d; pagamentos realizados ficam documentados. Saldo inicial da primeira competência permanece n/d; Total_Integralizado não foi usado como saldo corrente."
CRI_K4,Série 3,Sênior A,2025-10-01,n/d,n/d,n/d,54708691.76,0.0,0.0,Realizado,CVM_CRI_2025_CLASSE,Documentado,"Saldo final: saldo agregado reconciliado, controlado por Valor_Atualizado_Emissao. Unidade sem reconciliação permanece n/d; pagamentos realizados ficam documentados."
CRI_K4,Série 3,Sênior A,2025-11-01,54708691.76,n/d,n/d,55301143.0,0.0,0.0,Realizado,CVM_CRI_2025_CLASSE,Documentado,"Saldo final: saldo agregado reconciliado, controlado por Valor_Atualizado_Emissao. Unidade sem reconciliação permanece n/d; pagamentos realizados ficam documentados."
CRI_K4,Série 3,Sênior A,2025-12-01,55301143.0,n/d,n/d,55995158.0,0.0,0.0,Realizado,CVM_CRI_2025_CLASSE,Documentado,"Saldo final: saldo agregado reconciliado, controlado por Valor_Atualizado_Emissao. Unidade sem reconciliação permanece n/d; pagamentos realizados ficam documentados."
CRI_K4,Série 3,Sênior A,2026-01-01,55995158.0,n/d,n/d,56665751.0,0.0,0.0,Realizado,CVM_CRI_2026_CLASSE,Documentado,"Saldo final: saldo agregado reconciliado, controlado por Valor_Atualizado_Emissao. Unidade sem reconciliação permanece n/d; pagamentos realizados ficam documentados."
CRI_K4,Série 3,Sênior A,2026-02-01,56665751.0,n/d,n/d,56384156.0,676319.38,184992.06,Realizado,CVM_CRI_2026_CLASSE,Documentado,"Saldo final: saldo agregado reconciliado, controlado por Valor_Atualizado_Emissao. Unidade sem reconciliação permanece n/d; pagamentos realizados ficam documentados."
CRI_K4,Série 3,Sênior A,2026-03-01,56384156.0,n/d,n/d,53672540.0,577311.34,2828369.64,Realizado,CVM_CRI_2026_CLASSE,Documentado,"Saldo final: saldo agregado reconciliado, controlado por Valor_Atualizado_Emissao. Unidade sem reconciliação permanece n/d; pagamentos realizados ficam documentados."
CRI_K4,Série 3,Sênior A,2026-04-01,53672540.0,n/d,n/d,n/d,670909.39,3532445.65,Realizado,CVM_CRI_2026_CLASSE,Documentado,"Saldo final: n/d por conflito de unidade, controlado por Valor_Atualizado_Emissao. Unidade sem reconciliação permanece n/d; pagamentos realizados ficam documentados."
CRI_K4,Série 3,Sênior A,2026-05-01,n/d,n/d,n/d,n/d,569292.97,1947885.13,Realizado,CVM_CRI_2026_CLASSE,Documentado,"Saldo final: n/d por conflito de unidade, controlado por Valor_Atualizado_Emissao. Unidade sem reconciliação permanece n/d; pagamentos realizados ficam documentados."
CRI_K4,Série 4,Sênior B,2025-09-01,n/d,n/d,n/d,n/d,0.0,0.0,Realizado,CVM_CRI_2025_CLASSE,Documentado,"Saldo final: n/d por conflito de unidade, controlado por Valor_Atualizado_Emissao. Unidade sem reconciliação permanece n/d; pagamentos realizados ficam documentados. Saldo inicial da primeira competência permanece n/d; Total_Integralizado não foi usado como saldo corrente."
CRI_K4,Série 4,Sênior B,2025-10-01,n/d,n/d,n/d,0.0,0.0,0.0,Realizado,CVM_CRI_2025_CLASSE,Documentado,"Saldo final: saldo agregado reconciliado, controlado por Valor_Atualizado_Emissao. Unidade sem reconciliação permanece n/d; pagamentos realizados ficam documentados."
CRI_K4,Série 4,Sênior B,2025-11-01,0.0,n/d,n/d,27122727.0,0.0,0.0,Realizado,CVM_CRI_2025_CLASSE,Documentado,"Saldo final: saldo agregado reconciliado, controlado por Valor_Atualizado_Emissao. Unidade sem reconciliação permanece n/d; pagamentos realizados ficam documentados."
CRI_K4,Série 4,Sênior B,2025-12-01,27122727.0,n/d,n/d,27463111.0,0.0,0.0,Realizado,CVM_CRI_2025_CLASSE,Documentado,"Saldo final: saldo agregado reconciliado, controlado por Valor_Atualizado_Emissao. Unidade sem reconciliação permanece n/d; pagamentos realizados ficam documentados."
CRI_K4,Série 4,Sênior B,2026-01-01,27463111.0,n/d,n/d,27792006.0,0.0,0.0,Realizado,CVM_CRI_2026_CLASSE,Documentado,"Saldo final: saldo agregado reconciliado, controlado por Valor_Atualizado_Emissao. Unidade sem reconciliação permanece n/d; pagamentos realizados ficam documentados."
CRI_K4,Série 4,Sênior B,2026-02-01,27792006.0,n/d,n/d,27652128.0,331704.29,92496.03,Realizado,CVM_CRI_2026_CLASSE,Documentado,"Saldo final: saldo agregado reconciliado, controlado por Valor_Atualizado_Emissao. Unidade sem reconciliação permanece n/d; pagamentos realizados ficam documentados."
CRI_K4,Série 4,Sênior B,2026-03-01,27652128.0,n/d,n/d,26295094.0,283127.18,1414184.82,Realizado,CVM_CRI_2026_CLASSE,Documentado,"Saldo final: saldo agregado reconciliado, controlado por Valor_Atualizado_Emissao. Unidade sem reconciliação permanece n/d; pagamentos realizados ficam documentados."
CRI_K4,Série 4,Sênior B,2026-04-01,26295094.0,n/d,n/d,n/d,328689.97,1227190.07,Realizado,CVM_CRI_2026_CLASSE,Documentado,"Saldo final: n/d por conflito de unidade, controlado por Valor_Atualizado_Emissao. Unidade sem reconciliação permanece n/d; pagamentos realizados ficam documentados."
CRI_K4,Série 4,Sênior B,2026-05-01,n/d,n/d,n/d,n/d,284646.49,973942.57,Realizado,CVM_CRI_2026_CLASSE,Documentado,"Saldo final: n/d por conflito de unidade, controlado por Valor_Atualizado_Emissao. Unidade sem reconciliação permanece n/d; pagamentos realizados ficam documentados."
CRI_K4,Série 5,Mezanino,2025-09-01,n/d,n/d,n/d,n/d,0.0,0.0,Realizado,CVM_CRI_2025_CLASSE,Documentado,"Saldo final: n/d por conflito de unidade, controlado por Valor_Atualizado_Emissao. Unidade sem reconciliação permanece n/d; pagamentos realizados ficam documentados. Saldo inicial da primeira competência permanece n/d; Total_Integralizado não foi usado como saldo corrente."
CRI_K4,Série 5,Mezanino,2025-10-01,n/d,n/d,n/d,30531553.01,0.0,0.0,Realizado,CVM_CRI_2025_CLASSE,Documentado,"Saldo final: saldo agregado reconciliado, controlado por Valor_Atualizado_Emissao. Unidade sem reconciliação permanece n/d; pagamentos realizados ficam documentados."
CRI_K4,Série 5,Mezanino,2025-11-01,30531553.01,n/d,n/d,46466638.0,0.0,0.0,Realizado,CVM_CRI_2025_CLASSE,Documentado,"Saldo final: saldo agregado reconciliado, controlado por Valor_Atualizado_Emissao. Unidade sem reconciliação permanece n/d; pagamentos realizados ficam documentados."
CRI_K4,Série 5,Mezanino,2025-12-01,46466638.0,n/d,n/d,47253856.0,0.0,0.0,Realizado,CVM_CRI_2025_CLASSE,Documentado,"Saldo final: saldo agregado reconciliado, controlado por Valor_Atualizado_Emissao. Unidade sem reconciliação permanece n/d; pagamentos realizados ficam documentados."
CRI_K4,Série 5,Mezanino,2026-01-01,47253856.0,n/d,n/d,48017730.0,0.0,0.0,Realizado,CVM_CRI_2026_CLASSE,Documentado,"Saldo final: saldo agregado reconciliado, controlado por Valor_Atualizado_Emissao. Unidade sem reconciliação permanece n/d; pagamentos realizados ficam documentados."
CRI_K4,Série 5,Mezanino,2026-02-01,48017730.0,n/d,n/d,48682299.0,0.0,0.0,Realizado,CVM_CRI_2026_CLASSE,Documentado,"Saldo final: saldo agregado reconciliado, controlado por Valor_Atualizado_Emissao. Unidade sem reconciliação permanece n/d; pagamentos realizados ficam documentados."
CRI_K4,Série 5,Mezanino,2026-03-01,48682299.0,n/d,n/d,49503630.0,0.0,0.0,Realizado,CVM_CRI_2026_CLASSE,Documentado,"Saldo final: saldo agregado reconciliado, controlado por Valor_Atualizado_Emissao. Unidade sem reconciliação permanece n/d; pagamentos realizados ficam documentados."
CRI_K4,Série 5,Mezanino,2026-04-01,49503630.0,n/d,n/d,n/d,0.0,0.0,Realizado,CVM_CRI_2026_CLASSE,Documentado,"Saldo final: n/d por conflito de unidade, controlado por Valor_Atualizado_Emissao. Unidade sem reconciliação permanece n/d; pagamentos realizados ficam documentados."
CRI_K4,Série 5,Mezanino,2026-05-01,n/d,n/d,n/d,n/d,0.0,0.0,Realizado,CVM_CRI_2026_CLASSE,Documentado,"Saldo final: n/d por conflito de unidade, controlado por Valor_Atualizado_Emissao. Unidade sem reconciliação permanece n/d; pagamentos realizados ficam documentados."
CRI_K4,Série 6,Subordinada,2025-09-01,n/d,n/d,n/d,n/d,0.0,0.0,Realizado,CVM_CRI_2025_CLASSE,Documentado,"Saldo final: n/d por conflito de unidade, controlado por Valor_Atualizado_Emissao. Unidade sem reconciliação permanece n/d; pagamentos realizados ficam documentados. Saldo inicial da primeira competência permanece n/d; Total_Integralizado não foi usado como saldo corrente."
CRI_K4,Série 6,Subordinada,2025-10-01,n/d,n/d,n/d,12259268.1,0.0,0.0,Realizado,CVM_CRI_2025_CLASSE,Documentado,"Saldo final: saldo agregado reconciliado, controlado por Valor_Atualizado_Emissao. Unidade sem reconciliação permanece n/d; pagamentos realizados ficam documentados."
CRI_K4,Série 6,Subordinada,2025-11-01,12259268.1,n/d,n/d,18716499.0,0.0,0.0,Realizado,CVM_CRI_2025_CLASSE,Documentado,"Saldo final: saldo agregado reconciliado, controlado por Valor_Atualizado_Emissao. Unidade sem reconciliação permanece n/d; pagamentos realizados ficam documentados."
CRI_K4,Série 6,Subordinada,2025-12-01,18716499.0,n/d,n/d,19103119.0,0.0,0.0,Realizado,CVM_CRI_2025_CLASSE,Documentado,"Saldo final: saldo agregado reconciliado, controlado por Valor_Atualizado_Emissao. Unidade sem reconciliação permanece n/d; pagamentos realizados ficam documentados."
CRI_K4,Série 6,Subordinada,2026-01-01,19103119.0,n/d,n/d,19479614.0,0.0,0.0,Realizado,CVM_CRI_2026_CLASSE,Documentado,"Saldo final: saldo agregado reconciliado, controlado por Valor_Atualizado_Emissao. Unidade sem reconciliação permanece n/d; pagamentos realizados ficam documentados."
CRI_K4,Série 6,Subordinada,2026-02-01,19479614.0,n/d,n/d,19808224.0,0.0,0.0,Realizado,CVM_CRI_2026_CLASSE,Documentado,"Saldo final: saldo agregado reconciliado, controlado por Valor_Atualizado_Emissao. Unidade sem reconciliação permanece n/d; pagamentos realizados ficam documentados."
CRI_K4,Série 6,Subordinada,2026-03-01,19808224.0,n/d,n/d,20215997.0,0.0,0.0,Realizado,CVM_CRI_2026_CLASSE,Documentado,"Saldo final: saldo agregado reconciliado, controlado por Valor_Atualizado_Emissao. Unidade sem reconciliação permanece n/d; pagamentos realizados ficam documentados."
CRI_K4,Série 6,Subordinada,2026-04-01,20215997.0,n/d,n/d,n/d,0.0,0.0,Realizado,CVM_CRI_2026_CLASSE,Documentado,"Saldo final: n/d por conflito de unidade, controlado por Valor_Atualizado_Emissao. Unidade sem reconciliação permanece n/d; pagamentos realizados ficam documentados."
CRI_K4,Série 6,Subordinada,2026-05-01,n/d,n/d,n/d,n/d,0.0,0.0,Realizado,CVM_CRI_2026_CLASSE,Documentado,"Saldo final: n/d por conflito de unidade, controlado por Valor_Atualizado_Emissao. Unidade sem reconciliação permanece n/d; pagamentos realizados ficam documentados."
CRI_K4,Série 7,Júnior/Subordinada,2025-09-01,n/d,n/d,n/d,n/d,0.0,0.0,Realizado,CVM_CRI_2025_CLASSE,Documentado,"Saldo final: n/d por conflito de unidade, controlado por Valor_Atualizado_Emissao. Unidade sem reconciliação permanece n/d; pagamentos realizados ficam documentados. Saldo inicial da primeira competência permanece n/d; Total_Integralizado não foi usado como saldo corrente."
CRI_K4,Série 7,Júnior/Subordinada,2025-10-01,n/d,n/d,n/d,9102776.27,0.0,0.0,Realizado,CVM_CRI_2025_CLASSE,Documentado,"Saldo final: saldo agregado reconciliado, controlado por Valor_Atualizado_Emissao. Unidade sem reconciliação permanece n/d; pagamentos realizados ficam documentados."
CRI_K4,Série 7,Júnior/Subordinada,2025-11-01,9102776.27,n/d,n/d,13782845.0,0.0,0.0,Realizado,CVM_CRI_2025_CLASSE,Documentado,"Saldo final: saldo agregado reconciliado, controlado por Valor_Atualizado_Emissao. Unidade sem reconciliação permanece n/d; pagamentos realizados ficam documentados."
CRI_K4,Série 7,Júnior/Subordinada,2025-12-01,13782845.0,n/d,n/d,13933358.0,0.0,0.0,Realizado,CVM_CRI_2025_CLASSE,Documentado,"Saldo final: saldo agregado reconciliado, controlado por Valor_Atualizado_Emissao. Unidade sem reconciliação permanece n/d; pagamentos realizados ficam documentados."
CRI_K4,Série 7,Júnior/Subordinada,2026-01-01,13933358.0,n/d,n/d,14078564.0,0.0,0.0,Realizado,CVM_CRI_2026_CLASSE,Documentado,"Saldo final: saldo agregado reconciliado, controlado por Valor_Atualizado_Emissao. Unidade sem reconciliação permanece n/d; pagamentos realizados ficam documentados."
CRI_K4,Série 7,Júnior/Subordinada,2026-02-01,14078564.0,n/d,n/d,14204229.0,0.0,0.0,Realizado,CVM_CRI_2026_CLASSE,Documentado,"Saldo final: saldo agregado reconciliado, controlado por Valor_Atualizado_Emissao. Unidade sem reconciliação permanece n/d; pagamentos realizados ficam documentados."
CRI_K4,Série 7,Júnior/Subordinada,2026-03-01,14204229.0,n/d,n/d,14359345.0,0.0,0.0,Realizado,CVM_CRI_2026_CLASSE,Documentado,"Saldo final: saldo agregado reconciliado, controlado por Valor_Atualizado_Emissao. Unidade sem reconciliação permanece n/d; pagamentos realizados ficam documentados."
CRI_K4,Série 7,Júnior/Subordinada,2026-04-01,14359345.0,n/d,n/d,n/d,0.0,0.0,Realizado,CVM_CRI_2026_CLASSE,Documentado,"Saldo final: n/d por conflito de unidade, controlado por Valor_Atualizado_Emissao. Unidade sem reconciliação permanece n/d; pagamentos realizados ficam documentados."
CRI_K4,Série 7,Júnior/Subordinada,2026-05-01,n/d,n/d,n/d,n/d,0.0,0.0,Realizado,CVM_CRI_2026_CLASSE,Documentado,"Saldo final: n/d por conflito de unidade, controlado por Valor_Atualizado_Emissao. Unidade sem reconciliação permanece n/d; pagamentos realizados ficam documentados."
CRI_K4,Série 1,Super Sênior A,2030-09-20,n/d,n/d,n/d,n/d,n/d,n/d,Projetado,ANX_CRI4_INICIO_20250929,n/d,Curva contratual mensal completa não localizada; a data de vencimento não foi transformada em projeção bullet.
CRI_K4,Série 2,Super Sênior B,2030-09-20,n/d,n/d,n/d,n/d,n/d,n/d,Projetado,ANX_CRI4_INICIO_20250929,n/d,Curva contratual mensal completa não localizada; a data de vencimento não foi transformada em projeção bullet.
CRI_K4,Série 3,Sênior A,2033-09-22,n/d,n/d,n/d,n/d,n/d,n/d,Projetado,ANX_CRI4_INICIO_20250929,n/d,Curva contratual mensal completa não localizada; a data de vencimento não foi transformada em projeção bullet.
CRI_K4,Série 4,Sênior B,2033-09-22,n/d,n/d,n/d,n/d,n/d,n/d,Projetado,ANX_CRI4_INICIO_20250929,n/d,Curva contratual mensal completa não localizada; a data de vencimento não foi transformada em projeção bullet.
CRI_K4,Série 5,Mezanino,2035-09-24,n/d,n/d,n/d,n/d,n/d,n/d,Projetado,ANX_CRI4_INICIO_20250929,n/d,Curva contratual mensal completa não localizada; a data de vencimento não foi transformada em projeção bullet.
CRI_K4,Série 6,Subordinada,2035-09-24,n/d,n/d,n/d,n/d,n/d,n/d,Projetado,ANX_CRI4_INICIO_20250929,n/d,Curva contratual mensal completa não localizada; a data de vencimento não foi transformada em projeção bullet.
CRI_K4,Série 7,Júnior/Subordinada,2037-09-22,n/d,n/d,n/d,n/d,n/d,n/d,Projetado,ANX_CRI4_INICIO_20250929,n/d,Curva contratual mensal completa não localizada; a data de vencimento não foi transformada em projeção bullet.
CRI_V174,Série 1,Super Sênior A,2026-05-01,n/d,n/d,n/d,n/d,0.0,0.0,Realizado,CVM_CRI_2026_CLASSE,Documentado,"Saldo final: n/d, controlado por Valor_Atualizado_Emissao. Unidade sem reconciliação permanece n/d; pagamentos realizados ficam documentados. Saldo inicial da primeira competência permanece n/d; Total_Integralizado não foi usado como saldo corrente."
CRI_V174,Série 1,Super Sênior A,2026-06-01,n/d,n/d,n/d,n/d,0.0,0.0,Realizado,CVM_CRI_2026_CLASSE,Documentado,"Saldo final: n/d, controlado por Valor_Atualizado_Emissao. Unidade sem reconciliação permanece n/d; pagamentos realizados ficam documentados."
CRI_V174,Série 2,Super Sênior B,2026-05-01,n/d,n/d,n/d,n/d,0.0,0.0,Realizado,CVM_CRI_2026_CLASSE,Documentado,"Saldo final: n/d, controlado por Valor_Atualizado_Emissao. Unidade sem reconciliação permanece n/d; pagamentos realizados ficam documentados. Saldo inicial da primeira competência permanece n/d; Total_Integralizado não foi usado como saldo corrente."
CRI_V174,Série 2,Super Sênior B,2026-06-01,n/d,n/d,n/d,n/d,0.0,0.0,Realizado,CVM_CRI_2026_CLASSE,Documentado,"Saldo final: n/d, controlado por Valor_Atualizado_Emissao. Unidade sem reconciliação permanece n/d; pagamentos realizados ficam documentados."
CRI_V174,Série 3,Sênior,2026-05-01,n/d,n/d,n/d,n/d,0.0,0.0,Realizado,CVM_CRI_2026_CLASSE,Documentado,"Saldo final: n/d, controlado por Valor_Atualizado_Emissao. Unidade sem reconciliação permanece n/d; pagamentos realizados ficam documentados. Saldo inicial da primeira competência permanece n/d; Total_Integralizado não foi usado como saldo corrente."
CRI_V174,Série 3,Sênior,2026-06-01,n/d,n/d,n/d,n/d,0.0,0.0,Realizado,CVM_CRI_2026_CLASSE,Documentado,"Saldo final: n/d, controlado por Valor_Atualizado_Emissao. Unidade sem reconciliação permanece n/d; pagamentos realizados ficam documentados."
CRI_V174,Série 4,Mezanino,2026-05-01,n/d,n/d,n/d,n/d,0.0,0.0,Realizado,CVM_CRI_2026_CLASSE,Documentado,"Saldo final: n/d, controlado por Valor_Atualizado_Emissao. Unidade sem reconciliação permanece n/d; pagamentos realizados ficam documentados. Saldo inicial da primeira competência permanece n/d; Total_Integralizado não foi usado como saldo corrente."
CRI_V174,Série 4,Mezanino,2026-06-01,n/d,n/d,n/d,n/d,0.0,0.0,Realizado,CVM_CRI_2026_CLASSE,Documentado,"Saldo final: n/d, controlado por Valor_Atualizado_Emissao. Unidade sem reconciliação permanece n/d; pagamentos realizados ficam documentados."
CRI_V174,Série 5,Subordinada,2026-05-01,n/d,n/d,n/d,n/d,n/d,n/d,Realizado,CVM_CRI_2026_CLASSE,Documentado,"Saldo final: n/d, controlado por Valor_Atualizado_Emissao. Unidade sem reconciliação permanece n/d; pagamentos realizados ficam documentados. Saldo inicial da primeira competência permanece n/d; Total_Integralizado não foi usado como saldo corrente."
CRI_V174,Série 5,Subordinada,2026-06-01,n/d,n/d,n/d,n/d,n/d,n/d,Realizado,CVM_CRI_2026_CLASSE,Documentado,"Saldo final: n/d, controlado por Valor_Atualizado_Emissao. Unidade sem reconciliação permanece n/d; pagamentos realizados ficam documentados."
CRI_V174,Série 6,Júnior/Subordinada,2026-05-01,n/d,n/d,n/d,n/d,0.0,0.0,Realizado,CVM_CRI_2026_CLASSE,Documentado,"Saldo final: n/d, controlado por Valor_Atualizado_Emissao. Unidade sem reconciliação permanece n/d; pagamentos realizados ficam documentados. Saldo inicial da primeira competência permanece n/d; Total_Integralizado não foi usado como saldo corrente."
CRI_V174,Série 6,Júnior/Subordinada,2026-06-01,n/d,n/d,n/d,n/d,0.0,0.0,Realizado,CVM_CRI_2026_CLASSE,Documentado,"Saldo final: n/d, controlado por Valor_Atualizado_Emissao. Unidade sem reconciliação permanece n/d; pagamentos realizados ficam documentados."
CRI_V174,Série 1,Super Sênior A,2031-05-20,n/d,n/d,n/d,n/d,n/d,n/d,Projetado,ANX_CRIV_LAM_PREL_20260417,n/d,Curva contratual mensal completa não localizada; a data de vencimento não foi transformada em projeção bullet.
CRI_V174,Série 2,Super Sênior B,2031-05-20,n/d,n/d,n/d,n/d,n/d,n/d,Projetado,ANX_CRIV_LAM_PREL_20260417,n/d,Curva contratual mensal completa não localizada; a data de vencimento não foi transformada em projeção bullet.
CRI_V174,Série 3,Sênior,2034-05-22,n/d,n/d,n/d,n/d,n/d,n/d,Projetado,ANX_CRIV_LAM_PREL_20260417,n/d,Curva contratual mensal completa não localizada; a data de vencimento não foi transformada em projeção bullet.
CRI_V174,Série 4,Mezanino,2036-05-20,n/d,n/d,n/d,n/d,n/d,n/d,Projetado,ANX_CRIV_LAM_PREL_20260417,n/d,Curva contratual mensal completa não localizada; a data de vencimento não foi transformada em projeção bullet.
CRI_V174,Série 5,Subordinada,2036-05-20,n/d,n/d,n/d,n/d,n/d,n/d,Projetado,ANX_CRIV_LAM_PREL_20260417,n/d,Curva contratual mensal completa não localizada; a data de vencimento não foi transformada em projeção bullet.
CRI_V174,Série 6,Júnior/Subordinada,2038-05-20,n/d,n/d,n/d,n/d,n/d,n/d,Projetado,ANX_CRIV_LAM_PREL_20260417,n/d,Curva contratual mensal completa não localizada; a data de vencimento não foi transformada em projeção bullet.
CRI_V177,Série 1,Sênior A,2031-05-20,n/d,n/d,n/d,n/d,n/d,n/d,Projetado,CVM_FUNDOSNET_VERT177_20260720,n/d,Curva contratual mensal completa não localizada; a data de vencimento não foi transformada em projeção bullet.
CRI_V177,Série 2,Sênior B,2031-07-21,n/d,n/d,n/d,n/d,n/d,n/d,Projetado,CVM_FUNDOSNET_VERT177_20260720,n/d,Curva contratual mensal completa não localizada; a data de vencimento não foi transformada em projeção bullet.
CRI_V177,Série 3,Mezanino I,2036-07-21,n/d,n/d,n/d,n/d,n/d,n/d,Projetado,CVM_FUNDOSNET_VERT177_20260720,n/d,Curva contratual mensal completa não localizada; a data de vencimento não foi transformada em projeção bullet.
CRI_V177,Série 4,Mezanino II,2036-07-21,n/d,n/d,n/d,n/d,n/d,n/d,Projetado,CVM_FUNDOSNET_VERT177_20260720,n/d,Curva contratual mensal completa não localizada; a data de vencimento não foi transformada em projeção bullet.
CRI_V177,Série 5,Júnior/Subordinada,2038-07-20,n/d,n/d,n/d,n/d,n/d,n/d,Projetado,CVM_FUNDOSNET_VERT177_20260720,n/d,Curva contratual mensal completa não localizada; a data de vencimento não foi transformada em projeção bullet.
