grupo,fundo,nome_curto,cnpj,competencia,indicador,valor,unidade,observacao,cache_folder
Carteiras selecionadas,PagSeguro I,PagSeguro I,28169275000172,03/2026,PL (R$),5880601069.63,R$ bruto,Visão Executiva canônica; cache IME local 918192dcb18428a809121c4500c209ffac32f167d018cf2dd5d7e0bf005d3f0c,.cache/fundonet-ime/918192dcb18428a809121c4500c209ffac32f167d018cf2dd5d7e0bf005d3f0c
Carteiras selecionadas,PagSeguro I,PagSeguro I,28169275000172,02/2026,PL (R$),6116863004.56,R$ bruto,Visão Executiva canônica; cache IME local 918192dcb18428a809121c4500c209ffac32f167d018cf2dd5d7e0bf005d3f0c,.cache/fundonet-ime/918192dcb18428a809121c4500c209ffac32f167d018cf2dd5d7e0bf005d3f0c
Carteiras selecionadas,PagSeguro I,PagSeguro I,28169275000172,01/2026,PL (R$),5738033317.47,R$ bruto,Visão Executiva canônica; cache IME local 918192dcb18428a809121c4500c209ffac32f167d018cf2dd5d7e0bf005d3f0c,.cache/fundonet-ime/918192dcb18428a809121c4500c209ffac32f167d018cf2dd5d7e0bf005d3f0c
Carteiras selecionadas,PagSeguro I,PagSeguro I,28169275000172,12/2025,PL (R$),5336345538.32,R$ bruto,Visão Executiva canônica; cache IME local 918192dcb18428a809121c4500c209ffac32f167d018cf2dd5d7e0bf005d3f0c,.cache/fundonet-ime/918192dcb18428a809121c4500c209ffac32f167d018cf2dd5d7e0bf005d3f0c
Carteiras selecionadas,PagSeguro I,PagSeguro I,28169275000172,11/2025,PL (R$),5892842992.42,R$ bruto,Visão Executiva canônica; cache IME local 918192dcb18428a809121c4500c209ffac32f167d018cf2dd5d7e0bf005d3f0c,.cache/fundonet-ime/918192dcb18428a809121c4500c209ffac32f167d018cf2dd5d7e0bf005d3f0c
Carteiras selecionadas,PagSeguro I,PagSeguro I,28169275000172,10/2025,PL (R$),5491267201.64,R$ bruto,Visão Executiva canônica; cache IME local 918192dcb18428a809121c4500c209ffac32f167d018cf2dd5d7e0bf005d3f0c,.cache/fundonet-ime/918192dcb18428a809121c4500c209ffac32f167d018cf2dd5d7e0bf005d3f0c
Carteiras selecionadas,PagSeguro I,PagSeguro I,28169275000172,09/2025,PL (R$),5059070438.74,R$ bruto,Visão Executiva canônica; cache IME local 918192dcb18428a809121c4500c209ffac32f167d018cf2dd5d7e0bf005d3f0c,.cache/fundonet-ime/918192dcb18428a809121c4500c209ffac32f167d018cf2dd5d7e0bf005d3f0c
Carteiras selecionadas,PagSeguro I,PagSeguro I,28169275000172,08/2025,PL (R$),5806281073.22,R$ bruto,Visão Executiva canônica; cache IME local 918192dcb18428a809121c4500c209ffac32f167d018cf2dd5d7e0bf005d3f0c,.cache/fundonet-ime/918192dcb18428a809121c4500c209ffac32f167d018cf2dd5d7e0bf005d3f0c
Carteiras selecionadas,PagSeguro I,PagSeguro I,28169275000172,07/2025,PL (R$),5396854441.22,R$ bruto,Visão Executiva canônica; cache IME local 918192dcb18428a809121c4500c209ffac32f167d018cf2dd5d7e0bf005d3f0c,.cache/fundonet-ime/918192dcb18428a809121c4500c209ffac32f167d018cf2dd5d7e0bf005d3f0c
Carteiras selecionadas,PagSeguro I,PagSeguro I,28169275000172,06/2025,PL (R$),4953321908.29,R$ bruto,Visão Executiva canônica; cache IME local 918192dcb18428a809121c4500c209ffac32f167d018cf2dd5d7e0bf005d3f0c,.cache/fundonet-ime/918192dcb18428a809121c4500c209ffac32f167d018cf2dd5d7e0bf005d3f0c
Carteiras selecionadas,PagSeguro I,PagSeguro I,28169275000172,05/2025,PL (R$),5988691214.17,R$ bruto,Visão Executiva canônica; cache IME local 918192dcb18428a809121c4500c209ffac32f167d018cf2dd5d7e0bf005d3f0c,.cache/fundonet-ime/918192dcb18428a809121c4500c209ffac32f167d018cf2dd5d7e0bf005d3f0c
Carteiras selecionadas,PagSeguro I,PagSeguro I,28169275000172,04/2025,PL (R$),5542199374.15,R$ bruto,Visão Executiva canônica; cache IME local 918192dcb18428a809121c4500c209ffac32f167d018cf2dd5d7e0bf005d3f0c,.cache/fundonet-ime/918192dcb18428a809121c4500c209ffac32f167d018cf2dd5d7e0bf005d3f0c
Carteiras selecionadas,PagSeguro I,PagSeguro I,28169275000172,03/2025,PL (R$),5088267366.24,R$ bruto,Visão Executiva canônica; cache IME local 918192dcb18428a809121c4500c209ffac32f167d018cf2dd5d7e0bf005d3f0c,.cache/fundonet-ime/918192dcb18428a809121c4500c209ffac32f167d018cf2dd5d7e0bf005d3f0c
Carteiras selecionadas,PagSeguro I,PagSeguro I,28169275000172,02/2025,PL (R$),6760750543.69,R$ bruto,Visão Executiva canônica; cache IME local 918192dcb18428a809121c4500c209ffac32f167d018cf2dd5d7e0bf005d3f0c,.cache/fundonet-ime/918192dcb18428a809121c4500c209ffac32f167d018cf2dd5d7e0bf005d3f0c
Carteiras selecionadas,PagSeguro I,PagSeguro I,28169275000172,03/2026,PL (R$ MM),5880.60106963,R$ MM,Visão Executiva canônica; cache IME local 918192dcb18428a809121c4500c209ffac32f167d018cf2dd5d7e0bf005d3f0c,.cache/fundonet-ime/918192dcb18428a809121c4500c209ffac32f167d018cf2dd5d7e0bf005d3f0c
Carteiras selecionadas,PagSeguro I,PagSeguro I,28169275000172,02/2026,PL (R$ MM),6116.86300456,R$ MM,Visão Executiva canônica; cache IME local 918192dcb18428a809121c4500c209ffac32f167d018cf2dd5d7e0bf005d3f0c,.cache/fundonet-ime/918192dcb18428a809121c4500c209ffac32f167d018cf2dd5d7e0bf005d3f0c
Carteiras selecionadas,PagSeguro I,PagSeguro I,28169275000172,01/2026,PL (R$ MM),5738.03331747,R$ MM,Visão Executiva canônica; cache IME local 918192dcb18428a809121c4500c209ffac32f167d018cf2dd5d7e0bf005d3f0c,.cache/fundonet-ime/918192dcb18428a809121c4500c209ffac32f167d018cf2dd5d7e0bf005d3f0c
Carteiras selecionadas,PagSeguro I,PagSeguro I,28169275000172,12/2025,PL (R$ MM),5336.34553832,R$ MM,Visão Executiva canônica; cache IME local 918192dcb18428a809121c4500c209ffac32f167d018cf2dd5d7e0bf005d3f0c,.cache/fundonet-ime/918192dcb18428a809121c4500c209ffac32f167d018cf2dd5d7e0bf005d3f0c
Carteiras selecionadas,PagSeguro I,PagSeguro I,28169275000172,11/2025,PL (R$ MM),5892.84299242,R$ MM,Visão Executiva canônica; cache IME local 918192dcb18428a809121c4500c209ffac32f167d018cf2dd5d7e0bf005d3f0c,.cache/fundonet-ime/918192dcb18428a809121c4500c209ffac32f167d018cf2dd5d7e0bf005d3f0c
Carteiras selecionadas,PagSeguro I,PagSeguro I,28169275000172,10/2025,PL (R$ MM),5491.26720164,R$ MM,Visão Executiva canônica; cache IME local 918192dcb18428a809121c4500c209ffac32f167d018cf2dd5d7e0bf005d3f0c,.cache/fundonet-ime/918192dcb18428a809121c4500c209ffac32f167d018cf2dd5d7e0bf005d3f0c
Carteiras selecionadas,PagSeguro I,PagSeguro I,28169275000172,09/2025,PL (R$ MM),5059.07043874,R$ MM,Visão Executiva canônica; cache IME local 918192dcb18428a809121c4500c209ffac32f167d018cf2dd5d7e0bf005d3f0c,.cache/fundonet-ime/918192dcb18428a809121c4500c209ffac32f167d018cf2dd5d7e0bf005d3f0c
Carteiras selecionadas,PagSeguro I,PagSeguro I,28169275000172,08/2025,PL (R$ MM),5806.2810732200005,R$ MM,Visão Executiva canônica; cache IME local 918192dcb18428a809121c4500c209ffac32f167d018cf2dd5d7e0bf005d3f0c,.cache/fundonet-ime/918192dcb18428a809121c4500c209ffac32f167d018cf2dd5d7e0bf005d3f0c
Carteiras selecionadas,PagSeguro I,PagSeguro I,28169275000172,07/2025,PL (R$ MM),5396.85444122,R$ MM,Visão Executiva canônica; cache IME local 918192dcb18428a809121c4500c209ffac32f167d018cf2dd5d7e0bf005d3f0c,.cache/fundonet-ime/918192dcb18428a809121c4500c209ffac32f167d018cf2dd5d7e0bf005d3f0c
Carteiras selecionadas,PagSeguro I,PagSeguro I,28169275000172,06/2025,PL (R$ MM),4953.32190829,R$ MM,Visão Executiva canônica; cache IME local 918192dcb18428a809121c4500c209ffac32f167d018cf2dd5d7e0bf005d3f0c,.cache/fundonet-ime/918192dcb18428a809121c4500c209ffac32f167d018cf2dd5d7e0bf005d3f0c
Carteiras selecionadas,PagSeguro I,PagSeguro I,28169275000172,05/2025,PL (R$ MM),5988.69121417,R$ MM,Visão Executiva canônica; cache IME local 918192dcb18428a809121c4500c209ffac32f167d018cf2dd5d7e0bf005d3f0c,.cache/fundonet-ime/918192dcb18428a809121c4500c209ffac32f167d018cf2dd5d7e0bf005d3f0c
Carteiras selecionadas,PagSeguro I,PagSeguro I,28169275000172,04/2025,PL (R$ MM),5542.19937415,R$ MM,Visão Executiva canônica; cache IME local 918192dcb18428a809121c4500c209ffac32f167d018cf2dd5d7e0bf005d3f0c,.cache/fundonet-ime/918192dcb18428a809121c4500c209ffac32f167d018cf2dd5d7e0bf005d3f0c
Carteiras selecionadas,PagSeguro I,PagSeguro I,28169275000172,03/2025,PL (R$ MM),5088.267366239999,R$ MM,Visão Executiva canônica; cache IME local 918192dcb18428a809121c4500c209ffac32f167d018cf2dd5d7e0bf005d3f0c,.cache/fundonet-ime/918192dcb18428a809121c4500c209ffac32f167d018cf2dd5d7e0bf005d3f0c
Carteiras selecionadas,PagSeguro I,PagSeguro I,28169275000172,02/2025,PL (R$ MM),6760.750543689999,R$ MM,Visão Executiva canônica; cache IME local 918192dcb18428a809121c4500c209ffac32f167d018cf2dd5d7e0bf005d3f0c,.cache/fundonet-ime/918192dcb18428a809121c4500c209ffac32f167d018cf2dd5d7e0bf005d3f0c
Carteiras selecionadas,PagSeguro I,PagSeguro I,28169275000172,03/2026,Dir Cred (R$ MM),3904.62311052,R$ MM,Visão Executiva canônica; cache IME local 918192dcb18428a809121c4500c209ffac32f167d018cf2dd5d7e0bf005d3f0c,.cache/fundonet-ime/918192dcb18428a809121c4500c209ffac32f167d018cf2dd5d7e0bf005d3f0c
Carteiras selecionadas,PagSeguro I,PagSeguro I,28169275000172,02/2026,Dir Cred (R$ MM),5186.62458742,R$ MM,Visão Executiva canônica; cache IME local 918192dcb18428a809121c4500c209ffac32f167d018cf2dd5d7e0bf005d3f0c,.cache/fundonet-ime/918192dcb18428a809121c4500c209ffac32f167d018cf2dd5d7e0bf005d3f0c
Carteiras selecionadas,PagSeguro I,PagSeguro I,28169275000172,01/2026,Dir Cred (R$ MM),4812.47113088,R$ MM,Visão Executiva canônica; cache IME local 918192dcb18428a809121c4500c209ffac32f167d018cf2dd5d7e0bf005d3f0c,.cache/fundonet-ime/918192dcb18428a809121c4500c209ffac32f167d018cf2dd5d7e0bf005d3f0c
Carteiras selecionadas,PagSeguro I,PagSeguro I,28169275000172,12/2025,Dir Cred (R$ MM),4358.30870496,R$ MM,Visão Executiva canônica; cache IME local 918192dcb18428a809121c4500c209ffac32f167d018cf2dd5d7e0bf005d3f0c,.cache/fundonet-ime/918192dcb18428a809121c4500c209ffac32f167d018cf2dd5d7e0bf005d3f0c
Carteiras selecionadas,PagSeguro I,PagSeguro I,28169275000172,11/2025,Dir Cred (R$ MM),5082.235742100001,R$ MM,Visão Executiva canônica; cache IME local 918192dcb18428a809121c4500c209ffac32f167d018cf2dd5d7e0bf005d3f0c,.cache/fundonet-ime/918192dcb18428a809121c4500c209ffac32f167d018cf2dd5d7e0bf005d3f0c
Carteiras selecionadas,PagSeguro I,PagSeguro I,28169275000172,10/2025,Dir Cred (R$ MM),4623.85571076,R$ MM,Visão Executiva canônica; cache IME local 918192dcb18428a809121c4500c209ffac32f167d018cf2dd5d7e0bf005d3f0c,.cache/fundonet-ime/918192dcb18428a809121c4500c209ffac32f167d018cf2dd5d7e0bf005d3f0c
Carteiras selecionadas,PagSeguro I,PagSeguro I,28169275000172,09/2025,Dir Cred (R$ MM),4206.6372169,R$ MM,Visão Executiva canônica; cache IME local 918192dcb18428a809121c4500c209ffac32f167d018cf2dd5d7e0bf005d3f0c,.cache/fundonet-ime/918192dcb18428a809121c4500c209ffac32f167d018cf2dd5d7e0bf005d3f0c
Carteiras selecionadas,PagSeguro I,PagSeguro I,28169275000172,08/2025,Dir Cred (R$ MM),4951.26505722,R$ MM,Visão Executiva canônica; cache IME local 918192dcb18428a809121c4500c209ffac32f167d018cf2dd5d7e0bf005d3f0c,.cache/fundonet-ime/918192dcb18428a809121c4500c209ffac32f167d018cf2dd5d7e0bf005d3f0c
Carteiras selecionadas,PagSeguro I,PagSeguro I,28169275000172,07/2025,Dir Cred (R$ MM),4578.17174563,R$ MM,Visão Executiva canônica; cache IME local 918192dcb18428a809121c4500c209ffac32f167d018cf2dd5d7e0bf005d3f0c,.cache/fundonet-ime/918192dcb18428a809121c4500c209ffac32f167d018cf2dd5d7e0bf005d3f0c
Carteiras selecionadas,PagSeguro I,PagSeguro I,28169275000172,06/2025,Dir Cred (R$ MM),4128.69902086,R$ MM,Visão Executiva canônica; cache IME local 918192dcb18428a809121c4500c209ffac32f167d018cf2dd5d7e0bf005d3f0c,.cache/fundonet-ime/918192dcb18428a809121c4500c209ffac32f167d018cf2dd5d7e0bf005d3f0c
Carteiras selecionadas,PagSeguro I,PagSeguro I,28169275000172,05/2025,Dir Cred (R$ MM),5212.82932542,R$ MM,Visão Executiva canônica; cache IME local 918192dcb18428a809121c4500c209ffac32f167d018cf2dd5d7e0bf005d3f0c,.cache/fundonet-ime/918192dcb18428a809121c4500c209ffac32f167d018cf2dd5d7e0bf005d3f0c
Carteiras selecionadas,PagSeguro I,PagSeguro I,28169275000172,04/2025,Dir Cred (R$ MM),4776.25127712,R$ MM,Visão Executiva canônica; cache IME local 918192dcb18428a809121c4500c209ffac32f167d018cf2dd5d7e0bf005d3f0c,.cache/fundonet-ime/918192dcb18428a809121c4500c209ffac32f167d018cf2dd5d7e0bf005d3f0c
Carteiras selecionadas,PagSeguro I,PagSeguro I,28169275000172,03/2025,Dir Cred (R$ MM),4367.007693729999,R$ MM,Visão Executiva canônica; cache IME local 918192dcb18428a809121c4500c209ffac32f167d018cf2dd5d7e0bf005d3f0c,.cache/fundonet-ime/918192dcb18428a809121c4500c209ffac32f167d018cf2dd5d7e0bf005d3f0c
Carteiras selecionadas,PagSeguro I,PagSeguro I,28169275000172,02/2025,Dir Cred (R$ MM),6076.49335893,R$ MM,Visão Executiva canônica; cache IME local 918192dcb18428a809121c4500c209ffac32f167d018cf2dd5d7e0bf005d3f0c,.cache/fundonet-ime/918192dcb18428a809121c4500c209ffac32f167d018cf2dd5d7e0bf005d3f0c
Carteiras selecionadas,PagSeguro I,PagSeguro I,28169275000172,03/2026,Dir Cred / PL,0.6639836751867397,ratio,Visão Executiva canônica; cache IME local 918192dcb18428a809121c4500c209ffac32f167d018cf2dd5d7e0bf005d3f0c,.cache/fundonet-ime/918192dcb18428a809121c4500c209ffac32f167d018cf2dd5d7e0bf005d3f0c
Carteiras selecionadas,PagSeguro I,PagSeguro I,28169275000172,02/2026,Dir Cred / PL,0.8479223065080048,ratio,Visão Executiva canônica; cache IME local 918192dcb18428a809121c4500c209ffac32f167d018cf2dd5d7e0bf005d3f0c,.cache/fundonet-ime/918192dcb18428a809121c4500c209ffac32f167d018cf2dd5d7e0bf005d3f0c
Carteiras selecionadas,PagSeguro I,PagSeguro I,28169275000172,01/2026,Dir Cred / PL,0.8386969654268064,ratio,Visão Executiva canônica; cache IME local 918192dcb18428a809121c4500c209ffac32f167d018cf2dd5d7e0bf005d3f0c,.cache/fundonet-ime/918192dcb18428a809121c4500c209ffac32f167d018cf2dd5d7e0bf005d3f0c
Carteiras selecionadas,PagSeguro I,PagSeguro I,28169275000172,12/2025,Dir Cred / PL,0.8167216072616041,ratio,Visão Executiva canônica; cache IME local 918192dcb18428a809121c4500c209ffac32f167d018cf2dd5d7e0bf005d3f0c,.cache/fundonet-ime/918192dcb18428a809121c4500c209ffac32f167d018cf2dd5d7e0bf005d3f0c
Carteiras selecionadas,PagSeguro I,PagSeguro I,28169275000172,11/2025,Dir Cred / PL,0.8624420756903436,ratio,Visão Executiva canônica; cache IME local 918192dcb18428a809121c4500c209ffac32f167d018cf2dd5d7e0bf005d3f0c,.cache/fundonet-ime/918192dcb18428a809121c4500c209ffac32f167d018cf2dd5d7e0bf005d3f0c
Carteiras selecionadas,PagSeguro I,PagSeguro I,28169275000172,10/2025,Dir Cred / PL,0.8420380107125469,ratio,Visão Executiva canônica; cache IME local 918192dcb18428a809121c4500c209ffac32f167d018cf2dd5d7e0bf005d3f0c,.cache/fundonet-ime/918192dcb18428a809121c4500c209ffac32f167d018cf2dd5d7e0bf005d3f0c
Carteiras selecionadas,PagSeguro I,PagSeguro I,28169275000172,09/2025,Dir Cred / PL,0.8315039823694756,ratio,Visão Executiva canônica; cache IME local 918192dcb18428a809121c4500c209ffac32f167d018cf2dd5d7e0bf005d3f0c,.cache/fundonet-ime/918192dcb18428a809121c4500c209ffac32f167d018cf2dd5d7e0bf005d3f0c
Carteiras selecionadas,PagSeguro I,PagSeguro I,28169275000172,08/2025,Dir Cred / PL,0.8527429166418511,ratio,Visão Executiva canônica; cache IME local 918192dcb18428a809121c4500c209ffac32f167d018cf2dd5d7e0bf005d3f0c,.cache/fundonet-ime/918192dcb18428a809121c4500c209ffac32f167d018cf2dd5d7e0bf005d3f0c
Carteiras selecionadas,PagSeguro I,PagSeguro I,28169275000172,07/2025,Dir Cred / PL,0.8483037286799733,ratio,Visão Executiva canônica; cache IME local 918192dcb18428a809121c4500c209ffac32f167d018cf2dd5d7e0bf005d3f0c,.cache/fundonet-ime/918192dcb18428a809121c4500c209ffac32f167d018cf2dd5d7e0bf005d3f0c
Carteiras selecionadas,PagSeguro I,PagSeguro I,28169275000172,06/2025,Dir Cred / PL,0.8335212403518755,ratio,Visão Executiva canônica; cache IME local 918192dcb18428a809121c4500c209ffac32f167d018cf2dd5d7e0bf005d3f0c,.cache/fundonet-ime/918192dcb18428a809121c4500c209ffac32f167d018cf2dd5d7e0bf005d3f0c
Carteiras selecionadas,PagSeguro I,PagSeguro I,28169275000172,05/2025,Dir Cred / PL,0.8704455011949501,ratio,Visão Executiva canônica; cache IME local 918192dcb18428a809121c4500c209ffac32f167d018cf2dd5d7e0bf005d3f0c,.cache/fundonet-ime/918192dcb18428a809121c4500c209ffac32f167d018cf2dd5d7e0bf005d3f0c
Carteiras selecionadas,PagSeguro I,PagSeguro I,28169275000172,04/2025,Dir Cred / PL,0.8617970871631676,ratio,Visão Executiva canônica; cache IME local 918192dcb18428a809121c4500c209ffac32f167d018cf2dd5d7e0bf005d3f0c,.cache/fundonet-ime/918192dcb18428a809121c4500c209ffac32f167d018cf2dd5d7e0bf005d3f0c
Carteiras selecionadas,PagSeguro I,PagSeguro I,28169275000172,03/2025,Dir Cred / PL,0.8582504376056445,ratio,Visão Executiva canônica; cache IME local 918192dcb18428a809121c4500c209ffac32f167d018cf2dd5d7e0bf005d3f0c,.cache/fundonet-ime/918192dcb18428a809121c4500c209ffac32f167d018cf2dd5d7e0bf005d3f0c
Carteiras selecionadas,PagSeguro I,PagSeguro I,28169275000172,02/2025,Dir Cred / PL,0.898789760051325,ratio,Visão Executiva canônica; cache IME local 918192dcb18428a809121c4500c209ffac32f167d018cf2dd5d7e0bf005d3f0c,.cache/fundonet-ime/918192dcb18428a809121c4500c209ffac32f167d018cf2dd5d7e0bf005d3f0c
Carteiras selecionadas,PagSeguro I,PagSeguro I,28169275000172,03/2026,Vencidos <= 90 d (R$ MM),0.0,R$ MM,Visão Executiva canônica; cache IME local 918192dcb18428a809121c4500c209ffac32f167d018cf2dd5d7e0bf005d3f0c,.cache/fundonet-ime/918192dcb18428a809121c4500c209ffac32f167d018cf2dd5d7e0bf005d3f0c
Carteiras selecionadas,PagSeguro I,PagSeguro I,28169275000172,02/2026,Vencidos <= 90 d (R$ MM),0.0,R$ MM,Visão Executiva canônica; cache IME local 918192dcb18428a809121c4500c209ffac32f167d018cf2dd5d7e0bf005d3f0c,.cache/fundonet-ime/918192dcb18428a809121c4500c209ffac32f167d018cf2dd5d7e0bf005d3f0c
Carteiras selecionadas,PagSeguro I,PagSeguro I,28169275000172,01/2026,Vencidos <= 90 d (R$ MM),0.0,R$ MM,Visão Executiva canônica; cache IME local 918192dcb18428a809121c4500c209ffac32f167d018cf2dd5d7e0bf005d3f0c,.cache/fundonet-ime/918192dcb18428a809121c4500c209ffac32f167d018cf2dd5d7e0bf005d3f0c
Carteiras selecionadas,PagSeguro I,PagSeguro I,28169275000172,12/2025,Vencidos <= 90 d (R$ MM),0.0,R$ MM,Visão Executiva canônica; cache IME local 918192dcb18428a809121c4500c209ffac32f167d018cf2dd5d7e0bf005d3f0c,.cache/fundonet-ime/918192dcb18428a809121c4500c209ffac32f167d018cf2dd5d7e0bf005d3f0c
Carteiras selecionadas,PagSeguro I,PagSeguro I,28169275000172,11/2025,Vencidos <= 90 d (R$ MM),0.0,R$ MM,Visão Executiva canônica; cache IME local 918192dcb18428a809121c4500c209ffac32f167d018cf2dd5d7e0bf005d3f0c,.cache/fundonet-ime/918192dcb18428a809121c4500c209ffac32f167d018cf2dd5d7e0bf005d3f0c
Carteiras selecionadas,PagSeguro I,PagSeguro I,28169275000172,10/2025,Vencidos <= 90 d (R$ MM),0.0,R$ MM,Visão Executiva canônica; cache IME local 918192dcb18428a809121c4500c209ffac32f167d018cf2dd5d7e0bf005d3f0c,.cache/fundonet-ime/918192dcb18428a809121c4500c209ffac32f167d018cf2dd5d7e0bf005d3f0c
Carteiras selecionadas,PagSeguro I,PagSeguro I,28169275000172,09/2025,Vencidos <= 90 d (R$ MM),0.0,R$ MM,Visão Executiva canônica; cache IME local 918192dcb18428a809121c4500c209ffac32f167d018cf2dd5d7e0bf005d3f0c,.cache/fundonet-ime/918192dcb18428a809121c4500c209ffac32f167d018cf2dd5d7e0bf005d3f0c
Carteiras selecionadas,PagSeguro I,PagSeguro I,28169275000172,08/2025,Vencidos <= 90 d (R$ MM),0.0,R$ MM,Visão Executiva canônica; cache IME local 918192dcb18428a809121c4500c209ffac32f167d018cf2dd5d7e0bf005d3f0c,.cache/fundonet-ime/918192dcb18428a809121c4500c209ffac32f167d018cf2dd5d7e0bf005d3f0c
Carteiras selecionadas,PagSeguro I,PagSeguro I,28169275000172,07/2025,Vencidos <= 90 d (R$ MM),0.0,R$ MM,Visão Executiva canônica; cache IME local 918192dcb18428a809121c4500c209ffac32f167d018cf2dd5d7e0bf005d3f0c,.cache/fundonet-ime/918192dcb18428a809121c4500c209ffac32f167d018cf2dd5d7e0bf005d3f0c
Carteiras selecionadas,PagSeguro I,PagSeguro I,28169275000172,06/2025,Vencidos <= 90 d (R$ MM),0.0,R$ MM,Visão Executiva canônica; cache IME local 918192dcb18428a809121c4500c209ffac32f167d018cf2dd5d7e0bf005d3f0c,.cache/fundonet-ime/918192dcb18428a809121c4500c209ffac32f167d018cf2dd5d7e0bf005d3f0c
Carteiras selecionadas,PagSeguro I,PagSeguro I,28169275000172,05/2025,Vencidos <= 90 d (R$ MM),0.0,R$ MM,Visão Executiva canônica; cache IME local 918192dcb18428a809121c4500c209ffac32f167d018cf2dd5d7e0bf005d3f0c,.cache/fundonet-ime/918192dcb18428a809121c4500c209ffac32f167d018cf2dd5d7e0bf005d3f0c
Carteiras selecionadas,PagSeguro I,PagSeguro I,28169275000172,04/2025,Vencidos <= 90 d (R$ MM),0.0,R$ MM,Visão Executiva canônica; cache IME local 918192dcb18428a809121c4500c209ffac32f167d018cf2dd5d7e0bf005d3f0c,.cache/fundonet-ime/918192dcb18428a809121c4500c209ffac32f167d018cf2dd5d7e0bf005d3f0c
Carteiras selecionadas,PagSeguro I,PagSeguro I,28169275000172,03/2025,Vencidos <= 90 d (R$ MM),0.0,R$ MM,Visão Executiva canônica; cache IME local 918192dcb18428a809121c4500c209ffac32f167d018cf2dd5d7e0bf005d3f0c,.cache/fundonet-ime/918192dcb18428a809121c4500c209ffac32f167d018cf2dd5d7e0bf005d3f0c
Carteiras selecionadas,PagSeguro I,PagSeguro I,28169275000172,02/2025,Vencidos <= 90 d (R$ MM),0.0,R$ MM,Visão Executiva canônica; cache IME local 918192dcb18428a809121c4500c209ffac32f167d018cf2dd5d7e0bf005d3f0c,.cache/fundonet-ime/918192dcb18428a809121c4500c209ffac32f167d018cf2dd5d7e0bf005d3f0c
Carteiras selecionadas,PagSeguro I,PagSeguro I,28169275000172,03/2026,Vencidos > 90 d (R$ MM),0.0,R$ MM,Visão Executiva canônica; cache IME local 918192dcb18428a809121c4500c209ffac32f167d018cf2dd5d7e0bf005d3f0c,.cache/fundonet-ime/918192dcb18428a809121c4500c209ffac32f167d018cf2dd5d7e0bf005d3f0c
Carteiras selecionadas,PagSeguro I,PagSeguro I,28169275000172,02/2026,Vencidos > 90 d (R$ MM),0.0,R$ MM,Visão Executiva canônica; cache IME local 918192dcb18428a809121c4500c209ffac32f167d018cf2dd5d7e0bf005d3f0c,.cache/fundonet-ime/918192dcb18428a809121c4500c209ffac32f167d018cf2dd5d7e0bf005d3f0c
Carteiras selecionadas,PagSeguro I,PagSeguro I,28169275000172,01/2026,Vencidos > 90 d (R$ MM),0.0,R$ MM,Visão Executiva canônica; cache IME local 918192dcb18428a809121c4500c209ffac32f167d018cf2dd5d7e0bf005d3f0c,.cache/fundonet-ime/918192dcb18428a809121c4500c209ffac32f167d018cf2dd5d7e0bf005d3f0c
Carteiras selecionadas,PagSeguro I,PagSeguro I,28169275000172,12/2025,Vencidos > 90 d (R$ MM),0.0,R$ MM,Visão Executiva canônica; cache IME local 918192dcb18428a809121c4500c209ffac32f167d018cf2dd5d7e0bf005d3f0c,.cache/fundonet-ime/918192dcb18428a809121c4500c209ffac32f167d018cf2dd5d7e0bf005d3f0c
Carteiras selecionadas,PagSeguro I,PagSeguro I,28169275000172,11/2025,Vencidos > 90 d (R$ MM),0.0,R$ MM,Visão Executiva canônica; cache IME local 918192dcb18428a809121c4500c209ffac32f167d018cf2dd5d7e0bf005d3f0c,.cache/fundonet-ime/918192dcb18428a809121c4500c209ffac32f167d018cf2dd5d7e0bf005d3f0c
Carteiras selecionadas,PagSeguro I,PagSeguro I,28169275000172,10/2025,Vencidos > 90 d (R$ MM),0.0,R$ MM,Visão Executiva canônica; cache IME local 918192dcb18428a809121c4500c209ffac32f167d018cf2dd5d7e0bf005d3f0c,.cache/fundonet-ime/918192dcb18428a809121c4500c209ffac32f167d018cf2dd5d7e0bf005d3f0c
Carteiras selecionadas,PagSeguro I,PagSeguro I,28169275000172,09/2025,Vencidos > 90 d (R$ MM),0.0,R$ MM,Visão Executiva canônica; cache IME local 918192dcb18428a809121c4500c209ffac32f167d018cf2dd5d7e0bf005d3f0c,.cache/fundonet-ime/918192dcb18428a809121c4500c209ffac32f167d018cf2dd5d7e0bf005d3f0c
Carteiras selecionadas,PagSeguro I,PagSeguro I,28169275000172,08/2025,Vencidos > 90 d (R$ MM),0.0,R$ MM,Visão Executiva canônica; cache IME local 918192dcb18428a809121c4500c209ffac32f167d018cf2dd5d7e0bf005d3f0c,.cache/fundonet-ime/918192dcb18428a809121c4500c209ffac32f167d018cf2dd5d7e0bf005d3f0c
Carteiras selecionadas,PagSeguro I,PagSeguro I,28169275000172,07/2025,Vencidos > 90 d (R$ MM),0.0,R$ MM,Visão Executiva canônica; cache IME local 918192dcb18428a809121c4500c209ffac32f167d018cf2dd5d7e0bf005d3f0c,.cache/fundonet-ime/918192dcb18428a809121c4500c209ffac32f167d018cf2dd5d7e0bf005d3f0c
Carteiras selecionadas,PagSeguro I,PagSeguro I,28169275000172,06/2025,Vencidos > 90 d (R$ MM),0.0,R$ MM,Visão Executiva canônica; cache IME local 918192dcb18428a809121c4500c209ffac32f167d018cf2dd5d7e0bf005d3f0c,.cache/fundonet-ime/918192dcb18428a809121c4500c209ffac32f167d018cf2dd5d7e0bf005d3f0c
Carteiras selecionadas,PagSeguro I,PagSeguro I,28169275000172,05/2025,Vencidos > 90 d (R$ MM),0.0,R$ MM,Visão Executiva canônica; cache IME local 918192dcb18428a809121c4500c209ffac32f167d018cf2dd5d7e0bf005d3f0c,.cache/fundonet-ime/918192dcb18428a809121c4500c209ffac32f167d018cf2dd5d7e0bf005d3f0c
Carteiras selecionadas,PagSeguro I,PagSeguro I,28169275000172,04/2025,Vencidos > 90 d (R$ MM),0.0,R$ MM,Visão Executiva canônica; cache IME local 918192dcb18428a809121c4500c209ffac32f167d018cf2dd5d7e0bf005d3f0c,.cache/fundonet-ime/918192dcb18428a809121c4500c209ffac32f167d018cf2dd5d7e0bf005d3f0c
Carteiras selecionadas,PagSeguro I,PagSeguro I,28169275000172,03/2025,Vencidos > 90 d (R$ MM),0.0,R$ MM,Visão Executiva canônica; cache IME local 918192dcb18428a809121c4500c209ffac32f167d018cf2dd5d7e0bf005d3f0c,.cache/fundonet-ime/918192dcb18428a809121c4500c209ffac32f167d018cf2dd5d7e0bf005d3f0c
Carteiras selecionadas,PagSeguro I,PagSeguro I,28169275000172,02/2025,Vencidos > 90 d (R$ MM),0.0,R$ MM,Visão Executiva canônica; cache IME local 918192dcb18428a809121c4500c209ffac32f167d018cf2dd5d7e0bf005d3f0c,.cache/fundonet-ime/918192dcb18428a809121c4500c209ffac32f167d018cf2dd5d7e0bf005d3f0c
Carteiras selecionadas,PagSeguro I,PagSeguro I,28169275000172,03/2026,Vencidos Total (R$ MM),0.0,R$ MM,Visão Executiva canônica; cache IME local 918192dcb18428a809121c4500c209ffac32f167d018cf2dd5d7e0bf005d3f0c,.cache/fundonet-ime/918192dcb18428a809121c4500c209ffac32f167d018cf2dd5d7e0bf005d3f0c
Carteiras selecionadas,PagSeguro I,PagSeguro I,28169275000172,02/2026,Vencidos Total (R$ MM),0.0,R$ MM,Visão Executiva canônica; cache IME local 918192dcb18428a809121c4500c209ffac32f167d018cf2dd5d7e0bf005d3f0c,.cache/fundonet-ime/918192dcb18428a809121c4500c209ffac32f167d018cf2dd5d7e0bf005d3f0c
Carteiras selecionadas,PagSeguro I,PagSeguro I,28169275000172,01/2026,Vencidos Total (R$ MM),0.0,R$ MM,Visão Executiva canônica; cache IME local 918192dcb18428a809121c4500c209ffac32f167d018cf2dd5d7e0bf005d3f0c,.cache/fundonet-ime/918192dcb18428a809121c4500c209ffac32f167d018cf2dd5d7e0bf005d3f0c
Carteiras selecionadas,PagSeguro I,PagSeguro I,28169275000172,12/2025,Vencidos Total (R$ MM),0.0,R$ MM,Visão Executiva canônica; cache IME local 918192dcb18428a809121c4500c209ffac32f167d018cf2dd5d7e0bf005d3f0c,.cache/fundonet-ime/918192dcb18428a809121c4500c209ffac32f167d018cf2dd5d7e0bf005d3f0c
Carteiras selecionadas,PagSeguro I,PagSeguro I,28169275000172,11/2025,Vencidos Total (R$ MM),0.0,R$ MM,Visão Executiva canônica; cache IME local 918192dcb18428a809121c4500c209ffac32f167d018cf2dd5d7e0bf005d3f0c,.cache/fundonet-ime/918192dcb18428a809121c4500c209ffac32f167d018cf2dd5d7e0bf005d3f0c
Carteiras selecionadas,PagSeguro I,PagSeguro I,28169275000172,10/2025,Vencidos Total (R$ MM),0.0,R$ MM,Visão Executiva canônica; cache IME local 918192dcb18428a809121c4500c209ffac32f167d018cf2dd5d7e0bf005d3f0c,.cache/fundonet-ime/918192dcb18428a809121c4500c209ffac32f167d018cf2dd5d7e0bf005d3f0c
Carteiras selecionadas,PagSeguro I,PagSeguro I,28169275000172,09/2025,Vencidos Total (R$ MM),0.0,R$ MM,Visão Executiva canônica; cache IME local 918192dcb18428a809121c4500c209ffac32f167d018cf2dd5d7e0bf005d3f0c,.cache/fundonet-ime/918192dcb18428a809121c4500c209ffac32f167d018cf2dd5d7e0bf005d3f0c
Carteiras selecionadas,PagSeguro I,PagSeguro I,28169275000172,08/2025,Vencidos Total (R$ MM),0.0,R$ MM,Visão Executiva canônica; cache IME local 918192dcb18428a809121c4500c209ffac32f167d018cf2dd5d7e0bf005d3f0c,.cache/fundonet-ime/918192dcb18428a809121c4500c209ffac32f167d018cf2dd5d7e0bf005d3f0c
Carteiras selecionadas,PagSeguro I,PagSeguro I,28169275000172,07/2025,Vencidos Total (R$ MM),0.0,R$ MM,Visão Executiva canônica; cache IME local 918192dcb18428a809121c4500c209ffac32f167d018cf2dd5d7e0bf005d3f0c,.cache/fundonet-ime/918192dcb18428a809121c4500c209ffac32f167d018cf2dd5d7e0bf005d3f0c
Carteiras selecionadas,PagSeguro I,PagSeguro I,28169275000172,06/2025,Vencidos Total (R$ MM),0.0,R$ MM,Visão Executiva canônica; cache IME local 918192dcb18428a809121c4500c209ffac32f167d018cf2dd5d7e0bf005d3f0c,.cache/fundonet-ime/918192dcb18428a809121c4500c209ffac32f167d018cf2dd5d7e0bf005d3f0c
Carteiras selecionadas,PagSeguro I,PagSeguro I,28169275000172,05/2025,Vencidos Total (R$ MM),0.0,R$ MM,Visão Executiva canônica; cache IME local 918192dcb18428a809121c4500c209ffac32f167d018cf2dd5d7e0bf005d3f0c,.cache/fundonet-ime/918192dcb18428a809121c4500c209ffac32f167d018cf2dd5d7e0bf005d3f0c
Carteiras selecionadas,PagSeguro I,PagSeguro I,28169275000172,04/2025,Vencidos Total (R$ MM),0.0,R$ MM,Visão Executiva canônica; cache IME local 918192dcb18428a809121c4500c209ffac32f167d018cf2dd5d7e0bf005d3f0c,.cache/fundonet-ime/918192dcb18428a809121c4500c209ffac32f167d018cf2dd5d7e0bf005d3f0c
Carteiras selecionadas,PagSeguro I,PagSeguro I,28169275000172,03/2025,Vencidos Total (R$ MM),0.0,R$ MM,Visão Executiva canônica; cache IME local 918192dcb18428a809121c4500c209ffac32f167d018cf2dd5d7e0bf005d3f0c,.cache/fundonet-ime/918192dcb18428a809121c4500c209ffac32f167d018cf2dd5d7e0bf005d3f0c
Carteiras selecionadas,PagSeguro I,PagSeguro I,28169275000172,02/2025,Vencidos Total (R$ MM),0.0,R$ MM,Visão Executiva canônica; cache IME local 918192dcb18428a809121c4500c209ffac32f167d018cf2dd5d7e0bf005d3f0c,.cache/fundonet-ime/918192dcb18428a809121c4500c209ffac32f167d018cf2dd5d7e0bf005d3f0c
Carteiras selecionadas,PagSeguro I,PagSeguro I,28169275000172,03/2026,Vencidos <= 90 d / Crédito,0.0,ratio,Visão Executiva canônica; cache IME local 918192dcb18428a809121c4500c209ffac32f167d018cf2dd5d7e0bf005d3f0c,.cache/fundonet-ime/918192dcb18428a809121c4500c209ffac32f167d018cf2dd5d7e0bf005d3f0c
Carteiras selecionadas,PagSeguro I,PagSeguro I,28169275000172,02/2026,Vencidos <= 90 d / Crédito,0.0,ratio,Visão Executiva canônica; cache IME local 918192dcb18428a809121c4500c209ffac32f167d018cf2dd5d7e0bf005d3f0c,.cache/fundonet-ime/918192dcb18428a809121c4500c209ffac32f167d018cf2dd5d7e0bf005d3f0c
Carteiras selecionadas,PagSeguro I,PagSeguro I,28169275000172,01/2026,Vencidos <= 90 d / Crédito,0.0,ratio,Visão Executiva canônica; cache IME local 918192dcb18428a809121c4500c209ffac32f167d018cf2dd5d7e0bf005d3f0c,.cache/fundonet-ime/918192dcb18428a809121c4500c209ffac32f167d018cf2dd5d7e0bf005d3f0c
Carteiras selecionadas,PagSeguro I,PagSeguro I,28169275000172,12/2025,Vencidos <= 90 d / Crédito,0.0,ratio,Visão Executiva canônica; cache IME local 918192dcb18428a809121c4500c209ffac32f167d018cf2dd5d7e0bf005d3f0c,.cache/fundonet-ime/918192dcb18428a809121c4500c209ffac32f167d018cf2dd5d7e0bf005d3f0c
Carteiras selecionadas,PagSeguro I,PagSeguro I,28169275000172,11/2025,Vencidos <= 90 d / Crédito,0.0,ratio,Visão Executiva canônica; cache IME local 918192dcb18428a809121c4500c209ffac32f167d018cf2dd5d7e0bf005d3f0c,.cache/fundonet-ime/918192dcb18428a809121c4500c209ffac32f167d018cf2dd5d7e0bf005d3f0c
Carteiras selecionadas,PagSeguro I,PagSeguro I,28169275000172,10/2025,Vencidos <= 90 d / Crédito,0.0,ratio,Visão Executiva canônica; cache IME local 918192dcb18428a809121c4500c209ffac32f167d018cf2dd5d7e0bf005d3f0c,.cache/fundonet-ime/918192dcb18428a809121c4500c209ffac32f167d018cf2dd5d7e0bf005d3f0c
Carteiras selecionadas,PagSeguro I,PagSeguro I,28169275000172,09/2025,Vencidos <= 90 d / Crédito,0.0,ratio,Visão Executiva canônica; cache IME local 918192dcb18428a809121c4500c209ffac32f167d018cf2dd5d7e0bf005d3f0c,.cache/fundonet-ime/918192dcb18428a809121c4500c209ffac32f167d018cf2dd5d7e0bf005d3f0c
Carteiras selecionadas,PagSeguro I,PagSeguro I,28169275000172,08/2025,Vencidos <= 90 d / Crédito,0.0,ratio,Visão Executiva canônica; cache IME local 918192dcb18428a809121c4500c209ffac32f167d018cf2dd5d7e0bf005d3f0c,.cache/fundonet-ime/918192dcb18428a809121c4500c209ffac32f167d018cf2dd5d7e0bf005d3f0c
Carteiras selecionadas,PagSeguro I,PagSeguro I,28169275000172,07/2025,Vencidos <= 90 d / Crédito,0.0,ratio,Visão Executiva canônica; cache IME local 918192dcb18428a809121c4500c209ffac32f167d018cf2dd5d7e0bf005d3f0c,.cache/fundonet-ime/918192dcb18428a809121c4500c209ffac32f167d018cf2dd5d7e0bf005d3f0c
Carteiras selecionadas,PagSeguro I,PagSeguro I,28169275000172,06/2025,Vencidos <= 90 d / Crédito,0.0,ratio,Visão Executiva canônica; cache IME local 918192dcb18428a809121c4500c209ffac32f167d018cf2dd5d7e0bf005d3f0c,.cache/fundonet-ime/918192dcb18428a809121c4500c209ffac32f167d018cf2dd5d7e0bf005d3f0c
Carteiras selecionadas,PagSeguro I,PagSeguro I,28169275000172,05/2025,Vencidos <= 90 d / Crédito,0.0,ratio,Visão Executiva canônica; cache IME local 918192dcb18428a809121c4500c209ffac32f167d018cf2dd5d7e0bf005d3f0c,.cache/fundonet-ime/918192dcb18428a809121c4500c209ffac32f167d018cf2dd5d7e0bf005d3f0c
Carteiras selecionadas,PagSeguro I,PagSeguro I,28169275000172,04/2025,Vencidos <= 90 d / Crédito,0.0,ratio,Visão Executiva canônica; cache IME local 918192dcb18428a809121c4500c209ffac32f167d018cf2dd5d7e0bf005d3f0c,.cache/fundonet-ime/918192dcb18428a809121c4500c209ffac32f167d018cf2dd5d7e0bf005d3f0c
Carteiras selecionadas,PagSeguro I,PagSeguro I,28169275000172,03/2025,Vencidos <= 90 d / Crédito,0.0,ratio,Visão Executiva canônica; cache IME local 918192dcb18428a809121c4500c209ffac32f167d018cf2dd5d7e0bf005d3f0c,.cache/fundonet-ime/918192dcb18428a809121c4500c209ffac32f167d018cf2dd5d7e0bf005d3f0c
Carteiras selecionadas,PagSeguro I,PagSeguro I,28169275000172,02/2025,Vencidos <= 90 d / Crédito,0.0,ratio,Visão Executiva canônica; cache IME local 918192dcb18428a809121c4500c209ffac32f167d018cf2dd5d7e0bf005d3f0c,.cache/fundonet-ime/918192dcb18428a809121c4500c209ffac32f167d018cf2dd5d7e0bf005d3f0c
Carteiras selecionadas,PagSeguro I,PagSeguro I,28169275000172,03/2026,Vencidos > 90 d / Crédito,0.0,ratio,Visão Executiva canônica; cache IME local 918192dcb18428a809121c4500c209ffac32f167d018cf2dd5d7e0bf005d3f0c,.cache/fundonet-ime/918192dcb18428a809121c4500c209ffac32f167d018cf2dd5d7e0bf005d3f0c
Carteiras selecionadas,PagSeguro I,PagSeguro I,28169275000172,02/2026,Vencidos > 90 d / Crédito,0.0,ratio,Visão Executiva canônica; cache IME local 918192dcb18428a809121c4500c209ffac32f167d018cf2dd5d7e0bf005d3f0c,.cache/fundonet-ime/918192dcb18428a809121c4500c209ffac32f167d018cf2dd5d7e0bf005d3f0c
Carteiras selecionadas,PagSeguro I,PagSeguro I,28169275000172,01/2026,Vencidos > 90 d / Crédito,0.0,ratio,Visão Executiva canônica; cache IME local 918192dcb18428a809121c4500c209ffac32f167d018cf2dd5d7e0bf005d3f0c,.cache/fundonet-ime/918192dcb18428a809121c4500c209ffac32f167d018cf2dd5d7e0bf005d3f0c
Carteiras selecionadas,PagSeguro I,PagSeguro I,28169275000172,12/2025,Vencidos > 90 d / Crédito,0.0,ratio,Visão Executiva canônica; cache IME local 918192dcb18428a809121c4500c209ffac32f167d018cf2dd5d7e0bf005d3f0c,.cache/fundonet-ime/918192dcb18428a809121c4500c209ffac32f167d018cf2dd5d7e0bf005d3f0c
Carteiras selecionadas,PagSeguro I,PagSeguro I,28169275000172,11/2025,Vencidos > 90 d / Crédito,0.0,ratio,Visão Executiva canônica; cache IME local 918192dcb18428a809121c4500c209ffac32f167d018cf2dd5d7e0bf005d3f0c,.cache/fundonet-ime/918192dcb18428a809121c4500c209ffac32f167d018cf2dd5d7e0bf005d3f0c
Carteiras selecionadas,PagSeguro I,PagSeguro I,28169275000172,10/2025,Vencidos > 90 d / Crédito,0.0,ratio,Visão Executiva canônica; cache IME local 918192dcb18428a809121c4500c209ffac32f167d018cf2dd5d7e0bf005d3f0c,.cache/fundonet-ime/918192dcb18428a809121c4500c209ffac32f167d018cf2dd5d7e0bf005d3f0c
Carteiras selecionadas,PagSeguro I,PagSeguro I,28169275000172,09/2025,Vencidos > 90 d / Crédito,0.0,ratio,Visão Executiva canônica; cache IME local 918192dcb18428a809121c4500c209ffac32f167d018cf2dd5d7e0bf005d3f0c,.cache/fundonet-ime/918192dcb18428a809121c4500c209ffac32f167d018cf2dd5d7e0bf005d3f0c
Carteiras selecionadas,PagSeguro I,PagSeguro I,28169275000172,08/2025,Vencidos > 90 d / Crédito,0.0,ratio,Visão Executiva canônica; cache IME local 918192dcb18428a809121c4500c209ffac32f167d018cf2dd5d7e0bf005d3f0c,.cache/fundonet-ime/918192dcb18428a809121c4500c209ffac32f167d018cf2dd5d7e0bf005d3f0c
Carteiras selecionadas,PagSeguro I,PagSeguro I,28169275000172,07/2025,Vencidos > 90 d / Crédito,0.0,ratio,Visão Executiva canônica; cache IME local 918192dcb18428a809121c4500c209ffac32f167d018cf2dd5d7e0bf005d3f0c,.cache/fundonet-ime/918192dcb18428a809121c4500c209ffac32f167d018cf2dd5d7e0bf005d3f0c
Carteiras selecionadas,PagSeguro I,PagSeguro I,28169275000172,06/2025,Vencidos > 90 d / Crédito,0.0,ratio,Visão Executiva canônica; cache IME local 918192dcb18428a809121c4500c209ffac32f167d018cf2dd5d7e0bf005d3f0c,.cache/fundonet-ime/918192dcb18428a809121c4500c209ffac32f167d018cf2dd5d7e0bf005d3f0c
Carteiras selecionadas,PagSeguro I,PagSeguro I,28169275000172,05/2025,Vencidos > 90 d / Crédito,0.0,ratio,Visão Executiva canônica; cache IME local 918192dcb18428a809121c4500c209ffac32f167d018cf2dd5d7e0bf005d3f0c,.cache/fundonet-ime/918192dcb18428a809121c4500c209ffac32f167d018cf2dd5d7e0bf005d3f0c
Carteiras selecionadas,PagSeguro I,PagSeguro I,28169275000172,04/2025,Vencidos > 90 d / Crédito,0.0,ratio,Visão Executiva canônica; cache IME local 918192dcb18428a809121c4500c209ffac32f167d018cf2dd5d7e0bf005d3f0c,.cache/fundonet-ime/918192dcb18428a809121c4500c209ffac32f167d018cf2dd5d7e0bf005d3f0c
Carteiras selecionadas,PagSeguro I,PagSeguro I,28169275000172,03/2025,Vencidos > 90 d / Crédito,0.0,ratio,Visão Executiva canônica; cache IME local 918192dcb18428a809121c4500c209ffac32f167d018cf2dd5d7e0bf005d3f0c,.cache/fundonet-ime/918192dcb18428a809121c4500c209ffac32f167d018cf2dd5d7e0bf005d3f0c
Carteiras selecionadas,PagSeguro I,PagSeguro I,28169275000172,02/2025,Vencidos > 90 d / Crédito,0.0,ratio,Visão Executiva canônica; cache IME local 918192dcb18428a809121c4500c209ffac32f167d018cf2dd5d7e0bf005d3f0c,.cache/fundonet-ime/918192dcb18428a809121c4500c209ffac32f167d018cf2dd5d7e0bf005d3f0c
Carteiras selecionadas,PagSeguro I,PagSeguro I,28169275000172,03/2026,Vencidos Total / Crédito,0.0,ratio,Visão Executiva canônica; cache IME local 918192dcb18428a809121c4500c209ffac32f167d018cf2dd5d7e0bf005d3f0c,.cache/fundonet-ime/918192dcb18428a809121c4500c209ffac32f167d018cf2dd5d7e0bf005d3f0c
Carteiras selecionadas,PagSeguro I,PagSeguro I,28169275000172,02/2026,Vencidos Total / Crédito,0.0,ratio,Visão Executiva canônica; cache IME local 918192dcb18428a809121c4500c209ffac32f167d018cf2dd5d7e0bf005d3f0c,.cache/fundonet-ime/918192dcb18428a809121c4500c209ffac32f167d018cf2dd5d7e0bf005d3f0c
Carteiras selecionadas,PagSeguro I,PagSeguro I,28169275000172,01/2026,Vencidos Total / Crédito,0.0,ratio,Visão Executiva canônica; cache IME local 918192dcb18428a809121c4500c209ffac32f167d018cf2dd5d7e0bf005d3f0c,.cache/fundonet-ime/918192dcb18428a809121c4500c209ffac32f167d018cf2dd5d7e0bf005d3f0c
Carteiras selecionadas,PagSeguro I,PagSeguro I,28169275000172,12/2025,Vencidos Total / Crédito,0.0,ratio,Visão Executiva canônica; cache IME local 918192dcb18428a809121c4500c209ffac32f167d018cf2dd5d7e0bf005d3f0c,.cache/fundonet-ime/918192dcb18428a809121c4500c209ffac32f167d018cf2dd5d7e0bf005d3f0c
Carteiras selecionadas,PagSeguro I,PagSeguro I,28169275000172,11/2025,Vencidos Total / Crédito,0.0,ratio,Visão Executiva canônica; cache IME local 918192dcb18428a809121c4500c209ffac32f167d018cf2dd5d7e0bf005d3f0c,.cache/fundonet-ime/918192dcb18428a809121c4500c209ffac32f167d018cf2dd5d7e0bf005d3f0c
Carteiras selecionadas,PagSeguro I,PagSeguro I,28169275000172,10/2025,Vencidos Total / Crédito,0.0,ratio,Visão Executiva canônica; cache IME local 918192dcb18428a809121c4500c209ffac32f167d018cf2dd5d7e0bf005d3f0c,.cache/fundonet-ime/918192dcb18428a809121c4500c209ffac32f167d018cf2dd5d7e0bf005d3f0c
Carteiras selecionadas,PagSeguro I,PagSeguro I,28169275000172,09/2025,Vencidos Total / Crédito,0.0,ratio,Visão Executiva canônica; cache IME local 918192dcb18428a809121c4500c209ffac32f167d018cf2dd5d7e0bf005d3f0c,.cache/fundonet-ime/918192dcb18428a809121c4500c209ffac32f167d018cf2dd5d7e0bf005d3f0c
Carteiras selecionadas,PagSeguro I,PagSeguro I,28169275000172,08/2025,Vencidos Total / Crédito,0.0,ratio,Visão Executiva canônica; cache IME local 918192dcb18428a809121c4500c209ffac32f167d018cf2dd5d7e0bf005d3f0c,.cache/fundonet-ime/918192dcb18428a809121c4500c209ffac32f167d018cf2dd5d7e0bf005d3f0c
Carteiras selecionadas,PagSeguro I,PagSeguro I,28169275000172,07/2025,Vencidos Total / Crédito,0.0,ratio,Visão Executiva canônica; cache IME local 918192dcb18428a809121c4500c209ffac32f167d018cf2dd5d7e0bf005d3f0c,.cache/fundonet-ime/918192dcb18428a809121c4500c209ffac32f167d018cf2dd5d7e0bf005d3f0c
Carteiras selecionadas,PagSeguro I,PagSeguro I,28169275000172,06/2025,Vencidos Total / Crédito,0.0,ratio,Visão Executiva canônica; cache IME local 918192dcb18428a809121c4500c209ffac32f167d018cf2dd5d7e0bf005d3f0c,.cache/fundonet-ime/918192dcb18428a809121c4500c209ffac32f167d018cf2dd5d7e0bf005d3f0c
Carteiras selecionadas,PagSeguro I,PagSeguro I,28169275000172,05/2025,Vencidos Total / Crédito,0.0,ratio,Visão Executiva canônica; cache IME local 918192dcb18428a809121c4500c209ffac32f167d018cf2dd5d7e0bf005d3f0c,.cache/fundonet-ime/918192dcb18428a809121c4500c209ffac32f167d018cf2dd5d7e0bf005d3f0c
Carteiras selecionadas,PagSeguro I,PagSeguro I,28169275000172,04/2025,Vencidos Total / Crédito,0.0,ratio,Visão Executiva canônica; cache IME local 918192dcb18428a809121c4500c209ffac32f167d018cf2dd5d7e0bf005d3f0c,.cache/fundonet-ime/918192dcb18428a809121c4500c209ffac32f167d018cf2dd5d7e0bf005d3f0c
Carteiras selecionadas,PagSeguro I,PagSeguro I,28169275000172,03/2025,Vencidos Total / Crédito,0.0,ratio,Visão Executiva canônica; cache IME local 918192dcb18428a809121c4500c209ffac32f167d018cf2dd5d7e0bf005d3f0c,.cache/fundonet-ime/918192dcb18428a809121c4500c209ffac32f167d018cf2dd5d7e0bf005d3f0c
Carteiras selecionadas,PagSeguro I,PagSeguro I,28169275000172,02/2025,Vencidos Total / Crédito,0.0,ratio,Visão Executiva canônica; cache IME local 918192dcb18428a809121c4500c209ffac32f167d018cf2dd5d7e0bf005d3f0c,.cache/fundonet-ime/918192dcb18428a809121c4500c209ffac32f167d018cf2dd5d7e0bf005d3f0c
Carteiras selecionadas,PagSeguro I,PagSeguro I,28169275000172,03/2026,Vencidos Over 30 d (R$ MM),0.0,R$ MM,Visão Executiva canônica; cache IME local 918192dcb18428a809121c4500c209ffac32f167d018cf2dd5d7e0bf005d3f0c,.cache/fundonet-ime/918192dcb18428a809121c4500c209ffac32f167d018cf2dd5d7e0bf005d3f0c
Carteiras selecionadas,PagSeguro I,PagSeguro I,28169275000172,02/2026,Vencidos Over 30 d (R$ MM),0.0,R$ MM,Visão Executiva canônica; cache IME local 918192dcb18428a809121c4500c209ffac32f167d018cf2dd5d7e0bf005d3f0c,.cache/fundonet-ime/918192dcb18428a809121c4500c209ffac32f167d018cf2dd5d7e0bf005d3f0c
Carteiras selecionadas,PagSeguro I,PagSeguro I,28169275000172,01/2026,Vencidos Over 30 d (R$ MM),0.0,R$ MM,Visão Executiva canônica; cache IME local 918192dcb18428a809121c4500c209ffac32f167d018cf2dd5d7e0bf005d3f0c,.cache/fundonet-ime/918192dcb18428a809121c4500c209ffac32f167d018cf2dd5d7e0bf005d3f0c
Carteiras selecionadas,PagSeguro I,PagSeguro I,28169275000172,12/2025,Vencidos Over 30 d (R$ MM),0.0,R$ MM,Visão Executiva canônica; cache IME local 918192dcb18428a809121c4500c209ffac32f167d018cf2dd5d7e0bf005d3f0c,.cache/fundonet-ime/918192dcb18428a809121c4500c209ffac32f167d018cf2dd5d7e0bf005d3f0c
Carteiras selecionadas,PagSeguro I,PagSeguro I,28169275000172,11/2025,Vencidos Over 30 d (R$ MM),0.0,R$ MM,Visão Executiva canônica; cache IME local 918192dcb18428a809121c4500c209ffac32f167d018cf2dd5d7e0bf005d3f0c,.cache/fundonet-ime/918192dcb18428a809121c4500c209ffac32f167d018cf2dd5d7e0bf005d3f0c
Carteiras selecionadas,PagSeguro I,PagSeguro I,28169275000172,10/2025,Vencidos Over 30 d (R$ MM),0.0,R$ MM,Visão Executiva canônica; cache IME local 918192dcb18428a809121c4500c209ffac32f167d018cf2dd5d7e0bf005d3f0c,.cache/fundonet-ime/918192dcb18428a809121c4500c209ffac32f167d018cf2dd5d7e0bf005d3f0c
Carteiras selecionadas,PagSeguro I,PagSeguro I,28169275000172,09/2025,Vencidos Over 30 d (R$ MM),0.0,R$ MM,Visão Executiva canônica; cache IME local 918192dcb18428a809121c4500c209ffac32f167d018cf2dd5d7e0bf005d3f0c,.cache/fundonet-ime/918192dcb18428a809121c4500c209ffac32f167d018cf2dd5d7e0bf005d3f0c
Carteiras selecionadas,PagSeguro I,PagSeguro I,28169275000172,08/2025,Vencidos Over 30 d (R$ MM),0.0,R$ MM,Visão Executiva canônica; cache IME local 918192dcb18428a809121c4500c209ffac32f167d018cf2dd5d7e0bf005d3f0c,.cache/fundonet-ime/918192dcb18428a809121c4500c209ffac32f167d018cf2dd5d7e0bf005d3f0c
Carteiras selecionadas,PagSeguro I,PagSeguro I,28169275000172,07/2025,Vencidos Over 30 d (R$ MM),0.0,R$ MM,Visão Executiva canônica; cache IME local 918192dcb18428a809121c4500c209ffac32f167d018cf2dd5d7e0bf005d3f0c,.cache/fundonet-ime/918192dcb18428a809121c4500c209ffac32f167d018cf2dd5d7e0bf005d3f0c
Carteiras selecionadas,PagSeguro I,PagSeguro I,28169275000172,06/2025,Vencidos Over 30 d (R$ MM),0.0,R$ MM,Visão Executiva canônica; cache IME local 918192dcb18428a809121c4500c209ffac32f167d018cf2dd5d7e0bf005d3f0c,.cache/fundonet-ime/918192dcb18428a809121c4500c209ffac32f167d018cf2dd5d7e0bf005d3f0c
Carteiras selecionadas,PagSeguro I,PagSeguro I,28169275000172,05/2025,Vencidos Over 30 d (R$ MM),0.0,R$ MM,Visão Executiva canônica; cache IME local 918192dcb18428a809121c4500c209ffac32f167d018cf2dd5d7e0bf005d3f0c,.cache/fundonet-ime/918192dcb18428a809121c4500c209ffac32f167d018cf2dd5d7e0bf005d3f0c
Carteiras selecionadas,PagSeguro I,PagSeguro I,28169275000172,04/2025,Vencidos Over 30 d (R$ MM),0.0,R$ MM,Visão Executiva canônica; cache IME local 918192dcb18428a809121c4500c209ffac32f167d018cf2dd5d7e0bf005d3f0c,.cache/fundonet-ime/918192dcb18428a809121c4500c209ffac32f167d018cf2dd5d7e0bf005d3f0c
Carteiras selecionadas,PagSeguro I,PagSeguro I,28169275000172,03/2025,Vencidos Over 30 d (R$ MM),0.0,R$ MM,Visão Executiva canônica; cache IME local 918192dcb18428a809121c4500c209ffac32f167d018cf2dd5d7e0bf005d3f0c,.cache/fundonet-ime/918192dcb18428a809121c4500c209ffac32f167d018cf2dd5d7e0bf005d3f0c
Carteiras selecionadas,PagSeguro I,PagSeguro I,28169275000172,02/2025,Vencidos Over 30 d (R$ MM),0.0,R$ MM,Visão Executiva canônica; cache IME local 918192dcb18428a809121c4500c209ffac32f167d018cf2dd5d7e0bf005d3f0c,.cache/fundonet-ime/918192dcb18428a809121c4500c209ffac32f167d018cf2dd5d7e0bf005d3f0c
Carteiras selecionadas,PagSeguro I,PagSeguro I,28169275000172,03/2026,Vencidos Over 30 d / Crédito,0.0,ratio,Visão Executiva canônica; cache IME local 918192dcb18428a809121c4500c209ffac32f167d018cf2dd5d7e0bf005d3f0c,.cache/fundonet-ime/918192dcb18428a809121c4500c209ffac32f167d018cf2dd5d7e0bf005d3f0c
Carteiras selecionadas,PagSeguro I,PagSeguro I,28169275000172,02/2026,Vencidos Over 30 d / Crédito,0.0,ratio,Visão Executiva canônica; cache IME local 918192dcb18428a809121c4500c209ffac32f167d018cf2dd5d7e0bf005d3f0c,.cache/fundonet-ime/918192dcb18428a809121c4500c209ffac32f167d018cf2dd5d7e0bf005d3f0c
Carteiras selecionadas,PagSeguro I,PagSeguro I,28169275000172,01/2026,Vencidos Over 30 d / Crédito,0.0,ratio,Visão Executiva canônica; cache IME local 918192dcb18428a809121c4500c209ffac32f167d018cf2dd5d7e0bf005d3f0c,.cache/fundonet-ime/918192dcb18428a809121c4500c209ffac32f167d018cf2dd5d7e0bf005d3f0c
Carteiras selecionadas,PagSeguro I,PagSeguro I,28169275000172,12/2025,Vencidos Over 30 d / Crédito,0.0,ratio,Visão Executiva canônica; cache IME local 918192dcb18428a809121c4500c209ffac32f167d018cf2dd5d7e0bf005d3f0c,.cache/fundonet-ime/918192dcb18428a809121c4500c209ffac32f167d018cf2dd5d7e0bf005d3f0c
Carteiras selecionadas,PagSeguro I,PagSeguro I,28169275000172,11/2025,Vencidos Over 30 d / Crédito,0.0,ratio,Visão Executiva canônica; cache IME local 918192dcb18428a809121c4500c209ffac32f167d018cf2dd5d7e0bf005d3f0c,.cache/fundonet-ime/918192dcb18428a809121c4500c209ffac32f167d018cf2dd5d7e0bf005d3f0c
Carteiras selecionadas,PagSeguro I,PagSeguro I,28169275000172,10/2025,Vencidos Over 30 d / Crédito,0.0,ratio,Visão Executiva canônica; cache IME local 918192dcb18428a809121c4500c209ffac32f167d018cf2dd5d7e0bf005d3f0c,.cache/fundonet-ime/918192dcb18428a809121c4500c209ffac32f167d018cf2dd5d7e0bf005d3f0c
Carteiras selecionadas,PagSeguro I,PagSeguro I,28169275000172,09/2025,Vencidos Over 30 d / Crédito,0.0,ratio,Visão Executiva canônica; cache IME local 918192dcb18428a809121c4500c209ffac32f167d018cf2dd5d7e0bf005d3f0c,.cache/fundonet-ime/918192dcb18428a809121c4500c209ffac32f167d018cf2dd5d7e0bf005d3f0c
Carteiras selecionadas,PagSeguro I,PagSeguro I,28169275000172,08/2025,Vencidos Over 30 d / Crédito,0.0,ratio,Visão Executiva canônica; cache IME local 918192dcb18428a809121c4500c209ffac32f167d018cf2dd5d7e0bf005d3f0c,.cache/fundonet-ime/918192dcb18428a809121c4500c209ffac32f167d018cf2dd5d7e0bf005d3f0c
Carteiras selecionadas,PagSeguro I,PagSeguro I,28169275000172,07/2025,Vencidos Over 30 d / Crédito,0.0,ratio,Visão Executiva canônica; cache IME local 918192dcb18428a809121c4500c209ffac32f167d018cf2dd5d7e0bf005d3f0c,.cache/fundonet-ime/918192dcb18428a809121c4500c209ffac32f167d018cf2dd5d7e0bf005d3f0c
Carteiras selecionadas,PagSeguro I,PagSeguro I,28169275000172,06/2025,Vencidos Over 30 d / Crédito,0.0,ratio,Visão Executiva canônica; cache IME local 918192dcb18428a809121c4500c209ffac32f167d018cf2dd5d7e0bf005d3f0c,.cache/fundonet-ime/918192dcb18428a809121c4500c209ffac32f167d018cf2dd5d7e0bf005d3f0c
Carteiras selecionadas,PagSeguro I,PagSeguro I,28169275000172,05/2025,Vencidos Over 30 d / Crédito,0.0,ratio,Visão Executiva canônica; cache IME local 918192dcb18428a809121c4500c209ffac32f167d018cf2dd5d7e0bf005d3f0c,.cache/fundonet-ime/918192dcb18428a809121c4500c209ffac32f167d018cf2dd5d7e0bf005d3f0c
Carteiras selecionadas,PagSeguro I,PagSeguro I,28169275000172,04/2025,Vencidos Over 30 d / Crédito,0.0,ratio,Visão Executiva canônica; cache IME local 918192dcb18428a809121c4500c209ffac32f167d018cf2dd5d7e0bf005d3f0c,.cache/fundonet-ime/918192dcb18428a809121c4500c209ffac32f167d018cf2dd5d7e0bf005d3f0c
Carteiras selecionadas,PagSeguro I,PagSeguro I,28169275000172,03/2025,Vencidos Over 30 d / Crédito,0.0,ratio,Visão Executiva canônica; cache IME local 918192dcb18428a809121c4500c209ffac32f167d018cf2dd5d7e0bf005d3f0c,.cache/fundonet-ime/918192dcb18428a809121c4500c209ffac32f167d018cf2dd5d7e0bf005d3f0c
Carteiras selecionadas,PagSeguro I,PagSeguro I,28169275000172,02/2025,Vencidos Over 30 d / Crédito,0.0,ratio,Visão Executiva canônica; cache IME local 918192dcb18428a809121c4500c209ffac32f167d018cf2dd5d7e0bf005d3f0c,.cache/fundonet-ime/918192dcb18428a809121c4500c209ffac32f167d018cf2dd5d7e0bf005d3f0c
Carteiras selecionadas,PagSeguro I,PagSeguro I,28169275000172,03/2026,Vencidos Over 60 d (R$ MM),0.0,R$ MM,Visão Executiva canônica; cache IME local 918192dcb18428a809121c4500c209ffac32f167d018cf2dd5d7e0bf005d3f0c,.cache/fundonet-ime/918192dcb18428a809121c4500c209ffac32f167d018cf2dd5d7e0bf005d3f0c
Carteiras selecionadas,PagSeguro I,PagSeguro I,28169275000172,02/2026,Vencidos Over 60 d (R$ MM),0.0,R$ MM,Visão Executiva canônica; cache IME local 918192dcb18428a809121c4500c209ffac32f167d018cf2dd5d7e0bf005d3f0c,.cache/fundonet-ime/918192dcb18428a809121c4500c209ffac32f167d018cf2dd5d7e0bf005d3f0c
Carteiras selecionadas,PagSeguro I,PagSeguro I,28169275000172,01/2026,Vencidos Over 60 d (R$ MM),0.0,R$ MM,Visão Executiva canônica; cache IME local 918192dcb18428a809121c4500c209ffac32f167d018cf2dd5d7e0bf005d3f0c,.cache/fundonet-ime/918192dcb18428a809121c4500c209ffac32f167d018cf2dd5d7e0bf005d3f0c
Carteiras selecionadas,PagSeguro I,PagSeguro I,28169275000172,12/2025,Vencidos Over 60 d (R$ MM),0.0,R$ MM,Visão Executiva canônica; cache IME local 918192dcb18428a809121c4500c209ffac32f167d018cf2dd5d7e0bf005d3f0c,.cache/fundonet-ime/918192dcb18428a809121c4500c209ffac32f167d018cf2dd5d7e0bf005d3f0c
Carteiras selecionadas,PagSeguro I,PagSeguro I,28169275000172,11/2025,Vencidos Over 60 d (R$ MM),0.0,R$ MM,Visão Executiva canônica; cache IME local 918192dcb18428a809121c4500c209ffac32f167d018cf2dd5d7e0bf005d3f0c,.cache/fundonet-ime/918192dcb18428a809121c4500c209ffac32f167d018cf2dd5d7e0bf005d3f0c
Carteiras selecionadas,PagSeguro I,PagSeguro I,28169275000172,10/2025,Vencidos Over 60 d (R$ MM),0.0,R$ MM,Visão Executiva canônica; cache IME local 918192dcb18428a809121c4500c209ffac32f167d018cf2dd5d7e0bf005d3f0c,.cache/fundonet-ime/918192dcb18428a809121c4500c209ffac32f167d018cf2dd5d7e0bf005d3f0c
Carteiras selecionadas,PagSeguro I,PagSeguro I,28169275000172,09/2025,Vencidos Over 60 d (R$ MM),0.0,R$ MM,Visão Executiva canônica; cache IME local 918192dcb18428a809121c4500c209ffac32f167d018cf2dd5d7e0bf005d3f0c,.cache/fundonet-ime/918192dcb18428a809121c4500c209ffac32f167d018cf2dd5d7e0bf005d3f0c
Carteiras selecionadas,PagSeguro I,PagSeguro I,28169275000172,08/2025,Vencidos Over 60 d (R$ MM),0.0,R$ MM,Visão Executiva canônica; cache IME local 918192dcb18428a809121c4500c209ffac32f167d018cf2dd5d7e0bf005d3f0c,.cache/fundonet-ime/918192dcb18428a809121c4500c209ffac32f167d018cf2dd5d7e0bf005d3f0c
Carteiras selecionadas,PagSeguro I,PagSeguro I,28169275000172,07/2025,Vencidos Over 60 d (R$ MM),0.0,R$ MM,Visão Executiva canônica; cache IME local 918192dcb18428a809121c4500c209ffac32f167d018cf2dd5d7e0bf005d3f0c,.cache/fundonet-ime/918192dcb18428a809121c4500c209ffac32f167d018cf2dd5d7e0bf005d3f0c
Carteiras selecionadas,PagSeguro I,PagSeguro I,28169275000172,06/2025,Vencidos Over 60 d (R$ MM),0.0,R$ MM,Visão Executiva canônica; cache IME local 918192dcb18428a809121c4500c209ffac32f167d018cf2dd5d7e0bf005d3f0c,.cache/fundonet-ime/918192dcb18428a809121c4500c209ffac32f167d018cf2dd5d7e0bf005d3f0c
Carteiras selecionadas,PagSeguro I,PagSeguro I,28169275000172,05/2025,Vencidos Over 60 d (R$ MM),0.0,R$ MM,Visão Executiva canônica; cache IME local 918192dcb18428a809121c4500c209ffac32f167d018cf2dd5d7e0bf005d3f0c,.cache/fundonet-ime/918192dcb18428a809121c4500c209ffac32f167d018cf2dd5d7e0bf005d3f0c
Carteiras selecionadas,PagSeguro I,PagSeguro I,28169275000172,04/2025,Vencidos Over 60 d (R$ MM),0.0,R$ MM,Visão Executiva canônica; cache IME local 918192dcb18428a809121c4500c209ffac32f167d018cf2dd5d7e0bf005d3f0c,.cache/fundonet-ime/918192dcb18428a809121c4500c209ffac32f167d018cf2dd5d7e0bf005d3f0c
Carteiras selecionadas,PagSeguro I,PagSeguro I,28169275000172,03/2025,Vencidos Over 60 d (R$ MM),0.0,R$ MM,Visão Executiva canônica; cache IME local 918192dcb18428a809121c4500c209ffac32f167d018cf2dd5d7e0bf005d3f0c,.cache/fundonet-ime/918192dcb18428a809121c4500c209ffac32f167d018cf2dd5d7e0bf005d3f0c
Carteiras selecionadas,PagSeguro I,PagSeguro I,28169275000172,02/2025,Vencidos Over 60 d (R$ MM),0.0,R$ MM,Visão Executiva canônica; cache IME local 918192dcb18428a809121c4500c209ffac32f167d018cf2dd5d7e0bf005d3f0c,.cache/fundonet-ime/918192dcb18428a809121c4500c209ffac32f167d018cf2dd5d7e0bf005d3f0c
Carteiras selecionadas,PagSeguro I,PagSeguro I,28169275000172,03/2026,Vencidos Over 60 d / Crédito,0.0,ratio,Visão Executiva canônica; cache IME local 918192dcb18428a809121c4500c209ffac32f167d018cf2dd5d7e0bf005d3f0c,.cache/fundonet-ime/918192dcb18428a809121c4500c209ffac32f167d018cf2dd5d7e0bf005d3f0c
Carteiras selecionadas,PagSeguro I,PagSeguro I,28169275000172,02/2026,Vencidos Over 60 d / Crédito,0.0,ratio,Visão Executiva canônica; cache IME local 918192dcb18428a809121c4500c209ffac32f167d018cf2dd5d7e0bf005d3f0c,.cache/fundonet-ime/918192dcb18428a809121c4500c209ffac32f167d018cf2dd5d7e0bf005d3f0c
Carteiras selecionadas,PagSeguro I,PagSeguro I,28169275000172,01/2026,Vencidos Over 60 d / Crédito,0.0,ratio,Visão Executiva canônica; cache IME local 918192dcb18428a809121c4500c209ffac32f167d018cf2dd5d7e0bf005d3f0c,.cache/fundonet-ime/918192dcb18428a809121c4500c209ffac32f167d018cf2dd5d7e0bf005d3f0c
Carteiras selecionadas,PagSeguro I,PagSeguro I,28169275000172,12/2025,Vencidos Over 60 d / Crédito,0.0,ratio,Visão Executiva canônica; cache IME local 918192dcb18428a809121c4500c209ffac32f167d018cf2dd5d7e0bf005d3f0c,.cache/fundonet-ime/918192dcb18428a809121c4500c209ffac32f167d018cf2dd5d7e0bf005d3f0c
Carteiras selecionadas,PagSeguro I,PagSeguro I,28169275000172,11/2025,Vencidos Over 60 d / Crédito,0.0,ratio,Visão Executiva canônica; cache IME local 918192dcb18428a809121c4500c209ffac32f167d018cf2dd5d7e0bf005d3f0c,.cache/fundonet-ime/918192dcb18428a809121c4500c209ffac32f167d018cf2dd5d7e0bf005d3f0c
Carteiras selecionadas,PagSeguro I,PagSeguro I,28169275000172,10/2025,Vencidos Over 60 d / Crédito,0.0,ratio,Visão Executiva canônica; cache IME local 918192dcb18428a809121c4500c209ffac32f167d018cf2dd5d7e0bf005d3f0c,.cache/fundonet-ime/918192dcb18428a809121c4500c209ffac32f167d018cf2dd5d7e0bf005d3f0c
Carteiras selecionadas,PagSeguro I,PagSeguro I,28169275000172,09/2025,Vencidos Over 60 d / Crédito,0.0,ratio,Visão Executiva canônica; cache IME local 918192dcb18428a809121c4500c209ffac32f167d018cf2dd5d7e0bf005d3f0c,.cache/fundonet-ime/918192dcb18428a809121c4500c209ffac32f167d018cf2dd5d7e0bf005d3f0c
Carteiras selecionadas,PagSeguro I,PagSeguro I,28169275000172,08/2025,Vencidos Over 60 d / Crédito,0.0,ratio,Visão Executiva canônica; cache IME local 918192dcb18428a809121c4500c209ffac32f167d018cf2dd5d7e0bf005d3f0c,.cache/fundonet-ime/918192dcb18428a809121c4500c209ffac32f167d018cf2dd5d7e0bf005d3f0c
Carteiras selecionadas,PagSeguro I,PagSeguro I,28169275000172,07/2025,Vencidos Over 60 d / Crédito,0.0,ratio,Visão Executiva canônica; cache IME local 918192dcb18428a809121c4500c209ffac32f167d018cf2dd5d7e0bf005d3f0c,.cache/fundonet-ime/918192dcb18428a809121c4500c209ffac32f167d018cf2dd5d7e0bf005d3f0c
Carteiras selecionadas,PagSeguro I,PagSeguro I,28169275000172,06/2025,Vencidos Over 60 d / Crédito,0.0,ratio,Visão Executiva canônica; cache IME local 918192dcb18428a809121c4500c209ffac32f167d018cf2dd5d7e0bf005d3f0c,.cache/fundonet-ime/918192dcb18428a809121c4500c209ffac32f167d018cf2dd5d7e0bf005d3f0c
Carteiras selecionadas,PagSeguro I,PagSeguro I,28169275000172,05/2025,Vencidos Over 60 d / Crédito,0.0,ratio,Visão Executiva canônica; cache IME local 918192dcb18428a809121c4500c209ffac32f167d018cf2dd5d7e0bf005d3f0c,.cache/fundonet-ime/918192dcb18428a809121c4500c209ffac32f167d018cf2dd5d7e0bf005d3f0c
Carteiras selecionadas,PagSeguro I,PagSeguro I,28169275000172,04/2025,Vencidos Over 60 d / Crédito,0.0,ratio,Visão Executiva canônica; cache IME local 918192dcb18428a809121c4500c209ffac32f167d018cf2dd5d7e0bf005d3f0c,.cache/fundonet-ime/918192dcb18428a809121c4500c209ffac32f167d018cf2dd5d7e0bf005d3f0c
Carteiras selecionadas,PagSeguro I,PagSeguro I,28169275000172,03/2025,Vencidos Over 60 d / Crédito,0.0,ratio,Visão Executiva canônica; cache IME local 918192dcb18428a809121c4500c209ffac32f167d018cf2dd5d7e0bf005d3f0c,.cache/fundonet-ime/918192dcb18428a809121c4500c209ffac32f167d018cf2dd5d7e0bf005d3f0c
Carteiras selecionadas,PagSeguro I,PagSeguro I,28169275000172,02/2025,Vencidos Over 60 d / Crédito,0.0,ratio,Visão Executiva canônica; cache IME local 918192dcb18428a809121c4500c209ffac32f167d018cf2dd5d7e0bf005d3f0c,.cache/fundonet-ime/918192dcb18428a809121c4500c209ffac32f167d018cf2dd5d7e0bf005d3f0c
Carteiras selecionadas,PagSeguro I,PagSeguro I,28169275000172,03/2026,Vencidos Over 90 d (R$ MM),0.0,R$ MM,Visão Executiva canônica; cache IME local 918192dcb18428a809121c4500c209ffac32f167d018cf2dd5d7e0bf005d3f0c,.cache/fundonet-ime/918192dcb18428a809121c4500c209ffac32f167d018cf2dd5d7e0bf005d3f0c
Carteiras selecionadas,PagSeguro I,PagSeguro I,28169275000172,02/2026,Vencidos Over 90 d (R$ MM),0.0,R$ MM,Visão Executiva canônica; cache IME local 918192dcb18428a809121c4500c209ffac32f167d018cf2dd5d7e0bf005d3f0c,.cache/fundonet-ime/918192dcb18428a809121c4500c209ffac32f167d018cf2dd5d7e0bf005d3f0c
Carteiras selecionadas,PagSeguro I,PagSeguro I,28169275000172,01/2026,Vencidos Over 90 d (R$ MM),0.0,R$ MM,Visão Executiva canônica; cache IME local 918192dcb18428a809121c4500c209ffac32f167d018cf2dd5d7e0bf005d3f0c,.cache/fundonet-ime/918192dcb18428a809121c4500c209ffac32f167d018cf2dd5d7e0bf005d3f0c
Carteiras selecionadas,PagSeguro I,PagSeguro I,28169275000172,12/2025,Vencidos Over 90 d (R$ MM),0.0,R$ MM,Visão Executiva canônica; cache IME local 918192dcb18428a809121c4500c209ffac32f167d018cf2dd5d7e0bf005d3f0c,.cache/fundonet-ime/918192dcb18428a809121c4500c209ffac32f167d018cf2dd5d7e0bf005d3f0c
Carteiras selecionadas,PagSeguro I,PagSeguro I,28169275000172,11/2025,Vencidos Over 90 d (R$ MM),0.0,R$ MM,Visão Executiva canônica; cache IME local 918192dcb18428a809121c4500c209ffac32f167d018cf2dd5d7e0bf005d3f0c,.cache/fundonet-ime/918192dcb18428a809121c4500c209ffac32f167d018cf2dd5d7e0bf005d3f0c
Carteiras selecionadas,PagSeguro I,PagSeguro I,28169275000172,10/2025,Vencidos Over 90 d (R$ MM),0.0,R$ MM,Visão Executiva canônica; cache IME local 918192dcb18428a809121c4500c209ffac32f167d018cf2dd5d7e0bf005d3f0c,.cache/fundonet-ime/918192dcb18428a809121c4500c209ffac32f167d018cf2dd5d7e0bf005d3f0c
Carteiras selecionadas,PagSeguro I,PagSeguro I,28169275000172,09/2025,Vencidos Over 90 d (R$ MM),0.0,R$ MM,Visão Executiva canônica; cache IME local 918192dcb18428a809121c4500c209ffac32f167d018cf2dd5d7e0bf005d3f0c,.cache/fundonet-ime/918192dcb18428a809121c4500c209ffac32f167d018cf2dd5d7e0bf005d3f0c
Carteiras selecionadas,PagSeguro I,PagSeguro I,28169275000172,08/2025,Vencidos Over 90 d (R$ MM),0.0,R$ MM,Visão Executiva canônica; cache IME local 918192dcb18428a809121c4500c209ffac32f167d018cf2dd5d7e0bf005d3f0c,.cache/fundonet-ime/918192dcb18428a809121c4500c209ffac32f167d018cf2dd5d7e0bf005d3f0c
Carteiras selecionadas,PagSeguro I,PagSeguro I,28169275000172,07/2025,Vencidos Over 90 d (R$ MM),0.0,R$ MM,Visão Executiva canônica; cache IME local 918192dcb18428a809121c4500c209ffac32f167d018cf2dd5d7e0bf005d3f0c,.cache/fundonet-ime/918192dcb18428a809121c4500c209ffac32f167d018cf2dd5d7e0bf005d3f0c
Carteiras selecionadas,PagSeguro I,PagSeguro I,28169275000172,06/2025,Vencidos Over 90 d (R$ MM),0.0,R$ MM,Visão Executiva canônica; cache IME local 918192dcb18428a809121c4500c209ffac32f167d018cf2dd5d7e0bf005d3f0c,.cache/fundonet-ime/918192dcb18428a809121c4500c209ffac32f167d018cf2dd5d7e0bf005d3f0c
Carteiras selecionadas,PagSeguro I,PagSeguro I,28169275000172,05/2025,Vencidos Over 90 d (R$ MM),0.0,R$ MM,Visão Executiva canônica; cache IME local 918192dcb18428a809121c4500c209ffac32f167d018cf2dd5d7e0bf005d3f0c,.cache/fundonet-ime/918192dcb18428a809121c4500c209ffac32f167d018cf2dd5d7e0bf005d3f0c
Carteiras selecionadas,PagSeguro I,PagSeguro I,28169275000172,04/2025,Vencidos Over 90 d (R$ MM),0.0,R$ MM,Visão Executiva canônica; cache IME local 918192dcb18428a809121c4500c209ffac32f167d018cf2dd5d7e0bf005d3f0c,.cache/fundonet-ime/918192dcb18428a809121c4500c209ffac32f167d018cf2dd5d7e0bf005d3f0c
Carteiras selecionadas,PagSeguro I,PagSeguro I,28169275000172,03/2025,Vencidos Over 90 d (R$ MM),0.0,R$ MM,Visão Executiva canônica; cache IME local 918192dcb18428a809121c4500c209ffac32f167d018cf2dd5d7e0bf005d3f0c,.cache/fundonet-ime/918192dcb18428a809121c4500c209ffac32f167d018cf2dd5d7e0bf005d3f0c
Carteiras selecionadas,PagSeguro I,PagSeguro I,28169275000172,02/2025,Vencidos Over 90 d (R$ MM),0.0,R$ MM,Visão Executiva canônica; cache IME local 918192dcb18428a809121c4500c209ffac32f167d018cf2dd5d7e0bf005d3f0c,.cache/fundonet-ime/918192dcb18428a809121c4500c209ffac32f167d018cf2dd5d7e0bf005d3f0c
Carteiras selecionadas,PagSeguro I,PagSeguro I,28169275000172,03/2026,Vencidos Over 90 d / Crédito,0.0,ratio,Visão Executiva canônica; cache IME local 918192dcb18428a809121c4500c209ffac32f167d018cf2dd5d7e0bf005d3f0c,.cache/fundonet-ime/918192dcb18428a809121c4500c209ffac32f167d018cf2dd5d7e0bf005d3f0c
Carteiras selecionadas,PagSeguro I,PagSeguro I,28169275000172,02/2026,Vencidos Over 90 d / Crédito,0.0,ratio,Visão Executiva canônica; cache IME local 918192dcb18428a809121c4500c209ffac32f167d018cf2dd5d7e0bf005d3f0c,.cache/fundonet-ime/918192dcb18428a809121c4500c209ffac32f167d018cf2dd5d7e0bf005d3f0c
Carteiras selecionadas,PagSeguro I,PagSeguro I,28169275000172,01/2026,Vencidos Over 90 d / Crédito,0.0,ratio,Visão Executiva canônica; cache IME local 918192dcb18428a809121c4500c209ffac32f167d018cf2dd5d7e0bf005d3f0c,.cache/fundonet-ime/918192dcb18428a809121c4500c209ffac32f167d018cf2dd5d7e0bf005d3f0c
Carteiras selecionadas,PagSeguro I,PagSeguro I,28169275000172,12/2025,Vencidos Over 90 d / Crédito,0.0,ratio,Visão Executiva canônica; cache IME local 918192dcb18428a809121c4500c209ffac32f167d018cf2dd5d7e0bf005d3f0c,.cache/fundonet-ime/918192dcb18428a809121c4500c209ffac32f167d018cf2dd5d7e0bf005d3f0c
Carteiras selecionadas,PagSeguro I,PagSeguro I,28169275000172,11/2025,Vencidos Over 90 d / Crédito,0.0,ratio,Visão Executiva canônica; cache IME local 918192dcb18428a809121c4500c209ffac32f167d018cf2dd5d7e0bf005d3f0c,.cache/fundonet-ime/918192dcb18428a809121c4500c209ffac32f167d018cf2dd5d7e0bf005d3f0c
Carteiras selecionadas,PagSeguro I,PagSeguro I,28169275000172,10/2025,Vencidos Over 90 d / Crédito,0.0,ratio,Visão Executiva canônica; cache IME local 918192dcb18428a809121c4500c209ffac32f167d018cf2dd5d7e0bf005d3f0c,.cache/fundonet-ime/918192dcb18428a809121c4500c209ffac32f167d018cf2dd5d7e0bf005d3f0c
Carteiras selecionadas,PagSeguro I,PagSeguro I,28169275000172,09/2025,Vencidos Over 90 d / Crédito,0.0,ratio,Visão Executiva canônica; cache IME local 918192dcb18428a809121c4500c209ffac32f167d018cf2dd5d7e0bf005d3f0c,.cache/fundonet-ime/918192dcb18428a809121c4500c209ffac32f167d018cf2dd5d7e0bf005d3f0c
Carteiras selecionadas,PagSeguro I,PagSeguro I,28169275000172,08/2025,Vencidos Over 90 d / Crédito,0.0,ratio,Visão Executiva canônica; cache IME local 918192dcb18428a809121c4500c209ffac32f167d018cf2dd5d7e0bf005d3f0c,.cache/fundonet-ime/918192dcb18428a809121c4500c209ffac32f167d018cf2dd5d7e0bf005d3f0c
Carteiras selecionadas,PagSeguro I,PagSeguro I,28169275000172,07/2025,Vencidos Over 90 d / Crédito,0.0,ratio,Visão Executiva canônica; cache IME local 918192dcb18428a809121c4500c209ffac32f167d018cf2dd5d7e0bf005d3f0c,.cache/fundonet-ime/918192dcb18428a809121c4500c209ffac32f167d018cf2dd5d7e0bf005d3f0c
Carteiras selecionadas,PagSeguro I,PagSeguro I,28169275000172,06/2025,Vencidos Over 90 d / Crédito,0.0,ratio,Visão Executiva canônica; cache IME local 918192dcb18428a809121c4500c209ffac32f167d018cf2dd5d7e0bf005d3f0c,.cache/fundonet-ime/918192dcb18428a809121c4500c209ffac32f167d018cf2dd5d7e0bf005d3f0c
Carteiras selecionadas,PagSeguro I,PagSeguro I,28169275000172,05/2025,Vencidos Over 90 d / Crédito,0.0,ratio,Visão Executiva canônica; cache IME local 918192dcb18428a809121c4500c209ffac32f167d018cf2dd5d7e0bf005d3f0c,.cache/fundonet-ime/918192dcb18428a809121c4500c209ffac32f167d018cf2dd5d7e0bf005d3f0c
Carteiras selecionadas,PagSeguro I,PagSeguro I,28169275000172,04/2025,Vencidos Over 90 d / Crédito,0.0,ratio,Visão Executiva canônica; cache IME local 918192dcb18428a809121c4500c209ffac32f167d018cf2dd5d7e0bf005d3f0c,.cache/fundonet-ime/918192dcb18428a809121c4500c209ffac32f167d018cf2dd5d7e0bf005d3f0c
Carteiras selecionadas,PagSeguro I,PagSeguro I,28169275000172,03/2025,Vencidos Over 90 d / Crédito,0.0,ratio,Visão Executiva canônica; cache IME local 918192dcb18428a809121c4500c209ffac32f167d018cf2dd5d7e0bf005d3f0c,.cache/fundonet-ime/918192dcb18428a809121c4500c209ffac32f167d018cf2dd5d7e0bf005d3f0c
Carteiras selecionadas,PagSeguro I,PagSeguro I,28169275000172,02/2025,Vencidos Over 90 d / Crédito,0.0,ratio,Visão Executiva canônica; cache IME local 918192dcb18428a809121c4500c209ffac32f167d018cf2dd5d7e0bf005d3f0c,.cache/fundonet-ime/918192dcb18428a809121c4500c209ffac32f167d018cf2dd5d7e0bf005d3f0c
Carteiras selecionadas,PagSeguro I,PagSeguro I,28169275000172,03/2026,Vencidos Over 180 d (R$ MM),0.0,R$ MM,Visão Executiva canônica; cache IME local 918192dcb18428a809121c4500c209ffac32f167d018cf2dd5d7e0bf005d3f0c,.cache/fundonet-ime/918192dcb18428a809121c4500c209ffac32f167d018cf2dd5d7e0bf005d3f0c
Carteiras selecionadas,PagSeguro I,PagSeguro I,28169275000172,02/2026,Vencidos Over 180 d (R$ MM),0.0,R$ MM,Visão Executiva canônica; cache IME local 918192dcb18428a809121c4500c209ffac32f167d018cf2dd5d7e0bf005d3f0c,.cache/fundonet-ime/918192dcb18428a809121c4500c209ffac32f167d018cf2dd5d7e0bf005d3f0c
Carteiras selecionadas,PagSeguro I,PagSeguro I,28169275000172,01/2026,Vencidos Over 180 d (R$ MM),0.0,R$ MM,Visão Executiva canônica; cache IME local 918192dcb18428a809121c4500c209ffac32f167d018cf2dd5d7e0bf005d3f0c,.cache/fundonet-ime/918192dcb18428a809121c4500c209ffac32f167d018cf2dd5d7e0bf005d3f0c
Carteiras selecionadas,PagSeguro I,PagSeguro I,28169275000172,12/2025,Vencidos Over 180 d (R$ MM),0.0,R$ MM,Visão Executiva canônica; cache IME local 918192dcb18428a809121c4500c209ffac32f167d018cf2dd5d7e0bf005d3f0c,.cache/fundonet-ime/918192dcb18428a809121c4500c209ffac32f167d018cf2dd5d7e0bf005d3f0c
Carteiras selecionadas,PagSeguro I,PagSeguro I,28169275000172,11/2025,Vencidos Over 180 d (R$ MM),0.0,R$ MM,Visão Executiva canônica; cache IME local 918192dcb18428a809121c4500c209ffac32f167d018cf2dd5d7e0bf005d3f0c,.cache/fundonet-ime/918192dcb18428a809121c4500c209ffac32f167d018cf2dd5d7e0bf005d3f0c
Carteiras selecionadas,PagSeguro I,PagSeguro I,28169275000172,10/2025,Vencidos Over 180 d (R$ MM),0.0,R$ MM,Visão Executiva canônica; cache IME local 918192dcb18428a809121c4500c209ffac32f167d018cf2dd5d7e0bf005d3f0c,.cache/fundonet-ime/918192dcb18428a809121c4500c209ffac32f167d018cf2dd5d7e0bf005d3f0c
Carteiras selecionadas,PagSeguro I,PagSeguro I,28169275000172,09/2025,Vencidos Over 180 d (R$ MM),0.0,R$ MM,Visão Executiva canônica; cache IME local 918192dcb18428a809121c4500c209ffac32f167d018cf2dd5d7e0bf005d3f0c,.cache/fundonet-ime/918192dcb18428a809121c4500c209ffac32f167d018cf2dd5d7e0bf005d3f0c
Carteiras selecionadas,PagSeguro I,PagSeguro I,28169275000172,08/2025,Vencidos Over 180 d (R$ MM),0.0,R$ MM,Visão Executiva canônica; cache IME local 918192dcb18428a809121c4500c209ffac32f167d018cf2dd5d7e0bf005d3f0c,.cache/fundonet-ime/918192dcb18428a809121c4500c209ffac32f167d018cf2dd5d7e0bf005d3f0c
Carteiras selecionadas,PagSeguro I,PagSeguro I,28169275000172,07/2025,Vencidos Over 180 d (R$ MM),0.0,R$ MM,Visão Executiva canônica; cache IME local 918192dcb18428a809121c4500c209ffac32f167d018cf2dd5d7e0bf005d3f0c,.cache/fundonet-ime/918192dcb18428a809121c4500c209ffac32f167d018cf2dd5d7e0bf005d3f0c
Carteiras selecionadas,PagSeguro I,PagSeguro I,28169275000172,06/2025,Vencidos Over 180 d (R$ MM),0.0,R$ MM,Visão Executiva canônica; cache IME local 918192dcb18428a809121c4500c209ffac32f167d018cf2dd5d7e0bf005d3f0c,.cache/fundonet-ime/918192dcb18428a809121c4500c209ffac32f167d018cf2dd5d7e0bf005d3f0c
Carteiras selecionadas,PagSeguro I,PagSeguro I,28169275000172,05/2025,Vencidos Over 180 d (R$ MM),0.0,R$ MM,Visão Executiva canônica; cache IME local 918192dcb18428a809121c4500c209ffac32f167d018cf2dd5d7e0bf005d3f0c,.cache/fundonet-ime/918192dcb18428a809121c4500c209ffac32f167d018cf2dd5d7e0bf005d3f0c
Carteiras selecionadas,PagSeguro I,PagSeguro I,28169275000172,04/2025,Vencidos Over 180 d (R$ MM),0.0,R$ MM,Visão Executiva canônica; cache IME local 918192dcb18428a809121c4500c209ffac32f167d018cf2dd5d7e0bf005d3f0c,.cache/fundonet-ime/918192dcb18428a809121c4500c209ffac32f167d018cf2dd5d7e0bf005d3f0c
Carteiras selecionadas,PagSeguro I,PagSeguro I,28169275000172,03/2025,Vencidos Over 180 d (R$ MM),0.0,R$ MM,Visão Executiva canônica; cache IME local 918192dcb18428a809121c4500c209ffac32f167d018cf2dd5d7e0bf005d3f0c,.cache/fundonet-ime/918192dcb18428a809121c4500c209ffac32f167d018cf2dd5d7e0bf005d3f0c
Carteiras selecionadas,PagSeguro I,PagSeguro I,28169275000172,02/2025,Vencidos Over 180 d (R$ MM),0.0,R$ MM,Visão Executiva canônica; cache IME local 918192dcb18428a809121c4500c209ffac32f167d018cf2dd5d7e0bf005d3f0c,.cache/fundonet-ime/918192dcb18428a809121c4500c209ffac32f167d018cf2dd5d7e0bf005d3f0c
Carteiras selecionadas,PagSeguro I,PagSeguro I,28169275000172,03/2026,Vencidos Over 180 d / Crédito,0.0,ratio,Visão Executiva canônica; cache IME local 918192dcb18428a809121c4500c209ffac32f167d018cf2dd5d7e0bf005d3f0c,.cache/fundonet-ime/918192dcb18428a809121c4500c209ffac32f167d018cf2dd5d7e0bf005d3f0c
Carteiras selecionadas,PagSeguro I,PagSeguro I,28169275000172,02/2026,Vencidos Over 180 d / Crédito,0.0,ratio,Visão Executiva canônica; cache IME local 918192dcb18428a809121c4500c209ffac32f167d018cf2dd5d7e0bf005d3f0c,.cache/fundonet-ime/918192dcb18428a809121c4500c209ffac32f167d018cf2dd5d7e0bf005d3f0c
Carteiras selecionadas,PagSeguro I,PagSeguro I,28169275000172,01/2026,Vencidos Over 180 d / Crédito,0.0,ratio,Visão Executiva canônica; cache IME local 918192dcb18428a809121c4500c209ffac32f167d018cf2dd5d7e0bf005d3f0c,.cache/fundonet-ime/918192dcb18428a809121c4500c209ffac32f167d018cf2dd5d7e0bf005d3f0c
Carteiras selecionadas,PagSeguro I,PagSeguro I,28169275000172,12/2025,Vencidos Over 180 d / Crédito,0.0,ratio,Visão Executiva canônica; cache IME local 918192dcb18428a809121c4500c209ffac32f167d018cf2dd5d7e0bf005d3f0c,.cache/fundonet-ime/918192dcb18428a809121c4500c209ffac32f167d018cf2dd5d7e0bf005d3f0c
Carteiras selecionadas,PagSeguro I,PagSeguro I,28169275000172,11/2025,Vencidos Over 180 d / Crédito,0.0,ratio,Visão Executiva canônica; cache IME local 918192dcb18428a809121c4500c209ffac32f167d018cf2dd5d7e0bf005d3f0c,.cache/fundonet-ime/918192dcb18428a809121c4500c209ffac32f167d018cf2dd5d7e0bf005d3f0c
Carteiras selecionadas,PagSeguro I,PagSeguro I,28169275000172,10/2025,Vencidos Over 180 d / Crédito,0.0,ratio,Visão Executiva canônica; cache IME local 918192dcb18428a809121c4500c209ffac32f167d018cf2dd5d7e0bf005d3f0c,.cache/fundonet-ime/918192dcb18428a809121c4500c209ffac32f167d018cf2dd5d7e0bf005d3f0c
Carteiras selecionadas,PagSeguro I,PagSeguro I,28169275000172,09/2025,Vencidos Over 180 d / Crédito,0.0,ratio,Visão Executiva canônica; cache IME local 918192dcb18428a809121c4500c209ffac32f167d018cf2dd5d7e0bf005d3f0c,.cache/fundonet-ime/918192dcb18428a809121c4500c209ffac32f167d018cf2dd5d7e0bf005d3f0c
Carteiras selecionadas,PagSeguro I,PagSeguro I,28169275000172,08/2025,Vencidos Over 180 d / Crédito,0.0,ratio,Visão Executiva canônica; cache IME local 918192dcb18428a809121c4500c209ffac32f167d018cf2dd5d7e0bf005d3f0c,.cache/fundonet-ime/918192dcb18428a809121c4500c209ffac32f167d018cf2dd5d7e0bf005d3f0c
Carteiras selecionadas,PagSeguro I,PagSeguro I,28169275000172,07/2025,Vencidos Over 180 d / Crédito,0.0,ratio,Visão Executiva canônica; cache IME local 918192dcb18428a809121c4500c209ffac32f167d018cf2dd5d7e0bf005d3f0c,.cache/fundonet-ime/918192dcb18428a809121c4500c209ffac32f167d018cf2dd5d7e0bf005d3f0c
Carteiras selecionadas,PagSeguro I,PagSeguro I,28169275000172,06/2025,Vencidos Over 180 d / Crédito,0.0,ratio,Visão Executiva canônica; cache IME local 918192dcb18428a809121c4500c209ffac32f167d018cf2dd5d7e0bf005d3f0c,.cache/fundonet-ime/918192dcb18428a809121c4500c209ffac32f167d018cf2dd5d7e0bf005d3f0c
Carteiras selecionadas,PagSeguro I,PagSeguro I,28169275000172,05/2025,Vencidos Over 180 d / Crédito,0.0,ratio,Visão Executiva canônica; cache IME local 918192dcb18428a809121c4500c209ffac32f167d018cf2dd5d7e0bf005d3f0c,.cache/fundonet-ime/918192dcb18428a809121c4500c209ffac32f167d018cf2dd5d7e0bf005d3f0c
Carteiras selecionadas,PagSeguro I,PagSeguro I,28169275000172,04/2025,Vencidos Over 180 d / Crédito,0.0,ratio,Visão Executiva canônica; cache IME local 918192dcb18428a809121c4500c209ffac32f167d018cf2dd5d7e0bf005d3f0c,.cache/fundonet-ime/918192dcb18428a809121c4500c209ffac32f167d018cf2dd5d7e0bf005d3f0c
Carteiras selecionadas,PagSeguro I,PagSeguro I,28169275000172,03/2025,Vencidos Over 180 d / Crédito,0.0,ratio,Visão Executiva canônica; cache IME local 918192dcb18428a809121c4500c209ffac32f167d018cf2dd5d7e0bf005d3f0c,.cache/fundonet-ime/918192dcb18428a809121c4500c209ffac32f167d018cf2dd5d7e0bf005d3f0c
Carteiras selecionadas,PagSeguro I,PagSeguro I,28169275000172,02/2025,Vencidos Over 180 d / Crédito,0.0,ratio,Visão Executiva canônica; cache IME local 918192dcb18428a809121c4500c209ffac32f167d018cf2dd5d7e0bf005d3f0c,.cache/fundonet-ime/918192dcb18428a809121c4500c209ffac32f167d018cf2dd5d7e0bf005d3f0c
Carteiras selecionadas,PagSeguro I,PagSeguro I,28169275000172,03/2026,Vencidos Over 360 d (R$ MM),0.0,R$ MM,Visão Executiva canônica; cache IME local 918192dcb18428a809121c4500c209ffac32f167d018cf2dd5d7e0bf005d3f0c,.cache/fundonet-ime/918192dcb18428a809121c4500c209ffac32f167d018cf2dd5d7e0bf005d3f0c
Carteiras selecionadas,PagSeguro I,PagSeguro I,28169275000172,02/2026,Vencidos Over 360 d (R$ MM),0.0,R$ MM,Visão Executiva canônica; cache IME local 918192dcb18428a809121c4500c209ffac32f167d018cf2dd5d7e0bf005d3f0c,.cache/fundonet-ime/918192dcb18428a809121c4500c209ffac32f167d018cf2dd5d7e0bf005d3f0c
Carteiras selecionadas,PagSeguro I,PagSeguro I,28169275000172,01/2026,Vencidos Over 360 d (R$ MM),0.0,R$ MM,Visão Executiva canônica; cache IME local 918192dcb18428a809121c4500c209ffac32f167d018cf2dd5d7e0bf005d3f0c,.cache/fundonet-ime/918192dcb18428a809121c4500c209ffac32f167d018cf2dd5d7e0bf005d3f0c
Carteiras selecionadas,PagSeguro I,PagSeguro I,28169275000172,12/2025,Vencidos Over 360 d (R$ MM),0.0,R$ MM,Visão Executiva canônica; cache IME local 918192dcb18428a809121c4500c209ffac32f167d018cf2dd5d7e0bf005d3f0c,.cache/fundonet-ime/918192dcb18428a809121c4500c209ffac32f167d018cf2dd5d7e0bf005d3f0c
Carteiras selecionadas,PagSeguro I,PagSeguro I,28169275000172,11/2025,Vencidos Over 360 d (R$ MM),0.0,R$ MM,Visão Executiva canônica; cache IME local 918192dcb18428a809121c4500c209ffac32f167d018cf2dd5d7e0bf005d3f0c,.cache/fundonet-ime/918192dcb18428a809121c4500c209ffac32f167d018cf2dd5d7e0bf005d3f0c
Carteiras selecionadas,PagSeguro I,PagSeguro I,28169275000172,10/2025,Vencidos Over 360 d (R$ MM),0.0,R$ MM,Visão Executiva canônica; cache IME local 918192dcb18428a809121c4500c209ffac32f167d018cf2dd5d7e0bf005d3f0c,.cache/fundonet-ime/918192dcb18428a809121c4500c209ffac32f167d018cf2dd5d7e0bf005d3f0c
Carteiras selecionadas,PagSeguro I,PagSeguro I,28169275000172,09/2025,Vencidos Over 360 d (R$ MM),0.0,R$ MM,Visão Executiva canônica; cache IME local 918192dcb18428a809121c4500c209ffac32f167d018cf2dd5d7e0bf005d3f0c,.cache/fundonet-ime/918192dcb18428a809121c4500c209ffac32f167d018cf2dd5d7e0bf005d3f0c
Carteiras selecionadas,PagSeguro I,PagSeguro I,28169275000172,08/2025,Vencidos Over 360 d (R$ MM),0.0,R$ MM,Visão Executiva canônica; cache IME local 918192dcb18428a809121c4500c209ffac32f167d018cf2dd5d7e0bf005d3f0c,.cache/fundonet-ime/918192dcb18428a809121c4500c209ffac32f167d018cf2dd5d7e0bf005d3f0c
Carteiras selecionadas,PagSeguro I,PagSeguro I,28169275000172,07/2025,Vencidos Over 360 d (R$ MM),0.0,R$ MM,Visão Executiva canônica; cache IME local 918192dcb18428a809121c4500c209ffac32f167d018cf2dd5d7e0bf005d3f0c,.cache/fundonet-ime/918192dcb18428a809121c4500c209ffac32f167d018cf2dd5d7e0bf005d3f0c
Carteiras selecionadas,PagSeguro I,PagSeguro I,28169275000172,06/2025,Vencidos Over 360 d (R$ MM),0.0,R$ MM,Visão Executiva canônica; cache IME local 918192dcb18428a809121c4500c209ffac32f167d018cf2dd5d7e0bf005d3f0c,.cache/fundonet-ime/918192dcb18428a809121c4500c209ffac32f167d018cf2dd5d7e0bf005d3f0c
Carteiras selecionadas,PagSeguro I,PagSeguro I,28169275000172,05/2025,Vencidos Over 360 d (R$ MM),0.0,R$ MM,Visão Executiva canônica; cache IME local 918192dcb18428a809121c4500c209ffac32f167d018cf2dd5d7e0bf005d3f0c,.cache/fundonet-ime/918192dcb18428a809121c4500c209ffac32f167d018cf2dd5d7e0bf005d3f0c
Carteiras selecionadas,PagSeguro I,PagSeguro I,28169275000172,04/2025,Vencidos Over 360 d (R$ MM),0.0,R$ MM,Visão Executiva canônica; cache IME local 918192dcb18428a809121c4500c209ffac32f167d018cf2dd5d7e0bf005d3f0c,.cache/fundonet-ime/918192dcb18428a809121c4500c209ffac32f167d018cf2dd5d7e0bf005d3f0c
Carteiras selecionadas,PagSeguro I,PagSeguro I,28169275000172,03/2025,Vencidos Over 360 d (R$ MM),0.0,R$ MM,Visão Executiva canônica; cache IME local 918192dcb18428a809121c4500c209ffac32f167d018cf2dd5d7e0bf005d3f0c,.cache/fundonet-ime/918192dcb18428a809121c4500c209ffac32f167d018cf2dd5d7e0bf005d3f0c
Carteiras selecionadas,PagSeguro I,PagSeguro I,28169275000172,02/2025,Vencidos Over 360 d (R$ MM),0.0,R$ MM,Visão Executiva canônica; cache IME local 918192dcb18428a809121c4500c209ffac32f167d018cf2dd5d7e0bf005d3f0c,.cache/fundonet-ime/918192dcb18428a809121c4500c209ffac32f167d018cf2dd5d7e0bf005d3f0c
Carteiras selecionadas,PagSeguro I,PagSeguro I,28169275000172,03/2026,Vencidos Over 360 d / Crédito,0.0,ratio,Visão Executiva canônica; cache IME local 918192dcb18428a809121c4500c209ffac32f167d018cf2dd5d7e0bf005d3f0c,.cache/fundonet-ime/918192dcb18428a809121c4500c209ffac32f167d018cf2dd5d7e0bf005d3f0c
Carteiras selecionadas,PagSeguro I,PagSeguro I,28169275000172,02/2026,Vencidos Over 360 d / Crédito,0.0,ratio,Visão Executiva canônica; cache IME local 918192dcb18428a809121c4500c209ffac32f167d018cf2dd5d7e0bf005d3f0c,.cache/fundonet-ime/918192dcb18428a809121c4500c209ffac32f167d018cf2dd5d7e0bf005d3f0c
Carteiras selecionadas,PagSeguro I,PagSeguro I,28169275000172,01/2026,Vencidos Over 360 d / Crédito,0.0,ratio,Visão Executiva canônica; cache IME local 918192dcb18428a809121c4500c209ffac32f167d018cf2dd5d7e0bf005d3f0c,.cache/fundonet-ime/918192dcb18428a809121c4500c209ffac32f167d018cf2dd5d7e0bf005d3f0c
Carteiras selecionadas,PagSeguro I,PagSeguro I,28169275000172,12/2025,Vencidos Over 360 d / Crédito,0.0,ratio,Visão Executiva canônica; cache IME local 918192dcb18428a809121c4500c209ffac32f167d018cf2dd5d7e0bf005d3f0c,.cache/fundonet-ime/918192dcb18428a809121c4500c209ffac32f167d018cf2dd5d7e0bf005d3f0c
Carteiras selecionadas,PagSeguro I,PagSeguro I,28169275000172,11/2025,Vencidos Over 360 d / Crédito,0.0,ratio,Visão Executiva canônica; cache IME local 918192dcb18428a809121c4500c209ffac32f167d018cf2dd5d7e0bf005d3f0c,.cache/fundonet-ime/918192dcb18428a809121c4500c209ffac32f167d018cf2dd5d7e0bf005d3f0c
Carteiras selecionadas,PagSeguro I,PagSeguro I,28169275000172,10/2025,Vencidos Over 360 d / Crédito,0.0,ratio,Visão Executiva canônica; cache IME local 918192dcb18428a809121c4500c209ffac32f167d018cf2dd5d7e0bf005d3f0c,.cache/fundonet-ime/918192dcb18428a809121c4500c209ffac32f167d018cf2dd5d7e0bf005d3f0c
Carteiras selecionadas,PagSeguro I,PagSeguro I,28169275000172,09/2025,Vencidos Over 360 d / Crédito,0.0,ratio,Visão Executiva canônica; cache IME local 918192dcb18428a809121c4500c209ffac32f167d018cf2dd5d7e0bf005d3f0c,.cache/fundonet-ime/918192dcb18428a809121c4500c209ffac32f167d018cf2dd5d7e0bf005d3f0c
Carteiras selecionadas,PagSeguro I,PagSeguro I,28169275000172,08/2025,Vencidos Over 360 d / Crédito,0.0,ratio,Visão Executiva canônica; cache IME local 918192dcb18428a809121c4500c209ffac32f167d018cf2dd5d7e0bf005d3f0c,.cache/fundonet-ime/918192dcb18428a809121c4500c209ffac32f167d018cf2dd5d7e0bf005d3f0c
Carteiras selecionadas,PagSeguro I,PagSeguro I,28169275000172,07/2025,Vencidos Over 360 d / Crédito,0.0,ratio,Visão Executiva canônica; cache IME local 918192dcb18428a809121c4500c209ffac32f167d018cf2dd5d7e0bf005d3f0c,.cache/fundonet-ime/918192dcb18428a809121c4500c209ffac32f167d018cf2dd5d7e0bf005d3f0c
Carteiras selecionadas,PagSeguro I,PagSeguro I,28169275000172,06/2025,Vencidos Over 360 d / Crédito,0.0,ratio,Visão Executiva canônica; cache IME local 918192dcb18428a809121c4500c209ffac32f167d018cf2dd5d7e0bf005d3f0c,.cache/fundonet-ime/918192dcb18428a809121c4500c209ffac32f167d018cf2dd5d7e0bf005d3f0c
Carteiras selecionadas,PagSeguro I,PagSeguro I,28169275000172,05/2025,Vencidos Over 360 d / Crédito,0.0,ratio,Visão Executiva canônica; cache IME local 918192dcb18428a809121c4500c209ffac32f167d018cf2dd5d7e0bf005d3f0c,.cache/fundonet-ime/918192dcb18428a809121c4500c209ffac32f167d018cf2dd5d7e0bf005d3f0c
Carteiras selecionadas,PagSeguro I,PagSeguro I,28169275000172,04/2025,Vencidos Over 360 d / Crédito,0.0,ratio,Visão Executiva canônica; cache IME local 918192dcb18428a809121c4500c209ffac32f167d018cf2dd5d7e0bf005d3f0c,.cache/fundonet-ime/918192dcb18428a809121c4500c209ffac32f167d018cf2dd5d7e0bf005d3f0c
Carteiras selecionadas,PagSeguro I,PagSeguro I,28169275000172,03/2025,Vencidos Over 360 d / Crédito,0.0,ratio,Visão Executiva canônica; cache IME local 918192dcb18428a809121c4500c209ffac32f167d018cf2dd5d7e0bf005d3f0c,.cache/fundonet-ime/918192dcb18428a809121c4500c209ffac32f167d018cf2dd5d7e0bf005d3f0c
Carteiras selecionadas,PagSeguro I,PagSeguro I,28169275000172,02/2025,Vencidos Over 360 d / Crédito,0.0,ratio,Visão Executiva canônica; cache IME local 918192dcb18428a809121c4500c209ffac32f167d018cf2dd5d7e0bf005d3f0c,.cache/fundonet-ime/918192dcb18428a809121c4500c209ffac32f167d018cf2dd5d7e0bf005d3f0c
Carteiras selecionadas,PagSeguro I,PagSeguro I,28169275000172,03/2026,PDD (R$ MM),0.0,R$ MM,Visão Executiva canônica; cache IME local 918192dcb18428a809121c4500c209ffac32f167d018cf2dd5d7e0bf005d3f0c,.cache/fundonet-ime/918192dcb18428a809121c4500c209ffac32f167d018cf2dd5d7e0bf005d3f0c
Carteiras selecionadas,PagSeguro I,PagSeguro I,28169275000172,02/2026,PDD (R$ MM),0.0,R$ MM,Visão Executiva canônica; cache IME local 918192dcb18428a809121c4500c209ffac32f167d018cf2dd5d7e0bf005d3f0c,.cache/fundonet-ime/918192dcb18428a809121c4500c209ffac32f167d018cf2dd5d7e0bf005d3f0c
Carteiras selecionadas,PagSeguro I,PagSeguro I,28169275000172,01/2026,PDD (R$ MM),0.0,R$ MM,Visão Executiva canônica; cache IME local 918192dcb18428a809121c4500c209ffac32f167d018cf2dd5d7e0bf005d3f0c,.cache/fundonet-ime/918192dcb18428a809121c4500c209ffac32f167d018cf2dd5d7e0bf005d3f0c
Carteiras selecionadas,PagSeguro I,PagSeguro I,28169275000172,12/2025,PDD (R$ MM),0.0,R$ MM,Visão Executiva canônica; cache IME local 918192dcb18428a809121c4500c209ffac32f167d018cf2dd5d7e0bf005d3f0c,.cache/fundonet-ime/918192dcb18428a809121c4500c209ffac32f167d018cf2dd5d7e0bf005d3f0c
Carteiras selecionadas,PagSeguro I,PagSeguro I,28169275000172,11/2025,PDD (R$ MM),0.0,R$ MM,Visão Executiva canônica; cache IME local 918192dcb18428a809121c4500c209ffac32f167d018cf2dd5d7e0bf005d3f0c,.cache/fundonet-ime/918192dcb18428a809121c4500c209ffac32f167d018cf2dd5d7e0bf005d3f0c
Carteiras selecionadas,PagSeguro I,PagSeguro I,28169275000172,10/2025,PDD (R$ MM),0.0,R$ MM,Visão Executiva canônica; cache IME local 918192dcb18428a809121c4500c209ffac32f167d018cf2dd5d7e0bf005d3f0c,.cache/fundonet-ime/918192dcb18428a809121c4500c209ffac32f167d018cf2dd5d7e0bf005d3f0c
Carteiras selecionadas,PagSeguro I,PagSeguro I,28169275000172,09/2025,PDD (R$ MM),0.0,R$ MM,Visão Executiva canônica; cache IME local 918192dcb18428a809121c4500c209ffac32f167d018cf2dd5d7e0bf005d3f0c,.cache/fundonet-ime/918192dcb18428a809121c4500c209ffac32f167d018cf2dd5d7e0bf005d3f0c
Carteiras selecionadas,PagSeguro I,PagSeguro I,28169275000172,08/2025,PDD (R$ MM),0.0,R$ MM,Visão Executiva canônica; cache IME local 918192dcb18428a809121c4500c209ffac32f167d018cf2dd5d7e0bf005d3f0c,.cache/fundonet-ime/918192dcb18428a809121c4500c209ffac32f167d018cf2dd5d7e0bf005d3f0c
Carteiras selecionadas,PagSeguro I,PagSeguro I,28169275000172,07/2025,PDD (R$ MM),0.0,R$ MM,Visão Executiva canônica; cache IME local 918192dcb18428a809121c4500c209ffac32f167d018cf2dd5d7e0bf005d3f0c,.cache/fundonet-ime/918192dcb18428a809121c4500c209ffac32f167d018cf2dd5d7e0bf005d3f0c
Carteiras selecionadas,PagSeguro I,PagSeguro I,28169275000172,06/2025,PDD (R$ MM),0.0,R$ MM,Visão Executiva canônica; cache IME local 918192dcb18428a809121c4500c209ffac32f167d018cf2dd5d7e0bf005d3f0c,.cache/fundonet-ime/918192dcb18428a809121c4500c209ffac32f167d018cf2dd5d7e0bf005d3f0c
Carteiras selecionadas,PagSeguro I,PagSeguro I,28169275000172,05/2025,PDD (R$ MM),0.0,R$ MM,Visão Executiva canônica; cache IME local 918192dcb18428a809121c4500c209ffac32f167d018cf2dd5d7e0bf005d3f0c,.cache/fundonet-ime/918192dcb18428a809121c4500c209ffac32f167d018cf2dd5d7e0bf005d3f0c
Carteiras selecionadas,PagSeguro I,PagSeguro I,28169275000172,04/2025,PDD (R$ MM),0.0,R$ MM,Visão Executiva canônica; cache IME local 918192dcb18428a809121c4500c209ffac32f167d018cf2dd5d7e0bf005d3f0c,.cache/fundonet-ime/918192dcb18428a809121c4500c209ffac32f167d018cf2dd5d7e0bf005d3f0c
Carteiras selecionadas,PagSeguro I,PagSeguro I,28169275000172,03/2025,PDD (R$ MM),0.0,R$ MM,Visão Executiva canônica; cache IME local 918192dcb18428a809121c4500c209ffac32f167d018cf2dd5d7e0bf005d3f0c,.cache/fundonet-ime/918192dcb18428a809121c4500c209ffac32f167d018cf2dd5d7e0bf005d3f0c
Carteiras selecionadas,PagSeguro I,PagSeguro I,28169275000172,02/2025,PDD (R$ MM),0.0,R$ MM,Visão Executiva canônica; cache IME local 918192dcb18428a809121c4500c209ffac32f167d018cf2dd5d7e0bf005d3f0c,.cache/fundonet-ime/918192dcb18428a809121c4500c209ffac32f167d018cf2dd5d7e0bf005d3f0c
Carteiras selecionadas,PagSeguro I,PagSeguro I,28169275000172,03/2026,PDD / Crédito,0.0,ratio,Visão Executiva canônica; cache IME local 918192dcb18428a809121c4500c209ffac32f167d018cf2dd5d7e0bf005d3f0c,.cache/fundonet-ime/918192dcb18428a809121c4500c209ffac32f167d018cf2dd5d7e0bf005d3f0c
Carteiras selecionadas,PagSeguro I,PagSeguro I,28169275000172,02/2026,PDD / Crédito,0.0,ratio,Visão Executiva canônica; cache IME local 918192dcb18428a809121c4500c209ffac32f167d018cf2dd5d7e0bf005d3f0c,.cache/fundonet-ime/918192dcb18428a809121c4500c209ffac32f167d018cf2dd5d7e0bf005d3f0c
Carteiras selecionadas,PagSeguro I,PagSeguro I,28169275000172,01/2026,PDD / Crédito,0.0,ratio,Visão Executiva canônica; cache IME local 918192dcb18428a809121c4500c209ffac32f167d018cf2dd5d7e0bf005d3f0c,.cache/fundonet-ime/918192dcb18428a809121c4500c209ffac32f167d018cf2dd5d7e0bf005d3f0c
Carteiras selecionadas,PagSeguro I,PagSeguro I,28169275000172,12/2025,PDD / Crédito,0.0,ratio,Visão Executiva canônica; cache IME local 918192dcb18428a809121c4500c209ffac32f167d018cf2dd5d7e0bf005d3f0c,.cache/fundonet-ime/918192dcb18428a809121c4500c209ffac32f167d018cf2dd5d7e0bf005d3f0c
Carteiras selecionadas,PagSeguro I,PagSeguro I,28169275000172,11/2025,PDD / Crédito,0.0,ratio,Visão Executiva canônica; cache IME local 918192dcb18428a809121c4500c209ffac32f167d018cf2dd5d7e0bf005d3f0c,.cache/fundonet-ime/918192dcb18428a809121c4500c209ffac32f167d018cf2dd5d7e0bf005d3f0c
Carteiras selecionadas,PagSeguro I,PagSeguro I,28169275000172,10/2025,PDD / Crédito,0.0,ratio,Visão Executiva canônica; cache IME local 918192dcb18428a809121c4500c209ffac32f167d018cf2dd5d7e0bf005d3f0c,.cache/fundonet-ime/918192dcb18428a809121c4500c209ffac32f167d018cf2dd5d7e0bf005d3f0c
Carteiras selecionadas,PagSeguro I,PagSeguro I,28169275000172,09/2025,PDD / Crédito,0.0,ratio,Visão Executiva canônica; cache IME local 918192dcb18428a809121c4500c209ffac32f167d018cf2dd5d7e0bf005d3f0c,.cache/fundonet-ime/918192dcb18428a809121c4500c209ffac32f167d018cf2dd5d7e0bf005d3f0c
Carteiras selecionadas,PagSeguro I,PagSeguro I,28169275000172,08/2025,PDD / Crédito,0.0,ratio,Visão Executiva canônica; cache IME local 918192dcb18428a809121c4500c209ffac32f167d018cf2dd5d7e0bf005d3f0c,.cache/fundonet-ime/918192dcb18428a809121c4500c209ffac32f167d018cf2dd5d7e0bf005d3f0c
Carteiras selecionadas,PagSeguro I,PagSeguro I,28169275000172,07/2025,PDD / Crédito,0.0,ratio,Visão Executiva canônica; cache IME local 918192dcb18428a809121c4500c209ffac32f167d018cf2dd5d7e0bf005d3f0c,.cache/fundonet-ime/918192dcb18428a809121c4500c209ffac32f167d018cf2dd5d7e0bf005d3f0c
Carteiras selecionadas,PagSeguro I,PagSeguro I,28169275000172,06/2025,PDD / Crédito,0.0,ratio,Visão Executiva canônica; cache IME local 918192dcb18428a809121c4500c209ffac32f167d018cf2dd5d7e0bf005d3f0c,.cache/fundonet-ime/918192dcb18428a809121c4500c209ffac32f167d018cf2dd5d7e0bf005d3f0c
Carteiras selecionadas,PagSeguro I,PagSeguro I,28169275000172,05/2025,PDD / Crédito,0.0,ratio,Visão Executiva canônica; cache IME local 918192dcb18428a809121c4500c209ffac32f167d018cf2dd5d7e0bf005d3f0c,.cache/fundonet-ime/918192dcb18428a809121c4500c209ffac32f167d018cf2dd5d7e0bf005d3f0c
Carteiras selecionadas,PagSeguro I,PagSeguro I,28169275000172,04/2025,PDD / Crédito,0.0,ratio,Visão Executiva canônica; cache IME local 918192dcb18428a809121c4500c209ffac32f167d018cf2dd5d7e0bf005d3f0c,.cache/fundonet-ime/918192dcb18428a809121c4500c209ffac32f167d018cf2dd5d7e0bf005d3f0c
Carteiras selecionadas,PagSeguro I,PagSeguro I,28169275000172,03/2025,PDD / Crédito,0.0,ratio,Visão Executiva canônica; cache IME local 918192dcb18428a809121c4500c209ffac32f167d018cf2dd5d7e0bf005d3f0c,.cache/fundonet-ime/918192dcb18428a809121c4500c209ffac32f167d018cf2dd5d7e0bf005d3f0c
Carteiras selecionadas,PagSeguro I,PagSeguro I,28169275000172,02/2025,PDD / Crédito,0.0,ratio,Visão Executiva canônica; cache IME local 918192dcb18428a809121c4500c209ffac32f167d018cf2dd5d7e0bf005d3f0c,.cache/fundonet-ime/918192dcb18428a809121c4500c209ffac32f167d018cf2dd5d7e0bf005d3f0c
Carteiras selecionadas,PagSeguro I,PagSeguro I,28169275000172,03/2026,Recompras (R$ MM),0.0,R$ MM,Visão Executiva canônica; cache IME local 918192dcb18428a809121c4500c209ffac32f167d018cf2dd5d7e0bf005d3f0c,.cache/fundonet-ime/918192dcb18428a809121c4500c209ffac32f167d018cf2dd5d7e0bf005d3f0c
Carteiras selecionadas,PagSeguro I,PagSeguro I,28169275000172,02/2026,Recompras (R$ MM),0.0,R$ MM,Visão Executiva canônica; cache IME local 918192dcb18428a809121c4500c209ffac32f167d018cf2dd5d7e0bf005d3f0c,.cache/fundonet-ime/918192dcb18428a809121c4500c209ffac32f167d018cf2dd5d7e0bf005d3f0c
Carteiras selecionadas,PagSeguro I,PagSeguro I,28169275000172,01/2026,Recompras (R$ MM),0.0,R$ MM,Visão Executiva canônica; cache IME local 918192dcb18428a809121c4500c209ffac32f167d018cf2dd5d7e0bf005d3f0c,.cache/fundonet-ime/918192dcb18428a809121c4500c209ffac32f167d018cf2dd5d7e0bf005d3f0c
Carteiras selecionadas,PagSeguro I,PagSeguro I,28169275000172,12/2025,Recompras (R$ MM),0.0,R$ MM,Visão Executiva canônica; cache IME local 918192dcb18428a809121c4500c209ffac32f167d018cf2dd5d7e0bf005d3f0c,.cache/fundonet-ime/918192dcb18428a809121c4500c209ffac32f167d018cf2dd5d7e0bf005d3f0c
Carteiras selecionadas,PagSeguro I,PagSeguro I,28169275000172,11/2025,Recompras (R$ MM),0.0,R$ MM,Visão Executiva canônica; cache IME local 918192dcb18428a809121c4500c209ffac32f167d018cf2dd5d7e0bf005d3f0c,.cache/fundonet-ime/918192dcb18428a809121c4500c209ffac32f167d018cf2dd5d7e0bf005d3f0c
Carteiras selecionadas,PagSeguro I,PagSeguro I,28169275000172,10/2025,Recompras (R$ MM),0.0,R$ MM,Visão Executiva canônica; cache IME local 918192dcb18428a809121c4500c209ffac32f167d018cf2dd5d7e0bf005d3f0c,.cache/fundonet-ime/918192dcb18428a809121c4500c209ffac32f167d018cf2dd5d7e0bf005d3f0c
Carteiras selecionadas,PagSeguro I,PagSeguro I,28169275000172,09/2025,Recompras (R$ MM),0.0,R$ MM,Visão Executiva canônica; cache IME local 918192dcb18428a809121c4500c209ffac32f167d018cf2dd5d7e0bf005d3f0c,.cache/fundonet-ime/918192dcb18428a809121c4500c209ffac32f167d018cf2dd5d7e0bf005d3f0c
Carteiras selecionadas,PagSeguro I,PagSeguro I,28169275000172,08/2025,Recompras (R$ MM),0.0,R$ MM,Visão Executiva canônica; cache IME local 918192dcb18428a809121c4500c209ffac32f167d018cf2dd5d7e0bf005d3f0c,.cache/fundonet-ime/918192dcb18428a809121c4500c209ffac32f167d018cf2dd5d7e0bf005d3f0c
Carteiras selecionadas,PagSeguro I,PagSeguro I,28169275000172,07/2025,Recompras (R$ MM),0.0,R$ MM,Visão Executiva canônica; cache IME local 918192dcb18428a809121c4500c209ffac32f167d018cf2dd5d7e0bf005d3f0c,.cache/fundonet-ime/918192dcb18428a809121c4500c209ffac32f167d018cf2dd5d7e0bf005d3f0c
Carteiras selecionadas,PagSeguro I,PagSeguro I,28169275000172,06/2025,Recompras (R$ MM),0.0,R$ MM,Visão Executiva canônica; cache IME local 918192dcb18428a809121c4500c209ffac32f167d018cf2dd5d7e0bf005d3f0c,.cache/fundonet-ime/918192dcb18428a809121c4500c209ffac32f167d018cf2dd5d7e0bf005d3f0c
Carteiras selecionadas,PagSeguro I,PagSeguro I,28169275000172,05/2025,Recompras (R$ MM),0.0,R$ MM,Visão Executiva canônica; cache IME local 918192dcb18428a809121c4500c209ffac32f167d018cf2dd5d7e0bf005d3f0c,.cache/fundonet-ime/918192dcb18428a809121c4500c209ffac32f167d018cf2dd5d7e0bf005d3f0c
Carteiras selecionadas,PagSeguro I,PagSeguro I,28169275000172,04/2025,Recompras (R$ MM),0.0,R$ MM,Visão Executiva canônica; cache IME local 918192dcb18428a809121c4500c209ffac32f167d018cf2dd5d7e0bf005d3f0c,.cache/fundonet-ime/918192dcb18428a809121c4500c209ffac32f167d018cf2dd5d7e0bf005d3f0c
Carteiras selecionadas,PagSeguro I,PagSeguro I,28169275000172,03/2025,Recompras (R$ MM),0.0,R$ MM,Visão Executiva canônica; cache IME local 918192dcb18428a809121c4500c209ffac32f167d018cf2dd5d7e0bf005d3f0c,.cache/fundonet-ime/918192dcb18428a809121c4500c209ffac32f167d018cf2dd5d7e0bf005d3f0c
Carteiras selecionadas,PagSeguro I,PagSeguro I,28169275000172,02/2025,Recompras (R$ MM),0.0,R$ MM,Visão Executiva canônica; cache IME local 918192dcb18428a809121c4500c209ffac32f167d018cf2dd5d7e0bf005d3f0c,.cache/fundonet-ime/918192dcb18428a809121c4500c209ffac32f167d018cf2dd5d7e0bf005d3f0c
Carteiras selecionadas,PagSeguro I,PagSeguro I,28169275000172,03/2026,Recompras / Crédito,0.0,ratio,Visão Executiva canônica; cache IME local 918192dcb18428a809121c4500c209ffac32f167d018cf2dd5d7e0bf005d3f0c,.cache/fundonet-ime/918192dcb18428a809121c4500c209ffac32f167d018cf2dd5d7e0bf005d3f0c
Carteiras selecionadas,PagSeguro I,PagSeguro I,28169275000172,02/2026,Recompras / Crédito,0.0,ratio,Visão Executiva canônica; cache IME local 918192dcb18428a809121c4500c209ffac32f167d018cf2dd5d7e0bf005d3f0c,.cache/fundonet-ime/918192dcb18428a809121c4500c209ffac32f167d018cf2dd5d7e0bf005d3f0c
Carteiras selecionadas,PagSeguro I,PagSeguro I,28169275000172,01/2026,Recompras / Crédito,0.0,ratio,Visão Executiva canônica; cache IME local 918192dcb18428a809121c4500c209ffac32f167d018cf2dd5d7e0bf005d3f0c,.cache/fundonet-ime/918192dcb18428a809121c4500c209ffac32f167d018cf2dd5d7e0bf005d3f0c
Carteiras selecionadas,PagSeguro I,PagSeguro I,28169275000172,12/2025,Recompras / Crédito,0.0,ratio,Visão Executiva canônica; cache IME local 918192dcb18428a809121c4500c209ffac32f167d018cf2dd5d7e0bf005d3f0c,.cache/fundonet-ime/918192dcb18428a809121c4500c209ffac32f167d018cf2dd5d7e0bf005d3f0c
Carteiras selecionadas,PagSeguro I,PagSeguro I,28169275000172,11/2025,Recompras / Crédito,0.0,ratio,Visão Executiva canônica; cache IME local 918192dcb18428a809121c4500c209ffac32f167d018cf2dd5d7e0bf005d3f0c,.cache/fundonet-ime/918192dcb18428a809121c4500c209ffac32f167d018cf2dd5d7e0bf005d3f0c
Carteiras selecionadas,PagSeguro I,PagSeguro I,28169275000172,10/2025,Recompras / Crédito,0.0,ratio,Visão Executiva canônica; cache IME local 918192dcb18428a809121c4500c209ffac32f167d018cf2dd5d7e0bf005d3f0c,.cache/fundonet-ime/918192dcb18428a809121c4500c209ffac32f167d018cf2dd5d7e0bf005d3f0c
Carteiras selecionadas,PagSeguro I,PagSeguro I,28169275000172,09/2025,Recompras / Crédito,0.0,ratio,Visão Executiva canônica; cache IME local 918192dcb18428a809121c4500c209ffac32f167d018cf2dd5d7e0bf005d3f0c,.cache/fundonet-ime/918192dcb18428a809121c4500c209ffac32f167d018cf2dd5d7e0bf005d3f0c
Carteiras selecionadas,PagSeguro I,PagSeguro I,28169275000172,08/2025,Recompras / Crédito,0.0,ratio,Visão Executiva canônica; cache IME local 918192dcb18428a809121c4500c209ffac32f167d018cf2dd5d7e0bf005d3f0c,.cache/fundonet-ime/918192dcb18428a809121c4500c209ffac32f167d018cf2dd5d7e0bf005d3f0c
Carteiras selecionadas,PagSeguro I,PagSeguro I,28169275000172,07/2025,Recompras / Crédito,0.0,ratio,Visão Executiva canônica; cache IME local 918192dcb18428a809121c4500c209ffac32f167d018cf2dd5d7e0bf005d3f0c,.cache/fundonet-ime/918192dcb18428a809121c4500c209ffac32f167d018cf2dd5d7e0bf005d3f0c
Carteiras selecionadas,PagSeguro I,PagSeguro I,28169275000172,06/2025,Recompras / Crédito,0.0,ratio,Visão Executiva canônica; cache IME local 918192dcb18428a809121c4500c209ffac32f167d018cf2dd5d7e0bf005d3f0c,.cache/fundonet-ime/918192dcb18428a809121c4500c209ffac32f167d018cf2dd5d7e0bf005d3f0c
Carteiras selecionadas,PagSeguro I,PagSeguro I,28169275000172,05/2025,Recompras / Crédito,0.0,ratio,Visão Executiva canônica; cache IME local 918192dcb18428a809121c4500c209ffac32f167d018cf2dd5d7e0bf005d3f0c,.cache/fundonet-ime/918192dcb18428a809121c4500c209ffac32f167d018cf2dd5d7e0bf005d3f0c
Carteiras selecionadas,PagSeguro I,PagSeguro I,28169275000172,04/2025,Recompras / Crédito,0.0,ratio,Visão Executiva canônica; cache IME local 918192dcb18428a809121c4500c209ffac32f167d018cf2dd5d7e0bf005d3f0c,.cache/fundonet-ime/918192dcb18428a809121c4500c209ffac32f167d018cf2dd5d7e0bf005d3f0c
Carteiras selecionadas,PagSeguro I,PagSeguro I,28169275000172,03/2025,Recompras / Crédito,0.0,ratio,Visão Executiva canônica; cache IME local 918192dcb18428a809121c4500c209ffac32f167d018cf2dd5d7e0bf005d3f0c,.cache/fundonet-ime/918192dcb18428a809121c4500c209ffac32f167d018cf2dd5d7e0bf005d3f0c
Carteiras selecionadas,PagSeguro I,PagSeguro I,28169275000172,02/2025,Recompras / Crédito,0.0,ratio,Visão Executiva canônica; cache IME local 918192dcb18428a809121c4500c209ffac32f167d018cf2dd5d7e0bf005d3f0c,.cache/fundonet-ime/918192dcb18428a809121c4500c209ffac32f167d018cf2dd5d7e0bf005d3f0c
Carteiras selecionadas,PagSeguro I,PagSeguro I,28169275000172,03/2026,Recompras / PL,0.0,ratio,Visão Executiva canônica; cache IME local 918192dcb18428a809121c4500c209ffac32f167d018cf2dd5d7e0bf005d3f0c,.cache/fundonet-ime/918192dcb18428a809121c4500c209ffac32f167d018cf2dd5d7e0bf005d3f0c
Carteiras selecionadas,PagSeguro I,PagSeguro I,28169275000172,02/2026,Recompras / PL,0.0,ratio,Visão Executiva canônica; cache IME local 918192dcb18428a809121c4500c209ffac32f167d018cf2dd5d7e0bf005d3f0c,.cache/fundonet-ime/918192dcb18428a809121c4500c209ffac32f167d018cf2dd5d7e0bf005d3f0c
Carteiras selecionadas,PagSeguro I,PagSeguro I,28169275000172,01/2026,Recompras / PL,0.0,ratio,Visão Executiva canônica; cache IME local 918192dcb18428a809121c4500c209ffac32f167d018cf2dd5d7e0bf005d3f0c,.cache/fundonet-ime/918192dcb18428a809121c4500c209ffac32f167d018cf2dd5d7e0bf005d3f0c
Carteiras selecionadas,PagSeguro I,PagSeguro I,28169275000172,12/2025,Recompras / PL,0.0,ratio,Visão Executiva canônica; cache IME local 918192dcb18428a809121c4500c209ffac32f167d018cf2dd5d7e0bf005d3f0c,.cache/fundonet-ime/918192dcb18428a809121c4500c209ffac32f167d018cf2dd5d7e0bf005d3f0c
Carteiras selecionadas,PagSeguro I,PagSeguro I,28169275000172,11/2025,Recompras / PL,0.0,ratio,Visão Executiva canônica; cache IME local 918192dcb18428a809121c4500c209ffac32f167d018cf2dd5d7e0bf005d3f0c,.cache/fundonet-ime/918192dcb18428a809121c4500c209ffac32f167d018cf2dd5d7e0bf005d3f0c
Carteiras selecionadas,PagSeguro I,PagSeguro I,28169275000172,10/2025,Recompras / PL,0.0,ratio,Visão Executiva canônica; cache IME local 918192dcb18428a809121c4500c209ffac32f167d018cf2dd5d7e0bf005d3f0c,.cache/fundonet-ime/918192dcb18428a809121c4500c209ffac32f167d018cf2dd5d7e0bf005d3f0c
Carteiras selecionadas,PagSeguro I,PagSeguro I,28169275000172,09/2025,Recompras / PL,0.0,ratio,Visão Executiva canônica; cache IME local 918192dcb18428a809121c4500c209ffac32f167d018cf2dd5d7e0bf005d3f0c,.cache/fundonet-ime/918192dcb18428a809121c4500c209ffac32f167d018cf2dd5d7e0bf005d3f0c
Carteiras selecionadas,PagSeguro I,PagSeguro I,28169275000172,08/2025,Recompras / PL,0.0,ratio,Visão Executiva canônica; cache IME local 918192dcb18428a809121c4500c209ffac32f167d018cf2dd5d7e0bf005d3f0c,.cache/fundonet-ime/918192dcb18428a809121c4500c209ffac32f167d018cf2dd5d7e0bf005d3f0c
Carteiras selecionadas,PagSeguro I,PagSeguro I,28169275000172,07/2025,Recompras / PL,0.0,ratio,Visão Executiva canônica; cache IME local 918192dcb18428a809121c4500c209ffac32f167d018cf2dd5d7e0bf005d3f0c,.cache/fundonet-ime/918192dcb18428a809121c4500c209ffac32f167d018cf2dd5d7e0bf005d3f0c
Carteiras selecionadas,PagSeguro I,PagSeguro I,28169275000172,06/2025,Recompras / PL,0.0,ratio,Visão Executiva canônica; cache IME local 918192dcb18428a809121c4500c209ffac32f167d018cf2dd5d7e0bf005d3f0c,.cache/fundonet-ime/918192dcb18428a809121c4500c209ffac32f167d018cf2dd5d7e0bf005d3f0c
Carteiras selecionadas,PagSeguro I,PagSeguro I,28169275000172,05/2025,Recompras / PL,0.0,ratio,Visão Executiva canônica; cache IME local 918192dcb18428a809121c4500c209ffac32f167d018cf2dd5d7e0bf005d3f0c,.cache/fundonet-ime/918192dcb18428a809121c4500c209ffac32f167d018cf2dd5d7e0bf005d3f0c
Carteiras selecionadas,PagSeguro I,PagSeguro I,28169275000172,04/2025,Recompras / PL,0.0,ratio,Visão Executiva canônica; cache IME local 918192dcb18428a809121c4500c209ffac32f167d018cf2dd5d7e0bf005d3f0c,.cache/fundonet-ime/918192dcb18428a809121c4500c209ffac32f167d018cf2dd5d7e0bf005d3f0c
Carteiras selecionadas,PagSeguro I,PagSeguro I,28169275000172,03/2025,Recompras / PL,0.0,ratio,Visão Executiva canônica; cache IME local 918192dcb18428a809121c4500c209ffac32f167d018cf2dd5d7e0bf005d3f0c,.cache/fundonet-ime/918192dcb18428a809121c4500c209ffac32f167d018cf2dd5d7e0bf005d3f0c
Carteiras selecionadas,PagSeguro I,PagSeguro I,28169275000172,02/2025,Recompras / PL,0.0,ratio,Visão Executiva canônica; cache IME local 918192dcb18428a809121c4500c209ffac32f167d018cf2dd5d7e0bf005d3f0c,.cache/fundonet-ime/918192dcb18428a809121c4500c209ffac32f167d018cf2dd5d7e0bf005d3f0c
Carteiras selecionadas,PagSeguro I,PagSeguro I,28169275000172,03/2026,Cotas SR / PL %,37.64287301585786,%,Visão Executiva canônica; cache IME local 918192dcb18428a809121c4500c209ffac32f167d018cf2dd5d7e0bf005d3f0c,.cache/fundonet-ime/918192dcb18428a809121c4500c209ffac32f167d018cf2dd5d7e0bf005d3f0c
Carteiras selecionadas,PagSeguro I,PagSeguro I,28169275000172,02/2026,Cotas SR / PL %,19.5901266192604,%,Visão Executiva canônica; cache IME local 918192dcb18428a809121c4500c209ffac32f167d018cf2dd5d7e0bf005d3f0c,.cache/fundonet-ime/918192dcb18428a809121c4500c209ffac32f167d018cf2dd5d7e0bf005d3f0c
Carteiras selecionadas,PagSeguro I,PagSeguro I,28169275000172,01/2026,Cotas SR / PL %,20.66629232998001,%,Visão Executiva canônica; cache IME local 918192dcb18428a809121c4500c209ffac32f167d018cf2dd5d7e0bf005d3f0c,.cache/fundonet-ime/918192dcb18428a809121c4500c209ffac32f167d018cf2dd5d7e0bf005d3f0c
Carteiras selecionadas,PagSeguro I,PagSeguro I,28169275000172,12/2025,Cotas SR / PL %,21.952531066772007,%,Visão Executiva canônica; cache IME local 918192dcb18428a809121c4500c209ffac32f167d018cf2dd5d7e0bf005d3f0c,.cache/fundonet-ime/918192dcb18428a809121c4500c209ffac32f167d018cf2dd5d7e0bf005d3f0c
Carteiras selecionadas,PagSeguro I,PagSeguro I,28169275000172,11/2025,Cotas SR / PL %,19.627018911546227,%,Visão Executiva canônica; cache IME local 918192dcb18428a809121c4500c209ffac32f167d018cf2dd5d7e0bf005d3f0c,.cache/fundonet-ime/918192dcb18428a809121c4500c209ffac32f167d018cf2dd5d7e0bf005d3f0c
Carteiras selecionadas,PagSeguro I,PagSeguro I,28169275000172,10/2025,Cotas SR / PL %,20.831187534971317,%,Visão Executiva canônica; cache IME local 918192dcb18428a809121c4500c209ffac32f167d018cf2dd5d7e0bf005d3f0c,.cache/fundonet-ime/918192dcb18428a809121c4500c209ffac32f167d018cf2dd5d7e0bf005d3f0c
Carteiras selecionadas,PagSeguro I,PagSeguro I,28169275000172,09/2025,Cotas SR / PL %,22.310756899663087,%,Visão Executiva canônica; cache IME local 918192dcb18428a809121c4500c209ffac32f167d018cf2dd5d7e0bf005d3f0c,.cache/fundonet-ime/918192dcb18428a809121c4500c209ffac32f167d018cf2dd5d7e0bf005d3f0c
Carteiras selecionadas,PagSeguro I,PagSeguro I,28169275000172,08/2025,Cotas SR / PL %,21.746508730411186,%,Visão Executiva canônica; cache IME local 918192dcb18428a809121c4500c209ffac32f167d018cf2dd5d7e0bf005d3f0c,.cache/fundonet-ime/918192dcb18428a809121c4500c209ffac32f167d018cf2dd5d7e0bf005d3f0c
Carteiras selecionadas,PagSeguro I,PagSeguro I,28169275000172,07/2025,Cotas SR / PL %,23.110198285763953,%,Visão Executiva canônica; cache IME local 918192dcb18428a809121c4500c209ffac32f167d018cf2dd5d7e0bf005d3f0c,.cache/fundonet-ime/918192dcb18428a809121c4500c209ffac32f167d018cf2dd5d7e0bf005d3f0c
Carteiras selecionadas,PagSeguro I,PagSeguro I,28169275000172,06/2025,Cotas SR / PL %,24.842526687404558,%,Visão Executiva canônica; cache IME local 918192dcb18428a809121c4500c209ffac32f167d018cf2dd5d7e0bf005d3f0c,.cache/fundonet-ime/918192dcb18428a809121c4500c209ffac32f167d018cf2dd5d7e0bf005d3f0c
Carteiras selecionadas,PagSeguro I,PagSeguro I,28169275000172,05/2025,Cotas SR / PL %,20.31066955317346,%,Visão Executiva canônica; cache IME local 918192dcb18428a809121c4500c209ffac32f167d018cf2dd5d7e0bf005d3f0c,.cache/fundonet-ime/918192dcb18428a809121c4500c209ffac32f167d018cf2dd5d7e0bf005d3f0c
Carteiras selecionadas,PagSeguro I,PagSeguro I,28169275000172,04/2025,Cotas SR / PL %,21.68439942174252,%,Visão Executiva canônica; cache IME local 918192dcb18428a809121c4500c209ffac32f167d018cf2dd5d7e0bf005d3f0c,.cache/fundonet-ime/918192dcb18428a809121c4500c209ffac32f167d018cf2dd5d7e0bf005d3f0c
Carteiras selecionadas,PagSeguro I,PagSeguro I,28169275000172,03/2025,Cotas SR / PL %,23.355905029970582,%,Visão Executiva canônica; cache IME local 918192dcb18428a809121c4500c209ffac32f167d018cf2dd5d7e0bf005d3f0c,.cache/fundonet-ime/918192dcb18428a809121c4500c209ffac32f167d018cf2dd5d7e0bf005d3f0c
Carteiras selecionadas,PagSeguro I,PagSeguro I,28169275000172,02/2025,Cotas SR / PL %,17.399386666882737,%,Visão Executiva canônica; cache IME local 918192dcb18428a809121c4500c209ffac32f167d018cf2dd5d7e0bf005d3f0c,.cache/fundonet-ime/918192dcb18428a809121c4500c209ffac32f167d018cf2dd5d7e0bf005d3f0c
Carteiras selecionadas,PagSeguro I,PagSeguro I,28169275000172,03/2026,Cotas Sub / PL %,62.357126980401034,%,Visão Executiva canônica; cache IME local 918192dcb18428a809121c4500c209ffac32f167d018cf2dd5d7e0bf005d3f0c,.cache/fundonet-ime/918192dcb18428a809121c4500c209ffac32f167d018cf2dd5d7e0bf005d3f0c
Carteiras selecionadas,PagSeguro I,PagSeguro I,28169275000172,02/2026,Cotas Sub / PL %,93.80679791094518,%,Visão Executiva canônica; cache IME local 918192dcb18428a809121c4500c209ffac32f167d018cf2dd5d7e0bf005d3f0c,.cache/fundonet-ime/918192dcb18428a809121c4500c209ffac32f167d018cf2dd5d7e0bf005d3f0c
Carteiras selecionadas,PagSeguro I,PagSeguro I,28169275000172,01/2026,Cotas Sub / PL %,99.99999999489319,%,Visão Executiva canônica; cache IME local 918192dcb18428a809121c4500c209ffac32f167d018cf2dd5d7e0bf005d3f0c,.cache/fundonet-ime/918192dcb18428a809121c4500c209ffac32f167d018cf2dd5d7e0bf005d3f0c
Carteiras selecionadas,PagSeguro I,PagSeguro I,28169275000172,12/2025,Cotas Sub / PL %,100.0000000000422,%,Visão Executiva canônica; cache IME local 918192dcb18428a809121c4500c209ffac32f167d018cf2dd5d7e0bf005d3f0c,.cache/fundonet-ime/918192dcb18428a809121c4500c209ffac32f167d018cf2dd5d7e0bf005d3f0c
Carteiras selecionadas,PagSeguro I,PagSeguro I,28169275000172,11/2025,Cotas Sub / PL %,80.3729810872659,%,Visão Executiva canônica; cache IME local 918192dcb18428a809121c4500c209ffac32f167d018cf2dd5d7e0bf005d3f0c,.cache/fundonet-ime/918192dcb18428a809121c4500c209ffac32f167d018cf2dd5d7e0bf005d3f0c
Carteiras selecionadas,PagSeguro I,PagSeguro I,28169275000172,10/2025,Cotas Sub / PL %,79.16881317488304,%,Visão Executiva canônica; cache IME local 918192dcb18428a809121c4500c209ffac32f167d018cf2dd5d7e0bf005d3f0c,.cache/fundonet-ime/918192dcb18428a809121c4500c209ffac32f167d018cf2dd5d7e0bf005d3f0c
Carteiras selecionadas,PagSeguro I,PagSeguro I,28169275000172,09/2025,Cotas Sub / PL %,77.68924310488322,%,Visão Executiva canônica; cache IME local 918192dcb18428a809121c4500c209ffac32f167d018cf2dd5d7e0bf005d3f0c,.cache/fundonet-ime/918192dcb18428a809121c4500c209ffac32f167d018cf2dd5d7e0bf005d3f0c
Carteiras selecionadas,PagSeguro I,PagSeguro I,28169275000172,08/2025,Cotas Sub / PL %,78.25349126063298,%,Visão Executiva canônica; cache IME local 918192dcb18428a809121c4500c209ffac32f167d018cf2dd5d7e0bf005d3f0c,.cache/fundonet-ime/918192dcb18428a809121c4500c209ffac32f167d018cf2dd5d7e0bf005d3f0c
Carteiras selecionadas,PagSeguro I,PagSeguro I,28169275000172,07/2025,Cotas Sub / PL %,76.88980171312429,%,Visão Executiva canônica; cache IME local 918192dcb18428a809121c4500c209ffac32f167d018cf2dd5d7e0bf005d3f0c,.cache/fundonet-ime/918192dcb18428a809121c4500c209ffac32f167d018cf2dd5d7e0bf005d3f0c
Carteiras selecionadas,PagSeguro I,PagSeguro I,28169275000172,06/2025,Cotas Sub / PL %,75.15747328614854,%,Visão Executiva canônica; cache IME local 918192dcb18428a809121c4500c209ffac32f167d018cf2dd5d7e0bf005d3f0c,.cache/fundonet-ime/918192dcb18428a809121c4500c209ffac32f167d018cf2dd5d7e0bf005d3f0c
Carteiras selecionadas,PagSeguro I,PagSeguro I,28169275000172,05/2025,Cotas Sub / PL %,79.6893304418171,%,Visão Executiva canônica; cache IME local 918192dcb18428a809121c4500c209ffac32f167d018cf2dd5d7e0bf005d3f0c,.cache/fundonet-ime/918192dcb18428a809121c4500c209ffac32f167d018cf2dd5d7e0bf005d3f0c
Carteiras selecionadas,PagSeguro I,PagSeguro I,28169275000172,04/2025,Cotas Sub / PL %,78.31560056183801,%,Visão Executiva canônica; cache IME local 918192dcb18428a809121c4500c209ffac32f167d018cf2dd5d7e0bf005d3f0c,.cache/fundonet-ime/918192dcb18428a809121c4500c209ffac32f167d018cf2dd5d7e0bf005d3f0c
Carteiras selecionadas,PagSeguro I,PagSeguro I,28169275000172,03/2025,Cotas Sub / PL %,76.64409496393696,%,Visão Executiva canônica; cache IME local 918192dcb18428a809121c4500c209ffac32f167d018cf2dd5d7e0bf005d3f0c,.cache/fundonet-ime/918192dcb18428a809121c4500c209ffac32f167d018cf2dd5d7e0bf005d3f0c
Carteiras selecionadas,PagSeguro I,PagSeguro I,28169275000172,02/2025,Cotas Sub / PL %,82.60061331521985,%,Visão Executiva canônica; cache IME local 918192dcb18428a809121c4500c209ffac32f167d018cf2dd5d7e0bf005d3f0c,.cache/fundonet-ime/918192dcb18428a809121c4500c209ffac32f167d018cf2dd5d7e0bf005d3f0c
Carteiras selecionadas,PagSeguro I,PagSeguro I,28169275000172,03/2026,Rentabilidade SR % a.m.,0.7017635182987335,%,Visão Executiva canônica; cache IME local 918192dcb18428a809121c4500c209ffac32f167d018cf2dd5d7e0bf005d3f0c,.cache/fundonet-ime/918192dcb18428a809121c4500c209ffac32f167d018cf2dd5d7e0bf005d3f0c
Carteiras selecionadas,PagSeguro I,PagSeguro I,28169275000172,02/2026,Rentabilidade SR % a.m.,1.05,%,Visão Executiva canônica; cache IME local 918192dcb18428a809121c4500c209ffac32f167d018cf2dd5d7e0bf005d3f0c,.cache/fundonet-ime/918192dcb18428a809121c4500c209ffac32f167d018cf2dd5d7e0bf005d3f0c
Carteiras selecionadas,PagSeguro I,PagSeguro I,28169275000172,01/2026,Rentabilidade SR % a.m.,1.23,%,Visão Executiva canônica; cache IME local 918192dcb18428a809121c4500c209ffac32f167d018cf2dd5d7e0bf005d3f0c,.cache/fundonet-ime/918192dcb18428a809121c4500c209ffac32f167d018cf2dd5d7e0bf005d3f0c
Carteiras selecionadas,PagSeguro I,PagSeguro I,28169275000172,12/2025,Rentabilidade SR % a.m.,1.29,%,Visão Executiva canônica; cache IME local 918192dcb18428a809121c4500c209ffac32f167d018cf2dd5d7e0bf005d3f0c,.cache/fundonet-ime/918192dcb18428a809121c4500c209ffac32f167d018cf2dd5d7e0bf005d3f0c
Carteiras selecionadas,PagSeguro I,PagSeguro I,28169275000172,11/2025,Rentabilidade SR % a.m.,1.11,%,Visão Executiva canônica; cache IME local 918192dcb18428a809121c4500c209ffac32f167d018cf2dd5d7e0bf005d3f0c,.cache/fundonet-ime/918192dcb18428a809121c4500c209ffac32f167d018cf2dd5d7e0bf005d3f0c
Carteiras selecionadas,PagSeguro I,PagSeguro I,28169275000172,10/2025,Rentabilidade SR % a.m.,1.34,%,Visão Executiva canônica; cache IME local 918192dcb18428a809121c4500c209ffac32f167d018cf2dd5d7e0bf005d3f0c,.cache/fundonet-ime/918192dcb18428a809121c4500c209ffac32f167d018cf2dd5d7e0bf005d3f0c
Carteiras selecionadas,PagSeguro I,PagSeguro I,28169275000172,09/2025,Rentabilidade SR % a.m.,1.28,%,Visão Executiva canônica; cache IME local 918192dcb18428a809121c4500c209ffac32f167d018cf2dd5d7e0bf005d3f0c,.cache/fundonet-ime/918192dcb18428a809121c4500c209ffac32f167d018cf2dd5d7e0bf005d3f0c
Carteiras selecionadas,PagSeguro I,PagSeguro I,28169275000172,08/2025,Rentabilidade SR % a.m.,1.2405688943100257,%,Visão Executiva canônica; cache IME local 918192dcb18428a809121c4500c209ffac32f167d018cf2dd5d7e0bf005d3f0c,.cache/fundonet-ime/918192dcb18428a809121c4500c209ffac32f167d018cf2dd5d7e0bf005d3f0c
Carteiras selecionadas,PagSeguro I,PagSeguro I,28169275000172,07/2025,Rentabilidade SR % a.m.,1.3517338404729888,%,Visão Executiva canônica; cache IME local 918192dcb18428a809121c4500c209ffac32f167d018cf2dd5d7e0bf005d3f0c,.cache/fundonet-ime/918192dcb18428a809121c4500c209ffac32f167d018cf2dd5d7e0bf005d3f0c
Carteiras selecionadas,PagSeguro I,PagSeguro I,28169275000172,06/2025,Rentabilidade SR % a.m.,1.1693788636765359,%,Visão Executiva canônica; cache IME local 918192dcb18428a809121c4500c209ffac32f167d018cf2dd5d7e0bf005d3f0c,.cache/fundonet-ime/918192dcb18428a809121c4500c209ffac32f167d018cf2dd5d7e0bf005d3f0c
Carteiras selecionadas,PagSeguro I,PagSeguro I,28169275000172,05/2025,Rentabilidade SR % a.m.,1.2105431970777463,%,Visão Executiva canônica; cache IME local 918192dcb18428a809121c4500c209ffac32f167d018cf2dd5d7e0bf005d3f0c,.cache/fundonet-ime/918192dcb18428a809121c4500c209ffac32f167d018cf2dd5d7e0bf005d3f0c
Carteiras selecionadas,PagSeguro I,PagSeguro I,28169275000172,04/2025,Rentabilidade SR % a.m.,1.1293642462115157,%,Visão Executiva canônica; cache IME local 918192dcb18428a809121c4500c209ffac32f167d018cf2dd5d7e0bf005d3f0c,.cache/fundonet-ime/918192dcb18428a809121c4500c209ffac32f167d018cf2dd5d7e0bf005d3f0c
Carteiras selecionadas,PagSeguro I,PagSeguro I,28169275000172,03/2025,Rentabilidade SR % a.m.,1.0293571229145317,%,Visão Executiva canônica; cache IME local 918192dcb18428a809121c4500c209ffac32f167d018cf2dd5d7e0bf005d3f0c,.cache/fundonet-ime/918192dcb18428a809121c4500c209ffac32f167d018cf2dd5d7e0bf005d3f0c
Carteiras selecionadas,PagSeguro I,PagSeguro I,28169275000172,02/2025,Rentabilidade SR % a.m.,1.050519155154889,%,Visão Executiva canônica; cache IME local 918192dcb18428a809121c4500c209ffac32f167d018cf2dd5d7e0bf005d3f0c,.cache/fundonet-ime/918192dcb18428a809121c4500c209ffac32f167d018cf2dd5d7e0bf005d3f0c
Carteiras selecionadas,PagSeguro I,PagSeguro I,28169275000172,03/2026,Rentabilidade Sub % a.m.,3.65,%,Visão Executiva canônica; cache IME local 918192dcb18428a809121c4500c209ffac32f167d018cf2dd5d7e0bf005d3f0c,.cache/fundonet-ime/918192dcb18428a809121c4500c209ffac32f167d018cf2dd5d7e0bf005d3f0c
Carteiras selecionadas,PagSeguro I,PagSeguro I,28169275000172,02/2026,Rentabilidade Sub % a.m.,3.56,%,Visão Executiva canônica; cache IME local 918192dcb18428a809121c4500c209ffac32f167d018cf2dd5d7e0bf005d3f0c,.cache/fundonet-ime/918192dcb18428a809121c4500c209ffac32f167d018cf2dd5d7e0bf005d3f0c
Carteiras selecionadas,PagSeguro I,PagSeguro I,28169275000172,01/2026,Rentabilidade Sub % a.m.,4.22,%,Visão Executiva canônica; cache IME local 918192dcb18428a809121c4500c209ffac32f167d018cf2dd5d7e0bf005d3f0c,.cache/fundonet-ime/918192dcb18428a809121c4500c209ffac32f167d018cf2dd5d7e0bf005d3f0c
Carteiras selecionadas,PagSeguro I,PagSeguro I,28169275000172,12/2025,Rentabilidade Sub % a.m.,4.57,%,Visão Executiva canônica; cache IME local 918192dcb18428a809121c4500c209ffac32f167d018cf2dd5d7e0bf005d3f0c,.cache/fundonet-ime/918192dcb18428a809121c4500c209ffac32f167d018cf2dd5d7e0bf005d3f0c
Carteiras selecionadas,PagSeguro I,PagSeguro I,28169275000172,11/2025,Rentabilidade Sub % a.m.,12.67,%,Visão Executiva canônica; cache IME local 918192dcb18428a809121c4500c209ffac32f167d018cf2dd5d7e0bf005d3f0c,.cache/fundonet-ime/918192dcb18428a809121c4500c209ffac32f167d018cf2dd5d7e0bf005d3f0c
Carteiras selecionadas,PagSeguro I,PagSeguro I,28169275000172,10/2025,Rentabilidade Sub % a.m.,4.81,%,Visão Executiva canônica; cache IME local 918192dcb18428a809121c4500c209ffac32f167d018cf2dd5d7e0bf005d3f0c,.cache/fundonet-ime/918192dcb18428a809121c4500c209ffac32f167d018cf2dd5d7e0bf005d3f0c
Carteiras selecionadas,PagSeguro I,PagSeguro I,28169275000172,09/2025,Rentabilidade Sub % a.m.,5.13,%,Visão Executiva canônica; cache IME local 918192dcb18428a809121c4500c209ffac32f167d018cf2dd5d7e0bf005d3f0c,.cache/fundonet-ime/918192dcb18428a809121c4500c209ffac32f167d018cf2dd5d7e0bf005d3f0c
Carteiras selecionadas,PagSeguro I,PagSeguro I,28169275000172,08/2025,Rentabilidade Sub % a.m.,5.02,%,Visão Executiva canônica; cache IME local 918192dcb18428a809121c4500c209ffac32f167d018cf2dd5d7e0bf005d3f0c,.cache/fundonet-ime/918192dcb18428a809121c4500c209ffac32f167d018cf2dd5d7e0bf005d3f0c
Carteiras selecionadas,PagSeguro I,PagSeguro I,28169275000172,07/2025,Rentabilidade Sub % a.m.,5.75,%,Visão Executiva canônica; cache IME local 918192dcb18428a809121c4500c209ffac32f167d018cf2dd5d7e0bf005d3f0c,.cache/fundonet-ime/918192dcb18428a809121c4500c209ffac32f167d018cf2dd5d7e0bf005d3f0c
Carteiras selecionadas,PagSeguro I,PagSeguro I,28169275000172,06/2025,Rentabilidade Sub % a.m.,5.84,%,Visão Executiva canônica; cache IME local 918192dcb18428a809121c4500c209ffac32f167d018cf2dd5d7e0bf005d3f0c,.cache/fundonet-ime/918192dcb18428a809121c4500c209ffac32f167d018cf2dd5d7e0bf005d3f0c
Carteiras selecionadas,PagSeguro I,PagSeguro I,28169275000172,05/2025,Rentabilidade Sub % a.m.,6.56,%,Visão Executiva canônica; cache IME local 918192dcb18428a809121c4500c209ffac32f167d018cf2dd5d7e0bf005d3f0c,.cache/fundonet-ime/918192dcb18428a809121c4500c209ffac32f167d018cf2dd5d7e0bf005d3f0c
Carteiras selecionadas,PagSeguro I,PagSeguro I,28169275000172,04/2025,Rentabilidade Sub % a.m.,7.17,%,Visão Executiva canônica; cache IME local 918192dcb18428a809121c4500c209ffac32f167d018cf2dd5d7e0bf005d3f0c,.cache/fundonet-ime/918192dcb18428a809121c4500c209ffac32f167d018cf2dd5d7e0bf005d3f0c
Carteiras selecionadas,PagSeguro I,PagSeguro I,28169275000172,03/2025,Rentabilidade Sub % a.m.,10.05,%,Visão Executiva canônica; cache IME local 918192dcb18428a809121c4500c209ffac32f167d018cf2dd5d7e0bf005d3f0c,.cache/fundonet-ime/918192dcb18428a809121c4500c209ffac32f167d018cf2dd5d7e0bf005d3f0c
Carteiras selecionadas,PagSeguro I,PagSeguro I,28169275000172,02/2025,Rentabilidade Sub % a.m.,4.92,%,Visão Executiva canônica; cache IME local 918192dcb18428a809121c4500c209ffac32f167d018cf2dd5d7e0bf005d3f0c,.cache/fundonet-ime/918192dcb18428a809121c4500c209ffac32f167d018cf2dd5d7e0bf005d3f0c
Carteiras selecionadas,PagSeguro I,PagSeguro I,28169275000172,03/2026,Cotas MZ / PL %,0.0,%,Visão Executiva canônica; cache IME local 918192dcb18428a809121c4500c209ffac32f167d018cf2dd5d7e0bf005d3f0c,.cache/fundonet-ime/918192dcb18428a809121c4500c209ffac32f167d018cf2dd5d7e0bf005d3f0c
Carteiras selecionadas,PagSeguro I,PagSeguro I,28169275000172,02/2026,Cotas MZ / PL %,0.0,%,Visão Executiva canônica; cache IME local 918192dcb18428a809121c4500c209ffac32f167d018cf2dd5d7e0bf005d3f0c,.cache/fundonet-ime/918192dcb18428a809121c4500c209ffac32f167d018cf2dd5d7e0bf005d3f0c
Carteiras selecionadas,PagSeguro I,PagSeguro I,28169275000172,01/2026,Cotas MZ / PL %,0.0,%,Visão Executiva canônica; cache IME local 918192dcb18428a809121c4500c209ffac32f167d018cf2dd5d7e0bf005d3f0c,.cache/fundonet-ime/918192dcb18428a809121c4500c209ffac32f167d018cf2dd5d7e0bf005d3f0c
Carteiras selecionadas,PagSeguro I,PagSeguro I,28169275000172,12/2025,Cotas MZ / PL %,0.0,%,Visão Executiva canônica; cache IME local 918192dcb18428a809121c4500c209ffac32f167d018cf2dd5d7e0bf005d3f0c,.cache/fundonet-ime/918192dcb18428a809121c4500c209ffac32f167d018cf2dd5d7e0bf005d3f0c
Carteiras selecionadas,PagSeguro I,PagSeguro I,28169275000172,11/2025,Cotas MZ / PL %,0.0,%,Visão Executiva canônica; cache IME local 918192dcb18428a809121c4500c209ffac32f167d018cf2dd5d7e0bf005d3f0c,.cache/fundonet-ime/918192dcb18428a809121c4500c209ffac32f167d018cf2dd5d7e0bf005d3f0c
Carteiras selecionadas,PagSeguro I,PagSeguro I,28169275000172,10/2025,Cotas MZ / PL %,0.0,%,Visão Executiva canônica; cache IME local 918192dcb18428a809121c4500c209ffac32f167d018cf2dd5d7e0bf005d3f0c,.cache/fundonet-ime/918192dcb18428a809121c4500c209ffac32f167d018cf2dd5d7e0bf005d3f0c
Carteiras selecionadas,PagSeguro I,PagSeguro I,28169275000172,09/2025,Cotas MZ / PL %,0.0,%,Visão Executiva canônica; cache IME local 918192dcb18428a809121c4500c209ffac32f167d018cf2dd5d7e0bf005d3f0c,.cache/fundonet-ime/918192dcb18428a809121c4500c209ffac32f167d018cf2dd5d7e0bf005d3f0c
Carteiras selecionadas,PagSeguro I,PagSeguro I,28169275000172,08/2025,Cotas MZ / PL %,0.0,%,Visão Executiva canônica; cache IME local 918192dcb18428a809121c4500c209ffac32f167d018cf2dd5d7e0bf005d3f0c,.cache/fundonet-ime/918192dcb18428a809121c4500c209ffac32f167d018cf2dd5d7e0bf005d3f0c
Carteiras selecionadas,PagSeguro I,PagSeguro I,28169275000172,07/2025,Cotas MZ / PL %,0.0,%,Visão Executiva canônica; cache IME local 918192dcb18428a809121c4500c209ffac32f167d018cf2dd5d7e0bf005d3f0c,.cache/fundonet-ime/918192dcb18428a809121c4500c209ffac32f167d018cf2dd5d7e0bf005d3f0c
Carteiras selecionadas,PagSeguro I,PagSeguro I,28169275000172,06/2025,Cotas MZ / PL %,0.0,%,Visão Executiva canônica; cache IME local 918192dcb18428a809121c4500c209ffac32f167d018cf2dd5d7e0bf005d3f0c,.cache/fundonet-ime/918192dcb18428a809121c4500c209ffac32f167d018cf2dd5d7e0bf005d3f0c
Carteiras selecionadas,PagSeguro I,PagSeguro I,28169275000172,05/2025,Cotas MZ / PL %,0.0,%,Visão Executiva canônica; cache IME local 918192dcb18428a809121c4500c209ffac32f167d018cf2dd5d7e0bf005d3f0c,.cache/fundonet-ime/918192dcb18428a809121c4500c209ffac32f167d018cf2dd5d7e0bf005d3f0c
Carteiras selecionadas,PagSeguro I,PagSeguro I,28169275000172,04/2025,Cotas MZ / PL %,0.0,%,Visão Executiva canônica; cache IME local 918192dcb18428a809121c4500c209ffac32f167d018cf2dd5d7e0bf005d3f0c,.cache/fundonet-ime/918192dcb18428a809121c4500c209ffac32f167d018cf2dd5d7e0bf005d3f0c
Carteiras selecionadas,PagSeguro I,PagSeguro I,28169275000172,03/2025,Cotas MZ / PL %,0.0,%,Visão Executiva canônica; cache IME local 918192dcb18428a809121c4500c209ffac32f167d018cf2dd5d7e0bf005d3f0c,.cache/fundonet-ime/918192dcb18428a809121c4500c209ffac32f167d018cf2dd5d7e0bf005d3f0c
Carteiras selecionadas,PagSeguro I,PagSeguro I,28169275000172,02/2025,Cotas MZ / PL %,0.0,%,Visão Executiva canônica; cache IME local 918192dcb18428a809121c4500c209ffac32f167d018cf2dd5d7e0bf005d3f0c,.cache/fundonet-ime/918192dcb18428a809121c4500c209ffac32f167d018cf2dd5d7e0bf005d3f0c
