investor_family,offers_with_family,subscribers,allocated_amount_proxy_brl,share_subscriber_accounts,share_amount_proxy
Pessoas naturais,45,8735.0,682326288.5285257,0.8696734368777379,0.06071453257184781
Fundos de investimento,149,1141.0,5759944970.947983,0.11360015929908403,0.5125295220631851
Outras pessoas juridicas,16,130.0,2609953460.424313,0.012943050577459179,0.23223801727714627
Instituicoes financeiras,33,35.0,2080301337.5130396,0.0034846674631620867,0.1851086869129382
Investidores estrangeiros,2,2.0,85745593.68738303,0.00019912385503783353,0.0076297861131103106
Previdencia e seguradoras,1,1.0,19997995.8087551,9.956192751891676e-05,0.00177945506177222
Clubes de investimento,0,0.0,0.0,0.0,0.0
