bucket,allocated_pl,share_total
2026,1058809334.1262501,0.05832527708687453
2027,3857473987.59375,0.21249174136482363
2028,0.0,0.0
2029+,13237240965.0,0.729182981548302
