Tabela,Critério,CNPJ,Valor,Fonte,Nota
comparison_eligibility,Natureza dos recebíveis,60010416000112,CCBs eletrônicas de consignado privado pela Plataforma MT; TVM elegíveis limitados,Fundos.NET ID 1051393 · 09/10/2025 · Regulamento · p. 9-11 · data/raw/60010416000112/1051393_documentary_review.pdf · https://fnet.bmfbovespa.com.br/fnet/publico/exibirDocumento?id=1051393,Conclusão documental revisada; preservar a versão e a unidade indicadas.
comparison_eligibility,Natureza dos recebíveis,58458416000138,CCBs de consignado privado pela Plataforma MT,Fundos.NET ID 982232 · 28/08/2025 · Regulamento · p. 7-9 · data/raw/58458416000138/982232_documentary_review.pdf · https://fnet.bmfbovespa.com.br/fnet/publico/exibirDocumento?id=982232,Conclusão documental revisada; preservar a versão e a unidade indicadas.
comparison_eligibility,Natureza dos recebíveis,53179862000190,Não localizado no corpus acessível,"Corpus acessível CNPJ 53179862000190: ID 1232504 (29/06/2026), data/raw/53179862000190/1232504_documentary_review.pdf; ID 1090574 (23/01/2026), data/raw/53179862000190/1090574_documentary_review.pdf; ID 953854 (28/07/2025), data/raw/53179862000190/953854_documentary_review.pdf; ID 926238 (16/06/2025), data/raw/53179862000190/926238_documentary_review.pdf; ID 908443 (31/03/2025), data/raw/53179862000190/908443_documentary_review.pdf","Lacuna documental explícita; exige regulamento, anexo, suplemento ou contrato aplicável."
comparison_eligibility,Natureza dos recebíveis,40752367000186,CCBs de consignado INSS pela Plataforma MT; TVM elegíveis de conglomerados S1,Fundos.NET ID 846588 · 21/02/2025 · Regulamento · p. 9 · data/raw/40752367000186/846588_documentary_review.pdf · https://fnet.bmfbovespa.com.br/fnet/publico/exibirDocumento?id=846588,Conclusão documental revisada; preservar a versão e a unidade indicadas.
comparison_eligibility,Natureza dos recebíveis,44173467000109,CCBs de consignado INSS pela Plataforma MT,Fundos.NET ID 791513 · 28/11/2024 · Regulamento · p. 10-13 · data/raw/44173467000109/791513_documentary_review.pdf · https://fnet.bmfbovespa.com.br/fnet/publico/exibirDocumento?id=791513,Conclusão documental revisada; preservar a versão e a unidade indicadas.
comparison_eligibility,Natureza dos recebíveis,51290497000160,CCBs de consignado INSS pela Plataforma MT,"Fundos.NET ID 956736 · 28/07/2025 · Regulamento · p. 9-11, 60 · data/raw/51290497000160/956736_documentary_review.pdf · https://fnet.bmfbovespa.com.br/fnet/publico/exibirDocumento?id=956736",Conclusão documental revisada; preservar a versão e a unidade indicadas.
comparison_eligibility,Natureza dos recebíveis,62010175000137,CCBs de antecipação de saque-aniversário FGTS,Fundos.NET ID 971924 · 13/08/2025 · Regulamento · p. 12-15 · data/raw/62010175000137/971924_documentary_review.pdf · https://fnet.bmfbovespa.com.br/fnet/publico/exibirDocumento?id=971924,Conclusão documental revisada; preservar a versão e a unidade indicadas.
comparison_eligibility,Natureza dos recebíveis,62310468000130,Não localizado no corpus acessível,"Corpus acessível CNPJ 62310468000130: ID 977555 (25/08/2025), data/raw/62310468000130/977555_documentary_review.pdf; ID 977281 (19/08/2025), data/raw/62310468000130/977281_documentary_review.pdf; ID 985036 (04/09/2025), data/raw/62310468000130/985036_documentary_review.pdf; ID 1153512 (01/04/2026), data/raw/62310468000130/1153512_documentary_review.pdf","Lacuna documental explícita; exige regulamento, anexo, suplemento ou contrato aplicável."
comparison_eligibility,Natureza dos recebíveis,54464892000100,Não localizado no corpus acessível,"Corpus acessível CNPJ 54464892000100: ID 823583 (21/01/2025), data/raw/54464892000100/823583_documentary_review.pdf","Lacuna documental explícita; exige regulamento, anexo, suplemento ou contrato aplicável."
comparison_eligibility,Natureza dos recebíveis,63953620000165,Não localizado no corpus acessível,Corpus acessível CNPJ 63953620000165: não obtido; consulta Fundos.NET em 07/10/2026,"Lacuna documental explícita; exige regulamento, anexo, suplemento ou contrato aplicável."
comparison_eligibility,Originador/endossante,60010416000112,Parati CFI; Plataforma MT/Tudo Serviços no processamento e cobrança,Fundos.NET ID 1051393 · 09/10/2025 · Regulamento · p. 41-43 · data/raw/60010416000112/1051393_documentary_review.pdf · https://fnet.bmfbovespa.com.br/fnet/publico/exibirDocumento?id=1051393,Conclusão documental revisada; preservar a versão e a unidade indicadas.
comparison_eligibility,Originador/endossante,58458416000138,Não localizado no corpus acessível,"Corpus acessível CNPJ 58458416000138: ID 982232 (28/08/2025), data/raw/58458416000138/982232_documentary_review.pdf; ID 1237489 (01/07/2026), data/raw/58458416000138/1237489_documentary_review.pdf; ID 1009401 (08/10/2025), data/raw/58458416000138/1009401_documentary_review.pdf","Lacuna documental explícita; exige regulamento, anexo, suplemento ou contrato aplicável."
comparison_eligibility,Originador/endossante,53179862000190,Não localizado no corpus acessível,"Corpus acessível CNPJ 53179862000190: ID 1232504 (29/06/2026), data/raw/53179862000190/1232504_documentary_review.pdf; ID 1090574 (23/01/2026), data/raw/53179862000190/1090574_documentary_review.pdf; ID 953854 (28/07/2025), data/raw/53179862000190/953854_documentary_review.pdf; ID 926238 (16/06/2025), data/raw/53179862000190/926238_documentary_review.pdf; ID 908443 (31/03/2025), data/raw/53179862000190/908443_documentary_review.pdf","Lacuna documental explícita; exige regulamento, anexo, suplemento ou contrato aplicável."
comparison_eligibility,Originador/endossante,40752367000186,Não localizado no corpus acessível,"Corpus acessível CNPJ 40752367000186: ID 846588 (21/02/2025), data/raw/40752367000186/846588_documentary_review.pdf","Lacuna documental explícita; exige regulamento, anexo, suplemento ou contrato aplicável."
comparison_eligibility,Originador/endossante,44173467000109,Não localizado no corpus acessível,"Corpus acessível CNPJ 44173467000109: ID 1078471 (30/12/2025), data/raw/44173467000109/1078471_documentary_review.pdf; ID 791513 (28/11/2024), data/raw/44173467000109/791513_documentary_review.pdf; ID 467860 (10/05/2023), data/raw/44173467000109/467860_documentary_review.pdf","Lacuna documental explícita; exige regulamento, anexo, suplemento ou contrato aplicável."
comparison_eligibility,Originador/endossante,51290497000160,Parati; QI Tech; outras IFs aprovadas e conveniadas INSS,Fundos.NET ID 956736 · 28/07/2025 · Regulamento · p. 60 · data/raw/51290497000160/956736_documentary_review.pdf · https://fnet.bmfbovespa.com.br/fnet/publico/exibirDocumento?id=956736,Conclusão documental revisada; preservar a versão e a unidade indicadas.
comparison_eligibility,Originador/endossante,62010175000137,Não localizado no corpus acessível,"Corpus acessível CNPJ 62010175000137: ID 971924 (13/08/2025), data/raw/62010175000137/971924_documentary_review.pdf; ID 975532 (21/08/2025), data/raw/62010175000137/975532_documentary_review.pdf","Lacuna documental explícita; exige regulamento, anexo, suplemento ou contrato aplicável."
comparison_eligibility,Originador/endossante,62310468000130,Não localizado no corpus acessível,"Corpus acessível CNPJ 62310468000130: ID 977555 (25/08/2025), data/raw/62310468000130/977555_documentary_review.pdf; ID 977281 (19/08/2025), data/raw/62310468000130/977281_documentary_review.pdf; ID 985036 (04/09/2025), data/raw/62310468000130/985036_documentary_review.pdf; ID 1153512 (01/04/2026), data/raw/62310468000130/1153512_documentary_review.pdf","Lacuna documental explícita; exige regulamento, anexo, suplemento ou contrato aplicável."
comparison_eligibility,Originador/endossante,54464892000100,Não localizado no corpus acessível,"Corpus acessível CNPJ 54464892000100: ID 823583 (21/01/2025), data/raw/54464892000100/823583_documentary_review.pdf","Lacuna documental explícita; exige regulamento, anexo, suplemento ou contrato aplicável."
comparison_eligibility,Originador/endossante,63953620000165,Não localizado no corpus acessível,Corpus acessível CNPJ 63953620000165: não obtido; consulta Fundos.NET em 07/10/2026,"Lacuna documental explícita; exige regulamento, anexo, suplemento ou contrato aplicável."
comparison_eligibility,Devedor,60010416000112,Pessoa física com consignação averbada na Dataprev,"Fundos.NET ID 1051393 · 09/10/2025 · Regulamento · p. 9-10, 42 · data/raw/60010416000112/1051393_documentary_review.pdf · https://fnet.bmfbovespa.com.br/fnet/publico/exibirDocumento?id=1051393",Conclusão documental revisada; preservar a versão e a unidade indicadas.
comparison_eligibility,Devedor,58458416000138,Pessoa física com averbação privada; idade ≤ 64a11m29d,Fundos.NET ID 982232 · 28/08/2025 · Regulamento · p. 7 · data/raw/58458416000138/982232_documentary_review.pdf · https://fnet.bmfbovespa.com.br/fnet/publico/exibirDocumento?id=982232,Conclusão documental revisada; preservar a versão e a unidade indicadas.
comparison_eligibility,Devedor,53179862000190,Não localizado no corpus acessível,"Corpus acessível CNPJ 53179862000190: ID 1232504 (29/06/2026), data/raw/53179862000190/1232504_documentary_review.pdf; ID 1090574 (23/01/2026), data/raw/53179862000190/1090574_documentary_review.pdf; ID 953854 (28/07/2025), data/raw/53179862000190/953854_documentary_review.pdf; ID 926238 (16/06/2025), data/raw/53179862000190/926238_documentary_review.pdf; ID 908443 (31/03/2025), data/raw/53179862000190/908443_documentary_review.pdf","Lacuna documental explícita; exige regulamento, anexo, suplemento ou contrato aplicável."
comparison_eligibility,Devedor,40752367000186,Beneficiários/pensionistas INSS; devedor do TVM conforme instrumento,Fundos.NET ID 846588 · 21/02/2025 · Regulamento · p. 9-10 · data/raw/40752367000186/846588_documentary_review.pdf · https://fnet.bmfbovespa.com.br/fnet/publico/exibirDocumento?id=846588,Conclusão documental revisada; preservar a versão e a unidade indicadas.
comparison_eligibility,Devedor,44173467000109,Beneficiários e pensionistas INSS,Fundos.NET ID 791513 · 28/11/2024 · Regulamento · p. 10-13 · data/raw/44173467000109/791513_documentary_review.pdf · https://fnet.bmfbovespa.com.br/fnet/publico/exibirDocumento?id=791513,Conclusão documental revisada; preservar a versão e a unidade indicadas.
comparison_eligibility,Devedor,51290497000160,"Beneficiário/pensionista INSS; idade final ≤ 76a11m29d, inválidos ≤ 72a11m29d",Fundos.NET ID 956736 · 28/07/2025 · Regulamento · p. 10-11 · data/raw/51290497000160/956736_documentary_review.pdf · https://fnet.bmfbovespa.com.br/fnet/publico/exibirDocumento?id=956736,Conclusão documental revisada; preservar a versão e a unidade indicadas.
comparison_eligibility,Devedor,62010175000137,"Pessoa física titular FGTS, ≥ 18 anos; devedores > 71 anos limitados",Fundos.NET ID 971924 · 13/08/2025 · Regulamento · p. 14 · data/raw/62010175000137/971924_documentary_review.pdf · https://fnet.bmfbovespa.com.br/fnet/publico/exibirDocumento?id=971924,Conclusão documental revisada; preservar a versão e a unidade indicadas.
comparison_eligibility,Devedor,62310468000130,Não localizado no corpus acessível,"Corpus acessível CNPJ 62310468000130: ID 977555 (25/08/2025), data/raw/62310468000130/977555_documentary_review.pdf; ID 977281 (19/08/2025), data/raw/62310468000130/977281_documentary_review.pdf; ID 985036 (04/09/2025), data/raw/62310468000130/985036_documentary_review.pdf; ID 1153512 (01/04/2026), data/raw/62310468000130/1153512_documentary_review.pdf","Lacuna documental explícita; exige regulamento, anexo, suplemento ou contrato aplicável."
comparison_eligibility,Devedor,54464892000100,Não localizado no corpus acessível,"Corpus acessível CNPJ 54464892000100: ID 823583 (21/01/2025), data/raw/54464892000100/823583_documentary_review.pdf","Lacuna documental explícita; exige regulamento, anexo, suplemento ou contrato aplicável."
comparison_eligibility,Devedor,63953620000165,Não localizado no corpus acessível,Corpus acessível CNPJ 63953620000165: não obtido; consulta Fundos.NET em 07/10/2026,"Lacuna documental explícita; exige regulamento, anexo, suplemento ou contrato aplicável."
comparison_eligibility,Garantia,60010416000112,Fluxo de consignação; garantias adicionais não demonstradas,Fundos.NET ID 1051393 · 09/10/2025 · Regulamento · p. 9-11 · data/raw/60010416000112/1051393_documentary_review.pdf · https://fnet.bmfbovespa.com.br/fnet/publico/exibirDocumento?id=1051393,Conclusão documental revisada; preservar a versão e a unidade indicadas.
comparison_eligibility,Garantia,58458416000138,Consignação averbada; garantias finais no contrato de endosso,Fundos.NET ID 982232 · 28/08/2025 · Regulamento · p. 7-9 · data/raw/58458416000138/982232_documentary_review.pdf · https://fnet.bmfbovespa.com.br/fnet/publico/exibirDocumento?id=982232,Conclusão documental revisada; preservar a versão e a unidade indicadas.
comparison_eligibility,Garantia,53179862000190,Não localizado no corpus acessível,"Corpus acessível CNPJ 53179862000190: ID 1232504 (29/06/2026), data/raw/53179862000190/1232504_documentary_review.pdf; ID 1090574 (23/01/2026), data/raw/53179862000190/1090574_documentary_review.pdf; ID 953854 (28/07/2025), data/raw/53179862000190/953854_documentary_review.pdf; ID 926238 (16/06/2025), data/raw/53179862000190/926238_documentary_review.pdf; ID 908443 (31/03/2025), data/raw/53179862000190/908443_documentary_review.pdf","Lacuna documental explícita; exige regulamento, anexo, suplemento ou contrato aplicável."
comparison_eligibility,Garantia,40752367000186,Consignação INSS/Dataprev; garantias do TVM conforme instrumento,Fundos.NET ID 846588 · 21/02/2025 · Regulamento · p. 9-10 · data/raw/40752367000186/846588_documentary_review.pdf · https://fnet.bmfbovespa.com.br/fnet/publico/exibirDocumento?id=846588,Conclusão documental revisada; preservar a versão e a unidade indicadas.
comparison_eligibility,Garantia,44173467000109,Consignação de benefícios INSS/Dataprev,Fundos.NET ID 791513 · 28/11/2024 · Regulamento · p. 10-13 · data/raw/44173467000109/791513_documentary_review.pdf · https://fnet.bmfbovespa.com.br/fnet/publico/exibirDocumento?id=791513,Conclusão documental revisada; preservar a versão e a unidade indicadas.
comparison_eligibility,Garantia,51290497000160,Consignação INSS/Dataprev; portabilidade e glosa sujeitas a defesa da carteira,"Fundos.NET ID 956736 · 28/07/2025 · Regulamento · p. 9-11, 60 · data/raw/51290497000160/956736_documentary_review.pdf · https://fnet.bmfbovespa.com.br/fnet/publico/exibirDocumento?id=956736",Conclusão documental revisada; preservar a versão e a unidade indicadas.
comparison_eligibility,Garantia,62010175000137,Cessão fiduciária do saque-aniversário FGTS,Fundos.NET ID 971924 · 13/08/2025 · Regulamento · p. 12-15 · data/raw/62010175000137/971924_documentary_review.pdf · https://fnet.bmfbovespa.com.br/fnet/publico/exibirDocumento?id=971924,Conclusão documental revisada; preservar a versão e a unidade indicadas.
comparison_eligibility,Garantia,62310468000130,Não localizado no corpus acessível,"Corpus acessível CNPJ 62310468000130: ID 977555 (25/08/2025), data/raw/62310468000130/977555_documentary_review.pdf; ID 977281 (19/08/2025), data/raw/62310468000130/977281_documentary_review.pdf; ID 985036 (04/09/2025), data/raw/62310468000130/985036_documentary_review.pdf; ID 1153512 (01/04/2026), data/raw/62310468000130/1153512_documentary_review.pdf","Lacuna documental explícita; exige regulamento, anexo, suplemento ou contrato aplicável."
comparison_eligibility,Garantia,54464892000100,Não localizado no corpus acessível,"Corpus acessível CNPJ 54464892000100: ID 823583 (21/01/2025), data/raw/54464892000100/823583_documentary_review.pdf","Lacuna documental explícita; exige regulamento, anexo, suplemento ou contrato aplicável."
comparison_eligibility,Garantia,63953620000165,Não localizado no corpus acessível,Corpus acessível CNPJ 63953620000165: não obtido; consulta Fundos.NET em 07/10/2026,"Lacuna documental explícita; exige regulamento, anexo, suplemento ou contrato aplicável."
comparison_eligibility,Elegibilidade,60010416000112,CCB prefixada; idade ≤ 64a11m29d; limite por devedor R$ 150 mil pela cl. 4.4.1,Fundos.NET ID 1051393 · 09/10/2025 · Regulamento · p. 9-10 · data/raw/60010416000112/1051393_documentary_review.pdf · https://fnet.bmfbovespa.com.br/fnet/publico/exibirDocumento?id=1051393,"Cláusula 4.4(ii) conserva R$ 100 mil, enquanto 4.4.1 dispõe passagem a R$ 150 mil; aplicar também limites do contrato de endosso, não localizado."
comparison_eligibility,Elegibilidade,58458416000138,CCB prefixada/adimplente; duration média ≤ 30 meses,Fundos.NET ID 982232 · 28/08/2025 · Regulamento · p. 7-8 · data/raw/58458416000138/982232_documentary_review.pdf · https://fnet.bmfbovespa.com.br/fnet/publico/exibirDocumento?id=982232,Preço mínimo de compra e limites do endosso não integralmente obtidos.
comparison_eligibility,Elegibilidade,53179862000190,Não localizado no corpus acessível,"Corpus acessível CNPJ 53179862000190: ID 1232504 (29/06/2026), data/raw/53179862000190/1232504_documentary_review.pdf; ID 1090574 (23/01/2026), data/raw/53179862000190/1090574_documentary_review.pdf; ID 953854 (28/07/2025), data/raw/53179862000190/953854_documentary_review.pdf; ID 926238 (16/06/2025), data/raw/53179862000190/926238_documentary_review.pdf; ID 908443 (31/03/2025), data/raw/53179862000190/908443_documentary_review.pdf","Lacuna documental explícita; exige regulamento, anexo, suplemento ou contrato aplicável."
comparison_eligibility,Elegibilidade,40752367000186,CCB prefixada/adimplente; valor principal ≥ R$ 200; prazo conforme limite legal,Fundos.NET ID 846588 · 21/02/2025 · Regulamento · p. 10-11 · data/raw/40752367000186/846588_documentary_review.pdf · https://fnet.bmfbovespa.com.br/fnet/publico/exibirDocumento?id=846588,Conclusão documental revisada; preservar a versão e a unidade indicadas.
comparison_eligibility,Elegibilidade,44173467000109,Não localizado no corpus acessível,"Corpus acessível CNPJ 44173467000109: ID 1078471 (30/12/2025), data/raw/44173467000109/1078471_documentary_review.pdf; ID 791513 (28/11/2024), data/raw/44173467000109/791513_documentary_review.pdf; ID 467860 (10/05/2023), data/raw/44173467000109/467860_documentary_review.pdf","Lacuna documental explícita; exige regulamento, anexo, suplemento ou contrato aplicável."
comparison_eligibility,Elegibilidade,51290497000160,Não localizado no corpus acessível,"Corpus acessível CNPJ 51290497000160: ID 956736 (28/07/2025), data/raw/51290497000160/956736_documentary_review.pdf; ID 913141 (21/05/2025), data/raw/51290497000160/913141_documentary_review.pdf; ID 557485 (21/11/2023), data/raw/51290497000160/557485_documentary_review.pdf; ID 551560 (10/11/2023), data/raw/51290497000160/551560_documentary_review.pdf; ID 545845 (06/11/2023), data/raw/51290497000160/545845_documentary_review.pdf; ID 528268 (28/09/2023), data/raw/51290497000160/528268_documentary_review.pdf; ID 526857 (26/09/2023), data/raw/51290497000160/526857_documentary_review.pdf","Lacuna documental explícita; exige regulamento, anexo, suplemento ou contrato aplicável."
comparison_eligibility,Elegibilidade,62010175000137,CCB adimplente; prazo ≤ 4.415 dias e até vencimento sênior,Fundos.NET ID 971924 · 13/08/2025 · Regulamento · p. 14 · data/raw/62010175000137/971924_documentary_review.pdf · https://fnet.bmfbovespa.com.br/fnet/publico/exibirDocumento?id=971924,Conclusão documental revisada; preservar a versão e a unidade indicadas.
comparison_eligibility,Elegibilidade,62310468000130,Não localizado no corpus acessível,"Corpus acessível CNPJ 62310468000130: ID 977555 (25/08/2025), data/raw/62310468000130/977555_documentary_review.pdf; ID 977281 (19/08/2025), data/raw/62310468000130/977281_documentary_review.pdf; ID 985036 (04/09/2025), data/raw/62310468000130/985036_documentary_review.pdf; ID 1153512 (01/04/2026), data/raw/62310468000130/1153512_documentary_review.pdf","Lacuna documental explícita; exige regulamento, anexo, suplemento ou contrato aplicável."
comparison_eligibility,Elegibilidade,54464892000100,Não localizado no corpus acessível,"Corpus acessível CNPJ 54464892000100: ID 823583 (21/01/2025), data/raw/54464892000100/823583_documentary_review.pdf","Lacuna documental explícita; exige regulamento, anexo, suplemento ou contrato aplicável."
comparison_eligibility,Elegibilidade,63953620000165,Não localizado no corpus acessível,Corpus acessível CNPJ 63953620000165: não obtido; consulta Fundos.NET em 07/10/2026,"Lacuna documental explícita; exige regulamento, anexo, suplemento ou contrato aplicável."
comparison_eligibility,Concentração,60010416000112,TVM ≤ 3% do PL; CDB/RDB do endossante ≤ R$ 25 mi; limites privados no contrato,Fundos.NET ID 1051393 · 09/10/2025 · Regulamento · p. 11-12 · data/raw/60010416000112/1051393_documentary_review.pdf · https://fnet.bmfbovespa.com.br/fnet/publico/exibirDocumento?id=1051393,Conclusão documental revisada; preservar a versão e a unidade indicadas.
comparison_eligibility,Concentração,58458416000138,Por devedor ≤ R$ 100 mil; por empregador ≤ 3% do PL,Fundos.NET ID 982232 · 28/08/2025 · Regulamento · p. 7 · data/raw/58458416000138/982232_documentary_review.pdf · https://fnet.bmfbovespa.com.br/fnet/publico/exibirDocumento?id=982232,Conclusão documental revisada; preservar a versão e a unidade indicadas.
comparison_eligibility,Concentração,53179862000190,Não localizado no corpus acessível,"Corpus acessível CNPJ 53179862000190: ID 1232504 (29/06/2026), data/raw/53179862000190/1232504_documentary_review.pdf; ID 1090574 (23/01/2026), data/raw/53179862000190/1090574_documentary_review.pdf; ID 953854 (28/07/2025), data/raw/53179862000190/953854_documentary_review.pdf; ID 926238 (16/06/2025), data/raw/53179862000190/926238_documentary_review.pdf; ID 908443 (31/03/2025), data/raw/53179862000190/908443_documentary_review.pdf","Lacuna documental explícita; exige regulamento, anexo, suplemento ou contrato aplicável."
comparison_eligibility,Concentração,40752367000186,Por devedor R$ 85 mil; até R$ 150 mil para faixa etária ≤ 60a11m29d e bloco ≤ 5% dos DC,Fundos.NET ID 846588 · 21/02/2025 · Regulamento · p. 10 · data/raw/40752367000186/846588_documentary_review.pdf · https://fnet.bmfbovespa.com.br/fnet/publico/exibirDocumento?id=846588,Exceção exige simultaneamente idade e concentração agregada do bloco acima R$ 85 mil.
comparison_eligibility,Concentração,44173467000109,Não localizado no corpus acessível,"Corpus acessível CNPJ 44173467000109: ID 1078471 (30/12/2025), data/raw/44173467000109/1078471_documentary_review.pdf; ID 791513 (28/11/2024), data/raw/44173467000109/791513_documentary_review.pdf; ID 467860 (10/05/2023), data/raw/44173467000109/467860_documentary_review.pdf","Lacuna documental explícita; exige regulamento, anexo, suplemento ou contrato aplicável."
comparison_eligibility,Concentração,51290497000160,Devedor > 61 anos até R$ 60 mil; ≤ 61 anos até R$ 120 mil; invalidez ≤ 20% do PL,Fundos.NET ID 956736 · 28/07/2025 · Regulamento · p. 10-11 · data/raw/51290497000160/956736_documentary_review.pdf · https://fnet.bmfbovespa.com.br/fnet/publico/exibirDocumento?id=956736,"Demais bandas de idade e critérios mantidos no regulamento, sem consolidação indevida."
comparison_eligibility,Concentração,62010175000137,"Top 5/10/15/20/50/100: R$ 0,6/1/1,5/2/5/10 mi",Fundos.NET ID 971924 · 13/08/2025 · Regulamento · p. 14 · data/raw/62010175000137/971924_documentary_review.pdf · https://fnet.bmfbovespa.com.br/fnet/publico/exibirDocumento?id=971924,Bloco de devedores >71 anos ≤5% da carteira pelo valor de aquisição.
comparison_eligibility,Concentração,62310468000130,Não localizado no corpus acessível,"Corpus acessível CNPJ 62310468000130: ID 977555 (25/08/2025), data/raw/62310468000130/977555_documentary_review.pdf; ID 977281 (19/08/2025), data/raw/62310468000130/977281_documentary_review.pdf; ID 985036 (04/09/2025), data/raw/62310468000130/985036_documentary_review.pdf; ID 1153512 (01/04/2026), data/raw/62310468000130/1153512_documentary_review.pdf","Lacuna documental explícita; exige regulamento, anexo, suplemento ou contrato aplicável."
comparison_eligibility,Concentração,54464892000100,Não localizado no corpus acessível,"Corpus acessível CNPJ 54464892000100: ID 823583 (21/01/2025), data/raw/54464892000100/823583_documentary_review.pdf","Lacuna documental explícita; exige regulamento, anexo, suplemento ou contrato aplicável."
comparison_eligibility,Concentração,63953620000165,Não localizado no corpus acessível,Corpus acessível CNPJ 63953620000165: não obtido; consulta Fundos.NET em 07/10/2026,"Lacuna documental explícita; exige regulamento, anexo, suplemento ou contrato aplicável."
comparison_protection,Subordinação mínima,60010416000112,"Subordinadas/PL ≥ 5%, apuração diária",Fundos.NET ID 1051393 · 09/10/2025 · Regulamento · p. 45 · data/raw/60010416000112/1051393_documentary_review.pdf · https://fnet.bmfbovespa.com.br/fnet/publico/exibirDocumento?id=1051393,Conclusão documental revisada; preservar a versão e a unidade indicadas.
comparison_protection,Subordinação mínima,58458416000138,Mezanino + júnior/PL ≥ 30%; júnior/PL ≥ 10%,Fundos.NET ID 982232 · 28/08/2025 · Regulamento · p. 39 · data/raw/58458416000138/982232_documentary_review.pdf · https://fnet.bmfbovespa.com.br/fnet/publico/exibirDocumento?id=982232,Regulamento acessível 28/08/2025; versão de 06/08/2026 não obtida.
comparison_protection,Subordinação mínima,53179862000190,Não localizado no corpus acessível,"Corpus acessível CNPJ 53179862000190: ID 1232504 (29/06/2026), data/raw/53179862000190/1232504_documentary_review.pdf; ID 1090574 (23/01/2026), data/raw/53179862000190/1090574_documentary_review.pdf; ID 953854 (28/07/2025), data/raw/53179862000190/953854_documentary_review.pdf; ID 926238 (16/06/2025), data/raw/53179862000190/926238_documentary_review.pdf; ID 908443 (31/03/2025), data/raw/53179862000190/908443_documentary_review.pdf","Lacuna documental explícita; exige regulamento, anexo, suplemento ou contrato aplicável."
comparison_protection,Subordinação mínima,40752367000186,"Subclasse única, pari passu; sem prioridade/subordinação entre cotas","Fundos.NET ID 846588 · 21/02/2025 · Regulamento · p. 8, 14 · data/raw/40752367000186/846588_documentary_review.pdf · https://fnet.bmfbovespa.com.br/fnet/publico/exibirDocumento?id=846588",Conclusão documental revisada; preservar a versão e a unidade indicadas.
comparison_protection,Subordinação mínima,44173467000109,Subordinadas/PL ≥ 10%; júnior/patrimônio subordinado ≥ 10%,Fundos.NET ID 791513 · 28/11/2024 · Regulamento · p. 19 · data/raw/44173467000109/791513_documentary_review.pdf · https://fnet.bmfbovespa.com.br/fnet/publico/exibirDocumento?id=791513,"Segundo piso usa patrimônio subordinado, não PL total. Razão de garantia de 111,11% em cada nível."
comparison_protection,Subordinação mínima,51290497000160,Mezanino + júnior/PL ≥ 10%; júnior/PL ≥ 1%,Fundos.NET ID 956736 · 28/07/2025 · Regulamento · p. 61 · data/raw/51290497000160/956736_documentary_review.pdf · https://fnet.bmfbovespa.com.br/fnet/publico/exibirDocumento?id=956736,Conclusão documental revisada; preservar a versão e a unidade indicadas.
comparison_protection,Subordinação mínima,62010175000137,"Sênior 13,5% no investimento e 15% depois; júnior 3,5% e 5% do PL",Fundos.NET ID 971924 · 13/08/2025 · Regulamento · p. 74-75 · data/raw/62010175000137/971924_documentary_review.pdf · https://fnet.bmfbovespa.com.br/fnet/publico/exibirDocumento?id=971924,"Índices ajustados são 20% e 10%; não confundir com pisos ordinários. Waiver de até 1,5 pp nos seis primeiros meses não elimina cálculo."
comparison_protection,Subordinação mínima,62310468000130,"Subordinadas/PL ≥ 5%; júnior/PL ≥ 5%, desde 46º dia da 1ª integralização",Fundos.NET ID 985036 · 04/09/2025 · Atos de Deliberação do Administrador · p. 3 · data/raw/62310468000130/985036_documentary_review.pdf · https://fnet.bmfbovespa.com.br/fnet/publico/exibirDocumento?id=985036,Fonte acessível de 04/09/2025; regulamento consolidado posterior não obtido. Não afirmar vigência integral dos pisos antigos.
comparison_protection,Subordinação mínima,54464892000100,Não localizado no corpus acessível,"Corpus acessível CNPJ 54464892000100: ID 823583 (21/01/2025), data/raw/54464892000100/823583_documentary_review.pdf","Lacuna documental explícita; exige regulamento, anexo, suplemento ou contrato aplicável."
comparison_protection,Subordinação mínima,63953620000165,Não localizado no corpus acessível,Corpus acessível CNPJ 63953620000165: não obtido; consulta Fundos.NET em 07/10/2026,"Lacuna documental explícita; exige regulamento, anexo, suplemento ou contrato aplicável."
comparison_protection,Gatilhos de avaliação/liquidação,60010416000112,Subordinação desenquadrada por 10 DU; atraso no pagamento sênior não sanado em 2 DU,Fundos.NET ID 1051393 · 09/10/2025 · Regulamento · p. 19-22 · data/raw/60010416000112/1051393_documentary_review.pdf · https://fnet.bmfbovespa.com.br/fnet/publico/exibirDocumento?id=1051393,Conclusão documental revisada; preservar a versão e a unidade indicadas.
comparison_protection,Gatilhos de avaliação/liquidação,58458416000138,Perdas estoque > 15% e rentabilidade júnior negativa em 2 verificações,"Fundos.NET ID 982232 · 28/08/2025 · Regulamento · p. 17, 39 · data/raw/58458416000138/982232_documentary_review.pdf · https://fnet.bmfbovespa.com.br/fnet/publico/exibirDocumento?id=982232",Critérios conjuntos. Índice usa arrasto das CCBs com parcela > 90 dias/face adquirido; diferente de Over/Crédito.
comparison_protection,Gatilhos de avaliação/liquidação,53179862000190,Não localizado no corpus acessível,"Corpus acessível CNPJ 53179862000190: ID 1232504 (29/06/2026), data/raw/53179862000190/1232504_documentary_review.pdf; ID 1090574 (23/01/2026), data/raw/53179862000190/1090574_documentary_review.pdf; ID 953854 (28/07/2025), data/raw/53179862000190/953854_documentary_review.pdf; ID 926238 (16/06/2025), data/raw/53179862000190/926238_documentary_review.pdf; ID 908443 (31/03/2025), data/raw/53179862000190/908443_documentary_review.pdf","Lacuna documental explícita; exige regulamento, anexo, suplemento ou contrato aplicável."
comparison_protection,Gatilhos de avaliação/liquidação,40752367000186,Não localizado no corpus acessível,"Corpus acessível CNPJ 40752367000186: ID 846588 (21/02/2025), data/raw/40752367000186/846588_documentary_review.pdf","Lacuna documental explícita; exige regulamento, anexo, suplemento ou contrato aplicável."
comparison_protection,Gatilhos de avaliação/liquidação,44173467000109,Não localizado no corpus acessível,"Corpus acessível CNPJ 44173467000109: ID 1078471 (30/12/2025), data/raw/44173467000109/1078471_documentary_review.pdf; ID 791513 (28/11/2024), data/raw/44173467000109/791513_documentary_review.pdf; ID 467860 (10/05/2023), data/raw/44173467000109/467860_documentary_review.pdf","Lacuna documental explícita; exige regulamento, anexo, suplemento ou contrato aplicável."
comparison_protection,Gatilhos de avaliação/liquidação,51290497000160,"Inadimplência cumulativa > 7,82%; subordinação fora por > 13 DU; rating cai 2 níveis","Fundos.NET ID 956736 · 28/07/2025 · Regulamento · p. 24, 61 · data/raw/51290497000160/956736_documentary_review.pdf · https://fnet.bmfbovespa.com.br/fnet/publico/exibirDocumento?id=956736","Índice cumulativo usa face, arrasto de CCB, atraso 120 dias e óbito; numerador não sai por reinicialização."
comparison_protection,Gatilhos de avaliação/liquidação,62010175000137,Arrecadação < 95%; atraso Over 90 > 1%; diluição > 1%; falha repasse FGTS,"Fundos.NET ID 971924 · 13/08/2025 · Regulamento · p. 35, 74 · data/raw/62010175000137/971924_documentary_review.pdf · https://fnet.bmfbovespa.com.br/fnet/publico/exibirDocumento?id=971924",Atraso usa todas parcelas de CCB com atraso >90/face carteira; IME Over tem conceito diverso.
comparison_protection,Gatilhos de avaliação/liquidação,62310468000130,Não localizado no corpus acessível,"Corpus acessível CNPJ 62310468000130: ID 977555 (25/08/2025), data/raw/62310468000130/977555_documentary_review.pdf; ID 977281 (19/08/2025), data/raw/62310468000130/977281_documentary_review.pdf; ID 985036 (04/09/2025), data/raw/62310468000130/985036_documentary_review.pdf; ID 1153512 (01/04/2026), data/raw/62310468000130/1153512_documentary_review.pdf","Lacuna documental explícita; exige regulamento, anexo, suplemento ou contrato aplicável."
comparison_protection,Gatilhos de avaliação/liquidação,54464892000100,Não localizado no corpus acessível,"Corpus acessível CNPJ 54464892000100: ID 823583 (21/01/2025), data/raw/54464892000100/823583_documentary_review.pdf","Lacuna documental explícita; exige regulamento, anexo, suplemento ou contrato aplicável."
comparison_protection,Gatilhos de avaliação/liquidação,63953620000165,Não localizado no corpus acessível,Corpus acessível CNPJ 63953620000165: não obtido; consulta Fundos.NET em 07/10/2026,"Lacuna documental explícita; exige regulamento, anexo, suplemento ou contrato aplicável."
comparison_protection,Reserva de caixa,60010416000112,Não localizado no corpus acessível,"Corpus acessível CNPJ 60010416000112: ID 1051393 (09/10/2025), data/raw/60010416000112/1051393_documentary_review.pdf; ID 993786 (20/03/2025), data/raw/60010416000112/993786_documentary_review.pdf; ID 993785 (20/03/2025), data/raw/60010416000112/993785_documentary_review.pdf","Lacuna documental explícita; exige regulamento, anexo, suplemento ou contrato aplicável."
comparison_protection,Reserva de caixa,58458416000138,Não localizado no corpus acessível,"Corpus acessível CNPJ 58458416000138: ID 982232 (28/08/2025), data/raw/58458416000138/982232_documentary_review.pdf; ID 1237489 (01/07/2026), data/raw/58458416000138/1237489_documentary_review.pdf; ID 1009401 (08/10/2025), data/raw/58458416000138/1009401_documentary_review.pdf","Lacuna documental explícita; exige regulamento, anexo, suplemento ou contrato aplicável."
comparison_protection,Reserva de caixa,53179862000190,Não localizado no corpus acessível,"Corpus acessível CNPJ 53179862000190: ID 1232504 (29/06/2026), data/raw/53179862000190/1232504_documentary_review.pdf; ID 1090574 (23/01/2026), data/raw/53179862000190/1090574_documentary_review.pdf; ID 953854 (28/07/2025), data/raw/53179862000190/953854_documentary_review.pdf; ID 926238 (16/06/2025), data/raw/53179862000190/926238_documentary_review.pdf; ID 908443 (31/03/2025), data/raw/53179862000190/908443_documentary_review.pdf","Lacuna documental explícita; exige regulamento, anexo, suplemento ou contrato aplicável."
comparison_protection,Reserva de caixa,40752367000186,Não localizado no corpus acessível,"Corpus acessível CNPJ 40752367000186: ID 846588 (21/02/2025), data/raw/40752367000186/846588_documentary_review.pdf","Lacuna documental explícita; exige regulamento, anexo, suplemento ou contrato aplicável."
comparison_protection,Reserva de caixa,44173467000109,Não localizado no corpus acessível,"Corpus acessível CNPJ 44173467000109: ID 1078471 (30/12/2025), data/raw/44173467000109/1078471_documentary_review.pdf; ID 791513 (28/11/2024), data/raw/44173467000109/791513_documentary_review.pdf; ID 467860 (10/05/2023), data/raw/44173467000109/467860_documentary_review.pdf","Lacuna documental explícita; exige regulamento, anexo, suplemento ou contrato aplicável."
comparison_protection,Reserva de caixa,51290497000160,Despesas 1% do PL + defesa da carteira 1% do PL,Fundos.NET ID 956736 · 28/07/2025 · Regulamento · p. 8 · data/raw/51290497000160/956736_documentary_review.pdf · https://fnet.bmfbovespa.com.br/fnet/publico/exibirDocumento?id=956736,Conclusão documental revisada; preservar a versão e a unidade indicadas.
comparison_protection,Reserva de caixa,62010175000137,Liquidez: 2 meses de despesas; derivativo: reserva do MTM líquido devedor,Fundos.NET ID 971924 · 13/08/2025 · Regulamento · p. 77 · data/raw/62010175000137/971924_documentary_review.pdf · https://fnet.bmfbovespa.com.br/fnet/publico/exibirDocumento?id=971924,Reserva do derivativo depende de período contratual e evento; não impor percentual genérico de caixa.
comparison_protection,Reserva de caixa,62310468000130,Não localizado no corpus acessível,"Corpus acessível CNPJ 62310468000130: ID 977555 (25/08/2025), data/raw/62310468000130/977555_documentary_review.pdf; ID 977281 (19/08/2025), data/raw/62310468000130/977281_documentary_review.pdf; ID 985036 (04/09/2025), data/raw/62310468000130/985036_documentary_review.pdf; ID 1153512 (01/04/2026), data/raw/62310468000130/1153512_documentary_review.pdf","Lacuna documental explícita; exige regulamento, anexo, suplemento ou contrato aplicável."
comparison_protection,Reserva de caixa,54464892000100,Não localizado no corpus acessível,"Corpus acessível CNPJ 54464892000100: ID 823583 (21/01/2025), data/raw/54464892000100/823583_documentary_review.pdf","Lacuna documental explícita; exige regulamento, anexo, suplemento ou contrato aplicável."
comparison_protection,Reserva de caixa,63953620000165,Não localizado no corpus acessível,Corpus acessível CNPJ 63953620000165: não obtido; consulta Fundos.NET em 07/10/2026,"Lacuna documental explícita; exige regulamento, anexo, suplemento ou contrato aplicável."
comparison_protection,Derivativos/hedge,60010416000112,Proteção patrimonial ou troca de indexador sem exposição a risco de capital,Fundos.NET ID 1051393 · 09/10/2025 · Regulamento · p. 13 · data/raw/60010416000112/1051393_documentary_review.pdf · https://fnet.bmfbovespa.com.br/fnet/publico/exibirDocumento?id=1051393,Conclusão documental revisada; preservar a versão e a unidade indicadas.
comparison_protection,Derivativos/hedge,58458416000138,Não localizado no corpus acessível,"Corpus acessível CNPJ 58458416000138: ID 982232 (28/08/2025), data/raw/58458416000138/982232_documentary_review.pdf; ID 1237489 (01/07/2026), data/raw/58458416000138/1237489_documentary_review.pdf; ID 1009401 (08/10/2025), data/raw/58458416000138/1009401_documentary_review.pdf","Lacuna documental explícita; exige regulamento, anexo, suplemento ou contrato aplicável."
comparison_protection,Derivativos/hedge,53179862000190,Não localizado no corpus acessível,"Corpus acessível CNPJ 53179862000190: ID 1232504 (29/06/2026), data/raw/53179862000190/1232504_documentary_review.pdf; ID 1090574 (23/01/2026), data/raw/53179862000190/1090574_documentary_review.pdf; ID 953854 (28/07/2025), data/raw/53179862000190/953854_documentary_review.pdf; ID 926238 (16/06/2025), data/raw/53179862000190/926238_documentary_review.pdf; ID 908443 (31/03/2025), data/raw/53179862000190/908443_documentary_review.pdf","Lacuna documental explícita; exige regulamento, anexo, suplemento ou contrato aplicável."
comparison_protection,Derivativos/hedge,40752367000186,Não localizado no corpus acessível,"Corpus acessível CNPJ 40752367000186: ID 846588 (21/02/2025), data/raw/40752367000186/846588_documentary_review.pdf","Lacuna documental explícita; exige regulamento, anexo, suplemento ou contrato aplicável."
comparison_protection,Derivativos/hedge,44173467000109,Não localizado no corpus acessível,"Corpus acessível CNPJ 44173467000109: ID 1078471 (30/12/2025), data/raw/44173467000109/1078471_documentary_review.pdf; ID 791513 (28/11/2024), data/raw/44173467000109/791513_documentary_review.pdf; ID 467860 (10/05/2023), data/raw/44173467000109/467860_documentary_review.pdf","Lacuna documental explícita; exige regulamento, anexo, suplemento ou contrato aplicável."
comparison_protection,Derivativos/hedge,51290497000160,Não localizado no corpus acessível,"Corpus acessível CNPJ 51290497000160: ID 956736 (28/07/2025), data/raw/51290497000160/956736_documentary_review.pdf; ID 913141 (21/05/2025), data/raw/51290497000160/913141_documentary_review.pdf; ID 557485 (21/11/2023), data/raw/51290497000160/557485_documentary_review.pdf; ID 551560 (10/11/2023), data/raw/51290497000160/551560_documentary_review.pdf; ID 545845 (06/11/2023), data/raw/51290497000160/545845_documentary_review.pdf; ID 528268 (28/09/2023), data/raw/51290497000160/528268_documentary_review.pdf; ID 526857 (26/09/2023), data/raw/51290497000160/526857_documentary_review.pdf","Lacuna documental explícita; exige regulamento, anexo, suplemento ou contrato aplicável."
comparison_protection,Derivativos/hedge,62010175000137,Não localizado no corpus acessível,"Corpus acessível CNPJ 62010175000137: ID 971924 (13/08/2025), data/raw/62010175000137/971924_documentary_review.pdf; ID 975532 (21/08/2025), data/raw/62010175000137/975532_documentary_review.pdf","Lacuna documental explícita; exige regulamento, anexo, suplemento ou contrato aplicável."
comparison_protection,Derivativos/hedge,62310468000130,Não localizado no corpus acessível,"Corpus acessível CNPJ 62310468000130: ID 977555 (25/08/2025), data/raw/62310468000130/977555_documentary_review.pdf; ID 977281 (19/08/2025), data/raw/62310468000130/977281_documentary_review.pdf; ID 985036 (04/09/2025), data/raw/62310468000130/985036_documentary_review.pdf; ID 1153512 (01/04/2026), data/raw/62310468000130/1153512_documentary_review.pdf","Lacuna documental explícita; exige regulamento, anexo, suplemento ou contrato aplicável."
comparison_protection,Derivativos/hedge,54464892000100,Não localizado no corpus acessível,"Corpus acessível CNPJ 54464892000100: ID 823583 (21/01/2025), data/raw/54464892000100/823583_documentary_review.pdf","Lacuna documental explícita; exige regulamento, anexo, suplemento ou contrato aplicável."
comparison_protection,Derivativos/hedge,63953620000165,Não localizado no corpus acessível,Corpus acessível CNPJ 63953620000165: não obtido; consulta Fundos.NET em 07/10/2026,"Lacuna documental explícita; exige regulamento, anexo, suplemento ou contrato aplicável."
comparison_protection,PDD,60010416000112,Não localizado no corpus acessível,"Corpus acessível CNPJ 60010416000112: ID 1051393 (09/10/2025), data/raw/60010416000112/1051393_documentary_review.pdf; ID 993786 (20/03/2025), data/raw/60010416000112/993786_documentary_review.pdf; ID 993785 (20/03/2025), data/raw/60010416000112/993785_documentary_review.pdf","Lacuna documental explícita; exige regulamento, anexo, suplemento ou contrato aplicável."
comparison_protection,PDD,58458416000138,Não localizado no corpus acessível,"Corpus acessível CNPJ 58458416000138: ID 982232 (28/08/2025), data/raw/58458416000138/982232_documentary_review.pdf; ID 1237489 (01/07/2026), data/raw/58458416000138/1237489_documentary_review.pdf; ID 1009401 (08/10/2025), data/raw/58458416000138/1009401_documentary_review.pdf","Lacuna documental explícita; exige regulamento, anexo, suplemento ou contrato aplicável."
comparison_protection,PDD,53179862000190,Não localizado no corpus acessível,"Corpus acessível CNPJ 53179862000190: ID 1232504 (29/06/2026), data/raw/53179862000190/1232504_documentary_review.pdf; ID 1090574 (23/01/2026), data/raw/53179862000190/1090574_documentary_review.pdf; ID 953854 (28/07/2025), data/raw/53179862000190/953854_documentary_review.pdf; ID 926238 (16/06/2025), data/raw/53179862000190/926238_documentary_review.pdf; ID 908443 (31/03/2025), data/raw/53179862000190/908443_documentary_review.pdf","Lacuna documental explícita; exige regulamento, anexo, suplemento ou contrato aplicável."
comparison_protection,PDD,40752367000186,Não localizado no corpus acessível,"Corpus acessível CNPJ 40752367000186: ID 846588 (21/02/2025), data/raw/40752367000186/846588_documentary_review.pdf","Lacuna documental explícita; exige regulamento, anexo, suplemento ou contrato aplicável."
comparison_protection,PDD,44173467000109,Não localizado no corpus acessível,"Corpus acessível CNPJ 44173467000109: ID 1078471 (30/12/2025), data/raw/44173467000109/1078471_documentary_review.pdf; ID 791513 (28/11/2024), data/raw/44173467000109/791513_documentary_review.pdf; ID 467860 (10/05/2023), data/raw/44173467000109/467860_documentary_review.pdf","Lacuna documental explícita; exige regulamento, anexo, suplemento ou contrato aplicável."
comparison_protection,PDD,51290497000160,Não localizado no corpus acessível,"Corpus acessível CNPJ 51290497000160: ID 956736 (28/07/2025), data/raw/51290497000160/956736_documentary_review.pdf; ID 913141 (21/05/2025), data/raw/51290497000160/913141_documentary_review.pdf; ID 557485 (21/11/2023), data/raw/51290497000160/557485_documentary_review.pdf; ID 551560 (10/11/2023), data/raw/51290497000160/551560_documentary_review.pdf; ID 545845 (06/11/2023), data/raw/51290497000160/545845_documentary_review.pdf; ID 528268 (28/09/2023), data/raw/51290497000160/528268_documentary_review.pdf; ID 526857 (26/09/2023), data/raw/51290497000160/526857_documentary_review.pdf","Lacuna documental explícita; exige regulamento, anexo, suplemento ou contrato aplicável."
comparison_protection,PDD,62010175000137,Não localizado no corpus acessível,"Corpus acessível CNPJ 62010175000137: ID 971924 (13/08/2025), data/raw/62010175000137/971924_documentary_review.pdf; ID 975532 (21/08/2025), data/raw/62010175000137/975532_documentary_review.pdf","Lacuna documental explícita; exige regulamento, anexo, suplemento ou contrato aplicável."
comparison_protection,PDD,62310468000130,Não localizado no corpus acessível,"Corpus acessível CNPJ 62310468000130: ID 977555 (25/08/2025), data/raw/62310468000130/977555_documentary_review.pdf; ID 977281 (19/08/2025), data/raw/62310468000130/977281_documentary_review.pdf; ID 985036 (04/09/2025), data/raw/62310468000130/985036_documentary_review.pdf; ID 1153512 (01/04/2026), data/raw/62310468000130/1153512_documentary_review.pdf","Lacuna documental explícita; exige regulamento, anexo, suplemento ou contrato aplicável."
comparison_protection,PDD,54464892000100,Não localizado no corpus acessível,"Corpus acessível CNPJ 54464892000100: ID 823583 (21/01/2025), data/raw/54464892000100/823583_documentary_review.pdf","Lacuna documental explícita; exige regulamento, anexo, suplemento ou contrato aplicável."
comparison_protection,PDD,63953620000165,Não localizado no corpus acessível,Corpus acessível CNPJ 63953620000165: não obtido; consulta Fundos.NET em 07/10/2026,"Lacuna documental explícita; exige regulamento, anexo, suplemento ou contrato aplicável."
comparison_mechanics,Alocação mínima,60010416000112,50% regulatório e 67% tributário do PL após 180 dias,Fundos.NET ID 1051393 · 09/10/2025 · Regulamento · p. 11 · data/raw/60010416000112/1051393_documentary_review.pdf · https://fnet.bmfbovespa.com.br/fnet/publico/exibirDocumento?id=1051393,Conclusão documental revisada; preservar a versão e a unidade indicadas.
comparison_mechanics,Alocação mínima,58458416000138,50% regulatório e 67% tributário do PL após 180 dias,Fundos.NET ID 982232 · 28/08/2025 · Regulamento · p. 9 · data/raw/58458416000138/982232_documentary_review.pdf · https://fnet.bmfbovespa.com.br/fnet/publico/exibirDocumento?id=982232,Conclusão documental revisada; preservar a versão e a unidade indicadas.
comparison_mechanics,Alocação mínima,53179862000190,Não localizado no corpus acessível,"Corpus acessível CNPJ 53179862000190: ID 1232504 (29/06/2026), data/raw/53179862000190/1232504_documentary_review.pdf; ID 1090574 (23/01/2026), data/raw/53179862000190/1090574_documentary_review.pdf; ID 953854 (28/07/2025), data/raw/53179862000190/953854_documentary_review.pdf; ID 926238 (16/06/2025), data/raw/53179862000190/926238_documentary_review.pdf; ID 908443 (31/03/2025), data/raw/53179862000190/908443_documentary_review.pdf","Lacuna documental explícita; exige regulamento, anexo, suplemento ou contrato aplicável."
comparison_mechanics,Alocação mínima,40752367000186,Não localizado no corpus acessível,"Corpus acessível CNPJ 40752367000186: ID 846588 (21/02/2025), data/raw/40752367000186/846588_documentary_review.pdf","Lacuna documental explícita; exige regulamento, anexo, suplemento ou contrato aplicável."
comparison_mechanics,Alocação mínima,44173467000109,Não localizado no corpus acessível,"Corpus acessível CNPJ 44173467000109: ID 1078471 (30/12/2025), data/raw/44173467000109/1078471_documentary_review.pdf; ID 791513 (28/11/2024), data/raw/44173467000109/791513_documentary_review.pdf; ID 467860 (10/05/2023), data/raw/44173467000109/467860_documentary_review.pdf","Lacuna documental explícita; exige regulamento, anexo, suplemento ou contrato aplicável."
comparison_mechanics,Alocação mínima,51290497000160,Não localizado no corpus acessível,"Corpus acessível CNPJ 51290497000160: ID 956736 (28/07/2025), data/raw/51290497000160/956736_documentary_review.pdf; ID 913141 (21/05/2025), data/raw/51290497000160/913141_documentary_review.pdf; ID 557485 (21/11/2023), data/raw/51290497000160/557485_documentary_review.pdf; ID 551560 (10/11/2023), data/raw/51290497000160/551560_documentary_review.pdf; ID 545845 (06/11/2023), data/raw/51290497000160/545845_documentary_review.pdf; ID 528268 (28/09/2023), data/raw/51290497000160/528268_documentary_review.pdf; ID 526857 (26/09/2023), data/raw/51290497000160/526857_documentary_review.pdf","Lacuna documental explícita; exige regulamento, anexo, suplemento ou contrato aplicável."
comparison_mechanics,Alocação mínima,62010175000137,Não localizado no corpus acessível,"Corpus acessível CNPJ 62010175000137: ID 971924 (13/08/2025), data/raw/62010175000137/971924_documentary_review.pdf; ID 975532 (21/08/2025), data/raw/62010175000137/975532_documentary_review.pdf","Lacuna documental explícita; exige regulamento, anexo, suplemento ou contrato aplicável."
comparison_mechanics,Alocação mínima,62310468000130,Não localizado no corpus acessível,"Corpus acessível CNPJ 62310468000130: ID 977555 (25/08/2025), data/raw/62310468000130/977555_documentary_review.pdf; ID 977281 (19/08/2025), data/raw/62310468000130/977281_documentary_review.pdf; ID 985036 (04/09/2025), data/raw/62310468000130/985036_documentary_review.pdf; ID 1153512 (01/04/2026), data/raw/62310468000130/1153512_documentary_review.pdf","Lacuna documental explícita; exige regulamento, anexo, suplemento ou contrato aplicável."
comparison_mechanics,Alocação mínima,54464892000100,Não localizado no corpus acessível,"Corpus acessível CNPJ 54464892000100: ID 823583 (21/01/2025), data/raw/54464892000100/823583_documentary_review.pdf","Lacuna documental explícita; exige regulamento, anexo, suplemento ou contrato aplicável."
comparison_mechanics,Alocação mínima,63953620000165,Não localizado no corpus acessível,Corpus acessível CNPJ 63953620000165: não obtido; consulta Fundos.NET em 07/10/2026,"Lacuna documental explícita; exige regulamento, anexo, suplemento ou contrato aplicável."
comparison_mechanics,Pool/revolvência,60010416000112,Revolvente durante 24 meses da 1ª integralização; depois amortização,Fundos.NET ID 1051393 · 09/10/2025 · Regulamento · p. 12 · data/raw/60010416000112/1051393_documentary_review.pdf · https://fnet.bmfbovespa.com.br/fnet/publico/exibirDocumento?id=1051393,Conclusão documental revisada; preservar a versão e a unidade indicadas.
comparison_mechanics,Pool/revolvência,58458416000138,Não localizado no corpus acessível,"Corpus acessível CNPJ 58458416000138: ID 982232 (28/08/2025), data/raw/58458416000138/982232_documentary_review.pdf; ID 1237489 (01/07/2026), data/raw/58458416000138/1237489_documentary_review.pdf; ID 1009401 (08/10/2025), data/raw/58458416000138/1009401_documentary_review.pdf","Lacuna documental explícita; exige regulamento, anexo, suplemento ou contrato aplicável."
comparison_mechanics,Pool/revolvência,53179862000190,Não localizado no corpus acessível,"Corpus acessível CNPJ 53179862000190: ID 1232504 (29/06/2026), data/raw/53179862000190/1232504_documentary_review.pdf; ID 1090574 (23/01/2026), data/raw/53179862000190/1090574_documentary_review.pdf; ID 953854 (28/07/2025), data/raw/53179862000190/953854_documentary_review.pdf; ID 926238 (16/06/2025), data/raw/53179862000190/926238_documentary_review.pdf; ID 908443 (31/03/2025), data/raw/53179862000190/908443_documentary_review.pdf","Lacuna documental explícita; exige regulamento, anexo, suplemento ou contrato aplicável."
comparison_mechanics,Pool/revolvência,40752367000186,Não localizado no corpus acessível,"Corpus acessível CNPJ 40752367000186: ID 846588 (21/02/2025), data/raw/40752367000186/846588_documentary_review.pdf","Lacuna documental explícita; exige regulamento, anexo, suplemento ou contrato aplicável."
comparison_mechanics,Pool/revolvência,44173467000109,Não localizado no corpus acessível,"Corpus acessível CNPJ 44173467000109: ID 1078471 (30/12/2025), data/raw/44173467000109/1078471_documentary_review.pdf; ID 791513 (28/11/2024), data/raw/44173467000109/791513_documentary_review.pdf; ID 467860 (10/05/2023), data/raw/44173467000109/467860_documentary_review.pdf","Lacuna documental explícita; exige regulamento, anexo, suplemento ou contrato aplicável."
comparison_mechanics,Pool/revolvência,51290497000160,Não localizado no corpus acessível,"Corpus acessível CNPJ 51290497000160: ID 956736 (28/07/2025), data/raw/51290497000160/956736_documentary_review.pdf; ID 913141 (21/05/2025), data/raw/51290497000160/913141_documentary_review.pdf; ID 557485 (21/11/2023), data/raw/51290497000160/557485_documentary_review.pdf; ID 551560 (10/11/2023), data/raw/51290497000160/551560_documentary_review.pdf; ID 545845 (06/11/2023), data/raw/51290497000160/545845_documentary_review.pdf; ID 528268 (28/09/2023), data/raw/51290497000160/528268_documentary_review.pdf; ID 526857 (26/09/2023), data/raw/51290497000160/526857_documentary_review.pdf","Lacuna documental explícita; exige regulamento, anexo, suplemento ou contrato aplicável."
comparison_mechanics,Pool/revolvência,62010175000137,Não localizado no corpus acessível,"Corpus acessível CNPJ 62010175000137: ID 971924 (13/08/2025), data/raw/62010175000137/971924_documentary_review.pdf; ID 975532 (21/08/2025), data/raw/62010175000137/975532_documentary_review.pdf","Lacuna documental explícita; exige regulamento, anexo, suplemento ou contrato aplicável."
comparison_mechanics,Pool/revolvência,62310468000130,Sênior 2ª série: revolvência por 18 meses da 1ª integralização sênior,Fundos.NET ID 1153512 · 01/04/2026 · Atos de Deliberação do Administrador · p. 9 · data/raw/62310468000130/1153512_documentary_review.pdf · https://fnet.bmfbovespa.com.br/fnet/publico/exibirDocumento?id=1153512,Marco deve ser confirmado na implementação; fonte visual.
comparison_mechanics,Pool/revolvência,54464892000100,Não localizado no corpus acessível,"Corpus acessível CNPJ 54464892000100: ID 823583 (21/01/2025), data/raw/54464892000100/823583_documentary_review.pdf","Lacuna documental explícita; exige regulamento, anexo, suplemento ou contrato aplicável."
comparison_mechanics,Pool/revolvência,63953620000165,Não localizado no corpus acessível,Corpus acessível CNPJ 63953620000165: não obtido; consulta Fundos.NET em 07/10/2026,"Lacuna documental explícita; exige regulamento, anexo, suplemento ou contrato aplicável."
comparison_mechanics,Duração/público-alvo,60010416000112,Fechado; classe indeterminada; profissionais; subordinada vinculada ao agente,"Fundos.NET ID 1051393 · 09/10/2025 · Regulamento · p. 8, 46, 48-50 · data/raw/60010416000112/1051393_documentary_review.pdf · https://fnet.bmfbovespa.com.br/fnet/publico/exibirDocumento?id=1051393",Conclusão documental revisada; preservar a versão e a unidade indicadas.
comparison_mechanics,Duração/público-alvo,58458416000138,Não localizado no corpus acessível,"Corpus acessível CNPJ 58458416000138: ID 982232 (28/08/2025), data/raw/58458416000138/982232_documentary_review.pdf; ID 1237489 (01/07/2026), data/raw/58458416000138/1237489_documentary_review.pdf; ID 1009401 (08/10/2025), data/raw/58458416000138/1009401_documentary_review.pdf","Lacuna documental explícita; exige regulamento, anexo, suplemento ou contrato aplicável."
comparison_mechanics,Duração/público-alvo,53179862000190,Fundo qualificados; oferta desta série exclusiva a profissionais,Fundos.NET ID 908443 · 31/03/2025 · Atos de Deliberação do Administrador · p. 3 · data/raw/53179862000190/908443_documentary_review.pdf · https://fnet.bmfbovespa.com.br/fnet/publico/exibirDocumento?id=908443,Conclusão documental revisada; preservar a versão e a unidade indicadas.
comparison_mechanics,Duração/público-alvo,40752367000186,"Fechado, indeterminado; único cotista ou grupo indissociável profissional",Fundos.NET ID 846588 · 21/02/2025 · Regulamento · p. 8 · data/raw/40752367000186/846588_documentary_review.pdf · https://fnet.bmfbovespa.com.br/fnet/publico/exibirDocumento?id=846588,Conclusão documental revisada; preservar a versão e a unidade indicadas.
comparison_mechanics,Duração/público-alvo,44173467000109,"Classe fechada, indeterminada; cotistas profissionais",Fundos.NET ID 791513 · 28/11/2024 · Regulamento · p. 8-9 · data/raw/44173467000109/791513_documentary_review.pdf · https://fnet.bmfbovespa.com.br/fnet/publico/exibirDocumento?id=791513,Conclusão documental revisada; preservar a versão e a unidade indicadas.
comparison_mechanics,Duração/público-alvo,51290497000160,Não localizado no corpus acessível,"Corpus acessível CNPJ 51290497000160: ID 956736 (28/07/2025), data/raw/51290497000160/956736_documentary_review.pdf; ID 913141 (21/05/2025), data/raw/51290497000160/913141_documentary_review.pdf; ID 557485 (21/11/2023), data/raw/51290497000160/557485_documentary_review.pdf; ID 551560 (10/11/2023), data/raw/51290497000160/551560_documentary_review.pdf; ID 545845 (06/11/2023), data/raw/51290497000160/545845_documentary_review.pdf; ID 528268 (28/09/2023), data/raw/51290497000160/528268_documentary_review.pdf; ID 526857 (26/09/2023), data/raw/51290497000160/526857_documentary_review.pdf","Lacuna documental explícita; exige regulamento, anexo, suplemento ou contrato aplicável."
comparison_mechanics,Duração/público-alvo,62010175000137,Não localizado no corpus acessível,"Corpus acessível CNPJ 62010175000137: ID 971924 (13/08/2025), data/raw/62010175000137/971924_documentary_review.pdf; ID 975532 (21/08/2025), data/raw/62010175000137/975532_documentary_review.pdf","Lacuna documental explícita; exige regulamento, anexo, suplemento ou contrato aplicável."
comparison_mechanics,Duração/público-alvo,62310468000130,Não localizado no corpus acessível,"Corpus acessível CNPJ 62310468000130: ID 977555 (25/08/2025), data/raw/62310468000130/977555_documentary_review.pdf; ID 977281 (19/08/2025), data/raw/62310468000130/977281_documentary_review.pdf; ID 985036 (04/09/2025), data/raw/62310468000130/985036_documentary_review.pdf; ID 1153512 (01/04/2026), data/raw/62310468000130/1153512_documentary_review.pdf","Lacuna documental explícita; exige regulamento, anexo, suplemento ou contrato aplicável."
comparison_mechanics,Duração/público-alvo,54464892000100,Classe fechada; demais condições dependem de regulamento,Fundos.NET ID 823583 · 21/01/2025 · Oferta Pública de Distribuição de Cotas · p. 1 · data/raw/54464892000100/823583_documentary_review.pdf · https://fnet.bmfbovespa.com.br/fnet/publico/exibirDocumento?id=823583,Conclusão documental revisada; preservar a versão e a unidade indicadas.
comparison_mechanics,Duração/público-alvo,63953620000165,Não localizado no corpus acessível,Corpus acessível CNPJ 63953620000165: não obtido; consulta Fundos.NET em 07/10/2026,"Lacuna documental explícita; exige regulamento, anexo, suplemento ou contrato aplicável."
comparison_mechanics,Cessão/recompra,60010416000112,Endosso em preto; resolução por desconformidade original; opção de venda ao agente,Fundos.NET ID 1051393 · 09/10/2025 · Regulamento · p. 10-11 · data/raw/60010416000112/1051393_documentary_review.pdf · https://fnet.bmfbovespa.com.br/fnet/publico/exibirDocumento?id=1051393,"Condições e preços finais remetidos ao contrato de endosso, não obtido nesta leitura."
comparison_mechanics,Cessão/recompra,58458416000138,Não localizado no corpus acessível,"Corpus acessível CNPJ 58458416000138: ID 982232 (28/08/2025), data/raw/58458416000138/982232_documentary_review.pdf; ID 1237489 (01/07/2026), data/raw/58458416000138/1237489_documentary_review.pdf; ID 1009401 (08/10/2025), data/raw/58458416000138/1009401_documentary_review.pdf","Lacuna documental explícita; exige regulamento, anexo, suplemento ou contrato aplicável."
comparison_mechanics,Cessão/recompra,53179862000190,Não localizado no corpus acessível,"Corpus acessível CNPJ 53179862000190: ID 1232504 (29/06/2026), data/raw/53179862000190/1232504_documentary_review.pdf; ID 1090574 (23/01/2026), data/raw/53179862000190/1090574_documentary_review.pdf; ID 953854 (28/07/2025), data/raw/53179862000190/953854_documentary_review.pdf; ID 926238 (16/06/2025), data/raw/53179862000190/926238_documentary_review.pdf; ID 908443 (31/03/2025), data/raw/53179862000190/908443_documentary_review.pdf","Lacuna documental explícita; exige regulamento, anexo, suplemento ou contrato aplicável."
comparison_mechanics,Cessão/recompra,40752367000186,Endosso definitivo em preto; resolução/opção de venda conforme contrato,Fundos.NET ID 846588 · 21/02/2025 · Regulamento · p. 10 · data/raw/40752367000186/846588_documentary_review.pdf · https://fnet.bmfbovespa.com.br/fnet/publico/exibirDocumento?id=846588,Conclusão documental revisada; preservar a versão e a unidade indicadas.
comparison_mechanics,Cessão/recompra,44173467000109,Não localizado no corpus acessível,"Corpus acessível CNPJ 44173467000109: ID 1078471 (30/12/2025), data/raw/44173467000109/1078471_documentary_review.pdf; ID 791513 (28/11/2024), data/raw/44173467000109/791513_documentary_review.pdf; ID 467860 (10/05/2023), data/raw/44173467000109/467860_documentary_review.pdf","Lacuna documental explícita; exige regulamento, anexo, suplemento ou contrato aplicável."
comparison_mechanics,Cessão/recompra,51290497000160,Não localizado no corpus acessível,"Corpus acessível CNPJ 51290497000160: ID 956736 (28/07/2025), data/raw/51290497000160/956736_documentary_review.pdf; ID 913141 (21/05/2025), data/raw/51290497000160/913141_documentary_review.pdf; ID 557485 (21/11/2023), data/raw/51290497000160/557485_documentary_review.pdf; ID 551560 (10/11/2023), data/raw/51290497000160/551560_documentary_review.pdf; ID 545845 (06/11/2023), data/raw/51290497000160/545845_documentary_review.pdf; ID 528268 (28/09/2023), data/raw/51290497000160/528268_documentary_review.pdf; ID 526857 (26/09/2023), data/raw/51290497000160/526857_documentary_review.pdf","Lacuna documental explícita; exige regulamento, anexo, suplemento ou contrato aplicável."
comparison_mechanics,Cessão/recompra,62010175000137,Não localizado no corpus acessível,"Corpus acessível CNPJ 62010175000137: ID 971924 (13/08/2025), data/raw/62010175000137/971924_documentary_review.pdf; ID 975532 (21/08/2025), data/raw/62010175000137/975532_documentary_review.pdf","Lacuna documental explícita; exige regulamento, anexo, suplemento ou contrato aplicável."
comparison_mechanics,Cessão/recompra,62310468000130,Não localizado no corpus acessível,"Corpus acessível CNPJ 62310468000130: ID 977555 (25/08/2025), data/raw/62310468000130/977555_documentary_review.pdf; ID 977281 (19/08/2025), data/raw/62310468000130/977281_documentary_review.pdf; ID 985036 (04/09/2025), data/raw/62310468000130/985036_documentary_review.pdf; ID 1153512 (01/04/2026), data/raw/62310468000130/1153512_documentary_review.pdf","Lacuna documental explícita; exige regulamento, anexo, suplemento ou contrato aplicável."
comparison_mechanics,Cessão/recompra,54464892000100,Não localizado no corpus acessível,"Corpus acessível CNPJ 54464892000100: ID 823583 (21/01/2025), data/raw/54464892000100/823583_documentary_review.pdf","Lacuna documental explícita; exige regulamento, anexo, suplemento ou contrato aplicável."
comparison_mechanics,Cessão/recompra,63953620000165,Não localizado no corpus acessível,Corpus acessível CNPJ 63953620000165: não obtido; consulta Fundos.NET em 07/10/2026,"Lacuna documental explícita; exige regulamento, anexo, suplemento ou contrato aplicável."
comparison_mechanics,Coobrigação,60010416000112,"Sem coobrigação por deterioração posterior; má-fé, culpa, dolo e vícios preservados",Fundos.NET ID 1051393 · 09/10/2025 · Regulamento · p. 10-11 · data/raw/60010416000112/1051393_documentary_review.pdf · https://fnet.bmfbovespa.com.br/fnet/publico/exibirDocumento?id=1051393,Conclusão documental revisada; preservar a versão e a unidade indicadas.
comparison_mechanics,Coobrigação,58458416000138,Não localizado no corpus acessível,"Corpus acessível CNPJ 58458416000138: ID 982232 (28/08/2025), data/raw/58458416000138/982232_documentary_review.pdf; ID 1237489 (01/07/2026), data/raw/58458416000138/1237489_documentary_review.pdf; ID 1009401 (08/10/2025), data/raw/58458416000138/1009401_documentary_review.pdf","Lacuna documental explícita; exige regulamento, anexo, suplemento ou contrato aplicável."
comparison_mechanics,Coobrigação,53179862000190,Não localizado no corpus acessível,"Corpus acessível CNPJ 53179862000190: ID 1232504 (29/06/2026), data/raw/53179862000190/1232504_documentary_review.pdf; ID 1090574 (23/01/2026), data/raw/53179862000190/1090574_documentary_review.pdf; ID 953854 (28/07/2025), data/raw/53179862000190/953854_documentary_review.pdf; ID 926238 (16/06/2025), data/raw/53179862000190/926238_documentary_review.pdf; ID 908443 (31/03/2025), data/raw/53179862000190/908443_documentary_review.pdf","Lacuna documental explícita; exige regulamento, anexo, suplemento ou contrato aplicável."
comparison_mechanics,Coobrigação,40752367000186,Sem coobrigação; obrigações por vícios no contrato de cessão,Fundos.NET ID 846588 · 21/02/2025 · Regulamento · p. 10 · data/raw/40752367000186/846588_documentary_review.pdf · https://fnet.bmfbovespa.com.br/fnet/publico/exibirDocumento?id=846588,Conclusão documental revisada; preservar a versão e a unidade indicadas.
comparison_mechanics,Coobrigação,44173467000109,Não localizado no corpus acessível,"Corpus acessível CNPJ 44173467000109: ID 1078471 (30/12/2025), data/raw/44173467000109/1078471_documentary_review.pdf; ID 791513 (28/11/2024), data/raw/44173467000109/791513_documentary_review.pdf; ID 467860 (10/05/2023), data/raw/44173467000109/467860_documentary_review.pdf","Lacuna documental explícita; exige regulamento, anexo, suplemento ou contrato aplicável."
comparison_mechanics,Coobrigação,51290497000160,Não localizado no corpus acessível,"Corpus acessível CNPJ 51290497000160: ID 956736 (28/07/2025), data/raw/51290497000160/956736_documentary_review.pdf; ID 913141 (21/05/2025), data/raw/51290497000160/913141_documentary_review.pdf; ID 557485 (21/11/2023), data/raw/51290497000160/557485_documentary_review.pdf; ID 551560 (10/11/2023), data/raw/51290497000160/551560_documentary_review.pdf; ID 545845 (06/11/2023), data/raw/51290497000160/545845_documentary_review.pdf; ID 528268 (28/09/2023), data/raw/51290497000160/528268_documentary_review.pdf; ID 526857 (26/09/2023), data/raw/51290497000160/526857_documentary_review.pdf","Lacuna documental explícita; exige regulamento, anexo, suplemento ou contrato aplicável."
comparison_mechanics,Coobrigação,62010175000137,Não localizado no corpus acessível,"Corpus acessível CNPJ 62010175000137: ID 971924 (13/08/2025), data/raw/62010175000137/971924_documentary_review.pdf; ID 975532 (21/08/2025), data/raw/62010175000137/975532_documentary_review.pdf","Lacuna documental explícita; exige regulamento, anexo, suplemento ou contrato aplicável."
comparison_mechanics,Coobrigação,62310468000130,Não localizado no corpus acessível,"Corpus acessível CNPJ 62310468000130: ID 977555 (25/08/2025), data/raw/62310468000130/977555_documentary_review.pdf; ID 977281 (19/08/2025), data/raw/62310468000130/977281_documentary_review.pdf; ID 985036 (04/09/2025), data/raw/62310468000130/985036_documentary_review.pdf; ID 1153512 (01/04/2026), data/raw/62310468000130/1153512_documentary_review.pdf","Lacuna documental explícita; exige regulamento, anexo, suplemento ou contrato aplicável."
comparison_mechanics,Coobrigação,54464892000100,Não localizado no corpus acessível,"Corpus acessível CNPJ 54464892000100: ID 823583 (21/01/2025), data/raw/54464892000100/823583_documentary_review.pdf","Lacuna documental explícita; exige regulamento, anexo, suplemento ou contrato aplicável."
comparison_mechanics,Coobrigação,63953620000165,Não localizado no corpus acessível,Corpus acessível CNPJ 63953620000165: não obtido; consulta Fundos.NET em 07/10/2026,"Lacuna documental explícita; exige regulamento, anexo, suplemento ou contrato aplicável."
comparison_mechanics,Waterfall,60010416000112,Investimento: encargos → derivativos → aquisições; depois sênior antes de subordinada,Fundos.NET ID 1051393 · 09/10/2025 · Regulamento · p. 16-17 · data/raw/60010416000112/1051393_documentary_review.pdf · https://fnet.bmfbovespa.com.br/fnet/publico/exibirDocumento?id=1051393,Conclusão documental revisada; preservar a versão e a unidade indicadas.
comparison_mechanics,Waterfall,58458416000138,Não localizado no corpus acessível,"Corpus acessível CNPJ 58458416000138: ID 982232 (28/08/2025), data/raw/58458416000138/982232_documentary_review.pdf; ID 1237489 (01/07/2026), data/raw/58458416000138/1237489_documentary_review.pdf; ID 1009401 (08/10/2025), data/raw/58458416000138/1009401_documentary_review.pdf","Lacuna documental explícita; exige regulamento, anexo, suplemento ou contrato aplicável."
comparison_mechanics,Waterfall,53179862000190,Não localizado no corpus acessível,"Corpus acessível CNPJ 53179862000190: ID 1232504 (29/06/2026), data/raw/53179862000190/1232504_documentary_review.pdf; ID 1090574 (23/01/2026), data/raw/53179862000190/1090574_documentary_review.pdf; ID 953854 (28/07/2025), data/raw/53179862000190/953854_documentary_review.pdf; ID 926238 (16/06/2025), data/raw/53179862000190/926238_documentary_review.pdf; ID 908443 (31/03/2025), data/raw/53179862000190/908443_documentary_review.pdf","Lacuna documental explícita; exige regulamento, anexo, suplemento ou contrato aplicável."
comparison_mechanics,Waterfall,40752367000186,Não localizado no corpus acessível,"Corpus acessível CNPJ 40752367000186: ID 846588 (21/02/2025), data/raw/40752367000186/846588_documentary_review.pdf","Lacuna documental explícita; exige regulamento, anexo, suplemento ou contrato aplicável."
comparison_mechanics,Waterfall,44173467000109,Despesas/derivativos → reservas → sênior → mezanino → júnior,Fundos.NET ID 791513 · 28/11/2024 · Regulamento · p. 22-23 · data/raw/44173467000109/791513_documentary_review.pdf · https://fnet.bmfbovespa.com.br/fnet/publico/exibirDocumento?id=791513,Amortização pro rata sênior/mezanino condicionada às razões de garantia.
comparison_mechanics,Waterfall,51290497000160,Não localizado no corpus acessível,"Corpus acessível CNPJ 51290497000160: ID 956736 (28/07/2025), data/raw/51290497000160/956736_documentary_review.pdf; ID 913141 (21/05/2025), data/raw/51290497000160/913141_documentary_review.pdf; ID 557485 (21/11/2023), data/raw/51290497000160/557485_documentary_review.pdf; ID 551560 (10/11/2023), data/raw/51290497000160/551560_documentary_review.pdf; ID 545845 (06/11/2023), data/raw/51290497000160/545845_documentary_review.pdf; ID 528268 (28/09/2023), data/raw/51290497000160/528268_documentary_review.pdf; ID 526857 (26/09/2023), data/raw/51290497000160/526857_documentary_review.pdf","Lacuna documental explícita; exige regulamento, anexo, suplemento ou contrato aplicável."
comparison_mechanics,Waterfall,62010175000137,Encargos/reservas/derivativos → sênior → mezanino → júnior,Fundos.NET ID 971924 · 13/08/2025 · Regulamento · p. 28-30 · data/raw/62010175000137/971924_documentary_review.pdf · https://fnet.bmfbovespa.com.br/fnet/publico/exibirDocumento?id=971924,Conclusão documental revisada; preservar a versão e a unidade indicadas.
comparison_mechanics,Waterfall,62310468000130,Encargos/reserva → sênior → mezanino → júnior conforme investimento,Fundos.NET ID 985036 · 04/09/2025 · Atos de Deliberação do Administrador · p. 2-3 · data/raw/62310468000130/985036_documentary_review.pdf · https://fnet.bmfbovespa.com.br/fnet/publico/exibirDocumento?id=985036,Conclusão documental revisada; preservar a versão e a unidade indicadas.
comparison_mechanics,Waterfall,54464892000100,Não localizado no corpus acessível,"Corpus acessível CNPJ 54464892000100: ID 823583 (21/01/2025), data/raw/54464892000100/823583_documentary_review.pdf","Lacuna documental explícita; exige regulamento, anexo, suplemento ou contrato aplicável."
comparison_mechanics,Waterfall,63953620000165,Não localizado no corpus acessível,Corpus acessível CNPJ 63953620000165: não obtido; consulta Fundos.NET em 07/10/2026,"Lacuna documental explícita; exige regulamento, anexo, suplemento ou contrato aplicável."
comparison_emissions,Classes/séries,60010416000112,Sênior por séries; subordinada residual,"Fundos.NET ID 1051393 · 09/10/2025 · Regulamento · p. 13-14, 48-50 · data/raw/60010416000112/1051393_documentary_review.pdf · https://fnet.bmfbovespa.com.br/fnet/publico/exibirDocumento?id=1051393",Conclusão documental revisada; preservar a versão e a unidade indicadas.
comparison_emissions,Classes/séries,58458416000138,"Sênior, subordinada mezanino e subordinada júnior",Fundos.NET ID 982232 · 28/08/2025 · Regulamento · p. 11 · data/raw/58458416000138/982232_documentary_review.pdf · https://fnet.bmfbovespa.com.br/fnet/publico/exibirDocumento?id=982232,Conclusão documental revisada; preservar a versão e a unidade indicadas.
comparison_emissions,Classes/séries,53179862000190,Sênior e mezanino A por séries; demais classes sem validação integral,Fundos.NET ID 908443 · 31/03/2025 · Atos de Deliberação do Administrador · p. 1-3 · data/raw/53179862000190/908443_documentary_review.pdf · https://fnet.bmfbovespa.com.br/fnet/publico/exibirDocumento?id=908443,Conclusão documental revisada; preservar a versão e a unidade indicadas.
comparison_emissions,Classes/séries,40752367000186,Subclasse única,Fundos.NET ID 846588 · 21/02/2025 · Regulamento · p. 14 · data/raw/40752367000186/846588_documentary_review.pdf · https://fnet.bmfbovespa.com.br/fnet/publico/exibirDocumento?id=846588,Conclusão documental revisada; preservar a versão e a unidade indicadas.
comparison_emissions,Classes/séries,44173467000109,Sênior por série; subordinada mezanino; subordinada júnior,Fundos.NET ID 791513 · 28/11/2024 · Regulamento · p. 16-18 · data/raw/44173467000109/791513_documentary_review.pdf · https://fnet.bmfbovespa.com.br/fnet/publico/exibirDocumento?id=791513,Conclusão documental revisada; preservar a versão e a unidade indicadas.
comparison_emissions,Classes/séries,51290497000160,Classe A: sênior; mezanino; júnior,"Fundos.NET ID 956736 · 28/07/2025 · Regulamento · p. 61, 68-80 · data/raw/51290497000160/956736_documentary_review.pdf · https://fnet.bmfbovespa.com.br/fnet/publico/exibirDocumento?id=956736",Conclusão documental revisada; preservar a versão e a unidade indicadas.
comparison_emissions,Classes/séries,62010175000137,Sênior por série; mezanino por série; júnior,Fundos.NET ID 971924 · 13/08/2025 · Regulamento · p. 74-75 · data/raw/62010175000137/971924_documentary_review.pdf · https://fnet.bmfbovespa.com.br/fnet/publico/exibirDocumento?id=971924,Conclusão documental revisada; preservar a versão e a unidade indicadas.
comparison_emissions,Classes/séries,62310468000130,Sênior; mezanino; júnior,Fundos.NET ID 985036 · 04/09/2025 · Atos de Deliberação do Administrador · p. 1-3 · data/raw/62310468000130/985036_documentary_review.pdf · https://fnet.bmfbovespa.com.br/fnet/publico/exibirDocumento?id=985036,Conclusão documental revisada; preservar a versão e a unidade indicadas.
comparison_emissions,Classes/séries,54464892000100,Classe A: 2ª série sênior e 2ª emissão mezanino,Fundos.NET ID 823583 · 21/01/2025 · Oferta Pública de Distribuição de Cotas · p. 1 · data/raw/54464892000100/823583_documentary_review.pdf · https://fnet.bmfbovespa.com.br/fnet/publico/exibirDocumento?id=823583,Conclusão documental revisada; preservar a versão e a unidade indicadas.
comparison_emissions,Classes/séries,63953620000165,Não localizado no corpus acessível,Corpus acessível CNPJ 63953620000165: não obtido; consulta Fundos.NET em 07/10/2026,"Lacuna documental explícita; exige regulamento, anexo, suplemento ou contrato aplicável."
comparison_emissions,Remuneração,60010416000112,"1ª sênior: DI + 4,80% a.a. + 15% do excesso de spread; teto DI + 6,00%",Fundos.NET ID 993785 · 20/03/2025 · Atos de Deliberação do Administrador · p. 4-5 · data/raw/60010416000112/993785_documentary_review.pdf · https://fnet.bmfbovespa.com.br/fnet/publico/exibirDocumento?id=993785,Remuneração da primeira série; séries posteriores exigem respectivos atos. Não atribuir essa taxa a todas as séries.
comparison_emissions,Remuneração,58458416000138,"2ª emissão da 1ª série sênior: DI + 3,00% a.a.",Fundos.NET ID 1009401 · 08/10/2025 · Atos de Deliberação do Administrador · p. 3-4 · data/raw/58458416000138/1009401_documentary_review.pdf · https://fnet.bmfbovespa.com.br/fnet/publico/exibirDocumento?id=1009401,Mezanino individualizado em emissions_rows.
comparison_emissions,Remuneração,53179862000190,"2ª série mezanino A: DI + 4,00% a.a.",Fundos.NET ID 908443 · 31/03/2025 · Atos de Deliberação do Administrador · p. 4 · data/raw/53179862000190/908443_documentary_review.pdf · https://fnet.bmfbovespa.com.br/fnet/publico/exibirDocumento?id=908443,Não atribuir ao sênior ou às 3ª/4ª séries.
comparison_emissions,Remuneração,40752367000186,Cota patrimonial; sem DI + spread contratual para subclasse única,Fundos.NET ID 846588 · 21/02/2025 · Regulamento · p. 14 · data/raw/40752367000186/846588_documentary_review.pdf · https://fnet.bmfbovespa.com.br/fnet/publico/exibirDocumento?id=846588,Conclusão documental revisada; preservar a versão e a unidade indicadas.
comparison_emissions,Remuneração,44173467000109,Benchmark sênior/mezanino remetido ao suplemento; spread final não localizado,Fundos.NET ID 791513 · 28/11/2024 · Regulamento · p. 51 · data/raw/44173467000109/791513_documentary_review.pdf · https://fnet.bmfbovespa.com.br/fnet/publico/exibirDocumento?id=791513,Conclusão documental revisada; preservar a versão e a unidade indicadas.
comparison_emissions,Remuneração,51290497000160,Taxas por suplemento; spread final não localizado no regulamento acessível,Fundos.NET ID 956736 · 28/07/2025 · Regulamento · p. 68-80 · data/raw/51290497000160/956736_documentary_review.pdf · https://fnet.bmfbovespa.com.br/fnet/publico/exibirDocumento?id=956736,"Taxa mínima de endosso 19,44% a.a. não é remuneração de cotas."
comparison_emissions,Remuneração,62010175000137,Spread final não localizado no anúncio acessível; exige suplemento,Fundos.NET ID 975532 · 21/08/2025 · Oferta Pública de Distribuição de Cotas · p. 1-5 · data/raw/62010175000137/975532_documentary_review.pdf · https://fnet.bmfbovespa.com.br/fnet/publico/exibirDocumento?id=975532,Conclusão documental revisada; preservar a versão e a unidade indicadas.
comparison_emissions,Remuneração,62310468000130,"2ª sênior: DI + 0,95% a.a.; mezanino 1ª série, 2ª emissão: DI + 3,50%","Fundos.NET ID 1153512 · 01/04/2026 · Atos de Deliberação do Administrador · p. 4, 8, 12 · data/raw/62310468000130/1153512_documentary_review.pdf · https://fnet.bmfbovespa.com.br/fnet/publico/exibirDocumento?id=1153512",PDF com codificação de texto corrompida; valores conferidos visualmente nas páginas renderizadas.
comparison_emissions,Remuneração,54464892000100,Spread final não localizado no anúncio; regulamento/suplementos inacessíveis,Fundos.NET ID 823583 · 21/01/2025 · Oferta Pública de Distribuição de Cotas · p. 1-3 · data/raw/54464892000100/823583_documentary_review.pdf · https://fnet.bmfbovespa.com.br/fnet/publico/exibirDocumento?id=823583,Não extrapolar taxa de outro CNPJ ou outra série.
comparison_emissions,Remuneração,63953620000165,Não localizado no corpus acessível,Corpus acessível CNPJ 63953620000165: não obtido; consulta Fundos.NET em 07/10/2026,"Lacuna documental explícita; exige regulamento, anexo, suplemento ou contrato aplicável."
comparison_emissions,Volume/VNU,60010416000112,1ª: 475 mil sênior + 25 mil subordinadas; R$ 500 mi; VNU R$ 1.000,Fundos.NET ID 993785 · 20/03/2025 · Atos de Deliberação do Administrador · p. 2 · data/raw/60010416000112/993785_documentary_review.pdf · https://fnet.bmfbovespa.com.br/fnet/publico/exibirDocumento?id=993785,Conclusão documental revisada; preservar a versão e a unidade indicadas.
comparison_emissions,Volume/VNU,58458416000138,3ª júnior R$ 13 mi; VNU patrimonial vigente na integralização,Fundos.NET ID 1237489 · 01/07/2026 · Atos de Deliberação do Administrador · p. 3 · data/raw/58458416000138/1237489_documentary_review.pdf · https://fnet.bmfbovespa.com.br/fnet/publico/exibirDocumento?id=1237489,Conclusão documental revisada; preservar a versão e a unidade indicadas.
comparison_emissions,Volume/VNU,53179862000190,"3ª: 53.316,2271 sênior e 1.878,6298 mezanino A; VNU inicial R$ 1.000",Fundos.NET ID 1090574 · 23/01/2026 · Oferta Pública de Distribuição de Cotas · p. 1 · data/raw/53179862000190/1090574_documentary_review.pdf · https://fnet.bmfbovespa.com.br/fnet/publico/exibirDocumento?id=1090574,"Valor final do anúncio: R$ 56.958.011,98."
comparison_emissions,Volume/VNU,40752367000186,1ª emissão até R$ 300 mi; 300 mil cotas; VNU R$ 1.000,Fundos.NET ID 846588 · 21/02/2025 · Regulamento · p. 14 · data/raw/40752367000186/846588_documentary_review.pdf · https://fnet.bmfbovespa.com.br/fnet/publico/exibirDocumento?id=846588,"Valor aprovado histórico, não PL atual."
comparison_emissions,Volume/VNU,44173467000109,Não localizado no corpus acessível,"Corpus acessível CNPJ 44173467000109: ID 1078471 (30/12/2025), data/raw/44173467000109/1078471_documentary_review.pdf; ID 791513 (28/11/2024), data/raw/44173467000109/791513_documentary_review.pdf; ID 467860 (10/05/2023), data/raw/44173467000109/467860_documentary_review.pdf","Lacuna documental explícita; exige regulamento, anexo, suplemento ou contrato aplicável."
comparison_emissions,Volume/VNU,51290497000160,Não localizado no corpus acessível,"Corpus acessível CNPJ 51290497000160: ID 956736 (28/07/2025), data/raw/51290497000160/956736_documentary_review.pdf; ID 913141 (21/05/2025), data/raw/51290497000160/913141_documentary_review.pdf; ID 557485 (21/11/2023), data/raw/51290497000160/557485_documentary_review.pdf; ID 551560 (10/11/2023), data/raw/51290497000160/551560_documentary_review.pdf; ID 545845 (06/11/2023), data/raw/51290497000160/545845_documentary_review.pdf; ID 528268 (28/09/2023), data/raw/51290497000160/528268_documentary_review.pdf; ID 526857 (26/09/2023), data/raw/51290497000160/526857_documentary_review.pdf","Lacuna documental explícita; exige regulamento, anexo, suplemento ou contrato aplicável."
comparison_emissions,Volume/VNU,62010175000137,"1ª oferta até R$ 500 mi sênior + R$ 58,824 mi mezanino; VNU R$ 1.000",Fundos.NET ID 975532 · 21/08/2025 · Oferta Pública de Distribuição de Cotas · p. 1-2 · data/raw/62010175000137/975532_documentary_review.pdf · https://fnet.bmfbovespa.com.br/fnet/publico/exibirDocumento?id=975532,Anúncio de início; resultado final não localizado.
comparison_emissions,Volume/VNU,62310468000130,2ª sênior R$ 600 mi; 2ª mezanino R$ 105 mi; 3ª júnior R$ 36 mi; VNU R$ 1.000,"Fundos.NET ID 1153512 · 01/04/2026 · Atos de Deliberação do Administrador · p. 2, 4, 8 · data/raw/62310468000130/1153512_documentary_review.pdf · https://fnet.bmfbovespa.com.br/fnet/publico/exibirDocumento?id=1153512",Deliberação 01/04/2026; valores aprovados em colocação privada.
comparison_emissions,Volume/VNU,54464892000100,"Distribuídos R$ 400 mi sênior + R$ 47,06 mi mezanino; VNU R$ 1.000",Fundos.NET ID 823583 · 21/01/2025 · Oferta Pública de Distribuição de Cotas · p. 1-3 · data/raw/54464892000100/823583_documentary_review.pdf · https://fnet.bmfbovespa.com.br/fnet/publico/exibirDocumento?id=823583,Conclusão documental revisada; preservar a versão e a unidade indicadas.
comparison_emissions,Volume/VNU,63953620000165,Não localizado no corpus acessível,Corpus acessível CNPJ 63953620000165: não obtido; consulta Fundos.NET em 07/10/2026,"Lacuna documental explícita; exige regulamento, anexo, suplemento ou contrato aplicável."
comparison_emissions,Ofertas,60010416000112,1ª emissão deliberada 20/03/2025; distribuição final não localizada neste corpus,Fundos.NET ID 993785 · 20/03/2025 · Atos de Deliberação do Administrador · p. 1-2 · data/raw/60010416000112/993785_documentary_review.pdf · https://fnet.bmfbovespa.com.br/fnet/publico/exibirDocumento?id=993785,Conclusão documental revisada; preservar a versão e a unidade indicadas.
comparison_emissions,Ofertas,58458416000138,3ª júnior: R$ 13 mi para reenquadramento; deliberação 01/07/2026,Fundos.NET ID 1237489 · 01/07/2026 · Atos de Deliberação do Administrador · p. 1-3 · data/raw/58458416000138/1237489_documentary_review.pdf · https://fnet.bmfbovespa.com.br/fnet/publico/exibirDocumento?id=1237489,"Privada, VNU vigente; não há benchmark júnior."
comparison_emissions,Ofertas,53179862000190,"3ª série encerrada 23/01/2026; distribuídos R$ 56.958.011,98",Fundos.NET ID 1090574 · 23/01/2026 · Oferta Pública de Distribuição de Cotas · p. 1 · data/raw/53179862000190/1090574_documentary_review.pdf · https://fnet.bmfbovespa.com.br/fnet/publico/exibirDocumento?id=1090574,Cotas atualizadas fazem volume distribuído diferir de quantidade × VNU inicial.
comparison_emissions,Ofertas,40752367000186,Não localizado no corpus acessível,"Corpus acessível CNPJ 40752367000186: ID 846588 (21/02/2025), data/raw/40752367000186/846588_documentary_review.pdf","Lacuna documental explícita; exige regulamento, anexo, suplemento ou contrato aplicável."
comparison_emissions,Ofertas,44173467000109,3ª emissão júnior: até R$ 500 mil; VNU R$ 1.000; deliberada 30/12/2025,Fundos.NET ID 1078471 · 30/12/2025 · Atos de Deliberação do Administrador · p. 1 · data/raw/44173467000109/1078471_documentary_review.pdf · https://fnet.bmfbovespa.com.br/fnet/publico/exibirDocumento?id=1078471,Para recompor garantia; cancelado saldo anterior não subscrito e não integralizado.
comparison_emissions,Ofertas,51290497000160,Não localizado no corpus acessível,"Corpus acessível CNPJ 51290497000160: ID 956736 (28/07/2025), data/raw/51290497000160/956736_documentary_review.pdf; ID 913141 (21/05/2025), data/raw/51290497000160/913141_documentary_review.pdf; ID 557485 (21/11/2023), data/raw/51290497000160/557485_documentary_review.pdf; ID 551560 (10/11/2023), data/raw/51290497000160/551560_documentary_review.pdf; ID 545845 (06/11/2023), data/raw/51290497000160/545845_documentary_review.pdf; ID 528268 (28/09/2023), data/raw/51290497000160/528268_documentary_review.pdf; ID 526857 (26/09/2023), data/raw/51290497000160/526857_documentary_review.pdf","Lacuna documental explícita; exige regulamento, anexo, suplemento ou contrato aplicável."
comparison_emissions,Ofertas,62010175000137,1ª oferta registrada 20/08/2025,Fundos.NET ID 975532 · 21/08/2025 · Oferta Pública de Distribuição de Cotas · p. 1 · data/raw/62010175000137/975532_documentary_review.pdf · https://fnet.bmfbovespa.com.br/fnet/publico/exibirDocumento?id=975532,Conclusão documental revisada; preservar a versão e a unidade indicadas.
comparison_emissions,Ofertas,62310468000130,Novas emissões privadas deliberadas 01/04/2026,Fundos.NET ID 1153512 · 01/04/2026 · Atos de Deliberação do Administrador · p. 2-3 · data/raw/62310468000130/1153512_documentary_review.pdf · https://fnet.bmfbovespa.com.br/fnet/publico/exibirDocumento?id=1153512,Conclusão documental revisada; preservar a versão e a unidade indicadas.
comparison_emissions,Ofertas,54464892000100,Encerramento 21/01/2025; registro 14/10/2024,"Fundos.NET ID 823583 · 21/01/2025 · Oferta Pública de Distribuição de Cotas · p. 1, 3 · data/raw/54464892000100/823583_documentary_review.pdf · https://fnet.bmfbovespa.com.br/fnet/publico/exibirDocumento?id=823583",Conclusão documental revisada; preservar a versão e a unidade indicadas.
comparison_emissions,Ofertas,63953620000165,Não localizado no corpus acessível,Corpus acessível CNPJ 63953620000165: não obtido; consulta Fundos.NET em 07/10/2026,"Lacuna documental explícita; exige regulamento, anexo, suplemento ou contrato aplicável."
comparison_emissions,Remuneração adicional,60010416000112,Não localizado nas fontes acessíveis desta leitura,ID 1051393 · 09/10/2025 · data/raw/60010416000112/1051393_documentary_review.pdf; ID 993786 · 20/03/2025 · data/raw/60010416000112/993786_documentary_review.pdf; ID 993785 · 20/03/2025 · data/raw/60010416000112/993785_documentary_review.pdf,Unidade de análise: CNPJ da carteira. Conclusões restritas às páginas materiais dos PDFs locais identificados; inventário pode ser preservado de consulta anterior quando Fundos.NET falha. Não certifica leitura integral de todos os documentos do inventário.
comparison_emissions,Remuneração adicional,58458416000138,Não localizado nas fontes acessíveis desta leitura,ID 982232 · 28/08/2025 · data/raw/58458416000138/982232_documentary_review.pdf; ID 1237489 · 01/07/2026 · data/raw/58458416000138/1237489_documentary_review.pdf; ID 1009401 · 08/10/2025 · data/raw/58458416000138/1009401_documentary_review.pdf,Unidade de análise: CNPJ da carteira. Conclusões restritas às páginas materiais dos PDFs locais identificados; inventário pode ser preservado de consulta anterior quando Fundos.NET falha. Não certifica leitura integral de todos os documentos do inventário.
comparison_emissions,Remuneração adicional,53179862000190,Não localizado nas fontes acessíveis desta leitura,ID 1232504 · 29/06/2026 · data/raw/53179862000190/1232504_documentary_review.pdf; ID 1090574 · 23/01/2026 · data/raw/53179862000190/1090574_documentary_review.pdf; ID 953854 · 28/07/2025 · data/raw/53179862000190/953854_documentary_review.pdf; ID 926238 · 16/06/2025 · data/raw/53179862000190/926238_documentary_review.pdf; ID 908443 · 31/03/2025 · data/raw/53179862000190/908443_documentary_review.pdf,Unidade de análise: CNPJ da carteira. Conclusões restritas às páginas materiais dos PDFs locais identificados; inventário pode ser preservado de consulta anterior quando Fundos.NET falha. Não certifica leitura integral de todos os documentos do inventário.
comparison_emissions,Remuneração adicional,40752367000186,Não localizado nas fontes acessíveis desta leitura,ID 846588 · 21/02/2025 · data/raw/40752367000186/846588_documentary_review.pdf,Unidade de análise: CNPJ da carteira. Conclusões restritas às páginas materiais dos PDFs locais identificados; inventário pode ser preservado de consulta anterior quando Fundos.NET falha. Não certifica leitura integral de todos os documentos do inventário.
comparison_emissions,Remuneração adicional,44173467000109,Não localizado nas fontes acessíveis desta leitura,ID 1078471 · 30/12/2025 · data/raw/44173467000109/1078471_documentary_review.pdf; ID 791513 · 28/11/2024 · data/raw/44173467000109/791513_documentary_review.pdf; ID 467860 · 10/05/2023 · data/raw/44173467000109/467860_documentary_review.pdf,Unidade de análise: CNPJ da carteira. Conclusões restritas às páginas materiais dos PDFs locais identificados; inventário pode ser preservado de consulta anterior quando Fundos.NET falha. Não certifica leitura integral de todos os documentos do inventário.
comparison_emissions,Remuneração adicional,51290497000160,Não localizado nas fontes acessíveis desta leitura,ID 956736 · 28/07/2025 · data/raw/51290497000160/956736_documentary_review.pdf; ID 913141 · 21/05/2025 · data/raw/51290497000160/913141_documentary_review.pdf; ID 557485 · 21/11/2023 · data/raw/51290497000160/557485_documentary_review.pdf; ID 551560 · 10/11/2023 · data/raw/51290497000160/551560_documentary_review.pdf; ID 545845 · 06/11/2023 · data/raw/51290497000160/545845_documentary_review.pdf; ID 528268 · 28/09/2023 · data/raw/51290497000160/528268_documentary_review.pdf; ID 526857 · 26/09/2023 · data/raw/51290497000160/526857_documentary_review.pdf,Unidade de análise: CNPJ da carteira. Conclusões restritas às páginas materiais dos PDFs locais identificados; inventário pode ser preservado de consulta anterior quando Fundos.NET falha. Não certifica leitura integral de todos os documentos do inventário.
comparison_emissions,Remuneração adicional,62010175000137,Não localizado nas fontes acessíveis desta leitura,ID 971924 · 13/08/2025 · data/raw/62010175000137/971924_documentary_review.pdf; ID 975532 · 21/08/2025 · data/raw/62010175000137/975532_documentary_review.pdf,Unidade de análise: CNPJ da carteira. Conclusões restritas às páginas materiais dos PDFs locais identificados; inventário pode ser preservado de consulta anterior quando Fundos.NET falha. Não certifica leitura integral de todos os documentos do inventário.
comparison_emissions,Remuneração adicional,62310468000130,"Sênior/mezanino: 0,38% do valor integralizado, parcela única em até 40 dias",Fundos.NET ID 985036 · 04/09/2025 · Atos de Deliberação do Administrador · p. 1 · data/raw/62310468000130/985036_documentary_review.pdf · https://fnet.bmfbovespa.com.br/fnet/publico/exibirDocumento?id=985036,Benefício adicional da versão de 04/09/2025; confirmar manutenção para séries posteriores.
comparison_emissions,Remuneração adicional,54464892000100,Não localizado nas fontes acessíveis desta leitura,ID 823583 · 21/01/2025 · data/raw/54464892000100/823583_documentary_review.pdf,Unidade de análise: CNPJ da carteira. Conclusões restritas às páginas materiais dos PDFs locais identificados; inventário pode ser preservado de consulta anterior quando Fundos.NET falha. Não certifica leitura integral de todos os documentos do inventário.
comparison_emissions,Remuneração adicional,63953620000165,Não localizado nas fontes acessíveis desta leitura,Unidade de análise: CNPJ da carteira. Conclusões restritas às páginas materiais dos PDFs locais identificados; inventário pode ser preservado de consulta anterior quando Fundos.NET falha. Não certifica leitura integral de todos os documentos do inventário.,Unidade de análise: CNPJ da carteira. Conclusões restritas às páginas materiais dos PDFs locais identificados; inventário pode ser preservado de consulta anterior quando Fundos.NET falha. Não certifica leitura integral de todos os documentos do inventário.
comparison_payments,Carência,60010416000112,"Sem amortização durante período de investimento de 24 meses, salvo reenquadramento","Fundos.NET ID 1051393 · 09/10/2025 · Regulamento · p. 12, 15 · data/raw/60010416000112/1051393_documentary_review.pdf · https://fnet.bmfbovespa.com.br/fnet/publico/exibirDocumento?id=1051393",Conclusão documental revisada; preservar a versão e a unidade indicadas.
comparison_payments,Carência,58458416000138,Sênior: amortização principal de 0% até 08/04/2026,Fundos.NET ID 1009401 · 08/10/2025 · Atos de Deliberação do Administrador · p. 4 · data/raw/58458416000138/1009401_documentary_review.pdf · https://fnet.bmfbovespa.com.br/fnet/publico/exibirDocumento?id=1009401,Tabela inclui datas anteriores à deliberação de 08/10/2025; validar data de 1ª integralização e aplicabilidade à emissão adicional.
comparison_payments,Carência,53179862000190,Mezanino A 2ª: primeira amortização até 30/03/2025,Fundos.NET ID 908443 · 31/03/2025 · Atos de Deliberação do Administrador · p. 4 · data/raw/53179862000190/908443_documentary_review.pdf · https://fnet.bmfbovespa.com.br/fnet/publico/exibirDocumento?id=908443,Conclusão documental revisada; preservar a versão e a unidade indicadas.
comparison_payments,Carência,40752367000186,Não localizado no corpus acessível,"Corpus acessível CNPJ 40752367000186: ID 846588 (21/02/2025), data/raw/40752367000186/846588_documentary_review.pdf","Lacuna documental explícita; exige regulamento, anexo, suplemento ou contrato aplicável."
comparison_payments,Carência,44173467000109,Não localizado no corpus acessível,"Corpus acessível CNPJ 44173467000109: ID 1078471 (30/12/2025), data/raw/44173467000109/1078471_documentary_review.pdf; ID 791513 (28/11/2024), data/raw/44173467000109/791513_documentary_review.pdf; ID 467860 (10/05/2023), data/raw/44173467000109/467860_documentary_review.pdf","Lacuna documental explícita; exige regulamento, anexo, suplemento ou contrato aplicável."
comparison_payments,Carência,51290497000160,Não localizado no corpus acessível,"Corpus acessível CNPJ 51290497000160: ID 956736 (28/07/2025), data/raw/51290497000160/956736_documentary_review.pdf; ID 913141 (21/05/2025), data/raw/51290497000160/913141_documentary_review.pdf; ID 557485 (21/11/2023), data/raw/51290497000160/557485_documentary_review.pdf; ID 551560 (10/11/2023), data/raw/51290497000160/551560_documentary_review.pdf; ID 545845 (06/11/2023), data/raw/51290497000160/545845_documentary_review.pdf; ID 528268 (28/09/2023), data/raw/51290497000160/528268_documentary_review.pdf; ID 526857 (26/09/2023), data/raw/51290497000160/526857_documentary_review.pdf","Lacuna documental explícita; exige regulamento, anexo, suplemento ou contrato aplicável."
comparison_payments,Carência,62010175000137,Não localizado no corpus acessível,"Corpus acessível CNPJ 62010175000137: ID 971924 (13/08/2025), data/raw/62010175000137/971924_documentary_review.pdf; ID 975532 (21/08/2025), data/raw/62010175000137/975532_documentary_review.pdf","Lacuna documental explícita; exige regulamento, anexo, suplemento ou contrato aplicável."
comparison_payments,Carência,62310468000130,Não localizado no corpus acessível,"Corpus acessível CNPJ 62310468000130: ID 977555 (25/08/2025), data/raw/62310468000130/977555_documentary_review.pdf; ID 977281 (19/08/2025), data/raw/62310468000130/977281_documentary_review.pdf; ID 985036 (04/09/2025), data/raw/62310468000130/985036_documentary_review.pdf; ID 1153512 (01/04/2026), data/raw/62310468000130/1153512_documentary_review.pdf","Lacuna documental explícita; exige regulamento, anexo, suplemento ou contrato aplicável."
comparison_payments,Carência,54464892000100,Não localizado no corpus acessível,"Corpus acessível CNPJ 54464892000100: ID 823583 (21/01/2025), data/raw/54464892000100/823583_documentary_review.pdf","Lacuna documental explícita; exige regulamento, anexo, suplemento ou contrato aplicável."
comparison_payments,Carência,63953620000165,Não localizado no corpus acessível,Corpus acessível CNPJ 63953620000165: não obtido; consulta Fundos.NET em 07/10/2026,"Lacuna documental explícita; exige regulamento, anexo, suplemento ou contrato aplicável."
comparison_payments,Juros/amortização,60010416000112,"Mensal após investimento, por recursos disponíveis/cash sweep e subordinação atendida",Fundos.NET ID 993785 · 20/03/2025 · Atos de Deliberação do Administrador · p. 5-6 · data/raw/60010416000112/993785_documentary_review.pdf · https://fnet.bmfbovespa.com.br/fnet/publico/exibirDocumento?id=993785,Conclusão documental revisada; preservar a versão e a unidade indicadas.
comparison_payments,Juros/amortização,58458416000138,"Sênior: principal mensal sobre saldo, de 08/05/2026 a 05/04/2030",Fundos.NET ID 1009401 · 08/10/2025 · Atos de Deliberação do Administrador · p. 4-5 · data/raw/58458416000138/1009401_documentary_review.pdf · https://fnet.bmfbovespa.com.br/fnet/publico/exibirDocumento?id=1009401,Percentuais crescentes aplicados ao saldo; não somar como percentual do principal inicial.
comparison_payments,Juros/amortização,53179862000190,Mezanino A 2ª: juros mensais dia 15; principal em 96 parcelas escalonadas,Fundos.NET ID 908443 · 31/03/2025 · Atos de Deliberação do Administrador · p. 4-6 · data/raw/53179862000190/908443_documentary_review.pdf · https://fnet.bmfbovespa.com.br/fnet/publico/exibirDocumento?id=908443,"Cronograma corrigido em 31/03/2025, tendo integralização em fevereiro/2025."
comparison_payments,Juros/amortização,40752367000186,Rendimentos distribuídos por amortização/resgate conforme deliberação,"Fundos.NET ID 846588 · 21/02/2025 · Regulamento · p. 9, 15-16 · data/raw/40752367000186/846588_documentary_review.pdf · https://fnet.bmfbovespa.com.br/fnet/publico/exibirDocumento?id=846588",Cronograma fechado não localizado.
comparison_payments,Juros/amortização,44173467000109,Caixa disponível líquido de reservas; reenquadramento prioriza sênior,Fundos.NET ID 791513 · 28/11/2024 · Regulamento · p. 21-23 · data/raw/44173467000109/791513_documentary_review.pdf · https://fnet.bmfbovespa.com.br/fnet/publico/exibirDocumento?id=791513,Conclusão documental revisada; preservar a versão e a unidade indicadas.
comparison_payments,Juros/amortização,51290497000160,Não localizado no corpus acessível,"Corpus acessível CNPJ 51290497000160: ID 956736 (28/07/2025), data/raw/51290497000160/956736_documentary_review.pdf; ID 913141 (21/05/2025), data/raw/51290497000160/913141_documentary_review.pdf; ID 557485 (21/11/2023), data/raw/51290497000160/557485_documentary_review.pdf; ID 551560 (10/11/2023), data/raw/51290497000160/551560_documentary_review.pdf; ID 545845 (06/11/2023), data/raw/51290497000160/545845_documentary_review.pdf; ID 528268 (28/09/2023), data/raw/51290497000160/528268_documentary_review.pdf; ID 526857 (26/09/2023), data/raw/51290497000160/526857_documentary_review.pdf","Lacuna documental explícita; exige regulamento, anexo, suplemento ou contrato aplicável."
comparison_payments,Juros/amortização,62010175000137,Não localizado no corpus acessível,"Corpus acessível CNPJ 62010175000137: ID 971924 (13/08/2025), data/raw/62010175000137/971924_documentary_review.pdf; ID 975532 (21/08/2025), data/raw/62010175000137/975532_documentary_review.pdf","Lacuna documental explícita; exige regulamento, anexo, suplemento ou contrato aplicável."
comparison_payments,Juros/amortização,62310468000130,"Sênior 2ª série por cash sweep, proporção da subclasse/série no PL",Fundos.NET ID 1153512 · 01/04/2026 · Atos de Deliberação do Administrador · p. 9 · data/raw/62310468000130/1153512_documentary_review.pdf · https://fnet.bmfbovespa.com.br/fnet/publico/exibirDocumento?id=1153512,Calendário fechado não identificado.
comparison_payments,Juros/amortização,54464892000100,Não localizado no corpus acessível,"Corpus acessível CNPJ 54464892000100: ID 823583 (21/01/2025), data/raw/54464892000100/823583_documentary_review.pdf","Lacuna documental explícita; exige regulamento, anexo, suplemento ou contrato aplicável."
comparison_payments,Juros/amortização,63953620000165,Não localizado no corpus acessível,Corpus acessível CNPJ 63953620000165: não obtido; consulta Fundos.NET em 07/10/2026,"Lacuna documental explícita; exige regulamento, anexo, suplemento ou contrato aplicável."
comparison_payments,Vencimento,60010416000112,Classe indeterminada; prazo final de cada série remetido ao suplemento,"Fundos.NET ID 1051393 · 09/10/2025 · Regulamento · p. 8, 48, 53 · data/raw/60010416000112/1051393_documentary_review.pdf · https://fnet.bmfbovespa.com.br/fnet/publico/exibirDocumento?id=1051393",Conclusão documental revisada; preservar a versão e a unidade indicadas.
comparison_payments,Vencimento,58458416000138,"Sênior 2ª emissão/1ª série: 05/04/2030, principal final 100% do saldo",Fundos.NET ID 1009401 · 08/10/2025 · Atos de Deliberação do Administrador · p. 5 · data/raw/58458416000138/1009401_documentary_review.pdf · https://fnet.bmfbovespa.com.br/fnet/publico/exibirDocumento?id=1009401,Conclusão documental revisada; preservar a versão e a unidade indicadas.
comparison_payments,Vencimento,53179862000190,Mezanino A 2ª: último pagamento conforme tabela de 96 amortizações,Fundos.NET ID 908443 · 31/03/2025 · Atos de Deliberação do Administrador · p. 4-6 · data/raw/53179862000190/908443_documentary_review.pdf · https://fnet.bmfbovespa.com.br/fnet/publico/exibirDocumento?id=908443,Data final individualizada em emissions_rows.
comparison_payments,Vencimento,40752367000186,Prazo indeterminado; resgate conforme eventos de liquidação,"Fundos.NET ID 846588 · 21/02/2025 · Regulamento · p. 8, 14 · data/raw/40752367000186/846588_documentary_review.pdf · https://fnet.bmfbovespa.com.br/fnet/publico/exibirDocumento?id=846588",Conclusão documental revisada; preservar a versão e a unidade indicadas.
comparison_payments,Vencimento,44173467000109,Não localizado no corpus acessível,"Corpus acessível CNPJ 44173467000109: ID 1078471 (30/12/2025), data/raw/44173467000109/1078471_documentary_review.pdf; ID 791513 (28/11/2024), data/raw/44173467000109/791513_documentary_review.pdf; ID 467860 (10/05/2023), data/raw/44173467000109/467860_documentary_review.pdf","Lacuna documental explícita; exige regulamento, anexo, suplemento ou contrato aplicável."
comparison_payments,Vencimento,51290497000160,Não localizado no corpus acessível,"Corpus acessível CNPJ 51290497000160: ID 956736 (28/07/2025), data/raw/51290497000160/956736_documentary_review.pdf; ID 913141 (21/05/2025), data/raw/51290497000160/913141_documentary_review.pdf; ID 557485 (21/11/2023), data/raw/51290497000160/557485_documentary_review.pdf; ID 551560 (10/11/2023), data/raw/51290497000160/551560_documentary_review.pdf; ID 545845 (06/11/2023), data/raw/51290497000160/545845_documentary_review.pdf; ID 528268 (28/09/2023), data/raw/51290497000160/528268_documentary_review.pdf; ID 526857 (26/09/2023), data/raw/51290497000160/526857_documentary_review.pdf","Lacuna documental explícita; exige regulamento, anexo, suplemento ou contrato aplicável."
comparison_payments,Vencimento,62010175000137,Não localizado no corpus acessível,"Corpus acessível CNPJ 62010175000137: ID 971924 (13/08/2025), data/raw/62010175000137/971924_documentary_review.pdf; ID 975532 (21/08/2025), data/raw/62010175000137/975532_documentary_review.pdf","Lacuna documental explícita; exige regulamento, anexo, suplemento ou contrato aplicável."
comparison_payments,Vencimento,62310468000130,Sênior 2ª série: prazo esperado até 120 meses da 1ª integralização,Fundos.NET ID 1153512 · 01/04/2026 · Atos de Deliberação do Administrador · p. 8 · data/raw/62310468000130/1153512_documentary_review.pdf · https://fnet.bmfbovespa.com.br/fnet/publico/exibirDocumento?id=1153512,Pode resgatar antes por regime de amortização; não fixar data sem marco.
comparison_payments,Vencimento,54464892000100,Não localizado no corpus acessível,"Corpus acessível CNPJ 54464892000100: ID 823583 (21/01/2025), data/raw/54464892000100/823583_documentary_review.pdf","Lacuna documental explícita; exige regulamento, anexo, suplemento ou contrato aplicável."
comparison_payments,Vencimento,63953620000165,Não localizado no corpus acessível,Corpus acessível CNPJ 63953620000165: não obtido; consulta Fundos.NET em 07/10/2026,"Lacuna documental explícita; exige regulamento, anexo, suplemento ou contrato aplicável."
comparison_costs,Administração,60010416000112,"0,40% a.a. do PL; mínimo R$ 20 mil/mês; IPCA positivo anual em janeiro",Fundos.NET ID 1051393 · 09/10/2025 · Regulamento · p. 29 · data/raw/60010416000112/1051393_documentary_review.pdf · https://fnet.bmfbovespa.com.br/fnet/publico/exibirDocumento?id=1051393,Conclusão documental revisada; preservar a versão e a unidade indicadas.
comparison_costs,Administração,58458416000138,"0,10% a.a. até R$ 300 mi; 0,08% acima; mínimo R$ 10,25 mil/mês",Fundos.NET ID 982232 · 28/08/2025 · Regulamento · p. 24 · data/raw/58458416000138/982232_documentary_review.pdf · https://fnet.bmfbovespa.com.br/fnet/publico/exibirDocumento?id=982232,IGP-M positivo em janeiro; acréscimo R$ 850/mês por subclasse.
comparison_costs,Administração,53179862000190,Não localizado no corpus acessível,"Corpus acessível CNPJ 53179862000190: ID 1232504 (29/06/2026), data/raw/53179862000190/1232504_documentary_review.pdf; ID 1090574 (23/01/2026), data/raw/53179862000190/1090574_documentary_review.pdf; ID 953854 (28/07/2025), data/raw/53179862000190/953854_documentary_review.pdf; ID 926238 (16/06/2025), data/raw/53179862000190/926238_documentary_review.pdf; ID 908443 (31/03/2025), data/raw/53179862000190/908443_documentary_review.pdf","Lacuna documental explícita; exige regulamento, anexo, suplemento ou contrato aplicável."
comparison_costs,Administração,40752367000186,Rateio da taxa agregada Fundos PDL; mínimo R$ 20 mil/mês; taxas exigem validação,Fundos.NET ID 846588 · 21/02/2025 · Regulamento · p. 29-30 · data/raw/40752367000186/846588_documentary_review.pdf · https://fnet.bmfbovespa.com.br/fnet/publico/exibirDocumento?id=846588,"Tabela conflita algarismos/extenso (ex.: 0,60% vs setenta centésimos). Faixas e cálculo agregado não equivalem a taxa simples do PL individual."
comparison_costs,Administração,44173467000109,"Rateio da taxa agregada Fundos PDL; mínimo R$ 20 mil/mês, IPCA anual",Fundos.NET ID 791513 · 28/11/2024 · Regulamento · p. 36-37 · data/raw/44173467000109/791513_documentary_review.pdf · https://fnet.bmfbovespa.com.br/fnet/publico/exibirDocumento?id=791513,"Faixas numéricas 0,45/0,40/0,35/0,30% sobre PL agregado; última conflita com extenso 0,55%. Exige validação antes de cobrança."
comparison_costs,Administração,51290497000160,"0,07%/0,0375%/0,025% a.a.; mínimo R$ 8,75 mil/mês",Fundos.NET ID 956736 · 28/07/2025 · Regulamento · p. 36 · data/raw/51290497000160/956736_documentary_review.pdf · https://fnet.bmfbovespa.com.br/fnet/publico/exibirDocumento?id=956736,PL ≤ R$ 300 mi; até R$ 600 mi; acima. IGP-M positivo anual.
comparison_costs,Administração,62010175000137,"0,15%/0,14%/0,13% a.a.; mínimo R$ 15/11,5/8 mil por tempo de funcionamento",Fundos.NET ID 971924 · 13/08/2025 · Regulamento · p. 47 · data/raw/62010175000137/971924_documentary_review.pdf · https://fnet.bmfbovespa.com.br/fnet/publico/exibirDocumento?id=971924,PL até R$200 mi; até R$400 mi; acima. Mínimo meses1–36/37–60/>60; IPCA positivo em 15/janeiro.
comparison_costs,Administração,62310468000130,Não localizado no corpus acessível,"Corpus acessível CNPJ 62310468000130: ID 977555 (25/08/2025), data/raw/62310468000130/977555_documentary_review.pdf; ID 977281 (19/08/2025), data/raw/62310468000130/977281_documentary_review.pdf; ID 985036 (04/09/2025), data/raw/62310468000130/985036_documentary_review.pdf; ID 1153512 (01/04/2026), data/raw/62310468000130/1153512_documentary_review.pdf","Lacuna documental explícita; exige regulamento, anexo, suplemento ou contrato aplicável."
comparison_costs,Administração,54464892000100,Não localizado no corpus acessível,"Corpus acessível CNPJ 54464892000100: ID 823583 (21/01/2025), data/raw/54464892000100/823583_documentary_review.pdf","Lacuna documental explícita; exige regulamento, anexo, suplemento ou contrato aplicável."
comparison_costs,Administração,63953620000165,Não localizado no corpus acessível,Corpus acessível CNPJ 63953620000165: não obtido; consulta Fundos.NET em 07/10/2026,"Lacuna documental explícita; exige regulamento, anexo, suplemento ou contrato aplicável."
comparison_costs,Gestão,60010416000112,"Incluída na taxa de administração de 0,40%; parcela individual não especificada","Fundos.NET ID 1051393 · 09/10/2025 · Regulamento · p. 29, 46 · data/raw/60010416000112/1051393_documentary_review.pdf · https://fnet.bmfbovespa.com.br/fnet/publico/exibirDocumento?id=1051393",Conclusão documental revisada; preservar a versão e a unidade indicadas.
comparison_costs,Gestão,58458416000138,"0,40% a.a. do PL, acrescida de tributos",Fundos.NET ID 982232 · 28/08/2025 · Regulamento · p. 24-25 · data/raw/58458416000138/982232_documentary_review.pdf · https://fnet.bmfbovespa.com.br/fnet/publico/exibirDocumento?id=982232,Mínimo próprio não localizado.
comparison_costs,Gestão,53179862000190,Não localizado no corpus acessível,"Corpus acessível CNPJ 53179862000190: ID 1232504 (29/06/2026), data/raw/53179862000190/1232504_documentary_review.pdf; ID 1090574 (23/01/2026), data/raw/53179862000190/1090574_documentary_review.pdf; ID 953854 (28/07/2025), data/raw/53179862000190/953854_documentary_review.pdf; ID 926238 (16/06/2025), data/raw/53179862000190/926238_documentary_review.pdf; ID 908443 (31/03/2025), data/raw/53179862000190/908443_documentary_review.pdf","Lacuna documental explícita; exige regulamento, anexo, suplemento ou contrato aplicável."
comparison_costs,Gestão,40752367000186,Incluída no conjunto de serviços da taxa agregada; parcela própria não segregada,Fundos.NET ID 846588 · 21/02/2025 · Regulamento · p. 29-30 · data/raw/40752367000186/846588_documentary_review.pdf · https://fnet.bmfbovespa.com.br/fnet/publico/exibirDocumento?id=846588,Conclusão documental revisada; preservar a versão e a unidade indicadas.
comparison_costs,Gestão,44173467000109,Incluída no conjunto de serviços da taxa agregada; parcela própria não segregada,Fundos.NET ID 791513 · 28/11/2024 · Regulamento · p. 36-37 · data/raw/44173467000109/791513_documentary_review.pdf · https://fnet.bmfbovespa.com.br/fnet/publico/exibirDocumento?id=791513,Referência da taxa de gestão no glossário está quebrada.
comparison_costs,Gestão,51290497000160,"0,07%/0,0375%/0,025% a.a.; mínimo R$ 8,75 mil/mês",Fundos.NET ID 956736 · 28/07/2025 · Regulamento · p. 37 · data/raw/51290497000160/956736_documentary_review.pdf · https://fnet.bmfbovespa.com.br/fnet/publico/exibirDocumento?id=956736,Mesmas faixas; IGP-M anual. Lastro R$ 5 mil/mês e escrituração R$ 2 mil/mês adicionais.
comparison_costs,Gestão,62010175000137,"0,20%/0,18%/0,16% a.a.; mínimo R$ 8 mil/mês; IPCA anual",Fundos.NET ID 971924 · 13/08/2025 · Regulamento · p. 48 · data/raw/62010175000137/971924_documentary_review.pdf · https://fnet.bmfbovespa.com.br/fnet/publico/exibirDocumento?id=971924,Mesmas faixas de PL.
comparison_costs,Gestão,62310468000130,"0,30% a.a. do PL; se PL > R$ 900 mi, 0,10% a.a. sobre todo PL",Fundos.NET ID 1153512 · 01/04/2026 · Atos de Deliberação do Administrador · p. 2 · data/raw/62310468000130/1153512_documentary_review.pdf · https://fnet.bmfbovespa.com.br/fnet/publico/exibirDocumento?id=1153512,"Alteração expressa de 01/04/2026, conferida visualmente. Administração permanece lacuna."
comparison_costs,Gestão,54464892000100,Não localizado no corpus acessível,"Corpus acessível CNPJ 54464892000100: ID 823583 (21/01/2025), data/raw/54464892000100/823583_documentary_review.pdf","Lacuna documental explícita; exige regulamento, anexo, suplemento ou contrato aplicável."
comparison_costs,Gestão,63953620000165,Não localizado no corpus acessível,Corpus acessível CNPJ 63953620000165: não obtido; consulta Fundos.NET em 07/10/2026,"Lacuna documental explícita; exige regulamento, anexo, suplemento ou contrato aplicável."
comparison_costs,Custódia,60010416000112,0% a.a. expresso; cobrança/originação têm encargos adicionais,Fundos.NET ID 1051393 · 09/10/2025 · Regulamento · p. 29-31 · data/raw/60010416000112/1051393_documentary_review.pdf · https://fnet.bmfbovespa.com.br/fnet/publico/exibirDocumento?id=1051393,Conclusão documental revisada; preservar a versão e a unidade indicadas.
comparison_costs,Custódia,58458416000138,"0,02% a.a. do PL; mínimo R$ 2 mil/mês; IGP-M em janeiro",Fundos.NET ID 982232 · 28/08/2025 · Regulamento · p. 25 · data/raw/58458416000138/982232_documentary_review.pdf · https://fnet.bmfbovespa.com.br/fnet/publico/exibirDocumento?id=982232,Agente de retenção/cobrança: 3% a.a. do saldo de DC adimplentes.
comparison_costs,Custódia,53179862000190,Não localizado no corpus acessível,"Corpus acessível CNPJ 53179862000190: ID 1232504 (29/06/2026), data/raw/53179862000190/1232504_documentary_review.pdf; ID 1090574 (23/01/2026), data/raw/53179862000190/1090574_documentary_review.pdf; ID 953854 (28/07/2025), data/raw/53179862000190/953854_documentary_review.pdf; ID 926238 (16/06/2025), data/raw/53179862000190/926238_documentary_review.pdf; ID 908443 (31/03/2025), data/raw/53179862000190/908443_documentary_review.pdf","Lacuna documental explícita; exige regulamento, anexo, suplemento ou contrato aplicável."
comparison_costs,Custódia,40752367000186,0% a.a. expresso,Fundos.NET ID 846588 · 21/02/2025 · Regulamento · p. 30 · data/raw/40752367000186/846588_documentary_review.pdf · https://fnet.bmfbovespa.com.br/fnet/publico/exibirDocumento?id=846588,Conclusão documental revisada; preservar a versão e a unidade indicadas.
comparison_costs,Custódia,44173467000109,0% a.a. expresso,Fundos.NET ID 791513 · 28/11/2024 · Regulamento · p. 37 · data/raw/44173467000109/791513_documentary_review.pdf · https://fnet.bmfbovespa.com.br/fnet/publico/exibirDocumento?id=791513,"Agente de retenção/cobrança: 3% a.a. sobre PL alocado em DC, exclusão de PDD conforme cl. 13.8."
comparison_costs,Custódia,51290497000160,"Incluída na administração; mesma tabela/mínimo, sem encargo adicional",Fundos.NET ID 956736 · 28/07/2025 · Regulamento · p. 36-37 · data/raw/51290497000160/956736_documentary_review.pdf · https://fnet.bmfbovespa.com.br/fnet/publico/exibirDocumento?id=956736,"Evitar dupla contagem; retenção/cobrança 0,5% a 3% a.a. sobre PL alocado em DC, por contrato."
comparison_costs,Custódia,62010175000137,Incluída na administração; lastro trimestral R$ 4 mil adicionais,Fundos.NET ID 971924 · 13/08/2025 · Regulamento · p. 47 · data/raw/62010175000137/971924_documentary_review.pdf · https://fnet.bmfbovespa.com.br/fnet/publico/exibirDocumento?id=971924,"Escrituração R$ 1,25 mil/mês; banco liquidante R$ 800/mês, se listado."
comparison_costs,Custódia,62310468000130,Não localizado no corpus acessível,"Corpus acessível CNPJ 62310468000130: ID 977555 (25/08/2025), data/raw/62310468000130/977555_documentary_review.pdf; ID 977281 (19/08/2025), data/raw/62310468000130/977281_documentary_review.pdf; ID 985036 (04/09/2025), data/raw/62310468000130/985036_documentary_review.pdf; ID 1153512 (01/04/2026), data/raw/62310468000130/1153512_documentary_review.pdf","Lacuna documental explícita; exige regulamento, anexo, suplemento ou contrato aplicável."
comparison_costs,Custódia,54464892000100,Não localizado no corpus acessível,"Corpus acessível CNPJ 54464892000100: ID 823583 (21/01/2025), data/raw/54464892000100/823583_documentary_review.pdf","Lacuna documental explícita; exige regulamento, anexo, suplemento ou contrato aplicável."
comparison_costs,Custódia,63953620000165,Não localizado no corpus acessível,Corpus acessível CNPJ 63953620000165: não obtido; consulta Fundos.NET em 07/10/2026,"Lacuna documental explícita; exige regulamento, anexo, suplemento ou contrato aplicável."
comparison_monitoring,Alocação/subordinação IME,60010416000112,DC/PL e subordinadas/PL: diretos com validação de classe e prazo inicial,"Fundos.NET ID 1051393 · 09/10/2025 · Regulamento · p. 11, 45 · data/raw/60010416000112/1051393_documentary_review.pdf · https://fnet.bmfbovespa.com.br/fnet/publico/exibirDocumento?id=1051393",Conclusão documental revisada; preservar a versão e a unidade indicadas.
comparison_monitoring,Alocação/subordinação IME,58458416000138,"DC/PL, subordinadas/PL e júnior/PL: diretos com validação de versão","Fundos.NET ID 982232 · 28/08/2025 · Regulamento · p. 9, 39 · data/raw/58458416000138/982232_documentary_review.pdf · https://fnet.bmfbovespa.com.br/fnet/publico/exibirDocumento?id=982232",Conclusão documental revisada; preservar a versão e a unidade indicadas.
comparison_monitoring,Alocação/subordinação IME,53179862000190,Não localizado no corpus acessível,"Corpus acessível CNPJ 53179862000190: ID 1232504 (29/06/2026), data/raw/53179862000190/1232504_documentary_review.pdf; ID 1090574 (23/01/2026), data/raw/53179862000190/1090574_documentary_review.pdf; ID 953854 (28/07/2025), data/raw/53179862000190/953854_documentary_review.pdf; ID 926238 (16/06/2025), data/raw/53179862000190/926238_documentary_review.pdf; ID 908443 (31/03/2025), data/raw/53179862000190/908443_documentary_review.pdf","Lacuna documental explícita; exige regulamento, anexo, suplemento ou contrato aplicável."
comparison_monitoring,Alocação/subordinação IME,40752367000186,Alocação verificável com ressalva TVM; piso sênior não se aplica a cotas únicas,"Fundos.NET ID 846588 · 21/02/2025 · Regulamento · p. 9, 14 · data/raw/40752367000186/846588_documentary_review.pdf · https://fnet.bmfbovespa.com.br/fnet/publico/exibirDocumento?id=846588",Conclusão documental revisada; preservar a versão e a unidade indicadas.
comparison_monitoring,Alocação/subordinação IME,44173467000109,Proteção sênior usa subordinadas/PL; júnior usa patrimônio subordinado,Fundos.NET ID 791513 · 28/11/2024 · Regulamento · p. 19 · data/raw/44173467000109/791513_documentary_review.pdf · https://fnet.bmfbovespa.com.br/fnet/publico/exibirDocumento?id=791513,Conclusão documental revisada; preservar a versão e a unidade indicadas.
comparison_monitoring,Alocação/subordinação IME,51290497000160,Subordinadas/PL e júnior/PL diretos com validação de classe,Fundos.NET ID 956736 · 28/07/2025 · Regulamento · p. 61 · data/raw/51290497000160/956736_documentary_review.pdf · https://fnet.bmfbovespa.com.br/fnet/publico/exibirDocumento?id=956736,Conclusão documental revisada; preservar a versão e a unidade indicadas.
comparison_monitoring,Alocação/subordinação IME,62010175000137,"Subordinadas/PL diretos, diferenciando investimento e índices ajustados",Fundos.NET ID 971924 · 13/08/2025 · Regulamento · p. 74-75 · data/raw/62010175000137/971924_documentary_review.pdf · https://fnet.bmfbovespa.com.br/fnet/publico/exibirDocumento?id=971924,Conclusão documental revisada; preservar a versão e a unidade indicadas.
comparison_monitoring,Alocação/subordinação IME,62310468000130,Não localizado no corpus acessível,"Corpus acessível CNPJ 62310468000130: ID 977555 (25/08/2025), data/raw/62310468000130/977555_documentary_review.pdf; ID 977281 (19/08/2025), data/raw/62310468000130/977281_documentary_review.pdf; ID 985036 (04/09/2025), data/raw/62310468000130/985036_documentary_review.pdf; ID 1153512 (01/04/2026), data/raw/62310468000130/1153512_documentary_review.pdf","Lacuna documental explícita; exige regulamento, anexo, suplemento ou contrato aplicável."
comparison_monitoring,Alocação/subordinação IME,54464892000100,Não localizado no corpus acessível,"Corpus acessível CNPJ 54464892000100: ID 823583 (21/01/2025), data/raw/54464892000100/823583_documentary_review.pdf","Lacuna documental explícita; exige regulamento, anexo, suplemento ou contrato aplicável."
comparison_monitoring,Alocação/subordinação IME,63953620000165,Não localizado no corpus acessível,Corpus acessível CNPJ 63953620000165: não obtido; consulta Fundos.NET em 07/10/2026,"Lacuna documental explícita; exige regulamento, anexo, suplemento ou contrato aplicável."
comparison_monitoring,Inadimplência/PDD IME,60010416000112,Over/PDD agregados: alerta preliminar; perda contratual não reconstruída pelo IME,Fundos.NET ID 1051393 · 09/10/2025 · Regulamento · p. 19-22 · data/raw/60010416000112/1051393_documentary_review.pdf · https://fnet.bmfbovespa.com.br/fnet/publico/exibirDocumento?id=1051393,Conclusão documental revisada; preservar a versão e a unidade indicadas.
comparison_monitoring,Inadimplência/PDD IME,58458416000138,Over/PDD e recompras/crédito são proxies parciais; perdas exigem arrasto e coortes,Fundos.NET ID 982232 · 28/08/2025 · Regulamento · p. 39 · data/raw/58458416000138/982232_documentary_review.pdf · https://fnet.bmfbovespa.com.br/fnet/publico/exibirDocumento?id=982232,Conclusão documental revisada; preservar a versão e a unidade indicadas.
comparison_monitoring,Inadimplência/PDD IME,53179862000190,Não localizado no corpus acessível,"Corpus acessível CNPJ 53179862000190: ID 1232504 (29/06/2026), data/raw/53179862000190/1232504_documentary_review.pdf; ID 1090574 (23/01/2026), data/raw/53179862000190/1090574_documentary_review.pdf; ID 953854 (28/07/2025), data/raw/53179862000190/953854_documentary_review.pdf; ID 926238 (16/06/2025), data/raw/53179862000190/926238_documentary_review.pdf; ID 908443 (31/03/2025), data/raw/53179862000190/908443_documentary_review.pdf","Lacuna documental explícita; exige regulamento, anexo, suplemento ou contrato aplicável."
comparison_monitoring,Inadimplência/PDD IME,40752367000186,Over/PDD agregados; não validam elegibilidade nem limite de cada devedor,Fundos.NET ID 846588 · 21/02/2025 · Regulamento · p. 10-11 · data/raw/40752367000186/846588_documentary_review.pdf · https://fnet.bmfbovespa.com.br/fnet/publico/exibirDocumento?id=846588,Conclusão documental revisada; preservar a versão e a unidade indicadas.
comparison_monitoring,Inadimplência/PDD IME,44173467000109,Over e PDD/crédito são proxies; portabilidade e glosa exigem base contratual,Fundos.NET ID 791513 · 28/11/2024 · Regulamento · p. 36 · data/raw/44173467000109/791513_documentary_review.pdf · https://fnet.bmfbovespa.com.br/fnet/publico/exibirDocumento?id=791513,Conclusão documental revisada; preservar a versão e a unidade indicadas.
comparison_monitoring,Inadimplência/PDD IME,51290497000160,Over/PDD são proxies parciais; IME não reproduz inadimplência cumulativa/óbitos,Fundos.NET ID 956736 · 28/07/2025 · Regulamento · p. 60-61 · data/raw/51290497000160/956736_documentary_review.pdf · https://fnet.bmfbovespa.com.br/fnet/publico/exibirDocumento?id=956736,Conclusão documental revisada; preservar a versão e a unidade indicadas.
comparison_monitoring,Inadimplência/PDD IME,62010175000137,Over/PDD/recompras como proxies; índices contratuais exigem face e base de CCBs,Fundos.NET ID 971924 · 13/08/2025 · Regulamento · p. 74 · data/raw/62010175000137/971924_documentary_review.pdf · https://fnet.bmfbovespa.com.br/fnet/publico/exibirDocumento?id=971924,Conclusão documental revisada; preservar a versão e a unidade indicadas.
comparison_monitoring,Inadimplência/PDD IME,62310468000130,Não localizado no corpus acessível,"Corpus acessível CNPJ 62310468000130: ID 977555 (25/08/2025), data/raw/62310468000130/977555_documentary_review.pdf; ID 977281 (19/08/2025), data/raw/62310468000130/977281_documentary_review.pdf; ID 985036 (04/09/2025), data/raw/62310468000130/985036_documentary_review.pdf; ID 1153512 (01/04/2026), data/raw/62310468000130/1153512_documentary_review.pdf","Lacuna documental explícita; exige regulamento, anexo, suplemento ou contrato aplicável."
comparison_monitoring,Inadimplência/PDD IME,54464892000100,Não localizado no corpus acessível,"Corpus acessível CNPJ 54464892000100: ID 823583 (21/01/2025), data/raw/54464892000100/823583_documentary_review.pdf","Lacuna documental explícita; exige regulamento, anexo, suplemento ou contrato aplicável."
comparison_monitoring,Inadimplência/PDD IME,63953620000165,Não localizado no corpus acessível,Corpus acessível CNPJ 63953620000165: não obtido; consulta Fundos.NET em 07/10/2026,"Lacuna documental explícita; exige regulamento, anexo, suplemento ou contrato aplicável."
comparison_monitoring,Controles documentais,60010416000112,"Elegibilidade, concentração, lastro, prestadores e eventos exigem documentação específica","Corpus acessível CNPJ 60010416000112: ID 1051393 (09/10/2025), data/raw/60010416000112/1051393_documentary_review.pdf; ID 993786 (20/03/2025), data/raw/60010416000112/993786_documentary_review.pdf; ID 993785 (20/03/2025), data/raw/60010416000112/993785_documentary_review.pdf",O IME público agregado não certifica essas condições.
comparison_monitoring,Controles documentais,58458416000138,"Elegibilidade, concentração, lastro, prestadores e eventos exigem documentação específica","Corpus acessível CNPJ 58458416000138: ID 982232 (28/08/2025), data/raw/58458416000138/982232_documentary_review.pdf; ID 1237489 (01/07/2026), data/raw/58458416000138/1237489_documentary_review.pdf; ID 1009401 (08/10/2025), data/raw/58458416000138/1009401_documentary_review.pdf",O IME público agregado não certifica essas condições.
comparison_monitoring,Controles documentais,53179862000190,"Elegibilidade, concentração, lastro, prestadores e eventos exigem documentação específica","Corpus acessível CNPJ 53179862000190: ID 1232504 (29/06/2026), data/raw/53179862000190/1232504_documentary_review.pdf; ID 1090574 (23/01/2026), data/raw/53179862000190/1090574_documentary_review.pdf; ID 953854 (28/07/2025), data/raw/53179862000190/953854_documentary_review.pdf; ID 926238 (16/06/2025), data/raw/53179862000190/926238_documentary_review.pdf; ID 908443 (31/03/2025), data/raw/53179862000190/908443_documentary_review.pdf",O IME público agregado não certifica essas condições.
comparison_monitoring,Controles documentais,40752367000186,"Elegibilidade, concentração, lastro, prestadores e eventos exigem documentação específica","Corpus acessível CNPJ 40752367000186: ID 846588 (21/02/2025), data/raw/40752367000186/846588_documentary_review.pdf",O IME público agregado não certifica essas condições.
comparison_monitoring,Controles documentais,44173467000109,"Elegibilidade, concentração, lastro, prestadores e eventos exigem documentação específica","Corpus acessível CNPJ 44173467000109: ID 1078471 (30/12/2025), data/raw/44173467000109/1078471_documentary_review.pdf; ID 791513 (28/11/2024), data/raw/44173467000109/791513_documentary_review.pdf; ID 467860 (10/05/2023), data/raw/44173467000109/467860_documentary_review.pdf",O IME público agregado não certifica essas condições.
comparison_monitoring,Controles documentais,51290497000160,"Elegibilidade, concentração, lastro, prestadores e eventos exigem documentação específica","Corpus acessível CNPJ 51290497000160: ID 956736 (28/07/2025), data/raw/51290497000160/956736_documentary_review.pdf; ID 913141 (21/05/2025), data/raw/51290497000160/913141_documentary_review.pdf; ID 557485 (21/11/2023), data/raw/51290497000160/557485_documentary_review.pdf; ID 551560 (10/11/2023), data/raw/51290497000160/551560_documentary_review.pdf; ID 545845 (06/11/2023), data/raw/51290497000160/545845_documentary_review.pdf; ID 528268 (28/09/2023), data/raw/51290497000160/528268_documentary_review.pdf; ID 526857 (26/09/2023), data/raw/51290497000160/526857_documentary_review.pdf",O IME público agregado não certifica essas condições.
comparison_monitoring,Controles documentais,62010175000137,"Elegibilidade, concentração, lastro, prestadores e eventos exigem documentação específica","Corpus acessível CNPJ 62010175000137: ID 971924 (13/08/2025), data/raw/62010175000137/971924_documentary_review.pdf; ID 975532 (21/08/2025), data/raw/62010175000137/975532_documentary_review.pdf",O IME público agregado não certifica essas condições.
comparison_monitoring,Controles documentais,62310468000130,"Elegibilidade, concentração, lastro, prestadores e eventos exigem documentação específica","Corpus acessível CNPJ 62310468000130: ID 977555 (25/08/2025), data/raw/62310468000130/977555_documentary_review.pdf; ID 977281 (19/08/2025), data/raw/62310468000130/977281_documentary_review.pdf; ID 985036 (04/09/2025), data/raw/62310468000130/985036_documentary_review.pdf; ID 1153512 (01/04/2026), data/raw/62310468000130/1153512_documentary_review.pdf",O IME público agregado não certifica essas condições.
comparison_monitoring,Controles documentais,54464892000100,"Elegibilidade, concentração, lastro, prestadores e eventos exigem documentação específica","Corpus acessível CNPJ 54464892000100: ID 823583 (21/01/2025), data/raw/54464892000100/823583_documentary_review.pdf",O IME público agregado não certifica essas condições.
comparison_monitoring,Controles documentais,63953620000165,"Elegibilidade, concentração, lastro, prestadores e eventos exigem documentação específica",Corpus acessível CNPJ 63953620000165: não obtido; consulta Fundos.NET em 07/10/2026,O IME público agregado não certifica essas condições.
comparison_monitoring,Competência IME,60010416000112,Cache local: 06/2026; selecionar competência para monitorar,.cache/fundonet-ime/bde41857f8709d65448c48dfeb30d54a215139e77d6e3bb6a582b76344cae6ef/manifest.json,Dado offline do IME; não representa atualização ao vivo nem comprovação dos critérios jurídicos.
comparison_monitoring,Competência IME,58458416000138,Sem competência IME carregada em cache local,Inventário de .cache/fundonet em 2026-10-07,Leitura documental preservada. Carregar competência no Monitoramento para avaliar enquadramento.
comparison_monitoring,Competência IME,53179862000190,Sem competência IME carregada em cache local,Inventário de .cache/fundonet em 2026-10-07,Leitura documental preservada. Carregar competência no Monitoramento para avaliar enquadramento.
comparison_monitoring,Competência IME,40752367000186,Sem competência IME carregada em cache local,Inventário de .cache/fundonet em 2026-10-07,Leitura documental preservada. Carregar competência no Monitoramento para avaliar enquadramento.
comparison_monitoring,Competência IME,44173467000109,Sem competência IME carregada em cache local,Inventário de .cache/fundonet em 2026-10-07,Leitura documental preservada. Carregar competência no Monitoramento para avaliar enquadramento.
comparison_monitoring,Competência IME,51290497000160,Sem competência IME carregada em cache local,Inventário de .cache/fundonet em 2026-10-07,Leitura documental preservada. Carregar competência no Monitoramento para avaliar enquadramento.
comparison_monitoring,Competência IME,62010175000137,Sem competência IME carregada em cache local,Inventário de .cache/fundonet em 2026-10-07,Leitura documental preservada. Carregar competência no Monitoramento para avaliar enquadramento.
comparison_monitoring,Competência IME,62310468000130,Sem competência IME carregada em cache local,Inventário de .cache/fundonet em 2026-10-07,Leitura documental preservada. Carregar competência no Monitoramento para avaliar enquadramento.
comparison_monitoring,Competência IME,54464892000100,Sem competência IME carregada em cache local,Inventário de .cache/fundonet em 2026-10-07,Leitura documental preservada. Carregar competência no Monitoramento para avaliar enquadramento.
comparison_monitoring,Competência IME,63953620000165,Cache local: 06/2026; selecionar competência para monitorar,.cache/fundonet-ime/345d74bedc26435eef60ab8e3498c257366f589cd9f50ff5290158b29e45e518/manifest.json,Dado offline do IME; não representa atualização ao vivo nem comprovação dos critérios jurídicos.
