grupo,fundo,nome_curto,cnpj,competencia,indicador,valor,unidade,observacao,cache_folder
Carteiras selecionadas,MT Consignado Privado I,MT Consignado Privado I,60010416000112,06/2026,PL (R$),3072067502.44,R$ bruto,Visão Executiva canônica; cache IME local bde41857f8709d65448c48dfeb30d54a215139e77d6e3bb6a582b76344cae6ef,.cache/fundonet-ime/bde41857f8709d65448c48dfeb30d54a215139e77d6e3bb6a582b76344cae6ef
Carteiras selecionadas,MT Consignado Privado I,MT Consignado Privado I,60010416000112,05/2026,PL (R$),3335552591.25,R$ bruto,Visão Executiva canônica; cache IME local bde41857f8709d65448c48dfeb30d54a215139e77d6e3bb6a582b76344cae6ef,.cache/fundonet-ime/bde41857f8709d65448c48dfeb30d54a215139e77d6e3bb6a582b76344cae6ef
Carteiras selecionadas,MT Consignado Privado I,MT Consignado Privado I,60010416000112,04/2026,PL (R$),3654525784.33,R$ bruto,Visão Executiva canônica; cache IME local bde41857f8709d65448c48dfeb30d54a215139e77d6e3bb6a582b76344cae6ef,.cache/fundonet-ime/bde41857f8709d65448c48dfeb30d54a215139e77d6e3bb6a582b76344cae6ef
Carteiras selecionadas,MT Consignado Privado I,MT Consignado Privado I,60010416000112,03/2026,PL (R$),3990937082.07,R$ bruto,Visão Executiva canônica; cache IME local bde41857f8709d65448c48dfeb30d54a215139e77d6e3bb6a582b76344cae6ef,.cache/fundonet-ime/bde41857f8709d65448c48dfeb30d54a215139e77d6e3bb6a582b76344cae6ef
Carteiras selecionadas,MT Consignado Privado I,MT Consignado Privado I,60010416000112,02/2026,PL (R$),4398327164.34,R$ bruto,Visão Executiva canônica; cache IME local bde41857f8709d65448c48dfeb30d54a215139e77d6e3bb6a582b76344cae6ef,.cache/fundonet-ime/bde41857f8709d65448c48dfeb30d54a215139e77d6e3bb6a582b76344cae6ef
Carteiras selecionadas,MT Consignado Privado I,MT Consignado Privado I,60010416000112,01/2026,PL (R$),3994057243.4,R$ bruto,Visão Executiva canônica; cache IME local bde41857f8709d65448c48dfeb30d54a215139e77d6e3bb6a582b76344cae6ef,.cache/fundonet-ime/bde41857f8709d65448c48dfeb30d54a215139e77d6e3bb6a582b76344cae6ef
Carteiras selecionadas,MT Consignado Privado I,MT Consignado Privado I,60010416000112,12/2025,PL (R$),3994057243.4,R$ bruto,Visão Executiva canônica; cache IME local bde41857f8709d65448c48dfeb30d54a215139e77d6e3bb6a582b76344cae6ef,.cache/fundonet-ime/bde41857f8709d65448c48dfeb30d54a215139e77d6e3bb6a582b76344cae6ef
Carteiras selecionadas,MT Consignado Privado I,MT Consignado Privado I,60010416000112,11/2025,PL (R$),3343753115.27,R$ bruto,Visão Executiva canônica; cache IME local bde41857f8709d65448c48dfeb30d54a215139e77d6e3bb6a582b76344cae6ef,.cache/fundonet-ime/bde41857f8709d65448c48dfeb30d54a215139e77d6e3bb6a582b76344cae6ef
Carteiras selecionadas,MT Consignado Privado I,MT Consignado Privado I,60010416000112,10/2025,PL (R$),2505075408.28,R$ bruto,Visão Executiva canônica; cache IME local bde41857f8709d65448c48dfeb30d54a215139e77d6e3bb6a582b76344cae6ef,.cache/fundonet-ime/bde41857f8709d65448c48dfeb30d54a215139e77d6e3bb6a582b76344cae6ef
Carteiras selecionadas,MT Consignado Privado I,MT Consignado Privado I,60010416000112,09/2025,PL (R$),2505075408.28,R$ bruto,Visão Executiva canônica; cache IME local bde41857f8709d65448c48dfeb30d54a215139e77d6e3bb6a582b76344cae6ef,.cache/fundonet-ime/bde41857f8709d65448c48dfeb30d54a215139e77d6e3bb6a582b76344cae6ef
Carteiras selecionadas,MT Consignado Privado I,MT Consignado Privado I,60010416000112,08/2025,PL (R$),2247869314.66,R$ bruto,Visão Executiva canônica; cache IME local bde41857f8709d65448c48dfeb30d54a215139e77d6e3bb6a582b76344cae6ef,.cache/fundonet-ime/bde41857f8709d65448c48dfeb30d54a215139e77d6e3bb6a582b76344cae6ef
Carteiras selecionadas,MT Consignado Privado I,MT Consignado Privado I,60010416000112,07/2025,PL (R$),1856903227.14,R$ bruto,Visão Executiva canônica; cache IME local bde41857f8709d65448c48dfeb30d54a215139e77d6e3bb6a582b76344cae6ef,.cache/fundonet-ime/bde41857f8709d65448c48dfeb30d54a215139e77d6e3bb6a582b76344cae6ef
Carteiras selecionadas,MT Consignado Privado I,MT Consignado Privado I,60010416000112,06/2025,PL (R$),1430880727.05,R$ bruto,Visão Executiva canônica; cache IME local bde41857f8709d65448c48dfeb30d54a215139e77d6e3bb6a582b76344cae6ef,.cache/fundonet-ime/bde41857f8709d65448c48dfeb30d54a215139e77d6e3bb6a582b76344cae6ef
Carteiras selecionadas,MT Consignado Privado I,MT Consignado Privado I,60010416000112,05/2025,PL (R$),1206604082.03,R$ bruto,Visão Executiva canônica; cache IME local bde41857f8709d65448c48dfeb30d54a215139e77d6e3bb6a582b76344cae6ef,.cache/fundonet-ime/bde41857f8709d65448c48dfeb30d54a215139e77d6e3bb6a582b76344cae6ef
Carteiras selecionadas,MT Consignado Privado I,MT Consignado Privado I,60010416000112,04/2025,PL (R$),1173910362.36,R$ bruto,Visão Executiva canônica; cache IME local bde41857f8709d65448c48dfeb30d54a215139e77d6e3bb6a582b76344cae6ef,.cache/fundonet-ime/bde41857f8709d65448c48dfeb30d54a215139e77d6e3bb6a582b76344cae6ef
Carteiras selecionadas,MT Consignado Privado I,MT Consignado Privado I,60010416000112,03/2025,PL (R$),476596024.98,R$ bruto,Visão Executiva canônica; cache IME local bde41857f8709d65448c48dfeb30d54a215139e77d6e3bb6a582b76344cae6ef,.cache/fundonet-ime/bde41857f8709d65448c48dfeb30d54a215139e77d6e3bb6a582b76344cae6ef
Carteiras selecionadas,MT Consignado Privado I,MT Consignado Privado I,60010416000112,06/2026,PL (R$ MM),3072.06750244,R$ MM,Visão Executiva canônica; cache IME local bde41857f8709d65448c48dfeb30d54a215139e77d6e3bb6a582b76344cae6ef,.cache/fundonet-ime/bde41857f8709d65448c48dfeb30d54a215139e77d6e3bb6a582b76344cae6ef
Carteiras selecionadas,MT Consignado Privado I,MT Consignado Privado I,60010416000112,05/2026,PL (R$ MM),3335.55259125,R$ MM,Visão Executiva canônica; cache IME local bde41857f8709d65448c48dfeb30d54a215139e77d6e3bb6a582b76344cae6ef,.cache/fundonet-ime/bde41857f8709d65448c48dfeb30d54a215139e77d6e3bb6a582b76344cae6ef
Carteiras selecionadas,MT Consignado Privado I,MT Consignado Privado I,60010416000112,04/2026,PL (R$ MM),3654.52578433,R$ MM,Visão Executiva canônica; cache IME local bde41857f8709d65448c48dfeb30d54a215139e77d6e3bb6a582b76344cae6ef,.cache/fundonet-ime/bde41857f8709d65448c48dfeb30d54a215139e77d6e3bb6a582b76344cae6ef
Carteiras selecionadas,MT Consignado Privado I,MT Consignado Privado I,60010416000112,03/2026,PL (R$ MM),3990.93708207,R$ MM,Visão Executiva canônica; cache IME local bde41857f8709d65448c48dfeb30d54a215139e77d6e3bb6a582b76344cae6ef,.cache/fundonet-ime/bde41857f8709d65448c48dfeb30d54a215139e77d6e3bb6a582b76344cae6ef
Carteiras selecionadas,MT Consignado Privado I,MT Consignado Privado I,60010416000112,02/2026,PL (R$ MM),4398.32716434,R$ MM,Visão Executiva canônica; cache IME local bde41857f8709d65448c48dfeb30d54a215139e77d6e3bb6a582b76344cae6ef,.cache/fundonet-ime/bde41857f8709d65448c48dfeb30d54a215139e77d6e3bb6a582b76344cae6ef
Carteiras selecionadas,MT Consignado Privado I,MT Consignado Privado I,60010416000112,01/2026,PL (R$ MM),3994.0572434,R$ MM,Visão Executiva canônica; cache IME local bde41857f8709d65448c48dfeb30d54a215139e77d6e3bb6a582b76344cae6ef,.cache/fundonet-ime/bde41857f8709d65448c48dfeb30d54a215139e77d6e3bb6a582b76344cae6ef
Carteiras selecionadas,MT Consignado Privado I,MT Consignado Privado I,60010416000112,12/2025,PL (R$ MM),3994.0572434,R$ MM,Visão Executiva canônica; cache IME local bde41857f8709d65448c48dfeb30d54a215139e77d6e3bb6a582b76344cae6ef,.cache/fundonet-ime/bde41857f8709d65448c48dfeb30d54a215139e77d6e3bb6a582b76344cae6ef
Carteiras selecionadas,MT Consignado Privado I,MT Consignado Privado I,60010416000112,11/2025,PL (R$ MM),3343.75311527,R$ MM,Visão Executiva canônica; cache IME local bde41857f8709d65448c48dfeb30d54a215139e77d6e3bb6a582b76344cae6ef,.cache/fundonet-ime/bde41857f8709d65448c48dfeb30d54a215139e77d6e3bb6a582b76344cae6ef
Carteiras selecionadas,MT Consignado Privado I,MT Consignado Privado I,60010416000112,10/2025,PL (R$ MM),2505.0754082800004,R$ MM,Visão Executiva canônica; cache IME local bde41857f8709d65448c48dfeb30d54a215139e77d6e3bb6a582b76344cae6ef,.cache/fundonet-ime/bde41857f8709d65448c48dfeb30d54a215139e77d6e3bb6a582b76344cae6ef
Carteiras selecionadas,MT Consignado Privado I,MT Consignado Privado I,60010416000112,09/2025,PL (R$ MM),2505.0754082800004,R$ MM,Visão Executiva canônica; cache IME local bde41857f8709d65448c48dfeb30d54a215139e77d6e3bb6a582b76344cae6ef,.cache/fundonet-ime/bde41857f8709d65448c48dfeb30d54a215139e77d6e3bb6a582b76344cae6ef
Carteiras selecionadas,MT Consignado Privado I,MT Consignado Privado I,60010416000112,08/2025,PL (R$ MM),2247.86931466,R$ MM,Visão Executiva canônica; cache IME local bde41857f8709d65448c48dfeb30d54a215139e77d6e3bb6a582b76344cae6ef,.cache/fundonet-ime/bde41857f8709d65448c48dfeb30d54a215139e77d6e3bb6a582b76344cae6ef
Carteiras selecionadas,MT Consignado Privado I,MT Consignado Privado I,60010416000112,07/2025,PL (R$ MM),1856.9032271400001,R$ MM,Visão Executiva canônica; cache IME local bde41857f8709d65448c48dfeb30d54a215139e77d6e3bb6a582b76344cae6ef,.cache/fundonet-ime/bde41857f8709d65448c48dfeb30d54a215139e77d6e3bb6a582b76344cae6ef
Carteiras selecionadas,MT Consignado Privado I,MT Consignado Privado I,60010416000112,06/2025,PL (R$ MM),1430.88072705,R$ MM,Visão Executiva canônica; cache IME local bde41857f8709d65448c48dfeb30d54a215139e77d6e3bb6a582b76344cae6ef,.cache/fundonet-ime/bde41857f8709d65448c48dfeb30d54a215139e77d6e3bb6a582b76344cae6ef
Carteiras selecionadas,MT Consignado Privado I,MT Consignado Privado I,60010416000112,05/2025,PL (R$ MM),1206.60408203,R$ MM,Visão Executiva canônica; cache IME local bde41857f8709d65448c48dfeb30d54a215139e77d6e3bb6a582b76344cae6ef,.cache/fundonet-ime/bde41857f8709d65448c48dfeb30d54a215139e77d6e3bb6a582b76344cae6ef
Carteiras selecionadas,MT Consignado Privado I,MT Consignado Privado I,60010416000112,04/2025,PL (R$ MM),1173.91036236,R$ MM,Visão Executiva canônica; cache IME local bde41857f8709d65448c48dfeb30d54a215139e77d6e3bb6a582b76344cae6ef,.cache/fundonet-ime/bde41857f8709d65448c48dfeb30d54a215139e77d6e3bb6a582b76344cae6ef
Carteiras selecionadas,MT Consignado Privado I,MT Consignado Privado I,60010416000112,03/2025,PL (R$ MM),476.59602498000004,R$ MM,Visão Executiva canônica; cache IME local bde41857f8709d65448c48dfeb30d54a215139e77d6e3bb6a582b76344cae6ef,.cache/fundonet-ime/bde41857f8709d65448c48dfeb30d54a215139e77d6e3bb6a582b76344cae6ef
Carteiras selecionadas,MT Consignado Privado I,MT Consignado Privado I,60010416000112,06/2026,Dir Cred (R$ MM),3237.97973189,R$ MM,Visão Executiva canônica; cache IME local bde41857f8709d65448c48dfeb30d54a215139e77d6e3bb6a582b76344cae6ef,.cache/fundonet-ime/bde41857f8709d65448c48dfeb30d54a215139e77d6e3bb6a582b76344cae6ef
Carteiras selecionadas,MT Consignado Privado I,MT Consignado Privado I,60010416000112,05/2026,Dir Cred (R$ MM),3450.29312025,R$ MM,Visão Executiva canônica; cache IME local bde41857f8709d65448c48dfeb30d54a215139e77d6e3bb6a582b76344cae6ef,.cache/fundonet-ime/bde41857f8709d65448c48dfeb30d54a215139e77d6e3bb6a582b76344cae6ef
Carteiras selecionadas,MT Consignado Privado I,MT Consignado Privado I,60010416000112,04/2026,Dir Cred (R$ MM),3748.06801271,R$ MM,Visão Executiva canônica; cache IME local bde41857f8709d65448c48dfeb30d54a215139e77d6e3bb6a582b76344cae6ef,.cache/fundonet-ime/bde41857f8709d65448c48dfeb30d54a215139e77d6e3bb6a582b76344cae6ef
Carteiras selecionadas,MT Consignado Privado I,MT Consignado Privado I,60010416000112,03/2026,Dir Cred (R$ MM),3979.8140412800003,R$ MM,Visão Executiva canônica; cache IME local bde41857f8709d65448c48dfeb30d54a215139e77d6e3bb6a582b76344cae6ef,.cache/fundonet-ime/bde41857f8709d65448c48dfeb30d54a215139e77d6e3bb6a582b76344cae6ef
Carteiras selecionadas,MT Consignado Privado I,MT Consignado Privado I,60010416000112,02/2026,Dir Cred (R$ MM),4274.51537271,R$ MM,Visão Executiva canônica; cache IME local bde41857f8709d65448c48dfeb30d54a215139e77d6e3bb6a582b76344cae6ef,.cache/fundonet-ime/bde41857f8709d65448c48dfeb30d54a215139e77d6e3bb6a582b76344cae6ef
Carteiras selecionadas,MT Consignado Privado I,MT Consignado Privado I,60010416000112,01/2026,Dir Cred (R$ MM),3997.76192367,R$ MM,Visão Executiva canônica; cache IME local bde41857f8709d65448c48dfeb30d54a215139e77d6e3bb6a582b76344cae6ef,.cache/fundonet-ime/bde41857f8709d65448c48dfeb30d54a215139e77d6e3bb6a582b76344cae6ef
Carteiras selecionadas,MT Consignado Privado I,MT Consignado Privado I,60010416000112,12/2025,Dir Cred (R$ MM),3997.76192367,R$ MM,Visão Executiva canônica; cache IME local bde41857f8709d65448c48dfeb30d54a215139e77d6e3bb6a582b76344cae6ef,.cache/fundonet-ime/bde41857f8709d65448c48dfeb30d54a215139e77d6e3bb6a582b76344cae6ef
Carteiras selecionadas,MT Consignado Privado I,MT Consignado Privado I,60010416000112,11/2025,Dir Cred (R$ MM),3333.0844333600003,R$ MM,Visão Executiva canônica; cache IME local bde41857f8709d65448c48dfeb30d54a215139e77d6e3bb6a582b76344cae6ef,.cache/fundonet-ime/bde41857f8709d65448c48dfeb30d54a215139e77d6e3bb6a582b76344cae6ef
Carteiras selecionadas,MT Consignado Privado I,MT Consignado Privado I,60010416000112,10/2025,Dir Cred (R$ MM),2421.8695113400004,R$ MM,Visão Executiva canônica; cache IME local bde41857f8709d65448c48dfeb30d54a215139e77d6e3bb6a582b76344cae6ef,.cache/fundonet-ime/bde41857f8709d65448c48dfeb30d54a215139e77d6e3bb6a582b76344cae6ef
Carteiras selecionadas,MT Consignado Privado I,MT Consignado Privado I,60010416000112,09/2025,Dir Cred (R$ MM),2421.8695113400004,R$ MM,Visão Executiva canônica; cache IME local bde41857f8709d65448c48dfeb30d54a215139e77d6e3bb6a582b76344cae6ef,.cache/fundonet-ime/bde41857f8709d65448c48dfeb30d54a215139e77d6e3bb6a582b76344cae6ef
Carteiras selecionadas,MT Consignado Privado I,MT Consignado Privado I,60010416000112,08/2025,Dir Cred (R$ MM),2201.03889933,R$ MM,Visão Executiva canônica; cache IME local bde41857f8709d65448c48dfeb30d54a215139e77d6e3bb6a582b76344cae6ef,.cache/fundonet-ime/bde41857f8709d65448c48dfeb30d54a215139e77d6e3bb6a582b76344cae6ef
Carteiras selecionadas,MT Consignado Privado I,MT Consignado Privado I,60010416000112,07/2025,Dir Cred (R$ MM),1862.44840048,R$ MM,Visão Executiva canônica; cache IME local bde41857f8709d65448c48dfeb30d54a215139e77d6e3bb6a582b76344cae6ef,.cache/fundonet-ime/bde41857f8709d65448c48dfeb30d54a215139e77d6e3bb6a582b76344cae6ef
Carteiras selecionadas,MT Consignado Privado I,MT Consignado Privado I,60010416000112,06/2025,Dir Cred (R$ MM),1403.89942642,R$ MM,Visão Executiva canônica; cache IME local bde41857f8709d65448c48dfeb30d54a215139e77d6e3bb6a582b76344cae6ef,.cache/fundonet-ime/bde41857f8709d65448c48dfeb30d54a215139e77d6e3bb6a582b76344cae6ef
Carteiras selecionadas,MT Consignado Privado I,MT Consignado Privado I,60010416000112,05/2025,Dir Cred (R$ MM),1110.7092274000001,R$ MM,Visão Executiva canônica; cache IME local bde41857f8709d65448c48dfeb30d54a215139e77d6e3bb6a582b76344cae6ef,.cache/fundonet-ime/bde41857f8709d65448c48dfeb30d54a215139e77d6e3bb6a582b76344cae6ef
Carteiras selecionadas,MT Consignado Privado I,MT Consignado Privado I,60010416000112,04/2025,Dir Cred (R$ MM),1046.70659129,R$ MM,Visão Executiva canônica; cache IME local bde41857f8709d65448c48dfeb30d54a215139e77d6e3bb6a582b76344cae6ef,.cache/fundonet-ime/bde41857f8709d65448c48dfeb30d54a215139e77d6e3bb6a582b76344cae6ef
Carteiras selecionadas,MT Consignado Privado I,MT Consignado Privado I,60010416000112,03/2025,Dir Cred (R$ MM),407.649236,R$ MM,Visão Executiva canônica; cache IME local bde41857f8709d65448c48dfeb30d54a215139e77d6e3bb6a582b76344cae6ef,.cache/fundonet-ime/bde41857f8709d65448c48dfeb30d54a215139e77d6e3bb6a582b76344cae6ef
Carteiras selecionadas,MT Consignado Privado I,MT Consignado Privado I,60010416000112,06/2026,Dir Cred / PL,1.0540067004771945,ratio,Visão Executiva canônica; cache IME local bde41857f8709d65448c48dfeb30d54a215139e77d6e3bb6a582b76344cae6ef,.cache/fundonet-ime/bde41857f8709d65448c48dfeb30d54a215139e77d6e3bb6a582b76344cae6ef
Carteiras selecionadas,MT Consignado Privado I,MT Consignado Privado I,60010416000112,05/2026,Dir Cred / PL,1.0343992564533366,ratio,Visão Executiva canônica; cache IME local bde41857f8709d65448c48dfeb30d54a215139e77d6e3bb6a582b76344cae6ef,.cache/fundonet-ime/bde41857f8709d65448c48dfeb30d54a215139e77d6e3bb6a582b76344cae6ef
Carteiras selecionadas,MT Consignado Privado I,MT Consignado Privado I,60010416000112,04/2026,Dir Cred / PL,1.0255962699130743,ratio,Visão Executiva canônica; cache IME local bde41857f8709d65448c48dfeb30d54a215139e77d6e3bb6a582b76344cae6ef,.cache/fundonet-ime/bde41857f8709d65448c48dfeb30d54a215139e77d6e3bb6a582b76344cae6ef
Carteiras selecionadas,MT Consignado Privado I,MT Consignado Privado I,60010416000112,03/2026,Dir Cred / PL,0.9972129250446037,ratio,Visão Executiva canônica; cache IME local bde41857f8709d65448c48dfeb30d54a215139e77d6e3bb6a582b76344cae6ef,.cache/fundonet-ime/bde41857f8709d65448c48dfeb30d54a215139e77d6e3bb6a582b76344cae6ef
Carteiras selecionadas,MT Consignado Privado I,MT Consignado Privado I,60010416000112,02/2026,Dir Cred / PL,0.971850254198046,ratio,Visão Executiva canônica; cache IME local bde41857f8709d65448c48dfeb30d54a215139e77d6e3bb6a582b76344cae6ef,.cache/fundonet-ime/bde41857f8709d65448c48dfeb30d54a215139e77d6e3bb6a582b76344cae6ef
Carteiras selecionadas,MT Consignado Privado I,MT Consignado Privado I,60010416000112,01/2026,Dir Cred / PL,1.0009275481156716,ratio,Visão Executiva canônica; cache IME local bde41857f8709d65448c48dfeb30d54a215139e77d6e3bb6a582b76344cae6ef,.cache/fundonet-ime/bde41857f8709d65448c48dfeb30d54a215139e77d6e3bb6a582b76344cae6ef
Carteiras selecionadas,MT Consignado Privado I,MT Consignado Privado I,60010416000112,12/2025,Dir Cred / PL,1.0009275481156716,ratio,Visão Executiva canônica; cache IME local bde41857f8709d65448c48dfeb30d54a215139e77d6e3bb6a582b76344cae6ef,.cache/fundonet-ime/bde41857f8709d65448c48dfeb30d54a215139e77d6e3bb6a582b76344cae6ef
Carteiras selecionadas,MT Consignado Privado I,MT Consignado Privado I,60010416000112,11/2025,Dir Cred / PL,0.9968093691303707,ratio,Visão Executiva canônica; cache IME local bde41857f8709d65448c48dfeb30d54a215139e77d6e3bb6a582b76344cae6ef,.cache/fundonet-ime/bde41857f8709d65448c48dfeb30d54a215139e77d6e3bb6a582b76344cae6ef
Carteiras selecionadas,MT Consignado Privado I,MT Consignado Privado I,60010416000112,10/2025,Dir Cred / PL,0.966785072950307,ratio,Visão Executiva canônica; cache IME local bde41857f8709d65448c48dfeb30d54a215139e77d6e3bb6a582b76344cae6ef,.cache/fundonet-ime/bde41857f8709d65448c48dfeb30d54a215139e77d6e3bb6a582b76344cae6ef
Carteiras selecionadas,MT Consignado Privado I,MT Consignado Privado I,60010416000112,09/2025,Dir Cred / PL,0.966785072950307,ratio,Visão Executiva canônica; cache IME local bde41857f8709d65448c48dfeb30d54a215139e77d6e3bb6a582b76344cae6ef,.cache/fundonet-ime/bde41857f8709d65448c48dfeb30d54a215139e77d6e3bb6a582b76344cae6ef
Carteiras selecionadas,MT Consignado Privado I,MT Consignado Privado I,60010416000112,08/2025,Dir Cred / PL,0.9791667535899065,ratio,Visão Executiva canônica; cache IME local bde41857f8709d65448c48dfeb30d54a215139e77d6e3bb6a582b76344cae6ef,.cache/fundonet-ime/bde41857f8709d65448c48dfeb30d54a215139e77d6e3bb6a582b76344cae6ef
Carteiras selecionadas,MT Consignado Privado I,MT Consignado Privado I,60010416000112,07/2025,Dir Cred / PL,1.002986247887856,ratio,Visão Executiva canônica; cache IME local bde41857f8709d65448c48dfeb30d54a215139e77d6e3bb6a582b76344cae6ef,.cache/fundonet-ime/bde41857f8709d65448c48dfeb30d54a215139e77d6e3bb6a582b76344cae6ef
Carteiras selecionadas,MT Consignado Privado I,MT Consignado Privado I,60010416000112,06/2025,Dir Cred / PL,0.9811435711447268,ratio,Visão Executiva canônica; cache IME local bde41857f8709d65448c48dfeb30d54a215139e77d6e3bb6a582b76344cae6ef,.cache/fundonet-ime/bde41857f8709d65448c48dfeb30d54a215139e77d6e3bb6a582b76344cae6ef
Carteiras selecionadas,MT Consignado Privado I,MT Consignado Privado I,60010416000112,05/2025,Dir Cred / PL,0.9205250039692675,ratio,Visão Executiva canônica; cache IME local bde41857f8709d65448c48dfeb30d54a215139e77d6e3bb6a582b76344cae6ef,.cache/fundonet-ime/bde41857f8709d65448c48dfeb30d54a215139e77d6e3bb6a582b76344cae6ef
Carteiras selecionadas,MT Consignado Privado I,MT Consignado Privado I,60010416000112,04/2025,Dir Cred / PL,0.8916409845686406,ratio,Visão Executiva canônica; cache IME local bde41857f8709d65448c48dfeb30d54a215139e77d6e3bb6a582b76344cae6ef,.cache/fundonet-ime/bde41857f8709d65448c48dfeb30d54a215139e77d6e3bb6a582b76344cae6ef
Carteiras selecionadas,MT Consignado Privado I,MT Consignado Privado I,60010416000112,03/2025,Dir Cred / PL,0.8553349474895572,ratio,Visão Executiva canônica; cache IME local bde41857f8709d65448c48dfeb30d54a215139e77d6e3bb6a582b76344cae6ef,.cache/fundonet-ime/bde41857f8709d65448c48dfeb30d54a215139e77d6e3bb6a582b76344cae6ef
Carteiras selecionadas,MT Consignado Privado I,MT Consignado Privado I,60010416000112,06/2026,Vencidos <= 90 d (R$ MM),70.35337996999999,R$ MM,Visão Executiva canônica; cache IME local bde41857f8709d65448c48dfeb30d54a215139e77d6e3bb6a582b76344cae6ef,.cache/fundonet-ime/bde41857f8709d65448c48dfeb30d54a215139e77d6e3bb6a582b76344cae6ef
Carteiras selecionadas,MT Consignado Privado I,MT Consignado Privado I,60010416000112,05/2026,Vencidos <= 90 d (R$ MM),65.27046576,R$ MM,Visão Executiva canônica; cache IME local bde41857f8709d65448c48dfeb30d54a215139e77d6e3bb6a582b76344cae6ef,.cache/fundonet-ime/bde41857f8709d65448c48dfeb30d54a215139e77d6e3bb6a582b76344cae6ef
Carteiras selecionadas,MT Consignado Privado I,MT Consignado Privado I,60010416000112,04/2026,Vencidos <= 90 d (R$ MM),37.44994969,R$ MM,Visão Executiva canônica; cache IME local bde41857f8709d65448c48dfeb30d54a215139e77d6e3bb6a582b76344cae6ef,.cache/fundonet-ime/bde41857f8709d65448c48dfeb30d54a215139e77d6e3bb6a582b76344cae6ef
Carteiras selecionadas,MT Consignado Privado I,MT Consignado Privado I,60010416000112,03/2026,Vencidos <= 90 d (R$ MM),31.91334522,R$ MM,Visão Executiva canônica; cache IME local bde41857f8709d65448c48dfeb30d54a215139e77d6e3bb6a582b76344cae6ef,.cache/fundonet-ime/bde41857f8709d65448c48dfeb30d54a215139e77d6e3bb6a582b76344cae6ef
Carteiras selecionadas,MT Consignado Privado I,MT Consignado Privado I,60010416000112,02/2026,Vencidos <= 90 d (R$ MM),47.49769907,R$ MM,Visão Executiva canônica; cache IME local bde41857f8709d65448c48dfeb30d54a215139e77d6e3bb6a582b76344cae6ef,.cache/fundonet-ime/bde41857f8709d65448c48dfeb30d54a215139e77d6e3bb6a582b76344cae6ef
Carteiras selecionadas,MT Consignado Privado I,MT Consignado Privado I,60010416000112,01/2026,Vencidos <= 90 d (R$ MM),1.5615809299999999,R$ MM,Visão Executiva canônica; cache IME local bde41857f8709d65448c48dfeb30d54a215139e77d6e3bb6a582b76344cae6ef,.cache/fundonet-ime/bde41857f8709d65448c48dfeb30d54a215139e77d6e3bb6a582b76344cae6ef
Carteiras selecionadas,MT Consignado Privado I,MT Consignado Privado I,60010416000112,12/2025,Vencidos <= 90 d (R$ MM),1.5615809299999999,R$ MM,Visão Executiva canônica; cache IME local bde41857f8709d65448c48dfeb30d54a215139e77d6e3bb6a582b76344cae6ef,.cache/fundonet-ime/bde41857f8709d65448c48dfeb30d54a215139e77d6e3bb6a582b76344cae6ef
Carteiras selecionadas,MT Consignado Privado I,MT Consignado Privado I,60010416000112,11/2025,Vencidos <= 90 d (R$ MM),21.18132784,R$ MM,Visão Executiva canônica; cache IME local bde41857f8709d65448c48dfeb30d54a215139e77d6e3bb6a582b76344cae6ef,.cache/fundonet-ime/bde41857f8709d65448c48dfeb30d54a215139e77d6e3bb6a582b76344cae6ef
Carteiras selecionadas,MT Consignado Privado I,MT Consignado Privado I,60010416000112,10/2025,Vencidos <= 90 d (R$ MM),0.0,R$ MM,Visão Executiva canônica; cache IME local bde41857f8709d65448c48dfeb30d54a215139e77d6e3bb6a582b76344cae6ef,.cache/fundonet-ime/bde41857f8709d65448c48dfeb30d54a215139e77d6e3bb6a582b76344cae6ef
Carteiras selecionadas,MT Consignado Privado I,MT Consignado Privado I,60010416000112,09/2025,Vencidos <= 90 d (R$ MM),0.0,R$ MM,Visão Executiva canônica; cache IME local bde41857f8709d65448c48dfeb30d54a215139e77d6e3bb6a582b76344cae6ef,.cache/fundonet-ime/bde41857f8709d65448c48dfeb30d54a215139e77d6e3bb6a582b76344cae6ef
Carteiras selecionadas,MT Consignado Privado I,MT Consignado Privado I,60010416000112,08/2025,Vencidos <= 90 d (R$ MM),0.0,R$ MM,Visão Executiva canônica; cache IME local bde41857f8709d65448c48dfeb30d54a215139e77d6e3bb6a582b76344cae6ef,.cache/fundonet-ime/bde41857f8709d65448c48dfeb30d54a215139e77d6e3bb6a582b76344cae6ef
Carteiras selecionadas,MT Consignado Privado I,MT Consignado Privado I,60010416000112,07/2025,Vencidos <= 90 d (R$ MM),0.0,R$ MM,Visão Executiva canônica; cache IME local bde41857f8709d65448c48dfeb30d54a215139e77d6e3bb6a582b76344cae6ef,.cache/fundonet-ime/bde41857f8709d65448c48dfeb30d54a215139e77d6e3bb6a582b76344cae6ef
Carteiras selecionadas,MT Consignado Privado I,MT Consignado Privado I,60010416000112,06/2025,Vencidos <= 90 d (R$ MM),0.0,R$ MM,Visão Executiva canônica; cache IME local bde41857f8709d65448c48dfeb30d54a215139e77d6e3bb6a582b76344cae6ef,.cache/fundonet-ime/bde41857f8709d65448c48dfeb30d54a215139e77d6e3bb6a582b76344cae6ef
Carteiras selecionadas,MT Consignado Privado I,MT Consignado Privado I,60010416000112,05/2025,Vencidos <= 90 d (R$ MM),0.0,R$ MM,Visão Executiva canônica; cache IME local bde41857f8709d65448c48dfeb30d54a215139e77d6e3bb6a582b76344cae6ef,.cache/fundonet-ime/bde41857f8709d65448c48dfeb30d54a215139e77d6e3bb6a582b76344cae6ef
Carteiras selecionadas,MT Consignado Privado I,MT Consignado Privado I,60010416000112,04/2025,Vencidos <= 90 d (R$ MM),0.0,R$ MM,Visão Executiva canônica; cache IME local bde41857f8709d65448c48dfeb30d54a215139e77d6e3bb6a582b76344cae6ef,.cache/fundonet-ime/bde41857f8709d65448c48dfeb30d54a215139e77d6e3bb6a582b76344cae6ef
Carteiras selecionadas,MT Consignado Privado I,MT Consignado Privado I,60010416000112,03/2025,Vencidos <= 90 d (R$ MM),0.0,R$ MM,Visão Executiva canônica; cache IME local bde41857f8709d65448c48dfeb30d54a215139e77d6e3bb6a582b76344cae6ef,.cache/fundonet-ime/bde41857f8709d65448c48dfeb30d54a215139e77d6e3bb6a582b76344cae6ef
Carteiras selecionadas,MT Consignado Privado I,MT Consignado Privado I,60010416000112,06/2026,Vencidos > 90 d (R$ MM),23.692612029999996,R$ MM,Visão Executiva canônica; cache IME local bde41857f8709d65448c48dfeb30d54a215139e77d6e3bb6a582b76344cae6ef,.cache/fundonet-ime/bde41857f8709d65448c48dfeb30d54a215139e77d6e3bb6a582b76344cae6ef
Carteiras selecionadas,MT Consignado Privado I,MT Consignado Privado I,60010416000112,05/2026,Vencidos > 90 d (R$ MM),17.62102645,R$ MM,Visão Executiva canônica; cache IME local bde41857f8709d65448c48dfeb30d54a215139e77d6e3bb6a582b76344cae6ef,.cache/fundonet-ime/bde41857f8709d65448c48dfeb30d54a215139e77d6e3bb6a582b76344cae6ef
Carteiras selecionadas,MT Consignado Privado I,MT Consignado Privado I,60010416000112,04/2026,Vencidos > 90 d (R$ MM),1.6320916699999999,R$ MM,Visão Executiva canônica; cache IME local bde41857f8709d65448c48dfeb30d54a215139e77d6e3bb6a582b76344cae6ef,.cache/fundonet-ime/bde41857f8709d65448c48dfeb30d54a215139e77d6e3bb6a582b76344cae6ef
Carteiras selecionadas,MT Consignado Privado I,MT Consignado Privado I,60010416000112,03/2026,Vencidos > 90 d (R$ MM),1.49646743,R$ MM,Visão Executiva canônica; cache IME local bde41857f8709d65448c48dfeb30d54a215139e77d6e3bb6a582b76344cae6ef,.cache/fundonet-ime/bde41857f8709d65448c48dfeb30d54a215139e77d6e3bb6a582b76344cae6ef
Carteiras selecionadas,MT Consignado Privado I,MT Consignado Privado I,60010416000112,02/2026,Vencidos > 90 d (R$ MM),0.0,R$ MM,Visão Executiva canônica; cache IME local bde41857f8709d65448c48dfeb30d54a215139e77d6e3bb6a582b76344cae6ef,.cache/fundonet-ime/bde41857f8709d65448c48dfeb30d54a215139e77d6e3bb6a582b76344cae6ef
Carteiras selecionadas,MT Consignado Privado I,MT Consignado Privado I,60010416000112,01/2026,Vencidos > 90 d (R$ MM),0.0,R$ MM,Visão Executiva canônica; cache IME local bde41857f8709d65448c48dfeb30d54a215139e77d6e3bb6a582b76344cae6ef,.cache/fundonet-ime/bde41857f8709d65448c48dfeb30d54a215139e77d6e3bb6a582b76344cae6ef
Carteiras selecionadas,MT Consignado Privado I,MT Consignado Privado I,60010416000112,12/2025,Vencidos > 90 d (R$ MM),0.0,R$ MM,Visão Executiva canônica; cache IME local bde41857f8709d65448c48dfeb30d54a215139e77d6e3bb6a582b76344cae6ef,.cache/fundonet-ime/bde41857f8709d65448c48dfeb30d54a215139e77d6e3bb6a582b76344cae6ef
Carteiras selecionadas,MT Consignado Privado I,MT Consignado Privado I,60010416000112,11/2025,Vencidos > 90 d (R$ MM),0.0,R$ MM,Visão Executiva canônica; cache IME local bde41857f8709d65448c48dfeb30d54a215139e77d6e3bb6a582b76344cae6ef,.cache/fundonet-ime/bde41857f8709d65448c48dfeb30d54a215139e77d6e3bb6a582b76344cae6ef
Carteiras selecionadas,MT Consignado Privado I,MT Consignado Privado I,60010416000112,10/2025,Vencidos > 90 d (R$ MM),0.0,R$ MM,Visão Executiva canônica; cache IME local bde41857f8709d65448c48dfeb30d54a215139e77d6e3bb6a582b76344cae6ef,.cache/fundonet-ime/bde41857f8709d65448c48dfeb30d54a215139e77d6e3bb6a582b76344cae6ef
Carteiras selecionadas,MT Consignado Privado I,MT Consignado Privado I,60010416000112,09/2025,Vencidos > 90 d (R$ MM),0.0,R$ MM,Visão Executiva canônica; cache IME local bde41857f8709d65448c48dfeb30d54a215139e77d6e3bb6a582b76344cae6ef,.cache/fundonet-ime/bde41857f8709d65448c48dfeb30d54a215139e77d6e3bb6a582b76344cae6ef
Carteiras selecionadas,MT Consignado Privado I,MT Consignado Privado I,60010416000112,08/2025,Vencidos > 90 d (R$ MM),0.0,R$ MM,Visão Executiva canônica; cache IME local bde41857f8709d65448c48dfeb30d54a215139e77d6e3bb6a582b76344cae6ef,.cache/fundonet-ime/bde41857f8709d65448c48dfeb30d54a215139e77d6e3bb6a582b76344cae6ef
Carteiras selecionadas,MT Consignado Privado I,MT Consignado Privado I,60010416000112,07/2025,Vencidos > 90 d (R$ MM),0.0,R$ MM,Visão Executiva canônica; cache IME local bde41857f8709d65448c48dfeb30d54a215139e77d6e3bb6a582b76344cae6ef,.cache/fundonet-ime/bde41857f8709d65448c48dfeb30d54a215139e77d6e3bb6a582b76344cae6ef
Carteiras selecionadas,MT Consignado Privado I,MT Consignado Privado I,60010416000112,06/2025,Vencidos > 90 d (R$ MM),0.0,R$ MM,Visão Executiva canônica; cache IME local bde41857f8709d65448c48dfeb30d54a215139e77d6e3bb6a582b76344cae6ef,.cache/fundonet-ime/bde41857f8709d65448c48dfeb30d54a215139e77d6e3bb6a582b76344cae6ef
Carteiras selecionadas,MT Consignado Privado I,MT Consignado Privado I,60010416000112,05/2025,Vencidos > 90 d (R$ MM),0.0,R$ MM,Visão Executiva canônica; cache IME local bde41857f8709d65448c48dfeb30d54a215139e77d6e3bb6a582b76344cae6ef,.cache/fundonet-ime/bde41857f8709d65448c48dfeb30d54a215139e77d6e3bb6a582b76344cae6ef
Carteiras selecionadas,MT Consignado Privado I,MT Consignado Privado I,60010416000112,04/2025,Vencidos > 90 d (R$ MM),0.0,R$ MM,Visão Executiva canônica; cache IME local bde41857f8709d65448c48dfeb30d54a215139e77d6e3bb6a582b76344cae6ef,.cache/fundonet-ime/bde41857f8709d65448c48dfeb30d54a215139e77d6e3bb6a582b76344cae6ef
Carteiras selecionadas,MT Consignado Privado I,MT Consignado Privado I,60010416000112,03/2025,Vencidos > 90 d (R$ MM),0.0,R$ MM,Visão Executiva canônica; cache IME local bde41857f8709d65448c48dfeb30d54a215139e77d6e3bb6a582b76344cae6ef,.cache/fundonet-ime/bde41857f8709d65448c48dfeb30d54a215139e77d6e3bb6a582b76344cae6ef
Carteiras selecionadas,MT Consignado Privado I,MT Consignado Privado I,60010416000112,06/2026,Vencidos Total (R$ MM),94.045992,R$ MM,Visão Executiva canônica; cache IME local bde41857f8709d65448c48dfeb30d54a215139e77d6e3bb6a582b76344cae6ef,.cache/fundonet-ime/bde41857f8709d65448c48dfeb30d54a215139e77d6e3bb6a582b76344cae6ef
Carteiras selecionadas,MT Consignado Privado I,MT Consignado Privado I,60010416000112,05/2026,Vencidos Total (R$ MM),82.89149221,R$ MM,Visão Executiva canônica; cache IME local bde41857f8709d65448c48dfeb30d54a215139e77d6e3bb6a582b76344cae6ef,.cache/fundonet-ime/bde41857f8709d65448c48dfeb30d54a215139e77d6e3bb6a582b76344cae6ef
Carteiras selecionadas,MT Consignado Privado I,MT Consignado Privado I,60010416000112,04/2026,Vencidos Total (R$ MM),39.08204136,R$ MM,Visão Executiva canônica; cache IME local bde41857f8709d65448c48dfeb30d54a215139e77d6e3bb6a582b76344cae6ef,.cache/fundonet-ime/bde41857f8709d65448c48dfeb30d54a215139e77d6e3bb6a582b76344cae6ef
Carteiras selecionadas,MT Consignado Privado I,MT Consignado Privado I,60010416000112,03/2026,Vencidos Total (R$ MM),33.40981265,R$ MM,Visão Executiva canônica; cache IME local bde41857f8709d65448c48dfeb30d54a215139e77d6e3bb6a582b76344cae6ef,.cache/fundonet-ime/bde41857f8709d65448c48dfeb30d54a215139e77d6e3bb6a582b76344cae6ef
Carteiras selecionadas,MT Consignado Privado I,MT Consignado Privado I,60010416000112,02/2026,Vencidos Total (R$ MM),47.49769907,R$ MM,Visão Executiva canônica; cache IME local bde41857f8709d65448c48dfeb30d54a215139e77d6e3bb6a582b76344cae6ef,.cache/fundonet-ime/bde41857f8709d65448c48dfeb30d54a215139e77d6e3bb6a582b76344cae6ef
Carteiras selecionadas,MT Consignado Privado I,MT Consignado Privado I,60010416000112,01/2026,Vencidos Total (R$ MM),1.5615809299999999,R$ MM,Visão Executiva canônica; cache IME local bde41857f8709d65448c48dfeb30d54a215139e77d6e3bb6a582b76344cae6ef,.cache/fundonet-ime/bde41857f8709d65448c48dfeb30d54a215139e77d6e3bb6a582b76344cae6ef
Carteiras selecionadas,MT Consignado Privado I,MT Consignado Privado I,60010416000112,12/2025,Vencidos Total (R$ MM),1.5615809299999999,R$ MM,Visão Executiva canônica; cache IME local bde41857f8709d65448c48dfeb30d54a215139e77d6e3bb6a582b76344cae6ef,.cache/fundonet-ime/bde41857f8709d65448c48dfeb30d54a215139e77d6e3bb6a582b76344cae6ef
Carteiras selecionadas,MT Consignado Privado I,MT Consignado Privado I,60010416000112,11/2025,Vencidos Total (R$ MM),21.18132784,R$ MM,Visão Executiva canônica; cache IME local bde41857f8709d65448c48dfeb30d54a215139e77d6e3bb6a582b76344cae6ef,.cache/fundonet-ime/bde41857f8709d65448c48dfeb30d54a215139e77d6e3bb6a582b76344cae6ef
Carteiras selecionadas,MT Consignado Privado I,MT Consignado Privado I,60010416000112,10/2025,Vencidos Total (R$ MM),0.0,R$ MM,Visão Executiva canônica; cache IME local bde41857f8709d65448c48dfeb30d54a215139e77d6e3bb6a582b76344cae6ef,.cache/fundonet-ime/bde41857f8709d65448c48dfeb30d54a215139e77d6e3bb6a582b76344cae6ef
Carteiras selecionadas,MT Consignado Privado I,MT Consignado Privado I,60010416000112,09/2025,Vencidos Total (R$ MM),0.0,R$ MM,Visão Executiva canônica; cache IME local bde41857f8709d65448c48dfeb30d54a215139e77d6e3bb6a582b76344cae6ef,.cache/fundonet-ime/bde41857f8709d65448c48dfeb30d54a215139e77d6e3bb6a582b76344cae6ef
Carteiras selecionadas,MT Consignado Privado I,MT Consignado Privado I,60010416000112,08/2025,Vencidos Total (R$ MM),0.0,R$ MM,Visão Executiva canônica; cache IME local bde41857f8709d65448c48dfeb30d54a215139e77d6e3bb6a582b76344cae6ef,.cache/fundonet-ime/bde41857f8709d65448c48dfeb30d54a215139e77d6e3bb6a582b76344cae6ef
Carteiras selecionadas,MT Consignado Privado I,MT Consignado Privado I,60010416000112,07/2025,Vencidos Total (R$ MM),0.0,R$ MM,Visão Executiva canônica; cache IME local bde41857f8709d65448c48dfeb30d54a215139e77d6e3bb6a582b76344cae6ef,.cache/fundonet-ime/bde41857f8709d65448c48dfeb30d54a215139e77d6e3bb6a582b76344cae6ef
Carteiras selecionadas,MT Consignado Privado I,MT Consignado Privado I,60010416000112,06/2025,Vencidos Total (R$ MM),0.0,R$ MM,Visão Executiva canônica; cache IME local bde41857f8709d65448c48dfeb30d54a215139e77d6e3bb6a582b76344cae6ef,.cache/fundonet-ime/bde41857f8709d65448c48dfeb30d54a215139e77d6e3bb6a582b76344cae6ef
Carteiras selecionadas,MT Consignado Privado I,MT Consignado Privado I,60010416000112,05/2025,Vencidos Total (R$ MM),0.0,R$ MM,Visão Executiva canônica; cache IME local bde41857f8709d65448c48dfeb30d54a215139e77d6e3bb6a582b76344cae6ef,.cache/fundonet-ime/bde41857f8709d65448c48dfeb30d54a215139e77d6e3bb6a582b76344cae6ef
Carteiras selecionadas,MT Consignado Privado I,MT Consignado Privado I,60010416000112,04/2025,Vencidos Total (R$ MM),0.0,R$ MM,Visão Executiva canônica; cache IME local bde41857f8709d65448c48dfeb30d54a215139e77d6e3bb6a582b76344cae6ef,.cache/fundonet-ime/bde41857f8709d65448c48dfeb30d54a215139e77d6e3bb6a582b76344cae6ef
Carteiras selecionadas,MT Consignado Privado I,MT Consignado Privado I,60010416000112,03/2025,Vencidos Total (R$ MM),0.0,R$ MM,Visão Executiva canônica; cache IME local bde41857f8709d65448c48dfeb30d54a215139e77d6e3bb6a582b76344cae6ef,.cache/fundonet-ime/bde41857f8709d65448c48dfeb30d54a215139e77d6e3bb6a582b76344cae6ef
Carteiras selecionadas,MT Consignado Privado I,MT Consignado Privado I,60010416000112,06/2026,Vencidos <= 90 d / Crédito,0.021727554152704633,ratio,Visão Executiva canônica; cache IME local bde41857f8709d65448c48dfeb30d54a215139e77d6e3bb6a582b76344cae6ef,.cache/fundonet-ime/bde41857f8709d65448c48dfeb30d54a215139e77d6e3bb6a582b76344cae6ef
Carteiras selecionadas,MT Consignado Privado I,MT Consignado Privado I,60010416000112,05/2026,Vencidos <= 90 d / Crédito,0.018917368317759232,ratio,Visão Executiva canônica; cache IME local bde41857f8709d65448c48dfeb30d54a215139e77d6e3bb6a582b76344cae6ef,.cache/fundonet-ime/bde41857f8709d65448c48dfeb30d54a215139e77d6e3bb6a582b76344cae6ef
Carteiras selecionadas,MT Consignado Privado I,MT Consignado Privado I,60010416000112,04/2026,Vencidos <= 90 d / Crédito,0.009991800992672547,ratio,Visão Executiva canônica; cache IME local bde41857f8709d65448c48dfeb30d54a215139e77d6e3bb6a582b76344cae6ef,.cache/fundonet-ime/bde41857f8709d65448c48dfeb30d54a215139e77d6e3bb6a582b76344cae6ef
Carteiras selecionadas,MT Consignado Privado I,MT Consignado Privado I,60010416000112,03/2026,Vencidos <= 90 d / Crédito,0.008018803112151423,ratio,Visão Executiva canônica; cache IME local bde41857f8709d65448c48dfeb30d54a215139e77d6e3bb6a582b76344cae6ef,.cache/fundonet-ime/bde41857f8709d65448c48dfeb30d54a215139e77d6e3bb6a582b76344cae6ef
Carteiras selecionadas,MT Consignado Privado I,MT Consignado Privado I,60010416000112,02/2026,Vencidos <= 90 d / Crédito,0.011111832553753791,ratio,Visão Executiva canônica; cache IME local bde41857f8709d65448c48dfeb30d54a215139e77d6e3bb6a582b76344cae6ef,.cache/fundonet-ime/bde41857f8709d65448c48dfeb30d54a215139e77d6e3bb6a582b76344cae6ef
Carteiras selecionadas,MT Consignado Privado I,MT Consignado Privado I,60010416000112,01/2026,Vencidos <= 90 d / Crédito,0.00039061378836847976,ratio,Visão Executiva canônica; cache IME local bde41857f8709d65448c48dfeb30d54a215139e77d6e3bb6a582b76344cae6ef,.cache/fundonet-ime/bde41857f8709d65448c48dfeb30d54a215139e77d6e3bb6a582b76344cae6ef
Carteiras selecionadas,MT Consignado Privado I,MT Consignado Privado I,60010416000112,12/2025,Vencidos <= 90 d / Crédito,0.00039061378836847976,ratio,Visão Executiva canônica; cache IME local bde41857f8709d65448c48dfeb30d54a215139e77d6e3bb6a582b76344cae6ef,.cache/fundonet-ime/bde41857f8709d65448c48dfeb30d54a215139e77d6e3bb6a582b76344cae6ef
Carteiras selecionadas,MT Consignado Privado I,MT Consignado Privado I,60010416000112,11/2025,Vencidos <= 90 d / Crédito,0.006354872870306386,ratio,Visão Executiva canônica; cache IME local bde41857f8709d65448c48dfeb30d54a215139e77d6e3bb6a582b76344cae6ef,.cache/fundonet-ime/bde41857f8709d65448c48dfeb30d54a215139e77d6e3bb6a582b76344cae6ef
Carteiras selecionadas,MT Consignado Privado I,MT Consignado Privado I,60010416000112,10/2025,Vencidos <= 90 d / Crédito,0.0,ratio,Visão Executiva canônica; cache IME local bde41857f8709d65448c48dfeb30d54a215139e77d6e3bb6a582b76344cae6ef,.cache/fundonet-ime/bde41857f8709d65448c48dfeb30d54a215139e77d6e3bb6a582b76344cae6ef
Carteiras selecionadas,MT Consignado Privado I,MT Consignado Privado I,60010416000112,09/2025,Vencidos <= 90 d / Crédito,0.0,ratio,Visão Executiva canônica; cache IME local bde41857f8709d65448c48dfeb30d54a215139e77d6e3bb6a582b76344cae6ef,.cache/fundonet-ime/bde41857f8709d65448c48dfeb30d54a215139e77d6e3bb6a582b76344cae6ef
Carteiras selecionadas,MT Consignado Privado I,MT Consignado Privado I,60010416000112,08/2025,Vencidos <= 90 d / Crédito,0.0,ratio,Visão Executiva canônica; cache IME local bde41857f8709d65448c48dfeb30d54a215139e77d6e3bb6a582b76344cae6ef,.cache/fundonet-ime/bde41857f8709d65448c48dfeb30d54a215139e77d6e3bb6a582b76344cae6ef
Carteiras selecionadas,MT Consignado Privado I,MT Consignado Privado I,60010416000112,07/2025,Vencidos <= 90 d / Crédito,0.0,ratio,Visão Executiva canônica; cache IME local bde41857f8709d65448c48dfeb30d54a215139e77d6e3bb6a582b76344cae6ef,.cache/fundonet-ime/bde41857f8709d65448c48dfeb30d54a215139e77d6e3bb6a582b76344cae6ef
Carteiras selecionadas,MT Consignado Privado I,MT Consignado Privado I,60010416000112,06/2025,Vencidos <= 90 d / Crédito,0.0,ratio,Visão Executiva canônica; cache IME local bde41857f8709d65448c48dfeb30d54a215139e77d6e3bb6a582b76344cae6ef,.cache/fundonet-ime/bde41857f8709d65448c48dfeb30d54a215139e77d6e3bb6a582b76344cae6ef
Carteiras selecionadas,MT Consignado Privado I,MT Consignado Privado I,60010416000112,05/2025,Vencidos <= 90 d / Crédito,0.0,ratio,Visão Executiva canônica; cache IME local bde41857f8709d65448c48dfeb30d54a215139e77d6e3bb6a582b76344cae6ef,.cache/fundonet-ime/bde41857f8709d65448c48dfeb30d54a215139e77d6e3bb6a582b76344cae6ef
Carteiras selecionadas,MT Consignado Privado I,MT Consignado Privado I,60010416000112,04/2025,Vencidos <= 90 d / Crédito,0.0,ratio,Visão Executiva canônica; cache IME local bde41857f8709d65448c48dfeb30d54a215139e77d6e3bb6a582b76344cae6ef,.cache/fundonet-ime/bde41857f8709d65448c48dfeb30d54a215139e77d6e3bb6a582b76344cae6ef
Carteiras selecionadas,MT Consignado Privado I,MT Consignado Privado I,60010416000112,03/2025,Vencidos <= 90 d / Crédito,0.0,ratio,Visão Executiva canônica; cache IME local bde41857f8709d65448c48dfeb30d54a215139e77d6e3bb6a582b76344cae6ef,.cache/fundonet-ime/bde41857f8709d65448c48dfeb30d54a215139e77d6e3bb6a582b76344cae6ef
Carteiras selecionadas,MT Consignado Privado I,MT Consignado Privado I,60010416000112,06/2026,Vencidos > 90 d / Crédito,0.007317097076506617,ratio,Visão Executiva canônica; cache IME local bde41857f8709d65448c48dfeb30d54a215139e77d6e3bb6a582b76344cae6ef,.cache/fundonet-ime/bde41857f8709d65448c48dfeb30d54a215139e77d6e3bb6a582b76344cae6ef
Carteiras selecionadas,MT Consignado Privado I,MT Consignado Privado I,60010416000112,05/2026,Vencidos > 90 d / Crédito,0.005107109986273636,ratio,Visão Executiva canônica; cache IME local bde41857f8709d65448c48dfeb30d54a215139e77d6e3bb6a582b76344cae6ef,.cache/fundonet-ime/bde41857f8709d65448c48dfeb30d54a215139e77d6e3bb6a582b76344cae6ef
Carteiras selecionadas,MT Consignado Privado I,MT Consignado Privado I,60010416000112,04/2026,Vencidos > 90 d / Crédito,0.000435448787072552,ratio,Visão Executiva canônica; cache IME local bde41857f8709d65448c48dfeb30d54a215139e77d6e3bb6a582b76344cae6ef,.cache/fundonet-ime/bde41857f8709d65448c48dfeb30d54a215139e77d6e3bb6a582b76344cae6ef
Carteiras selecionadas,MT Consignado Privado I,MT Consignado Privado I,60010416000112,03/2026,Vencidos > 90 d / Crédito,0.00037601441034131874,ratio,Visão Executiva canônica; cache IME local bde41857f8709d65448c48dfeb30d54a215139e77d6e3bb6a582b76344cae6ef,.cache/fundonet-ime/bde41857f8709d65448c48dfeb30d54a215139e77d6e3bb6a582b76344cae6ef
Carteiras selecionadas,MT Consignado Privado I,MT Consignado Privado I,60010416000112,02/2026,Vencidos > 90 d / Crédito,0.0,ratio,Visão Executiva canônica; cache IME local bde41857f8709d65448c48dfeb30d54a215139e77d6e3bb6a582b76344cae6ef,.cache/fundonet-ime/bde41857f8709d65448c48dfeb30d54a215139e77d6e3bb6a582b76344cae6ef
Carteiras selecionadas,MT Consignado Privado I,MT Consignado Privado I,60010416000112,01/2026,Vencidos > 90 d / Crédito,0.0,ratio,Visão Executiva canônica; cache IME local bde41857f8709d65448c48dfeb30d54a215139e77d6e3bb6a582b76344cae6ef,.cache/fundonet-ime/bde41857f8709d65448c48dfeb30d54a215139e77d6e3bb6a582b76344cae6ef
Carteiras selecionadas,MT Consignado Privado I,MT Consignado Privado I,60010416000112,12/2025,Vencidos > 90 d / Crédito,0.0,ratio,Visão Executiva canônica; cache IME local bde41857f8709d65448c48dfeb30d54a215139e77d6e3bb6a582b76344cae6ef,.cache/fundonet-ime/bde41857f8709d65448c48dfeb30d54a215139e77d6e3bb6a582b76344cae6ef
Carteiras selecionadas,MT Consignado Privado I,MT Consignado Privado I,60010416000112,11/2025,Vencidos > 90 d / Crédito,0.0,ratio,Visão Executiva canônica; cache IME local bde41857f8709d65448c48dfeb30d54a215139e77d6e3bb6a582b76344cae6ef,.cache/fundonet-ime/bde41857f8709d65448c48dfeb30d54a215139e77d6e3bb6a582b76344cae6ef
Carteiras selecionadas,MT Consignado Privado I,MT Consignado Privado I,60010416000112,10/2025,Vencidos > 90 d / Crédito,0.0,ratio,Visão Executiva canônica; cache IME local bde41857f8709d65448c48dfeb30d54a215139e77d6e3bb6a582b76344cae6ef,.cache/fundonet-ime/bde41857f8709d65448c48dfeb30d54a215139e77d6e3bb6a582b76344cae6ef
Carteiras selecionadas,MT Consignado Privado I,MT Consignado Privado I,60010416000112,09/2025,Vencidos > 90 d / Crédito,0.0,ratio,Visão Executiva canônica; cache IME local bde41857f8709d65448c48dfeb30d54a215139e77d6e3bb6a582b76344cae6ef,.cache/fundonet-ime/bde41857f8709d65448c48dfeb30d54a215139e77d6e3bb6a582b76344cae6ef
Carteiras selecionadas,MT Consignado Privado I,MT Consignado Privado I,60010416000112,08/2025,Vencidos > 90 d / Crédito,0.0,ratio,Visão Executiva canônica; cache IME local bde41857f8709d65448c48dfeb30d54a215139e77d6e3bb6a582b76344cae6ef,.cache/fundonet-ime/bde41857f8709d65448c48dfeb30d54a215139e77d6e3bb6a582b76344cae6ef
Carteiras selecionadas,MT Consignado Privado I,MT Consignado Privado I,60010416000112,07/2025,Vencidos > 90 d / Crédito,0.0,ratio,Visão Executiva canônica; cache IME local bde41857f8709d65448c48dfeb30d54a215139e77d6e3bb6a582b76344cae6ef,.cache/fundonet-ime/bde41857f8709d65448c48dfeb30d54a215139e77d6e3bb6a582b76344cae6ef
Carteiras selecionadas,MT Consignado Privado I,MT Consignado Privado I,60010416000112,06/2025,Vencidos > 90 d / Crédito,0.0,ratio,Visão Executiva canônica; cache IME local bde41857f8709d65448c48dfeb30d54a215139e77d6e3bb6a582b76344cae6ef,.cache/fundonet-ime/bde41857f8709d65448c48dfeb30d54a215139e77d6e3bb6a582b76344cae6ef
Carteiras selecionadas,MT Consignado Privado I,MT Consignado Privado I,60010416000112,05/2025,Vencidos > 90 d / Crédito,0.0,ratio,Visão Executiva canônica; cache IME local bde41857f8709d65448c48dfeb30d54a215139e77d6e3bb6a582b76344cae6ef,.cache/fundonet-ime/bde41857f8709d65448c48dfeb30d54a215139e77d6e3bb6a582b76344cae6ef
Carteiras selecionadas,MT Consignado Privado I,MT Consignado Privado I,60010416000112,04/2025,Vencidos > 90 d / Crédito,0.0,ratio,Visão Executiva canônica; cache IME local bde41857f8709d65448c48dfeb30d54a215139e77d6e3bb6a582b76344cae6ef,.cache/fundonet-ime/bde41857f8709d65448c48dfeb30d54a215139e77d6e3bb6a582b76344cae6ef
Carteiras selecionadas,MT Consignado Privado I,MT Consignado Privado I,60010416000112,03/2025,Vencidos > 90 d / Crédito,0.0,ratio,Visão Executiva canônica; cache IME local bde41857f8709d65448c48dfeb30d54a215139e77d6e3bb6a582b76344cae6ef,.cache/fundonet-ime/bde41857f8709d65448c48dfeb30d54a215139e77d6e3bb6a582b76344cae6ef
Carteiras selecionadas,MT Consignado Privado I,MT Consignado Privado I,60010416000112,06/2026,Vencidos Total / Crédito,0.029044651229211252,ratio,Visão Executiva canônica; cache IME local bde41857f8709d65448c48dfeb30d54a215139e77d6e3bb6a582b76344cae6ef,.cache/fundonet-ime/bde41857f8709d65448c48dfeb30d54a215139e77d6e3bb6a582b76344cae6ef
Carteiras selecionadas,MT Consignado Privado I,MT Consignado Privado I,60010416000112,05/2026,Vencidos Total / Crédito,0.024024478304032867,ratio,Visão Executiva canônica; cache IME local bde41857f8709d65448c48dfeb30d54a215139e77d6e3bb6a582b76344cae6ef,.cache/fundonet-ime/bde41857f8709d65448c48dfeb30d54a215139e77d6e3bb6a582b76344cae6ef
Carteiras selecionadas,MT Consignado Privado I,MT Consignado Privado I,60010416000112,04/2026,Vencidos Total / Crédito,0.0104272497797451,ratio,Visão Executiva canônica; cache IME local bde41857f8709d65448c48dfeb30d54a215139e77d6e3bb6a582b76344cae6ef,.cache/fundonet-ime/bde41857f8709d65448c48dfeb30d54a215139e77d6e3bb6a582b76344cae6ef
Carteiras selecionadas,MT Consignado Privado I,MT Consignado Privado I,60010416000112,03/2026,Vencidos Total / Crédito,0.008394817522492742,ratio,Visão Executiva canônica; cache IME local bde41857f8709d65448c48dfeb30d54a215139e77d6e3bb6a582b76344cae6ef,.cache/fundonet-ime/bde41857f8709d65448c48dfeb30d54a215139e77d6e3bb6a582b76344cae6ef
Carteiras selecionadas,MT Consignado Privado I,MT Consignado Privado I,60010416000112,02/2026,Vencidos Total / Crédito,0.011111832553753791,ratio,Visão Executiva canônica; cache IME local bde41857f8709d65448c48dfeb30d54a215139e77d6e3bb6a582b76344cae6ef,.cache/fundonet-ime/bde41857f8709d65448c48dfeb30d54a215139e77d6e3bb6a582b76344cae6ef
Carteiras selecionadas,MT Consignado Privado I,MT Consignado Privado I,60010416000112,01/2026,Vencidos Total / Crédito,0.00039061378836847976,ratio,Visão Executiva canônica; cache IME local bde41857f8709d65448c48dfeb30d54a215139e77d6e3bb6a582b76344cae6ef,.cache/fundonet-ime/bde41857f8709d65448c48dfeb30d54a215139e77d6e3bb6a582b76344cae6ef
Carteiras selecionadas,MT Consignado Privado I,MT Consignado Privado I,60010416000112,12/2025,Vencidos Total / Crédito,0.00039061378836847976,ratio,Visão Executiva canônica; cache IME local bde41857f8709d65448c48dfeb30d54a215139e77d6e3bb6a582b76344cae6ef,.cache/fundonet-ime/bde41857f8709d65448c48dfeb30d54a215139e77d6e3bb6a582b76344cae6ef
Carteiras selecionadas,MT Consignado Privado I,MT Consignado Privado I,60010416000112,11/2025,Vencidos Total / Crédito,0.006354872870306386,ratio,Visão Executiva canônica; cache IME local bde41857f8709d65448c48dfeb30d54a215139e77d6e3bb6a582b76344cae6ef,.cache/fundonet-ime/bde41857f8709d65448c48dfeb30d54a215139e77d6e3bb6a582b76344cae6ef
Carteiras selecionadas,MT Consignado Privado I,MT Consignado Privado I,60010416000112,10/2025,Vencidos Total / Crédito,0.0,ratio,Visão Executiva canônica; cache IME local bde41857f8709d65448c48dfeb30d54a215139e77d6e3bb6a582b76344cae6ef,.cache/fundonet-ime/bde41857f8709d65448c48dfeb30d54a215139e77d6e3bb6a582b76344cae6ef
Carteiras selecionadas,MT Consignado Privado I,MT Consignado Privado I,60010416000112,09/2025,Vencidos Total / Crédito,0.0,ratio,Visão Executiva canônica; cache IME local bde41857f8709d65448c48dfeb30d54a215139e77d6e3bb6a582b76344cae6ef,.cache/fundonet-ime/bde41857f8709d65448c48dfeb30d54a215139e77d6e3bb6a582b76344cae6ef
Carteiras selecionadas,MT Consignado Privado I,MT Consignado Privado I,60010416000112,08/2025,Vencidos Total / Crédito,0.0,ratio,Visão Executiva canônica; cache IME local bde41857f8709d65448c48dfeb30d54a215139e77d6e3bb6a582b76344cae6ef,.cache/fundonet-ime/bde41857f8709d65448c48dfeb30d54a215139e77d6e3bb6a582b76344cae6ef
Carteiras selecionadas,MT Consignado Privado I,MT Consignado Privado I,60010416000112,07/2025,Vencidos Total / Crédito,0.0,ratio,Visão Executiva canônica; cache IME local bde41857f8709d65448c48dfeb30d54a215139e77d6e3bb6a582b76344cae6ef,.cache/fundonet-ime/bde41857f8709d65448c48dfeb30d54a215139e77d6e3bb6a582b76344cae6ef
Carteiras selecionadas,MT Consignado Privado I,MT Consignado Privado I,60010416000112,06/2025,Vencidos Total / Crédito,0.0,ratio,Visão Executiva canônica; cache IME local bde41857f8709d65448c48dfeb30d54a215139e77d6e3bb6a582b76344cae6ef,.cache/fundonet-ime/bde41857f8709d65448c48dfeb30d54a215139e77d6e3bb6a582b76344cae6ef
Carteiras selecionadas,MT Consignado Privado I,MT Consignado Privado I,60010416000112,05/2025,Vencidos Total / Crédito,0.0,ratio,Visão Executiva canônica; cache IME local bde41857f8709d65448c48dfeb30d54a215139e77d6e3bb6a582b76344cae6ef,.cache/fundonet-ime/bde41857f8709d65448c48dfeb30d54a215139e77d6e3bb6a582b76344cae6ef
Carteiras selecionadas,MT Consignado Privado I,MT Consignado Privado I,60010416000112,04/2025,Vencidos Total / Crédito,0.0,ratio,Visão Executiva canônica; cache IME local bde41857f8709d65448c48dfeb30d54a215139e77d6e3bb6a582b76344cae6ef,.cache/fundonet-ime/bde41857f8709d65448c48dfeb30d54a215139e77d6e3bb6a582b76344cae6ef
Carteiras selecionadas,MT Consignado Privado I,MT Consignado Privado I,60010416000112,03/2025,Vencidos Total / Crédito,0.0,ratio,Visão Executiva canônica; cache IME local bde41857f8709d65448c48dfeb30d54a215139e77d6e3bb6a582b76344cae6ef,.cache/fundonet-ime/bde41857f8709d65448c48dfeb30d54a215139e77d6e3bb6a582b76344cae6ef
Carteiras selecionadas,MT Consignado Privado I,MT Consignado Privado I,60010416000112,06/2026,Vencidos Over 30 d (R$ MM),73.86716689000001,R$ MM,Visão Executiva canônica; cache IME local bde41857f8709d65448c48dfeb30d54a215139e77d6e3bb6a582b76344cae6ef,.cache/fundonet-ime/bde41857f8709d65448c48dfeb30d54a215139e77d6e3bb6a582b76344cae6ef
Carteiras selecionadas,MT Consignado Privado I,MT Consignado Privado I,60010416000112,05/2026,Vencidos Over 30 d (R$ MM),34.54622474,R$ MM,Visão Executiva canônica; cache IME local bde41857f8709d65448c48dfeb30d54a215139e77d6e3bb6a582b76344cae6ef,.cache/fundonet-ime/bde41857f8709d65448c48dfeb30d54a215139e77d6e3bb6a582b76344cae6ef
Carteiras selecionadas,MT Consignado Privado I,MT Consignado Privado I,60010416000112,04/2026,Vencidos Over 30 d (R$ MM),28.33919489,R$ MM,Visão Executiva canônica; cache IME local bde41857f8709d65448c48dfeb30d54a215139e77d6e3bb6a582b76344cae6ef,.cache/fundonet-ime/bde41857f8709d65448c48dfeb30d54a215139e77d6e3bb6a582b76344cae6ef
Carteiras selecionadas,MT Consignado Privado I,MT Consignado Privado I,60010416000112,03/2026,Vencidos Over 30 d (R$ MM),23.02069562,R$ MM,Visão Executiva canônica; cache IME local bde41857f8709d65448c48dfeb30d54a215139e77d6e3bb6a582b76344cae6ef,.cache/fundonet-ime/bde41857f8709d65448c48dfeb30d54a215139e77d6e3bb6a582b76344cae6ef
Carteiras selecionadas,MT Consignado Privado I,MT Consignado Privado I,60010416000112,02/2026,Vencidos Over 30 d (R$ MM),47.49769907,R$ MM,Visão Executiva canônica; cache IME local bde41857f8709d65448c48dfeb30d54a215139e77d6e3bb6a582b76344cae6ef,.cache/fundonet-ime/bde41857f8709d65448c48dfeb30d54a215139e77d6e3bb6a582b76344cae6ef
Carteiras selecionadas,MT Consignado Privado I,MT Consignado Privado I,60010416000112,01/2026,Vencidos Over 30 d (R$ MM),1.42153006,R$ MM,Visão Executiva canônica; cache IME local bde41857f8709d65448c48dfeb30d54a215139e77d6e3bb6a582b76344cae6ef,.cache/fundonet-ime/bde41857f8709d65448c48dfeb30d54a215139e77d6e3bb6a582b76344cae6ef
Carteiras selecionadas,MT Consignado Privado I,MT Consignado Privado I,60010416000112,12/2025,Vencidos Over 30 d (R$ MM),1.42153006,R$ MM,Visão Executiva canônica; cache IME local bde41857f8709d65448c48dfeb30d54a215139e77d6e3bb6a582b76344cae6ef,.cache/fundonet-ime/bde41857f8709d65448c48dfeb30d54a215139e77d6e3bb6a582b76344cae6ef
Carteiras selecionadas,MT Consignado Privado I,MT Consignado Privado I,60010416000112,11/2025,Vencidos Over 30 d (R$ MM),0.0,R$ MM,Visão Executiva canônica; cache IME local bde41857f8709d65448c48dfeb30d54a215139e77d6e3bb6a582b76344cae6ef,.cache/fundonet-ime/bde41857f8709d65448c48dfeb30d54a215139e77d6e3bb6a582b76344cae6ef
Carteiras selecionadas,MT Consignado Privado I,MT Consignado Privado I,60010416000112,10/2025,Vencidos Over 30 d (R$ MM),0.0,R$ MM,Visão Executiva canônica; cache IME local bde41857f8709d65448c48dfeb30d54a215139e77d6e3bb6a582b76344cae6ef,.cache/fundonet-ime/bde41857f8709d65448c48dfeb30d54a215139e77d6e3bb6a582b76344cae6ef
Carteiras selecionadas,MT Consignado Privado I,MT Consignado Privado I,60010416000112,09/2025,Vencidos Over 30 d (R$ MM),0.0,R$ MM,Visão Executiva canônica; cache IME local bde41857f8709d65448c48dfeb30d54a215139e77d6e3bb6a582b76344cae6ef,.cache/fundonet-ime/bde41857f8709d65448c48dfeb30d54a215139e77d6e3bb6a582b76344cae6ef
Carteiras selecionadas,MT Consignado Privado I,MT Consignado Privado I,60010416000112,08/2025,Vencidos Over 30 d (R$ MM),0.0,R$ MM,Visão Executiva canônica; cache IME local bde41857f8709d65448c48dfeb30d54a215139e77d6e3bb6a582b76344cae6ef,.cache/fundonet-ime/bde41857f8709d65448c48dfeb30d54a215139e77d6e3bb6a582b76344cae6ef
Carteiras selecionadas,MT Consignado Privado I,MT Consignado Privado I,60010416000112,07/2025,Vencidos Over 30 d (R$ MM),0.0,R$ MM,Visão Executiva canônica; cache IME local bde41857f8709d65448c48dfeb30d54a215139e77d6e3bb6a582b76344cae6ef,.cache/fundonet-ime/bde41857f8709d65448c48dfeb30d54a215139e77d6e3bb6a582b76344cae6ef
Carteiras selecionadas,MT Consignado Privado I,MT Consignado Privado I,60010416000112,06/2025,Vencidos Over 30 d (R$ MM),0.0,R$ MM,Visão Executiva canônica; cache IME local bde41857f8709d65448c48dfeb30d54a215139e77d6e3bb6a582b76344cae6ef,.cache/fundonet-ime/bde41857f8709d65448c48dfeb30d54a215139e77d6e3bb6a582b76344cae6ef
Carteiras selecionadas,MT Consignado Privado I,MT Consignado Privado I,60010416000112,05/2025,Vencidos Over 30 d (R$ MM),0.0,R$ MM,Visão Executiva canônica; cache IME local bde41857f8709d65448c48dfeb30d54a215139e77d6e3bb6a582b76344cae6ef,.cache/fundonet-ime/bde41857f8709d65448c48dfeb30d54a215139e77d6e3bb6a582b76344cae6ef
Carteiras selecionadas,MT Consignado Privado I,MT Consignado Privado I,60010416000112,04/2025,Vencidos Over 30 d (R$ MM),0.0,R$ MM,Visão Executiva canônica; cache IME local bde41857f8709d65448c48dfeb30d54a215139e77d6e3bb6a582b76344cae6ef,.cache/fundonet-ime/bde41857f8709d65448c48dfeb30d54a215139e77d6e3bb6a582b76344cae6ef
Carteiras selecionadas,MT Consignado Privado I,MT Consignado Privado I,60010416000112,03/2025,Vencidos Over 30 d (R$ MM),0.0,R$ MM,Visão Executiva canônica; cache IME local bde41857f8709d65448c48dfeb30d54a215139e77d6e3bb6a582b76344cae6ef,.cache/fundonet-ime/bde41857f8709d65448c48dfeb30d54a215139e77d6e3bb6a582b76344cae6ef
Carteiras selecionadas,MT Consignado Privado I,MT Consignado Privado I,60010416000112,06/2026,Vencidos Over 30 d / Crédito,0.022812732940389328,ratio,Visão Executiva canônica; cache IME local bde41857f8709d65448c48dfeb30d54a215139e77d6e3bb6a582b76344cae6ef,.cache/fundonet-ime/bde41857f8709d65448c48dfeb30d54a215139e77d6e3bb6a582b76344cae6ef
Carteiras selecionadas,MT Consignado Privado I,MT Consignado Privado I,60010416000112,05/2026,Vencidos Over 30 d / Crédito,0.010012547785359427,ratio,Visão Executiva canônica; cache IME local bde41857f8709d65448c48dfeb30d54a215139e77d6e3bb6a582b76344cae6ef,.cache/fundonet-ime/bde41857f8709d65448c48dfeb30d54a215139e77d6e3bb6a582b76344cae6ef
Carteiras selecionadas,MT Consignado Privado I,MT Consignado Privado I,60010416000112,04/2026,Vencidos Over 30 d / Crédito,0.00756101404614311,ratio,Visão Executiva canônica; cache IME local bde41857f8709d65448c48dfeb30d54a215139e77d6e3bb6a582b76344cae6ef,.cache/fundonet-ime/bde41857f8709d65448c48dfeb30d54a215139e77d6e3bb6a582b76344cae6ef
Carteiras selecionadas,MT Consignado Privado I,MT Consignado Privado I,60010416000112,03/2026,Vencidos Over 30 d / Crédito,0.005784364641468528,ratio,Visão Executiva canônica; cache IME local bde41857f8709d65448c48dfeb30d54a215139e77d6e3bb6a582b76344cae6ef,.cache/fundonet-ime/bde41857f8709d65448c48dfeb30d54a215139e77d6e3bb6a582b76344cae6ef
Carteiras selecionadas,MT Consignado Privado I,MT Consignado Privado I,60010416000112,02/2026,Vencidos Over 30 d / Crédito,0.011111832553753791,ratio,Visão Executiva canônica; cache IME local bde41857f8709d65448c48dfeb30d54a215139e77d6e3bb6a582b76344cae6ef,.cache/fundonet-ime/bde41857f8709d65448c48dfeb30d54a215139e77d6e3bb6a582b76344cae6ef
Carteiras selecionadas,MT Consignado Privado I,MT Consignado Privado I,60010416000112,01/2026,Vencidos Over 30 d / Crédito,0.0003555814696176345,ratio,Visão Executiva canônica; cache IME local bde41857f8709d65448c48dfeb30d54a215139e77d6e3bb6a582b76344cae6ef,.cache/fundonet-ime/bde41857f8709d65448c48dfeb30d54a215139e77d6e3bb6a582b76344cae6ef
Carteiras selecionadas,MT Consignado Privado I,MT Consignado Privado I,60010416000112,12/2025,Vencidos Over 30 d / Crédito,0.0003555814696176345,ratio,Visão Executiva canônica; cache IME local bde41857f8709d65448c48dfeb30d54a215139e77d6e3bb6a582b76344cae6ef,.cache/fundonet-ime/bde41857f8709d65448c48dfeb30d54a215139e77d6e3bb6a582b76344cae6ef
Carteiras selecionadas,MT Consignado Privado I,MT Consignado Privado I,60010416000112,11/2025,Vencidos Over 30 d / Crédito,0.0,ratio,Visão Executiva canônica; cache IME local bde41857f8709d65448c48dfeb30d54a215139e77d6e3bb6a582b76344cae6ef,.cache/fundonet-ime/bde41857f8709d65448c48dfeb30d54a215139e77d6e3bb6a582b76344cae6ef
Carteiras selecionadas,MT Consignado Privado I,MT Consignado Privado I,60010416000112,10/2025,Vencidos Over 30 d / Crédito,0.0,ratio,Visão Executiva canônica; cache IME local bde41857f8709d65448c48dfeb30d54a215139e77d6e3bb6a582b76344cae6ef,.cache/fundonet-ime/bde41857f8709d65448c48dfeb30d54a215139e77d6e3bb6a582b76344cae6ef
Carteiras selecionadas,MT Consignado Privado I,MT Consignado Privado I,60010416000112,09/2025,Vencidos Over 30 d / Crédito,0.0,ratio,Visão Executiva canônica; cache IME local bde41857f8709d65448c48dfeb30d54a215139e77d6e3bb6a582b76344cae6ef,.cache/fundonet-ime/bde41857f8709d65448c48dfeb30d54a215139e77d6e3bb6a582b76344cae6ef
Carteiras selecionadas,MT Consignado Privado I,MT Consignado Privado I,60010416000112,08/2025,Vencidos Over 30 d / Crédito,0.0,ratio,Visão Executiva canônica; cache IME local bde41857f8709d65448c48dfeb30d54a215139e77d6e3bb6a582b76344cae6ef,.cache/fundonet-ime/bde41857f8709d65448c48dfeb30d54a215139e77d6e3bb6a582b76344cae6ef
Carteiras selecionadas,MT Consignado Privado I,MT Consignado Privado I,60010416000112,07/2025,Vencidos Over 30 d / Crédito,0.0,ratio,Visão Executiva canônica; cache IME local bde41857f8709d65448c48dfeb30d54a215139e77d6e3bb6a582b76344cae6ef,.cache/fundonet-ime/bde41857f8709d65448c48dfeb30d54a215139e77d6e3bb6a582b76344cae6ef
Carteiras selecionadas,MT Consignado Privado I,MT Consignado Privado I,60010416000112,06/2025,Vencidos Over 30 d / Crédito,0.0,ratio,Visão Executiva canônica; cache IME local bde41857f8709d65448c48dfeb30d54a215139e77d6e3bb6a582b76344cae6ef,.cache/fundonet-ime/bde41857f8709d65448c48dfeb30d54a215139e77d6e3bb6a582b76344cae6ef
Carteiras selecionadas,MT Consignado Privado I,MT Consignado Privado I,60010416000112,05/2025,Vencidos Over 30 d / Crédito,0.0,ratio,Visão Executiva canônica; cache IME local bde41857f8709d65448c48dfeb30d54a215139e77d6e3bb6a582b76344cae6ef,.cache/fundonet-ime/bde41857f8709d65448c48dfeb30d54a215139e77d6e3bb6a582b76344cae6ef
Carteiras selecionadas,MT Consignado Privado I,MT Consignado Privado I,60010416000112,04/2025,Vencidos Over 30 d / Crédito,0.0,ratio,Visão Executiva canônica; cache IME local bde41857f8709d65448c48dfeb30d54a215139e77d6e3bb6a582b76344cae6ef,.cache/fundonet-ime/bde41857f8709d65448c48dfeb30d54a215139e77d6e3bb6a582b76344cae6ef
Carteiras selecionadas,MT Consignado Privado I,MT Consignado Privado I,60010416000112,03/2025,Vencidos Over 30 d / Crédito,0.0,ratio,Visão Executiva canônica; cache IME local bde41857f8709d65448c48dfeb30d54a215139e77d6e3bb6a582b76344cae6ef,.cache/fundonet-ime/bde41857f8709d65448c48dfeb30d54a215139e77d6e3bb6a582b76344cae6ef
Carteiras selecionadas,MT Consignado Privado I,MT Consignado Privado I,60010416000112,06/2026,Vencidos Over 60 d (R$ MM),31.53060665,R$ MM,Visão Executiva canônica; cache IME local bde41857f8709d65448c48dfeb30d54a215139e77d6e3bb6a582b76344cae6ef,.cache/fundonet-ime/bde41857f8709d65448c48dfeb30d54a215139e77d6e3bb6a582b76344cae6ef
Carteiras selecionadas,MT Consignado Privado I,MT Consignado Privado I,60010416000112,05/2026,Vencidos Over 60 d (R$ MM),25.781698010000003,R$ MM,Visão Executiva canônica; cache IME local bde41857f8709d65448c48dfeb30d54a215139e77d6e3bb6a582b76344cae6ef,.cache/fundonet-ime/bde41857f8709d65448c48dfeb30d54a215139e77d6e3bb6a582b76344cae6ef
Carteiras selecionadas,MT Consignado Privado I,MT Consignado Privado I,60010416000112,04/2026,Vencidos Over 60 d (R$ MM),19.36793184,R$ MM,Visão Executiva canônica; cache IME local bde41857f8709d65448c48dfeb30d54a215139e77d6e3bb6a582b76344cae6ef,.cache/fundonet-ime/bde41857f8709d65448c48dfeb30d54a215139e77d6e3bb6a582b76344cae6ef
Carteiras selecionadas,MT Consignado Privado I,MT Consignado Privado I,60010416000112,03/2026,Vencidos Over 60 d (R$ MM),1.88613827,R$ MM,Visão Executiva canônica; cache IME local bde41857f8709d65448c48dfeb30d54a215139e77d6e3bb6a582b76344cae6ef,.cache/fundonet-ime/bde41857f8709d65448c48dfeb30d54a215139e77d6e3bb6a582b76344cae6ef
Carteiras selecionadas,MT Consignado Privado I,MT Consignado Privado I,60010416000112,02/2026,Vencidos Over 60 d (R$ MM),0.0,R$ MM,Visão Executiva canônica; cache IME local bde41857f8709d65448c48dfeb30d54a215139e77d6e3bb6a582b76344cae6ef,.cache/fundonet-ime/bde41857f8709d65448c48dfeb30d54a215139e77d6e3bb6a582b76344cae6ef
Carteiras selecionadas,MT Consignado Privado I,MT Consignado Privado I,60010416000112,01/2026,Vencidos Over 60 d (R$ MM),0.0,R$ MM,Visão Executiva canônica; cache IME local bde41857f8709d65448c48dfeb30d54a215139e77d6e3bb6a582b76344cae6ef,.cache/fundonet-ime/bde41857f8709d65448c48dfeb30d54a215139e77d6e3bb6a582b76344cae6ef
Carteiras selecionadas,MT Consignado Privado I,MT Consignado Privado I,60010416000112,12/2025,Vencidos Over 60 d (R$ MM),0.0,R$ MM,Visão Executiva canônica; cache IME local bde41857f8709d65448c48dfeb30d54a215139e77d6e3bb6a582b76344cae6ef,.cache/fundonet-ime/bde41857f8709d65448c48dfeb30d54a215139e77d6e3bb6a582b76344cae6ef
Carteiras selecionadas,MT Consignado Privado I,MT Consignado Privado I,60010416000112,11/2025,Vencidos Over 60 d (R$ MM),0.0,R$ MM,Visão Executiva canônica; cache IME local bde41857f8709d65448c48dfeb30d54a215139e77d6e3bb6a582b76344cae6ef,.cache/fundonet-ime/bde41857f8709d65448c48dfeb30d54a215139e77d6e3bb6a582b76344cae6ef
Carteiras selecionadas,MT Consignado Privado I,MT Consignado Privado I,60010416000112,10/2025,Vencidos Over 60 d (R$ MM),0.0,R$ MM,Visão Executiva canônica; cache IME local bde41857f8709d65448c48dfeb30d54a215139e77d6e3bb6a582b76344cae6ef,.cache/fundonet-ime/bde41857f8709d65448c48dfeb30d54a215139e77d6e3bb6a582b76344cae6ef
Carteiras selecionadas,MT Consignado Privado I,MT Consignado Privado I,60010416000112,09/2025,Vencidos Over 60 d (R$ MM),0.0,R$ MM,Visão Executiva canônica; cache IME local bde41857f8709d65448c48dfeb30d54a215139e77d6e3bb6a582b76344cae6ef,.cache/fundonet-ime/bde41857f8709d65448c48dfeb30d54a215139e77d6e3bb6a582b76344cae6ef
Carteiras selecionadas,MT Consignado Privado I,MT Consignado Privado I,60010416000112,08/2025,Vencidos Over 60 d (R$ MM),0.0,R$ MM,Visão Executiva canônica; cache IME local bde41857f8709d65448c48dfeb30d54a215139e77d6e3bb6a582b76344cae6ef,.cache/fundonet-ime/bde41857f8709d65448c48dfeb30d54a215139e77d6e3bb6a582b76344cae6ef
Carteiras selecionadas,MT Consignado Privado I,MT Consignado Privado I,60010416000112,07/2025,Vencidos Over 60 d (R$ MM),0.0,R$ MM,Visão Executiva canônica; cache IME local bde41857f8709d65448c48dfeb30d54a215139e77d6e3bb6a582b76344cae6ef,.cache/fundonet-ime/bde41857f8709d65448c48dfeb30d54a215139e77d6e3bb6a582b76344cae6ef
Carteiras selecionadas,MT Consignado Privado I,MT Consignado Privado I,60010416000112,06/2025,Vencidos Over 60 d (R$ MM),0.0,R$ MM,Visão Executiva canônica; cache IME local bde41857f8709d65448c48dfeb30d54a215139e77d6e3bb6a582b76344cae6ef,.cache/fundonet-ime/bde41857f8709d65448c48dfeb30d54a215139e77d6e3bb6a582b76344cae6ef
Carteiras selecionadas,MT Consignado Privado I,MT Consignado Privado I,60010416000112,05/2025,Vencidos Over 60 d (R$ MM),0.0,R$ MM,Visão Executiva canônica; cache IME local bde41857f8709d65448c48dfeb30d54a215139e77d6e3bb6a582b76344cae6ef,.cache/fundonet-ime/bde41857f8709d65448c48dfeb30d54a215139e77d6e3bb6a582b76344cae6ef
Carteiras selecionadas,MT Consignado Privado I,MT Consignado Privado I,60010416000112,04/2025,Vencidos Over 60 d (R$ MM),0.0,R$ MM,Visão Executiva canônica; cache IME local bde41857f8709d65448c48dfeb30d54a215139e77d6e3bb6a582b76344cae6ef,.cache/fundonet-ime/bde41857f8709d65448c48dfeb30d54a215139e77d6e3bb6a582b76344cae6ef
Carteiras selecionadas,MT Consignado Privado I,MT Consignado Privado I,60010416000112,03/2025,Vencidos Over 60 d (R$ MM),0.0,R$ MM,Visão Executiva canônica; cache IME local bde41857f8709d65448c48dfeb30d54a215139e77d6e3bb6a582b76344cae6ef,.cache/fundonet-ime/bde41857f8709d65448c48dfeb30d54a215139e77d6e3bb6a582b76344cae6ef
Carteiras selecionadas,MT Consignado Privado I,MT Consignado Privado I,60010416000112,06/2026,Vencidos Over 60 d / Crédito,0.009737740585422278,ratio,Visão Executiva canônica; cache IME local bde41857f8709d65448c48dfeb30d54a215139e77d6e3bb6a582b76344cae6ef,.cache/fundonet-ime/bde41857f8709d65448c48dfeb30d54a215139e77d6e3bb6a582b76344cae6ef
Carteiras selecionadas,MT Consignado Privado I,MT Consignado Privado I,60010416000112,05/2026,Vencidos Over 60 d / Crédito,0.0074723210786601,ratio,Visão Executiva canônica; cache IME local bde41857f8709d65448c48dfeb30d54a215139e77d6e3bb6a582b76344cae6ef,.cache/fundonet-ime/bde41857f8709d65448c48dfeb30d54a215139e77d6e3bb6a582b76344cae6ef
Carteiras selecionadas,MT Consignado Privado I,MT Consignado Privado I,60010416000112,04/2026,Vencidos Over 60 d / Crédito,0.005167444073672566,ratio,Visão Executiva canônica; cache IME local bde41857f8709d65448c48dfeb30d54a215139e77d6e3bb6a582b76344cae6ef,.cache/fundonet-ime/bde41857f8709d65448c48dfeb30d54a215139e77d6e3bb6a582b76344cae6ef
Carteiras selecionadas,MT Consignado Privado I,MT Consignado Privado I,60010416000112,03/2026,Vencidos Over 60 d / Crédito,0.00047392623133551596,ratio,Visão Executiva canônica; cache IME local bde41857f8709d65448c48dfeb30d54a215139e77d6e3bb6a582b76344cae6ef,.cache/fundonet-ime/bde41857f8709d65448c48dfeb30d54a215139e77d6e3bb6a582b76344cae6ef
Carteiras selecionadas,MT Consignado Privado I,MT Consignado Privado I,60010416000112,02/2026,Vencidos Over 60 d / Crédito,0.0,ratio,Visão Executiva canônica; cache IME local bde41857f8709d65448c48dfeb30d54a215139e77d6e3bb6a582b76344cae6ef,.cache/fundonet-ime/bde41857f8709d65448c48dfeb30d54a215139e77d6e3bb6a582b76344cae6ef
Carteiras selecionadas,MT Consignado Privado I,MT Consignado Privado I,60010416000112,01/2026,Vencidos Over 60 d / Crédito,0.0,ratio,Visão Executiva canônica; cache IME local bde41857f8709d65448c48dfeb30d54a215139e77d6e3bb6a582b76344cae6ef,.cache/fundonet-ime/bde41857f8709d65448c48dfeb30d54a215139e77d6e3bb6a582b76344cae6ef
Carteiras selecionadas,MT Consignado Privado I,MT Consignado Privado I,60010416000112,12/2025,Vencidos Over 60 d / Crédito,0.0,ratio,Visão Executiva canônica; cache IME local bde41857f8709d65448c48dfeb30d54a215139e77d6e3bb6a582b76344cae6ef,.cache/fundonet-ime/bde41857f8709d65448c48dfeb30d54a215139e77d6e3bb6a582b76344cae6ef
Carteiras selecionadas,MT Consignado Privado I,MT Consignado Privado I,60010416000112,11/2025,Vencidos Over 60 d / Crédito,0.0,ratio,Visão Executiva canônica; cache IME local bde41857f8709d65448c48dfeb30d54a215139e77d6e3bb6a582b76344cae6ef,.cache/fundonet-ime/bde41857f8709d65448c48dfeb30d54a215139e77d6e3bb6a582b76344cae6ef
Carteiras selecionadas,MT Consignado Privado I,MT Consignado Privado I,60010416000112,10/2025,Vencidos Over 60 d / Crédito,0.0,ratio,Visão Executiva canônica; cache IME local bde41857f8709d65448c48dfeb30d54a215139e77d6e3bb6a582b76344cae6ef,.cache/fundonet-ime/bde41857f8709d65448c48dfeb30d54a215139e77d6e3bb6a582b76344cae6ef
Carteiras selecionadas,MT Consignado Privado I,MT Consignado Privado I,60010416000112,09/2025,Vencidos Over 60 d / Crédito,0.0,ratio,Visão Executiva canônica; cache IME local bde41857f8709d65448c48dfeb30d54a215139e77d6e3bb6a582b76344cae6ef,.cache/fundonet-ime/bde41857f8709d65448c48dfeb30d54a215139e77d6e3bb6a582b76344cae6ef
Carteiras selecionadas,MT Consignado Privado I,MT Consignado Privado I,60010416000112,08/2025,Vencidos Over 60 d / Crédito,0.0,ratio,Visão Executiva canônica; cache IME local bde41857f8709d65448c48dfeb30d54a215139e77d6e3bb6a582b76344cae6ef,.cache/fundonet-ime/bde41857f8709d65448c48dfeb30d54a215139e77d6e3bb6a582b76344cae6ef
Carteiras selecionadas,MT Consignado Privado I,MT Consignado Privado I,60010416000112,07/2025,Vencidos Over 60 d / Crédito,0.0,ratio,Visão Executiva canônica; cache IME local bde41857f8709d65448c48dfeb30d54a215139e77d6e3bb6a582b76344cae6ef,.cache/fundonet-ime/bde41857f8709d65448c48dfeb30d54a215139e77d6e3bb6a582b76344cae6ef
Carteiras selecionadas,MT Consignado Privado I,MT Consignado Privado I,60010416000112,06/2025,Vencidos Over 60 d / Crédito,0.0,ratio,Visão Executiva canônica; cache IME local bde41857f8709d65448c48dfeb30d54a215139e77d6e3bb6a582b76344cae6ef,.cache/fundonet-ime/bde41857f8709d65448c48dfeb30d54a215139e77d6e3bb6a582b76344cae6ef
Carteiras selecionadas,MT Consignado Privado I,MT Consignado Privado I,60010416000112,05/2025,Vencidos Over 60 d / Crédito,0.0,ratio,Visão Executiva canônica; cache IME local bde41857f8709d65448c48dfeb30d54a215139e77d6e3bb6a582b76344cae6ef,.cache/fundonet-ime/bde41857f8709d65448c48dfeb30d54a215139e77d6e3bb6a582b76344cae6ef
Carteiras selecionadas,MT Consignado Privado I,MT Consignado Privado I,60010416000112,04/2025,Vencidos Over 60 d / Crédito,0.0,ratio,Visão Executiva canônica; cache IME local bde41857f8709d65448c48dfeb30d54a215139e77d6e3bb6a582b76344cae6ef,.cache/fundonet-ime/bde41857f8709d65448c48dfeb30d54a215139e77d6e3bb6a582b76344cae6ef
Carteiras selecionadas,MT Consignado Privado I,MT Consignado Privado I,60010416000112,03/2025,Vencidos Over 60 d / Crédito,0.0,ratio,Visão Executiva canônica; cache IME local bde41857f8709d65448c48dfeb30d54a215139e77d6e3bb6a582b76344cae6ef,.cache/fundonet-ime/bde41857f8709d65448c48dfeb30d54a215139e77d6e3bb6a582b76344cae6ef
Carteiras selecionadas,MT Consignado Privado I,MT Consignado Privado I,60010416000112,06/2026,Vencidos Over 90 d (R$ MM),23.692612029999996,R$ MM,Visão Executiva canônica; cache IME local bde41857f8709d65448c48dfeb30d54a215139e77d6e3bb6a582b76344cae6ef,.cache/fundonet-ime/bde41857f8709d65448c48dfeb30d54a215139e77d6e3bb6a582b76344cae6ef
Carteiras selecionadas,MT Consignado Privado I,MT Consignado Privado I,60010416000112,05/2026,Vencidos Over 90 d (R$ MM),17.62102645,R$ MM,Visão Executiva canônica; cache IME local bde41857f8709d65448c48dfeb30d54a215139e77d6e3bb6a582b76344cae6ef,.cache/fundonet-ime/bde41857f8709d65448c48dfeb30d54a215139e77d6e3bb6a582b76344cae6ef
Carteiras selecionadas,MT Consignado Privado I,MT Consignado Privado I,60010416000112,04/2026,Vencidos Over 90 d (R$ MM),1.6320916699999999,R$ MM,Visão Executiva canônica; cache IME local bde41857f8709d65448c48dfeb30d54a215139e77d6e3bb6a582b76344cae6ef,.cache/fundonet-ime/bde41857f8709d65448c48dfeb30d54a215139e77d6e3bb6a582b76344cae6ef
Carteiras selecionadas,MT Consignado Privado I,MT Consignado Privado I,60010416000112,03/2026,Vencidos Over 90 d (R$ MM),1.49646743,R$ MM,Visão Executiva canônica; cache IME local bde41857f8709d65448c48dfeb30d54a215139e77d6e3bb6a582b76344cae6ef,.cache/fundonet-ime/bde41857f8709d65448c48dfeb30d54a215139e77d6e3bb6a582b76344cae6ef
Carteiras selecionadas,MT Consignado Privado I,MT Consignado Privado I,60010416000112,02/2026,Vencidos Over 90 d (R$ MM),0.0,R$ MM,Visão Executiva canônica; cache IME local bde41857f8709d65448c48dfeb30d54a215139e77d6e3bb6a582b76344cae6ef,.cache/fundonet-ime/bde41857f8709d65448c48dfeb30d54a215139e77d6e3bb6a582b76344cae6ef
Carteiras selecionadas,MT Consignado Privado I,MT Consignado Privado I,60010416000112,01/2026,Vencidos Over 90 d (R$ MM),0.0,R$ MM,Visão Executiva canônica; cache IME local bde41857f8709d65448c48dfeb30d54a215139e77d6e3bb6a582b76344cae6ef,.cache/fundonet-ime/bde41857f8709d65448c48dfeb30d54a215139e77d6e3bb6a582b76344cae6ef
Carteiras selecionadas,MT Consignado Privado I,MT Consignado Privado I,60010416000112,12/2025,Vencidos Over 90 d (R$ MM),0.0,R$ MM,Visão Executiva canônica; cache IME local bde41857f8709d65448c48dfeb30d54a215139e77d6e3bb6a582b76344cae6ef,.cache/fundonet-ime/bde41857f8709d65448c48dfeb30d54a215139e77d6e3bb6a582b76344cae6ef
Carteiras selecionadas,MT Consignado Privado I,MT Consignado Privado I,60010416000112,11/2025,Vencidos Over 90 d (R$ MM),0.0,R$ MM,Visão Executiva canônica; cache IME local bde41857f8709d65448c48dfeb30d54a215139e77d6e3bb6a582b76344cae6ef,.cache/fundonet-ime/bde41857f8709d65448c48dfeb30d54a215139e77d6e3bb6a582b76344cae6ef
Carteiras selecionadas,MT Consignado Privado I,MT Consignado Privado I,60010416000112,10/2025,Vencidos Over 90 d (R$ MM),0.0,R$ MM,Visão Executiva canônica; cache IME local bde41857f8709d65448c48dfeb30d54a215139e77d6e3bb6a582b76344cae6ef,.cache/fundonet-ime/bde41857f8709d65448c48dfeb30d54a215139e77d6e3bb6a582b76344cae6ef
Carteiras selecionadas,MT Consignado Privado I,MT Consignado Privado I,60010416000112,09/2025,Vencidos Over 90 d (R$ MM),0.0,R$ MM,Visão Executiva canônica; cache IME local bde41857f8709d65448c48dfeb30d54a215139e77d6e3bb6a582b76344cae6ef,.cache/fundonet-ime/bde41857f8709d65448c48dfeb30d54a215139e77d6e3bb6a582b76344cae6ef
Carteiras selecionadas,MT Consignado Privado I,MT Consignado Privado I,60010416000112,08/2025,Vencidos Over 90 d (R$ MM),0.0,R$ MM,Visão Executiva canônica; cache IME local bde41857f8709d65448c48dfeb30d54a215139e77d6e3bb6a582b76344cae6ef,.cache/fundonet-ime/bde41857f8709d65448c48dfeb30d54a215139e77d6e3bb6a582b76344cae6ef
Carteiras selecionadas,MT Consignado Privado I,MT Consignado Privado I,60010416000112,07/2025,Vencidos Over 90 d (R$ MM),0.0,R$ MM,Visão Executiva canônica; cache IME local bde41857f8709d65448c48dfeb30d54a215139e77d6e3bb6a582b76344cae6ef,.cache/fundonet-ime/bde41857f8709d65448c48dfeb30d54a215139e77d6e3bb6a582b76344cae6ef
Carteiras selecionadas,MT Consignado Privado I,MT Consignado Privado I,60010416000112,06/2025,Vencidos Over 90 d (R$ MM),0.0,R$ MM,Visão Executiva canônica; cache IME local bde41857f8709d65448c48dfeb30d54a215139e77d6e3bb6a582b76344cae6ef,.cache/fundonet-ime/bde41857f8709d65448c48dfeb30d54a215139e77d6e3bb6a582b76344cae6ef
Carteiras selecionadas,MT Consignado Privado I,MT Consignado Privado I,60010416000112,05/2025,Vencidos Over 90 d (R$ MM),0.0,R$ MM,Visão Executiva canônica; cache IME local bde41857f8709d65448c48dfeb30d54a215139e77d6e3bb6a582b76344cae6ef,.cache/fundonet-ime/bde41857f8709d65448c48dfeb30d54a215139e77d6e3bb6a582b76344cae6ef
Carteiras selecionadas,MT Consignado Privado I,MT Consignado Privado I,60010416000112,04/2025,Vencidos Over 90 d (R$ MM),0.0,R$ MM,Visão Executiva canônica; cache IME local bde41857f8709d65448c48dfeb30d54a215139e77d6e3bb6a582b76344cae6ef,.cache/fundonet-ime/bde41857f8709d65448c48dfeb30d54a215139e77d6e3bb6a582b76344cae6ef
Carteiras selecionadas,MT Consignado Privado I,MT Consignado Privado I,60010416000112,03/2025,Vencidos Over 90 d (R$ MM),0.0,R$ MM,Visão Executiva canônica; cache IME local bde41857f8709d65448c48dfeb30d54a215139e77d6e3bb6a582b76344cae6ef,.cache/fundonet-ime/bde41857f8709d65448c48dfeb30d54a215139e77d6e3bb6a582b76344cae6ef
Carteiras selecionadas,MT Consignado Privado I,MT Consignado Privado I,60010416000112,06/2026,Vencidos Over 90 d / Crédito,0.007317097076506617,ratio,Visão Executiva canônica; cache IME local bde41857f8709d65448c48dfeb30d54a215139e77d6e3bb6a582b76344cae6ef,.cache/fundonet-ime/bde41857f8709d65448c48dfeb30d54a215139e77d6e3bb6a582b76344cae6ef
Carteiras selecionadas,MT Consignado Privado I,MT Consignado Privado I,60010416000112,05/2026,Vencidos Over 90 d / Crédito,0.005107109986273636,ratio,Visão Executiva canônica; cache IME local bde41857f8709d65448c48dfeb30d54a215139e77d6e3bb6a582b76344cae6ef,.cache/fundonet-ime/bde41857f8709d65448c48dfeb30d54a215139e77d6e3bb6a582b76344cae6ef
Carteiras selecionadas,MT Consignado Privado I,MT Consignado Privado I,60010416000112,04/2026,Vencidos Over 90 d / Crédito,0.000435448787072552,ratio,Visão Executiva canônica; cache IME local bde41857f8709d65448c48dfeb30d54a215139e77d6e3bb6a582b76344cae6ef,.cache/fundonet-ime/bde41857f8709d65448c48dfeb30d54a215139e77d6e3bb6a582b76344cae6ef
Carteiras selecionadas,MT Consignado Privado I,MT Consignado Privado I,60010416000112,03/2026,Vencidos Over 90 d / Crédito,0.00037601441034131874,ratio,Visão Executiva canônica; cache IME local bde41857f8709d65448c48dfeb30d54a215139e77d6e3bb6a582b76344cae6ef,.cache/fundonet-ime/bde41857f8709d65448c48dfeb30d54a215139e77d6e3bb6a582b76344cae6ef
Carteiras selecionadas,MT Consignado Privado I,MT Consignado Privado I,60010416000112,02/2026,Vencidos Over 90 d / Crédito,0.0,ratio,Visão Executiva canônica; cache IME local bde41857f8709d65448c48dfeb30d54a215139e77d6e3bb6a582b76344cae6ef,.cache/fundonet-ime/bde41857f8709d65448c48dfeb30d54a215139e77d6e3bb6a582b76344cae6ef
Carteiras selecionadas,MT Consignado Privado I,MT Consignado Privado I,60010416000112,01/2026,Vencidos Over 90 d / Crédito,0.0,ratio,Visão Executiva canônica; cache IME local bde41857f8709d65448c48dfeb30d54a215139e77d6e3bb6a582b76344cae6ef,.cache/fundonet-ime/bde41857f8709d65448c48dfeb30d54a215139e77d6e3bb6a582b76344cae6ef
Carteiras selecionadas,MT Consignado Privado I,MT Consignado Privado I,60010416000112,12/2025,Vencidos Over 90 d / Crédito,0.0,ratio,Visão Executiva canônica; cache IME local bde41857f8709d65448c48dfeb30d54a215139e77d6e3bb6a582b76344cae6ef,.cache/fundonet-ime/bde41857f8709d65448c48dfeb30d54a215139e77d6e3bb6a582b76344cae6ef
Carteiras selecionadas,MT Consignado Privado I,MT Consignado Privado I,60010416000112,11/2025,Vencidos Over 90 d / Crédito,0.0,ratio,Visão Executiva canônica; cache IME local bde41857f8709d65448c48dfeb30d54a215139e77d6e3bb6a582b76344cae6ef,.cache/fundonet-ime/bde41857f8709d65448c48dfeb30d54a215139e77d6e3bb6a582b76344cae6ef
Carteiras selecionadas,MT Consignado Privado I,MT Consignado Privado I,60010416000112,10/2025,Vencidos Over 90 d / Crédito,0.0,ratio,Visão Executiva canônica; cache IME local bde41857f8709d65448c48dfeb30d54a215139e77d6e3bb6a582b76344cae6ef,.cache/fundonet-ime/bde41857f8709d65448c48dfeb30d54a215139e77d6e3bb6a582b76344cae6ef
Carteiras selecionadas,MT Consignado Privado I,MT Consignado Privado I,60010416000112,09/2025,Vencidos Over 90 d / Crédito,0.0,ratio,Visão Executiva canônica; cache IME local bde41857f8709d65448c48dfeb30d54a215139e77d6e3bb6a582b76344cae6ef,.cache/fundonet-ime/bde41857f8709d65448c48dfeb30d54a215139e77d6e3bb6a582b76344cae6ef
Carteiras selecionadas,MT Consignado Privado I,MT Consignado Privado I,60010416000112,08/2025,Vencidos Over 90 d / Crédito,0.0,ratio,Visão Executiva canônica; cache IME local bde41857f8709d65448c48dfeb30d54a215139e77d6e3bb6a582b76344cae6ef,.cache/fundonet-ime/bde41857f8709d65448c48dfeb30d54a215139e77d6e3bb6a582b76344cae6ef
Carteiras selecionadas,MT Consignado Privado I,MT Consignado Privado I,60010416000112,07/2025,Vencidos Over 90 d / Crédito,0.0,ratio,Visão Executiva canônica; cache IME local bde41857f8709d65448c48dfeb30d54a215139e77d6e3bb6a582b76344cae6ef,.cache/fundonet-ime/bde41857f8709d65448c48dfeb30d54a215139e77d6e3bb6a582b76344cae6ef
Carteiras selecionadas,MT Consignado Privado I,MT Consignado Privado I,60010416000112,06/2025,Vencidos Over 90 d / Crédito,0.0,ratio,Visão Executiva canônica; cache IME local bde41857f8709d65448c48dfeb30d54a215139e77d6e3bb6a582b76344cae6ef,.cache/fundonet-ime/bde41857f8709d65448c48dfeb30d54a215139e77d6e3bb6a582b76344cae6ef
Carteiras selecionadas,MT Consignado Privado I,MT Consignado Privado I,60010416000112,05/2025,Vencidos Over 90 d / Crédito,0.0,ratio,Visão Executiva canônica; cache IME local bde41857f8709d65448c48dfeb30d54a215139e77d6e3bb6a582b76344cae6ef,.cache/fundonet-ime/bde41857f8709d65448c48dfeb30d54a215139e77d6e3bb6a582b76344cae6ef
Carteiras selecionadas,MT Consignado Privado I,MT Consignado Privado I,60010416000112,04/2025,Vencidos Over 90 d / Crédito,0.0,ratio,Visão Executiva canônica; cache IME local bde41857f8709d65448c48dfeb30d54a215139e77d6e3bb6a582b76344cae6ef,.cache/fundonet-ime/bde41857f8709d65448c48dfeb30d54a215139e77d6e3bb6a582b76344cae6ef
Carteiras selecionadas,MT Consignado Privado I,MT Consignado Privado I,60010416000112,03/2025,Vencidos Over 90 d / Crédito,0.0,ratio,Visão Executiva canônica; cache IME local bde41857f8709d65448c48dfeb30d54a215139e77d6e3bb6a582b76344cae6ef,.cache/fundonet-ime/bde41857f8709d65448c48dfeb30d54a215139e77d6e3bb6a582b76344cae6ef
Carteiras selecionadas,MT Consignado Privado I,MT Consignado Privado I,60010416000112,06/2026,Vencidos Over 180 d (R$ MM),1.10553477,R$ MM,Visão Executiva canônica; cache IME local bde41857f8709d65448c48dfeb30d54a215139e77d6e3bb6a582b76344cae6ef,.cache/fundonet-ime/bde41857f8709d65448c48dfeb30d54a215139e77d6e3bb6a582b76344cae6ef
Carteiras selecionadas,MT Consignado Privado I,MT Consignado Privado I,60010416000112,05/2026,Vencidos Over 180 d (R$ MM),1.09590569,R$ MM,Visão Executiva canônica; cache IME local bde41857f8709d65448c48dfeb30d54a215139e77d6e3bb6a582b76344cae6ef,.cache/fundonet-ime/bde41857f8709d65448c48dfeb30d54a215139e77d6e3bb6a582b76344cae6ef
Carteiras selecionadas,MT Consignado Privado I,MT Consignado Privado I,60010416000112,04/2026,Vencidos Over 180 d (R$ MM),0.0,R$ MM,Visão Executiva canônica; cache IME local bde41857f8709d65448c48dfeb30d54a215139e77d6e3bb6a582b76344cae6ef,.cache/fundonet-ime/bde41857f8709d65448c48dfeb30d54a215139e77d6e3bb6a582b76344cae6ef
Carteiras selecionadas,MT Consignado Privado I,MT Consignado Privado I,60010416000112,03/2026,Vencidos Over 180 d (R$ MM),0.0,R$ MM,Visão Executiva canônica; cache IME local bde41857f8709d65448c48dfeb30d54a215139e77d6e3bb6a582b76344cae6ef,.cache/fundonet-ime/bde41857f8709d65448c48dfeb30d54a215139e77d6e3bb6a582b76344cae6ef
Carteiras selecionadas,MT Consignado Privado I,MT Consignado Privado I,60010416000112,02/2026,Vencidos Over 180 d (R$ MM),0.0,R$ MM,Visão Executiva canônica; cache IME local bde41857f8709d65448c48dfeb30d54a215139e77d6e3bb6a582b76344cae6ef,.cache/fundonet-ime/bde41857f8709d65448c48dfeb30d54a215139e77d6e3bb6a582b76344cae6ef
Carteiras selecionadas,MT Consignado Privado I,MT Consignado Privado I,60010416000112,01/2026,Vencidos Over 180 d (R$ MM),0.0,R$ MM,Visão Executiva canônica; cache IME local bde41857f8709d65448c48dfeb30d54a215139e77d6e3bb6a582b76344cae6ef,.cache/fundonet-ime/bde41857f8709d65448c48dfeb30d54a215139e77d6e3bb6a582b76344cae6ef
Carteiras selecionadas,MT Consignado Privado I,MT Consignado Privado I,60010416000112,12/2025,Vencidos Over 180 d (R$ MM),0.0,R$ MM,Visão Executiva canônica; cache IME local bde41857f8709d65448c48dfeb30d54a215139e77d6e3bb6a582b76344cae6ef,.cache/fundonet-ime/bde41857f8709d65448c48dfeb30d54a215139e77d6e3bb6a582b76344cae6ef
Carteiras selecionadas,MT Consignado Privado I,MT Consignado Privado I,60010416000112,11/2025,Vencidos Over 180 d (R$ MM),0.0,R$ MM,Visão Executiva canônica; cache IME local bde41857f8709d65448c48dfeb30d54a215139e77d6e3bb6a582b76344cae6ef,.cache/fundonet-ime/bde41857f8709d65448c48dfeb30d54a215139e77d6e3bb6a582b76344cae6ef
Carteiras selecionadas,MT Consignado Privado I,MT Consignado Privado I,60010416000112,10/2025,Vencidos Over 180 d (R$ MM),0.0,R$ MM,Visão Executiva canônica; cache IME local bde41857f8709d65448c48dfeb30d54a215139e77d6e3bb6a582b76344cae6ef,.cache/fundonet-ime/bde41857f8709d65448c48dfeb30d54a215139e77d6e3bb6a582b76344cae6ef
Carteiras selecionadas,MT Consignado Privado I,MT Consignado Privado I,60010416000112,09/2025,Vencidos Over 180 d (R$ MM),0.0,R$ MM,Visão Executiva canônica; cache IME local bde41857f8709d65448c48dfeb30d54a215139e77d6e3bb6a582b76344cae6ef,.cache/fundonet-ime/bde41857f8709d65448c48dfeb30d54a215139e77d6e3bb6a582b76344cae6ef
Carteiras selecionadas,MT Consignado Privado I,MT Consignado Privado I,60010416000112,08/2025,Vencidos Over 180 d (R$ MM),0.0,R$ MM,Visão Executiva canônica; cache IME local bde41857f8709d65448c48dfeb30d54a215139e77d6e3bb6a582b76344cae6ef,.cache/fundonet-ime/bde41857f8709d65448c48dfeb30d54a215139e77d6e3bb6a582b76344cae6ef
Carteiras selecionadas,MT Consignado Privado I,MT Consignado Privado I,60010416000112,07/2025,Vencidos Over 180 d (R$ MM),0.0,R$ MM,Visão Executiva canônica; cache IME local bde41857f8709d65448c48dfeb30d54a215139e77d6e3bb6a582b76344cae6ef,.cache/fundonet-ime/bde41857f8709d65448c48dfeb30d54a215139e77d6e3bb6a582b76344cae6ef
Carteiras selecionadas,MT Consignado Privado I,MT Consignado Privado I,60010416000112,06/2025,Vencidos Over 180 d (R$ MM),0.0,R$ MM,Visão Executiva canônica; cache IME local bde41857f8709d65448c48dfeb30d54a215139e77d6e3bb6a582b76344cae6ef,.cache/fundonet-ime/bde41857f8709d65448c48dfeb30d54a215139e77d6e3bb6a582b76344cae6ef
Carteiras selecionadas,MT Consignado Privado I,MT Consignado Privado I,60010416000112,05/2025,Vencidos Over 180 d (R$ MM),0.0,R$ MM,Visão Executiva canônica; cache IME local bde41857f8709d65448c48dfeb30d54a215139e77d6e3bb6a582b76344cae6ef,.cache/fundonet-ime/bde41857f8709d65448c48dfeb30d54a215139e77d6e3bb6a582b76344cae6ef
Carteiras selecionadas,MT Consignado Privado I,MT Consignado Privado I,60010416000112,04/2025,Vencidos Over 180 d (R$ MM),0.0,R$ MM,Visão Executiva canônica; cache IME local bde41857f8709d65448c48dfeb30d54a215139e77d6e3bb6a582b76344cae6ef,.cache/fundonet-ime/bde41857f8709d65448c48dfeb30d54a215139e77d6e3bb6a582b76344cae6ef
Carteiras selecionadas,MT Consignado Privado I,MT Consignado Privado I,60010416000112,03/2025,Vencidos Over 180 d (R$ MM),0.0,R$ MM,Visão Executiva canônica; cache IME local bde41857f8709d65448c48dfeb30d54a215139e77d6e3bb6a582b76344cae6ef,.cache/fundonet-ime/bde41857f8709d65448c48dfeb30d54a215139e77d6e3bb6a582b76344cae6ef
Carteiras selecionadas,MT Consignado Privado I,MT Consignado Privado I,60010416000112,06/2026,Vencidos Over 180 d / Crédito,0.0003414273286246614,ratio,Visão Executiva canônica; cache IME local bde41857f8709d65448c48dfeb30d54a215139e77d6e3bb6a582b76344cae6ef,.cache/fundonet-ime/bde41857f8709d65448c48dfeb30d54a215139e77d6e3bb6a582b76344cae6ef
Carteiras selecionadas,MT Consignado Privado I,MT Consignado Privado I,60010416000112,05/2026,Vencidos Over 180 d / Crédito,0.00031762683685280434,ratio,Visão Executiva canônica; cache IME local bde41857f8709d65448c48dfeb30d54a215139e77d6e3bb6a582b76344cae6ef,.cache/fundonet-ime/bde41857f8709d65448c48dfeb30d54a215139e77d6e3bb6a582b76344cae6ef
Carteiras selecionadas,MT Consignado Privado I,MT Consignado Privado I,60010416000112,04/2026,Vencidos Over 180 d / Crédito,0.0,ratio,Visão Executiva canônica; cache IME local bde41857f8709d65448c48dfeb30d54a215139e77d6e3bb6a582b76344cae6ef,.cache/fundonet-ime/bde41857f8709d65448c48dfeb30d54a215139e77d6e3bb6a582b76344cae6ef
Carteiras selecionadas,MT Consignado Privado I,MT Consignado Privado I,60010416000112,03/2026,Vencidos Over 180 d / Crédito,0.0,ratio,Visão Executiva canônica; cache IME local bde41857f8709d65448c48dfeb30d54a215139e77d6e3bb6a582b76344cae6ef,.cache/fundonet-ime/bde41857f8709d65448c48dfeb30d54a215139e77d6e3bb6a582b76344cae6ef
Carteiras selecionadas,MT Consignado Privado I,MT Consignado Privado I,60010416000112,02/2026,Vencidos Over 180 d / Crédito,0.0,ratio,Visão Executiva canônica; cache IME local bde41857f8709d65448c48dfeb30d54a215139e77d6e3bb6a582b76344cae6ef,.cache/fundonet-ime/bde41857f8709d65448c48dfeb30d54a215139e77d6e3bb6a582b76344cae6ef
Carteiras selecionadas,MT Consignado Privado I,MT Consignado Privado I,60010416000112,01/2026,Vencidos Over 180 d / Crédito,0.0,ratio,Visão Executiva canônica; cache IME local bde41857f8709d65448c48dfeb30d54a215139e77d6e3bb6a582b76344cae6ef,.cache/fundonet-ime/bde41857f8709d65448c48dfeb30d54a215139e77d6e3bb6a582b76344cae6ef
Carteiras selecionadas,MT Consignado Privado I,MT Consignado Privado I,60010416000112,12/2025,Vencidos Over 180 d / Crédito,0.0,ratio,Visão Executiva canônica; cache IME local bde41857f8709d65448c48dfeb30d54a215139e77d6e3bb6a582b76344cae6ef,.cache/fundonet-ime/bde41857f8709d65448c48dfeb30d54a215139e77d6e3bb6a582b76344cae6ef
Carteiras selecionadas,MT Consignado Privado I,MT Consignado Privado I,60010416000112,11/2025,Vencidos Over 180 d / Crédito,0.0,ratio,Visão Executiva canônica; cache IME local bde41857f8709d65448c48dfeb30d54a215139e77d6e3bb6a582b76344cae6ef,.cache/fundonet-ime/bde41857f8709d65448c48dfeb30d54a215139e77d6e3bb6a582b76344cae6ef
Carteiras selecionadas,MT Consignado Privado I,MT Consignado Privado I,60010416000112,10/2025,Vencidos Over 180 d / Crédito,0.0,ratio,Visão Executiva canônica; cache IME local bde41857f8709d65448c48dfeb30d54a215139e77d6e3bb6a582b76344cae6ef,.cache/fundonet-ime/bde41857f8709d65448c48dfeb30d54a215139e77d6e3bb6a582b76344cae6ef
Carteiras selecionadas,MT Consignado Privado I,MT Consignado Privado I,60010416000112,09/2025,Vencidos Over 180 d / Crédito,0.0,ratio,Visão Executiva canônica; cache IME local bde41857f8709d65448c48dfeb30d54a215139e77d6e3bb6a582b76344cae6ef,.cache/fundonet-ime/bde41857f8709d65448c48dfeb30d54a215139e77d6e3bb6a582b76344cae6ef
Carteiras selecionadas,MT Consignado Privado I,MT Consignado Privado I,60010416000112,08/2025,Vencidos Over 180 d / Crédito,0.0,ratio,Visão Executiva canônica; cache IME local bde41857f8709d65448c48dfeb30d54a215139e77d6e3bb6a582b76344cae6ef,.cache/fundonet-ime/bde41857f8709d65448c48dfeb30d54a215139e77d6e3bb6a582b76344cae6ef
Carteiras selecionadas,MT Consignado Privado I,MT Consignado Privado I,60010416000112,07/2025,Vencidos Over 180 d / Crédito,0.0,ratio,Visão Executiva canônica; cache IME local bde41857f8709d65448c48dfeb30d54a215139e77d6e3bb6a582b76344cae6ef,.cache/fundonet-ime/bde41857f8709d65448c48dfeb30d54a215139e77d6e3bb6a582b76344cae6ef
Carteiras selecionadas,MT Consignado Privado I,MT Consignado Privado I,60010416000112,06/2025,Vencidos Over 180 d / Crédito,0.0,ratio,Visão Executiva canônica; cache IME local bde41857f8709d65448c48dfeb30d54a215139e77d6e3bb6a582b76344cae6ef,.cache/fundonet-ime/bde41857f8709d65448c48dfeb30d54a215139e77d6e3bb6a582b76344cae6ef
Carteiras selecionadas,MT Consignado Privado I,MT Consignado Privado I,60010416000112,05/2025,Vencidos Over 180 d / Crédito,0.0,ratio,Visão Executiva canônica; cache IME local bde41857f8709d65448c48dfeb30d54a215139e77d6e3bb6a582b76344cae6ef,.cache/fundonet-ime/bde41857f8709d65448c48dfeb30d54a215139e77d6e3bb6a582b76344cae6ef
Carteiras selecionadas,MT Consignado Privado I,MT Consignado Privado I,60010416000112,04/2025,Vencidos Over 180 d / Crédito,0.0,ratio,Visão Executiva canônica; cache IME local bde41857f8709d65448c48dfeb30d54a215139e77d6e3bb6a582b76344cae6ef,.cache/fundonet-ime/bde41857f8709d65448c48dfeb30d54a215139e77d6e3bb6a582b76344cae6ef
Carteiras selecionadas,MT Consignado Privado I,MT Consignado Privado I,60010416000112,03/2025,Vencidos Over 180 d / Crédito,0.0,ratio,Visão Executiva canônica; cache IME local bde41857f8709d65448c48dfeb30d54a215139e77d6e3bb6a582b76344cae6ef,.cache/fundonet-ime/bde41857f8709d65448c48dfeb30d54a215139e77d6e3bb6a582b76344cae6ef
Carteiras selecionadas,MT Consignado Privado I,MT Consignado Privado I,60010416000112,06/2026,Vencidos Over 360 d (R$ MM),0.0,R$ MM,Visão Executiva canônica; cache IME local bde41857f8709d65448c48dfeb30d54a215139e77d6e3bb6a582b76344cae6ef,.cache/fundonet-ime/bde41857f8709d65448c48dfeb30d54a215139e77d6e3bb6a582b76344cae6ef
Carteiras selecionadas,MT Consignado Privado I,MT Consignado Privado I,60010416000112,05/2026,Vencidos Over 360 d (R$ MM),0.0,R$ MM,Visão Executiva canônica; cache IME local bde41857f8709d65448c48dfeb30d54a215139e77d6e3bb6a582b76344cae6ef,.cache/fundonet-ime/bde41857f8709d65448c48dfeb30d54a215139e77d6e3bb6a582b76344cae6ef
Carteiras selecionadas,MT Consignado Privado I,MT Consignado Privado I,60010416000112,04/2026,Vencidos Over 360 d (R$ MM),0.0,R$ MM,Visão Executiva canônica; cache IME local bde41857f8709d65448c48dfeb30d54a215139e77d6e3bb6a582b76344cae6ef,.cache/fundonet-ime/bde41857f8709d65448c48dfeb30d54a215139e77d6e3bb6a582b76344cae6ef
Carteiras selecionadas,MT Consignado Privado I,MT Consignado Privado I,60010416000112,03/2026,Vencidos Over 360 d (R$ MM),0.0,R$ MM,Visão Executiva canônica; cache IME local bde41857f8709d65448c48dfeb30d54a215139e77d6e3bb6a582b76344cae6ef,.cache/fundonet-ime/bde41857f8709d65448c48dfeb30d54a215139e77d6e3bb6a582b76344cae6ef
Carteiras selecionadas,MT Consignado Privado I,MT Consignado Privado I,60010416000112,02/2026,Vencidos Over 360 d (R$ MM),0.0,R$ MM,Visão Executiva canônica; cache IME local bde41857f8709d65448c48dfeb30d54a215139e77d6e3bb6a582b76344cae6ef,.cache/fundonet-ime/bde41857f8709d65448c48dfeb30d54a215139e77d6e3bb6a582b76344cae6ef
Carteiras selecionadas,MT Consignado Privado I,MT Consignado Privado I,60010416000112,01/2026,Vencidos Over 360 d (R$ MM),0.0,R$ MM,Visão Executiva canônica; cache IME local bde41857f8709d65448c48dfeb30d54a215139e77d6e3bb6a582b76344cae6ef,.cache/fundonet-ime/bde41857f8709d65448c48dfeb30d54a215139e77d6e3bb6a582b76344cae6ef
Carteiras selecionadas,MT Consignado Privado I,MT Consignado Privado I,60010416000112,12/2025,Vencidos Over 360 d (R$ MM),0.0,R$ MM,Visão Executiva canônica; cache IME local bde41857f8709d65448c48dfeb30d54a215139e77d6e3bb6a582b76344cae6ef,.cache/fundonet-ime/bde41857f8709d65448c48dfeb30d54a215139e77d6e3bb6a582b76344cae6ef
Carteiras selecionadas,MT Consignado Privado I,MT Consignado Privado I,60010416000112,11/2025,Vencidos Over 360 d (R$ MM),0.0,R$ MM,Visão Executiva canônica; cache IME local bde41857f8709d65448c48dfeb30d54a215139e77d6e3bb6a582b76344cae6ef,.cache/fundonet-ime/bde41857f8709d65448c48dfeb30d54a215139e77d6e3bb6a582b76344cae6ef
Carteiras selecionadas,MT Consignado Privado I,MT Consignado Privado I,60010416000112,10/2025,Vencidos Over 360 d (R$ MM),0.0,R$ MM,Visão Executiva canônica; cache IME local bde41857f8709d65448c48dfeb30d54a215139e77d6e3bb6a582b76344cae6ef,.cache/fundonet-ime/bde41857f8709d65448c48dfeb30d54a215139e77d6e3bb6a582b76344cae6ef
Carteiras selecionadas,MT Consignado Privado I,MT Consignado Privado I,60010416000112,09/2025,Vencidos Over 360 d (R$ MM),0.0,R$ MM,Visão Executiva canônica; cache IME local bde41857f8709d65448c48dfeb30d54a215139e77d6e3bb6a582b76344cae6ef,.cache/fundonet-ime/bde41857f8709d65448c48dfeb30d54a215139e77d6e3bb6a582b76344cae6ef
Carteiras selecionadas,MT Consignado Privado I,MT Consignado Privado I,60010416000112,08/2025,Vencidos Over 360 d (R$ MM),0.0,R$ MM,Visão Executiva canônica; cache IME local bde41857f8709d65448c48dfeb30d54a215139e77d6e3bb6a582b76344cae6ef,.cache/fundonet-ime/bde41857f8709d65448c48dfeb30d54a215139e77d6e3bb6a582b76344cae6ef
Carteiras selecionadas,MT Consignado Privado I,MT Consignado Privado I,60010416000112,07/2025,Vencidos Over 360 d (R$ MM),0.0,R$ MM,Visão Executiva canônica; cache IME local bde41857f8709d65448c48dfeb30d54a215139e77d6e3bb6a582b76344cae6ef,.cache/fundonet-ime/bde41857f8709d65448c48dfeb30d54a215139e77d6e3bb6a582b76344cae6ef
Carteiras selecionadas,MT Consignado Privado I,MT Consignado Privado I,60010416000112,06/2025,Vencidos Over 360 d (R$ MM),0.0,R$ MM,Visão Executiva canônica; cache IME local bde41857f8709d65448c48dfeb30d54a215139e77d6e3bb6a582b76344cae6ef,.cache/fundonet-ime/bde41857f8709d65448c48dfeb30d54a215139e77d6e3bb6a582b76344cae6ef
Carteiras selecionadas,MT Consignado Privado I,MT Consignado Privado I,60010416000112,05/2025,Vencidos Over 360 d (R$ MM),0.0,R$ MM,Visão Executiva canônica; cache IME local bde41857f8709d65448c48dfeb30d54a215139e77d6e3bb6a582b76344cae6ef,.cache/fundonet-ime/bde41857f8709d65448c48dfeb30d54a215139e77d6e3bb6a582b76344cae6ef
Carteiras selecionadas,MT Consignado Privado I,MT Consignado Privado I,60010416000112,04/2025,Vencidos Over 360 d (R$ MM),0.0,R$ MM,Visão Executiva canônica; cache IME local bde41857f8709d65448c48dfeb30d54a215139e77d6e3bb6a582b76344cae6ef,.cache/fundonet-ime/bde41857f8709d65448c48dfeb30d54a215139e77d6e3bb6a582b76344cae6ef
Carteiras selecionadas,MT Consignado Privado I,MT Consignado Privado I,60010416000112,03/2025,Vencidos Over 360 d (R$ MM),0.0,R$ MM,Visão Executiva canônica; cache IME local bde41857f8709d65448c48dfeb30d54a215139e77d6e3bb6a582b76344cae6ef,.cache/fundonet-ime/bde41857f8709d65448c48dfeb30d54a215139e77d6e3bb6a582b76344cae6ef
Carteiras selecionadas,MT Consignado Privado I,MT Consignado Privado I,60010416000112,06/2026,Vencidos Over 360 d / Crédito,0.0,ratio,Visão Executiva canônica; cache IME local bde41857f8709d65448c48dfeb30d54a215139e77d6e3bb6a582b76344cae6ef,.cache/fundonet-ime/bde41857f8709d65448c48dfeb30d54a215139e77d6e3bb6a582b76344cae6ef
Carteiras selecionadas,MT Consignado Privado I,MT Consignado Privado I,60010416000112,05/2026,Vencidos Over 360 d / Crédito,0.0,ratio,Visão Executiva canônica; cache IME local bde41857f8709d65448c48dfeb30d54a215139e77d6e3bb6a582b76344cae6ef,.cache/fundonet-ime/bde41857f8709d65448c48dfeb30d54a215139e77d6e3bb6a582b76344cae6ef
Carteiras selecionadas,MT Consignado Privado I,MT Consignado Privado I,60010416000112,04/2026,Vencidos Over 360 d / Crédito,0.0,ratio,Visão Executiva canônica; cache IME local bde41857f8709d65448c48dfeb30d54a215139e77d6e3bb6a582b76344cae6ef,.cache/fundonet-ime/bde41857f8709d65448c48dfeb30d54a215139e77d6e3bb6a582b76344cae6ef
Carteiras selecionadas,MT Consignado Privado I,MT Consignado Privado I,60010416000112,03/2026,Vencidos Over 360 d / Crédito,0.0,ratio,Visão Executiva canônica; cache IME local bde41857f8709d65448c48dfeb30d54a215139e77d6e3bb6a582b76344cae6ef,.cache/fundonet-ime/bde41857f8709d65448c48dfeb30d54a215139e77d6e3bb6a582b76344cae6ef
Carteiras selecionadas,MT Consignado Privado I,MT Consignado Privado I,60010416000112,02/2026,Vencidos Over 360 d / Crédito,0.0,ratio,Visão Executiva canônica; cache IME local bde41857f8709d65448c48dfeb30d54a215139e77d6e3bb6a582b76344cae6ef,.cache/fundonet-ime/bde41857f8709d65448c48dfeb30d54a215139e77d6e3bb6a582b76344cae6ef
Carteiras selecionadas,MT Consignado Privado I,MT Consignado Privado I,60010416000112,01/2026,Vencidos Over 360 d / Crédito,0.0,ratio,Visão Executiva canônica; cache IME local bde41857f8709d65448c48dfeb30d54a215139e77d6e3bb6a582b76344cae6ef,.cache/fundonet-ime/bde41857f8709d65448c48dfeb30d54a215139e77d6e3bb6a582b76344cae6ef
Carteiras selecionadas,MT Consignado Privado I,MT Consignado Privado I,60010416000112,12/2025,Vencidos Over 360 d / Crédito,0.0,ratio,Visão Executiva canônica; cache IME local bde41857f8709d65448c48dfeb30d54a215139e77d6e3bb6a582b76344cae6ef,.cache/fundonet-ime/bde41857f8709d65448c48dfeb30d54a215139e77d6e3bb6a582b76344cae6ef
Carteiras selecionadas,MT Consignado Privado I,MT Consignado Privado I,60010416000112,11/2025,Vencidos Over 360 d / Crédito,0.0,ratio,Visão Executiva canônica; cache IME local bde41857f8709d65448c48dfeb30d54a215139e77d6e3bb6a582b76344cae6ef,.cache/fundonet-ime/bde41857f8709d65448c48dfeb30d54a215139e77d6e3bb6a582b76344cae6ef
Carteiras selecionadas,MT Consignado Privado I,MT Consignado Privado I,60010416000112,10/2025,Vencidos Over 360 d / Crédito,0.0,ratio,Visão Executiva canônica; cache IME local bde41857f8709d65448c48dfeb30d54a215139e77d6e3bb6a582b76344cae6ef,.cache/fundonet-ime/bde41857f8709d65448c48dfeb30d54a215139e77d6e3bb6a582b76344cae6ef
Carteiras selecionadas,MT Consignado Privado I,MT Consignado Privado I,60010416000112,09/2025,Vencidos Over 360 d / Crédito,0.0,ratio,Visão Executiva canônica; cache IME local bde41857f8709d65448c48dfeb30d54a215139e77d6e3bb6a582b76344cae6ef,.cache/fundonet-ime/bde41857f8709d65448c48dfeb30d54a215139e77d6e3bb6a582b76344cae6ef
Carteiras selecionadas,MT Consignado Privado I,MT Consignado Privado I,60010416000112,08/2025,Vencidos Over 360 d / Crédito,0.0,ratio,Visão Executiva canônica; cache IME local bde41857f8709d65448c48dfeb30d54a215139e77d6e3bb6a582b76344cae6ef,.cache/fundonet-ime/bde41857f8709d65448c48dfeb30d54a215139e77d6e3bb6a582b76344cae6ef
Carteiras selecionadas,MT Consignado Privado I,MT Consignado Privado I,60010416000112,07/2025,Vencidos Over 360 d / Crédito,0.0,ratio,Visão Executiva canônica; cache IME local bde41857f8709d65448c48dfeb30d54a215139e77d6e3bb6a582b76344cae6ef,.cache/fundonet-ime/bde41857f8709d65448c48dfeb30d54a215139e77d6e3bb6a582b76344cae6ef
Carteiras selecionadas,MT Consignado Privado I,MT Consignado Privado I,60010416000112,06/2025,Vencidos Over 360 d / Crédito,0.0,ratio,Visão Executiva canônica; cache IME local bde41857f8709d65448c48dfeb30d54a215139e77d6e3bb6a582b76344cae6ef,.cache/fundonet-ime/bde41857f8709d65448c48dfeb30d54a215139e77d6e3bb6a582b76344cae6ef
Carteiras selecionadas,MT Consignado Privado I,MT Consignado Privado I,60010416000112,05/2025,Vencidos Over 360 d / Crédito,0.0,ratio,Visão Executiva canônica; cache IME local bde41857f8709d65448c48dfeb30d54a215139e77d6e3bb6a582b76344cae6ef,.cache/fundonet-ime/bde41857f8709d65448c48dfeb30d54a215139e77d6e3bb6a582b76344cae6ef
Carteiras selecionadas,MT Consignado Privado I,MT Consignado Privado I,60010416000112,04/2025,Vencidos Over 360 d / Crédito,0.0,ratio,Visão Executiva canônica; cache IME local bde41857f8709d65448c48dfeb30d54a215139e77d6e3bb6a582b76344cae6ef,.cache/fundonet-ime/bde41857f8709d65448c48dfeb30d54a215139e77d6e3bb6a582b76344cae6ef
Carteiras selecionadas,MT Consignado Privado I,MT Consignado Privado I,60010416000112,03/2025,Vencidos Over 360 d / Crédito,0.0,ratio,Visão Executiva canônica; cache IME local bde41857f8709d65448c48dfeb30d54a215139e77d6e3bb6a582b76344cae6ef,.cache/fundonet-ime/bde41857f8709d65448c48dfeb30d54a215139e77d6e3bb6a582b76344cae6ef
Carteiras selecionadas,MT Consignado Privado I,MT Consignado Privado I,60010416000112,06/2026,PDD (R$ MM),458.73299707,R$ MM,Visão Executiva canônica; cache IME local bde41857f8709d65448c48dfeb30d54a215139e77d6e3bb6a582b76344cae6ef,.cache/fundonet-ime/bde41857f8709d65448c48dfeb30d54a215139e77d6e3bb6a582b76344cae6ef
Carteiras selecionadas,MT Consignado Privado I,MT Consignado Privado I,60010416000112,05/2026,PDD (R$ MM),485.53326789,R$ MM,Visão Executiva canônica; cache IME local bde41857f8709d65448c48dfeb30d54a215139e77d6e3bb6a582b76344cae6ef,.cache/fundonet-ime/bde41857f8709d65448c48dfeb30d54a215139e77d6e3bb6a582b76344cae6ef
Carteiras selecionadas,MT Consignado Privado I,MT Consignado Privado I,60010416000112,04/2026,PDD (R$ MM),382.76977264,R$ MM,Visão Executiva canônica; cache IME local bde41857f8709d65448c48dfeb30d54a215139e77d6e3bb6a582b76344cae6ef,.cache/fundonet-ime/bde41857f8709d65448c48dfeb30d54a215139e77d6e3bb6a582b76344cae6ef
Carteiras selecionadas,MT Consignado Privado I,MT Consignado Privado I,60010416000112,03/2026,PDD (R$ MM),308.84664462,R$ MM,Visão Executiva canônica; cache IME local bde41857f8709d65448c48dfeb30d54a215139e77d6e3bb6a582b76344cae6ef,.cache/fundonet-ime/bde41857f8709d65448c48dfeb30d54a215139e77d6e3bb6a582b76344cae6ef
Carteiras selecionadas,MT Consignado Privado I,MT Consignado Privado I,60010416000112,02/2026,PDD (R$ MM),217.09354552000002,R$ MM,Visão Executiva canônica; cache IME local bde41857f8709d65448c48dfeb30d54a215139e77d6e3bb6a582b76344cae6ef,.cache/fundonet-ime/bde41857f8709d65448c48dfeb30d54a215139e77d6e3bb6a582b76344cae6ef
Carteiras selecionadas,MT Consignado Privado I,MT Consignado Privado I,60010416000112,01/2026,PDD (R$ MM),138.04931046000002,R$ MM,Visão Executiva canônica; cache IME local bde41857f8709d65448c48dfeb30d54a215139e77d6e3bb6a582b76344cae6ef,.cache/fundonet-ime/bde41857f8709d65448c48dfeb30d54a215139e77d6e3bb6a582b76344cae6ef
Carteiras selecionadas,MT Consignado Privado I,MT Consignado Privado I,60010416000112,12/2025,PDD (R$ MM),138.04931046000002,R$ MM,Visão Executiva canônica; cache IME local bde41857f8709d65448c48dfeb30d54a215139e77d6e3bb6a582b76344cae6ef,.cache/fundonet-ime/bde41857f8709d65448c48dfeb30d54a215139e77d6e3bb6a582b76344cae6ef
Carteiras selecionadas,MT Consignado Privado I,MT Consignado Privado I,60010416000112,11/2025,PDD (R$ MM),97.13048943999999,R$ MM,Visão Executiva canônica; cache IME local bde41857f8709d65448c48dfeb30d54a215139e77d6e3bb6a582b76344cae6ef,.cache/fundonet-ime/bde41857f8709d65448c48dfeb30d54a215139e77d6e3bb6a582b76344cae6ef
Carteiras selecionadas,MT Consignado Privado I,MT Consignado Privado I,60010416000112,10/2025,PDD (R$ MM),39.29261393,R$ MM,Visão Executiva canônica; cache IME local bde41857f8709d65448c48dfeb30d54a215139e77d6e3bb6a582b76344cae6ef,.cache/fundonet-ime/bde41857f8709d65448c48dfeb30d54a215139e77d6e3bb6a582b76344cae6ef
Carteiras selecionadas,MT Consignado Privado I,MT Consignado Privado I,60010416000112,09/2025,PDD (R$ MM),39.29261393,R$ MM,Visão Executiva canônica; cache IME local bde41857f8709d65448c48dfeb30d54a215139e77d6e3bb6a582b76344cae6ef,.cache/fundonet-ime/bde41857f8709d65448c48dfeb30d54a215139e77d6e3bb6a582b76344cae6ef
Carteiras selecionadas,MT Consignado Privado I,MT Consignado Privado I,60010416000112,08/2025,PDD (R$ MM),14.45221984,R$ MM,Visão Executiva canônica; cache IME local bde41857f8709d65448c48dfeb30d54a215139e77d6e3bb6a582b76344cae6ef,.cache/fundonet-ime/bde41857f8709d65448c48dfeb30d54a215139e77d6e3bb6a582b76344cae6ef
Carteiras selecionadas,MT Consignado Privado I,MT Consignado Privado I,60010416000112,07/2025,PDD (R$ MM),5.10922055,R$ MM,Visão Executiva canônica; cache IME local bde41857f8709d65448c48dfeb30d54a215139e77d6e3bb6a582b76344cae6ef,.cache/fundonet-ime/bde41857f8709d65448c48dfeb30d54a215139e77d6e3bb6a582b76344cae6ef
Carteiras selecionadas,MT Consignado Privado I,MT Consignado Privado I,60010416000112,06/2025,PDD (R$ MM),0.0,R$ MM,Visão Executiva canônica; cache IME local bde41857f8709d65448c48dfeb30d54a215139e77d6e3bb6a582b76344cae6ef,.cache/fundonet-ime/bde41857f8709d65448c48dfeb30d54a215139e77d6e3bb6a582b76344cae6ef
Carteiras selecionadas,MT Consignado Privado I,MT Consignado Privado I,60010416000112,05/2025,PDD (R$ MM),0.0,R$ MM,Visão Executiva canônica; cache IME local bde41857f8709d65448c48dfeb30d54a215139e77d6e3bb6a582b76344cae6ef,.cache/fundonet-ime/bde41857f8709d65448c48dfeb30d54a215139e77d6e3bb6a582b76344cae6ef
Carteiras selecionadas,MT Consignado Privado I,MT Consignado Privado I,60010416000112,04/2025,PDD (R$ MM),0.0,R$ MM,Visão Executiva canônica; cache IME local bde41857f8709d65448c48dfeb30d54a215139e77d6e3bb6a582b76344cae6ef,.cache/fundonet-ime/bde41857f8709d65448c48dfeb30d54a215139e77d6e3bb6a582b76344cae6ef
Carteiras selecionadas,MT Consignado Privado I,MT Consignado Privado I,60010416000112,03/2025,PDD (R$ MM),0.0,R$ MM,Visão Executiva canônica; cache IME local bde41857f8709d65448c48dfeb30d54a215139e77d6e3bb6a582b76344cae6ef,.cache/fundonet-ime/bde41857f8709d65448c48dfeb30d54a215139e77d6e3bb6a582b76344cae6ef
Carteiras selecionadas,MT Consignado Privado I,MT Consignado Privado I,60010416000112,06/2026,PDD / Crédito,0.14167259682080802,ratio,Visão Executiva canônica; cache IME local bde41857f8709d65448c48dfeb30d54a215139e77d6e3bb6a582b76344cae6ef,.cache/fundonet-ime/bde41857f8709d65448c48dfeb30d54a215139e77d6e3bb6a582b76344cae6ef
Carteiras selecionadas,MT Consignado Privado I,MT Consignado Privado I,60010416000112,05/2026,PDD / Crédito,0.14072232444263152,ratio,Visão Executiva canônica; cache IME local bde41857f8709d65448c48dfeb30d54a215139e77d6e3bb6a582b76344cae6ef,.cache/fundonet-ime/bde41857f8709d65448c48dfeb30d54a215139e77d6e3bb6a582b76344cae6ef
Carteiras selecionadas,MT Consignado Privado I,MT Consignado Privado I,60010416000112,04/2026,PDD / Crédito,0.10212455359454442,ratio,Visão Executiva canônica; cache IME local bde41857f8709d65448c48dfeb30d54a215139e77d6e3bb6a582b76344cae6ef,.cache/fundonet-ime/bde41857f8709d65448c48dfeb30d54a215139e77d6e3bb6a582b76344cae6ef
Carteiras selecionadas,MT Consignado Privado I,MT Consignado Privado I,60010416000112,03/2026,PDD / Crédito,0.07760328533356996,ratio,Visão Executiva canônica; cache IME local bde41857f8709d65448c48dfeb30d54a215139e77d6e3bb6a582b76344cae6ef,.cache/fundonet-ime/bde41857f8709d65448c48dfeb30d54a215139e77d6e3bb6a582b76344cae6ef
Carteiras selecionadas,MT Consignado Privado I,MT Consignado Privado I,60010416000112,02/2026,PDD / Crédito,0.05078787338232565,ratio,Visão Executiva canônica; cache IME local bde41857f8709d65448c48dfeb30d54a215139e77d6e3bb6a582b76344cae6ef,.cache/fundonet-ime/bde41857f8709d65448c48dfeb30d54a215139e77d6e3bb6a582b76344cae6ef
Carteiras selecionadas,MT Consignado Privado I,MT Consignado Privado I,60010416000112,01/2026,PDD / Crédito,0.03453164873141541,ratio,Visão Executiva canônica; cache IME local bde41857f8709d65448c48dfeb30d54a215139e77d6e3bb6a582b76344cae6ef,.cache/fundonet-ime/bde41857f8709d65448c48dfeb30d54a215139e77d6e3bb6a582b76344cae6ef
Carteiras selecionadas,MT Consignado Privado I,MT Consignado Privado I,60010416000112,12/2025,PDD / Crédito,0.03453164873141541,ratio,Visão Executiva canônica; cache IME local bde41857f8709d65448c48dfeb30d54a215139e77d6e3bb6a582b76344cae6ef,.cache/fundonet-ime/bde41857f8709d65448c48dfeb30d54a215139e77d6e3bb6a582b76344cae6ef
Carteiras selecionadas,MT Consignado Privado I,MT Consignado Privado I,60010416000112,11/2025,PDD / Crédito,0.029141322814341414,ratio,Visão Executiva canônica; cache IME local bde41857f8709d65448c48dfeb30d54a215139e77d6e3bb6a582b76344cae6ef,.cache/fundonet-ime/bde41857f8709d65448c48dfeb30d54a215139e77d6e3bb6a582b76344cae6ef
Carteiras selecionadas,MT Consignado Privado I,MT Consignado Privado I,60010416000112,10/2025,PDD / Crédito,0.0162240838104691,ratio,Visão Executiva canônica; cache IME local bde41857f8709d65448c48dfeb30d54a215139e77d6e3bb6a582b76344cae6ef,.cache/fundonet-ime/bde41857f8709d65448c48dfeb30d54a215139e77d6e3bb6a582b76344cae6ef
Carteiras selecionadas,MT Consignado Privado I,MT Consignado Privado I,60010416000112,09/2025,PDD / Crédito,0.0162240838104691,ratio,Visão Executiva canônica; cache IME local bde41857f8709d65448c48dfeb30d54a215139e77d6e3bb6a582b76344cae6ef,.cache/fundonet-ime/bde41857f8709d65448c48dfeb30d54a215139e77d6e3bb6a582b76344cae6ef
Carteiras selecionadas,MT Consignado Privado I,MT Consignado Privado I,60010416000112,08/2025,PDD / Crédito,0.0065660901515185765,ratio,Visão Executiva canônica; cache IME local bde41857f8709d65448c48dfeb30d54a215139e77d6e3bb6a582b76344cae6ef,.cache/fundonet-ime/bde41857f8709d65448c48dfeb30d54a215139e77d6e3bb6a582b76344cae6ef
Carteiras selecionadas,MT Consignado Privado I,MT Consignado Privado I,60010416000112,07/2025,PDD / Crédito,0.002743281665512572,ratio,Visão Executiva canônica; cache IME local bde41857f8709d65448c48dfeb30d54a215139e77d6e3bb6a582b76344cae6ef,.cache/fundonet-ime/bde41857f8709d65448c48dfeb30d54a215139e77d6e3bb6a582b76344cae6ef
Carteiras selecionadas,MT Consignado Privado I,MT Consignado Privado I,60010416000112,06/2025,PDD / Crédito,0.0,ratio,Visão Executiva canônica; cache IME local bde41857f8709d65448c48dfeb30d54a215139e77d6e3bb6a582b76344cae6ef,.cache/fundonet-ime/bde41857f8709d65448c48dfeb30d54a215139e77d6e3bb6a582b76344cae6ef
Carteiras selecionadas,MT Consignado Privado I,MT Consignado Privado I,60010416000112,05/2025,PDD / Crédito,0.0,ratio,Visão Executiva canônica; cache IME local bde41857f8709d65448c48dfeb30d54a215139e77d6e3bb6a582b76344cae6ef,.cache/fundonet-ime/bde41857f8709d65448c48dfeb30d54a215139e77d6e3bb6a582b76344cae6ef
Carteiras selecionadas,MT Consignado Privado I,MT Consignado Privado I,60010416000112,04/2025,PDD / Crédito,0.0,ratio,Visão Executiva canônica; cache IME local bde41857f8709d65448c48dfeb30d54a215139e77d6e3bb6a582b76344cae6ef,.cache/fundonet-ime/bde41857f8709d65448c48dfeb30d54a215139e77d6e3bb6a582b76344cae6ef
Carteiras selecionadas,MT Consignado Privado I,MT Consignado Privado I,60010416000112,03/2025,PDD / Crédito,0.0,ratio,Visão Executiva canônica; cache IME local bde41857f8709d65448c48dfeb30d54a215139e77d6e3bb6a582b76344cae6ef,.cache/fundonet-ime/bde41857f8709d65448c48dfeb30d54a215139e77d6e3bb6a582b76344cae6ef
Carteiras selecionadas,MT Consignado Privado I,MT Consignado Privado I,60010416000112,06/2026,PDD / Venc > 90 d,19.361858307946136,ratio,Visão Executiva canônica; cache IME local bde41857f8709d65448c48dfeb30d54a215139e77d6e3bb6a582b76344cae6ef,.cache/fundonet-ime/bde41857f8709d65448c48dfeb30d54a215139e77d6e3bb6a582b76344cae6ef
Carteiras selecionadas,MT Consignado Privado I,MT Consignado Privado I,60010416000112,05/2026,PDD / Venc > 90 d,27.554198915012694,ratio,Visão Executiva canônica; cache IME local bde41857f8709d65448c48dfeb30d54a215139e77d6e3bb6a582b76344cae6ef,.cache/fundonet-ime/bde41857f8709d65448c48dfeb30d54a215139e77d6e3bb6a582b76344cae6ef
Carteiras selecionadas,MT Consignado Privado I,MT Consignado Privado I,60010416000112,04/2026,PDD / Venc > 90 d,234.52712839346825,ratio,Visão Executiva canônica; cache IME local bde41857f8709d65448c48dfeb30d54a215139e77d6e3bb6a582b76344cae6ef,.cache/fundonet-ime/bde41857f8709d65448c48dfeb30d54a215139e77d6e3bb6a582b76344cae6ef
Carteiras selecionadas,MT Consignado Privado I,MT Consignado Privado I,60010416000112,03/2026,PDD / Venc > 90 d,206.38380657573018,ratio,Visão Executiva canônica; cache IME local bde41857f8709d65448c48dfeb30d54a215139e77d6e3bb6a582b76344cae6ef,.cache/fundonet-ime/bde41857f8709d65448c48dfeb30d54a215139e77d6e3bb6a582b76344cae6ef
Carteiras selecionadas,MT Consignado Privado I,MT Consignado Privado I,60010416000112,06/2026,PDD / Venc Total,4.8777516969569525,ratio,Visão Executiva canônica; cache IME local bde41857f8709d65448c48dfeb30d54a215139e77d6e3bb6a582b76344cae6ef,.cache/fundonet-ime/bde41857f8709d65448c48dfeb30d54a215139e77d6e3bb6a582b76344cae6ef
Carteiras selecionadas,MT Consignado Privado I,MT Consignado Privado I,60010416000112,05/2026,PDD / Venc Total,5.857455993914723,ratio,Visão Executiva canônica; cache IME local bde41857f8709d65448c48dfeb30d54a215139e77d6e3bb6a582b76344cae6ef,.cache/fundonet-ime/bde41857f8709d65448c48dfeb30d54a215139e77d6e3bb6a582b76344cae6ef
Carteiras selecionadas,MT Consignado Privado I,MT Consignado Privado I,60010416000112,04/2026,PDD / Venc Total,9.794006641417669,ratio,Visão Executiva canônica; cache IME local bde41857f8709d65448c48dfeb30d54a215139e77d6e3bb6a582b76344cae6ef,.cache/fundonet-ime/bde41857f8709d65448c48dfeb30d54a215139e77d6e3bb6a582b76344cae6ef
Carteiras selecionadas,MT Consignado Privado I,MT Consignado Privado I,60010416000112,03/2026,PDD / Venc Total,9.244189659351473,ratio,Visão Executiva canônica; cache IME local bde41857f8709d65448c48dfeb30d54a215139e77d6e3bb6a582b76344cae6ef,.cache/fundonet-ime/bde41857f8709d65448c48dfeb30d54a215139e77d6e3bb6a582b76344cae6ef
Carteiras selecionadas,MT Consignado Privado I,MT Consignado Privado I,60010416000112,02/2026,PDD / Venc Total,4.570611835324006,ratio,Visão Executiva canônica; cache IME local bde41857f8709d65448c48dfeb30d54a215139e77d6e3bb6a582b76344cae6ef,.cache/fundonet-ime/bde41857f8709d65448c48dfeb30d54a215139e77d6e3bb6a582b76344cae6ef
Carteiras selecionadas,MT Consignado Privado I,MT Consignado Privado I,60010416000112,01/2026,PDD / Venc Total,88.40355809160657,ratio,Visão Executiva canônica; cache IME local bde41857f8709d65448c48dfeb30d54a215139e77d6e3bb6a582b76344cae6ef,.cache/fundonet-ime/bde41857f8709d65448c48dfeb30d54a215139e77d6e3bb6a582b76344cae6ef
Carteiras selecionadas,MT Consignado Privado I,MT Consignado Privado I,60010416000112,12/2025,PDD / Venc Total,88.40355809160657,ratio,Visão Executiva canônica; cache IME local bde41857f8709d65448c48dfeb30d54a215139e77d6e3bb6a582b76344cae6ef,.cache/fundonet-ime/bde41857f8709d65448c48dfeb30d54a215139e77d6e3bb6a582b76344cae6ef
Carteiras selecionadas,MT Consignado Privado I,MT Consignado Privado I,60010416000112,11/2025,PDD / Venc Total,4.585665741718674,ratio,Visão Executiva canônica; cache IME local bde41857f8709d65448c48dfeb30d54a215139e77d6e3bb6a582b76344cae6ef,.cache/fundonet-ime/bde41857f8709d65448c48dfeb30d54a215139e77d6e3bb6a582b76344cae6ef
Carteiras selecionadas,MT Consignado Privado I,MT Consignado Privado I,60010416000112,06/2026,Recompras (R$ MM),0.0,R$ MM,Visão Executiva canônica; cache IME local bde41857f8709d65448c48dfeb30d54a215139e77d6e3bb6a582b76344cae6ef,.cache/fundonet-ime/bde41857f8709d65448c48dfeb30d54a215139e77d6e3bb6a582b76344cae6ef
Carteiras selecionadas,MT Consignado Privado I,MT Consignado Privado I,60010416000112,05/2026,Recompras (R$ MM),0.0,R$ MM,Visão Executiva canônica; cache IME local bde41857f8709d65448c48dfeb30d54a215139e77d6e3bb6a582b76344cae6ef,.cache/fundonet-ime/bde41857f8709d65448c48dfeb30d54a215139e77d6e3bb6a582b76344cae6ef
Carteiras selecionadas,MT Consignado Privado I,MT Consignado Privado I,60010416000112,04/2026,Recompras (R$ MM),0.0,R$ MM,Visão Executiva canônica; cache IME local bde41857f8709d65448c48dfeb30d54a215139e77d6e3bb6a582b76344cae6ef,.cache/fundonet-ime/bde41857f8709d65448c48dfeb30d54a215139e77d6e3bb6a582b76344cae6ef
Carteiras selecionadas,MT Consignado Privado I,MT Consignado Privado I,60010416000112,03/2026,Recompras (R$ MM),0.0,R$ MM,Visão Executiva canônica; cache IME local bde41857f8709d65448c48dfeb30d54a215139e77d6e3bb6a582b76344cae6ef,.cache/fundonet-ime/bde41857f8709d65448c48dfeb30d54a215139e77d6e3bb6a582b76344cae6ef
Carteiras selecionadas,MT Consignado Privado I,MT Consignado Privado I,60010416000112,02/2026,Recompras (R$ MM),0.0,R$ MM,Visão Executiva canônica; cache IME local bde41857f8709d65448c48dfeb30d54a215139e77d6e3bb6a582b76344cae6ef,.cache/fundonet-ime/bde41857f8709d65448c48dfeb30d54a215139e77d6e3bb6a582b76344cae6ef
Carteiras selecionadas,MT Consignado Privado I,MT Consignado Privado I,60010416000112,01/2026,Recompras (R$ MM),0.0,R$ MM,Visão Executiva canônica; cache IME local bde41857f8709d65448c48dfeb30d54a215139e77d6e3bb6a582b76344cae6ef,.cache/fundonet-ime/bde41857f8709d65448c48dfeb30d54a215139e77d6e3bb6a582b76344cae6ef
Carteiras selecionadas,MT Consignado Privado I,MT Consignado Privado I,60010416000112,12/2025,Recompras (R$ MM),0.0,R$ MM,Visão Executiva canônica; cache IME local bde41857f8709d65448c48dfeb30d54a215139e77d6e3bb6a582b76344cae6ef,.cache/fundonet-ime/bde41857f8709d65448c48dfeb30d54a215139e77d6e3bb6a582b76344cae6ef
Carteiras selecionadas,MT Consignado Privado I,MT Consignado Privado I,60010416000112,11/2025,Recompras (R$ MM),0.0,R$ MM,Visão Executiva canônica; cache IME local bde41857f8709d65448c48dfeb30d54a215139e77d6e3bb6a582b76344cae6ef,.cache/fundonet-ime/bde41857f8709d65448c48dfeb30d54a215139e77d6e3bb6a582b76344cae6ef
Carteiras selecionadas,MT Consignado Privado I,MT Consignado Privado I,60010416000112,10/2025,Recompras (R$ MM),0.0,R$ MM,Visão Executiva canônica; cache IME local bde41857f8709d65448c48dfeb30d54a215139e77d6e3bb6a582b76344cae6ef,.cache/fundonet-ime/bde41857f8709d65448c48dfeb30d54a215139e77d6e3bb6a582b76344cae6ef
Carteiras selecionadas,MT Consignado Privado I,MT Consignado Privado I,60010416000112,09/2025,Recompras (R$ MM),0.0,R$ MM,Visão Executiva canônica; cache IME local bde41857f8709d65448c48dfeb30d54a215139e77d6e3bb6a582b76344cae6ef,.cache/fundonet-ime/bde41857f8709d65448c48dfeb30d54a215139e77d6e3bb6a582b76344cae6ef
Carteiras selecionadas,MT Consignado Privado I,MT Consignado Privado I,60010416000112,08/2025,Recompras (R$ MM),0.0,R$ MM,Visão Executiva canônica; cache IME local bde41857f8709d65448c48dfeb30d54a215139e77d6e3bb6a582b76344cae6ef,.cache/fundonet-ime/bde41857f8709d65448c48dfeb30d54a215139e77d6e3bb6a582b76344cae6ef
Carteiras selecionadas,MT Consignado Privado I,MT Consignado Privado I,60010416000112,07/2025,Recompras (R$ MM),0.0,R$ MM,Visão Executiva canônica; cache IME local bde41857f8709d65448c48dfeb30d54a215139e77d6e3bb6a582b76344cae6ef,.cache/fundonet-ime/bde41857f8709d65448c48dfeb30d54a215139e77d6e3bb6a582b76344cae6ef
Carteiras selecionadas,MT Consignado Privado I,MT Consignado Privado I,60010416000112,06/2025,Recompras (R$ MM),0.0,R$ MM,Visão Executiva canônica; cache IME local bde41857f8709d65448c48dfeb30d54a215139e77d6e3bb6a582b76344cae6ef,.cache/fundonet-ime/bde41857f8709d65448c48dfeb30d54a215139e77d6e3bb6a582b76344cae6ef
Carteiras selecionadas,MT Consignado Privado I,MT Consignado Privado I,60010416000112,05/2025,Recompras (R$ MM),0.0,R$ MM,Visão Executiva canônica; cache IME local bde41857f8709d65448c48dfeb30d54a215139e77d6e3bb6a582b76344cae6ef,.cache/fundonet-ime/bde41857f8709d65448c48dfeb30d54a215139e77d6e3bb6a582b76344cae6ef
Carteiras selecionadas,MT Consignado Privado I,MT Consignado Privado I,60010416000112,04/2025,Recompras (R$ MM),0.0,R$ MM,Visão Executiva canônica; cache IME local bde41857f8709d65448c48dfeb30d54a215139e77d6e3bb6a582b76344cae6ef,.cache/fundonet-ime/bde41857f8709d65448c48dfeb30d54a215139e77d6e3bb6a582b76344cae6ef
Carteiras selecionadas,MT Consignado Privado I,MT Consignado Privado I,60010416000112,03/2025,Recompras (R$ MM),0.0,R$ MM,Visão Executiva canônica; cache IME local bde41857f8709d65448c48dfeb30d54a215139e77d6e3bb6a582b76344cae6ef,.cache/fundonet-ime/bde41857f8709d65448c48dfeb30d54a215139e77d6e3bb6a582b76344cae6ef
Carteiras selecionadas,MT Consignado Privado I,MT Consignado Privado I,60010416000112,06/2026,Recompras / Crédito,0.0,ratio,Visão Executiva canônica; cache IME local bde41857f8709d65448c48dfeb30d54a215139e77d6e3bb6a582b76344cae6ef,.cache/fundonet-ime/bde41857f8709d65448c48dfeb30d54a215139e77d6e3bb6a582b76344cae6ef
Carteiras selecionadas,MT Consignado Privado I,MT Consignado Privado I,60010416000112,05/2026,Recompras / Crédito,0.0,ratio,Visão Executiva canônica; cache IME local bde41857f8709d65448c48dfeb30d54a215139e77d6e3bb6a582b76344cae6ef,.cache/fundonet-ime/bde41857f8709d65448c48dfeb30d54a215139e77d6e3bb6a582b76344cae6ef
Carteiras selecionadas,MT Consignado Privado I,MT Consignado Privado I,60010416000112,04/2026,Recompras / Crédito,0.0,ratio,Visão Executiva canônica; cache IME local bde41857f8709d65448c48dfeb30d54a215139e77d6e3bb6a582b76344cae6ef,.cache/fundonet-ime/bde41857f8709d65448c48dfeb30d54a215139e77d6e3bb6a582b76344cae6ef
Carteiras selecionadas,MT Consignado Privado I,MT Consignado Privado I,60010416000112,03/2026,Recompras / Crédito,0.0,ratio,Visão Executiva canônica; cache IME local bde41857f8709d65448c48dfeb30d54a215139e77d6e3bb6a582b76344cae6ef,.cache/fundonet-ime/bde41857f8709d65448c48dfeb30d54a215139e77d6e3bb6a582b76344cae6ef
Carteiras selecionadas,MT Consignado Privado I,MT Consignado Privado I,60010416000112,02/2026,Recompras / Crédito,0.0,ratio,Visão Executiva canônica; cache IME local bde41857f8709d65448c48dfeb30d54a215139e77d6e3bb6a582b76344cae6ef,.cache/fundonet-ime/bde41857f8709d65448c48dfeb30d54a215139e77d6e3bb6a582b76344cae6ef
Carteiras selecionadas,MT Consignado Privado I,MT Consignado Privado I,60010416000112,01/2026,Recompras / Crédito,0.0,ratio,Visão Executiva canônica; cache IME local bde41857f8709d65448c48dfeb30d54a215139e77d6e3bb6a582b76344cae6ef,.cache/fundonet-ime/bde41857f8709d65448c48dfeb30d54a215139e77d6e3bb6a582b76344cae6ef
Carteiras selecionadas,MT Consignado Privado I,MT Consignado Privado I,60010416000112,12/2025,Recompras / Crédito,0.0,ratio,Visão Executiva canônica; cache IME local bde41857f8709d65448c48dfeb30d54a215139e77d6e3bb6a582b76344cae6ef,.cache/fundonet-ime/bde41857f8709d65448c48dfeb30d54a215139e77d6e3bb6a582b76344cae6ef
Carteiras selecionadas,MT Consignado Privado I,MT Consignado Privado I,60010416000112,11/2025,Recompras / Crédito,0.0,ratio,Visão Executiva canônica; cache IME local bde41857f8709d65448c48dfeb30d54a215139e77d6e3bb6a582b76344cae6ef,.cache/fundonet-ime/bde41857f8709d65448c48dfeb30d54a215139e77d6e3bb6a582b76344cae6ef
Carteiras selecionadas,MT Consignado Privado I,MT Consignado Privado I,60010416000112,10/2025,Recompras / Crédito,0.0,ratio,Visão Executiva canônica; cache IME local bde41857f8709d65448c48dfeb30d54a215139e77d6e3bb6a582b76344cae6ef,.cache/fundonet-ime/bde41857f8709d65448c48dfeb30d54a215139e77d6e3bb6a582b76344cae6ef
Carteiras selecionadas,MT Consignado Privado I,MT Consignado Privado I,60010416000112,09/2025,Recompras / Crédito,0.0,ratio,Visão Executiva canônica; cache IME local bde41857f8709d65448c48dfeb30d54a215139e77d6e3bb6a582b76344cae6ef,.cache/fundonet-ime/bde41857f8709d65448c48dfeb30d54a215139e77d6e3bb6a582b76344cae6ef
Carteiras selecionadas,MT Consignado Privado I,MT Consignado Privado I,60010416000112,08/2025,Recompras / Crédito,0.0,ratio,Visão Executiva canônica; cache IME local bde41857f8709d65448c48dfeb30d54a215139e77d6e3bb6a582b76344cae6ef,.cache/fundonet-ime/bde41857f8709d65448c48dfeb30d54a215139e77d6e3bb6a582b76344cae6ef
Carteiras selecionadas,MT Consignado Privado I,MT Consignado Privado I,60010416000112,07/2025,Recompras / Crédito,0.0,ratio,Visão Executiva canônica; cache IME local bde41857f8709d65448c48dfeb30d54a215139e77d6e3bb6a582b76344cae6ef,.cache/fundonet-ime/bde41857f8709d65448c48dfeb30d54a215139e77d6e3bb6a582b76344cae6ef
Carteiras selecionadas,MT Consignado Privado I,MT Consignado Privado I,60010416000112,06/2025,Recompras / Crédito,0.0,ratio,Visão Executiva canônica; cache IME local bde41857f8709d65448c48dfeb30d54a215139e77d6e3bb6a582b76344cae6ef,.cache/fundonet-ime/bde41857f8709d65448c48dfeb30d54a215139e77d6e3bb6a582b76344cae6ef
Carteiras selecionadas,MT Consignado Privado I,MT Consignado Privado I,60010416000112,05/2025,Recompras / Crédito,0.0,ratio,Visão Executiva canônica; cache IME local bde41857f8709d65448c48dfeb30d54a215139e77d6e3bb6a582b76344cae6ef,.cache/fundonet-ime/bde41857f8709d65448c48dfeb30d54a215139e77d6e3bb6a582b76344cae6ef
Carteiras selecionadas,MT Consignado Privado I,MT Consignado Privado I,60010416000112,04/2025,Recompras / Crédito,0.0,ratio,Visão Executiva canônica; cache IME local bde41857f8709d65448c48dfeb30d54a215139e77d6e3bb6a582b76344cae6ef,.cache/fundonet-ime/bde41857f8709d65448c48dfeb30d54a215139e77d6e3bb6a582b76344cae6ef
Carteiras selecionadas,MT Consignado Privado I,MT Consignado Privado I,60010416000112,03/2025,Recompras / Crédito,0.0,ratio,Visão Executiva canônica; cache IME local bde41857f8709d65448c48dfeb30d54a215139e77d6e3bb6a582b76344cae6ef,.cache/fundonet-ime/bde41857f8709d65448c48dfeb30d54a215139e77d6e3bb6a582b76344cae6ef
Carteiras selecionadas,MT Consignado Privado I,MT Consignado Privado I,60010416000112,06/2026,Recompras / PL,0.0,ratio,Visão Executiva canônica; cache IME local bde41857f8709d65448c48dfeb30d54a215139e77d6e3bb6a582b76344cae6ef,.cache/fundonet-ime/bde41857f8709d65448c48dfeb30d54a215139e77d6e3bb6a582b76344cae6ef
Carteiras selecionadas,MT Consignado Privado I,MT Consignado Privado I,60010416000112,05/2026,Recompras / PL,0.0,ratio,Visão Executiva canônica; cache IME local bde41857f8709d65448c48dfeb30d54a215139e77d6e3bb6a582b76344cae6ef,.cache/fundonet-ime/bde41857f8709d65448c48dfeb30d54a215139e77d6e3bb6a582b76344cae6ef
Carteiras selecionadas,MT Consignado Privado I,MT Consignado Privado I,60010416000112,04/2026,Recompras / PL,0.0,ratio,Visão Executiva canônica; cache IME local bde41857f8709d65448c48dfeb30d54a215139e77d6e3bb6a582b76344cae6ef,.cache/fundonet-ime/bde41857f8709d65448c48dfeb30d54a215139e77d6e3bb6a582b76344cae6ef
Carteiras selecionadas,MT Consignado Privado I,MT Consignado Privado I,60010416000112,03/2026,Recompras / PL,0.0,ratio,Visão Executiva canônica; cache IME local bde41857f8709d65448c48dfeb30d54a215139e77d6e3bb6a582b76344cae6ef,.cache/fundonet-ime/bde41857f8709d65448c48dfeb30d54a215139e77d6e3bb6a582b76344cae6ef
Carteiras selecionadas,MT Consignado Privado I,MT Consignado Privado I,60010416000112,02/2026,Recompras / PL,0.0,ratio,Visão Executiva canônica; cache IME local bde41857f8709d65448c48dfeb30d54a215139e77d6e3bb6a582b76344cae6ef,.cache/fundonet-ime/bde41857f8709d65448c48dfeb30d54a215139e77d6e3bb6a582b76344cae6ef
Carteiras selecionadas,MT Consignado Privado I,MT Consignado Privado I,60010416000112,01/2026,Recompras / PL,0.0,ratio,Visão Executiva canônica; cache IME local bde41857f8709d65448c48dfeb30d54a215139e77d6e3bb6a582b76344cae6ef,.cache/fundonet-ime/bde41857f8709d65448c48dfeb30d54a215139e77d6e3bb6a582b76344cae6ef
Carteiras selecionadas,MT Consignado Privado I,MT Consignado Privado I,60010416000112,12/2025,Recompras / PL,0.0,ratio,Visão Executiva canônica; cache IME local bde41857f8709d65448c48dfeb30d54a215139e77d6e3bb6a582b76344cae6ef,.cache/fundonet-ime/bde41857f8709d65448c48dfeb30d54a215139e77d6e3bb6a582b76344cae6ef
Carteiras selecionadas,MT Consignado Privado I,MT Consignado Privado I,60010416000112,11/2025,Recompras / PL,0.0,ratio,Visão Executiva canônica; cache IME local bde41857f8709d65448c48dfeb30d54a215139e77d6e3bb6a582b76344cae6ef,.cache/fundonet-ime/bde41857f8709d65448c48dfeb30d54a215139e77d6e3bb6a582b76344cae6ef
Carteiras selecionadas,MT Consignado Privado I,MT Consignado Privado I,60010416000112,10/2025,Recompras / PL,0.0,ratio,Visão Executiva canônica; cache IME local bde41857f8709d65448c48dfeb30d54a215139e77d6e3bb6a582b76344cae6ef,.cache/fundonet-ime/bde41857f8709d65448c48dfeb30d54a215139e77d6e3bb6a582b76344cae6ef
Carteiras selecionadas,MT Consignado Privado I,MT Consignado Privado I,60010416000112,09/2025,Recompras / PL,0.0,ratio,Visão Executiva canônica; cache IME local bde41857f8709d65448c48dfeb30d54a215139e77d6e3bb6a582b76344cae6ef,.cache/fundonet-ime/bde41857f8709d65448c48dfeb30d54a215139e77d6e3bb6a582b76344cae6ef
Carteiras selecionadas,MT Consignado Privado I,MT Consignado Privado I,60010416000112,08/2025,Recompras / PL,0.0,ratio,Visão Executiva canônica; cache IME local bde41857f8709d65448c48dfeb30d54a215139e77d6e3bb6a582b76344cae6ef,.cache/fundonet-ime/bde41857f8709d65448c48dfeb30d54a215139e77d6e3bb6a582b76344cae6ef
Carteiras selecionadas,MT Consignado Privado I,MT Consignado Privado I,60010416000112,07/2025,Recompras / PL,0.0,ratio,Visão Executiva canônica; cache IME local bde41857f8709d65448c48dfeb30d54a215139e77d6e3bb6a582b76344cae6ef,.cache/fundonet-ime/bde41857f8709d65448c48dfeb30d54a215139e77d6e3bb6a582b76344cae6ef
Carteiras selecionadas,MT Consignado Privado I,MT Consignado Privado I,60010416000112,06/2025,Recompras / PL,0.0,ratio,Visão Executiva canônica; cache IME local bde41857f8709d65448c48dfeb30d54a215139e77d6e3bb6a582b76344cae6ef,.cache/fundonet-ime/bde41857f8709d65448c48dfeb30d54a215139e77d6e3bb6a582b76344cae6ef
Carteiras selecionadas,MT Consignado Privado I,MT Consignado Privado I,60010416000112,05/2025,Recompras / PL,0.0,ratio,Visão Executiva canônica; cache IME local bde41857f8709d65448c48dfeb30d54a215139e77d6e3bb6a582b76344cae6ef,.cache/fundonet-ime/bde41857f8709d65448c48dfeb30d54a215139e77d6e3bb6a582b76344cae6ef
Carteiras selecionadas,MT Consignado Privado I,MT Consignado Privado I,60010416000112,04/2025,Recompras / PL,0.0,ratio,Visão Executiva canônica; cache IME local bde41857f8709d65448c48dfeb30d54a215139e77d6e3bb6a582b76344cae6ef,.cache/fundonet-ime/bde41857f8709d65448c48dfeb30d54a215139e77d6e3bb6a582b76344cae6ef
Carteiras selecionadas,MT Consignado Privado I,MT Consignado Privado I,60010416000112,03/2025,Recompras / PL,0.0,ratio,Visão Executiva canônica; cache IME local bde41857f8709d65448c48dfeb30d54a215139e77d6e3bb6a582b76344cae6ef,.cache/fundonet-ime/bde41857f8709d65448c48dfeb30d54a215139e77d6e3bb6a582b76344cae6ef
Carteiras selecionadas,MT Consignado Privado I,MT Consignado Privado I,60010416000112,06/2026,Cotas SR / PL %,94.27800789720028,%,Visão Executiva canônica; cache IME local bde41857f8709d65448c48dfeb30d54a215139e77d6e3bb6a582b76344cae6ef,.cache/fundonet-ime/bde41857f8709d65448c48dfeb30d54a215139e77d6e3bb6a582b76344cae6ef
Carteiras selecionadas,MT Consignado Privado I,MT Consignado Privado I,60010416000112,05/2026,Cotas SR / PL %,97.43933178632955,%,Visão Executiva canônica; cache IME local bde41857f8709d65448c48dfeb30d54a215139e77d6e3bb6a582b76344cae6ef,.cache/fundonet-ime/bde41857f8709d65448c48dfeb30d54a215139e77d6e3bb6a582b76344cae6ef
Carteiras selecionadas,MT Consignado Privado I,MT Consignado Privado I,60010416000112,04/2026,Cotas SR / PL %,96.20561146601344,%,Visão Executiva canônica; cache IME local bde41857f8709d65448c48dfeb30d54a215139e77d6e3bb6a582b76344cae6ef,.cache/fundonet-ime/bde41857f8709d65448c48dfeb30d54a215139e77d6e3bb6a582b76344cae6ef
Carteiras selecionadas,MT Consignado Privado I,MT Consignado Privado I,60010416000112,03/2026,Cotas SR / PL %,96.003168477806,%,Visão Executiva canônica; cache IME local bde41857f8709d65448c48dfeb30d54a215139e77d6e3bb6a582b76344cae6ef,.cache/fundonet-ime/bde41857f8709d65448c48dfeb30d54a215139e77d6e3bb6a582b76344cae6ef
Carteiras selecionadas,MT Consignado Privado I,MT Consignado Privado I,60010416000112,02/2026,Cotas SR / PL %,95.59646723401342,%,Visão Executiva canônica; cache IME local bde41857f8709d65448c48dfeb30d54a215139e77d6e3bb6a582b76344cae6ef,.cache/fundonet-ime/bde41857f8709d65448c48dfeb30d54a215139e77d6e3bb6a582b76344cae6ef
Carteiras selecionadas,MT Consignado Privado I,MT Consignado Privado I,60010416000112,01/2026,Cotas SR / PL %,95.91640370051013,%,Visão Executiva canônica; cache IME local bde41857f8709d65448c48dfeb30d54a215139e77d6e3bb6a582b76344cae6ef,.cache/fundonet-ime/bde41857f8709d65448c48dfeb30d54a215139e77d6e3bb6a582b76344cae6ef
Carteiras selecionadas,MT Consignado Privado I,MT Consignado Privado I,60010416000112,12/2025,Cotas SR / PL %,95.91640370051013,%,Visão Executiva canônica; cache IME local bde41857f8709d65448c48dfeb30d54a215139e77d6e3bb6a582b76344cae6ef,.cache/fundonet-ime/bde41857f8709d65448c48dfeb30d54a215139e77d6e3bb6a582b76344cae6ef
Carteiras selecionadas,MT Consignado Privado I,MT Consignado Privado I,60010416000112,11/2025,Cotas SR / PL %,96.2946911184421,%,Visão Executiva canônica; cache IME local bde41857f8709d65448c48dfeb30d54a215139e77d6e3bb6a582b76344cae6ef,.cache/fundonet-ime/bde41857f8709d65448c48dfeb30d54a215139e77d6e3bb6a582b76344cae6ef
Carteiras selecionadas,MT Consignado Privado I,MT Consignado Privado I,60010416000112,10/2025,Cotas SR / PL %,95.20247637835602,%,Visão Executiva canônica; cache IME local bde41857f8709d65448c48dfeb30d54a215139e77d6e3bb6a582b76344cae6ef,.cache/fundonet-ime/bde41857f8709d65448c48dfeb30d54a215139e77d6e3bb6a582b76344cae6ef
Carteiras selecionadas,MT Consignado Privado I,MT Consignado Privado I,60010416000112,09/2025,Cotas SR / PL %,95.20247637835602,%,Visão Executiva canônica; cache IME local bde41857f8709d65448c48dfeb30d54a215139e77d6e3bb6a582b76344cae6ef,.cache/fundonet-ime/bde41857f8709d65448c48dfeb30d54a215139e77d6e3bb6a582b76344cae6ef
Carteiras selecionadas,MT Consignado Privado I,MT Consignado Privado I,60010416000112,08/2025,Cotas SR / PL %,95.19378274534961,%,Visão Executiva canônica; cache IME local bde41857f8709d65448c48dfeb30d54a215139e77d6e3bb6a582b76344cae6ef,.cache/fundonet-ime/bde41857f8709d65448c48dfeb30d54a215139e77d6e3bb6a582b76344cae6ef
Carteiras selecionadas,MT Consignado Privado I,MT Consignado Privado I,60010416000112,07/2025,Cotas SR / PL %,96.51218365638518,%,Visão Executiva canônica; cache IME local bde41857f8709d65448c48dfeb30d54a215139e77d6e3bb6a582b76344cae6ef,.cache/fundonet-ime/bde41857f8709d65448c48dfeb30d54a215139e77d6e3bb6a582b76344cae6ef
Carteiras selecionadas,MT Consignado Privado I,MT Consignado Privado I,60010416000112,06/2025,Cotas SR / PL %,96.81693199325562,%,Visão Executiva canônica; cache IME local bde41857f8709d65448c48dfeb30d54a215139e77d6e3bb6a582b76344cae6ef,.cache/fundonet-ime/bde41857f8709d65448c48dfeb30d54a215139e77d6e3bb6a582b76344cae6ef
Carteiras selecionadas,MT Consignado Privado I,MT Consignado Privado I,60010416000112,05/2025,Cotas SR / PL %,97.87529900647539,%,Visão Executiva canônica; cache IME local bde41857f8709d65448c48dfeb30d54a215139e77d6e3bb6a582b76344cae6ef,.cache/fundonet-ime/bde41857f8709d65448c48dfeb30d54a215139e77d6e3bb6a582b76344cae6ef
Carteiras selecionadas,MT Consignado Privado I,MT Consignado Privado I,60010416000112,04/2025,Cotas SR / PL %,99.03578552615001,%,Visão Executiva canônica; cache IME local bde41857f8709d65448c48dfeb30d54a215139e77d6e3bb6a582b76344cae6ef,.cache/fundonet-ime/bde41857f8709d65448c48dfeb30d54a215139e77d6e3bb6a582b76344cae6ef
Carteiras selecionadas,MT Consignado Privado I,MT Consignado Privado I,60010416000112,03/2025,Cotas SR / PL %,99.79395499145399,%,Visão Executiva canônica; cache IME local bde41857f8709d65448c48dfeb30d54a215139e77d6e3bb6a582b76344cae6ef,.cache/fundonet-ime/bde41857f8709d65448c48dfeb30d54a215139e77d6e3bb6a582b76344cae6ef
Carteiras selecionadas,MT Consignado Privado I,MT Consignado Privado I,60010416000112,06/2026,Cotas Sub / PL %,5.721992103450954,%,Visão Executiva canônica; cache IME local bde41857f8709d65448c48dfeb30d54a215139e77d6e3bb6a582b76344cae6ef,.cache/fundonet-ime/bde41857f8709d65448c48dfeb30d54a215139e77d6e3bb6a582b76344cae6ef
Carteiras selecionadas,MT Consignado Privado I,MT Consignado Privado I,60010416000112,05/2026,Cotas Sub / PL %,2.0497635770083287,%,Visão Executiva canônica; cache IME local bde41857f8709d65448c48dfeb30d54a215139e77d6e3bb6a582b76344cae6ef,.cache/fundonet-ime/bde41857f8709d65448c48dfeb30d54a215139e77d6e3bb6a582b76344cae6ef
Carteiras selecionadas,MT Consignado Privado I,MT Consignado Privado I,60010416000112,04/2026,Cotas Sub / PL %,3.7943337644290835,%,Visão Executiva canônica; cache IME local bde41857f8709d65448c48dfeb30d54a215139e77d6e3bb6a582b76344cae6ef,.cache/fundonet-ime/bde41857f8709d65448c48dfeb30d54a215139e77d6e3bb6a582b76344cae6ef
Carteiras selecionadas,MT Consignado Privado I,MT Consignado Privado I,60010416000112,03/2026,Cotas Sub / PL %,3.996831522444487,%,Visão Executiva canônica; cache IME local bde41857f8709d65448c48dfeb30d54a215139e77d6e3bb6a582b76344cae6ef,.cache/fundonet-ime/bde41857f8709d65448c48dfeb30d54a215139e77d6e3bb6a582b76344cae6ef
Carteiras selecionadas,MT Consignado Privado I,MT Consignado Privado I,60010416000112,02/2026,Cotas Sub / PL %,4.403413507281979,%,Visão Executiva canônica; cache IME local bde41857f8709d65448c48dfeb30d54a215139e77d6e3bb6a582b76344cae6ef,.cache/fundonet-ime/bde41857f8709d65448c48dfeb30d54a215139e77d6e3bb6a582b76344cae6ef
Carteiras selecionadas,MT Consignado Privado I,MT Consignado Privado I,60010416000112,01/2026,Cotas Sub / PL %,4.083595242915818,%,Visão Executiva canônica; cache IME local bde41857f8709d65448c48dfeb30d54a215139e77d6e3bb6a582b76344cae6ef,.cache/fundonet-ime/bde41857f8709d65448c48dfeb30d54a215139e77d6e3bb6a582b76344cae6ef
Carteiras selecionadas,MT Consignado Privado I,MT Consignado Privado I,60010416000112,12/2025,Cotas Sub / PL %,4.083595242915818,%,Visão Executiva canônica; cache IME local bde41857f8709d65448c48dfeb30d54a215139e77d6e3bb6a582b76344cae6ef,.cache/fundonet-ime/bde41857f8709d65448c48dfeb30d54a215139e77d6e3bb6a582b76344cae6ef
Carteiras selecionadas,MT Consignado Privado I,MT Consignado Privado I,60010416000112,11/2025,Cotas Sub / PL %,3.705308165783409,%,Visão Executiva canônica; cache IME local bde41857f8709d65448c48dfeb30d54a215139e77d6e3bb6a582b76344cae6ef,.cache/fundonet-ime/bde41857f8709d65448c48dfeb30d54a215139e77d6e3bb6a582b76344cae6ef
Carteiras selecionadas,MT Consignado Privado I,MT Consignado Privado I,60010416000112,10/2025,Cotas Sub / PL %,4.79752227196023,%,Visão Executiva canônica; cache IME local bde41857f8709d65448c48dfeb30d54a215139e77d6e3bb6a582b76344cae6ef,.cache/fundonet-ime/bde41857f8709d65448c48dfeb30d54a215139e77d6e3bb6a582b76344cae6ef
Carteiras selecionadas,MT Consignado Privado I,MT Consignado Privado I,60010416000112,09/2025,Cotas Sub / PL %,4.79752227196023,%,Visão Executiva canônica; cache IME local bde41857f8709d65448c48dfeb30d54a215139e77d6e3bb6a582b76344cae6ef,.cache/fundonet-ime/bde41857f8709d65448c48dfeb30d54a215139e77d6e3bb6a582b76344cae6ef
Carteiras selecionadas,MT Consignado Privado I,MT Consignado Privado I,60010416000112,08/2025,Cotas Sub / PL %,4.806216050944084,%,Visão Executiva canônica; cache IME local bde41857f8709d65448c48dfeb30d54a215139e77d6e3bb6a582b76344cae6ef,.cache/fundonet-ime/bde41857f8709d65448c48dfeb30d54a215139e77d6e3bb6a582b76344cae6ef
Carteiras selecionadas,MT Consignado Privado I,MT Consignado Privado I,60010416000112,07/2025,Cotas Sub / PL %,3.4879725915095756,%,Visão Executiva canônica; cache IME local bde41857f8709d65448c48dfeb30d54a215139e77d6e3bb6a582b76344cae6ef,.cache/fundonet-ime/bde41857f8709d65448c48dfeb30d54a215139e77d6e3bb6a582b76344cae6ef
Carteiras selecionadas,MT Consignado Privado I,MT Consignado Privado I,60010416000112,06/2025,Cotas Sub / PL %,3.1830014250872294,%,Visão Executiva canônica; cache IME local bde41857f8709d65448c48dfeb30d54a215139e77d6e3bb6a582b76344cae6ef,.cache/fundonet-ime/bde41857f8709d65448c48dfeb30d54a215139e77d6e3bb6a582b76344cae6ef
Carteiras selecionadas,MT Consignado Privado I,MT Consignado Privado I,60010416000112,05/2025,Cotas Sub / PL %,2.12473622307558,%,Visão Executiva canônica; cache IME local bde41857f8709d65448c48dfeb30d54a215139e77d6e3bb6a582b76344cae6ef,.cache/fundonet-ime/bde41857f8709d65448c48dfeb30d54a215139e77d6e3bb6a582b76344cae6ef
Carteiras selecionadas,MT Consignado Privado I,MT Consignado Privado I,60010416000112,04/2025,Cotas Sub / PL %,0.9639756460834178,%,Visão Executiva canônica; cache IME local bde41857f8709d65448c48dfeb30d54a215139e77d6e3bb6a582b76344cae6ef,.cache/fundonet-ime/bde41857f8709d65448c48dfeb30d54a215139e77d6e3bb6a582b76344cae6ef
Carteiras selecionadas,MT Consignado Privado I,MT Consignado Privado I,60010416000112,03/2025,Cotas Sub / PL %,0.20639995896761412,%,Visão Executiva canônica; cache IME local bde41857f8709d65448c48dfeb30d54a215139e77d6e3bb6a582b76344cae6ef,.cache/fundonet-ime/bde41857f8709d65448c48dfeb30d54a215139e77d6e3bb6a582b76344cae6ef
Carteiras selecionadas,MT Consignado Privado I,MT Consignado Privado I,60010416000112,06/2026,Rentabilidade SR % a.m.,1.4807558045767326,%,Visão Executiva canônica; cache IME local bde41857f8709d65448c48dfeb30d54a215139e77d6e3bb6a582b76344cae6ef,.cache/fundonet-ime/bde41857f8709d65448c48dfeb30d54a215139e77d6e3bb6a582b76344cae6ef
Carteiras selecionadas,MT Consignado Privado I,MT Consignado Privado I,60010416000112,05/2026,Rentabilidade SR % a.m.,1.3445481798685348,%,Visão Executiva canônica; cache IME local bde41857f8709d65448c48dfeb30d54a215139e77d6e3bb6a582b76344cae6ef,.cache/fundonet-ime/bde41857f8709d65448c48dfeb30d54a215139e77d6e3bb6a582b76344cae6ef
Carteiras selecionadas,MT Consignado Privado I,MT Consignado Privado I,60010416000112,04/2026,Rentabilidade SR % a.m.,1.4782793485976664,%,Visão Executiva canônica; cache IME local bde41857f8709d65448c48dfeb30d54a215139e77d6e3bb6a582b76344cae6ef,.cache/fundonet-ime/bde41857f8709d65448c48dfeb30d54a215139e77d6e3bb6a582b76344cae6ef
Carteiras selecionadas,MT Consignado Privado I,MT Consignado Privado I,60010416000112,03/2026,Rentabilidade SR % a.m.,1.655331705482255,%,Visão Executiva canônica; cache IME local bde41857f8709d65448c48dfeb30d54a215139e77d6e3bb6a582b76344cae6ef,.cache/fundonet-ime/bde41857f8709d65448c48dfeb30d54a215139e77d6e3bb6a582b76344cae6ef
Carteiras selecionadas,MT Consignado Privado I,MT Consignado Privado I,60010416000112,02/2026,Rentabilidade SR % a.m.,1.1420910284108936,%,Visão Executiva canônica; cache IME local bde41857f8709d65448c48dfeb30d54a215139e77d6e3bb6a582b76344cae6ef,.cache/fundonet-ime/bde41857f8709d65448c48dfeb30d54a215139e77d6e3bb6a582b76344cae6ef
Carteiras selecionadas,MT Consignado Privado I,MT Consignado Privado I,60010416000112,01/2026,Rentabilidade SR % a.m.,1.597439783613653,%,Visão Executiva canônica; cache IME local bde41857f8709d65448c48dfeb30d54a215139e77d6e3bb6a582b76344cae6ef,.cache/fundonet-ime/bde41857f8709d65448c48dfeb30d54a215139e77d6e3bb6a582b76344cae6ef
Carteiras selecionadas,MT Consignado Privado I,MT Consignado Privado I,60010416000112,12/2025,Rentabilidade SR % a.m.,1.597439783613653,%,Visão Executiva canônica; cache IME local bde41857f8709d65448c48dfeb30d54a215139e77d6e3bb6a582b76344cae6ef,.cache/fundonet-ime/bde41857f8709d65448c48dfeb30d54a215139e77d6e3bb6a582b76344cae6ef
Carteiras selecionadas,MT Consignado Privado I,MT Consignado Privado I,60010416000112,11/2025,Rentabilidade SR % a.m.,1.4678068657152905,%,Visão Executiva canônica; cache IME local bde41857f8709d65448c48dfeb30d54a215139e77d6e3bb6a582b76344cae6ef,.cache/fundonet-ime/bde41857f8709d65448c48dfeb30d54a215139e77d6e3bb6a582b76344cae6ef
Carteiras selecionadas,MT Consignado Privado I,MT Consignado Privado I,60010416000112,10/2025,Rentabilidade SR % a.m.,1.6940398866673891,%,Visão Executiva canônica; cache IME local bde41857f8709d65448c48dfeb30d54a215139e77d6e3bb6a582b76344cae6ef,.cache/fundonet-ime/bde41857f8709d65448c48dfeb30d54a215139e77d6e3bb6a582b76344cae6ef
Carteiras selecionadas,MT Consignado Privado I,MT Consignado Privado I,60010416000112,09/2025,Rentabilidade SR % a.m.,1.6940398866673891,%,Visão Executiva canônica; cache IME local bde41857f8709d65448c48dfeb30d54a215139e77d6e3bb6a582b76344cae6ef,.cache/fundonet-ime/bde41857f8709d65448c48dfeb30d54a215139e77d6e3bb6a582b76344cae6ef
Carteiras selecionadas,MT Consignado Privado I,MT Consignado Privado I,60010416000112,08/2025,Rentabilidade SR % a.m.,1.9049884222663054,%,Visão Executiva canônica; cache IME local bde41857f8709d65448c48dfeb30d54a215139e77d6e3bb6a582b76344cae6ef,.cache/fundonet-ime/bde41857f8709d65448c48dfeb30d54a215139e77d6e3bb6a582b76344cae6ef
Carteiras selecionadas,MT Consignado Privado I,MT Consignado Privado I,60010416000112,07/2025,Rentabilidade SR % a.m.,1.77354478542731,%,Visão Executiva canônica; cache IME local bde41857f8709d65448c48dfeb30d54a215139e77d6e3bb6a582b76344cae6ef,.cache/fundonet-ime/bde41857f8709d65448c48dfeb30d54a215139e77d6e3bb6a582b76344cae6ef
Carteiras selecionadas,MT Consignado Privado I,MT Consignado Privado I,60010416000112,06/2025,Rentabilidade SR % a.m.,1.5200903997789794,%,Visão Executiva canônica; cache IME local bde41857f8709d65448c48dfeb30d54a215139e77d6e3bb6a582b76344cae6ef,.cache/fundonet-ime/bde41857f8709d65448c48dfeb30d54a215139e77d6e3bb6a582b76344cae6ef
Carteiras selecionadas,MT Consignado Privado I,MT Consignado Privado I,60010416000112,05/2025,Rentabilidade SR % a.m.,1.5811019779139275,%,Visão Executiva canônica; cache IME local bde41857f8709d65448c48dfeb30d54a215139e77d6e3bb6a582b76344cae6ef,.cache/fundonet-ime/bde41857f8709d65448c48dfeb30d54a215139e77d6e3bb6a582b76344cae6ef
Carteiras selecionadas,MT Consignado Privado I,MT Consignado Privado I,60010416000112,04/2025,Rentabilidade SR % a.m.,1.390267502194391,%,Visão Executiva canônica; cache IME local bde41857f8709d65448c48dfeb30d54a215139e77d6e3bb6a582b76344cae6ef,.cache/fundonet-ime/bde41857f8709d65448c48dfeb30d54a215139e77d6e3bb6a582b76344cae6ef
Carteiras selecionadas,MT Consignado Privado I,MT Consignado Privado I,60010416000112,03/2025,Rentabilidade SR % a.m.,0.43,%,Visão Executiva canônica; cache IME local bde41857f8709d65448c48dfeb30d54a215139e77d6e3bb6a582b76344cae6ef,.cache/fundonet-ime/bde41857f8709d65448c48dfeb30d54a215139e77d6e3bb6a582b76344cae6ef
Carteiras selecionadas,MT Consignado Privado I,MT Consignado Privado I,60010416000112,06/2026,Rentabilidade Sub % a.m.,105.84999999999998,%,Visão Executiva canônica; cache IME local bde41857f8709d65448c48dfeb30d54a215139e77d6e3bb6a582b76344cae6ef,.cache/fundonet-ime/bde41857f8709d65448c48dfeb30d54a215139e77d6e3bb6a582b76344cae6ef
Carteiras selecionadas,MT Consignado Privado I,MT Consignado Privado I,60010416000112,05/2026,Rentabilidade Sub % a.m.,-50.69,%,Visão Executiva canônica; cache IME local bde41857f8709d65448c48dfeb30d54a215139e77d6e3bb6a582b76344cae6ef,.cache/fundonet-ime/bde41857f8709d65448c48dfeb30d54a215139e77d6e3bb6a582b76344cae6ef
Carteiras selecionadas,MT Consignado Privado I,MT Consignado Privado I,60010416000112,04/2026,Rentabilidade Sub % a.m.,-13.07,%,Visão Executiva canônica; cache IME local bde41857f8709d65448c48dfeb30d54a215139e77d6e3bb6a582b76344cae6ef,.cache/fundonet-ime/bde41857f8709d65448c48dfeb30d54a215139e77d6e3bb6a582b76344cae6ef
Carteiras selecionadas,MT Consignado Privado I,MT Consignado Privado I,60010416000112,03/2026,Rentabilidade Sub % a.m.,-17.64,%,Visão Executiva canônica; cache IME local bde41857f8709d65448c48dfeb30d54a215139e77d6e3bb6a582b76344cae6ef,.cache/fundonet-ime/bde41857f8709d65448c48dfeb30d54a215139e77d6e3bb6a582b76344cae6ef
Carteiras selecionadas,MT Consignado Privado I,MT Consignado Privado I,60010416000112,02/2026,Rentabilidade Sub % a.m.,47.09,%,Visão Executiva canônica; cache IME local bde41857f8709d65448c48dfeb30d54a215139e77d6e3bb6a582b76344cae6ef,.cache/fundonet-ime/bde41857f8709d65448c48dfeb30d54a215139e77d6e3bb6a582b76344cae6ef
Carteiras selecionadas,MT Consignado Privado I,MT Consignado Privado I,60010416000112,01/2026,Rentabilidade Sub % a.m.,13.240000000000002,%,Visão Executiva canônica; cache IME local bde41857f8709d65448c48dfeb30d54a215139e77d6e3bb6a582b76344cae6ef,.cache/fundonet-ime/bde41857f8709d65448c48dfeb30d54a215139e77d6e3bb6a582b76344cae6ef
Carteiras selecionadas,MT Consignado Privado I,MT Consignado Privado I,60010416000112,12/2025,Rentabilidade Sub % a.m.,13.240000000000002,%,Visão Executiva canônica; cache IME local bde41857f8709d65448c48dfeb30d54a215139e77d6e3bb6a582b76344cae6ef,.cache/fundonet-ime/bde41857f8709d65448c48dfeb30d54a215139e77d6e3bb6a582b76344cae6ef
Carteiras selecionadas,MT Consignado Privado I,MT Consignado Privado I,60010416000112,11/2025,Rentabilidade Sub % a.m.,-10.719999999999999,%,Visão Executiva canônica; cache IME local bde41857f8709d65448c48dfeb30d54a215139e77d6e3bb6a582b76344cae6ef,.cache/fundonet-ime/bde41857f8709d65448c48dfeb30d54a215139e77d6e3bb6a582b76344cae6ef
Carteiras selecionadas,MT Consignado Privado I,MT Consignado Privado I,60010416000112,10/2025,Rentabilidade Sub % a.m.,11.24,%,Visão Executiva canônica; cache IME local bde41857f8709d65448c48dfeb30d54a215139e77d6e3bb6a582b76344cae6ef,.cache/fundonet-ime/bde41857f8709d65448c48dfeb30d54a215139e77d6e3bb6a582b76344cae6ef
Carteiras selecionadas,MT Consignado Privado I,MT Consignado Privado I,60010416000112,09/2025,Rentabilidade Sub % a.m.,11.24,%,Visão Executiva canônica; cache IME local bde41857f8709d65448c48dfeb30d54a215139e77d6e3bb6a582b76344cae6ef,.cache/fundonet-ime/bde41857f8709d65448c48dfeb30d54a215139e77d6e3bb6a582b76344cae6ef
Carteiras selecionadas,MT Consignado Privado I,MT Consignado Privado I,60010416000112,08/2025,Rentabilidade Sub % a.m.,16.62,%,Visão Executiva canônica; cache IME local bde41857f8709d65448c48dfeb30d54a215139e77d6e3bb6a582b76344cae6ef,.cache/fundonet-ime/bde41857f8709d65448c48dfeb30d54a215139e77d6e3bb6a582b76344cae6ef
Carteiras selecionadas,MT Consignado Privado I,MT Consignado Privado I,60010416000112,07/2025,Rentabilidade Sub % a.m.,42.21,%,Visão Executiva canônica; cache IME local bde41857f8709d65448c48dfeb30d54a215139e77d6e3bb6a582b76344cae6ef,.cache/fundonet-ime/bde41857f8709d65448c48dfeb30d54a215139e77d6e3bb6a582b76344cae6ef
Carteiras selecionadas,MT Consignado Privado I,MT Consignado Privado I,60010416000112,06/2025,Rentabilidade Sub % a.m.,59.78,%,Visão Executiva canônica; cache IME local bde41857f8709d65448c48dfeb30d54a215139e77d6e3bb6a582b76344cae6ef,.cache/fundonet-ime/bde41857f8709d65448c48dfeb30d54a215139e77d6e3bb6a582b76344cae6ef
Carteiras selecionadas,MT Consignado Privado I,MT Consignado Privado I,60010416000112,05/2025,Rentabilidade Sub % a.m.,126.55,%,Visão Executiva canônica; cache IME local bde41857f8709d65448c48dfeb30d54a215139e77d6e3bb6a582b76344cae6ef,.cache/fundonet-ime/bde41857f8709d65448c48dfeb30d54a215139e77d6e3bb6a582b76344cae6ef
Carteiras selecionadas,MT Consignado Privado I,MT Consignado Privado I,60010416000112,04/2025,Rentabilidade Sub % a.m.,1050.38,%,Visão Executiva canônica; cache IME local bde41857f8709d65448c48dfeb30d54a215139e77d6e3bb6a582b76344cae6ef,.cache/fundonet-ime/bde41857f8709d65448c48dfeb30d54a215139e77d6e3bb6a582b76344cae6ef
Carteiras selecionadas,MT Consignado Privado I,MT Consignado Privado I,60010416000112,03/2025,Rentabilidade Sub % a.m.,63.95,%,Visão Executiva canônica; cache IME local bde41857f8709d65448c48dfeb30d54a215139e77d6e3bb6a582b76344cae6ef,.cache/fundonet-ime/bde41857f8709d65448c48dfeb30d54a215139e77d6e3bb6a582b76344cae6ef
Carteiras selecionadas,MT Consignado Privado I,MT Consignado Privado I,60010416000112,06/2026,Cotas MZ / PL %,0.0,%,Visão Executiva canônica; cache IME local bde41857f8709d65448c48dfeb30d54a215139e77d6e3bb6a582b76344cae6ef,.cache/fundonet-ime/bde41857f8709d65448c48dfeb30d54a215139e77d6e3bb6a582b76344cae6ef
Carteiras selecionadas,MT Consignado Privado I,MT Consignado Privado I,60010416000112,05/2026,Cotas MZ / PL %,0.0,%,Visão Executiva canônica; cache IME local bde41857f8709d65448c48dfeb30d54a215139e77d6e3bb6a582b76344cae6ef,.cache/fundonet-ime/bde41857f8709d65448c48dfeb30d54a215139e77d6e3bb6a582b76344cae6ef
Carteiras selecionadas,MT Consignado Privado I,MT Consignado Privado I,60010416000112,04/2026,Cotas MZ / PL %,0.0,%,Visão Executiva canônica; cache IME local bde41857f8709d65448c48dfeb30d54a215139e77d6e3bb6a582b76344cae6ef,.cache/fundonet-ime/bde41857f8709d65448c48dfeb30d54a215139e77d6e3bb6a582b76344cae6ef
Carteiras selecionadas,MT Consignado Privado I,MT Consignado Privado I,60010416000112,03/2026,Cotas MZ / PL %,0.0,%,Visão Executiva canônica; cache IME local bde41857f8709d65448c48dfeb30d54a215139e77d6e3bb6a582b76344cae6ef,.cache/fundonet-ime/bde41857f8709d65448c48dfeb30d54a215139e77d6e3bb6a582b76344cae6ef
Carteiras selecionadas,MT Consignado Privado I,MT Consignado Privado I,60010416000112,02/2026,Cotas MZ / PL %,0.0,%,Visão Executiva canônica; cache IME local bde41857f8709d65448c48dfeb30d54a215139e77d6e3bb6a582b76344cae6ef,.cache/fundonet-ime/bde41857f8709d65448c48dfeb30d54a215139e77d6e3bb6a582b76344cae6ef
Carteiras selecionadas,MT Consignado Privado I,MT Consignado Privado I,60010416000112,01/2026,Cotas MZ / PL %,0.0,%,Visão Executiva canônica; cache IME local bde41857f8709d65448c48dfeb30d54a215139e77d6e3bb6a582b76344cae6ef,.cache/fundonet-ime/bde41857f8709d65448c48dfeb30d54a215139e77d6e3bb6a582b76344cae6ef
Carteiras selecionadas,MT Consignado Privado I,MT Consignado Privado I,60010416000112,12/2025,Cotas MZ / PL %,0.0,%,Visão Executiva canônica; cache IME local bde41857f8709d65448c48dfeb30d54a215139e77d6e3bb6a582b76344cae6ef,.cache/fundonet-ime/bde41857f8709d65448c48dfeb30d54a215139e77d6e3bb6a582b76344cae6ef
Carteiras selecionadas,MT Consignado Privado I,MT Consignado Privado I,60010416000112,11/2025,Cotas MZ / PL %,0.0,%,Visão Executiva canônica; cache IME local bde41857f8709d65448c48dfeb30d54a215139e77d6e3bb6a582b76344cae6ef,.cache/fundonet-ime/bde41857f8709d65448c48dfeb30d54a215139e77d6e3bb6a582b76344cae6ef
Carteiras selecionadas,MT Consignado Privado I,MT Consignado Privado I,60010416000112,10/2025,Cotas MZ / PL %,0.0,%,Visão Executiva canônica; cache IME local bde41857f8709d65448c48dfeb30d54a215139e77d6e3bb6a582b76344cae6ef,.cache/fundonet-ime/bde41857f8709d65448c48dfeb30d54a215139e77d6e3bb6a582b76344cae6ef
Carteiras selecionadas,MT Consignado Privado I,MT Consignado Privado I,60010416000112,09/2025,Cotas MZ / PL %,0.0,%,Visão Executiva canônica; cache IME local bde41857f8709d65448c48dfeb30d54a215139e77d6e3bb6a582b76344cae6ef,.cache/fundonet-ime/bde41857f8709d65448c48dfeb30d54a215139e77d6e3bb6a582b76344cae6ef
Carteiras selecionadas,MT Consignado Privado I,MT Consignado Privado I,60010416000112,08/2025,Cotas MZ / PL %,0.0,%,Visão Executiva canônica; cache IME local bde41857f8709d65448c48dfeb30d54a215139e77d6e3bb6a582b76344cae6ef,.cache/fundonet-ime/bde41857f8709d65448c48dfeb30d54a215139e77d6e3bb6a582b76344cae6ef
Carteiras selecionadas,MT Consignado Privado I,MT Consignado Privado I,60010416000112,07/2025,Cotas MZ / PL %,0.0,%,Visão Executiva canônica; cache IME local bde41857f8709d65448c48dfeb30d54a215139e77d6e3bb6a582b76344cae6ef,.cache/fundonet-ime/bde41857f8709d65448c48dfeb30d54a215139e77d6e3bb6a582b76344cae6ef
Carteiras selecionadas,MT Consignado Privado I,MT Consignado Privado I,60010416000112,06/2025,Cotas MZ / PL %,0.0,%,Visão Executiva canônica; cache IME local bde41857f8709d65448c48dfeb30d54a215139e77d6e3bb6a582b76344cae6ef,.cache/fundonet-ime/bde41857f8709d65448c48dfeb30d54a215139e77d6e3bb6a582b76344cae6ef
Carteiras selecionadas,MT Consignado Privado I,MT Consignado Privado I,60010416000112,05/2025,Cotas MZ / PL %,0.0,%,Visão Executiva canônica; cache IME local bde41857f8709d65448c48dfeb30d54a215139e77d6e3bb6a582b76344cae6ef,.cache/fundonet-ime/bde41857f8709d65448c48dfeb30d54a215139e77d6e3bb6a582b76344cae6ef
Carteiras selecionadas,MT Consignado Privado I,MT Consignado Privado I,60010416000112,04/2025,Cotas MZ / PL %,0.0,%,Visão Executiva canônica; cache IME local bde41857f8709d65448c48dfeb30d54a215139e77d6e3bb6a582b76344cae6ef,.cache/fundonet-ime/bde41857f8709d65448c48dfeb30d54a215139e77d6e3bb6a582b76344cae6ef
Carteiras selecionadas,MT Consignado Privado I,MT Consignado Privado I,60010416000112,03/2025,Cotas MZ / PL %,0.0,%,Visão Executiva canônica; cache IME local bde41857f8709d65448c48dfeb30d54a215139e77d6e3bb6a582b76344cae6ef,.cache/fundonet-ime/bde41857f8709d65448c48dfeb30d54a215139e77d6e3bb6a582b76344cae6ef
Carteiras selecionadas,MT Global — Classe CP,MT Global — Classe CP,63953620000165,06/2026,PL (R$),8253013228.5,R$ bruto,Visão Executiva canônica; cache IME local 345d74bedc26435eef60ab8e3498c257366f589cd9f50ff5290158b29e45e518,.cache/fundonet-ime/345d74bedc26435eef60ab8e3498c257366f589cd9f50ff5290158b29e45e518
Carteiras selecionadas,MT Global — Classe CP,MT Global — Classe CP,63953620000165,05/2026,PL (R$),6651104086.55,R$ bruto,Visão Executiva canônica; cache IME local 345d74bedc26435eef60ab8e3498c257366f589cd9f50ff5290158b29e45e518,.cache/fundonet-ime/345d74bedc26435eef60ab8e3498c257366f589cd9f50ff5290158b29e45e518
Carteiras selecionadas,MT Global — Classe CP,MT Global — Classe CP,63953620000165,04/2026,PL (R$),5653887915.52,R$ bruto,Visão Executiva canônica; cache IME local 345d74bedc26435eef60ab8e3498c257366f589cd9f50ff5290158b29e45e518,.cache/fundonet-ime/345d74bedc26435eef60ab8e3498c257366f589cd9f50ff5290158b29e45e518
Carteiras selecionadas,MT Global — Classe CP,MT Global — Classe CP,63953620000165,03/2026,PL (R$),3926090057.89,R$ bruto,Visão Executiva canônica; cache IME local 345d74bedc26435eef60ab8e3498c257366f589cd9f50ff5290158b29e45e518,.cache/fundonet-ime/345d74bedc26435eef60ab8e3498c257366f589cd9f50ff5290158b29e45e518
Carteiras selecionadas,MT Global — Classe CP,MT Global — Classe CP,63953620000165,02/2026,PL (R$),2950066728.24,R$ bruto,Visão Executiva canônica; cache IME local 345d74bedc26435eef60ab8e3498c257366f589cd9f50ff5290158b29e45e518,.cache/fundonet-ime/345d74bedc26435eef60ab8e3498c257366f589cd9f50ff5290158b29e45e518
Carteiras selecionadas,MT Global — Classe CP,MT Global — Classe CP,63953620000165,01/2026,PL (R$),2950066728.24,R$ bruto,Visão Executiva canônica; cache IME local 345d74bedc26435eef60ab8e3498c257366f589cd9f50ff5290158b29e45e518,.cache/fundonet-ime/345d74bedc26435eef60ab8e3498c257366f589cd9f50ff5290158b29e45e518
Carteiras selecionadas,MT Global — Classe CP,MT Global — Classe CP,63953620000165,06/2026,PL (R$ MM),8253.0132285,R$ MM,Visão Executiva canônica; cache IME local 345d74bedc26435eef60ab8e3498c257366f589cd9f50ff5290158b29e45e518,.cache/fundonet-ime/345d74bedc26435eef60ab8e3498c257366f589cd9f50ff5290158b29e45e518
Carteiras selecionadas,MT Global — Classe CP,MT Global — Classe CP,63953620000165,05/2026,PL (R$ MM),6651.10408655,R$ MM,Visão Executiva canônica; cache IME local 345d74bedc26435eef60ab8e3498c257366f589cd9f50ff5290158b29e45e518,.cache/fundonet-ime/345d74bedc26435eef60ab8e3498c257366f589cd9f50ff5290158b29e45e518
Carteiras selecionadas,MT Global — Classe CP,MT Global — Classe CP,63953620000165,04/2026,PL (R$ MM),5653.88791552,R$ MM,Visão Executiva canônica; cache IME local 345d74bedc26435eef60ab8e3498c257366f589cd9f50ff5290158b29e45e518,.cache/fundonet-ime/345d74bedc26435eef60ab8e3498c257366f589cd9f50ff5290158b29e45e518
Carteiras selecionadas,MT Global — Classe CP,MT Global — Classe CP,63953620000165,03/2026,PL (R$ MM),3926.09005789,R$ MM,Visão Executiva canônica; cache IME local 345d74bedc26435eef60ab8e3498c257366f589cd9f50ff5290158b29e45e518,.cache/fundonet-ime/345d74bedc26435eef60ab8e3498c257366f589cd9f50ff5290158b29e45e518
Carteiras selecionadas,MT Global — Classe CP,MT Global — Classe CP,63953620000165,02/2026,PL (R$ MM),2950.06672824,R$ MM,Visão Executiva canônica; cache IME local 345d74bedc26435eef60ab8e3498c257366f589cd9f50ff5290158b29e45e518,.cache/fundonet-ime/345d74bedc26435eef60ab8e3498c257366f589cd9f50ff5290158b29e45e518
Carteiras selecionadas,MT Global — Classe CP,MT Global — Classe CP,63953620000165,01/2026,PL (R$ MM),2950.06672824,R$ MM,Visão Executiva canônica; cache IME local 345d74bedc26435eef60ab8e3498c257366f589cd9f50ff5290158b29e45e518,.cache/fundonet-ime/345d74bedc26435eef60ab8e3498c257366f589cd9f50ff5290158b29e45e518
Carteiras selecionadas,MT Global — Classe CP,MT Global — Classe CP,63953620000165,06/2026,Dir Cred (R$ MM),0.0,R$ MM,Visão Executiva canônica; cache IME local 345d74bedc26435eef60ab8e3498c257366f589cd9f50ff5290158b29e45e518,.cache/fundonet-ime/345d74bedc26435eef60ab8e3498c257366f589cd9f50ff5290158b29e45e518
Carteiras selecionadas,MT Global — Classe CP,MT Global — Classe CP,63953620000165,05/2026,Dir Cred (R$ MM),0.0,R$ MM,Visão Executiva canônica; cache IME local 345d74bedc26435eef60ab8e3498c257366f589cd9f50ff5290158b29e45e518,.cache/fundonet-ime/345d74bedc26435eef60ab8e3498c257366f589cd9f50ff5290158b29e45e518
Carteiras selecionadas,MT Global — Classe CP,MT Global — Classe CP,63953620000165,04/2026,Dir Cred (R$ MM),0.0,R$ MM,Visão Executiva canônica; cache IME local 345d74bedc26435eef60ab8e3498c257366f589cd9f50ff5290158b29e45e518,.cache/fundonet-ime/345d74bedc26435eef60ab8e3498c257366f589cd9f50ff5290158b29e45e518
Carteiras selecionadas,MT Global — Classe CP,MT Global — Classe CP,63953620000165,03/2026,Dir Cred (R$ MM),0.0,R$ MM,Visão Executiva canônica; cache IME local 345d74bedc26435eef60ab8e3498c257366f589cd9f50ff5290158b29e45e518,.cache/fundonet-ime/345d74bedc26435eef60ab8e3498c257366f589cd9f50ff5290158b29e45e518
Carteiras selecionadas,MT Global — Classe CP,MT Global — Classe CP,63953620000165,02/2026,Dir Cred (R$ MM),0.0,R$ MM,Visão Executiva canônica; cache IME local 345d74bedc26435eef60ab8e3498c257366f589cd9f50ff5290158b29e45e518,.cache/fundonet-ime/345d74bedc26435eef60ab8e3498c257366f589cd9f50ff5290158b29e45e518
Carteiras selecionadas,MT Global — Classe CP,MT Global — Classe CP,63953620000165,01/2026,Dir Cred (R$ MM),0.0,R$ MM,Visão Executiva canônica; cache IME local 345d74bedc26435eef60ab8e3498c257366f589cd9f50ff5290158b29e45e518,.cache/fundonet-ime/345d74bedc26435eef60ab8e3498c257366f589cd9f50ff5290158b29e45e518
Carteiras selecionadas,MT Global — Classe CP,MT Global — Classe CP,63953620000165,06/2026,Dir Cred / PL,0.0,ratio,Visão Executiva canônica; cache IME local 345d74bedc26435eef60ab8e3498c257366f589cd9f50ff5290158b29e45e518,.cache/fundonet-ime/345d74bedc26435eef60ab8e3498c257366f589cd9f50ff5290158b29e45e518
Carteiras selecionadas,MT Global — Classe CP,MT Global — Classe CP,63953620000165,05/2026,Dir Cred / PL,0.0,ratio,Visão Executiva canônica; cache IME local 345d74bedc26435eef60ab8e3498c257366f589cd9f50ff5290158b29e45e518,.cache/fundonet-ime/345d74bedc26435eef60ab8e3498c257366f589cd9f50ff5290158b29e45e518
Carteiras selecionadas,MT Global — Classe CP,MT Global — Classe CP,63953620000165,04/2026,Dir Cred / PL,0.0,ratio,Visão Executiva canônica; cache IME local 345d74bedc26435eef60ab8e3498c257366f589cd9f50ff5290158b29e45e518,.cache/fundonet-ime/345d74bedc26435eef60ab8e3498c257366f589cd9f50ff5290158b29e45e518
Carteiras selecionadas,MT Global — Classe CP,MT Global — Classe CP,63953620000165,03/2026,Dir Cred / PL,0.0,ratio,Visão Executiva canônica; cache IME local 345d74bedc26435eef60ab8e3498c257366f589cd9f50ff5290158b29e45e518,.cache/fundonet-ime/345d74bedc26435eef60ab8e3498c257366f589cd9f50ff5290158b29e45e518
Carteiras selecionadas,MT Global — Classe CP,MT Global — Classe CP,63953620000165,02/2026,Dir Cred / PL,0.0,ratio,Visão Executiva canônica; cache IME local 345d74bedc26435eef60ab8e3498c257366f589cd9f50ff5290158b29e45e518,.cache/fundonet-ime/345d74bedc26435eef60ab8e3498c257366f589cd9f50ff5290158b29e45e518
Carteiras selecionadas,MT Global — Classe CP,MT Global — Classe CP,63953620000165,01/2026,Dir Cred / PL,0.0,ratio,Visão Executiva canônica; cache IME local 345d74bedc26435eef60ab8e3498c257366f589cd9f50ff5290158b29e45e518,.cache/fundonet-ime/345d74bedc26435eef60ab8e3498c257366f589cd9f50ff5290158b29e45e518
Carteiras selecionadas,MT Global — Classe CP,MT Global — Classe CP,63953620000165,06/2026,Vencidos <= 90 d (R$ MM),0.0,R$ MM,Visão Executiva canônica; cache IME local 345d74bedc26435eef60ab8e3498c257366f589cd9f50ff5290158b29e45e518,.cache/fundonet-ime/345d74bedc26435eef60ab8e3498c257366f589cd9f50ff5290158b29e45e518
Carteiras selecionadas,MT Global — Classe CP,MT Global — Classe CP,63953620000165,05/2026,Vencidos <= 90 d (R$ MM),0.0,R$ MM,Visão Executiva canônica; cache IME local 345d74bedc26435eef60ab8e3498c257366f589cd9f50ff5290158b29e45e518,.cache/fundonet-ime/345d74bedc26435eef60ab8e3498c257366f589cd9f50ff5290158b29e45e518
Carteiras selecionadas,MT Global — Classe CP,MT Global — Classe CP,63953620000165,04/2026,Vencidos <= 90 d (R$ MM),0.0,R$ MM,Visão Executiva canônica; cache IME local 345d74bedc26435eef60ab8e3498c257366f589cd9f50ff5290158b29e45e518,.cache/fundonet-ime/345d74bedc26435eef60ab8e3498c257366f589cd9f50ff5290158b29e45e518
Carteiras selecionadas,MT Global — Classe CP,MT Global — Classe CP,63953620000165,03/2026,Vencidos <= 90 d (R$ MM),0.0,R$ MM,Visão Executiva canônica; cache IME local 345d74bedc26435eef60ab8e3498c257366f589cd9f50ff5290158b29e45e518,.cache/fundonet-ime/345d74bedc26435eef60ab8e3498c257366f589cd9f50ff5290158b29e45e518
Carteiras selecionadas,MT Global — Classe CP,MT Global — Classe CP,63953620000165,02/2026,Vencidos <= 90 d (R$ MM),0.0,R$ MM,Visão Executiva canônica; cache IME local 345d74bedc26435eef60ab8e3498c257366f589cd9f50ff5290158b29e45e518,.cache/fundonet-ime/345d74bedc26435eef60ab8e3498c257366f589cd9f50ff5290158b29e45e518
Carteiras selecionadas,MT Global — Classe CP,MT Global — Classe CP,63953620000165,01/2026,Vencidos <= 90 d (R$ MM),0.0,R$ MM,Visão Executiva canônica; cache IME local 345d74bedc26435eef60ab8e3498c257366f589cd9f50ff5290158b29e45e518,.cache/fundonet-ime/345d74bedc26435eef60ab8e3498c257366f589cd9f50ff5290158b29e45e518
Carteiras selecionadas,MT Global — Classe CP,MT Global — Classe CP,63953620000165,06/2026,Vencidos > 90 d (R$ MM),0.0,R$ MM,Visão Executiva canônica; cache IME local 345d74bedc26435eef60ab8e3498c257366f589cd9f50ff5290158b29e45e518,.cache/fundonet-ime/345d74bedc26435eef60ab8e3498c257366f589cd9f50ff5290158b29e45e518
Carteiras selecionadas,MT Global — Classe CP,MT Global — Classe CP,63953620000165,05/2026,Vencidos > 90 d (R$ MM),0.0,R$ MM,Visão Executiva canônica; cache IME local 345d74bedc26435eef60ab8e3498c257366f589cd9f50ff5290158b29e45e518,.cache/fundonet-ime/345d74bedc26435eef60ab8e3498c257366f589cd9f50ff5290158b29e45e518
Carteiras selecionadas,MT Global — Classe CP,MT Global — Classe CP,63953620000165,04/2026,Vencidos > 90 d (R$ MM),0.0,R$ MM,Visão Executiva canônica; cache IME local 345d74bedc26435eef60ab8e3498c257366f589cd9f50ff5290158b29e45e518,.cache/fundonet-ime/345d74bedc26435eef60ab8e3498c257366f589cd9f50ff5290158b29e45e518
Carteiras selecionadas,MT Global — Classe CP,MT Global — Classe CP,63953620000165,03/2026,Vencidos > 90 d (R$ MM),0.0,R$ MM,Visão Executiva canônica; cache IME local 345d74bedc26435eef60ab8e3498c257366f589cd9f50ff5290158b29e45e518,.cache/fundonet-ime/345d74bedc26435eef60ab8e3498c257366f589cd9f50ff5290158b29e45e518
Carteiras selecionadas,MT Global — Classe CP,MT Global — Classe CP,63953620000165,02/2026,Vencidos > 90 d (R$ MM),0.0,R$ MM,Visão Executiva canônica; cache IME local 345d74bedc26435eef60ab8e3498c257366f589cd9f50ff5290158b29e45e518,.cache/fundonet-ime/345d74bedc26435eef60ab8e3498c257366f589cd9f50ff5290158b29e45e518
Carteiras selecionadas,MT Global — Classe CP,MT Global — Classe CP,63953620000165,01/2026,Vencidos > 90 d (R$ MM),0.0,R$ MM,Visão Executiva canônica; cache IME local 345d74bedc26435eef60ab8e3498c257366f589cd9f50ff5290158b29e45e518,.cache/fundonet-ime/345d74bedc26435eef60ab8e3498c257366f589cd9f50ff5290158b29e45e518
Carteiras selecionadas,MT Global — Classe CP,MT Global — Classe CP,63953620000165,06/2026,Vencidos Total (R$ MM),0.0,R$ MM,Visão Executiva canônica; cache IME local 345d74bedc26435eef60ab8e3498c257366f589cd9f50ff5290158b29e45e518,.cache/fundonet-ime/345d74bedc26435eef60ab8e3498c257366f589cd9f50ff5290158b29e45e518
Carteiras selecionadas,MT Global — Classe CP,MT Global — Classe CP,63953620000165,05/2026,Vencidos Total (R$ MM),0.0,R$ MM,Visão Executiva canônica; cache IME local 345d74bedc26435eef60ab8e3498c257366f589cd9f50ff5290158b29e45e518,.cache/fundonet-ime/345d74bedc26435eef60ab8e3498c257366f589cd9f50ff5290158b29e45e518
Carteiras selecionadas,MT Global — Classe CP,MT Global — Classe CP,63953620000165,04/2026,Vencidos Total (R$ MM),0.0,R$ MM,Visão Executiva canônica; cache IME local 345d74bedc26435eef60ab8e3498c257366f589cd9f50ff5290158b29e45e518,.cache/fundonet-ime/345d74bedc26435eef60ab8e3498c257366f589cd9f50ff5290158b29e45e518
Carteiras selecionadas,MT Global — Classe CP,MT Global — Classe CP,63953620000165,03/2026,Vencidos Total (R$ MM),0.0,R$ MM,Visão Executiva canônica; cache IME local 345d74bedc26435eef60ab8e3498c257366f589cd9f50ff5290158b29e45e518,.cache/fundonet-ime/345d74bedc26435eef60ab8e3498c257366f589cd9f50ff5290158b29e45e518
Carteiras selecionadas,MT Global — Classe CP,MT Global — Classe CP,63953620000165,02/2026,Vencidos Total (R$ MM),0.0,R$ MM,Visão Executiva canônica; cache IME local 345d74bedc26435eef60ab8e3498c257366f589cd9f50ff5290158b29e45e518,.cache/fundonet-ime/345d74bedc26435eef60ab8e3498c257366f589cd9f50ff5290158b29e45e518
Carteiras selecionadas,MT Global — Classe CP,MT Global — Classe CP,63953620000165,01/2026,Vencidos Total (R$ MM),0.0,R$ MM,Visão Executiva canônica; cache IME local 345d74bedc26435eef60ab8e3498c257366f589cd9f50ff5290158b29e45e518,.cache/fundonet-ime/345d74bedc26435eef60ab8e3498c257366f589cd9f50ff5290158b29e45e518
Carteiras selecionadas,MT Global — Classe CP,MT Global — Classe CP,63953620000165,06/2026,Vencidos Over 30 d (R$ MM),0.0,R$ MM,Visão Executiva canônica; cache IME local 345d74bedc26435eef60ab8e3498c257366f589cd9f50ff5290158b29e45e518,.cache/fundonet-ime/345d74bedc26435eef60ab8e3498c257366f589cd9f50ff5290158b29e45e518
Carteiras selecionadas,MT Global — Classe CP,MT Global — Classe CP,63953620000165,05/2026,Vencidos Over 30 d (R$ MM),0.0,R$ MM,Visão Executiva canônica; cache IME local 345d74bedc26435eef60ab8e3498c257366f589cd9f50ff5290158b29e45e518,.cache/fundonet-ime/345d74bedc26435eef60ab8e3498c257366f589cd9f50ff5290158b29e45e518
Carteiras selecionadas,MT Global — Classe CP,MT Global — Classe CP,63953620000165,04/2026,Vencidos Over 30 d (R$ MM),0.0,R$ MM,Visão Executiva canônica; cache IME local 345d74bedc26435eef60ab8e3498c257366f589cd9f50ff5290158b29e45e518,.cache/fundonet-ime/345d74bedc26435eef60ab8e3498c257366f589cd9f50ff5290158b29e45e518
Carteiras selecionadas,MT Global — Classe CP,MT Global — Classe CP,63953620000165,03/2026,Vencidos Over 30 d (R$ MM),0.0,R$ MM,Visão Executiva canônica; cache IME local 345d74bedc26435eef60ab8e3498c257366f589cd9f50ff5290158b29e45e518,.cache/fundonet-ime/345d74bedc26435eef60ab8e3498c257366f589cd9f50ff5290158b29e45e518
Carteiras selecionadas,MT Global — Classe CP,MT Global — Classe CP,63953620000165,02/2026,Vencidos Over 30 d (R$ MM),0.0,R$ MM,Visão Executiva canônica; cache IME local 345d74bedc26435eef60ab8e3498c257366f589cd9f50ff5290158b29e45e518,.cache/fundonet-ime/345d74bedc26435eef60ab8e3498c257366f589cd9f50ff5290158b29e45e518
Carteiras selecionadas,MT Global — Classe CP,MT Global — Classe CP,63953620000165,01/2026,Vencidos Over 30 d (R$ MM),0.0,R$ MM,Visão Executiva canônica; cache IME local 345d74bedc26435eef60ab8e3498c257366f589cd9f50ff5290158b29e45e518,.cache/fundonet-ime/345d74bedc26435eef60ab8e3498c257366f589cd9f50ff5290158b29e45e518
Carteiras selecionadas,MT Global — Classe CP,MT Global — Classe CP,63953620000165,06/2026,Vencidos Over 60 d (R$ MM),0.0,R$ MM,Visão Executiva canônica; cache IME local 345d74bedc26435eef60ab8e3498c257366f589cd9f50ff5290158b29e45e518,.cache/fundonet-ime/345d74bedc26435eef60ab8e3498c257366f589cd9f50ff5290158b29e45e518
Carteiras selecionadas,MT Global — Classe CP,MT Global — Classe CP,63953620000165,05/2026,Vencidos Over 60 d (R$ MM),0.0,R$ MM,Visão Executiva canônica; cache IME local 345d74bedc26435eef60ab8e3498c257366f589cd9f50ff5290158b29e45e518,.cache/fundonet-ime/345d74bedc26435eef60ab8e3498c257366f589cd9f50ff5290158b29e45e518
Carteiras selecionadas,MT Global — Classe CP,MT Global — Classe CP,63953620000165,04/2026,Vencidos Over 60 d (R$ MM),0.0,R$ MM,Visão Executiva canônica; cache IME local 345d74bedc26435eef60ab8e3498c257366f589cd9f50ff5290158b29e45e518,.cache/fundonet-ime/345d74bedc26435eef60ab8e3498c257366f589cd9f50ff5290158b29e45e518
Carteiras selecionadas,MT Global — Classe CP,MT Global — Classe CP,63953620000165,03/2026,Vencidos Over 60 d (R$ MM),0.0,R$ MM,Visão Executiva canônica; cache IME local 345d74bedc26435eef60ab8e3498c257366f589cd9f50ff5290158b29e45e518,.cache/fundonet-ime/345d74bedc26435eef60ab8e3498c257366f589cd9f50ff5290158b29e45e518
Carteiras selecionadas,MT Global — Classe CP,MT Global — Classe CP,63953620000165,02/2026,Vencidos Over 60 d (R$ MM),0.0,R$ MM,Visão Executiva canônica; cache IME local 345d74bedc26435eef60ab8e3498c257366f589cd9f50ff5290158b29e45e518,.cache/fundonet-ime/345d74bedc26435eef60ab8e3498c257366f589cd9f50ff5290158b29e45e518
Carteiras selecionadas,MT Global — Classe CP,MT Global — Classe CP,63953620000165,01/2026,Vencidos Over 60 d (R$ MM),0.0,R$ MM,Visão Executiva canônica; cache IME local 345d74bedc26435eef60ab8e3498c257366f589cd9f50ff5290158b29e45e518,.cache/fundonet-ime/345d74bedc26435eef60ab8e3498c257366f589cd9f50ff5290158b29e45e518
Carteiras selecionadas,MT Global — Classe CP,MT Global — Classe CP,63953620000165,06/2026,Vencidos Over 90 d (R$ MM),0.0,R$ MM,Visão Executiva canônica; cache IME local 345d74bedc26435eef60ab8e3498c257366f589cd9f50ff5290158b29e45e518,.cache/fundonet-ime/345d74bedc26435eef60ab8e3498c257366f589cd9f50ff5290158b29e45e518
Carteiras selecionadas,MT Global — Classe CP,MT Global — Classe CP,63953620000165,05/2026,Vencidos Over 90 d (R$ MM),0.0,R$ MM,Visão Executiva canônica; cache IME local 345d74bedc26435eef60ab8e3498c257366f589cd9f50ff5290158b29e45e518,.cache/fundonet-ime/345d74bedc26435eef60ab8e3498c257366f589cd9f50ff5290158b29e45e518
Carteiras selecionadas,MT Global — Classe CP,MT Global — Classe CP,63953620000165,04/2026,Vencidos Over 90 d (R$ MM),0.0,R$ MM,Visão Executiva canônica; cache IME local 345d74bedc26435eef60ab8e3498c257366f589cd9f50ff5290158b29e45e518,.cache/fundonet-ime/345d74bedc26435eef60ab8e3498c257366f589cd9f50ff5290158b29e45e518
Carteiras selecionadas,MT Global — Classe CP,MT Global — Classe CP,63953620000165,03/2026,Vencidos Over 90 d (R$ MM),0.0,R$ MM,Visão Executiva canônica; cache IME local 345d74bedc26435eef60ab8e3498c257366f589cd9f50ff5290158b29e45e518,.cache/fundonet-ime/345d74bedc26435eef60ab8e3498c257366f589cd9f50ff5290158b29e45e518
Carteiras selecionadas,MT Global — Classe CP,MT Global — Classe CP,63953620000165,02/2026,Vencidos Over 90 d (R$ MM),0.0,R$ MM,Visão Executiva canônica; cache IME local 345d74bedc26435eef60ab8e3498c257366f589cd9f50ff5290158b29e45e518,.cache/fundonet-ime/345d74bedc26435eef60ab8e3498c257366f589cd9f50ff5290158b29e45e518
Carteiras selecionadas,MT Global — Classe CP,MT Global — Classe CP,63953620000165,01/2026,Vencidos Over 90 d (R$ MM),0.0,R$ MM,Visão Executiva canônica; cache IME local 345d74bedc26435eef60ab8e3498c257366f589cd9f50ff5290158b29e45e518,.cache/fundonet-ime/345d74bedc26435eef60ab8e3498c257366f589cd9f50ff5290158b29e45e518
Carteiras selecionadas,MT Global — Classe CP,MT Global — Classe CP,63953620000165,06/2026,Vencidos Over 180 d (R$ MM),0.0,R$ MM,Visão Executiva canônica; cache IME local 345d74bedc26435eef60ab8e3498c257366f589cd9f50ff5290158b29e45e518,.cache/fundonet-ime/345d74bedc26435eef60ab8e3498c257366f589cd9f50ff5290158b29e45e518
Carteiras selecionadas,MT Global — Classe CP,MT Global — Classe CP,63953620000165,05/2026,Vencidos Over 180 d (R$ MM),0.0,R$ MM,Visão Executiva canônica; cache IME local 345d74bedc26435eef60ab8e3498c257366f589cd9f50ff5290158b29e45e518,.cache/fundonet-ime/345d74bedc26435eef60ab8e3498c257366f589cd9f50ff5290158b29e45e518
Carteiras selecionadas,MT Global — Classe CP,MT Global — Classe CP,63953620000165,04/2026,Vencidos Over 180 d (R$ MM),0.0,R$ MM,Visão Executiva canônica; cache IME local 345d74bedc26435eef60ab8e3498c257366f589cd9f50ff5290158b29e45e518,.cache/fundonet-ime/345d74bedc26435eef60ab8e3498c257366f589cd9f50ff5290158b29e45e518
Carteiras selecionadas,MT Global — Classe CP,MT Global — Classe CP,63953620000165,03/2026,Vencidos Over 180 d (R$ MM),0.0,R$ MM,Visão Executiva canônica; cache IME local 345d74bedc26435eef60ab8e3498c257366f589cd9f50ff5290158b29e45e518,.cache/fundonet-ime/345d74bedc26435eef60ab8e3498c257366f589cd9f50ff5290158b29e45e518
Carteiras selecionadas,MT Global — Classe CP,MT Global — Classe CP,63953620000165,02/2026,Vencidos Over 180 d (R$ MM),0.0,R$ MM,Visão Executiva canônica; cache IME local 345d74bedc26435eef60ab8e3498c257366f589cd9f50ff5290158b29e45e518,.cache/fundonet-ime/345d74bedc26435eef60ab8e3498c257366f589cd9f50ff5290158b29e45e518
Carteiras selecionadas,MT Global — Classe CP,MT Global — Classe CP,63953620000165,01/2026,Vencidos Over 180 d (R$ MM),0.0,R$ MM,Visão Executiva canônica; cache IME local 345d74bedc26435eef60ab8e3498c257366f589cd9f50ff5290158b29e45e518,.cache/fundonet-ime/345d74bedc26435eef60ab8e3498c257366f589cd9f50ff5290158b29e45e518
Carteiras selecionadas,MT Global — Classe CP,MT Global — Classe CP,63953620000165,06/2026,Vencidos Over 360 d (R$ MM),0.0,R$ MM,Visão Executiva canônica; cache IME local 345d74bedc26435eef60ab8e3498c257366f589cd9f50ff5290158b29e45e518,.cache/fundonet-ime/345d74bedc26435eef60ab8e3498c257366f589cd9f50ff5290158b29e45e518
Carteiras selecionadas,MT Global — Classe CP,MT Global — Classe CP,63953620000165,05/2026,Vencidos Over 360 d (R$ MM),0.0,R$ MM,Visão Executiva canônica; cache IME local 345d74bedc26435eef60ab8e3498c257366f589cd9f50ff5290158b29e45e518,.cache/fundonet-ime/345d74bedc26435eef60ab8e3498c257366f589cd9f50ff5290158b29e45e518
Carteiras selecionadas,MT Global — Classe CP,MT Global — Classe CP,63953620000165,04/2026,Vencidos Over 360 d (R$ MM),0.0,R$ MM,Visão Executiva canônica; cache IME local 345d74bedc26435eef60ab8e3498c257366f589cd9f50ff5290158b29e45e518,.cache/fundonet-ime/345d74bedc26435eef60ab8e3498c257366f589cd9f50ff5290158b29e45e518
Carteiras selecionadas,MT Global — Classe CP,MT Global — Classe CP,63953620000165,03/2026,Vencidos Over 360 d (R$ MM),0.0,R$ MM,Visão Executiva canônica; cache IME local 345d74bedc26435eef60ab8e3498c257366f589cd9f50ff5290158b29e45e518,.cache/fundonet-ime/345d74bedc26435eef60ab8e3498c257366f589cd9f50ff5290158b29e45e518
Carteiras selecionadas,MT Global — Classe CP,MT Global — Classe CP,63953620000165,02/2026,Vencidos Over 360 d (R$ MM),0.0,R$ MM,Visão Executiva canônica; cache IME local 345d74bedc26435eef60ab8e3498c257366f589cd9f50ff5290158b29e45e518,.cache/fundonet-ime/345d74bedc26435eef60ab8e3498c257366f589cd9f50ff5290158b29e45e518
Carteiras selecionadas,MT Global — Classe CP,MT Global — Classe CP,63953620000165,01/2026,Vencidos Over 360 d (R$ MM),0.0,R$ MM,Visão Executiva canônica; cache IME local 345d74bedc26435eef60ab8e3498c257366f589cd9f50ff5290158b29e45e518,.cache/fundonet-ime/345d74bedc26435eef60ab8e3498c257366f589cd9f50ff5290158b29e45e518
Carteiras selecionadas,MT Global — Classe CP,MT Global — Classe CP,63953620000165,06/2026,PDD (R$ MM),0.0,R$ MM,Visão Executiva canônica; cache IME local 345d74bedc26435eef60ab8e3498c257366f589cd9f50ff5290158b29e45e518,.cache/fundonet-ime/345d74bedc26435eef60ab8e3498c257366f589cd9f50ff5290158b29e45e518
Carteiras selecionadas,MT Global — Classe CP,MT Global — Classe CP,63953620000165,05/2026,PDD (R$ MM),0.0,R$ MM,Visão Executiva canônica; cache IME local 345d74bedc26435eef60ab8e3498c257366f589cd9f50ff5290158b29e45e518,.cache/fundonet-ime/345d74bedc26435eef60ab8e3498c257366f589cd9f50ff5290158b29e45e518
Carteiras selecionadas,MT Global — Classe CP,MT Global — Classe CP,63953620000165,04/2026,PDD (R$ MM),0.0,R$ MM,Visão Executiva canônica; cache IME local 345d74bedc26435eef60ab8e3498c257366f589cd9f50ff5290158b29e45e518,.cache/fundonet-ime/345d74bedc26435eef60ab8e3498c257366f589cd9f50ff5290158b29e45e518
Carteiras selecionadas,MT Global — Classe CP,MT Global — Classe CP,63953620000165,03/2026,PDD (R$ MM),0.0,R$ MM,Visão Executiva canônica; cache IME local 345d74bedc26435eef60ab8e3498c257366f589cd9f50ff5290158b29e45e518,.cache/fundonet-ime/345d74bedc26435eef60ab8e3498c257366f589cd9f50ff5290158b29e45e518
Carteiras selecionadas,MT Global — Classe CP,MT Global — Classe CP,63953620000165,02/2026,PDD (R$ MM),0.0,R$ MM,Visão Executiva canônica; cache IME local 345d74bedc26435eef60ab8e3498c257366f589cd9f50ff5290158b29e45e518,.cache/fundonet-ime/345d74bedc26435eef60ab8e3498c257366f589cd9f50ff5290158b29e45e518
Carteiras selecionadas,MT Global — Classe CP,MT Global — Classe CP,63953620000165,01/2026,PDD (R$ MM),0.0,R$ MM,Visão Executiva canônica; cache IME local 345d74bedc26435eef60ab8e3498c257366f589cd9f50ff5290158b29e45e518,.cache/fundonet-ime/345d74bedc26435eef60ab8e3498c257366f589cd9f50ff5290158b29e45e518
Carteiras selecionadas,MT Global — Classe CP,MT Global — Classe CP,63953620000165,06/2026,Recompras (R$ MM),0.0,R$ MM,Visão Executiva canônica; cache IME local 345d74bedc26435eef60ab8e3498c257366f589cd9f50ff5290158b29e45e518,.cache/fundonet-ime/345d74bedc26435eef60ab8e3498c257366f589cd9f50ff5290158b29e45e518
Carteiras selecionadas,MT Global — Classe CP,MT Global — Classe CP,63953620000165,05/2026,Recompras (R$ MM),0.0,R$ MM,Visão Executiva canônica; cache IME local 345d74bedc26435eef60ab8e3498c257366f589cd9f50ff5290158b29e45e518,.cache/fundonet-ime/345d74bedc26435eef60ab8e3498c257366f589cd9f50ff5290158b29e45e518
Carteiras selecionadas,MT Global — Classe CP,MT Global — Classe CP,63953620000165,04/2026,Recompras (R$ MM),0.0,R$ MM,Visão Executiva canônica; cache IME local 345d74bedc26435eef60ab8e3498c257366f589cd9f50ff5290158b29e45e518,.cache/fundonet-ime/345d74bedc26435eef60ab8e3498c257366f589cd9f50ff5290158b29e45e518
Carteiras selecionadas,MT Global — Classe CP,MT Global — Classe CP,63953620000165,03/2026,Recompras (R$ MM),0.0,R$ MM,Visão Executiva canônica; cache IME local 345d74bedc26435eef60ab8e3498c257366f589cd9f50ff5290158b29e45e518,.cache/fundonet-ime/345d74bedc26435eef60ab8e3498c257366f589cd9f50ff5290158b29e45e518
Carteiras selecionadas,MT Global — Classe CP,MT Global — Classe CP,63953620000165,02/2026,Recompras (R$ MM),0.0,R$ MM,Visão Executiva canônica; cache IME local 345d74bedc26435eef60ab8e3498c257366f589cd9f50ff5290158b29e45e518,.cache/fundonet-ime/345d74bedc26435eef60ab8e3498c257366f589cd9f50ff5290158b29e45e518
Carteiras selecionadas,MT Global — Classe CP,MT Global — Classe CP,63953620000165,01/2026,Recompras (R$ MM),0.0,R$ MM,Visão Executiva canônica; cache IME local 345d74bedc26435eef60ab8e3498c257366f589cd9f50ff5290158b29e45e518,.cache/fundonet-ime/345d74bedc26435eef60ab8e3498c257366f589cd9f50ff5290158b29e45e518
Carteiras selecionadas,MT Global — Classe CP,MT Global — Classe CP,63953620000165,06/2026,Recompras / PL,0.0,ratio,Visão Executiva canônica; cache IME local 345d74bedc26435eef60ab8e3498c257366f589cd9f50ff5290158b29e45e518,.cache/fundonet-ime/345d74bedc26435eef60ab8e3498c257366f589cd9f50ff5290158b29e45e518
Carteiras selecionadas,MT Global — Classe CP,MT Global — Classe CP,63953620000165,05/2026,Recompras / PL,0.0,ratio,Visão Executiva canônica; cache IME local 345d74bedc26435eef60ab8e3498c257366f589cd9f50ff5290158b29e45e518,.cache/fundonet-ime/345d74bedc26435eef60ab8e3498c257366f589cd9f50ff5290158b29e45e518
Carteiras selecionadas,MT Global — Classe CP,MT Global — Classe CP,63953620000165,04/2026,Recompras / PL,0.0,ratio,Visão Executiva canônica; cache IME local 345d74bedc26435eef60ab8e3498c257366f589cd9f50ff5290158b29e45e518,.cache/fundonet-ime/345d74bedc26435eef60ab8e3498c257366f589cd9f50ff5290158b29e45e518
Carteiras selecionadas,MT Global — Classe CP,MT Global — Classe CP,63953620000165,03/2026,Recompras / PL,0.0,ratio,Visão Executiva canônica; cache IME local 345d74bedc26435eef60ab8e3498c257366f589cd9f50ff5290158b29e45e518,.cache/fundonet-ime/345d74bedc26435eef60ab8e3498c257366f589cd9f50ff5290158b29e45e518
Carteiras selecionadas,MT Global — Classe CP,MT Global — Classe CP,63953620000165,02/2026,Recompras / PL,0.0,ratio,Visão Executiva canônica; cache IME local 345d74bedc26435eef60ab8e3498c257366f589cd9f50ff5290158b29e45e518,.cache/fundonet-ime/345d74bedc26435eef60ab8e3498c257366f589cd9f50ff5290158b29e45e518
Carteiras selecionadas,MT Global — Classe CP,MT Global — Classe CP,63953620000165,01/2026,Recompras / PL,0.0,ratio,Visão Executiva canônica; cache IME local 345d74bedc26435eef60ab8e3498c257366f589cd9f50ff5290158b29e45e518,.cache/fundonet-ime/345d74bedc26435eef60ab8e3498c257366f589cd9f50ff5290158b29e45e518
Carteiras selecionadas,MT Global — Classe CP,MT Global — Classe CP,63953620000165,06/2026,Cotas SR / PL %,97.35541354500356,%,Visão Executiva canônica; cache IME local 345d74bedc26435eef60ab8e3498c257366f589cd9f50ff5290158b29e45e518,.cache/fundonet-ime/345d74bedc26435eef60ab8e3498c257366f589cd9f50ff5290158b29e45e518
Carteiras selecionadas,MT Global — Classe CP,MT Global — Classe CP,63953620000165,05/2026,Cotas SR / PL %,95.61128808057134,%,Visão Executiva canônica; cache IME local 345d74bedc26435eef60ab8e3498c257366f589cd9f50ff5290158b29e45e518,.cache/fundonet-ime/345d74bedc26435eef60ab8e3498c257366f589cd9f50ff5290158b29e45e518
Carteiras selecionadas,MT Global — Classe CP,MT Global — Classe CP,63953620000165,04/2026,Cotas SR / PL %,96.4918968210593,%,Visão Executiva canônica; cache IME local 345d74bedc26435eef60ab8e3498c257366f589cd9f50ff5290158b29e45e518,.cache/fundonet-ime/345d74bedc26435eef60ab8e3498c257366f589cd9f50ff5290158b29e45e518
Carteiras selecionadas,MT Global — Classe CP,MT Global — Classe CP,63953620000165,03/2026,Cotas SR / PL %,97.24042839491494,%,Visão Executiva canônica; cache IME local 345d74bedc26435eef60ab8e3498c257366f589cd9f50ff5290158b29e45e518,.cache/fundonet-ime/345d74bedc26435eef60ab8e3498c257366f589cd9f50ff5290158b29e45e518
Carteiras selecionadas,MT Global — Classe CP,MT Global — Classe CP,63953620000165,02/2026,Cotas SR / PL %,98.75414426819671,%,Visão Executiva canônica; cache IME local 345d74bedc26435eef60ab8e3498c257366f589cd9f50ff5290158b29e45e518,.cache/fundonet-ime/345d74bedc26435eef60ab8e3498c257366f589cd9f50ff5290158b29e45e518
Carteiras selecionadas,MT Global — Classe CP,MT Global — Classe CP,63953620000165,01/2026,Cotas SR / PL %,98.75414426819671,%,Visão Executiva canônica; cache IME local 345d74bedc26435eef60ab8e3498c257366f589cd9f50ff5290158b29e45e518,.cache/fundonet-ime/345d74bedc26435eef60ab8e3498c257366f589cd9f50ff5290158b29e45e518
Carteiras selecionadas,MT Global — Classe CP,MT Global — Classe CP,63953620000165,06/2026,Cotas Sub / PL %,2.6445864536638948,%,Visão Executiva canônica; cache IME local 345d74bedc26435eef60ab8e3498c257366f589cd9f50ff5290158b29e45e518,.cache/fundonet-ime/345d74bedc26435eef60ab8e3498c257366f589cd9f50ff5290158b29e45e518
Carteiras selecionadas,MT Global — Classe CP,MT Global — Classe CP,63953620000165,05/2026,Cotas Sub / PL %,4.388711917924751,%,Visão Executiva canônica; cache IME local 345d74bedc26435eef60ab8e3498c257366f589cd9f50ff5290158b29e45e518,.cache/fundonet-ime/345d74bedc26435eef60ab8e3498c257366f589cd9f50ff5290158b29e45e518
Carteiras selecionadas,MT Global — Classe CP,MT Global — Classe CP,63953620000165,04/2026,Cotas Sub / PL %,3.507934982488218,%,Visão Executiva canônica; cache IME local 345d74bedc26435eef60ab8e3498c257366f589cd9f50ff5290158b29e45e518,.cache/fundonet-ime/345d74bedc26435eef60ab8e3498c257366f589cd9f50ff5290158b29e45e518
Carteiras selecionadas,MT Global — Classe CP,MT Global — Classe CP,63953620000165,03/2026,Cotas Sub / PL %,2.759837078536924,%,Visão Executiva canônica; cache IME local 345d74bedc26435eef60ab8e3498c257366f589cd9f50ff5290158b29e45e518,.cache/fundonet-ime/345d74bedc26435eef60ab8e3498c257366f589cd9f50ff5290158b29e45e518
Carteiras selecionadas,MT Global — Classe CP,MT Global — Classe CP,63953620000165,02/2026,Cotas Sub / PL %,1.2521289552944272,%,Visão Executiva canônica; cache IME local 345d74bedc26435eef60ab8e3498c257366f589cd9f50ff5290158b29e45e518,.cache/fundonet-ime/345d74bedc26435eef60ab8e3498c257366f589cd9f50ff5290158b29e45e518
Carteiras selecionadas,MT Global — Classe CP,MT Global — Classe CP,63953620000165,01/2026,Cotas Sub / PL %,1.2521289552944272,%,Visão Executiva canônica; cache IME local 345d74bedc26435eef60ab8e3498c257366f589cd9f50ff5290158b29e45e518,.cache/fundonet-ime/345d74bedc26435eef60ab8e3498c257366f589cd9f50ff5290158b29e45e518
Carteiras selecionadas,MT Global — Classe CP,MT Global — Classe CP,63953620000165,06/2026,Rentabilidade SR % a.m.,1.25,%,Visão Executiva canônica; cache IME local 345d74bedc26435eef60ab8e3498c257366f589cd9f50ff5290158b29e45e518,.cache/fundonet-ime/345d74bedc26435eef60ab8e3498c257366f589cd9f50ff5290158b29e45e518
Carteiras selecionadas,MT Global — Classe CP,MT Global — Classe CP,63953620000165,05/2026,Rentabilidade SR % a.m.,1.19,%,Visão Executiva canônica; cache IME local 345d74bedc26435eef60ab8e3498c257366f589cd9f50ff5290158b29e45e518,.cache/fundonet-ime/345d74bedc26435eef60ab8e3498c257366f589cd9f50ff5290158b29e45e518
Carteiras selecionadas,MT Global — Classe CP,MT Global — Classe CP,63953620000165,04/2026,Rentabilidade SR % a.m.,1.28,%,Visão Executiva canônica; cache IME local 345d74bedc26435eef60ab8e3498c257366f589cd9f50ff5290158b29e45e518,.cache/fundonet-ime/345d74bedc26435eef60ab8e3498c257366f589cd9f50ff5290158b29e45e518
Carteiras selecionadas,MT Global — Classe CP,MT Global — Classe CP,63953620000165,03/2026,Rentabilidade SR % a.m.,1.36,%,Visão Executiva canônica; cache IME local 345d74bedc26435eef60ab8e3498c257366f589cd9f50ff5290158b29e45e518,.cache/fundonet-ime/345d74bedc26435eef60ab8e3498c257366f589cd9f50ff5290158b29e45e518
Carteiras selecionadas,MT Global — Classe CP,MT Global — Classe CP,63953620000165,02/2026,Rentabilidade SR % a.m.,1.33,%,Visão Executiva canônica; cache IME local 345d74bedc26435eef60ab8e3498c257366f589cd9f50ff5290158b29e45e518,.cache/fundonet-ime/345d74bedc26435eef60ab8e3498c257366f589cd9f50ff5290158b29e45e518
Carteiras selecionadas,MT Global — Classe CP,MT Global — Classe CP,63953620000165,01/2026,Rentabilidade SR % a.m.,1.33,%,Visão Executiva canônica; cache IME local 345d74bedc26435eef60ab8e3498c257366f589cd9f50ff5290158b29e45e518,.cache/fundonet-ime/345d74bedc26435eef60ab8e3498c257366f589cd9f50ff5290158b29e45e518
Carteiras selecionadas,MT Global — Classe CP,MT Global — Classe CP,63953620000165,06/2026,Rentabilidade Sub % a.m.,-25.23,%,Visão Executiva canônica; cache IME local 345d74bedc26435eef60ab8e3498c257366f589cd9f50ff5290158b29e45e518,.cache/fundonet-ime/345d74bedc26435eef60ab8e3498c257366f589cd9f50ff5290158b29e45e518
Carteiras selecionadas,MT Global — Classe CP,MT Global — Classe CP,63953620000165,05/2026,Rentabilidade Sub % a.m.,47.17,%,Visão Executiva canônica; cache IME local 345d74bedc26435eef60ab8e3498c257366f589cd9f50ff5290158b29e45e518,.cache/fundonet-ime/345d74bedc26435eef60ab8e3498c257366f589cd9f50ff5290158b29e45e518
Carteiras selecionadas,MT Global — Classe CP,MT Global — Classe CP,63953620000165,04/2026,Rentabilidade Sub % a.m.,83.04,%,Visão Executiva canônica; cache IME local 345d74bedc26435eef60ab8e3498c257366f589cd9f50ff5290158b29e45e518,.cache/fundonet-ime/345d74bedc26435eef60ab8e3498c257366f589cd9f50ff5290158b29e45e518
Carteiras selecionadas,MT Global — Classe CP,MT Global — Classe CP,63953620000165,03/2026,Rentabilidade Sub % a.m.,193.33,%,Visão Executiva canônica; cache IME local 345d74bedc26435eef60ab8e3498c257366f589cd9f50ff5290158b29e45e518,.cache/fundonet-ime/345d74bedc26435eef60ab8e3498c257366f589cd9f50ff5290158b29e45e518
Carteiras selecionadas,MT Global — Classe CP,MT Global — Classe CP,63953620000165,02/2026,Rentabilidade Sub % a.m.,246.28,%,Visão Executiva canônica; cache IME local 345d74bedc26435eef60ab8e3498c257366f589cd9f50ff5290158b29e45e518,.cache/fundonet-ime/345d74bedc26435eef60ab8e3498c257366f589cd9f50ff5290158b29e45e518
Carteiras selecionadas,MT Global — Classe CP,MT Global — Classe CP,63953620000165,01/2026,Rentabilidade Sub % a.m.,246.28,%,Visão Executiva canônica; cache IME local 345d74bedc26435eef60ab8e3498c257366f589cd9f50ff5290158b29e45e518,.cache/fundonet-ime/345d74bedc26435eef60ab8e3498c257366f589cd9f50ff5290158b29e45e518
Carteiras selecionadas,MT Global — Classe CP,MT Global — Classe CP,63953620000165,06/2026,Cotas MZ / PL %,0.0,%,Visão Executiva canônica; cache IME local 345d74bedc26435eef60ab8e3498c257366f589cd9f50ff5290158b29e45e518,.cache/fundonet-ime/345d74bedc26435eef60ab8e3498c257366f589cd9f50ff5290158b29e45e518
Carteiras selecionadas,MT Global — Classe CP,MT Global — Classe CP,63953620000165,05/2026,Cotas MZ / PL %,0.0,%,Visão Executiva canônica; cache IME local 345d74bedc26435eef60ab8e3498c257366f589cd9f50ff5290158b29e45e518,.cache/fundonet-ime/345d74bedc26435eef60ab8e3498c257366f589cd9f50ff5290158b29e45e518
Carteiras selecionadas,MT Global — Classe CP,MT Global — Classe CP,63953620000165,04/2026,Cotas MZ / PL %,0.0,%,Visão Executiva canônica; cache IME local 345d74bedc26435eef60ab8e3498c257366f589cd9f50ff5290158b29e45e518,.cache/fundonet-ime/345d74bedc26435eef60ab8e3498c257366f589cd9f50ff5290158b29e45e518
Carteiras selecionadas,MT Global — Classe CP,MT Global — Classe CP,63953620000165,03/2026,Cotas MZ / PL %,0.0,%,Visão Executiva canônica; cache IME local 345d74bedc26435eef60ab8e3498c257366f589cd9f50ff5290158b29e45e518,.cache/fundonet-ime/345d74bedc26435eef60ab8e3498c257366f589cd9f50ff5290158b29e45e518
Carteiras selecionadas,MT Global — Classe CP,MT Global — Classe CP,63953620000165,02/2026,Cotas MZ / PL %,0.0,%,Visão Executiva canônica; cache IME local 345d74bedc26435eef60ab8e3498c257366f589cd9f50ff5290158b29e45e518,.cache/fundonet-ime/345d74bedc26435eef60ab8e3498c257366f589cd9f50ff5290158b29e45e518
Carteiras selecionadas,MT Global — Classe CP,MT Global — Classe CP,63953620000165,01/2026,Cotas MZ / PL %,0.0,%,Visão Executiva canônica; cache IME local 345d74bedc26435eef60ab8e3498c257366f589cd9f50ff5290158b29e45e518,.cache/fundonet-ime/345d74bedc26435eef60ab8e3498c257366f589cd9f50ff5290158b29e45e518
,MT FGTS Receivables II,,54464892000100,Sem competência IME carregada,Lacuna IME,Sem dado IME carregado nesta leitura,Não aplicável à lacuna,Leitura documental preservada. Carregar competência no Monitoramento para avaliar enquadramento.,Cache não localizado ou sem métricas utilizáveis
,MT INSS Receivables III,,44173467000109,Sem competência IME carregada,Lacuna IME,Sem dado IME carregado nesta leitura,Não aplicável à lacuna,Leitura documental preservada. Carregar competência no Monitoramento para avaliar enquadramento.,Cache não localizado ou sem métricas utilizáveis
,MT Consignado Privado II,,58458416000138,Sem competência IME carregada,Lacuna IME,Sem dado IME carregado nesta leitura,Não aplicável à lacuna,Leitura documental preservada. Carregar competência no Monitoramento para avaliar enquadramento.,Cache não localizado ou sem métricas utilizáveis
,FGTS MT II,,53179862000190,Sem competência IME carregada,Lacuna IME,Sem dado IME carregado nesta leitura,Não aplicável à lacuna,Leitura documental preservada. Carregar competência no Monitoramento para avaliar enquadramento.,Cache não localizado ou sem métricas utilizáveis
,MT INSS Receivables II,,40752367000186,Sem competência IME carregada,Lacuna IME,Sem dado IME carregado nesta leitura,Não aplicável à lacuna,Leitura documental preservada. Carregar competência no Monitoramento para avaliar enquadramento.,Cache não localizado ou sem métricas utilizáveis
,MT INSS Receivables V,,51290497000160,Sem competência IME carregada,Lacuna IME,Sem dado IME carregado nesta leitura,Não aplicável à lacuna,Leitura documental preservada. Carregar competência no Monitoramento para avaliar enquadramento.,Cache não localizado ou sem métricas utilizáveis
,MT FGTS Receivables IV,,62010175000137,Sem competência IME carregada,Lacuna IME,Sem dado IME carregado nesta leitura,Não aplicável à lacuna,Leitura documental preservada. Carregar competência no Monitoramento para avaliar enquadramento.,Cache não localizado ou sem métricas utilizáveis
,MT INSS Receivables VI,,62310468000130,Sem competência IME carregada,Lacuna IME,Sem dado IME carregado nesta leitura,Não aplicável à lacuna,Leitura documental preservada. Carregar competência no Monitoramento para avaliar enquadramento.,Cache não localizado ou sem métricas utilizáveis
