cnpj,fundo,competencia,indicador,valor,unidade,observacao,cache_folder,grupo,nome_curto
45523699000102,Vixtra,06/2026,PL (R$),233574412.44,R$ bruto,Visão Executiva canônica; cache IME local 0fb515fc6f090aa0395fc6a76de9cf4807343f961f22eaab5b62444efa9503f5,.cache/fundonet-ime/0fb515fc6f090aa0395fc6a76de9cf4807343f961f22eaab5b62444efa9503f5,Carteiras selecionadas,Vixtra
45523699000102,Vixtra,05/2026,PL (R$),225436283.58,R$ bruto,Visão Executiva canônica; cache IME local 0fb515fc6f090aa0395fc6a76de9cf4807343f961f22eaab5b62444efa9503f5,.cache/fundonet-ime/0fb515fc6f090aa0395fc6a76de9cf4807343f961f22eaab5b62444efa9503f5,Carteiras selecionadas,Vixtra
45523699000102,Vixtra,04/2026,PL (R$),213853484.27,R$ bruto,Visão Executiva canônica; cache IME local 0fb515fc6f090aa0395fc6a76de9cf4807343f961f22eaab5b62444efa9503f5,.cache/fundonet-ime/0fb515fc6f090aa0395fc6a76de9cf4807343f961f22eaab5b62444efa9503f5,Carteiras selecionadas,Vixtra
45523699000102,Vixtra,03/2026,PL (R$),216568642.31,R$ bruto,Visão Executiva canônica; cache IME local 0fb515fc6f090aa0395fc6a76de9cf4807343f961f22eaab5b62444efa9503f5,.cache/fundonet-ime/0fb515fc6f090aa0395fc6a76de9cf4807343f961f22eaab5b62444efa9503f5,Carteiras selecionadas,Vixtra
45523699000102,Vixtra,02/2026,PL (R$),212003987.24,R$ bruto,Visão Executiva canônica; cache IME local 0fb515fc6f090aa0395fc6a76de9cf4807343f961f22eaab5b62444efa9503f5,.cache/fundonet-ime/0fb515fc6f090aa0395fc6a76de9cf4807343f961f22eaab5b62444efa9503f5,Carteiras selecionadas,Vixtra
45523699000102,Vixtra,01/2026,PL (R$),202290554.62,R$ bruto,Visão Executiva canônica; cache IME local 0fb515fc6f090aa0395fc6a76de9cf4807343f961f22eaab5b62444efa9503f5,.cache/fundonet-ime/0fb515fc6f090aa0395fc6a76de9cf4807343f961f22eaab5b62444efa9503f5,Carteiras selecionadas,Vixtra
45523699000102,Vixtra,12/2025,PL (R$),191746952.78,R$ bruto,Visão Executiva canônica; cache IME local 0fb515fc6f090aa0395fc6a76de9cf4807343f961f22eaab5b62444efa9503f5,.cache/fundonet-ime/0fb515fc6f090aa0395fc6a76de9cf4807343f961f22eaab5b62444efa9503f5,Carteiras selecionadas,Vixtra
45523699000102,Vixtra,11/2025,PL (R$),181434510.85,R$ bruto,Visão Executiva canônica; cache IME local 0fb515fc6f090aa0395fc6a76de9cf4807343f961f22eaab5b62444efa9503f5,.cache/fundonet-ime/0fb515fc6f090aa0395fc6a76de9cf4807343f961f22eaab5b62444efa9503f5,Carteiras selecionadas,Vixtra
45523699000102,Vixtra,10/2025,PL (R$),159798100.73,R$ bruto,Visão Executiva canônica; cache IME local 0fb515fc6f090aa0395fc6a76de9cf4807343f961f22eaab5b62444efa9503f5,.cache/fundonet-ime/0fb515fc6f090aa0395fc6a76de9cf4807343f961f22eaab5b62444efa9503f5,Carteiras selecionadas,Vixtra
45523699000102,Vixtra,09/2025,PL (R$),141021775.38,R$ bruto,Visão Executiva canônica; cache IME local 0fb515fc6f090aa0395fc6a76de9cf4807343f961f22eaab5b62444efa9503f5,.cache/fundonet-ime/0fb515fc6f090aa0395fc6a76de9cf4807343f961f22eaab5b62444efa9503f5,Carteiras selecionadas,Vixtra
45523699000102,Vixtra,08/2025,PL (R$),135846583.29,R$ bruto,Visão Executiva canônica; cache IME local 0fb515fc6f090aa0395fc6a76de9cf4807343f961f22eaab5b62444efa9503f5,.cache/fundonet-ime/0fb515fc6f090aa0395fc6a76de9cf4807343f961f22eaab5b62444efa9503f5,Carteiras selecionadas,Vixtra
45523699000102,Vixtra,07/2025,PL (R$),137316062.49,R$ bruto,Visão Executiva canônica; cache IME local 0fb515fc6f090aa0395fc6a76de9cf4807343f961f22eaab5b62444efa9503f5,.cache/fundonet-ime/0fb515fc6f090aa0395fc6a76de9cf4807343f961f22eaab5b62444efa9503f5,Carteiras selecionadas,Vixtra
45523699000102,Vixtra,06/2025,PL (R$),130680189.31,R$ bruto,Visão Executiva canônica; cache IME local 0fb515fc6f090aa0395fc6a76de9cf4807343f961f22eaab5b62444efa9503f5,.cache/fundonet-ime/0fb515fc6f090aa0395fc6a76de9cf4807343f961f22eaab5b62444efa9503f5,Carteiras selecionadas,Vixtra
45523699000102,Vixtra,05/2025,PL (R$),131896598.3,R$ bruto,Visão Executiva canônica; cache IME local 0fb515fc6f090aa0395fc6a76de9cf4807343f961f22eaab5b62444efa9503f5,.cache/fundonet-ime/0fb515fc6f090aa0395fc6a76de9cf4807343f961f22eaab5b62444efa9503f5,Carteiras selecionadas,Vixtra
45523699000102,Vixtra,04/2025,PL (R$),106177283.96,R$ bruto,Visão Executiva canônica; cache IME local 0fb515fc6f090aa0395fc6a76de9cf4807343f961f22eaab5b62444efa9503f5,.cache/fundonet-ime/0fb515fc6f090aa0395fc6a76de9cf4807343f961f22eaab5b62444efa9503f5,Carteiras selecionadas,Vixtra
45523699000102,Vixtra,03/2025,PL (R$),102497394.75,R$ bruto,Visão Executiva canônica; cache IME local 0fb515fc6f090aa0395fc6a76de9cf4807343f961f22eaab5b62444efa9503f5,.cache/fundonet-ime/0fb515fc6f090aa0395fc6a76de9cf4807343f961f22eaab5b62444efa9503f5,Carteiras selecionadas,Vixtra
45523699000102,Vixtra,02/2025,PL (R$),87357503.4,R$ bruto,Visão Executiva canônica; cache IME local 0fb515fc6f090aa0395fc6a76de9cf4807343f961f22eaab5b62444efa9503f5,.cache/fundonet-ime/0fb515fc6f090aa0395fc6a76de9cf4807343f961f22eaab5b62444efa9503f5,Carteiras selecionadas,Vixtra
45523699000102,Vixtra,01/2025,PL (R$),86213261.28,R$ bruto,Visão Executiva canônica; cache IME local 0fb515fc6f090aa0395fc6a76de9cf4807343f961f22eaab5b62444efa9503f5,.cache/fundonet-ime/0fb515fc6f090aa0395fc6a76de9cf4807343f961f22eaab5b62444efa9503f5,Carteiras selecionadas,Vixtra
45523699000102,Vixtra,06/2026,PL (R$ MM),233.57441244,R$ MM,Visão Executiva canônica; cache IME local 0fb515fc6f090aa0395fc6a76de9cf4807343f961f22eaab5b62444efa9503f5,.cache/fundonet-ime/0fb515fc6f090aa0395fc6a76de9cf4807343f961f22eaab5b62444efa9503f5,Carteiras selecionadas,Vixtra
45523699000102,Vixtra,05/2026,PL (R$ MM),225.43628358,R$ MM,Visão Executiva canônica; cache IME local 0fb515fc6f090aa0395fc6a76de9cf4807343f961f22eaab5b62444efa9503f5,.cache/fundonet-ime/0fb515fc6f090aa0395fc6a76de9cf4807343f961f22eaab5b62444efa9503f5,Carteiras selecionadas,Vixtra
45523699000102,Vixtra,04/2026,PL (R$ MM),213.85348427000002,R$ MM,Visão Executiva canônica; cache IME local 0fb515fc6f090aa0395fc6a76de9cf4807343f961f22eaab5b62444efa9503f5,.cache/fundonet-ime/0fb515fc6f090aa0395fc6a76de9cf4807343f961f22eaab5b62444efa9503f5,Carteiras selecionadas,Vixtra
45523699000102,Vixtra,03/2026,PL (R$ MM),216.56864231,R$ MM,Visão Executiva canônica; cache IME local 0fb515fc6f090aa0395fc6a76de9cf4807343f961f22eaab5b62444efa9503f5,.cache/fundonet-ime/0fb515fc6f090aa0395fc6a76de9cf4807343f961f22eaab5b62444efa9503f5,Carteiras selecionadas,Vixtra
45523699000102,Vixtra,02/2026,PL (R$ MM),212.00398724000001,R$ MM,Visão Executiva canônica; cache IME local 0fb515fc6f090aa0395fc6a76de9cf4807343f961f22eaab5b62444efa9503f5,.cache/fundonet-ime/0fb515fc6f090aa0395fc6a76de9cf4807343f961f22eaab5b62444efa9503f5,Carteiras selecionadas,Vixtra
45523699000102,Vixtra,01/2026,PL (R$ MM),202.29055462,R$ MM,Visão Executiva canônica; cache IME local 0fb515fc6f090aa0395fc6a76de9cf4807343f961f22eaab5b62444efa9503f5,.cache/fundonet-ime/0fb515fc6f090aa0395fc6a76de9cf4807343f961f22eaab5b62444efa9503f5,Carteiras selecionadas,Vixtra
45523699000102,Vixtra,12/2025,PL (R$ MM),191.74695278000002,R$ MM,Visão Executiva canônica; cache IME local 0fb515fc6f090aa0395fc6a76de9cf4807343f961f22eaab5b62444efa9503f5,.cache/fundonet-ime/0fb515fc6f090aa0395fc6a76de9cf4807343f961f22eaab5b62444efa9503f5,Carteiras selecionadas,Vixtra
45523699000102,Vixtra,11/2025,PL (R$ MM),181.43451084999998,R$ MM,Visão Executiva canônica; cache IME local 0fb515fc6f090aa0395fc6a76de9cf4807343f961f22eaab5b62444efa9503f5,.cache/fundonet-ime/0fb515fc6f090aa0395fc6a76de9cf4807343f961f22eaab5b62444efa9503f5,Carteiras selecionadas,Vixtra
45523699000102,Vixtra,10/2025,PL (R$ MM),159.79810073,R$ MM,Visão Executiva canônica; cache IME local 0fb515fc6f090aa0395fc6a76de9cf4807343f961f22eaab5b62444efa9503f5,.cache/fundonet-ime/0fb515fc6f090aa0395fc6a76de9cf4807343f961f22eaab5b62444efa9503f5,Carteiras selecionadas,Vixtra
45523699000102,Vixtra,09/2025,PL (R$ MM),141.02177538,R$ MM,Visão Executiva canônica; cache IME local 0fb515fc6f090aa0395fc6a76de9cf4807343f961f22eaab5b62444efa9503f5,.cache/fundonet-ime/0fb515fc6f090aa0395fc6a76de9cf4807343f961f22eaab5b62444efa9503f5,Carteiras selecionadas,Vixtra
45523699000102,Vixtra,08/2025,PL (R$ MM),135.84658328999998,R$ MM,Visão Executiva canônica; cache IME local 0fb515fc6f090aa0395fc6a76de9cf4807343f961f22eaab5b62444efa9503f5,.cache/fundonet-ime/0fb515fc6f090aa0395fc6a76de9cf4807343f961f22eaab5b62444efa9503f5,Carteiras selecionadas,Vixtra
45523699000102,Vixtra,07/2025,PL (R$ MM),137.31606249,R$ MM,Visão Executiva canônica; cache IME local 0fb515fc6f090aa0395fc6a76de9cf4807343f961f22eaab5b62444efa9503f5,.cache/fundonet-ime/0fb515fc6f090aa0395fc6a76de9cf4807343f961f22eaab5b62444efa9503f5,Carteiras selecionadas,Vixtra
45523699000102,Vixtra,06/2025,PL (R$ MM),130.68018931,R$ MM,Visão Executiva canônica; cache IME local 0fb515fc6f090aa0395fc6a76de9cf4807343f961f22eaab5b62444efa9503f5,.cache/fundonet-ime/0fb515fc6f090aa0395fc6a76de9cf4807343f961f22eaab5b62444efa9503f5,Carteiras selecionadas,Vixtra
45523699000102,Vixtra,05/2025,PL (R$ MM),131.8965983,R$ MM,Visão Executiva canônica; cache IME local 0fb515fc6f090aa0395fc6a76de9cf4807343f961f22eaab5b62444efa9503f5,.cache/fundonet-ime/0fb515fc6f090aa0395fc6a76de9cf4807343f961f22eaab5b62444efa9503f5,Carteiras selecionadas,Vixtra
45523699000102,Vixtra,04/2025,PL (R$ MM),106.17728396,R$ MM,Visão Executiva canônica; cache IME local 0fb515fc6f090aa0395fc6a76de9cf4807343f961f22eaab5b62444efa9503f5,.cache/fundonet-ime/0fb515fc6f090aa0395fc6a76de9cf4807343f961f22eaab5b62444efa9503f5,Carteiras selecionadas,Vixtra
45523699000102,Vixtra,03/2025,PL (R$ MM),102.49739475,R$ MM,Visão Executiva canônica; cache IME local 0fb515fc6f090aa0395fc6a76de9cf4807343f961f22eaab5b62444efa9503f5,.cache/fundonet-ime/0fb515fc6f090aa0395fc6a76de9cf4807343f961f22eaab5b62444efa9503f5,Carteiras selecionadas,Vixtra
45523699000102,Vixtra,02/2025,PL (R$ MM),87.35750340000001,R$ MM,Visão Executiva canônica; cache IME local 0fb515fc6f090aa0395fc6a76de9cf4807343f961f22eaab5b62444efa9503f5,.cache/fundonet-ime/0fb515fc6f090aa0395fc6a76de9cf4807343f961f22eaab5b62444efa9503f5,Carteiras selecionadas,Vixtra
45523699000102,Vixtra,01/2025,PL (R$ MM),86.21326128,R$ MM,Visão Executiva canônica; cache IME local 0fb515fc6f090aa0395fc6a76de9cf4807343f961f22eaab5b62444efa9503f5,.cache/fundonet-ime/0fb515fc6f090aa0395fc6a76de9cf4807343f961f22eaab5b62444efa9503f5,Carteiras selecionadas,Vixtra
45523699000102,Vixtra,06/2026,Dir Cred (R$ MM),216.76247506,R$ MM,Visão Executiva canônica; cache IME local 0fb515fc6f090aa0395fc6a76de9cf4807343f961f22eaab5b62444efa9503f5,.cache/fundonet-ime/0fb515fc6f090aa0395fc6a76de9cf4807343f961f22eaab5b62444efa9503f5,Carteiras selecionadas,Vixtra
45523699000102,Vixtra,05/2026,Dir Cred (R$ MM),220.76144539,R$ MM,Visão Executiva canônica; cache IME local 0fb515fc6f090aa0395fc6a76de9cf4807343f961f22eaab5b62444efa9503f5,.cache/fundonet-ime/0fb515fc6f090aa0395fc6a76de9cf4807343f961f22eaab5b62444efa9503f5,Carteiras selecionadas,Vixtra
45523699000102,Vixtra,04/2026,Dir Cred (R$ MM),202.00331728,R$ MM,Visão Executiva canônica; cache IME local 0fb515fc6f090aa0395fc6a76de9cf4807343f961f22eaab5b62444efa9503f5,.cache/fundonet-ime/0fb515fc6f090aa0395fc6a76de9cf4807343f961f22eaab5b62444efa9503f5,Carteiras selecionadas,Vixtra
45523699000102,Vixtra,03/2026,Dir Cred (R$ MM),186.90396786000002,R$ MM,Visão Executiva canônica; cache IME local 0fb515fc6f090aa0395fc6a76de9cf4807343f961f22eaab5b62444efa9503f5,.cache/fundonet-ime/0fb515fc6f090aa0395fc6a76de9cf4807343f961f22eaab5b62444efa9503f5,Carteiras selecionadas,Vixtra
45523699000102,Vixtra,02/2026,Dir Cred (R$ MM),185.77423133000002,R$ MM,Visão Executiva canônica; cache IME local 0fb515fc6f090aa0395fc6a76de9cf4807343f961f22eaab5b62444efa9503f5,.cache/fundonet-ime/0fb515fc6f090aa0395fc6a76de9cf4807343f961f22eaab5b62444efa9503f5,Carteiras selecionadas,Vixtra
45523699000102,Vixtra,01/2026,Dir Cred (R$ MM),175.91250763,R$ MM,Visão Executiva canônica; cache IME local 0fb515fc6f090aa0395fc6a76de9cf4807343f961f22eaab5b62444efa9503f5,.cache/fundonet-ime/0fb515fc6f090aa0395fc6a76de9cf4807343f961f22eaab5b62444efa9503f5,Carteiras selecionadas,Vixtra
45523699000102,Vixtra,12/2025,Dir Cred (R$ MM),167.46085341,R$ MM,Visão Executiva canônica; cache IME local 0fb515fc6f090aa0395fc6a76de9cf4807343f961f22eaab5b62444efa9503f5,.cache/fundonet-ime/0fb515fc6f090aa0395fc6a76de9cf4807343f961f22eaab5b62444efa9503f5,Carteiras selecionadas,Vixtra
45523699000102,Vixtra,11/2025,Dir Cred (R$ MM),156.85758020999998,R$ MM,Visão Executiva canônica; cache IME local 0fb515fc6f090aa0395fc6a76de9cf4807343f961f22eaab5b62444efa9503f5,.cache/fundonet-ime/0fb515fc6f090aa0395fc6a76de9cf4807343f961f22eaab5b62444efa9503f5,Carteiras selecionadas,Vixtra
45523699000102,Vixtra,10/2025,Dir Cred (R$ MM),145.05652536,R$ MM,Visão Executiva canônica; cache IME local 0fb515fc6f090aa0395fc6a76de9cf4807343f961f22eaab5b62444efa9503f5,.cache/fundonet-ime/0fb515fc6f090aa0395fc6a76de9cf4807343f961f22eaab5b62444efa9503f5,Carteiras selecionadas,Vixtra
45523699000102,Vixtra,09/2025,Dir Cred (R$ MM),128.97031658,R$ MM,Visão Executiva canônica; cache IME local 0fb515fc6f090aa0395fc6a76de9cf4807343f961f22eaab5b62444efa9503f5,.cache/fundonet-ime/0fb515fc6f090aa0395fc6a76de9cf4807343f961f22eaab5b62444efa9503f5,Carteiras selecionadas,Vixtra
45523699000102,Vixtra,08/2025,Dir Cred (R$ MM),111.45151095,R$ MM,Visão Executiva canônica; cache IME local 0fb515fc6f090aa0395fc6a76de9cf4807343f961f22eaab5b62444efa9503f5,.cache/fundonet-ime/0fb515fc6f090aa0395fc6a76de9cf4807343f961f22eaab5b62444efa9503f5,Carteiras selecionadas,Vixtra
45523699000102,Vixtra,07/2025,Dir Cred (R$ MM),104.29591149000001,R$ MM,Visão Executiva canônica; cache IME local 0fb515fc6f090aa0395fc6a76de9cf4807343f961f22eaab5b62444efa9503f5,.cache/fundonet-ime/0fb515fc6f090aa0395fc6a76de9cf4807343f961f22eaab5b62444efa9503f5,Carteiras selecionadas,Vixtra
45523699000102,Vixtra,06/2025,Dir Cred (R$ MM),106.69308361000002,R$ MM,Visão Executiva canônica; cache IME local 0fb515fc6f090aa0395fc6a76de9cf4807343f961f22eaab5b62444efa9503f5,.cache/fundonet-ime/0fb515fc6f090aa0395fc6a76de9cf4807343f961f22eaab5b62444efa9503f5,Carteiras selecionadas,Vixtra
45523699000102,Vixtra,05/2025,Dir Cred (R$ MM),93.55462051,R$ MM,Visão Executiva canônica; cache IME local 0fb515fc6f090aa0395fc6a76de9cf4807343f961f22eaab5b62444efa9503f5,.cache/fundonet-ime/0fb515fc6f090aa0395fc6a76de9cf4807343f961f22eaab5b62444efa9503f5,Carteiras selecionadas,Vixtra
45523699000102,Vixtra,04/2025,Dir Cred (R$ MM),89.21747271,R$ MM,Visão Executiva canônica; cache IME local 0fb515fc6f090aa0395fc6a76de9cf4807343f961f22eaab5b62444efa9503f5,.cache/fundonet-ime/0fb515fc6f090aa0395fc6a76de9cf4807343f961f22eaab5b62444efa9503f5,Carteiras selecionadas,Vixtra
45523699000102,Vixtra,03/2025,Dir Cred (R$ MM),83.54841723999999,R$ MM,Visão Executiva canônica; cache IME local 0fb515fc6f090aa0395fc6a76de9cf4807343f961f22eaab5b62444efa9503f5,.cache/fundonet-ime/0fb515fc6f090aa0395fc6a76de9cf4807343f961f22eaab5b62444efa9503f5,Carteiras selecionadas,Vixtra
45523699000102,Vixtra,02/2025,Dir Cred (R$ MM),71.80857478,R$ MM,Visão Executiva canônica; cache IME local 0fb515fc6f090aa0395fc6a76de9cf4807343f961f22eaab5b62444efa9503f5,.cache/fundonet-ime/0fb515fc6f090aa0395fc6a76de9cf4807343f961f22eaab5b62444efa9503f5,Carteiras selecionadas,Vixtra
45523699000102,Vixtra,01/2025,Dir Cred (R$ MM),69.77971954,R$ MM,Visão Executiva canônica; cache IME local 0fb515fc6f090aa0395fc6a76de9cf4807343f961f22eaab5b62444efa9503f5,.cache/fundonet-ime/0fb515fc6f090aa0395fc6a76de9cf4807343f961f22eaab5b62444efa9503f5,Carteiras selecionadas,Vixtra
45523699000102,Vixtra,06/2026,Dir Cred / PL,0.9280232059480462,ratio,Visão Executiva canônica; cache IME local 0fb515fc6f090aa0395fc6a76de9cf4807343f961f22eaab5b62444efa9503f5,.cache/fundonet-ime/0fb515fc6f090aa0395fc6a76de9cf4807343f961f22eaab5b62444efa9503f5,Carteiras selecionadas,Vixtra
45523699000102,Vixtra,05/2026,Dir Cred / PL,0.9792631509189113,ratio,Visão Executiva canônica; cache IME local 0fb515fc6f090aa0395fc6a76de9cf4807343f961f22eaab5b62444efa9503f5,.cache/fundonet-ime/0fb515fc6f090aa0395fc6a76de9cf4807343f961f22eaab5b62444efa9503f5,Carteiras selecionadas,Vixtra
45523699000102,Vixtra,04/2026,Dir Cred / PL,0.9445874495313875,ratio,Visão Executiva canônica; cache IME local 0fb515fc6f090aa0395fc6a76de9cf4807343f961f22eaab5b62444efa9503f5,.cache/fundonet-ime/0fb515fc6f090aa0395fc6a76de9cf4807343f961f22eaab5b62444efa9503f5,Carteiras selecionadas,Vixtra
45523699000102,Vixtra,03/2026,Dir Cred / PL,0.8630241472930441,ratio,Visão Executiva canônica; cache IME local 0fb515fc6f090aa0395fc6a76de9cf4807343f961f22eaab5b62444efa9503f5,.cache/fundonet-ime/0fb515fc6f090aa0395fc6a76de9cf4807343f961f22eaab5b62444efa9503f5,Carteiras selecionadas,Vixtra
45523699000102,Vixtra,02/2026,Dir Cred / PL,0.8762770632218984,ratio,Visão Executiva canônica; cache IME local 0fb515fc6f090aa0395fc6a76de9cf4807343f961f22eaab5b62444efa9503f5,.cache/fundonet-ime/0fb515fc6f090aa0395fc6a76de9cf4807343f961f22eaab5b62444efa9503f5,Carteiras selecionadas,Vixtra
45523699000102,Vixtra,01/2026,Dir Cred / PL,0.8696031703529075,ratio,Visão Executiva canônica; cache IME local 0fb515fc6f090aa0395fc6a76de9cf4807343f961f22eaab5b62444efa9503f5,.cache/fundonet-ime/0fb515fc6f090aa0395fc6a76de9cf4807343f961f22eaab5b62444efa9503f5,Carteiras selecionadas,Vixtra
45523699000102,Vixtra,12/2025,Dir Cred / PL,0.8733429709422055,ratio,Visão Executiva canônica; cache IME local 0fb515fc6f090aa0395fc6a76de9cf4807343f961f22eaab5b62444efa9503f5,.cache/fundonet-ime/0fb515fc6f090aa0395fc6a76de9cf4807343f961f22eaab5b62444efa9503f5,Carteiras selecionadas,Vixtra
45523699000102,Vixtra,11/2025,Dir Cred / PL,0.8645410372874494,ratio,Visão Executiva canônica; cache IME local 0fb515fc6f090aa0395fc6a76de9cf4807343f961f22eaab5b62444efa9503f5,.cache/fundonet-ime/0fb515fc6f090aa0395fc6a76de9cf4807343f961f22eaab5b62444efa9503f5,Carteiras selecionadas,Vixtra
45523699000102,Vixtra,10/2025,Dir Cred / PL,0.9077487448057481,ratio,Visão Executiva canônica; cache IME local 0fb515fc6f090aa0395fc6a76de9cf4807343f961f22eaab5b62444efa9503f5,.cache/fundonet-ime/0fb515fc6f090aa0395fc6a76de9cf4807343f961f22eaab5b62444efa9503f5,Carteiras selecionadas,Vixtra
45523699000102,Vixtra,09/2025,Dir Cred / PL,0.9145418587482259,ratio,Visão Executiva canônica; cache IME local 0fb515fc6f090aa0395fc6a76de9cf4807343f961f22eaab5b62444efa9503f5,.cache/fundonet-ime/0fb515fc6f090aa0395fc6a76de9cf4807343f961f22eaab5b62444efa9503f5,Carteiras selecionadas,Vixtra
45523699000102,Vixtra,08/2025,Dir Cred / PL,0.8204218924820337,ratio,Visão Executiva canônica; cache IME local 0fb515fc6f090aa0395fc6a76de9cf4807343f961f22eaab5b62444efa9503f5,.cache/fundonet-ime/0fb515fc6f090aa0395fc6a76de9cf4807343f961f22eaab5b62444efa9503f5,Carteiras selecionadas,Vixtra
45523699000102,Vixtra,07/2025,Dir Cred / PL,0.7595317663408483,ratio,Visão Executiva canônica; cache IME local 0fb515fc6f090aa0395fc6a76de9cf4807343f961f22eaab5b62444efa9503f5,.cache/fundonet-ime/0fb515fc6f090aa0395fc6a76de9cf4807343f961f22eaab5b62444efa9503f5,Carteiras selecionadas,Vixtra
45523699000102,Vixtra,06/2025,Dir Cred / PL,0.8164442075983094,ratio,Visão Executiva canônica; cache IME local 0fb515fc6f090aa0395fc6a76de9cf4807343f961f22eaab5b62444efa9503f5,.cache/fundonet-ime/0fb515fc6f090aa0395fc6a76de9cf4807343f961f22eaab5b62444efa9503f5,Carteiras selecionadas,Vixtra
45523699000102,Vixtra,05/2025,Dir Cred / PL,0.7093027547019005,ratio,Visão Executiva canônica; cache IME local 0fb515fc6f090aa0395fc6a76de9cf4807343f961f22eaab5b62444efa9503f5,.cache/fundonet-ime/0fb515fc6f090aa0395fc6a76de9cf4807343f961f22eaab5b62444efa9503f5,Carteiras selecionadas,Vixtra
45523699000102,Vixtra,04/2025,Dir Cred / PL,0.8402689293089354,ratio,Visão Executiva canônica; cache IME local 0fb515fc6f090aa0395fc6a76de9cf4807343f961f22eaab5b62444efa9503f5,.cache/fundonet-ime/0fb515fc6f090aa0395fc6a76de9cf4807343f961f22eaab5b62444efa9503f5,Carteiras selecionadas,Vixtra
45523699000102,Vixtra,03/2025,Dir Cred / PL,0.8151272278069291,ratio,Visão Executiva canônica; cache IME local 0fb515fc6f090aa0395fc6a76de9cf4807343f961f22eaab5b62444efa9503f5,.cache/fundonet-ime/0fb515fc6f090aa0395fc6a76de9cf4807343f961f22eaab5b62444efa9503f5,Carteiras selecionadas,Vixtra
45523699000102,Vixtra,02/2025,Dir Cred / PL,0.8220080930105884,ratio,Visão Executiva canônica; cache IME local 0fb515fc6f090aa0395fc6a76de9cf4807343f961f22eaab5b62444efa9503f5,.cache/fundonet-ime/0fb515fc6f090aa0395fc6a76de9cf4807343f961f22eaab5b62444efa9503f5,Carteiras selecionadas,Vixtra
45523699000102,Vixtra,01/2025,Dir Cred / PL,0.8093849890838976,ratio,Visão Executiva canônica; cache IME local 0fb515fc6f090aa0395fc6a76de9cf4807343f961f22eaab5b62444efa9503f5,.cache/fundonet-ime/0fb515fc6f090aa0395fc6a76de9cf4807343f961f22eaab5b62444efa9503f5,Carteiras selecionadas,Vixtra
45523699000102,Vixtra,06/2026,Vencidos <= 90 d (R$ MM),8.80693248,R$ MM,Visão Executiva canônica; cache IME local 0fb515fc6f090aa0395fc6a76de9cf4807343f961f22eaab5b62444efa9503f5,.cache/fundonet-ime/0fb515fc6f090aa0395fc6a76de9cf4807343f961f22eaab5b62444efa9503f5,Carteiras selecionadas,Vixtra
45523699000102,Vixtra,05/2026,Vencidos <= 90 d (R$ MM),2.44682002,R$ MM,Visão Executiva canônica; cache IME local 0fb515fc6f090aa0395fc6a76de9cf4807343f961f22eaab5b62444efa9503f5,.cache/fundonet-ime/0fb515fc6f090aa0395fc6a76de9cf4807343f961f22eaab5b62444efa9503f5,Carteiras selecionadas,Vixtra
45523699000102,Vixtra,04/2026,Vencidos <= 90 d (R$ MM),2.3375203700000005,R$ MM,Visão Executiva canônica; cache IME local 0fb515fc6f090aa0395fc6a76de9cf4807343f961f22eaab5b62444efa9503f5,.cache/fundonet-ime/0fb515fc6f090aa0395fc6a76de9cf4807343f961f22eaab5b62444efa9503f5,Carteiras selecionadas,Vixtra
45523699000102,Vixtra,03/2026,Vencidos <= 90 d (R$ MM),0.576418,R$ MM,Visão Executiva canônica; cache IME local 0fb515fc6f090aa0395fc6a76de9cf4807343f961f22eaab5b62444efa9503f5,.cache/fundonet-ime/0fb515fc6f090aa0395fc6a76de9cf4807343f961f22eaab5b62444efa9503f5,Carteiras selecionadas,Vixtra
45523699000102,Vixtra,02/2026,Vencidos <= 90 d (R$ MM),4.23906011,R$ MM,Visão Executiva canônica; cache IME local 0fb515fc6f090aa0395fc6a76de9cf4807343f961f22eaab5b62444efa9503f5,.cache/fundonet-ime/0fb515fc6f090aa0395fc6a76de9cf4807343f961f22eaab5b62444efa9503f5,Carteiras selecionadas,Vixtra
45523699000102,Vixtra,01/2026,Vencidos <= 90 d (R$ MM),4.30313889,R$ MM,Visão Executiva canônica; cache IME local 0fb515fc6f090aa0395fc6a76de9cf4807343f961f22eaab5b62444efa9503f5,.cache/fundonet-ime/0fb515fc6f090aa0395fc6a76de9cf4807343f961f22eaab5b62444efa9503f5,Carteiras selecionadas,Vixtra
45523699000102,Vixtra,12/2025,Vencidos <= 90 d (R$ MM),3.2522094199999994,R$ MM,Visão Executiva canônica; cache IME local 0fb515fc6f090aa0395fc6a76de9cf4807343f961f22eaab5b62444efa9503f5,.cache/fundonet-ime/0fb515fc6f090aa0395fc6a76de9cf4807343f961f22eaab5b62444efa9503f5,Carteiras selecionadas,Vixtra
45523699000102,Vixtra,11/2025,Vencidos <= 90 d (R$ MM),4.5543835999999995,R$ MM,Visão Executiva canônica; cache IME local 0fb515fc6f090aa0395fc6a76de9cf4807343f961f22eaab5b62444efa9503f5,.cache/fundonet-ime/0fb515fc6f090aa0395fc6a76de9cf4807343f961f22eaab5b62444efa9503f5,Carteiras selecionadas,Vixtra
45523699000102,Vixtra,10/2025,Vencidos <= 90 d (R$ MM),1.5161559099999997,R$ MM,Visão Executiva canônica; cache IME local 0fb515fc6f090aa0395fc6a76de9cf4807343f961f22eaab5b62444efa9503f5,.cache/fundonet-ime/0fb515fc6f090aa0395fc6a76de9cf4807343f961f22eaab5b62444efa9503f5,Carteiras selecionadas,Vixtra
45523699000102,Vixtra,09/2025,Vencidos <= 90 d (R$ MM),1.1063389999999995,R$ MM,Visão Executiva canônica; cache IME local 0fb515fc6f090aa0395fc6a76de9cf4807343f961f22eaab5b62444efa9503f5,.cache/fundonet-ime/0fb515fc6f090aa0395fc6a76de9cf4807343f961f22eaab5b62444efa9503f5,Carteiras selecionadas,Vixtra
45523699000102,Vixtra,08/2025,Vencidos <= 90 d (R$ MM),1.1199166400000002,R$ MM,Visão Executiva canônica; cache IME local 0fb515fc6f090aa0395fc6a76de9cf4807343f961f22eaab5b62444efa9503f5,.cache/fundonet-ime/0fb515fc6f090aa0395fc6a76de9cf4807343f961f22eaab5b62444efa9503f5,Carteiras selecionadas,Vixtra
45523699000102,Vixtra,07/2025,Vencidos <= 90 d (R$ MM),2.5006304400000006,R$ MM,Visão Executiva canônica; cache IME local 0fb515fc6f090aa0395fc6a76de9cf4807343f961f22eaab5b62444efa9503f5,.cache/fundonet-ime/0fb515fc6f090aa0395fc6a76de9cf4807343f961f22eaab5b62444efa9503f5,Carteiras selecionadas,Vixtra
45523699000102,Vixtra,06/2025,Vencidos <= 90 d (R$ MM),5.482180199999999,R$ MM,Visão Executiva canônica; cache IME local 0fb515fc6f090aa0395fc6a76de9cf4807343f961f22eaab5b62444efa9503f5,.cache/fundonet-ime/0fb515fc6f090aa0395fc6a76de9cf4807343f961f22eaab5b62444efa9503f5,Carteiras selecionadas,Vixtra
45523699000102,Vixtra,05/2025,Vencidos <= 90 d (R$ MM),0.20675505000000027,R$ MM,Visão Executiva canônica; cache IME local 0fb515fc6f090aa0395fc6a76de9cf4807343f961f22eaab5b62444efa9503f5,.cache/fundonet-ime/0fb515fc6f090aa0395fc6a76de9cf4807343f961f22eaab5b62444efa9503f5,Carteiras selecionadas,Vixtra
45523699000102,Vixtra,04/2025,Vencidos <= 90 d (R$ MM),2.0015419400000005,R$ MM,Visão Executiva canônica; cache IME local 0fb515fc6f090aa0395fc6a76de9cf4807343f961f22eaab5b62444efa9503f5,.cache/fundonet-ime/0fb515fc6f090aa0395fc6a76de9cf4807343f961f22eaab5b62444efa9503f5,Carteiras selecionadas,Vixtra
45523699000102,Vixtra,03/2025,Vencidos <= 90 d (R$ MM),1.1188821700000005,R$ MM,Visão Executiva canônica; cache IME local 0fb515fc6f090aa0395fc6a76de9cf4807343f961f22eaab5b62444efa9503f5,.cache/fundonet-ime/0fb515fc6f090aa0395fc6a76de9cf4807343f961f22eaab5b62444efa9503f5,Carteiras selecionadas,Vixtra
45523699000102,Vixtra,02/2025,Vencidos <= 90 d (R$ MM),0.8980664300000002,R$ MM,Visão Executiva canônica; cache IME local 0fb515fc6f090aa0395fc6a76de9cf4807343f961f22eaab5b62444efa9503f5,.cache/fundonet-ime/0fb515fc6f090aa0395fc6a76de9cf4807343f961f22eaab5b62444efa9503f5,Carteiras selecionadas,Vixtra
45523699000102,Vixtra,01/2025,Vencidos <= 90 d (R$ MM),2.4837689600000004,R$ MM,Visão Executiva canônica; cache IME local 0fb515fc6f090aa0395fc6a76de9cf4807343f961f22eaab5b62444efa9503f5,.cache/fundonet-ime/0fb515fc6f090aa0395fc6a76de9cf4807343f961f22eaab5b62444efa9503f5,Carteiras selecionadas,Vixtra
45523699000102,Vixtra,06/2026,Vencidos > 90 d (R$ MM),4.2117225199999995,R$ MM,Visão Executiva canônica; cache IME local 0fb515fc6f090aa0395fc6a76de9cf4807343f961f22eaab5b62444efa9503f5,.cache/fundonet-ime/0fb515fc6f090aa0395fc6a76de9cf4807343f961f22eaab5b62444efa9503f5,Carteiras selecionadas,Vixtra
45523699000102,Vixtra,05/2026,Vencidos > 90 d (R$ MM),0.0,R$ MM,Visão Executiva canônica; cache IME local 0fb515fc6f090aa0395fc6a76de9cf4807343f961f22eaab5b62444efa9503f5,.cache/fundonet-ime/0fb515fc6f090aa0395fc6a76de9cf4807343f961f22eaab5b62444efa9503f5,Carteiras selecionadas,Vixtra
45523699000102,Vixtra,04/2026,Vencidos > 90 d (R$ MM),3.89940268,R$ MM,Visão Executiva canônica; cache IME local 0fb515fc6f090aa0395fc6a76de9cf4807343f961f22eaab5b62444efa9503f5,.cache/fundonet-ime/0fb515fc6f090aa0395fc6a76de9cf4807343f961f22eaab5b62444efa9503f5,Carteiras selecionadas,Vixtra
45523699000102,Vixtra,03/2026,Vencidos > 90 d (R$ MM),0.0,R$ MM,Visão Executiva canônica; cache IME local 0fb515fc6f090aa0395fc6a76de9cf4807343f961f22eaab5b62444efa9503f5,.cache/fundonet-ime/0fb515fc6f090aa0395fc6a76de9cf4807343f961f22eaab5b62444efa9503f5,Carteiras selecionadas,Vixtra
45523699000102,Vixtra,02/2026,Vencidos > 90 d (R$ MM),3.86332066,R$ MM,Visão Executiva canônica; cache IME local 0fb515fc6f090aa0395fc6a76de9cf4807343f961f22eaab5b62444efa9503f5,.cache/fundonet-ime/0fb515fc6f090aa0395fc6a76de9cf4807343f961f22eaab5b62444efa9503f5,Carteiras selecionadas,Vixtra
45523699000102,Vixtra,01/2026,Vencidos > 90 d (R$ MM),1.32802033,R$ MM,Visão Executiva canônica; cache IME local 0fb515fc6f090aa0395fc6a76de9cf4807343f961f22eaab5b62444efa9503f5,.cache/fundonet-ime/0fb515fc6f090aa0395fc6a76de9cf4807343f961f22eaab5b62444efa9503f5,Carteiras selecionadas,Vixtra
45523699000102,Vixtra,12/2025,Vencidos > 90 d (R$ MM),3.7916605100000003,R$ MM,Visão Executiva canônica; cache IME local 0fb515fc6f090aa0395fc6a76de9cf4807343f961f22eaab5b62444efa9503f5,.cache/fundonet-ime/0fb515fc6f090aa0395fc6a76de9cf4807343f961f22eaab5b62444efa9503f5,Carteiras selecionadas,Vixtra
45523699000102,Vixtra,11/2025,Vencidos > 90 d (R$ MM),3.75783669,R$ MM,Visão Executiva canônica; cache IME local 0fb515fc6f090aa0395fc6a76de9cf4807343f961f22eaab5b62444efa9503f5,.cache/fundonet-ime/0fb515fc6f090aa0395fc6a76de9cf4807343f961f22eaab5b62444efa9503f5,Carteiras selecionadas,Vixtra
45523699000102,Vixtra,10/2025,Vencidos > 90 d (R$ MM),3.68598506,R$ MM,Visão Executiva canônica; cache IME local 0fb515fc6f090aa0395fc6a76de9cf4807343f961f22eaab5b62444efa9503f5,.cache/fundonet-ime/0fb515fc6f090aa0395fc6a76de9cf4807343f961f22eaab5b62444efa9503f5,Carteiras selecionadas,Vixtra
45523699000102,Vixtra,09/2025,Vencidos > 90 d (R$ MM),3.39287477,R$ MM,Visão Executiva canônica; cache IME local 0fb515fc6f090aa0395fc6a76de9cf4807343f961f22eaab5b62444efa9503f5,.cache/fundonet-ime/0fb515fc6f090aa0395fc6a76de9cf4807343f961f22eaab5b62444efa9503f5,Carteiras selecionadas,Vixtra
45523699000102,Vixtra,08/2025,Vencidos > 90 d (R$ MM),3.36119936,R$ MM,Visão Executiva canônica; cache IME local 0fb515fc6f090aa0395fc6a76de9cf4807343f961f22eaab5b62444efa9503f5,.cache/fundonet-ime/0fb515fc6f090aa0395fc6a76de9cf4807343f961f22eaab5b62444efa9503f5,Carteiras selecionadas,Vixtra
45523699000102,Vixtra,07/2025,Vencidos > 90 d (R$ MM),3.33017859,R$ MM,Visão Executiva canônica; cache IME local 0fb515fc6f090aa0395fc6a76de9cf4807343f961f22eaab5b62444efa9503f5,.cache/fundonet-ime/0fb515fc6f090aa0395fc6a76de9cf4807343f961f22eaab5b62444efa9503f5,Carteiras selecionadas,Vixtra
45523699000102,Vixtra,06/2025,Vencidos > 90 d (R$ MM),3.33017859,R$ MM,Visão Executiva canônica; cache IME local 0fb515fc6f090aa0395fc6a76de9cf4807343f961f22eaab5b62444efa9503f5,.cache/fundonet-ime/0fb515fc6f090aa0395fc6a76de9cf4807343f961f22eaab5b62444efa9503f5,Carteiras selecionadas,Vixtra
45523699000102,Vixtra,05/2025,Vencidos > 90 d (R$ MM),3.33017859,R$ MM,Visão Executiva canônica; cache IME local 0fb515fc6f090aa0395fc6a76de9cf4807343f961f22eaab5b62444efa9503f5,.cache/fundonet-ime/0fb515fc6f090aa0395fc6a76de9cf4807343f961f22eaab5b62444efa9503f5,Carteiras selecionadas,Vixtra
45523699000102,Vixtra,04/2025,Vencidos > 90 d (R$ MM),3.33017859,R$ MM,Visão Executiva canônica; cache IME local 0fb515fc6f090aa0395fc6a76de9cf4807343f961f22eaab5b62444efa9503f5,.cache/fundonet-ime/0fb515fc6f090aa0395fc6a76de9cf4807343f961f22eaab5b62444efa9503f5,Carteiras selecionadas,Vixtra
45523699000102,Vixtra,03/2025,Vencidos > 90 d (R$ MM),3.1871650299999996,R$ MM,Visão Executiva canônica; cache IME local 0fb515fc6f090aa0395fc6a76de9cf4807343f961f22eaab5b62444efa9503f5,.cache/fundonet-ime/0fb515fc6f090aa0395fc6a76de9cf4807343f961f22eaab5b62444efa9503f5,Carteiras selecionadas,Vixtra
45523699000102,Vixtra,02/2025,Vencidos > 90 d (R$ MM),3.4436666000000002,R$ MM,Visão Executiva canônica; cache IME local 0fb515fc6f090aa0395fc6a76de9cf4807343f961f22eaab5b62444efa9503f5,.cache/fundonet-ime/0fb515fc6f090aa0395fc6a76de9cf4807343f961f22eaab5b62444efa9503f5,Carteiras selecionadas,Vixtra
45523699000102,Vixtra,01/2025,Vencidos > 90 d (R$ MM),2.3047719,R$ MM,Visão Executiva canônica; cache IME local 0fb515fc6f090aa0395fc6a76de9cf4807343f961f22eaab5b62444efa9503f5,.cache/fundonet-ime/0fb515fc6f090aa0395fc6a76de9cf4807343f961f22eaab5b62444efa9503f5,Carteiras selecionadas,Vixtra
45523699000102,Vixtra,06/2026,Vencidos Total (R$ MM),13.018655,R$ MM,Visão Executiva canônica; cache IME local 0fb515fc6f090aa0395fc6a76de9cf4807343f961f22eaab5b62444efa9503f5,.cache/fundonet-ime/0fb515fc6f090aa0395fc6a76de9cf4807343f961f22eaab5b62444efa9503f5,Carteiras selecionadas,Vixtra
45523699000102,Vixtra,05/2026,Vencidos Total (R$ MM),2.44682002,R$ MM,Visão Executiva canônica; cache IME local 0fb515fc6f090aa0395fc6a76de9cf4807343f961f22eaab5b62444efa9503f5,.cache/fundonet-ime/0fb515fc6f090aa0395fc6a76de9cf4807343f961f22eaab5b62444efa9503f5,Carteiras selecionadas,Vixtra
45523699000102,Vixtra,04/2026,Vencidos Total (R$ MM),6.236923050000001,R$ MM,Visão Executiva canônica; cache IME local 0fb515fc6f090aa0395fc6a76de9cf4807343f961f22eaab5b62444efa9503f5,.cache/fundonet-ime/0fb515fc6f090aa0395fc6a76de9cf4807343f961f22eaab5b62444efa9503f5,Carteiras selecionadas,Vixtra
45523699000102,Vixtra,03/2026,Vencidos Total (R$ MM),0.576418,R$ MM,Visão Executiva canônica; cache IME local 0fb515fc6f090aa0395fc6a76de9cf4807343f961f22eaab5b62444efa9503f5,.cache/fundonet-ime/0fb515fc6f090aa0395fc6a76de9cf4807343f961f22eaab5b62444efa9503f5,Carteiras selecionadas,Vixtra
45523699000102,Vixtra,02/2026,Vencidos Total (R$ MM),8.10238077,R$ MM,Visão Executiva canônica; cache IME local 0fb515fc6f090aa0395fc6a76de9cf4807343f961f22eaab5b62444efa9503f5,.cache/fundonet-ime/0fb515fc6f090aa0395fc6a76de9cf4807343f961f22eaab5b62444efa9503f5,Carteiras selecionadas,Vixtra
45523699000102,Vixtra,01/2026,Vencidos Total (R$ MM),5.63115922,R$ MM,Visão Executiva canônica; cache IME local 0fb515fc6f090aa0395fc6a76de9cf4807343f961f22eaab5b62444efa9503f5,.cache/fundonet-ime/0fb515fc6f090aa0395fc6a76de9cf4807343f961f22eaab5b62444efa9503f5,Carteiras selecionadas,Vixtra
45523699000102,Vixtra,12/2025,Vencidos Total (R$ MM),7.04386993,R$ MM,Visão Executiva canônica; cache IME local 0fb515fc6f090aa0395fc6a76de9cf4807343f961f22eaab5b62444efa9503f5,.cache/fundonet-ime/0fb515fc6f090aa0395fc6a76de9cf4807343f961f22eaab5b62444efa9503f5,Carteiras selecionadas,Vixtra
45523699000102,Vixtra,11/2025,Vencidos Total (R$ MM),8.31222029,R$ MM,Visão Executiva canônica; cache IME local 0fb515fc6f090aa0395fc6a76de9cf4807343f961f22eaab5b62444efa9503f5,.cache/fundonet-ime/0fb515fc6f090aa0395fc6a76de9cf4807343f961f22eaab5b62444efa9503f5,Carteiras selecionadas,Vixtra
45523699000102,Vixtra,10/2025,Vencidos Total (R$ MM),5.202140969999999,R$ MM,Visão Executiva canônica; cache IME local 0fb515fc6f090aa0395fc6a76de9cf4807343f961f22eaab5b62444efa9503f5,.cache/fundonet-ime/0fb515fc6f090aa0395fc6a76de9cf4807343f961f22eaab5b62444efa9503f5,Carteiras selecionadas,Vixtra
45523699000102,Vixtra,09/2025,Vencidos Total (R$ MM),4.49921377,R$ MM,Visão Executiva canônica; cache IME local 0fb515fc6f090aa0395fc6a76de9cf4807343f961f22eaab5b62444efa9503f5,.cache/fundonet-ime/0fb515fc6f090aa0395fc6a76de9cf4807343f961f22eaab5b62444efa9503f5,Carteiras selecionadas,Vixtra
45523699000102,Vixtra,08/2025,Vencidos Total (R$ MM),4.481116,R$ MM,Visão Executiva canônica; cache IME local 0fb515fc6f090aa0395fc6a76de9cf4807343f961f22eaab5b62444efa9503f5,.cache/fundonet-ime/0fb515fc6f090aa0395fc6a76de9cf4807343f961f22eaab5b62444efa9503f5,Carteiras selecionadas,Vixtra
45523699000102,Vixtra,07/2025,Vencidos Total (R$ MM),5.83080903,R$ MM,Visão Executiva canônica; cache IME local 0fb515fc6f090aa0395fc6a76de9cf4807343f961f22eaab5b62444efa9503f5,.cache/fundonet-ime/0fb515fc6f090aa0395fc6a76de9cf4807343f961f22eaab5b62444efa9503f5,Carteiras selecionadas,Vixtra
45523699000102,Vixtra,06/2025,Vencidos Total (R$ MM),8.81235879,R$ MM,Visão Executiva canônica; cache IME local 0fb515fc6f090aa0395fc6a76de9cf4807343f961f22eaab5b62444efa9503f5,.cache/fundonet-ime/0fb515fc6f090aa0395fc6a76de9cf4807343f961f22eaab5b62444efa9503f5,Carteiras selecionadas,Vixtra
45523699000102,Vixtra,05/2025,Vencidos Total (R$ MM),3.53693364,R$ MM,Visão Executiva canônica; cache IME local 0fb515fc6f090aa0395fc6a76de9cf4807343f961f22eaab5b62444efa9503f5,.cache/fundonet-ime/0fb515fc6f090aa0395fc6a76de9cf4807343f961f22eaab5b62444efa9503f5,Carteiras selecionadas,Vixtra
45523699000102,Vixtra,04/2025,Vencidos Total (R$ MM),5.33172053,R$ MM,Visão Executiva canônica; cache IME local 0fb515fc6f090aa0395fc6a76de9cf4807343f961f22eaab5b62444efa9503f5,.cache/fundonet-ime/0fb515fc6f090aa0395fc6a76de9cf4807343f961f22eaab5b62444efa9503f5,Carteiras selecionadas,Vixtra
45523699000102,Vixtra,03/2025,Vencidos Total (R$ MM),4.3060472,R$ MM,Visão Executiva canônica; cache IME local 0fb515fc6f090aa0395fc6a76de9cf4807343f961f22eaab5b62444efa9503f5,.cache/fundonet-ime/0fb515fc6f090aa0395fc6a76de9cf4807343f961f22eaab5b62444efa9503f5,Carteiras selecionadas,Vixtra
45523699000102,Vixtra,02/2025,Vencidos Total (R$ MM),4.34173303,R$ MM,Visão Executiva canônica; cache IME local 0fb515fc6f090aa0395fc6a76de9cf4807343f961f22eaab5b62444efa9503f5,.cache/fundonet-ime/0fb515fc6f090aa0395fc6a76de9cf4807343f961f22eaab5b62444efa9503f5,Carteiras selecionadas,Vixtra
45523699000102,Vixtra,01/2025,Vencidos Total (R$ MM),4.78854086,R$ MM,Visão Executiva canônica; cache IME local 0fb515fc6f090aa0395fc6a76de9cf4807343f961f22eaab5b62444efa9503f5,.cache/fundonet-ime/0fb515fc6f090aa0395fc6a76de9cf4807343f961f22eaab5b62444efa9503f5,Carteiras selecionadas,Vixtra
45523699000102,Vixtra,06/2026,Vencidos <= 90 d / Crédito,0.04062941465104712,ratio,Visão Executiva canônica; cache IME local 0fb515fc6f090aa0395fc6a76de9cf4807343f961f22eaab5b62444efa9503f5,.cache/fundonet-ime/0fb515fc6f090aa0395fc6a76de9cf4807343f961f22eaab5b62444efa9503f5,Carteiras selecionadas,Vixtra
45523699000102,Vixtra,05/2026,Vencidos <= 90 d / Crédito,0.011083547743934255,ratio,Visão Executiva canônica; cache IME local 0fb515fc6f090aa0395fc6a76de9cf4807343f961f22eaab5b62444efa9503f5,.cache/fundonet-ime/0fb515fc6f090aa0395fc6a76de9cf4807343f961f22eaab5b62444efa9503f5,Carteiras selecionadas,Vixtra
45523699000102,Vixtra,04/2026,Vencidos <= 90 d / Crédito,0.011571692987397462,ratio,Visão Executiva canônica; cache IME local 0fb515fc6f090aa0395fc6a76de9cf4807343f961f22eaab5b62444efa9503f5,.cache/fundonet-ime/0fb515fc6f090aa0395fc6a76de9cf4807343f961f22eaab5b62444efa9503f5,Carteiras selecionadas,Vixtra
45523699000102,Vixtra,03/2026,Vencidos <= 90 d / Crédito,0.0030840329747935827,ratio,Visão Executiva canônica; cache IME local 0fb515fc6f090aa0395fc6a76de9cf4807343f961f22eaab5b62444efa9503f5,.cache/fundonet-ime/0fb515fc6f090aa0395fc6a76de9cf4807343f961f22eaab5b62444efa9503f5,Carteiras selecionadas,Vixtra
45523699000102,Vixtra,02/2026,Vencidos <= 90 d / Crédito,0.022818342886694258,ratio,Visão Executiva canônica; cache IME local 0fb515fc6f090aa0395fc6a76de9cf4807343f961f22eaab5b62444efa9503f5,.cache/fundonet-ime/0fb515fc6f090aa0395fc6a76de9cf4807343f961f22eaab5b62444efa9503f5,Carteiras selecionadas,Vixtra
45523699000102,Vixtra,01/2026,Vencidos <= 90 d / Crédito,0.02446181313639659,ratio,Visão Executiva canônica; cache IME local 0fb515fc6f090aa0395fc6a76de9cf4807343f961f22eaab5b62444efa9503f5,.cache/fundonet-ime/0fb515fc6f090aa0395fc6a76de9cf4807343f961f22eaab5b62444efa9503f5,Carteiras selecionadas,Vixtra
45523699000102,Vixtra,12/2025,Vencidos <= 90 d / Crédito,0.019420714476102104,ratio,Visão Executiva canônica; cache IME local 0fb515fc6f090aa0395fc6a76de9cf4807343f961f22eaab5b62444efa9503f5,.cache/fundonet-ime/0fb515fc6f090aa0395fc6a76de9cf4807343f961f22eaab5b62444efa9503f5,Carteiras selecionadas,Vixtra
45523699000102,Vixtra,11/2025,Vencidos <= 90 d / Crédito,0.02903515146607909,ratio,Visão Executiva canônica; cache IME local 0fb515fc6f090aa0395fc6a76de9cf4807343f961f22eaab5b62444efa9503f5,.cache/fundonet-ime/0fb515fc6f090aa0395fc6a76de9cf4807343f961f22eaab5b62444efa9503f5,Carteiras selecionadas,Vixtra
45523699000102,Vixtra,10/2025,Vencidos <= 90 d / Crédito,0.010452173083818309,ratio,Visão Executiva canônica; cache IME local 0fb515fc6f090aa0395fc6a76de9cf4807343f961f22eaab5b62444efa9503f5,.cache/fundonet-ime/0fb515fc6f090aa0395fc6a76de9cf4807343f961f22eaab5b62444efa9503f5,Carteiras selecionadas,Vixtra
45523699000102,Vixtra,09/2025,Vencidos <= 90 d / Crédito,0.008578245206630473,ratio,Visão Executiva canônica; cache IME local 0fb515fc6f090aa0395fc6a76de9cf4807343f961f22eaab5b62444efa9503f5,.cache/fundonet-ime/0fb515fc6f090aa0395fc6a76de9cf4807343f961f22eaab5b62444efa9503f5,Carteiras selecionadas,Vixtra
45523699000102,Vixtra,08/2025,Vencidos <= 90 d / Crédito,0.010048465296288566,ratio,Visão Executiva canônica; cache IME local 0fb515fc6f090aa0395fc6a76de9cf4807343f961f22eaab5b62444efa9503f5,.cache/fundonet-ime/0fb515fc6f090aa0395fc6a76de9cf4807343f961f22eaab5b62444efa9503f5,Carteiras selecionadas,Vixtra
45523699000102,Vixtra,07/2025,Vencidos <= 90 d / Crédito,0.023976303617997175,ratio,Visão Executiva canônica; cache IME local 0fb515fc6f090aa0395fc6a76de9cf4807343f961f22eaab5b62444efa9503f5,.cache/fundonet-ime/0fb515fc6f090aa0395fc6a76de9cf4807343f961f22eaab5b62444efa9503f5,Carteiras selecionadas,Vixtra
45523699000102,Vixtra,06/2025,Vencidos <= 90 d / Crédito,0.05138271399146412,ratio,Visão Executiva canônica; cache IME local 0fb515fc6f090aa0395fc6a76de9cf4807343f961f22eaab5b62444efa9503f5,.cache/fundonet-ime/0fb515fc6f090aa0395fc6a76de9cf4807343f961f22eaab5b62444efa9503f5,Carteiras selecionadas,Vixtra
45523699000102,Vixtra,05/2025,Vencidos <= 90 d / Crédito,0.002209992931112369,ratio,Visão Executiva canônica; cache IME local 0fb515fc6f090aa0395fc6a76de9cf4807343f961f22eaab5b62444efa9503f5,.cache/fundonet-ime/0fb515fc6f090aa0395fc6a76de9cf4807343f961f22eaab5b62444efa9503f5,Carteiras selecionadas,Vixtra
45523699000102,Vixtra,04/2025,Vencidos <= 90 d / Crédito,0.022434416479224662,ratio,Visão Executiva canônica; cache IME local 0fb515fc6f090aa0395fc6a76de9cf4807343f961f22eaab5b62444efa9503f5,.cache/fundonet-ime/0fb515fc6f090aa0395fc6a76de9cf4807343f961f22eaab5b62444efa9503f5,Carteiras selecionadas,Vixtra
45523699000102,Vixtra,03/2025,Vencidos <= 90 d / Crédito,0.013392021141297212,ratio,Visão Executiva canônica; cache IME local 0fb515fc6f090aa0395fc6a76de9cf4807343f961f22eaab5b62444efa9503f5,.cache/fundonet-ime/0fb515fc6f090aa0395fc6a76de9cf4807343f961f22eaab5b62444efa9503f5,Carteiras selecionadas,Vixtra
45523699000102,Vixtra,02/2025,Vencidos <= 90 d / Crédito,0.012506395409620747,ratio,Visão Executiva canônica; cache IME local 0fb515fc6f090aa0395fc6a76de9cf4807343f961f22eaab5b62444efa9503f5,.cache/fundonet-ime/0fb515fc6f090aa0395fc6a76de9cf4807343f961f22eaab5b62444efa9503f5,Carteiras selecionadas,Vixtra
45523699000102,Vixtra,01/2025,Vencidos <= 90 d / Crédito,0.03559442451722987,ratio,Visão Executiva canônica; cache IME local 0fb515fc6f090aa0395fc6a76de9cf4807343f961f22eaab5b62444efa9503f5,.cache/fundonet-ime/0fb515fc6f090aa0395fc6a76de9cf4807343f961f22eaab5b62444efa9503f5,Carteiras selecionadas,Vixtra
45523699000102,Vixtra,06/2026,Vencidos > 90 d / Crédito,0.019430127464793858,ratio,Visão Executiva canônica; cache IME local 0fb515fc6f090aa0395fc6a76de9cf4807343f961f22eaab5b62444efa9503f5,.cache/fundonet-ime/0fb515fc6f090aa0395fc6a76de9cf4807343f961f22eaab5b62444efa9503f5,Carteiras selecionadas,Vixtra
45523699000102,Vixtra,05/2026,Vencidos > 90 d / Crédito,0.0,ratio,Visão Executiva canônica; cache IME local 0fb515fc6f090aa0395fc6a76de9cf4807343f961f22eaab5b62444efa9503f5,.cache/fundonet-ime/0fb515fc6f090aa0395fc6a76de9cf4807343f961f22eaab5b62444efa9503f5,Carteiras selecionadas,Vixtra
45523699000102,Vixtra,04/2026,Vencidos > 90 d / Crédito,0.019303656655276488,ratio,Visão Executiva canônica; cache IME local 0fb515fc6f090aa0395fc6a76de9cf4807343f961f22eaab5b62444efa9503f5,.cache/fundonet-ime/0fb515fc6f090aa0395fc6a76de9cf4807343f961f22eaab5b62444efa9503f5,Carteiras selecionadas,Vixtra
45523699000102,Vixtra,03/2026,Vencidos > 90 d / Crédito,0.0,ratio,Visão Executiva canônica; cache IME local 0fb515fc6f090aa0395fc6a76de9cf4807343f961f22eaab5b62444efa9503f5,.cache/fundonet-ime/0fb515fc6f090aa0395fc6a76de9cf4807343f961f22eaab5b62444efa9503f5,Carteiras selecionadas,Vixtra
45523699000102,Vixtra,02/2026,Vencidos > 90 d / Crédito,0.0207957833136577,ratio,Visão Executiva canônica; cache IME local 0fb515fc6f090aa0395fc6a76de9cf4807343f961f22eaab5b62444efa9503f5,.cache/fundonet-ime/0fb515fc6f090aa0395fc6a76de9cf4807343f961f22eaab5b62444efa9503f5,Carteiras selecionadas,Vixtra
45523699000102,Vixtra,01/2026,Vencidos > 90 d / Crédito,0.0075493229440697284,ratio,Visão Executiva canônica; cache IME local 0fb515fc6f090aa0395fc6a76de9cf4807343f961f22eaab5b62444efa9503f5,.cache/fundonet-ime/0fb515fc6f090aa0395fc6a76de9cf4807343f961f22eaab5b62444efa9503f5,Carteiras selecionadas,Vixtra
45523699000102,Vixtra,12/2025,Vencidos > 90 d / Crédito,0.022642070864865065,ratio,Visão Executiva canônica; cache IME local 0fb515fc6f090aa0395fc6a76de9cf4807343f961f22eaab5b62444efa9503f5,.cache/fundonet-ime/0fb515fc6f090aa0395fc6a76de9cf4807343f961f22eaab5b62444efa9503f5,Carteiras selecionadas,Vixtra
45523699000102,Vixtra,11/2025,Vencidos > 90 d / Crédito,0.023956997710719692,ratio,Visão Executiva canônica; cache IME local 0fb515fc6f090aa0395fc6a76de9cf4807343f961f22eaab5b62444efa9503f5,.cache/fundonet-ime/0fb515fc6f090aa0395fc6a76de9cf4807343f961f22eaab5b62444efa9503f5,Carteiras selecionadas,Vixtra
45523699000102,Vixtra,10/2025,Vencidos > 90 d / Crédito,0.02541068077325136,ratio,Visão Executiva canônica; cache IME local 0fb515fc6f090aa0395fc6a76de9cf4807343f961f22eaab5b62444efa9503f5,.cache/fundonet-ime/0fb515fc6f090aa0395fc6a76de9cf4807343f961f22eaab5b62444efa9503f5,Carteiras selecionadas,Vixtra
45523699000102,Vixtra,09/2025,Vencidos > 90 d / Crédito,0.026307408246884524,ratio,Visão Executiva canônica; cache IME local 0fb515fc6f090aa0395fc6a76de9cf4807343f961f22eaab5b62444efa9503f5,.cache/fundonet-ime/0fb515fc6f090aa0395fc6a76de9cf4807343f961f22eaab5b62444efa9503f5,Carteiras selecionadas,Vixtra
45523699000102,Vixtra,08/2025,Vencidos > 90 d / Crédito,0.030158401006406453,ratio,Visão Executiva canônica; cache IME local 0fb515fc6f090aa0395fc6a76de9cf4807343f961f22eaab5b62444efa9503f5,.cache/fundonet-ime/0fb515fc6f090aa0395fc6a76de9cf4807343f961f22eaab5b62444efa9503f5,Carteiras selecionadas,Vixtra
45523699000102,Vixtra,07/2025,Vencidos > 90 d / Crédito,0.031930097186209455,ratio,Visão Executiva canônica; cache IME local 0fb515fc6f090aa0395fc6a76de9cf4807343f961f22eaab5b62444efa9503f5,.cache/fundonet-ime/0fb515fc6f090aa0395fc6a76de9cf4807343f961f22eaab5b62444efa9503f5,Carteiras selecionadas,Vixtra
45523699000102,Vixtra,06/2025,Vencidos > 90 d / Crédito,0.031212694181498683,ratio,Visão Executiva canônica; cache IME local 0fb515fc6f090aa0395fc6a76de9cf4807343f961f22eaab5b62444efa9503f5,.cache/fundonet-ime/0fb515fc6f090aa0395fc6a76de9cf4807343f961f22eaab5b62444efa9503f5,Carteiras selecionadas,Vixtra
45523699000102,Vixtra,05/2025,Vencidos > 90 d / Crédito,0.03559608891411236,ratio,Visão Executiva canônica; cache IME local 0fb515fc6f090aa0395fc6a76de9cf4807343f961f22eaab5b62444efa9503f5,.cache/fundonet-ime/0fb515fc6f090aa0395fc6a76de9cf4807343f961f22eaab5b62444efa9503f5,Carteiras selecionadas,Vixtra
45523699000102,Vixtra,04/2025,Vencidos > 90 d / Crédito,0.0373265290849999,ratio,Visão Executiva canônica; cache IME local 0fb515fc6f090aa0395fc6a76de9cf4807343f961f22eaab5b62444efa9503f5,.cache/fundonet-ime/0fb515fc6f090aa0395fc6a76de9cf4807343f961f22eaab5b62444efa9503f5,Carteiras selecionadas,Vixtra
45523699000102,Vixtra,03/2025,Vencidos > 90 d / Crédito,0.03814752134495373,ratio,Visão Executiva canônica; cache IME local 0fb515fc6f090aa0395fc6a76de9cf4807343f961f22eaab5b62444efa9503f5,.cache/fundonet-ime/0fb515fc6f090aa0395fc6a76de9cf4807343f961f22eaab5b62444efa9503f5,Carteiras selecionadas,Vixtra
45523699000102,Vixtra,02/2025,Vencidos > 90 d / Crédito,0.047956203149141514,ratio,Visão Executiva canônica; cache IME local 0fb515fc6f090aa0395fc6a76de9cf4807343f961f22eaab5b62444efa9503f5,.cache/fundonet-ime/0fb515fc6f090aa0395fc6a76de9cf4807343f961f22eaab5b62444efa9503f5,Carteiras selecionadas,Vixtra
45523699000102,Vixtra,01/2025,Vencidos > 90 d / Crédito,0.03302925140991474,ratio,Visão Executiva canônica; cache IME local 0fb515fc6f090aa0395fc6a76de9cf4807343f961f22eaab5b62444efa9503f5,.cache/fundonet-ime/0fb515fc6f090aa0395fc6a76de9cf4807343f961f22eaab5b62444efa9503f5,Carteiras selecionadas,Vixtra
45523699000102,Vixtra,06/2026,Vencidos Total / Crédito,0.060059542115840976,ratio,Visão Executiva canônica; cache IME local 0fb515fc6f090aa0395fc6a76de9cf4807343f961f22eaab5b62444efa9503f5,.cache/fundonet-ime/0fb515fc6f090aa0395fc6a76de9cf4807343f961f22eaab5b62444efa9503f5,Carteiras selecionadas,Vixtra
45523699000102,Vixtra,05/2026,Vencidos Total / Crédito,0.011083547743934255,ratio,Visão Executiva canônica; cache IME local 0fb515fc6f090aa0395fc6a76de9cf4807343f961f22eaab5b62444efa9503f5,.cache/fundonet-ime/0fb515fc6f090aa0395fc6a76de9cf4807343f961f22eaab5b62444efa9503f5,Carteiras selecionadas,Vixtra
45523699000102,Vixtra,04/2026,Vencidos Total / Crédito,0.030875349642673952,ratio,Visão Executiva canônica; cache IME local 0fb515fc6f090aa0395fc6a76de9cf4807343f961f22eaab5b62444efa9503f5,.cache/fundonet-ime/0fb515fc6f090aa0395fc6a76de9cf4807343f961f22eaab5b62444efa9503f5,Carteiras selecionadas,Vixtra
45523699000102,Vixtra,03/2026,Vencidos Total / Crédito,0.0030840329747935827,ratio,Visão Executiva canônica; cache IME local 0fb515fc6f090aa0395fc6a76de9cf4807343f961f22eaab5b62444efa9503f5,.cache/fundonet-ime/0fb515fc6f090aa0395fc6a76de9cf4807343f961f22eaab5b62444efa9503f5,Carteiras selecionadas,Vixtra
45523699000102,Vixtra,02/2026,Vencidos Total / Crédito,0.04361412620035196,ratio,Visão Executiva canônica; cache IME local 0fb515fc6f090aa0395fc6a76de9cf4807343f961f22eaab5b62444efa9503f5,.cache/fundonet-ime/0fb515fc6f090aa0395fc6a76de9cf4807343f961f22eaab5b62444efa9503f5,Carteiras selecionadas,Vixtra
45523699000102,Vixtra,01/2026,Vencidos Total / Crédito,0.032011136080466324,ratio,Visão Executiva canônica; cache IME local 0fb515fc6f090aa0395fc6a76de9cf4807343f961f22eaab5b62444efa9503f5,.cache/fundonet-ime/0fb515fc6f090aa0395fc6a76de9cf4807343f961f22eaab5b62444efa9503f5,Carteiras selecionadas,Vixtra
45523699000102,Vixtra,12/2025,Vencidos Total / Crédito,0.04206278534096717,ratio,Visão Executiva canônica; cache IME local 0fb515fc6f090aa0395fc6a76de9cf4807343f961f22eaab5b62444efa9503f5,.cache/fundonet-ime/0fb515fc6f090aa0395fc6a76de9cf4807343f961f22eaab5b62444efa9503f5,Carteiras selecionadas,Vixtra
45523699000102,Vixtra,11/2025,Vencidos Total / Crédito,0.052992149176798786,ratio,Visão Executiva canônica; cache IME local 0fb515fc6f090aa0395fc6a76de9cf4807343f961f22eaab5b62444efa9503f5,.cache/fundonet-ime/0fb515fc6f090aa0395fc6a76de9cf4807343f961f22eaab5b62444efa9503f5,Carteiras selecionadas,Vixtra
45523699000102,Vixtra,10/2025,Vencidos Total / Crédito,0.03586285385706967,ratio,Visão Executiva canônica; cache IME local 0fb515fc6f090aa0395fc6a76de9cf4807343f961f22eaab5b62444efa9503f5,.cache/fundonet-ime/0fb515fc6f090aa0395fc6a76de9cf4807343f961f22eaab5b62444efa9503f5,Carteiras selecionadas,Vixtra
45523699000102,Vixtra,09/2025,Vencidos Total / Crédito,0.034885653453515,ratio,Visão Executiva canônica; cache IME local 0fb515fc6f090aa0395fc6a76de9cf4807343f961f22eaab5b62444efa9503f5,.cache/fundonet-ime/0fb515fc6f090aa0395fc6a76de9cf4807343f961f22eaab5b62444efa9503f5,Carteiras selecionadas,Vixtra
45523699000102,Vixtra,08/2025,Vencidos Total / Crédito,0.040206866302695016,ratio,Visão Executiva canônica; cache IME local 0fb515fc6f090aa0395fc6a76de9cf4807343f961f22eaab5b62444efa9503f5,.cache/fundonet-ime/0fb515fc6f090aa0395fc6a76de9cf4807343f961f22eaab5b62444efa9503f5,Carteiras selecionadas,Vixtra
45523699000102,Vixtra,07/2025,Vencidos Total / Crédito,0.055906400804206634,ratio,Visão Executiva canônica; cache IME local 0fb515fc6f090aa0395fc6a76de9cf4807343f961f22eaab5b62444efa9503f5,.cache/fundonet-ime/0fb515fc6f090aa0395fc6a76de9cf4807343f961f22eaab5b62444efa9503f5,Carteiras selecionadas,Vixtra
45523699000102,Vixtra,06/2025,Vencidos Total / Crédito,0.0825954081729628,ratio,Visão Executiva canônica; cache IME local 0fb515fc6f090aa0395fc6a76de9cf4807343f961f22eaab5b62444efa9503f5,.cache/fundonet-ime/0fb515fc6f090aa0395fc6a76de9cf4807343f961f22eaab5b62444efa9503f5,Carteiras selecionadas,Vixtra
45523699000102,Vixtra,05/2025,Vencidos Total / Crédito,0.03780608184522473,ratio,Visão Executiva canônica; cache IME local 0fb515fc6f090aa0395fc6a76de9cf4807343f961f22eaab5b62444efa9503f5,.cache/fundonet-ime/0fb515fc6f090aa0395fc6a76de9cf4807343f961f22eaab5b62444efa9503f5,Carteiras selecionadas,Vixtra
45523699000102,Vixtra,04/2025,Vencidos Total / Crédito,0.059760945564224566,ratio,Visão Executiva canônica; cache IME local 0fb515fc6f090aa0395fc6a76de9cf4807343f961f22eaab5b62444efa9503f5,.cache/fundonet-ime/0fb515fc6f090aa0395fc6a76de9cf4807343f961f22eaab5b62444efa9503f5,Carteiras selecionadas,Vixtra
45523699000102,Vixtra,03/2025,Vencidos Total / Crédito,0.05153954248625094,ratio,Visão Executiva canônica; cache IME local 0fb515fc6f090aa0395fc6a76de9cf4807343f961f22eaab5b62444efa9503f5,.cache/fundonet-ime/0fb515fc6f090aa0395fc6a76de9cf4807343f961f22eaab5b62444efa9503f5,Carteiras selecionadas,Vixtra
45523699000102,Vixtra,02/2025,Vencidos Total / Crédito,0.060462598558762265,ratio,Visão Executiva canônica; cache IME local 0fb515fc6f090aa0395fc6a76de9cf4807343f961f22eaab5b62444efa9503f5,.cache/fundonet-ime/0fb515fc6f090aa0395fc6a76de9cf4807343f961f22eaab5b62444efa9503f5,Carteiras selecionadas,Vixtra
45523699000102,Vixtra,01/2025,Vencidos Total / Crédito,0.0686236759271446,ratio,Visão Executiva canônica; cache IME local 0fb515fc6f090aa0395fc6a76de9cf4807343f961f22eaab5b62444efa9503f5,.cache/fundonet-ime/0fb515fc6f090aa0395fc6a76de9cf4807343f961f22eaab5b62444efa9503f5,Carteiras selecionadas,Vixtra
45523699000102,Vixtra,06/2026,Vencidos Over 30 d (R$ MM),6.40151876,R$ MM,Visão Executiva canônica; cache IME local 0fb515fc6f090aa0395fc6a76de9cf4807343f961f22eaab5b62444efa9503f5,.cache/fundonet-ime/0fb515fc6f090aa0395fc6a76de9cf4807343f961f22eaab5b62444efa9503f5,Carteiras selecionadas,Vixtra
45523699000102,Vixtra,05/2026,Vencidos Over 30 d (R$ MM),0.16308152,R$ MM,Visão Executiva canônica; cache IME local 0fb515fc6f090aa0395fc6a76de9cf4807343f961f22eaab5b62444efa9503f5,.cache/fundonet-ime/0fb515fc6f090aa0395fc6a76de9cf4807343f961f22eaab5b62444efa9503f5,Carteiras selecionadas,Vixtra
45523699000102,Vixtra,04/2026,Vencidos Over 30 d (R$ MM),4.42219499,R$ MM,Visão Executiva canônica; cache IME local 0fb515fc6f090aa0395fc6a76de9cf4807343f961f22eaab5b62444efa9503f5,.cache/fundonet-ime/0fb515fc6f090aa0395fc6a76de9cf4807343f961f22eaab5b62444efa9503f5,Carteiras selecionadas,Vixtra
45523699000102,Vixtra,03/2026,Vencidos Over 30 d (R$ MM),0.0,R$ MM,Visão Executiva canônica; cache IME local 0fb515fc6f090aa0395fc6a76de9cf4807343f961f22eaab5b62444efa9503f5,.cache/fundonet-ime/0fb515fc6f090aa0395fc6a76de9cf4807343f961f22eaab5b62444efa9503f5,Carteiras selecionadas,Vixtra
45523699000102,Vixtra,02/2026,Vencidos Over 30 d (R$ MM),5.26384504,R$ MM,Visão Executiva canônica; cache IME local 0fb515fc6f090aa0395fc6a76de9cf4807343f961f22eaab5b62444efa9503f5,.cache/fundonet-ime/0fb515fc6f090aa0395fc6a76de9cf4807343f961f22eaab5b62444efa9503f5,Carteiras selecionadas,Vixtra
45523699000102,Vixtra,01/2026,Vencidos Over 30 d (R$ MM),3.89940268,R$ MM,Visão Executiva canônica; cache IME local 0fb515fc6f090aa0395fc6a76de9cf4807343f961f22eaab5b62444efa9503f5,.cache/fundonet-ime/0fb515fc6f090aa0395fc6a76de9cf4807343f961f22eaab5b62444efa9503f5,Carteiras selecionadas,Vixtra
45523699000102,Vixtra,12/2025,Vencidos Over 30 d (R$ MM),6.66113275,R$ MM,Visão Executiva canônica; cache IME local 0fb515fc6f090aa0395fc6a76de9cf4807343f961f22eaab5b62444efa9503f5,.cache/fundonet-ime/0fb515fc6f090aa0395fc6a76de9cf4807343f961f22eaab5b62444efa9503f5,Carteiras selecionadas,Vixtra
45523699000102,Vixtra,11/2025,Vencidos Over 30 d (R$ MM),4.31837555,R$ MM,Visão Executiva canônica; cache IME local 0fb515fc6f090aa0395fc6a76de9cf4807343f961f22eaab5b62444efa9503f5,.cache/fundonet-ime/0fb515fc6f090aa0395fc6a76de9cf4807343f961f22eaab5b62444efa9503f5,Carteiras selecionadas,Vixtra
45523699000102,Vixtra,10/2025,Vencidos Over 30 d (R$ MM),4.34576516,R$ MM,Visão Executiva canônica; cache IME local 0fb515fc6f090aa0395fc6a76de9cf4807343f961f22eaab5b62444efa9503f5,.cache/fundonet-ime/0fb515fc6f090aa0395fc6a76de9cf4807343f961f22eaab5b62444efa9503f5,Carteiras selecionadas,Vixtra
45523699000102,Vixtra,09/2025,Vencidos Over 30 d (R$ MM),3.81523669,R$ MM,Visão Executiva canônica; cache IME local 0fb515fc6f090aa0395fc6a76de9cf4807343f961f22eaab5b62444efa9503f5,.cache/fundonet-ime/0fb515fc6f090aa0395fc6a76de9cf4807343f961f22eaab5b62444efa9503f5,Carteiras selecionadas,Vixtra
45523699000102,Vixtra,08/2025,Vencidos Over 30 d (R$ MM),4.03080505,R$ MM,Visão Executiva canônica; cache IME local 0fb515fc6f090aa0395fc6a76de9cf4807343f961f22eaab5b62444efa9503f5,.cache/fundonet-ime/0fb515fc6f090aa0395fc6a76de9cf4807343f961f22eaab5b62444efa9503f5,Carteiras selecionadas,Vixtra
45523699000102,Vixtra,07/2025,Vencidos Over 30 d (R$ MM),4.14022555,R$ MM,Visão Executiva canônica; cache IME local 0fb515fc6f090aa0395fc6a76de9cf4807343f961f22eaab5b62444efa9503f5,.cache/fundonet-ime/0fb515fc6f090aa0395fc6a76de9cf4807343f961f22eaab5b62444efa9503f5,Carteiras selecionadas,Vixtra
45523699000102,Vixtra,06/2025,Vencidos Over 30 d (R$ MM),3.3718240099999996,R$ MM,Visão Executiva canônica; cache IME local 0fb515fc6f090aa0395fc6a76de9cf4807343f961f22eaab5b62444efa9503f5,.cache/fundonet-ime/0fb515fc6f090aa0395fc6a76de9cf4807343f961f22eaab5b62444efa9503f5,Carteiras selecionadas,Vixtra
45523699000102,Vixtra,05/2025,Vencidos Over 30 d (R$ MM),3.33017859,R$ MM,Visão Executiva canônica; cache IME local 0fb515fc6f090aa0395fc6a76de9cf4807343f961f22eaab5b62444efa9503f5,.cache/fundonet-ime/0fb515fc6f090aa0395fc6a76de9cf4807343f961f22eaab5b62444efa9503f5,Carteiras selecionadas,Vixtra
45523699000102,Vixtra,04/2025,Vencidos Over 30 d (R$ MM),3.37397264,R$ MM,Visão Executiva canônica; cache IME local 0fb515fc6f090aa0395fc6a76de9cf4807343f961f22eaab5b62444efa9503f5,.cache/fundonet-ime/0fb515fc6f090aa0395fc6a76de9cf4807343f961f22eaab5b62444efa9503f5,Carteiras selecionadas,Vixtra
45523699000102,Vixtra,03/2025,Vencidos Over 30 d (R$ MM),3.60049974,R$ MM,Visão Executiva canônica; cache IME local 0fb515fc6f090aa0395fc6a76de9cf4807343f961f22eaab5b62444efa9503f5,.cache/fundonet-ime/0fb515fc6f090aa0395fc6a76de9cf4807343f961f22eaab5b62444efa9503f5,Carteiras selecionadas,Vixtra
45523699000102,Vixtra,02/2025,Vencidos Over 30 d (R$ MM),3.98435395,R$ MM,Visão Executiva canônica; cache IME local 0fb515fc6f090aa0395fc6a76de9cf4807343f961f22eaab5b62444efa9503f5,.cache/fundonet-ime/0fb515fc6f090aa0395fc6a76de9cf4807343f961f22eaab5b62444efa9503f5,Carteiras selecionadas,Vixtra
45523699000102,Vixtra,01/2025,Vencidos Over 30 d (R$ MM),3.4436666000000002,R$ MM,Visão Executiva canônica; cache IME local 0fb515fc6f090aa0395fc6a76de9cf4807343f961f22eaab5b62444efa9503f5,.cache/fundonet-ime/0fb515fc6f090aa0395fc6a76de9cf4807343f961f22eaab5b62444efa9503f5,Carteiras selecionadas,Vixtra
45523699000102,Vixtra,06/2026,Vencidos Over 30 d / Crédito,0.0295324121863254,ratio,Visão Executiva canônica; cache IME local 0fb515fc6f090aa0395fc6a76de9cf4807343f961f22eaab5b62444efa9503f5,.cache/fundonet-ime/0fb515fc6f090aa0395fc6a76de9cf4807343f961f22eaab5b62444efa9503f5,Carteiras selecionadas,Vixtra
45523699000102,Vixtra,05/2026,Vencidos Over 30 d / Crédito,0.0007387228313888691,ratio,Visão Executiva canônica; cache IME local 0fb515fc6f090aa0395fc6a76de9cf4807343f961f22eaab5b62444efa9503f5,.cache/fundonet-ime/0fb515fc6f090aa0395fc6a76de9cf4807343f961f22eaab5b62444efa9503f5,Carteiras selecionadas,Vixtra
45523699000102,Vixtra,04/2026,Vencidos Over 30 d / Crédito,0.021891694896625513,ratio,Visão Executiva canônica; cache IME local 0fb515fc6f090aa0395fc6a76de9cf4807343f961f22eaab5b62444efa9503f5,.cache/fundonet-ime/0fb515fc6f090aa0395fc6a76de9cf4807343f961f22eaab5b62444efa9503f5,Carteiras selecionadas,Vixtra
45523699000102,Vixtra,03/2026,Vencidos Over 30 d / Crédito,0.0,ratio,Visão Executiva canônica; cache IME local 0fb515fc6f090aa0395fc6a76de9cf4807343f961f22eaab5b62444efa9503f5,.cache/fundonet-ime/0fb515fc6f090aa0395fc6a76de9cf4807343f961f22eaab5b62444efa9503f5,Carteiras selecionadas,Vixtra
45523699000102,Vixtra,02/2026,Vencidos Over 30 d / Crédito,0.02833463501538903,ratio,Visão Executiva canônica; cache IME local 0fb515fc6f090aa0395fc6a76de9cf4807343f961f22eaab5b62444efa9503f5,.cache/fundonet-ime/0fb515fc6f090aa0395fc6a76de9cf4807343f961f22eaab5b62444efa9503f5,Carteiras selecionadas,Vixtra
45523699000102,Vixtra,01/2026,Vencidos Over 30 d / Crédito,0.022166716469085218,ratio,Visão Executiva canônica; cache IME local 0fb515fc6f090aa0395fc6a76de9cf4807343f961f22eaab5b62444efa9503f5,.cache/fundonet-ime/0fb515fc6f090aa0395fc6a76de9cf4807343f961f22eaab5b62444efa9503f5,Carteiras selecionadas,Vixtra
45523699000102,Vixtra,12/2025,Vencidos Over 30 d / Crédito,0.039777253097422874,ratio,Visão Executiva canônica; cache IME local 0fb515fc6f090aa0395fc6a76de9cf4807343f961f22eaab5b62444efa9503f5,.cache/fundonet-ime/0fb515fc6f090aa0395fc6a76de9cf4807343f961f22eaab5b62444efa9503f5,Carteiras selecionadas,Vixtra
45523699000102,Vixtra,11/2025,Vencidos Over 30 d / Crédito,0.027530550606598578,ratio,Visão Executiva canônica; cache IME local 0fb515fc6f090aa0395fc6a76de9cf4807343f961f22eaab5b62444efa9503f5,.cache/fundonet-ime/0fb515fc6f090aa0395fc6a76de9cf4807343f961f22eaab5b62444efa9503f5,Carteiras selecionadas,Vixtra
45523699000102,Vixtra,10/2025,Vencidos Over 30 d / Crédito,0.029959115242935257,ratio,Visão Executiva canônica; cache IME local 0fb515fc6f090aa0395fc6a76de9cf4807343f961f22eaab5b62444efa9503f5,.cache/fundonet-ime/0fb515fc6f090aa0395fc6a76de9cf4807343f961f22eaab5b62444efa9503f5,Carteiras selecionadas,Vixtra
45523699000102,Vixtra,09/2025,Vencidos Over 30 d / Crédito,0.029582285220129838,ratio,Visão Executiva canônica; cache IME local 0fb515fc6f090aa0395fc6a76de9cf4807343f961f22eaab5b62444efa9503f5,.cache/fundonet-ime/0fb515fc6f090aa0395fc6a76de9cf4807343f961f22eaab5b62444efa9503f5,Carteiras selecionadas,Vixtra
45523699000102,Vixtra,08/2025,Vencidos Over 30 d / Crédito,0.03616644597854148,ratio,Visão Executiva canônica; cache IME local 0fb515fc6f090aa0395fc6a76de9cf4807343f961f22eaab5b62444efa9503f5,.cache/fundonet-ime/0fb515fc6f090aa0395fc6a76de9cf4807343f961f22eaab5b62444efa9503f5,Carteiras selecionadas,Vixtra
45523699000102,Vixtra,07/2025,Vencidos Over 30 d / Crédito,0.039696911325205385,ratio,Visão Executiva canônica; cache IME local 0fb515fc6f090aa0395fc6a76de9cf4807343f961f22eaab5b62444efa9503f5,.cache/fundonet-ime/0fb515fc6f090aa0395fc6a76de9cf4807343f961f22eaab5b62444efa9503f5,Carteiras selecionadas,Vixtra
45523699000102,Vixtra,06/2025,Vencidos Over 30 d / Crédito,0.03160302332553419,ratio,Visão Executiva canônica; cache IME local 0fb515fc6f090aa0395fc6a76de9cf4807343f961f22eaab5b62444efa9503f5,.cache/fundonet-ime/0fb515fc6f090aa0395fc6a76de9cf4807343f961f22eaab5b62444efa9503f5,Carteiras selecionadas,Vixtra
45523699000102,Vixtra,05/2025,Vencidos Over 30 d / Crédito,0.03559608891411236,ratio,Visão Executiva canônica; cache IME local 0fb515fc6f090aa0395fc6a76de9cf4807343f961f22eaab5b62444efa9503f5,.cache/fundonet-ime/0fb515fc6f090aa0395fc6a76de9cf4807343f961f22eaab5b62444efa9503f5,Carteiras selecionadas,Vixtra
45523699000102,Vixtra,04/2025,Vencidos Over 30 d / Crédito,0.03781739761859255,ratio,Visão Executiva canônica; cache IME local 0fb515fc6f090aa0395fc6a76de9cf4807343f961f22eaab5b62444efa9503f5,.cache/fundonet-ime/0fb515fc6f090aa0395fc6a76de9cf4807343f961f22eaab5b62444efa9503f5,Carteiras selecionadas,Vixtra
45523699000102,Vixtra,03/2025,Vencidos Over 30 d / Crédito,0.043094768984758336,ratio,Visão Executiva canônica; cache IME local 0fb515fc6f090aa0395fc6a76de9cf4807343f961f22eaab5b62444efa9503f5,.cache/fundonet-ime/0fb515fc6f090aa0395fc6a76de9cf4807343f961f22eaab5b62444efa9503f5,Carteiras selecionadas,Vixtra
45523699000102,Vixtra,02/2025,Vencidos Over 30 d / Crédito,0.05548576840867361,ratio,Visão Executiva canônica; cache IME local 0fb515fc6f090aa0395fc6a76de9cf4807343f961f22eaab5b62444efa9503f5,.cache/fundonet-ime/0fb515fc6f090aa0395fc6a76de9cf4807343f961f22eaab5b62444efa9503f5,Carteiras selecionadas,Vixtra
45523699000102,Vixtra,01/2025,Vencidos Over 30 d / Crédito,0.04935053655562457,ratio,Visão Executiva canônica; cache IME local 0fb515fc6f090aa0395fc6a76de9cf4807343f961f22eaab5b62444efa9503f5,.cache/fundonet-ime/0fb515fc6f090aa0395fc6a76de9cf4807343f961f22eaab5b62444efa9503f5,Carteiras selecionadas,Vixtra
45523699000102,Vixtra,06/2026,Vencidos Over 60 d (R$ MM),4.77725007,R$ MM,Visão Executiva canônica; cache IME local 0fb515fc6f090aa0395fc6a76de9cf4807343f961f22eaab5b62444efa9503f5,.cache/fundonet-ime/0fb515fc6f090aa0395fc6a76de9cf4807343f961f22eaab5b62444efa9503f5,Carteiras selecionadas,Vixtra
45523699000102,Vixtra,05/2026,Vencidos Over 60 d (R$ MM),0.05047247,R$ MM,Visão Executiva canônica; cache IME local 0fb515fc6f090aa0395fc6a76de9cf4807343f961f22eaab5b62444efa9503f5,.cache/fundonet-ime/0fb515fc6f090aa0395fc6a76de9cf4807343f961f22eaab5b62444efa9503f5,Carteiras selecionadas,Vixtra
45523699000102,Vixtra,04/2026,Vencidos Over 60 d (R$ MM),4.28579637,R$ MM,Visão Executiva canônica; cache IME local 0fb515fc6f090aa0395fc6a76de9cf4807343f961f22eaab5b62444efa9503f5,.cache/fundonet-ime/0fb515fc6f090aa0395fc6a76de9cf4807343f961f22eaab5b62444efa9503f5,Carteiras selecionadas,Vixtra
45523699000102,Vixtra,03/2026,Vencidos Over 60 d (R$ MM),0.0,R$ MM,Visão Executiva canônica; cache IME local 0fb515fc6f090aa0395fc6a76de9cf4807343f961f22eaab5b62444efa9503f5,.cache/fundonet-ime/0fb515fc6f090aa0395fc6a76de9cf4807343f961f22eaab5b62444efa9503f5,Carteiras selecionadas,Vixtra
45523699000102,Vixtra,02/2026,Vencidos Over 60 d (R$ MM),3.8633206600000003,R$ MM,Visão Executiva canônica; cache IME local 0fb515fc6f090aa0395fc6a76de9cf4807343f961f22eaab5b62444efa9503f5,.cache/fundonet-ime/0fb515fc6f090aa0395fc6a76de9cf4807343f961f22eaab5b62444efa9503f5,Carteiras selecionadas,Vixtra
45523699000102,Vixtra,01/2026,Vencidos Over 60 d (R$ MM),3.8633206600000003,R$ MM,Visão Executiva canônica; cache IME local 0fb515fc6f090aa0395fc6a76de9cf4807343f961f22eaab5b62444efa9503f5,.cache/fundonet-ime/0fb515fc6f090aa0395fc6a76de9cf4807343f961f22eaab5b62444efa9503f5,Carteiras selecionadas,Vixtra
45523699000102,Vixtra,12/2025,Vencidos Over 60 d (R$ MM),4.12583242,R$ MM,Visão Executiva canônica; cache IME local 0fb515fc6f090aa0395fc6a76de9cf4807343f961f22eaab5b62444efa9503f5,.cache/fundonet-ime/0fb515fc6f090aa0395fc6a76de9cf4807343f961f22eaab5b62444efa9503f5,Carteiras selecionadas,Vixtra
45523699000102,Vixtra,11/2025,Vencidos Over 60 d (R$ MM),3.95037982,R$ MM,Visão Executiva canônica; cache IME local 0fb515fc6f090aa0395fc6a76de9cf4807343f961f22eaab5b62444efa9503f5,.cache/fundonet-ime/0fb515fc6f090aa0395fc6a76de9cf4807343f961f22eaab5b62444efa9503f5,Carteiras selecionadas,Vixtra
45523699000102,Vixtra,10/2025,Vencidos Over 60 d (R$ MM),3.7699366899999993,R$ MM,Visão Executiva canônica; cache IME local 0fb515fc6f090aa0395fc6a76de9cf4807343f961f22eaab5b62444efa9503f5,.cache/fundonet-ime/0fb515fc6f090aa0395fc6a76de9cf4807343f961f22eaab5b62444efa9503f5,Carteiras selecionadas,Vixtra
45523699000102,Vixtra,09/2025,Vencidos Over 60 d (R$ MM),3.7312850600000003,R$ MM,Visão Executiva canônica; cache IME local 0fb515fc6f090aa0395fc6a76de9cf4807343f961f22eaab5b62444efa9503f5,.cache/fundonet-ime/0fb515fc6f090aa0395fc6a76de9cf4807343f961f22eaab5b62444efa9503f5,Carteiras selecionadas,Vixtra
45523699000102,Vixtra,08/2025,Vencidos Over 60 d (R$ MM),3.61822555,R$ MM,Visão Executiva canônica; cache IME local 0fb515fc6f090aa0395fc6a76de9cf4807343f961f22eaab5b62444efa9503f5,.cache/fundonet-ime/0fb515fc6f090aa0395fc6a76de9cf4807343f961f22eaab5b62444efa9503f5,Carteiras selecionadas,Vixtra
45523699000102,Vixtra,07/2025,Vencidos Over 60 d (R$ MM),3.36119936,R$ MM,Visão Executiva canônica; cache IME local 0fb515fc6f090aa0395fc6a76de9cf4807343f961f22eaab5b62444efa9503f5,.cache/fundonet-ime/0fb515fc6f090aa0395fc6a76de9cf4807343f961f22eaab5b62444efa9503f5,Carteiras selecionadas,Vixtra
45523699000102,Vixtra,06/2025,Vencidos Over 60 d (R$ MM),3.3301785900000005,R$ MM,Visão Executiva canônica; cache IME local 0fb515fc6f090aa0395fc6a76de9cf4807343f961f22eaab5b62444efa9503f5,.cache/fundonet-ime/0fb515fc6f090aa0395fc6a76de9cf4807343f961f22eaab5b62444efa9503f5,Carteiras selecionadas,Vixtra
45523699000102,Vixtra,05/2025,Vencidos Over 60 d (R$ MM),3.33017859,R$ MM,Visão Executiva canônica; cache IME local 0fb515fc6f090aa0395fc6a76de9cf4807343f961f22eaab5b62444efa9503f5,.cache/fundonet-ime/0fb515fc6f090aa0395fc6a76de9cf4807343f961f22eaab5b62444efa9503f5,Carteiras selecionadas,Vixtra
45523699000102,Vixtra,04/2025,Vencidos Over 60 d (R$ MM),3.33017859,R$ MM,Visão Executiva canônica; cache IME local 0fb515fc6f090aa0395fc6a76de9cf4807343f961f22eaab5b62444efa9503f5,.cache/fundonet-ime/0fb515fc6f090aa0395fc6a76de9cf4807343f961f22eaab5b62444efa9503f5,Carteiras selecionadas,Vixtra
45523699000102,Vixtra,03/2025,Vencidos Over 60 d (R$ MM),3.60049974,R$ MM,Visão Executiva canônica; cache IME local 0fb515fc6f090aa0395fc6a76de9cf4807343f961f22eaab5b62444efa9503f5,.cache/fundonet-ime/0fb515fc6f090aa0395fc6a76de9cf4807343f961f22eaab5b62444efa9503f5,Carteiras selecionadas,Vixtra
45523699000102,Vixtra,02/2025,Vencidos Over 60 d (R$ MM),3.4436666000000002,R$ MM,Visão Executiva canônica; cache IME local 0fb515fc6f090aa0395fc6a76de9cf4807343f961f22eaab5b62444efa9503f5,.cache/fundonet-ime/0fb515fc6f090aa0395fc6a76de9cf4807343f961f22eaab5b62444efa9503f5,Carteiras selecionadas,Vixtra
45523699000102,Vixtra,01/2025,Vencidos Over 60 d (R$ MM),3.4436666000000002,R$ MM,Visão Executiva canônica; cache IME local 0fb515fc6f090aa0395fc6a76de9cf4807343f961f22eaab5b62444efa9503f5,.cache/fundonet-ime/0fb515fc6f090aa0395fc6a76de9cf4807343f961f22eaab5b62444efa9503f5,Carteiras selecionadas,Vixtra
45523699000102,Vixtra,06/2026,Vencidos Over 60 d / Crédito,0.022039100949911437,ratio,Visão Executiva canônica; cache IME local 0fb515fc6f090aa0395fc6a76de9cf4807343f961f22eaab5b62444efa9503f5,.cache/fundonet-ime/0fb515fc6f090aa0395fc6a76de9cf4807343f961f22eaab5b62444efa9503f5,Carteiras selecionadas,Vixtra
45523699000102,Vixtra,05/2026,Vencidos Over 60 d / Crédito,0.00022862900680340576,ratio,Visão Executiva canônica; cache IME local 0fb515fc6f090aa0395fc6a76de9cf4807343f961f22eaab5b62444efa9503f5,.cache/fundonet-ime/0fb515fc6f090aa0395fc6a76de9cf4807343f961f22eaab5b62444efa9503f5,Carteiras selecionadas,Vixtra
45523699000102,Vixtra,04/2026,Vencidos Over 60 d / Crédito,0.021216465292297104,ratio,Visão Executiva canônica; cache IME local 0fb515fc6f090aa0395fc6a76de9cf4807343f961f22eaab5b62444efa9503f5,.cache/fundonet-ime/0fb515fc6f090aa0395fc6a76de9cf4807343f961f22eaab5b62444efa9503f5,Carteiras selecionadas,Vixtra
45523699000102,Vixtra,03/2026,Vencidos Over 60 d / Crédito,0.0,ratio,Visão Executiva canônica; cache IME local 0fb515fc6f090aa0395fc6a76de9cf4807343f961f22eaab5b62444efa9503f5,.cache/fundonet-ime/0fb515fc6f090aa0395fc6a76de9cf4807343f961f22eaab5b62444efa9503f5,Carteiras selecionadas,Vixtra
45523699000102,Vixtra,02/2026,Vencidos Over 60 d / Crédito,0.020795783313657702,ratio,Visão Executiva canônica; cache IME local 0fb515fc6f090aa0395fc6a76de9cf4807343f961f22eaab5b62444efa9503f5,.cache/fundonet-ime/0fb515fc6f090aa0395fc6a76de9cf4807343f961f22eaab5b62444efa9503f5,Carteiras selecionadas,Vixtra
45523699000102,Vixtra,01/2026,Vencidos Over 60 d / Crédito,0.021961603026692072,ratio,Visão Executiva canônica; cache IME local 0fb515fc6f090aa0395fc6a76de9cf4807343f961f22eaab5b62444efa9503f5,.cache/fundonet-ime/0fb515fc6f090aa0395fc6a76de9cf4807343f961f22eaab5b62444efa9503f5,Carteiras selecionadas,Vixtra
45523699000102,Vixtra,12/2025,Vencidos Over 60 d / Crédito,0.024637593419511526,ratio,Visão Executiva canônica; cache IME local 0fb515fc6f090aa0395fc6a76de9cf4807343f961f22eaab5b62444efa9503f5,.cache/fundonet-ime/0fb515fc6f090aa0395fc6a76de9cf4807343f961f22eaab5b62444efa9503f5,Carteiras selecionadas,Vixtra
45523699000102,Vixtra,11/2025,Vencidos Over 60 d / Crédito,0.02518450058142715,ratio,Visão Executiva canônica; cache IME local 0fb515fc6f090aa0395fc6a76de9cf4807343f961f22eaab5b62444efa9503f5,.cache/fundonet-ime/0fb515fc6f090aa0395fc6a76de9cf4807343f961f22eaab5b62444efa9503f5,Carteiras selecionadas,Vixtra
45523699000102,Vixtra,10/2025,Vencidos Over 60 d / Crédito,0.02598943191727366,ratio,Visão Executiva canônica; cache IME local 0fb515fc6f090aa0395fc6a76de9cf4807343f961f22eaab5b62444efa9503f5,.cache/fundonet-ime/0fb515fc6f090aa0395fc6a76de9cf4807343f961f22eaab5b62444efa9503f5,Carteiras selecionadas,Vixtra
45523699000102,Vixtra,09/2025,Vencidos Over 60 d / Crédito,0.02893134760730383,ratio,Visão Executiva canônica; cache IME local 0fb515fc6f090aa0395fc6a76de9cf4807343f961f22eaab5b62444efa9503f5,.cache/fundonet-ime/0fb515fc6f090aa0395fc6a76de9cf4807343f961f22eaab5b62444efa9503f5,Carteiras selecionadas,Vixtra
45523699000102,Vixtra,08/2025,Vencidos Over 60 d / Crédito,0.0324645715357168,ratio,Visão Executiva canônica; cache IME local 0fb515fc6f090aa0395fc6a76de9cf4807343f961f22eaab5b62444efa9503f5,.cache/fundonet-ime/0fb515fc6f090aa0395fc6a76de9cf4807343f961f22eaab5b62444efa9503f5,Carteiras selecionadas,Vixtra
45523699000102,Vixtra,07/2025,Vencidos Over 60 d / Crédito,0.03222752754140583,ratio,Visão Executiva canônica; cache IME local 0fb515fc6f090aa0395fc6a76de9cf4807343f961f22eaab5b62444efa9503f5,.cache/fundonet-ime/0fb515fc6f090aa0395fc6a76de9cf4807343f961f22eaab5b62444efa9503f5,Carteiras selecionadas,Vixtra
45523699000102,Vixtra,06/2025,Vencidos Over 60 d / Crédito,0.031212694181498687,ratio,Visão Executiva canônica; cache IME local 0fb515fc6f090aa0395fc6a76de9cf4807343f961f22eaab5b62444efa9503f5,.cache/fundonet-ime/0fb515fc6f090aa0395fc6a76de9cf4807343f961f22eaab5b62444efa9503f5,Carteiras selecionadas,Vixtra
45523699000102,Vixtra,05/2025,Vencidos Over 60 d / Crédito,0.03559608891411236,ratio,Visão Executiva canônica; cache IME local 0fb515fc6f090aa0395fc6a76de9cf4807343f961f22eaab5b62444efa9503f5,.cache/fundonet-ime/0fb515fc6f090aa0395fc6a76de9cf4807343f961f22eaab5b62444efa9503f5,Carteiras selecionadas,Vixtra
45523699000102,Vixtra,04/2025,Vencidos Over 60 d / Crédito,0.0373265290849999,ratio,Visão Executiva canônica; cache IME local 0fb515fc6f090aa0395fc6a76de9cf4807343f961f22eaab5b62444efa9503f5,.cache/fundonet-ime/0fb515fc6f090aa0395fc6a76de9cf4807343f961f22eaab5b62444efa9503f5,Carteiras selecionadas,Vixtra
45523699000102,Vixtra,03/2025,Vencidos Over 60 d / Crédito,0.043094768984758336,ratio,Visão Executiva canônica; cache IME local 0fb515fc6f090aa0395fc6a76de9cf4807343f961f22eaab5b62444efa9503f5,.cache/fundonet-ime/0fb515fc6f090aa0395fc6a76de9cf4807343f961f22eaab5b62444efa9503f5,Carteiras selecionadas,Vixtra
45523699000102,Vixtra,02/2025,Vencidos Over 60 d / Crédito,0.047956203149141514,ratio,Visão Executiva canônica; cache IME local 0fb515fc6f090aa0395fc6a76de9cf4807343f961f22eaab5b62444efa9503f5,.cache/fundonet-ime/0fb515fc6f090aa0395fc6a76de9cf4807343f961f22eaab5b62444efa9503f5,Carteiras selecionadas,Vixtra
45523699000102,Vixtra,01/2025,Vencidos Over 60 d / Crédito,0.04935053655562457,ratio,Visão Executiva canônica; cache IME local 0fb515fc6f090aa0395fc6a76de9cf4807343f961f22eaab5b62444efa9503f5,.cache/fundonet-ime/0fb515fc6f090aa0395fc6a76de9cf4807343f961f22eaab5b62444efa9503f5,Carteiras selecionadas,Vixtra
45523699000102,Vixtra,06/2026,Vencidos Over 90 d (R$ MM),4.2117225199999995,R$ MM,Visão Executiva canônica; cache IME local 0fb515fc6f090aa0395fc6a76de9cf4807343f961f22eaab5b62444efa9503f5,.cache/fundonet-ime/0fb515fc6f090aa0395fc6a76de9cf4807343f961f22eaab5b62444efa9503f5,Carteiras selecionadas,Vixtra
45523699000102,Vixtra,05/2026,Vencidos Over 90 d (R$ MM),0.0,R$ MM,Visão Executiva canônica; cache IME local 0fb515fc6f090aa0395fc6a76de9cf4807343f961f22eaab5b62444efa9503f5,.cache/fundonet-ime/0fb515fc6f090aa0395fc6a76de9cf4807343f961f22eaab5b62444efa9503f5,Carteiras selecionadas,Vixtra
45523699000102,Vixtra,04/2026,Vencidos Over 90 d (R$ MM),3.89940268,R$ MM,Visão Executiva canônica; cache IME local 0fb515fc6f090aa0395fc6a76de9cf4807343f961f22eaab5b62444efa9503f5,.cache/fundonet-ime/0fb515fc6f090aa0395fc6a76de9cf4807343f961f22eaab5b62444efa9503f5,Carteiras selecionadas,Vixtra
45523699000102,Vixtra,03/2026,Vencidos Over 90 d (R$ MM),0.0,R$ MM,Visão Executiva canônica; cache IME local 0fb515fc6f090aa0395fc6a76de9cf4807343f961f22eaab5b62444efa9503f5,.cache/fundonet-ime/0fb515fc6f090aa0395fc6a76de9cf4807343f961f22eaab5b62444efa9503f5,Carteiras selecionadas,Vixtra
45523699000102,Vixtra,02/2026,Vencidos Over 90 d (R$ MM),3.86332066,R$ MM,Visão Executiva canônica; cache IME local 0fb515fc6f090aa0395fc6a76de9cf4807343f961f22eaab5b62444efa9503f5,.cache/fundonet-ime/0fb515fc6f090aa0395fc6a76de9cf4807343f961f22eaab5b62444efa9503f5,Carteiras selecionadas,Vixtra
45523699000102,Vixtra,01/2026,Vencidos Over 90 d (R$ MM),1.32802033,R$ MM,Visão Executiva canônica; cache IME local 0fb515fc6f090aa0395fc6a76de9cf4807343f961f22eaab5b62444efa9503f5,.cache/fundonet-ime/0fb515fc6f090aa0395fc6a76de9cf4807343f961f22eaab5b62444efa9503f5,Carteiras selecionadas,Vixtra
45523699000102,Vixtra,12/2025,Vencidos Over 90 d (R$ MM),3.7916605100000003,R$ MM,Visão Executiva canônica; cache IME local 0fb515fc6f090aa0395fc6a76de9cf4807343f961f22eaab5b62444efa9503f5,.cache/fundonet-ime/0fb515fc6f090aa0395fc6a76de9cf4807343f961f22eaab5b62444efa9503f5,Carteiras selecionadas,Vixtra
45523699000102,Vixtra,11/2025,Vencidos Over 90 d (R$ MM),3.75783669,R$ MM,Visão Executiva canônica; cache IME local 0fb515fc6f090aa0395fc6a76de9cf4807343f961f22eaab5b62444efa9503f5,.cache/fundonet-ime/0fb515fc6f090aa0395fc6a76de9cf4807343f961f22eaab5b62444efa9503f5,Carteiras selecionadas,Vixtra
45523699000102,Vixtra,10/2025,Vencidos Over 90 d (R$ MM),3.68598506,R$ MM,Visão Executiva canônica; cache IME local 0fb515fc6f090aa0395fc6a76de9cf4807343f961f22eaab5b62444efa9503f5,.cache/fundonet-ime/0fb515fc6f090aa0395fc6a76de9cf4807343f961f22eaab5b62444efa9503f5,Carteiras selecionadas,Vixtra
45523699000102,Vixtra,09/2025,Vencidos Over 90 d (R$ MM),3.39287477,R$ MM,Visão Executiva canônica; cache IME local 0fb515fc6f090aa0395fc6a76de9cf4807343f961f22eaab5b62444efa9503f5,.cache/fundonet-ime/0fb515fc6f090aa0395fc6a76de9cf4807343f961f22eaab5b62444efa9503f5,Carteiras selecionadas,Vixtra
45523699000102,Vixtra,08/2025,Vencidos Over 90 d (R$ MM),3.36119936,R$ MM,Visão Executiva canônica; cache IME local 0fb515fc6f090aa0395fc6a76de9cf4807343f961f22eaab5b62444efa9503f5,.cache/fundonet-ime/0fb515fc6f090aa0395fc6a76de9cf4807343f961f22eaab5b62444efa9503f5,Carteiras selecionadas,Vixtra
45523699000102,Vixtra,07/2025,Vencidos Over 90 d (R$ MM),3.33017859,R$ MM,Visão Executiva canônica; cache IME local 0fb515fc6f090aa0395fc6a76de9cf4807343f961f22eaab5b62444efa9503f5,.cache/fundonet-ime/0fb515fc6f090aa0395fc6a76de9cf4807343f961f22eaab5b62444efa9503f5,Carteiras selecionadas,Vixtra
45523699000102,Vixtra,06/2025,Vencidos Over 90 d (R$ MM),3.33017859,R$ MM,Visão Executiva canônica; cache IME local 0fb515fc6f090aa0395fc6a76de9cf4807343f961f22eaab5b62444efa9503f5,.cache/fundonet-ime/0fb515fc6f090aa0395fc6a76de9cf4807343f961f22eaab5b62444efa9503f5,Carteiras selecionadas,Vixtra
45523699000102,Vixtra,05/2025,Vencidos Over 90 d (R$ MM),3.33017859,R$ MM,Visão Executiva canônica; cache IME local 0fb515fc6f090aa0395fc6a76de9cf4807343f961f22eaab5b62444efa9503f5,.cache/fundonet-ime/0fb515fc6f090aa0395fc6a76de9cf4807343f961f22eaab5b62444efa9503f5,Carteiras selecionadas,Vixtra
45523699000102,Vixtra,04/2025,Vencidos Over 90 d (R$ MM),3.33017859,R$ MM,Visão Executiva canônica; cache IME local 0fb515fc6f090aa0395fc6a76de9cf4807343f961f22eaab5b62444efa9503f5,.cache/fundonet-ime/0fb515fc6f090aa0395fc6a76de9cf4807343f961f22eaab5b62444efa9503f5,Carteiras selecionadas,Vixtra
45523699000102,Vixtra,03/2025,Vencidos Over 90 d (R$ MM),3.1871650299999996,R$ MM,Visão Executiva canônica; cache IME local 0fb515fc6f090aa0395fc6a76de9cf4807343f961f22eaab5b62444efa9503f5,.cache/fundonet-ime/0fb515fc6f090aa0395fc6a76de9cf4807343f961f22eaab5b62444efa9503f5,Carteiras selecionadas,Vixtra
45523699000102,Vixtra,02/2025,Vencidos Over 90 d (R$ MM),3.4436666000000002,R$ MM,Visão Executiva canônica; cache IME local 0fb515fc6f090aa0395fc6a76de9cf4807343f961f22eaab5b62444efa9503f5,.cache/fundonet-ime/0fb515fc6f090aa0395fc6a76de9cf4807343f961f22eaab5b62444efa9503f5,Carteiras selecionadas,Vixtra
45523699000102,Vixtra,01/2025,Vencidos Over 90 d (R$ MM),2.3047719,R$ MM,Visão Executiva canônica; cache IME local 0fb515fc6f090aa0395fc6a76de9cf4807343f961f22eaab5b62444efa9503f5,.cache/fundonet-ime/0fb515fc6f090aa0395fc6a76de9cf4807343f961f22eaab5b62444efa9503f5,Carteiras selecionadas,Vixtra
45523699000102,Vixtra,06/2026,Vencidos Over 90 d / Crédito,0.019430127464793858,ratio,Visão Executiva canônica; cache IME local 0fb515fc6f090aa0395fc6a76de9cf4807343f961f22eaab5b62444efa9503f5,.cache/fundonet-ime/0fb515fc6f090aa0395fc6a76de9cf4807343f961f22eaab5b62444efa9503f5,Carteiras selecionadas,Vixtra
45523699000102,Vixtra,05/2026,Vencidos Over 90 d / Crédito,0.0,ratio,Visão Executiva canônica; cache IME local 0fb515fc6f090aa0395fc6a76de9cf4807343f961f22eaab5b62444efa9503f5,.cache/fundonet-ime/0fb515fc6f090aa0395fc6a76de9cf4807343f961f22eaab5b62444efa9503f5,Carteiras selecionadas,Vixtra
45523699000102,Vixtra,04/2026,Vencidos Over 90 d / Crédito,0.019303656655276488,ratio,Visão Executiva canônica; cache IME local 0fb515fc6f090aa0395fc6a76de9cf4807343f961f22eaab5b62444efa9503f5,.cache/fundonet-ime/0fb515fc6f090aa0395fc6a76de9cf4807343f961f22eaab5b62444efa9503f5,Carteiras selecionadas,Vixtra
45523699000102,Vixtra,03/2026,Vencidos Over 90 d / Crédito,0.0,ratio,Visão Executiva canônica; cache IME local 0fb515fc6f090aa0395fc6a76de9cf4807343f961f22eaab5b62444efa9503f5,.cache/fundonet-ime/0fb515fc6f090aa0395fc6a76de9cf4807343f961f22eaab5b62444efa9503f5,Carteiras selecionadas,Vixtra
45523699000102,Vixtra,02/2026,Vencidos Over 90 d / Crédito,0.0207957833136577,ratio,Visão Executiva canônica; cache IME local 0fb515fc6f090aa0395fc6a76de9cf4807343f961f22eaab5b62444efa9503f5,.cache/fundonet-ime/0fb515fc6f090aa0395fc6a76de9cf4807343f961f22eaab5b62444efa9503f5,Carteiras selecionadas,Vixtra
45523699000102,Vixtra,01/2026,Vencidos Over 90 d / Crédito,0.0075493229440697284,ratio,Visão Executiva canônica; cache IME local 0fb515fc6f090aa0395fc6a76de9cf4807343f961f22eaab5b62444efa9503f5,.cache/fundonet-ime/0fb515fc6f090aa0395fc6a76de9cf4807343f961f22eaab5b62444efa9503f5,Carteiras selecionadas,Vixtra
45523699000102,Vixtra,12/2025,Vencidos Over 90 d / Crédito,0.022642070864865065,ratio,Visão Executiva canônica; cache IME local 0fb515fc6f090aa0395fc6a76de9cf4807343f961f22eaab5b62444efa9503f5,.cache/fundonet-ime/0fb515fc6f090aa0395fc6a76de9cf4807343f961f22eaab5b62444efa9503f5,Carteiras selecionadas,Vixtra
45523699000102,Vixtra,11/2025,Vencidos Over 90 d / Crédito,0.023956997710719692,ratio,Visão Executiva canônica; cache IME local 0fb515fc6f090aa0395fc6a76de9cf4807343f961f22eaab5b62444efa9503f5,.cache/fundonet-ime/0fb515fc6f090aa0395fc6a76de9cf4807343f961f22eaab5b62444efa9503f5,Carteiras selecionadas,Vixtra
45523699000102,Vixtra,10/2025,Vencidos Over 90 d / Crédito,0.02541068077325136,ratio,Visão Executiva canônica; cache IME local 0fb515fc6f090aa0395fc6a76de9cf4807343f961f22eaab5b62444efa9503f5,.cache/fundonet-ime/0fb515fc6f090aa0395fc6a76de9cf4807343f961f22eaab5b62444efa9503f5,Carteiras selecionadas,Vixtra
45523699000102,Vixtra,09/2025,Vencidos Over 90 d / Crédito,0.026307408246884524,ratio,Visão Executiva canônica; cache IME local 0fb515fc6f090aa0395fc6a76de9cf4807343f961f22eaab5b62444efa9503f5,.cache/fundonet-ime/0fb515fc6f090aa0395fc6a76de9cf4807343f961f22eaab5b62444efa9503f5,Carteiras selecionadas,Vixtra
45523699000102,Vixtra,08/2025,Vencidos Over 90 d / Crédito,0.030158401006406453,ratio,Visão Executiva canônica; cache IME local 0fb515fc6f090aa0395fc6a76de9cf4807343f961f22eaab5b62444efa9503f5,.cache/fundonet-ime/0fb515fc6f090aa0395fc6a76de9cf4807343f961f22eaab5b62444efa9503f5,Carteiras selecionadas,Vixtra
45523699000102,Vixtra,07/2025,Vencidos Over 90 d / Crédito,0.031930097186209455,ratio,Visão Executiva canônica; cache IME local 0fb515fc6f090aa0395fc6a76de9cf4807343f961f22eaab5b62444efa9503f5,.cache/fundonet-ime/0fb515fc6f090aa0395fc6a76de9cf4807343f961f22eaab5b62444efa9503f5,Carteiras selecionadas,Vixtra
45523699000102,Vixtra,06/2025,Vencidos Over 90 d / Crédito,0.031212694181498683,ratio,Visão Executiva canônica; cache IME local 0fb515fc6f090aa0395fc6a76de9cf4807343f961f22eaab5b62444efa9503f5,.cache/fundonet-ime/0fb515fc6f090aa0395fc6a76de9cf4807343f961f22eaab5b62444efa9503f5,Carteiras selecionadas,Vixtra
45523699000102,Vixtra,05/2025,Vencidos Over 90 d / Crédito,0.03559608891411236,ratio,Visão Executiva canônica; cache IME local 0fb515fc6f090aa0395fc6a76de9cf4807343f961f22eaab5b62444efa9503f5,.cache/fundonet-ime/0fb515fc6f090aa0395fc6a76de9cf4807343f961f22eaab5b62444efa9503f5,Carteiras selecionadas,Vixtra
45523699000102,Vixtra,04/2025,Vencidos Over 90 d / Crédito,0.0373265290849999,ratio,Visão Executiva canônica; cache IME local 0fb515fc6f090aa0395fc6a76de9cf4807343f961f22eaab5b62444efa9503f5,.cache/fundonet-ime/0fb515fc6f090aa0395fc6a76de9cf4807343f961f22eaab5b62444efa9503f5,Carteiras selecionadas,Vixtra
45523699000102,Vixtra,03/2025,Vencidos Over 90 d / Crédito,0.03814752134495373,ratio,Visão Executiva canônica; cache IME local 0fb515fc6f090aa0395fc6a76de9cf4807343f961f22eaab5b62444efa9503f5,.cache/fundonet-ime/0fb515fc6f090aa0395fc6a76de9cf4807343f961f22eaab5b62444efa9503f5,Carteiras selecionadas,Vixtra
45523699000102,Vixtra,02/2025,Vencidos Over 90 d / Crédito,0.047956203149141514,ratio,Visão Executiva canônica; cache IME local 0fb515fc6f090aa0395fc6a76de9cf4807343f961f22eaab5b62444efa9503f5,.cache/fundonet-ime/0fb515fc6f090aa0395fc6a76de9cf4807343f961f22eaab5b62444efa9503f5,Carteiras selecionadas,Vixtra
45523699000102,Vixtra,01/2025,Vencidos Over 90 d / Crédito,0.03302925140991474,ratio,Visão Executiva canônica; cache IME local 0fb515fc6f090aa0395fc6a76de9cf4807343f961f22eaab5b62444efa9503f5,.cache/fundonet-ime/0fb515fc6f090aa0395fc6a76de9cf4807343f961f22eaab5b62444efa9503f5,Carteiras selecionadas,Vixtra
45523699000102,Vixtra,06/2026,Vencidos Over 180 d (R$ MM),3.8994026799999997,R$ MM,Visão Executiva canônica; cache IME local 0fb515fc6f090aa0395fc6a76de9cf4807343f961f22eaab5b62444efa9503f5,.cache/fundonet-ime/0fb515fc6f090aa0395fc6a76de9cf4807343f961f22eaab5b62444efa9503f5,Carteiras selecionadas,Vixtra
45523699000102,Vixtra,05/2026,Vencidos Over 180 d (R$ MM),0.0,R$ MM,Visão Executiva canônica; cache IME local 0fb515fc6f090aa0395fc6a76de9cf4807343f961f22eaab5b62444efa9503f5,.cache/fundonet-ime/0fb515fc6f090aa0395fc6a76de9cf4807343f961f22eaab5b62444efa9503f5,Carteiras selecionadas,Vixtra
45523699000102,Vixtra,04/2026,Vencidos Over 180 d (R$ MM),1.32802033,R$ MM,Visão Executiva canônica; cache IME local 0fb515fc6f090aa0395fc6a76de9cf4807343f961f22eaab5b62444efa9503f5,.cache/fundonet-ime/0fb515fc6f090aa0395fc6a76de9cf4807343f961f22eaab5b62444efa9503f5,Carteiras selecionadas,Vixtra
45523699000102,Vixtra,03/2026,Vencidos Over 180 d (R$ MM),0.0,R$ MM,Visão Executiva canônica; cache IME local 0fb515fc6f090aa0395fc6a76de9cf4807343f961f22eaab5b62444efa9503f5,.cache/fundonet-ime/0fb515fc6f090aa0395fc6a76de9cf4807343f961f22eaab5b62444efa9503f5,Carteiras selecionadas,Vixtra
45523699000102,Vixtra,02/2026,Vencidos Over 180 d (R$ MM),1.2596590000000003,R$ MM,Visão Executiva canônica; cache IME local 0fb515fc6f090aa0395fc6a76de9cf4807343f961f22eaab5b62444efa9503f5,.cache/fundonet-ime/0fb515fc6f090aa0395fc6a76de9cf4807343f961f22eaab5b62444efa9503f5,Carteiras selecionadas,Vixtra
45523699000102,Vixtra,01/2026,Vencidos Over 180 d (R$ MM),1.17570737,R$ MM,Visão Executiva canônica; cache IME local 0fb515fc6f090aa0395fc6a76de9cf4807343f961f22eaab5b62444efa9503f5,.cache/fundonet-ime/0fb515fc6f090aa0395fc6a76de9cf4807343f961f22eaab5b62444efa9503f5,Carteiras selecionadas,Vixtra
45523699000102,Vixtra,12/2025,Vencidos Over 180 d (R$ MM),3.49936727,R$ MM,Visão Executiva canônica; cache IME local 0fb515fc6f090aa0395fc6a76de9cf4807343f961f22eaab5b62444efa9503f5,.cache/fundonet-ime/0fb515fc6f090aa0395fc6a76de9cf4807343f961f22eaab5b62444efa9503f5,Carteiras selecionadas,Vixtra
45523699000102,Vixtra,11/2025,Vencidos Over 180 d (R$ MM),3.36119935,R$ MM,Visão Executiva canônica; cache IME local 0fb515fc6f090aa0395fc6a76de9cf4807343f961f22eaab5b62444efa9503f5,.cache/fundonet-ime/0fb515fc6f090aa0395fc6a76de9cf4807343f961f22eaab5b62444efa9503f5,Carteiras selecionadas,Vixtra
45523699000102,Vixtra,10/2025,Vencidos Over 180 d (R$ MM),3.3301785799999997,R$ MM,Visão Executiva canônica; cache IME local 0fb515fc6f090aa0395fc6a76de9cf4807343f961f22eaab5b62444efa9503f5,.cache/fundonet-ime/0fb515fc6f090aa0395fc6a76de9cf4807343f961f22eaab5b62444efa9503f5,Carteiras selecionadas,Vixtra
45523699000102,Vixtra,09/2025,Vencidos Over 180 d (R$ MM),3.33017858,R$ MM,Visão Executiva canônica; cache IME local 0fb515fc6f090aa0395fc6a76de9cf4807343f961f22eaab5b62444efa9503f5,.cache/fundonet-ime/0fb515fc6f090aa0395fc6a76de9cf4807343f961f22eaab5b62444efa9503f5,Carteiras selecionadas,Vixtra
45523699000102,Vixtra,08/2025,Vencidos Over 180 d (R$ MM),3.33017859,R$ MM,Visão Executiva canônica; cache IME local 0fb515fc6f090aa0395fc6a76de9cf4807343f961f22eaab5b62444efa9503f5,.cache/fundonet-ime/0fb515fc6f090aa0395fc6a76de9cf4807343f961f22eaab5b62444efa9503f5,Carteiras selecionadas,Vixtra
45523699000102,Vixtra,07/2025,Vencidos Over 180 d (R$ MM),3.33017859,R$ MM,Visão Executiva canônica; cache IME local 0fb515fc6f090aa0395fc6a76de9cf4807343f961f22eaab5b62444efa9503f5,.cache/fundonet-ime/0fb515fc6f090aa0395fc6a76de9cf4807343f961f22eaab5b62444efa9503f5,Carteiras selecionadas,Vixtra
45523699000102,Vixtra,06/2025,Vencidos Over 180 d (R$ MM),3.1641650300000004,R$ MM,Visão Executiva canônica; cache IME local 0fb515fc6f090aa0395fc6a76de9cf4807343f961f22eaab5b62444efa9503f5,.cache/fundonet-ime/0fb515fc6f090aa0395fc6a76de9cf4807343f961f22eaab5b62444efa9503f5,Carteiras selecionadas,Vixtra
45523699000102,Vixtra,05/2025,Vencidos Over 180 d (R$ MM),3.16416503,R$ MM,Visão Executiva canônica; cache IME local 0fb515fc6f090aa0395fc6a76de9cf4807343f961f22eaab5b62444efa9503f5,.cache/fundonet-ime/0fb515fc6f090aa0395fc6a76de9cf4807343f961f22eaab5b62444efa9503f5,Carteiras selecionadas,Vixtra
45523699000102,Vixtra,04/2025,Vencidos Over 180 d (R$ MM),2.02527033,R$ MM,Visão Executiva canônica; cache IME local 0fb515fc6f090aa0395fc6a76de9cf4807343f961f22eaab5b62444efa9503f5,.cache/fundonet-ime/0fb515fc6f090aa0395fc6a76de9cf4807343f961f22eaab5b62444efa9503f5,Carteiras selecionadas,Vixtra
45523699000102,Vixtra,03/2025,Vencidos Over 180 d (R$ MM),0.68898733,R$ MM,Visão Executiva canônica; cache IME local 0fb515fc6f090aa0395fc6a76de9cf4807343f961f22eaab5b62444efa9503f5,.cache/fundonet-ime/0fb515fc6f090aa0395fc6a76de9cf4807343f961f22eaab5b62444efa9503f5,Carteiras selecionadas,Vixtra
45523699000102,Vixtra,02/2025,Vencidos Over 180 d (R$ MM),0.9454889000000001,R$ MM,Visão Executiva canônica; cache IME local 0fb515fc6f090aa0395fc6a76de9cf4807343f961f22eaab5b62444efa9503f5,.cache/fundonet-ime/0fb515fc6f090aa0395fc6a76de9cf4807343f961f22eaab5b62444efa9503f5,Carteiras selecionadas,Vixtra
45523699000102,Vixtra,01/2025,Vencidos Over 180 d (R$ MM),0.92561535,R$ MM,Visão Executiva canônica; cache IME local 0fb515fc6f090aa0395fc6a76de9cf4807343f961f22eaab5b62444efa9503f5,.cache/fundonet-ime/0fb515fc6f090aa0395fc6a76de9cf4807343f961f22eaab5b62444efa9503f5,Carteiras selecionadas,Vixtra
45523699000102,Vixtra,06/2026,Vencidos Over 180 d / Crédito,0.01798928840852478,ratio,Visão Executiva canônica; cache IME local 0fb515fc6f090aa0395fc6a76de9cf4807343f961f22eaab5b62444efa9503f5,.cache/fundonet-ime/0fb515fc6f090aa0395fc6a76de9cf4807343f961f22eaab5b62444efa9503f5,Carteiras selecionadas,Vixtra
45523699000102,Vixtra,05/2026,Vencidos Over 180 d / Crédito,0.0,ratio,Visão Executiva canônica; cache IME local 0fb515fc6f090aa0395fc6a76de9cf4807343f961f22eaab5b62444efa9503f5,.cache/fundonet-ime/0fb515fc6f090aa0395fc6a76de9cf4807343f961f22eaab5b62444efa9503f5,Carteiras selecionadas,Vixtra
45523699000102,Vixtra,04/2026,Vencidos Over 180 d / Crédito,0.006574250105800045,ratio,Visão Executiva canônica; cache IME local 0fb515fc6f090aa0395fc6a76de9cf4807343f961f22eaab5b62444efa9503f5,.cache/fundonet-ime/0fb515fc6f090aa0395fc6a76de9cf4807343f961f22eaab5b62444efa9503f5,Carteiras selecionadas,Vixtra
45523699000102,Vixtra,03/2026,Vencidos Over 180 d / Crédito,0.0,ratio,Visão Executiva canônica; cache IME local 0fb515fc6f090aa0395fc6a76de9cf4807343f961f22eaab5b62444efa9503f5,.cache/fundonet-ime/0fb515fc6f090aa0395fc6a76de9cf4807343f961f22eaab5b62444efa9503f5,Carteiras selecionadas,Vixtra
45523699000102,Vixtra,02/2026,Vencidos Over 180 d / Crédito,0.006780590564050863,ratio,Visão Executiva canônica; cache IME local 0fb515fc6f090aa0395fc6a76de9cf4807343f961f22eaab5b62444efa9503f5,.cache/fundonet-ime/0fb515fc6f090aa0395fc6a76de9cf4807343f961f22eaab5b62444efa9503f5,Carteiras selecionadas,Vixtra
45523699000102,Vixtra,01/2026,Vencidos Over 180 d / Crédito,0.00668347797345307,ratio,Visão Executiva canônica; cache IME local 0fb515fc6f090aa0395fc6a76de9cf4807343f961f22eaab5b62444efa9503f5,.cache/fundonet-ime/0fb515fc6f090aa0395fc6a76de9cf4807343f961f22eaab5b62444efa9503f5,Carteiras selecionadas,Vixtra
45523699000102,Vixtra,12/2025,Vencidos Over 180 d / Crédito,0.020896628667192937,ratio,Visão Executiva canônica; cache IME local 0fb515fc6f090aa0395fc6a76de9cf4807343f961f22eaab5b62444efa9503f5,.cache/fundonet-ime/0fb515fc6f090aa0395fc6a76de9cf4807343f961f22eaab5b62444efa9503f5,Carteiras selecionadas,Vixtra
45523699000102,Vixtra,11/2025,Vencidos Over 180 d / Crédito,0.02142835140960384,ratio,Visão Executiva canônica; cache IME local 0fb515fc6f090aa0395fc6a76de9cf4807343f961f22eaab5b62444efa9503f5,.cache/fundonet-ime/0fb515fc6f090aa0395fc6a76de9cf4807343f961f22eaab5b62444efa9503f5,Carteiras selecionadas,Vixtra
45523699000102,Vixtra,10/2025,Vencidos Over 180 d / Crédito,0.022957799187145786,ratio,Visão Executiva canônica; cache IME local 0fb515fc6f090aa0395fc6a76de9cf4807343f961f22eaab5b62444efa9503f5,.cache/fundonet-ime/0fb515fc6f090aa0395fc6a76de9cf4807343f961f22eaab5b62444efa9503f5,Carteiras selecionadas,Vixtra
45523699000102,Vixtra,09/2025,Vencidos Over 180 d / Crédito,0.02582127940993537,ratio,Visão Executiva canônica; cache IME local 0fb515fc6f090aa0395fc6a76de9cf4807343f961f22eaab5b62444efa9503f5,.cache/fundonet-ime/0fb515fc6f090aa0395fc6a76de9cf4807343f961f22eaab5b62444efa9503f5,Carteiras selecionadas,Vixtra
45523699000102,Vixtra,08/2025,Vencidos Over 180 d / Crédito,0.02988006678073663,ratio,Visão Executiva canônica; cache IME local 0fb515fc6f090aa0395fc6a76de9cf4807343f961f22eaab5b62444efa9503f5,.cache/fundonet-ime/0fb515fc6f090aa0395fc6a76de9cf4807343f961f22eaab5b62444efa9503f5,Carteiras selecionadas,Vixtra
45523699000102,Vixtra,07/2025,Vencidos Over 180 d / Crédito,0.031930097186209455,ratio,Visão Executiva canônica; cache IME local 0fb515fc6f090aa0395fc6a76de9cf4807343f961f22eaab5b62444efa9503f5,.cache/fundonet-ime/0fb515fc6f090aa0395fc6a76de9cf4807343f961f22eaab5b62444efa9503f5,Carteiras selecionadas,Vixtra
45523699000102,Vixtra,06/2025,Vencidos Over 180 d / Crédito,0.0296567024116213,ratio,Visão Executiva canônica; cache IME local 0fb515fc6f090aa0395fc6a76de9cf4807343f961f22eaab5b62444efa9503f5,.cache/fundonet-ime/0fb515fc6f090aa0395fc6a76de9cf4807343f961f22eaab5b62444efa9503f5,Carteiras selecionadas,Vixtra
45523699000102,Vixtra,05/2025,Vencidos Over 180 d / Crédito,0.03382157944472431,ratio,Visão Executiva canônica; cache IME local 0fb515fc6f090aa0395fc6a76de9cf4807343f961f22eaab5b62444efa9503f5,.cache/fundonet-ime/0fb515fc6f090aa0395fc6a76de9cf4807343f961f22eaab5b62444efa9503f5,Carteiras selecionadas,Vixtra
45523699000102,Vixtra,04/2025,Vencidos Over 180 d / Crédito,0.02270037772290535,ratio,Visão Executiva canônica; cache IME local 0fb515fc6f090aa0395fc6a76de9cf4807343f961f22eaab5b62444efa9503f5,.cache/fundonet-ime/0fb515fc6f090aa0395fc6a76de9cf4807343f961f22eaab5b62444efa9503f5,Carteiras selecionadas,Vixtra
45523699000102,Vixtra,03/2025,Vencidos Over 180 d / Crédito,0.008246563522811267,ratio,Visão Executiva canônica; cache IME local 0fb515fc6f090aa0395fc6a76de9cf4807343f961f22eaab5b62444efa9503f5,.cache/fundonet-ime/0fb515fc6f090aa0395fc6a76de9cf4807343f961f22eaab5b62444efa9503f5,Carteiras selecionadas,Vixtra
45523699000102,Vixtra,02/2025,Vencidos Over 180 d / Crédito,0.013166796624173301,ratio,Visão Executiva canônica; cache IME local 0fb515fc6f090aa0395fc6a76de9cf4807343f961f22eaab5b62444efa9503f5,.cache/fundonet-ime/0fb515fc6f090aa0395fc6a76de9cf4807343f961f22eaab5b62444efa9503f5,Carteiras selecionadas,Vixtra
45523699000102,Vixtra,01/2025,Vencidos Over 180 d / Crédito,0.013264819006178537,ratio,Visão Executiva canônica; cache IME local 0fb515fc6f090aa0395fc6a76de9cf4807343f961f22eaab5b62444efa9503f5,.cache/fundonet-ime/0fb515fc6f090aa0395fc6a76de9cf4807343f961f22eaab5b62444efa9503f5,Carteiras selecionadas,Vixtra
45523699000102,Vixtra,06/2026,Vencidos Over 360 d (R$ MM),1.0011895800000001,R$ MM,Visão Executiva canônica; cache IME local 0fb515fc6f090aa0395fc6a76de9cf4807343f961f22eaab5b62444efa9503f5,.cache/fundonet-ime/0fb515fc6f090aa0395fc6a76de9cf4807343f961f22eaab5b62444efa9503f5,Carteiras selecionadas,Vixtra
45523699000102,Vixtra,05/2026,Vencidos Over 360 d (R$ MM),0.0,R$ MM,Visão Executiva canônica; cache IME local 0fb515fc6f090aa0395fc6a76de9cf4807343f961f22eaab5b62444efa9503f5,.cache/fundonet-ime/0fb515fc6f090aa0395fc6a76de9cf4807343f961f22eaab5b62444efa9503f5,Carteiras selecionadas,Vixtra
45523699000102,Vixtra,04/2026,Vencidos Over 360 d (R$ MM),0.83200089,R$ MM,Visão Executiva canônica; cache IME local 0fb515fc6f090aa0395fc6a76de9cf4807343f961f22eaab5b62444efa9503f5,.cache/fundonet-ime/0fb515fc6f090aa0395fc6a76de9cf4807343f961f22eaab5b62444efa9503f5,Carteiras selecionadas,Vixtra
45523699000102,Vixtra,03/2026,Vencidos Over 360 d (R$ MM),0.0,R$ MM,Visão Executiva canônica; cache IME local 0fb515fc6f090aa0395fc6a76de9cf4807343f961f22eaab5b62444efa9503f5,.cache/fundonet-ime/0fb515fc6f090aa0395fc6a76de9cf4807343f961f22eaab5b62444efa9503f5,Carteiras selecionadas,Vixtra
45523699000102,Vixtra,02/2026,Vencidos Over 360 d (R$ MM),0.83200089,R$ MM,Visão Executiva canônica; cache IME local 0fb515fc6f090aa0395fc6a76de9cf4807343f961f22eaab5b62444efa9503f5,.cache/fundonet-ime/0fb515fc6f090aa0395fc6a76de9cf4807343f961f22eaab5b62444efa9503f5,Carteiras selecionadas,Vixtra
45523699000102,Vixtra,01/2026,Vencidos Over 360 d (R$ MM),0.83200089,R$ MM,Visão Executiva canônica; cache IME local 0fb515fc6f090aa0395fc6a76de9cf4807343f961f22eaab5b62444efa9503f5,.cache/fundonet-ime/0fb515fc6f090aa0395fc6a76de9cf4807343f961f22eaab5b62444efa9503f5,Carteiras selecionadas,Vixtra
45523699000102,Vixtra,12/2025,Vencidos Over 360 d (R$ MM),3.33017858,R$ MM,Visão Executiva canônica; cache IME local 0fb515fc6f090aa0395fc6a76de9cf4807343f961f22eaab5b62444efa9503f5,.cache/fundonet-ime/0fb515fc6f090aa0395fc6a76de9cf4807343f961f22eaab5b62444efa9503f5,Carteiras selecionadas,Vixtra
45523699000102,Vixtra,11/2025,Vencidos Over 360 d (R$ MM),3.16416502,R$ MM,Visão Executiva canônica; cache IME local 0fb515fc6f090aa0395fc6a76de9cf4807343f961f22eaab5b62444efa9503f5,.cache/fundonet-ime/0fb515fc6f090aa0395fc6a76de9cf4807343f961f22eaab5b62444efa9503f5,Carteiras selecionadas,Vixtra
45523699000102,Vixtra,10/2025,Vencidos Over 360 d (R$ MM),2.02527033,R$ MM,Visão Executiva canônica; cache IME local 0fb515fc6f090aa0395fc6a76de9cf4807343f961f22eaab5b62444efa9503f5,.cache/fundonet-ime/0fb515fc6f090aa0395fc6a76de9cf4807343f961f22eaab5b62444efa9503f5,Carteiras selecionadas,Vixtra
45523699000102,Vixtra,09/2025,Vencidos Over 360 d (R$ MM),2.02527033,R$ MM,Visão Executiva canônica; cache IME local 0fb515fc6f090aa0395fc6a76de9cf4807343f961f22eaab5b62444efa9503f5,.cache/fundonet-ime/0fb515fc6f090aa0395fc6a76de9cf4807343f961f22eaab5b62444efa9503f5,Carteiras selecionadas,Vixtra
45523699000102,Vixtra,08/2025,Vencidos Over 360 d (R$ MM),0.66598733,R$ MM,Visão Executiva canônica; cache IME local 0fb515fc6f090aa0395fc6a76de9cf4807343f961f22eaab5b62444efa9503f5,.cache/fundonet-ime/0fb515fc6f090aa0395fc6a76de9cf4807343f961f22eaab5b62444efa9503f5,Carteiras selecionadas,Vixtra
45523699000102,Vixtra,07/2025,Vencidos Over 360 d (R$ MM),0.6461137800000001,R$ MM,Visão Executiva canônica; cache IME local 0fb515fc6f090aa0395fc6a76de9cf4807343f961f22eaab5b62444efa9503f5,.cache/fundonet-ime/0fb515fc6f090aa0395fc6a76de9cf4807343f961f22eaab5b62444efa9503f5,Carteiras selecionadas,Vixtra
45523699000102,Vixtra,06/2025,Vencidos Over 360 d (R$ MM),0.6461137800000001,R$ MM,Visão Executiva canônica; cache IME local 0fb515fc6f090aa0395fc6a76de9cf4807343f961f22eaab5b62444efa9503f5,.cache/fundonet-ime/0fb515fc6f090aa0395fc6a76de9cf4807343f961f22eaab5b62444efa9503f5,Carteiras selecionadas,Vixtra
45523699000102,Vixtra,05/2025,Vencidos Over 360 d (R$ MM),0.02418361,R$ MM,Visão Executiva canônica; cache IME local 0fb515fc6f090aa0395fc6a76de9cf4807343f961f22eaab5b62444efa9503f5,.cache/fundonet-ime/0fb515fc6f090aa0395fc6a76de9cf4807343f961f22eaab5b62444efa9503f5,Carteiras selecionadas,Vixtra
45523699000102,Vixtra,04/2025,Vencidos Over 360 d (R$ MM),0.02418361,R$ MM,Visão Executiva canônica; cache IME local 0fb515fc6f090aa0395fc6a76de9cf4807343f961f22eaab5b62444efa9503f5,.cache/fundonet-ime/0fb515fc6f090aa0395fc6a76de9cf4807343f961f22eaab5b62444efa9503f5,Carteiras selecionadas,Vixtra
45523699000102,Vixtra,03/2025,Vencidos Over 360 d (R$ MM),0.02418361,R$ MM,Visão Executiva canônica; cache IME local 0fb515fc6f090aa0395fc6a76de9cf4807343f961f22eaab5b62444efa9503f5,.cache/fundonet-ime/0fb515fc6f090aa0395fc6a76de9cf4807343f961f22eaab5b62444efa9503f5,Carteiras selecionadas,Vixtra
45523699000102,Vixtra,02/2025,Vencidos Over 360 d (R$ MM),0.02418361,R$ MM,Visão Executiva canônica; cache IME local 0fb515fc6f090aa0395fc6a76de9cf4807343f961f22eaab5b62444efa9503f5,.cache/fundonet-ime/0fb515fc6f090aa0395fc6a76de9cf4807343f961f22eaab5b62444efa9503f5,Carteiras selecionadas,Vixtra
45523699000102,Vixtra,01/2025,Vencidos Over 360 d (R$ MM),0.02418361,R$ MM,Visão Executiva canônica; cache IME local 0fb515fc6f090aa0395fc6a76de9cf4807343f961f22eaab5b62444efa9503f5,.cache/fundonet-ime/0fb515fc6f090aa0395fc6a76de9cf4807343f961f22eaab5b62444efa9503f5,Carteiras selecionadas,Vixtra
45523699000102,Vixtra,06/2026,Vencidos Over 360 d / Crédito,0.004618832571102864,ratio,Visão Executiva canônica; cache IME local 0fb515fc6f090aa0395fc6a76de9cf4807343f961f22eaab5b62444efa9503f5,.cache/fundonet-ime/0fb515fc6f090aa0395fc6a76de9cf4807343f961f22eaab5b62444efa9503f5,Carteiras selecionadas,Vixtra
45523699000102,Vixtra,05/2026,Vencidos Over 360 d / Crédito,0.0,ratio,Visão Executiva canônica; cache IME local 0fb515fc6f090aa0395fc6a76de9cf4807343f961f22eaab5b62444efa9503f5,.cache/fundonet-ime/0fb515fc6f090aa0395fc6a76de9cf4807343f961f22eaab5b62444efa9503f5,Carteiras selecionadas,Vixtra
45523699000102,Vixtra,04/2026,Vencidos Over 360 d / Crédito,0.004118748648304376,ratio,Visão Executiva canônica; cache IME local 0fb515fc6f090aa0395fc6a76de9cf4807343f961f22eaab5b62444efa9503f5,.cache/fundonet-ime/0fb515fc6f090aa0395fc6a76de9cf4807343f961f22eaab5b62444efa9503f5,Carteiras selecionadas,Vixtra
45523699000102,Vixtra,03/2026,Vencidos Over 360 d / Crédito,0.0,ratio,Visão Executiva canônica; cache IME local 0fb515fc6f090aa0395fc6a76de9cf4807343f961f22eaab5b62444efa9503f5,.cache/fundonet-ime/0fb515fc6f090aa0395fc6a76de9cf4807343f961f22eaab5b62444efa9503f5,Carteiras selecionadas,Vixtra
45523699000102,Vixtra,02/2026,Vencidos Over 360 d / Crédito,0.004478559184680869,ratio,Visão Executiva canônica; cache IME local 0fb515fc6f090aa0395fc6a76de9cf4807343f961f22eaab5b62444efa9503f5,.cache/fundonet-ime/0fb515fc6f090aa0395fc6a76de9cf4807343f961f22eaab5b62444efa9503f5,Carteiras selecionadas,Vixtra
45523699000102,Vixtra,01/2026,Vencidos Over 360 d / Crédito,0.004729628957083386,ratio,Visão Executiva canônica; cache IME local 0fb515fc6f090aa0395fc6a76de9cf4807343f961f22eaab5b62444efa9503f5,.cache/fundonet-ime/0fb515fc6f090aa0395fc6a76de9cf4807343f961f22eaab5b62444efa9503f5,Carteiras selecionadas,Vixtra
45523699000102,Vixtra,12/2025,Vencidos Over 360 d / Crédito,0.01988631081346882,ratio,Visão Executiva canônica; cache IME local 0fb515fc6f090aa0395fc6a76de9cf4807343f961f22eaab5b62444efa9503f5,.cache/fundonet-ime/0fb515fc6f090aa0395fc6a76de9cf4807343f961f22eaab5b62444efa9503f5,Carteiras selecionadas,Vixtra
45523699000102,Vixtra,11/2025,Vencidos Over 360 d / Crédito,0.020172216196143247,ratio,Visão Executiva canônica; cache IME local 0fb515fc6f090aa0395fc6a76de9cf4807343f961f22eaab5b62444efa9503f5,.cache/fundonet-ime/0fb515fc6f090aa0395fc6a76de9cf4807343f961f22eaab5b62444efa9503f5,Carteiras selecionadas,Vixtra
45523699000102,Vixtra,10/2025,Vencidos Over 360 d / Crédito,0.013961938802640572,ratio,Visão Executiva canônica; cache IME local 0fb515fc6f090aa0395fc6a76de9cf4807343f961f22eaab5b62444efa9503f5,.cache/fundonet-ime/0fb515fc6f090aa0395fc6a76de9cf4807343f961f22eaab5b62444efa9503f5,Carteiras selecionadas,Vixtra
45523699000102,Vixtra,09/2025,Vencidos Over 360 d / Crédito,0.01570338341182352,ratio,Visão Executiva canônica; cache IME local 0fb515fc6f090aa0395fc6a76de9cf4807343f961f22eaab5b62444efa9503f5,.cache/fundonet-ime/0fb515fc6f090aa0395fc6a76de9cf4807343f961f22eaab5b62444efa9503f5,Carteiras selecionadas,Vixtra
45523699000102,Vixtra,08/2025,Vencidos Over 360 d / Crédito,0.0059755791942451,ratio,Visão Executiva canônica; cache IME local 0fb515fc6f090aa0395fc6a76de9cf4807343f961f22eaab5b62444efa9503f5,.cache/fundonet-ime/0fb515fc6f090aa0395fc6a76de9cf4807343f961f22eaab5b62444efa9503f5,Carteiras selecionadas,Vixtra
45523699000102,Vixtra,07/2025,Vencidos Over 360 d / Crédito,0.0061950058326298825,ratio,Visão Executiva canônica; cache IME local 0fb515fc6f090aa0395fc6a76de9cf4807343f961f22eaab5b62444efa9503f5,.cache/fundonet-ime/0fb515fc6f090aa0395fc6a76de9cf4807343f961f22eaab5b62444efa9503f5,Carteiras selecionadas,Vixtra
45523699000102,Vixtra,06/2025,Vencidos Over 360 d / Crédito,0.006055816910885888,ratio,Visão Executiva canônica; cache IME local 0fb515fc6f090aa0395fc6a76de9cf4807343f961f22eaab5b62444efa9503f5,.cache/fundonet-ime/0fb515fc6f090aa0395fc6a76de9cf4807343f961f22eaab5b62444efa9503f5,Carteiras selecionadas,Vixtra
45523699000102,Vixtra,05/2025,Vencidos Over 360 d / Crédito,0.0002584972272685883,ratio,Visão Executiva canônica; cache IME local 0fb515fc6f090aa0395fc6a76de9cf4807343f961f22eaab5b62444efa9503f5,.cache/fundonet-ime/0fb515fc6f090aa0395fc6a76de9cf4807343f961f22eaab5b62444efa9503f5,Carteiras selecionadas,Vixtra
45523699000102,Vixtra,04/2025,Vencidos Over 360 d / Crédito,0.00027106360744613836,ratio,Visão Executiva canônica; cache IME local 0fb515fc6f090aa0395fc6a76de9cf4807343f961f22eaab5b62444efa9503f5,.cache/fundonet-ime/0fb515fc6f090aa0395fc6a76de9cf4807343f961f22eaab5b62444efa9503f5,Carteiras selecionadas,Vixtra
45523699000102,Vixtra,03/2025,Vencidos Over 360 d / Crédito,0.0002894562314751039,ratio,Visão Executiva canônica; cache IME local 0fb515fc6f090aa0395fc6a76de9cf4807343f961f22eaab5b62444efa9503f5,.cache/fundonet-ime/0fb515fc6f090aa0395fc6a76de9cf4807343f961f22eaab5b62444efa9503f5,Carteiras selecionadas,Vixtra
45523699000102,Vixtra,02/2025,Vencidos Over 360 d / Crédito,0.00033677886065962666,ratio,Visão Executiva canônica; cache IME local 0fb515fc6f090aa0395fc6a76de9cf4807343f961f22eaab5b62444efa9503f5,.cache/fundonet-ime/0fb515fc6f090aa0395fc6a76de9cf4807343f961f22eaab5b62444efa9503f5,Carteiras selecionadas,Vixtra
45523699000102,Vixtra,01/2025,Vencidos Over 360 d / Crédito,0.00034657075378666675,ratio,Visão Executiva canônica; cache IME local 0fb515fc6f090aa0395fc6a76de9cf4807343f961f22eaab5b62444efa9503f5,.cache/fundonet-ime/0fb515fc6f090aa0395fc6a76de9cf4807343f961f22eaab5b62444efa9503f5,Carteiras selecionadas,Vixtra
45523699000102,Vixtra,06/2026,PDD (R$ MM),8.55638149,R$ MM,Visão Executiva canônica; cache IME local 0fb515fc6f090aa0395fc6a76de9cf4807343f961f22eaab5b62444efa9503f5,.cache/fundonet-ime/0fb515fc6f090aa0395fc6a76de9cf4807343f961f22eaab5b62444efa9503f5,Carteiras selecionadas,Vixtra
45523699000102,Vixtra,05/2026,PDD (R$ MM),6.41455304,R$ MM,Visão Executiva canônica; cache IME local 0fb515fc6f090aa0395fc6a76de9cf4807343f961f22eaab5b62444efa9503f5,.cache/fundonet-ime/0fb515fc6f090aa0395fc6a76de9cf4807343f961f22eaab5b62444efa9503f5,Carteiras selecionadas,Vixtra
45523699000102,Vixtra,04/2026,PDD (R$ MM),5.09457081,R$ MM,Visão Executiva canônica; cache IME local 0fb515fc6f090aa0395fc6a76de9cf4807343f961f22eaab5b62444efa9503f5,.cache/fundonet-ime/0fb515fc6f090aa0395fc6a76de9cf4807343f961f22eaab5b62444efa9503f5,Carteiras selecionadas,Vixtra
45523699000102,Vixtra,03/2026,PDD (R$ MM),4.8023658,R$ MM,Visão Executiva canônica; cache IME local 0fb515fc6f090aa0395fc6a76de9cf4807343f961f22eaab5b62444efa9503f5,.cache/fundonet-ime/0fb515fc6f090aa0395fc6a76de9cf4807343f961f22eaab5b62444efa9503f5,Carteiras selecionadas,Vixtra
45523699000102,Vixtra,02/2026,PDD (R$ MM),2.20640375,R$ MM,Visão Executiva canônica; cache IME local 0fb515fc6f090aa0395fc6a76de9cf4807343f961f22eaab5b62444efa9503f5,.cache/fundonet-ime/0fb515fc6f090aa0395fc6a76de9cf4807343f961f22eaab5b62444efa9503f5,Carteiras selecionadas,Vixtra
45523699000102,Vixtra,01/2026,PDD (R$ MM),2.20640347,R$ MM,Visão Executiva canônica; cache IME local 0fb515fc6f090aa0395fc6a76de9cf4807343f961f22eaab5b62444efa9503f5,.cache/fundonet-ime/0fb515fc6f090aa0395fc6a76de9cf4807343f961f22eaab5b62444efa9503f5,Carteiras selecionadas,Vixtra
45523699000102,Vixtra,12/2025,PDD (R$ MM),3.99430352,R$ MM,Visão Executiva canônica; cache IME local 0fb515fc6f090aa0395fc6a76de9cf4807343f961f22eaab5b62444efa9503f5,.cache/fundonet-ime/0fb515fc6f090aa0395fc6a76de9cf4807343f961f22eaab5b62444efa9503f5,Carteiras selecionadas,Vixtra
45523699000102,Vixtra,11/2025,PDD (R$ MM),4.06721947,R$ MM,Visão Executiva canônica; cache IME local 0fb515fc6f090aa0395fc6a76de9cf4807343f961f22eaab5b62444efa9503f5,.cache/fundonet-ime/0fb515fc6f090aa0395fc6a76de9cf4807343f961f22eaab5b62444efa9503f5,Carteiras selecionadas,Vixtra
45523699000102,Vixtra,10/2025,PDD (R$ MM),3.8002192900000002,R$ MM,Visão Executiva canônica; cache IME local 0fb515fc6f090aa0395fc6a76de9cf4807343f961f22eaab5b62444efa9503f5,.cache/fundonet-ime/0fb515fc6f090aa0395fc6a76de9cf4807343f961f22eaab5b62444efa9503f5,Carteiras selecionadas,Vixtra
45523699000102,Vixtra,09/2025,PDD (R$ MM),3.70887871,R$ MM,Visão Executiva canônica; cache IME local 0fb515fc6f090aa0395fc6a76de9cf4807343f961f22eaab5b62444efa9503f5,.cache/fundonet-ime/0fb515fc6f090aa0395fc6a76de9cf4807343f961f22eaab5b62444efa9503f5,Carteiras selecionadas,Vixtra
45523699000102,Vixtra,08/2025,PDD (R$ MM),3.67216875,R$ MM,Visão Executiva canônica; cache IME local 0fb515fc6f090aa0395fc6a76de9cf4807343f961f22eaab5b62444efa9503f5,.cache/fundonet-ime/0fb515fc6f090aa0395fc6a76de9cf4807343f961f22eaab5b62444efa9503f5,Carteiras selecionadas,Vixtra
45523699000102,Vixtra,07/2025,PDD (R$ MM),3.5210404700000004,R$ MM,Visão Executiva canônica; cache IME local 0fb515fc6f090aa0395fc6a76de9cf4807343f961f22eaab5b62444efa9503f5,.cache/fundonet-ime/0fb515fc6f090aa0395fc6a76de9cf4807343f961f22eaab5b62444efa9503f5,Carteiras selecionadas,Vixtra
45523699000102,Vixtra,06/2025,PDD (R$ MM),3.1931942400000004,R$ MM,Visão Executiva canônica; cache IME local 0fb515fc6f090aa0395fc6a76de9cf4807343f961f22eaab5b62444efa9503f5,.cache/fundonet-ime/0fb515fc6f090aa0395fc6a76de9cf4807343f961f22eaab5b62444efa9503f5,Carteiras selecionadas,Vixtra
45523699000102,Vixtra,05/2025,PDD (R$ MM),3.1931942400000004,R$ MM,Visão Executiva canônica; cache IME local 0fb515fc6f090aa0395fc6a76de9cf4807343f961f22eaab5b62444efa9503f5,.cache/fundonet-ime/0fb515fc6f090aa0395fc6a76de9cf4807343f961f22eaab5b62444efa9503f5,Carteiras selecionadas,Vixtra
45523699000102,Vixtra,04/2025,PDD (R$ MM),3.1931942400000004,R$ MM,Visão Executiva canônica; cache IME local 0fb515fc6f090aa0395fc6a76de9cf4807343f961f22eaab5b62444efa9503f5,.cache/fundonet-ime/0fb515fc6f090aa0395fc6a76de9cf4807343f961f22eaab5b62444efa9503f5,Carteiras selecionadas,Vixtra
45523699000102,Vixtra,03/2025,PDD (R$ MM),3.25135402,R$ MM,Visão Executiva canônica; cache IME local 0fb515fc6f090aa0395fc6a76de9cf4807343f961f22eaab5b62444efa9503f5,.cache/fundonet-ime/0fb515fc6f090aa0395fc6a76de9cf4807343f961f22eaab5b62444efa9503f5,Carteiras selecionadas,Vixtra
45523699000102,Vixtra,02/2025,PDD (R$ MM),3.48920733,R$ MM,Visão Executiva canônica; cache IME local 0fb515fc6f090aa0395fc6a76de9cf4807343f961f22eaab5b62444efa9503f5,.cache/fundonet-ime/0fb515fc6f090aa0395fc6a76de9cf4807343f961f22eaab5b62444efa9503f5,Carteiras selecionadas,Vixtra
45523699000102,Vixtra,01/2025,PDD (R$ MM),2.78214927,R$ MM,Visão Executiva canônica; cache IME local 0fb515fc6f090aa0395fc6a76de9cf4807343f961f22eaab5b62444efa9503f5,.cache/fundonet-ime/0fb515fc6f090aa0395fc6a76de9cf4807343f961f22eaab5b62444efa9503f5,Carteiras selecionadas,Vixtra
45523699000102,Vixtra,06/2026,PDD / Crédito,0.03947353658714031,ratio,Visão Executiva canônica; cache IME local 0fb515fc6f090aa0395fc6a76de9cf4807343f961f22eaab5b62444efa9503f5,.cache/fundonet-ime/0fb515fc6f090aa0395fc6a76de9cf4807343f961f22eaab5b62444efa9503f5,Carteiras selecionadas,Vixtra
45523699000102,Vixtra,05/2026,PDD / Crédito,0.029056491402599617,ratio,Visão Executiva canônica; cache IME local 0fb515fc6f090aa0395fc6a76de9cf4807343f961f22eaab5b62444efa9503f5,.cache/fundonet-ime/0fb515fc6f090aa0395fc6a76de9cf4807343f961f22eaab5b62444efa9503f5,Carteiras selecionadas,Vixtra
45523699000102,Vixtra,04/2026,PDD / Crédito,0.025220233403089782,ratio,Visão Executiva canônica; cache IME local 0fb515fc6f090aa0395fc6a76de9cf4807343f961f22eaab5b62444efa9503f5,.cache/fundonet-ime/0fb515fc6f090aa0395fc6a76de9cf4807343f961f22eaab5b62444efa9503f5,Carteiras selecionadas,Vixtra
45523699000102,Vixtra,03/2026,PDD / Crédito,0.02569429560530893,ratio,Visão Executiva canônica; cache IME local 0fb515fc6f090aa0395fc6a76de9cf4807343f961f22eaab5b62444efa9503f5,.cache/fundonet-ime/0fb515fc6f090aa0395fc6a76de9cf4807343f961f22eaab5b62444efa9503f5,Carteiras selecionadas,Vixtra
45523699000102,Vixtra,02/2026,PDD / Crédito,0.01187680193428256,ratio,Visão Executiva canônica; cache IME local 0fb515fc6f090aa0395fc6a76de9cf4807343f961f22eaab5b62444efa9503f5,.cache/fundonet-ime/0fb515fc6f090aa0395fc6a76de9cf4807343f961f22eaab5b62444efa9503f5,Carteiras selecionadas,Vixtra
45523699000102,Vixtra,01/2026,PDD / Crédito,0.012542618485325495,ratio,Visão Executiva canônica; cache IME local 0fb515fc6f090aa0395fc6a76de9cf4807343f961f22eaab5b62444efa9503f5,.cache/fundonet-ime/0fb515fc6f090aa0395fc6a76de9cf4807343f961f22eaab5b62444efa9503f5,Carteiras selecionadas,Vixtra
45523699000102,Vixtra,12/2025,PDD / Crédito,0.02385216269154328,ratio,Visão Executiva canônica; cache IME local 0fb515fc6f090aa0395fc6a76de9cf4807343f961f22eaab5b62444efa9503f5,.cache/fundonet-ime/0fb515fc6f090aa0395fc6a76de9cf4807343f961f22eaab5b62444efa9503f5,Carteiras selecionadas,Vixtra
45523699000102,Vixtra,11/2025,PDD / Crédito,0.025929377876127067,ratio,Visão Executiva canônica; cache IME local 0fb515fc6f090aa0395fc6a76de9cf4807343f961f22eaab5b62444efa9503f5,.cache/fundonet-ime/0fb515fc6f090aa0395fc6a76de9cf4807343f961f22eaab5b62444efa9503f5,Carteiras selecionadas,Vixtra
45523699000102,Vixtra,10/2025,PDD / Crédito,0.026198196051978012,ratio,Visão Executiva canônica; cache IME local 0fb515fc6f090aa0395fc6a76de9cf4807343f961f22eaab5b62444efa9503f5,.cache/fundonet-ime/0fb515fc6f090aa0395fc6a76de9cf4807343f961f22eaab5b62444efa9503f5,Carteiras selecionadas,Vixtra
45523699000102,Vixtra,09/2025,PDD / Crédito,0.02875761499507052,ratio,Visão Executiva canônica; cache IME local 0fb515fc6f090aa0395fc6a76de9cf4807343f961f22eaab5b62444efa9503f5,.cache/fundonet-ime/0fb515fc6f090aa0395fc6a76de9cf4807343f961f22eaab5b62444efa9503f5,Carteiras selecionadas,Vixtra
45523699000102,Vixtra,08/2025,PDD / Crédito,0.032948577535637256,ratio,Visão Executiva canônica; cache IME local 0fb515fc6f090aa0395fc6a76de9cf4807343f961f22eaab5b62444efa9503f5,.cache/fundonet-ime/0fb515fc6f090aa0395fc6a76de9cf4807343f961f22eaab5b62444efa9503f5,Carteiras selecionadas,Vixtra
45523699000102,Vixtra,07/2025,PDD / Crédito,0.033760100656846946,ratio,Visão Executiva canônica; cache IME local 0fb515fc6f090aa0395fc6a76de9cf4807343f961f22eaab5b62444efa9503f5,.cache/fundonet-ime/0fb515fc6f090aa0395fc6a76de9cf4807343f961f22eaab5b62444efa9503f5,Carteiras selecionadas,Vixtra
45523699000102,Vixtra,06/2025,PDD / Crédito,0.029928783871991417,ratio,Visão Executiva canônica; cache IME local 0fb515fc6f090aa0395fc6a76de9cf4807343f961f22eaab5b62444efa9503f5,.cache/fundonet-ime/0fb515fc6f090aa0395fc6a76de9cf4807343f961f22eaab5b62444efa9503f5,Carteiras selecionadas,Vixtra
45523699000102,Vixtra,05/2025,PDD / Crédito,0.03413187101388201,ratio,Visão Executiva canônica; cache IME local 0fb515fc6f090aa0395fc6a76de9cf4807343f961f22eaab5b62444efa9503f5,.cache/fundonet-ime/0fb515fc6f090aa0395fc6a76de9cf4807343f961f22eaab5b62444efa9503f5,Carteiras selecionadas,Vixtra
45523699000102,Vixtra,04/2025,PDD / Crédito,0.03579113085145808,ratio,Visão Executiva canônica; cache IME local 0fb515fc6f090aa0395fc6a76de9cf4807343f961f22eaab5b62444efa9503f5,.cache/fundonet-ime/0fb515fc6f090aa0395fc6a76de9cf4807343f961f22eaab5b62444efa9503f5,Carteiras selecionadas,Vixtra
45523699000102,Vixtra,03/2025,PDD / Crédito,0.03891580627626023,ratio,Visão Executiva canônica; cache IME local 0fb515fc6f090aa0395fc6a76de9cf4807343f961f22eaab5b62444efa9503f5,.cache/fundonet-ime/0fb515fc6f090aa0395fc6a76de9cf4807343f961f22eaab5b62444efa9503f5,Carteiras selecionadas,Vixtra
45523699000102,Vixtra,02/2025,PDD / Crédito,0.048590399415249334,ratio,Visão Executiva canônica; cache IME local 0fb515fc6f090aa0395fc6a76de9cf4807343f961f22eaab5b62444efa9503f5,.cache/fundonet-ime/0fb515fc6f090aa0395fc6a76de9cf4807343f961f22eaab5b62444efa9503f5,Carteiras selecionadas,Vixtra
45523699000102,Vixtra,01/2025,PDD / Crédito,0.0398704564641476,ratio,Visão Executiva canônica; cache IME local 0fb515fc6f090aa0395fc6a76de9cf4807343f961f22eaab5b62444efa9503f5,.cache/fundonet-ime/0fb515fc6f090aa0395fc6a76de9cf4807343f961f22eaab5b62444efa9503f5,Carteiras selecionadas,Vixtra
45523699000102,Vixtra,06/2026,PDD / Venc > 90 d,2.031563439749113,ratio,Visão Executiva canônica; cache IME local 0fb515fc6f090aa0395fc6a76de9cf4807343f961f22eaab5b62444efa9503f5,.cache/fundonet-ime/0fb515fc6f090aa0395fc6a76de9cf4807343f961f22eaab5b62444efa9503f5,Carteiras selecionadas,Vixtra
45523699000102,Vixtra,04/2026,PDD / Venc > 90 d,1.3065003099397776,ratio,Visão Executiva canônica; cache IME local 0fb515fc6f090aa0395fc6a76de9cf4807343f961f22eaab5b62444efa9503f5,.cache/fundonet-ime/0fb515fc6f090aa0395fc6a76de9cf4807343f961f22eaab5b62444efa9503f5,Carteiras selecionadas,Vixtra
45523699000102,Vixtra,02/2026,PDD / Venc > 90 d,0.5711158726337773,ratio,Visão Executiva canônica; cache IME local 0fb515fc6f090aa0395fc6a76de9cf4807343f961f22eaab5b62444efa9503f5,.cache/fundonet-ime/0fb515fc6f090aa0395fc6a76de9cf4807343f961f22eaab5b62444efa9503f5,Carteiras selecionadas,Vixtra
45523699000102,Vixtra,01/2026,PDD / Venc > 90 d,1.6614229618005925,ratio,Visão Executiva canônica; cache IME local 0fb515fc6f090aa0395fc6a76de9cf4807343f961f22eaab5b62444efa9503f5,.cache/fundonet-ime/0fb515fc6f090aa0395fc6a76de9cf4807343f961f22eaab5b62444efa9503f5,Carteiras selecionadas,Vixtra
45523699000102,Vixtra,12/2025,PDD / Venc > 90 d,1.053444397109276,ratio,Visão Executiva canônica; cache IME local 0fb515fc6f090aa0395fc6a76de9cf4807343f961f22eaab5b62444efa9503f5,.cache/fundonet-ime/0fb515fc6f090aa0395fc6a76de9cf4807343f961f22eaab5b62444efa9503f5,Carteiras selecionadas,Vixtra
45523699000102,Vixtra,11/2025,PDD / Venc > 90 d,1.0823300227025034,ratio,Visão Executiva canônica; cache IME local 0fb515fc6f090aa0395fc6a76de9cf4807343f961f22eaab5b62444efa9503f5,.cache/fundonet-ime/0fb515fc6f090aa0395fc6a76de9cf4807343f961f22eaab5b62444efa9503f5,Carteiras selecionadas,Vixtra
45523699000102,Vixtra,10/2025,PDD / Venc > 90 d,1.030991506514679,ratio,Visão Executiva canônica; cache IME local 0fb515fc6f090aa0395fc6a76de9cf4807343f961f22eaab5b62444efa9503f5,.cache/fundonet-ime/0fb515fc6f090aa0395fc6a76de9cf4807343f961f22eaab5b62444efa9503f5,Carteiras selecionadas,Vixtra
45523699000102,Vixtra,09/2025,PDD / Venc > 90 d,1.0931375194846935,ratio,Visão Executiva canônica; cache IME local 0fb515fc6f090aa0395fc6a76de9cf4807343f961f22eaab5b62444efa9503f5,.cache/fundonet-ime/0fb515fc6f090aa0395fc6a76de9cf4807343f961f22eaab5b62444efa9503f5,Carteiras selecionadas,Vixtra
45523699000102,Vixtra,08/2025,PDD / Venc > 90 d,1.0925173893880546,ratio,Visão Executiva canônica; cache IME local 0fb515fc6f090aa0395fc6a76de9cf4807343f961f22eaab5b62444efa9503f5,.cache/fundonet-ime/0fb515fc6f090aa0395fc6a76de9cf4807343f961f22eaab5b62444efa9503f5,Carteiras selecionadas,Vixtra
45523699000102,Vixtra,07/2025,PDD / Venc > 90 d,1.0573128061579424,ratio,Visão Executiva canônica; cache IME local 0fb515fc6f090aa0395fc6a76de9cf4807343f961f22eaab5b62444efa9503f5,.cache/fundonet-ime/0fb515fc6f090aa0395fc6a76de9cf4807343f961f22eaab5b62444efa9503f5,Carteiras selecionadas,Vixtra
45523699000102,Vixtra,06/2025,PDD / Venc > 90 d,0.958865764613543,ratio,Visão Executiva canônica; cache IME local 0fb515fc6f090aa0395fc6a76de9cf4807343f961f22eaab5b62444efa9503f5,.cache/fundonet-ime/0fb515fc6f090aa0395fc6a76de9cf4807343f961f22eaab5b62444efa9503f5,Carteiras selecionadas,Vixtra
45523699000102,Vixtra,05/2025,PDD / Venc > 90 d,0.958865764613543,ratio,Visão Executiva canônica; cache IME local 0fb515fc6f090aa0395fc6a76de9cf4807343f961f22eaab5b62444efa9503f5,.cache/fundonet-ime/0fb515fc6f090aa0395fc6a76de9cf4807343f961f22eaab5b62444efa9503f5,Carteiras selecionadas,Vixtra
45523699000102,Vixtra,04/2025,PDD / Venc > 90 d,0.958865764613543,ratio,Visão Executiva canônica; cache IME local 0fb515fc6f090aa0395fc6a76de9cf4807343f961f22eaab5b62444efa9503f5,.cache/fundonet-ime/0fb515fc6f090aa0395fc6a76de9cf4807343f961f22eaab5b62444efa9503f5,Carteiras selecionadas,Vixtra
45523699000102,Vixtra,03/2025,PDD / Venc > 90 d,1.02013983882096,ratio,Visão Executiva canônica; cache IME local 0fb515fc6f090aa0395fc6a76de9cf4807343f961f22eaab5b62444efa9503f5,.cache/fundonet-ime/0fb515fc6f090aa0395fc6a76de9cf4807343f961f22eaab5b62444efa9503f5,Carteiras selecionadas,Vixtra
45523699000102,Vixtra,02/2025,PDD / Venc > 90 d,1.0132244886888875,ratio,Visão Executiva canônica; cache IME local 0fb515fc6f090aa0395fc6a76de9cf4807343f961f22eaab5b62444efa9503f5,.cache/fundonet-ime/0fb515fc6f090aa0395fc6a76de9cf4807343f961f22eaab5b62444efa9503f5,Carteiras selecionadas,Vixtra
45523699000102,Vixtra,01/2025,PDD / Venc > 90 d,1.2071256465769997,ratio,Visão Executiva canônica; cache IME local 0fb515fc6f090aa0395fc6a76de9cf4807343f961f22eaab5b62444efa9503f5,.cache/fundonet-ime/0fb515fc6f090aa0395fc6a76de9cf4807343f961f22eaab5b62444efa9503f5,Carteiras selecionadas,Vixtra
45523699000102,Vixtra,06/2026,PDD / Venc Total,0.65724005206375,ratio,Visão Executiva canônica; cache IME local 0fb515fc6f090aa0395fc6a76de9cf4807343f961f22eaab5b62444efa9503f5,.cache/fundonet-ime/0fb515fc6f090aa0395fc6a76de9cf4807343f961f22eaab5b62444efa9503f5,Carteiras selecionadas,Vixtra
45523699000102,Vixtra,05/2026,PDD / Venc Total,2.621587606594783,ratio,Visão Executiva canônica; cache IME local 0fb515fc6f090aa0395fc6a76de9cf4807343f961f22eaab5b62444efa9503f5,.cache/fundonet-ime/0fb515fc6f090aa0395fc6a76de9cf4807343f961f22eaab5b62444efa9503f5,Carteiras selecionadas,Vixtra
45523699000102,Vixtra,04/2026,PDD / Venc Total,0.8168404146015557,ratio,Visão Executiva canônica; cache IME local 0fb515fc6f090aa0395fc6a76de9cf4807343f961f22eaab5b62444efa9503f5,.cache/fundonet-ime/0fb515fc6f090aa0395fc6a76de9cf4807343f961f22eaab5b62444efa9503f5,Carteiras selecionadas,Vixtra
45523699000102,Vixtra,03/2026,PDD / Venc Total,8.331394578240097,ratio,Visão Executiva canônica; cache IME local 0fb515fc6f090aa0395fc6a76de9cf4807343f961f22eaab5b62444efa9503f5,.cache/fundonet-ime/0fb515fc6f090aa0395fc6a76de9cf4807343f961f22eaab5b62444efa9503f5,Carteiras selecionadas,Vixtra
45523699000102,Vixtra,02/2026,PDD / Venc Total,0.2723154851188264,ratio,Visão Executiva canônica; cache IME local 0fb515fc6f090aa0395fc6a76de9cf4807343f961f22eaab5b62444efa9503f5,.cache/fundonet-ime/0fb515fc6f090aa0395fc6a76de9cf4807343f961f22eaab5b62444efa9503f5,Carteiras selecionadas,Vixtra
45523699000102,Vixtra,01/2026,PDD / Venc Total,0.39182047315650226,ratio,Visão Executiva canônica; cache IME local 0fb515fc6f090aa0395fc6a76de9cf4807343f961f22eaab5b62444efa9503f5,.cache/fundonet-ime/0fb515fc6f090aa0395fc6a76de9cf4807343f961f22eaab5b62444efa9503f5,Carteiras selecionadas,Vixtra
45523699000102,Vixtra,12/2025,PDD / Venc Total,0.5670609423078884,ratio,Visão Executiva canônica; cache IME local 0fb515fc6f090aa0395fc6a76de9cf4807343f961f22eaab5b62444efa9503f5,.cache/fundonet-ime/0fb515fc6f090aa0395fc6a76de9cf4807343f961f22eaab5b62444efa9503f5,Carteiras selecionadas,Vixtra
45523699000102,Vixtra,11/2025,PDD / Venc Total,0.48930602511738774,ratio,Visão Executiva canônica; cache IME local 0fb515fc6f090aa0395fc6a76de9cf4807343f961f22eaab5b62444efa9503f5,.cache/fundonet-ime/0fb515fc6f090aa0395fc6a76de9cf4807343f961f22eaab5b62444efa9503f5,Carteiras selecionadas,Vixtra
45523699000102,Vixtra,10/2025,PDD / Venc Total,0.7305106324329386,ratio,Visão Executiva canônica; cache IME local 0fb515fc6f090aa0395fc6a76de9cf4807343f961f22eaab5b62444efa9503f5,.cache/fundonet-ime/0fb515fc6f090aa0395fc6a76de9cf4807343f961f22eaab5b62444efa9503f5,Carteiras selecionadas,Vixtra
45523699000102,Vixtra,09/2025,PDD / Venc Total,0.8243392956187544,ratio,Visão Executiva canônica; cache IME local 0fb515fc6f090aa0395fc6a76de9cf4807343f961f22eaab5b62444efa9503f5,.cache/fundonet-ime/0fb515fc6f090aa0395fc6a76de9cf4807343f961f22eaab5b62444efa9503f5,Carteiras selecionadas,Vixtra
45523699000102,Vixtra,08/2025,PDD / Venc Total,0.819476387132134,ratio,Visão Executiva canônica; cache IME local 0fb515fc6f090aa0395fc6a76de9cf4807343f961f22eaab5b62444efa9503f5,.cache/fundonet-ime/0fb515fc6f090aa0395fc6a76de9cf4807343f961f22eaab5b62444efa9503f5,Carteiras selecionadas,Vixtra
45523699000102,Vixtra,07/2025,PDD / Venc Total,0.6038682542823736,ratio,Visão Executiva canônica; cache IME local 0fb515fc6f090aa0395fc6a76de9cf4807343f961f22eaab5b62444efa9503f5,.cache/fundonet-ime/0fb515fc6f090aa0395fc6a76de9cf4807343f961f22eaab5b62444efa9503f5,Carteiras selecionadas,Vixtra
45523699000102,Vixtra,06/2025,PDD / Venc Total,0.36235408885343406,ratio,Visão Executiva canônica; cache IME local 0fb515fc6f090aa0395fc6a76de9cf4807343f961f22eaab5b62444efa9503f5,.cache/fundonet-ime/0fb515fc6f090aa0395fc6a76de9cf4807343f961f22eaab5b62444efa9503f5,Carteiras selecionadas,Vixtra
45523699000102,Vixtra,05/2025,PDD / Venc Total,0.9028142919865468,ratio,Visão Executiva canônica; cache IME local 0fb515fc6f090aa0395fc6a76de9cf4807343f961f22eaab5b62444efa9503f5,.cache/fundonet-ime/0fb515fc6f090aa0395fc6a76de9cf4807343f961f22eaab5b62444efa9503f5,Carteiras selecionadas,Vixtra
45523699000102,Vixtra,04/2025,PDD / Venc Total,0.5989050292551624,ratio,Visão Executiva canônica; cache IME local 0fb515fc6f090aa0395fc6a76de9cf4807343f961f22eaab5b62444efa9503f5,.cache/fundonet-ime/0fb515fc6f090aa0395fc6a76de9cf4807343f961f22eaab5b62444efa9503f5,Carteiras selecionadas,Vixtra
45523699000102,Vixtra,03/2025,PDD / Venc Total,0.7550669718622685,ratio,Visão Executiva canônica; cache IME local 0fb515fc6f090aa0395fc6a76de9cf4807343f961f22eaab5b62444efa9503f5,.cache/fundonet-ime/0fb515fc6f090aa0395fc6a76de9cf4807343f961f22eaab5b62444efa9503f5,Carteiras selecionadas,Vixtra
45523699000102,Vixtra,02/2025,PDD / Venc Total,0.8036439149737403,ratio,Visão Executiva canônica; cache IME local 0fb515fc6f090aa0395fc6a76de9cf4807343f961f22eaab5b62444efa9503f5,.cache/fundonet-ime/0fb515fc6f090aa0395fc6a76de9cf4807343f961f22eaab5b62444efa9503f5,Carteiras selecionadas,Vixtra
45523699000102,Vixtra,01/2025,PDD / Venc Total,0.5810014681591336,ratio,Visão Executiva canônica; cache IME local 0fb515fc6f090aa0395fc6a76de9cf4807343f961f22eaab5b62444efa9503f5,.cache/fundonet-ime/0fb515fc6f090aa0395fc6a76de9cf4807343f961f22eaab5b62444efa9503f5,Carteiras selecionadas,Vixtra
45523699000102,Vixtra,06/2026,Recompras (R$ MM),0.0,R$ MM,Visão Executiva canônica; cache IME local 0fb515fc6f090aa0395fc6a76de9cf4807343f961f22eaab5b62444efa9503f5,.cache/fundonet-ime/0fb515fc6f090aa0395fc6a76de9cf4807343f961f22eaab5b62444efa9503f5,Carteiras selecionadas,Vixtra
45523699000102,Vixtra,05/2026,Recompras (R$ MM),0.0,R$ MM,Visão Executiva canônica; cache IME local 0fb515fc6f090aa0395fc6a76de9cf4807343f961f22eaab5b62444efa9503f5,.cache/fundonet-ime/0fb515fc6f090aa0395fc6a76de9cf4807343f961f22eaab5b62444efa9503f5,Carteiras selecionadas,Vixtra
45523699000102,Vixtra,04/2026,Recompras (R$ MM),0.0,R$ MM,Visão Executiva canônica; cache IME local 0fb515fc6f090aa0395fc6a76de9cf4807343f961f22eaab5b62444efa9503f5,.cache/fundonet-ime/0fb515fc6f090aa0395fc6a76de9cf4807343f961f22eaab5b62444efa9503f5,Carteiras selecionadas,Vixtra
45523699000102,Vixtra,03/2026,Recompras (R$ MM),0.0,R$ MM,Visão Executiva canônica; cache IME local 0fb515fc6f090aa0395fc6a76de9cf4807343f961f22eaab5b62444efa9503f5,.cache/fundonet-ime/0fb515fc6f090aa0395fc6a76de9cf4807343f961f22eaab5b62444efa9503f5,Carteiras selecionadas,Vixtra
45523699000102,Vixtra,02/2026,Recompras (R$ MM),0.0,R$ MM,Visão Executiva canônica; cache IME local 0fb515fc6f090aa0395fc6a76de9cf4807343f961f22eaab5b62444efa9503f5,.cache/fundonet-ime/0fb515fc6f090aa0395fc6a76de9cf4807343f961f22eaab5b62444efa9503f5,Carteiras selecionadas,Vixtra
45523699000102,Vixtra,01/2026,Recompras (R$ MM),0.0,R$ MM,Visão Executiva canônica; cache IME local 0fb515fc6f090aa0395fc6a76de9cf4807343f961f22eaab5b62444efa9503f5,.cache/fundonet-ime/0fb515fc6f090aa0395fc6a76de9cf4807343f961f22eaab5b62444efa9503f5,Carteiras selecionadas,Vixtra
45523699000102,Vixtra,12/2025,Recompras (R$ MM),0.0,R$ MM,Visão Executiva canônica; cache IME local 0fb515fc6f090aa0395fc6a76de9cf4807343f961f22eaab5b62444efa9503f5,.cache/fundonet-ime/0fb515fc6f090aa0395fc6a76de9cf4807343f961f22eaab5b62444efa9503f5,Carteiras selecionadas,Vixtra
45523699000102,Vixtra,11/2025,Recompras (R$ MM),0.0,R$ MM,Visão Executiva canônica; cache IME local 0fb515fc6f090aa0395fc6a76de9cf4807343f961f22eaab5b62444efa9503f5,.cache/fundonet-ime/0fb515fc6f090aa0395fc6a76de9cf4807343f961f22eaab5b62444efa9503f5,Carteiras selecionadas,Vixtra
45523699000102,Vixtra,10/2025,Recompras (R$ MM),0.0,R$ MM,Visão Executiva canônica; cache IME local 0fb515fc6f090aa0395fc6a76de9cf4807343f961f22eaab5b62444efa9503f5,.cache/fundonet-ime/0fb515fc6f090aa0395fc6a76de9cf4807343f961f22eaab5b62444efa9503f5,Carteiras selecionadas,Vixtra
45523699000102,Vixtra,09/2025,Recompras (R$ MM),0.0,R$ MM,Visão Executiva canônica; cache IME local 0fb515fc6f090aa0395fc6a76de9cf4807343f961f22eaab5b62444efa9503f5,.cache/fundonet-ime/0fb515fc6f090aa0395fc6a76de9cf4807343f961f22eaab5b62444efa9503f5,Carteiras selecionadas,Vixtra
45523699000102,Vixtra,08/2025,Recompras (R$ MM),0.0,R$ MM,Visão Executiva canônica; cache IME local 0fb515fc6f090aa0395fc6a76de9cf4807343f961f22eaab5b62444efa9503f5,.cache/fundonet-ime/0fb515fc6f090aa0395fc6a76de9cf4807343f961f22eaab5b62444efa9503f5,Carteiras selecionadas,Vixtra
45523699000102,Vixtra,07/2025,Recompras (R$ MM),0.0,R$ MM,Visão Executiva canônica; cache IME local 0fb515fc6f090aa0395fc6a76de9cf4807343f961f22eaab5b62444efa9503f5,.cache/fundonet-ime/0fb515fc6f090aa0395fc6a76de9cf4807343f961f22eaab5b62444efa9503f5,Carteiras selecionadas,Vixtra
45523699000102,Vixtra,06/2025,Recompras (R$ MM),0.0,R$ MM,Visão Executiva canônica; cache IME local 0fb515fc6f090aa0395fc6a76de9cf4807343f961f22eaab5b62444efa9503f5,.cache/fundonet-ime/0fb515fc6f090aa0395fc6a76de9cf4807343f961f22eaab5b62444efa9503f5,Carteiras selecionadas,Vixtra
45523699000102,Vixtra,05/2025,Recompras (R$ MM),0.0,R$ MM,Visão Executiva canônica; cache IME local 0fb515fc6f090aa0395fc6a76de9cf4807343f961f22eaab5b62444efa9503f5,.cache/fundonet-ime/0fb515fc6f090aa0395fc6a76de9cf4807343f961f22eaab5b62444efa9503f5,Carteiras selecionadas,Vixtra
45523699000102,Vixtra,04/2025,Recompras (R$ MM),0.0,R$ MM,Visão Executiva canônica; cache IME local 0fb515fc6f090aa0395fc6a76de9cf4807343f961f22eaab5b62444efa9503f5,.cache/fundonet-ime/0fb515fc6f090aa0395fc6a76de9cf4807343f961f22eaab5b62444efa9503f5,Carteiras selecionadas,Vixtra
45523699000102,Vixtra,03/2025,Recompras (R$ MM),0.0,R$ MM,Visão Executiva canônica; cache IME local 0fb515fc6f090aa0395fc6a76de9cf4807343f961f22eaab5b62444efa9503f5,.cache/fundonet-ime/0fb515fc6f090aa0395fc6a76de9cf4807343f961f22eaab5b62444efa9503f5,Carteiras selecionadas,Vixtra
45523699000102,Vixtra,02/2025,Recompras (R$ MM),0.0,R$ MM,Visão Executiva canônica; cache IME local 0fb515fc6f090aa0395fc6a76de9cf4807343f961f22eaab5b62444efa9503f5,.cache/fundonet-ime/0fb515fc6f090aa0395fc6a76de9cf4807343f961f22eaab5b62444efa9503f5,Carteiras selecionadas,Vixtra
45523699000102,Vixtra,01/2025,Recompras (R$ MM),0.0,R$ MM,Visão Executiva canônica; cache IME local 0fb515fc6f090aa0395fc6a76de9cf4807343f961f22eaab5b62444efa9503f5,.cache/fundonet-ime/0fb515fc6f090aa0395fc6a76de9cf4807343f961f22eaab5b62444efa9503f5,Carteiras selecionadas,Vixtra
45523699000102,Vixtra,06/2026,Recompras / Crédito,0.0,ratio,Visão Executiva canônica; cache IME local 0fb515fc6f090aa0395fc6a76de9cf4807343f961f22eaab5b62444efa9503f5,.cache/fundonet-ime/0fb515fc6f090aa0395fc6a76de9cf4807343f961f22eaab5b62444efa9503f5,Carteiras selecionadas,Vixtra
45523699000102,Vixtra,05/2026,Recompras / Crédito,0.0,ratio,Visão Executiva canônica; cache IME local 0fb515fc6f090aa0395fc6a76de9cf4807343f961f22eaab5b62444efa9503f5,.cache/fundonet-ime/0fb515fc6f090aa0395fc6a76de9cf4807343f961f22eaab5b62444efa9503f5,Carteiras selecionadas,Vixtra
45523699000102,Vixtra,04/2026,Recompras / Crédito,0.0,ratio,Visão Executiva canônica; cache IME local 0fb515fc6f090aa0395fc6a76de9cf4807343f961f22eaab5b62444efa9503f5,.cache/fundonet-ime/0fb515fc6f090aa0395fc6a76de9cf4807343f961f22eaab5b62444efa9503f5,Carteiras selecionadas,Vixtra
45523699000102,Vixtra,03/2026,Recompras / Crédito,0.0,ratio,Visão Executiva canônica; cache IME local 0fb515fc6f090aa0395fc6a76de9cf4807343f961f22eaab5b62444efa9503f5,.cache/fundonet-ime/0fb515fc6f090aa0395fc6a76de9cf4807343f961f22eaab5b62444efa9503f5,Carteiras selecionadas,Vixtra
45523699000102,Vixtra,02/2026,Recompras / Crédito,0.0,ratio,Visão Executiva canônica; cache IME local 0fb515fc6f090aa0395fc6a76de9cf4807343f961f22eaab5b62444efa9503f5,.cache/fundonet-ime/0fb515fc6f090aa0395fc6a76de9cf4807343f961f22eaab5b62444efa9503f5,Carteiras selecionadas,Vixtra
45523699000102,Vixtra,01/2026,Recompras / Crédito,0.0,ratio,Visão Executiva canônica; cache IME local 0fb515fc6f090aa0395fc6a76de9cf4807343f961f22eaab5b62444efa9503f5,.cache/fundonet-ime/0fb515fc6f090aa0395fc6a76de9cf4807343f961f22eaab5b62444efa9503f5,Carteiras selecionadas,Vixtra
45523699000102,Vixtra,12/2025,Recompras / Crédito,0.0,ratio,Visão Executiva canônica; cache IME local 0fb515fc6f090aa0395fc6a76de9cf4807343f961f22eaab5b62444efa9503f5,.cache/fundonet-ime/0fb515fc6f090aa0395fc6a76de9cf4807343f961f22eaab5b62444efa9503f5,Carteiras selecionadas,Vixtra
45523699000102,Vixtra,11/2025,Recompras / Crédito,0.0,ratio,Visão Executiva canônica; cache IME local 0fb515fc6f090aa0395fc6a76de9cf4807343f961f22eaab5b62444efa9503f5,.cache/fundonet-ime/0fb515fc6f090aa0395fc6a76de9cf4807343f961f22eaab5b62444efa9503f5,Carteiras selecionadas,Vixtra
45523699000102,Vixtra,10/2025,Recompras / Crédito,0.0,ratio,Visão Executiva canônica; cache IME local 0fb515fc6f090aa0395fc6a76de9cf4807343f961f22eaab5b62444efa9503f5,.cache/fundonet-ime/0fb515fc6f090aa0395fc6a76de9cf4807343f961f22eaab5b62444efa9503f5,Carteiras selecionadas,Vixtra
45523699000102,Vixtra,09/2025,Recompras / Crédito,0.0,ratio,Visão Executiva canônica; cache IME local 0fb515fc6f090aa0395fc6a76de9cf4807343f961f22eaab5b62444efa9503f5,.cache/fundonet-ime/0fb515fc6f090aa0395fc6a76de9cf4807343f961f22eaab5b62444efa9503f5,Carteiras selecionadas,Vixtra
45523699000102,Vixtra,08/2025,Recompras / Crédito,0.0,ratio,Visão Executiva canônica; cache IME local 0fb515fc6f090aa0395fc6a76de9cf4807343f961f22eaab5b62444efa9503f5,.cache/fundonet-ime/0fb515fc6f090aa0395fc6a76de9cf4807343f961f22eaab5b62444efa9503f5,Carteiras selecionadas,Vixtra
45523699000102,Vixtra,07/2025,Recompras / Crédito,0.0,ratio,Visão Executiva canônica; cache IME local 0fb515fc6f090aa0395fc6a76de9cf4807343f961f22eaab5b62444efa9503f5,.cache/fundonet-ime/0fb515fc6f090aa0395fc6a76de9cf4807343f961f22eaab5b62444efa9503f5,Carteiras selecionadas,Vixtra
45523699000102,Vixtra,06/2025,Recompras / Crédito,0.0,ratio,Visão Executiva canônica; cache IME local 0fb515fc6f090aa0395fc6a76de9cf4807343f961f22eaab5b62444efa9503f5,.cache/fundonet-ime/0fb515fc6f090aa0395fc6a76de9cf4807343f961f22eaab5b62444efa9503f5,Carteiras selecionadas,Vixtra
45523699000102,Vixtra,05/2025,Recompras / Crédito,0.0,ratio,Visão Executiva canônica; cache IME local 0fb515fc6f090aa0395fc6a76de9cf4807343f961f22eaab5b62444efa9503f5,.cache/fundonet-ime/0fb515fc6f090aa0395fc6a76de9cf4807343f961f22eaab5b62444efa9503f5,Carteiras selecionadas,Vixtra
45523699000102,Vixtra,04/2025,Recompras / Crédito,0.0,ratio,Visão Executiva canônica; cache IME local 0fb515fc6f090aa0395fc6a76de9cf4807343f961f22eaab5b62444efa9503f5,.cache/fundonet-ime/0fb515fc6f090aa0395fc6a76de9cf4807343f961f22eaab5b62444efa9503f5,Carteiras selecionadas,Vixtra
45523699000102,Vixtra,03/2025,Recompras / Crédito,0.0,ratio,Visão Executiva canônica; cache IME local 0fb515fc6f090aa0395fc6a76de9cf4807343f961f22eaab5b62444efa9503f5,.cache/fundonet-ime/0fb515fc6f090aa0395fc6a76de9cf4807343f961f22eaab5b62444efa9503f5,Carteiras selecionadas,Vixtra
45523699000102,Vixtra,02/2025,Recompras / Crédito,0.0,ratio,Visão Executiva canônica; cache IME local 0fb515fc6f090aa0395fc6a76de9cf4807343f961f22eaab5b62444efa9503f5,.cache/fundonet-ime/0fb515fc6f090aa0395fc6a76de9cf4807343f961f22eaab5b62444efa9503f5,Carteiras selecionadas,Vixtra
45523699000102,Vixtra,01/2025,Recompras / Crédito,0.0,ratio,Visão Executiva canônica; cache IME local 0fb515fc6f090aa0395fc6a76de9cf4807343f961f22eaab5b62444efa9503f5,.cache/fundonet-ime/0fb515fc6f090aa0395fc6a76de9cf4807343f961f22eaab5b62444efa9503f5,Carteiras selecionadas,Vixtra
45523699000102,Vixtra,06/2026,Recompras / PL,0.0,ratio,Visão Executiva canônica; cache IME local 0fb515fc6f090aa0395fc6a76de9cf4807343f961f22eaab5b62444efa9503f5,.cache/fundonet-ime/0fb515fc6f090aa0395fc6a76de9cf4807343f961f22eaab5b62444efa9503f5,Carteiras selecionadas,Vixtra
45523699000102,Vixtra,05/2026,Recompras / PL,0.0,ratio,Visão Executiva canônica; cache IME local 0fb515fc6f090aa0395fc6a76de9cf4807343f961f22eaab5b62444efa9503f5,.cache/fundonet-ime/0fb515fc6f090aa0395fc6a76de9cf4807343f961f22eaab5b62444efa9503f5,Carteiras selecionadas,Vixtra
45523699000102,Vixtra,04/2026,Recompras / PL,0.0,ratio,Visão Executiva canônica; cache IME local 0fb515fc6f090aa0395fc6a76de9cf4807343f961f22eaab5b62444efa9503f5,.cache/fundonet-ime/0fb515fc6f090aa0395fc6a76de9cf4807343f961f22eaab5b62444efa9503f5,Carteiras selecionadas,Vixtra
45523699000102,Vixtra,03/2026,Recompras / PL,0.0,ratio,Visão Executiva canônica; cache IME local 0fb515fc6f090aa0395fc6a76de9cf4807343f961f22eaab5b62444efa9503f5,.cache/fundonet-ime/0fb515fc6f090aa0395fc6a76de9cf4807343f961f22eaab5b62444efa9503f5,Carteiras selecionadas,Vixtra
45523699000102,Vixtra,02/2026,Recompras / PL,0.0,ratio,Visão Executiva canônica; cache IME local 0fb515fc6f090aa0395fc6a76de9cf4807343f961f22eaab5b62444efa9503f5,.cache/fundonet-ime/0fb515fc6f090aa0395fc6a76de9cf4807343f961f22eaab5b62444efa9503f5,Carteiras selecionadas,Vixtra
45523699000102,Vixtra,01/2026,Recompras / PL,0.0,ratio,Visão Executiva canônica; cache IME local 0fb515fc6f090aa0395fc6a76de9cf4807343f961f22eaab5b62444efa9503f5,.cache/fundonet-ime/0fb515fc6f090aa0395fc6a76de9cf4807343f961f22eaab5b62444efa9503f5,Carteiras selecionadas,Vixtra
45523699000102,Vixtra,12/2025,Recompras / PL,0.0,ratio,Visão Executiva canônica; cache IME local 0fb515fc6f090aa0395fc6a76de9cf4807343f961f22eaab5b62444efa9503f5,.cache/fundonet-ime/0fb515fc6f090aa0395fc6a76de9cf4807343f961f22eaab5b62444efa9503f5,Carteiras selecionadas,Vixtra
45523699000102,Vixtra,11/2025,Recompras / PL,0.0,ratio,Visão Executiva canônica; cache IME local 0fb515fc6f090aa0395fc6a76de9cf4807343f961f22eaab5b62444efa9503f5,.cache/fundonet-ime/0fb515fc6f090aa0395fc6a76de9cf4807343f961f22eaab5b62444efa9503f5,Carteiras selecionadas,Vixtra
45523699000102,Vixtra,10/2025,Recompras / PL,0.0,ratio,Visão Executiva canônica; cache IME local 0fb515fc6f090aa0395fc6a76de9cf4807343f961f22eaab5b62444efa9503f5,.cache/fundonet-ime/0fb515fc6f090aa0395fc6a76de9cf4807343f961f22eaab5b62444efa9503f5,Carteiras selecionadas,Vixtra
45523699000102,Vixtra,09/2025,Recompras / PL,0.0,ratio,Visão Executiva canônica; cache IME local 0fb515fc6f090aa0395fc6a76de9cf4807343f961f22eaab5b62444efa9503f5,.cache/fundonet-ime/0fb515fc6f090aa0395fc6a76de9cf4807343f961f22eaab5b62444efa9503f5,Carteiras selecionadas,Vixtra
45523699000102,Vixtra,08/2025,Recompras / PL,0.0,ratio,Visão Executiva canônica; cache IME local 0fb515fc6f090aa0395fc6a76de9cf4807343f961f22eaab5b62444efa9503f5,.cache/fundonet-ime/0fb515fc6f090aa0395fc6a76de9cf4807343f961f22eaab5b62444efa9503f5,Carteiras selecionadas,Vixtra
45523699000102,Vixtra,07/2025,Recompras / PL,0.0,ratio,Visão Executiva canônica; cache IME local 0fb515fc6f090aa0395fc6a76de9cf4807343f961f22eaab5b62444efa9503f5,.cache/fundonet-ime/0fb515fc6f090aa0395fc6a76de9cf4807343f961f22eaab5b62444efa9503f5,Carteiras selecionadas,Vixtra
45523699000102,Vixtra,06/2025,Recompras / PL,0.0,ratio,Visão Executiva canônica; cache IME local 0fb515fc6f090aa0395fc6a76de9cf4807343f961f22eaab5b62444efa9503f5,.cache/fundonet-ime/0fb515fc6f090aa0395fc6a76de9cf4807343f961f22eaab5b62444efa9503f5,Carteiras selecionadas,Vixtra
45523699000102,Vixtra,05/2025,Recompras / PL,0.0,ratio,Visão Executiva canônica; cache IME local 0fb515fc6f090aa0395fc6a76de9cf4807343f961f22eaab5b62444efa9503f5,.cache/fundonet-ime/0fb515fc6f090aa0395fc6a76de9cf4807343f961f22eaab5b62444efa9503f5,Carteiras selecionadas,Vixtra
45523699000102,Vixtra,04/2025,Recompras / PL,0.0,ratio,Visão Executiva canônica; cache IME local 0fb515fc6f090aa0395fc6a76de9cf4807343f961f22eaab5b62444efa9503f5,.cache/fundonet-ime/0fb515fc6f090aa0395fc6a76de9cf4807343f961f22eaab5b62444efa9503f5,Carteiras selecionadas,Vixtra
45523699000102,Vixtra,03/2025,Recompras / PL,0.0,ratio,Visão Executiva canônica; cache IME local 0fb515fc6f090aa0395fc6a76de9cf4807343f961f22eaab5b62444efa9503f5,.cache/fundonet-ime/0fb515fc6f090aa0395fc6a76de9cf4807343f961f22eaab5b62444efa9503f5,Carteiras selecionadas,Vixtra
45523699000102,Vixtra,02/2025,Recompras / PL,0.0,ratio,Visão Executiva canônica; cache IME local 0fb515fc6f090aa0395fc6a76de9cf4807343f961f22eaab5b62444efa9503f5,.cache/fundonet-ime/0fb515fc6f090aa0395fc6a76de9cf4807343f961f22eaab5b62444efa9503f5,Carteiras selecionadas,Vixtra
45523699000102,Vixtra,01/2025,Recompras / PL,0.0,ratio,Visão Executiva canônica; cache IME local 0fb515fc6f090aa0395fc6a76de9cf4807343f961f22eaab5b62444efa9503f5,.cache/fundonet-ime/0fb515fc6f090aa0395fc6a76de9cf4807343f961f22eaab5b62444efa9503f5,Carteiras selecionadas,Vixtra
45523699000102,Vixtra,06/2026,Cotas SR / PL %,61.77961893414749,%,Visão Executiva canônica; cache IME local 0fb515fc6f090aa0395fc6a76de9cf4807343f961f22eaab5b62444efa9503f5,.cache/fundonet-ime/0fb515fc6f090aa0395fc6a76de9cf4807343f961f22eaab5b62444efa9503f5,Carteiras selecionadas,Vixtra
45523699000102,Vixtra,05/2026,Cotas SR / PL %,60.48717204472008,%,Visão Executiva canônica; cache IME local 0fb515fc6f090aa0395fc6a76de9cf4807343f961f22eaab5b62444efa9503f5,.cache/fundonet-ime/0fb515fc6f090aa0395fc6a76de9cf4807343f961f22eaab5b62444efa9503f5,Carteiras selecionadas,Vixtra
45523699000102,Vixtra,04/2026,Cotas SR / PL %,60.01021458085691,%,Visão Executiva canônica; cache IME local 0fb515fc6f090aa0395fc6a76de9cf4807343f961f22eaab5b62444efa9503f5,.cache/fundonet-ime/0fb515fc6f090aa0395fc6a76de9cf4807343f961f22eaab5b62444efa9503f5,Carteiras selecionadas,Vixtra
45523699000102,Vixtra,03/2026,Cotas SR / PL %,60.16431542400576,%,Visão Executiva canônica; cache IME local 0fb515fc6f090aa0395fc6a76de9cf4807343f961f22eaab5b62444efa9503f5,.cache/fundonet-ime/0fb515fc6f090aa0395fc6a76de9cf4807343f961f22eaab5b62444efa9503f5,Carteiras selecionadas,Vixtra
45523699000102,Vixtra,02/2026,Cotas SR / PL %,58.470433534403355,%,Visão Executiva canônica; cache IME local 0fb515fc6f090aa0395fc6a76de9cf4807343f961f22eaab5b62444efa9503f5,.cache/fundonet-ime/0fb515fc6f090aa0395fc6a76de9cf4807343f961f22eaab5b62444efa9503f5,Carteiras selecionadas,Vixtra
45523699000102,Vixtra,01/2026,Cotas SR / PL %,56.28277209650905,%,Visão Executiva canônica; cache IME local 0fb515fc6f090aa0395fc6a76de9cf4807343f961f22eaab5b62444efa9503f5,.cache/fundonet-ime/0fb515fc6f090aa0395fc6a76de9cf4807343f961f22eaab5b62444efa9503f5,Carteiras selecionadas,Vixtra
45523699000102,Vixtra,12/2025,Cotas SR / PL %,54.97243730412372,%,Visão Executiva canônica; cache IME local 0fb515fc6f090aa0395fc6a76de9cf4807343f961f22eaab5b62444efa9503f5,.cache/fundonet-ime/0fb515fc6f090aa0395fc6a76de9cf4807343f961f22eaab5b62444efa9503f5,Carteiras selecionadas,Vixtra
45523699000102,Vixtra,11/2025,Cotas SR / PL %,53.393746409396655,%,Visão Executiva canônica; cache IME local 0fb515fc6f090aa0395fc6a76de9cf4807343f961f22eaab5b62444efa9503f5,.cache/fundonet-ime/0fb515fc6f090aa0395fc6a76de9cf4807343f961f22eaab5b62444efa9503f5,Carteiras selecionadas,Vixtra
45523699000102,Vixtra,10/2025,Cotas SR / PL %,49.0609698810563,%,Visão Executiva canônica; cache IME local 0fb515fc6f090aa0395fc6a76de9cf4807343f961f22eaab5b62444efa9503f5,.cache/fundonet-ime/0fb515fc6f090aa0395fc6a76de9cf4807343f961f22eaab5b62444efa9503f5,Carteiras selecionadas,Vixtra
45523699000102,Vixtra,09/2025,Cotas SR / PL %,56.55675066810559,%,Visão Executiva canônica; cache IME local 0fb515fc6f090aa0395fc6a76de9cf4807343f961f22eaab5b62444efa9503f5,.cache/fundonet-ime/0fb515fc6f090aa0395fc6a76de9cf4807343f961f22eaab5b62444efa9503f5,Carteiras selecionadas,Vixtra
45523699000102,Vixtra,08/2025,Cotas SR / PL %,59.705230234883544,%,Visão Executiva canônica; cache IME local 0fb515fc6f090aa0395fc6a76de9cf4807343f961f22eaab5b62444efa9503f5,.cache/fundonet-ime/0fb515fc6f090aa0395fc6a76de9cf4807343f961f22eaab5b62444efa9503f5,Carteiras selecionadas,Vixtra
45523699000102,Vixtra,07/2025,Cotas SR / PL %,60.04678237498907,%,Visão Executiva canônica; cache IME local 0fb515fc6f090aa0395fc6a76de9cf4807343f961f22eaab5b62444efa9503f5,.cache/fundonet-ime/0fb515fc6f090aa0395fc6a76de9cf4807343f961f22eaab5b62444efa9503f5,Carteiras selecionadas,Vixtra
45523699000102,Vixtra,06/2025,Cotas SR / PL %,63.30132928968742,%,Visão Executiva canônica; cache IME local 0fb515fc6f090aa0395fc6a76de9cf4807343f961f22eaab5b62444efa9503f5,.cache/fundonet-ime/0fb515fc6f090aa0395fc6a76de9cf4807343f961f22eaab5b62444efa9503f5,Carteiras selecionadas,Vixtra
45523699000102,Vixtra,05/2025,Cotas SR / PL %,63.73090329811419,%,Visão Executiva canônica; cache IME local 0fb515fc6f090aa0395fc6a76de9cf4807343f961f22eaab5b62444efa9503f5,.cache/fundonet-ime/0fb515fc6f090aa0395fc6a76de9cf4807343f961f22eaab5b62444efa9503f5,Carteiras selecionadas,Vixtra
45523699000102,Vixtra,04/2025,Cotas SR / PL %,65.47007109922143,%,Visão Executiva canônica; cache IME local 0fb515fc6f090aa0395fc6a76de9cf4807343f961f22eaab5b62444efa9503f5,.cache/fundonet-ime/0fb515fc6f090aa0395fc6a76de9cf4807343f961f22eaab5b62444efa9503f5,Carteiras selecionadas,Vixtra
45523699000102,Vixtra,03/2025,Cotas SR / PL %,66.25480600282022,%,Visão Executiva canônica; cache IME local 0fb515fc6f090aa0395fc6a76de9cf4807343f961f22eaab5b62444efa9503f5,.cache/fundonet-ime/0fb515fc6f090aa0395fc6a76de9cf4807343f961f22eaab5b62444efa9503f5,Carteiras selecionadas,Vixtra
45523699000102,Vixtra,02/2025,Cotas SR / PL %,63.33426924495523,%,Visão Executiva canônica; cache IME local 0fb515fc6f090aa0395fc6a76de9cf4807343f961f22eaab5b62444efa9503f5,.cache/fundonet-ime/0fb515fc6f090aa0395fc6a76de9cf4807343f961f22eaab5b62444efa9503f5,Carteiras selecionadas,Vixtra
45523699000102,Vixtra,01/2025,Cotas SR / PL %,62.39849365512733,%,Visão Executiva canônica; cache IME local 0fb515fc6f090aa0395fc6a76de9cf4807343f961f22eaab5b62444efa9503f5,.cache/fundonet-ime/0fb515fc6f090aa0395fc6a76de9cf4807343f961f22eaab5b62444efa9503f5,Carteiras selecionadas,Vixtra
45523699000102,Vixtra,06/2026,Cotas Sub / PL %,10.339134722660198,%,Visão Executiva canônica; cache IME local 0fb515fc6f090aa0395fc6a76de9cf4807343f961f22eaab5b62444efa9503f5,.cache/fundonet-ime/0fb515fc6f090aa0395fc6a76de9cf4807343f961f22eaab5b62444efa9503f5,Carteiras selecionadas,Vixtra
45523699000102,Vixtra,05/2026,Cotas Sub / PL %,9.227495401183699,%,Visão Executiva canônica; cache IME local 0fb515fc6f090aa0395fc6a76de9cf4807343f961f22eaab5b62444efa9503f5,.cache/fundonet-ime/0fb515fc6f090aa0395fc6a76de9cf4807343f961f22eaab5b62444efa9503f5,Carteiras selecionadas,Vixtra
45523699000102,Vixtra,04/2026,Cotas Sub / PL %,10.092004857245058,%,Visão Executiva canônica; cache IME local 0fb515fc6f090aa0395fc6a76de9cf4807343f961f22eaab5b62444efa9503f5,.cache/fundonet-ime/0fb515fc6f090aa0395fc6a76de9cf4807343f961f22eaab5b62444efa9503f5,Carteiras selecionadas,Vixtra
45523699000102,Vixtra,03/2026,Cotas Sub / PL %,10.084638069922857,%,Visão Executiva canônica; cache IME local 0fb515fc6f090aa0395fc6a76de9cf4807343f961f22eaab5b62444efa9503f5,.cache/fundonet-ime/0fb515fc6f090aa0395fc6a76de9cf4807343f961f22eaab5b62444efa9503f5,Carteiras selecionadas,Vixtra
45523699000102,Vixtra,02/2026,Cotas Sub / PL %,10.839426785829339,%,Visão Executiva canônica; cache IME local 0fb515fc6f090aa0395fc6a76de9cf4807343f961f22eaab5b62444efa9503f5,.cache/fundonet-ime/0fb515fc6f090aa0395fc6a76de9cf4807343f961f22eaab5b62444efa9503f5,Carteiras selecionadas,Vixtra
45523699000102,Vixtra,01/2026,Cotas Sub / PL %,11.40101001908799,%,Visão Executiva canônica; cache IME local 0fb515fc6f090aa0395fc6a76de9cf4807343f961f22eaab5b62444efa9503f5,.cache/fundonet-ime/0fb515fc6f090aa0395fc6a76de9cf4807343f961f22eaab5b62444efa9503f5,Carteiras selecionadas,Vixtra
45523699000102,Vixtra,12/2025,Cotas Sub / PL %,10.725696513921468,%,Visão Executiva canônica; cache IME local 0fb515fc6f090aa0395fc6a76de9cf4807343f961f22eaab5b62444efa9503f5,.cache/fundonet-ime/0fb515fc6f090aa0395fc6a76de9cf4807343f961f22eaab5b62444efa9503f5,Carteiras selecionadas,Vixtra
45523699000102,Vixtra,11/2025,Cotas Sub / PL %,11.229101180643037,%,Visão Executiva canônica; cache IME local 0fb515fc6f090aa0395fc6a76de9cf4807343f961f22eaab5b62444efa9503f5,.cache/fundonet-ime/0fb515fc6f090aa0395fc6a76de9cf4807343f961f22eaab5b62444efa9503f5,Carteiras selecionadas,Vixtra
45523699000102,Vixtra,10/2025,Cotas Sub / PL %,12.606136823825418,%,Visão Executiva canônica; cache IME local 0fb515fc6f090aa0395fc6a76de9cf4807343f961f22eaab5b62444efa9503f5,.cache/fundonet-ime/0fb515fc6f090aa0395fc6a76de9cf4807343f961f22eaab5b62444efa9503f5,Carteiras selecionadas,Vixtra
45523699000102,Vixtra,09/2025,Cotas Sub / PL %,14.045252831764762,%,Visão Executiva canônica; cache IME local 0fb515fc6f090aa0395fc6a76de9cf4807343f961f22eaab5b62444efa9503f5,.cache/fundonet-ime/0fb515fc6f090aa0395fc6a76de9cf4807343f961f22eaab5b62444efa9503f5,Carteiras selecionadas,Vixtra
45523699000102,Vixtra,08/2025,Cotas Sub / PL %,14.242644865564335,%,Visão Executiva canônica; cache IME local 0fb515fc6f090aa0395fc6a76de9cf4807343f961f22eaab5b62444efa9503f5,.cache/fundonet-ime/0fb515fc6f090aa0395fc6a76de9cf4807343f961f22eaab5b62444efa9503f5,Carteiras selecionadas,Vixtra
45523699000102,Vixtra,07/2025,Cotas Sub / PL %,14.039645544930307,%,Visão Executiva canônica; cache IME local 0fb515fc6f090aa0395fc6a76de9cf4807343f961f22eaab5b62444efa9503f5,.cache/fundonet-ime/0fb515fc6f090aa0395fc6a76de9cf4807343f961f22eaab5b62444efa9503f5,Carteiras selecionadas,Vixtra
45523699000102,Vixtra,06/2025,Cotas Sub / PL %,14.74766742512539,%,Visão Executiva canônica; cache IME local 0fb515fc6f090aa0395fc6a76de9cf4807343f961f22eaab5b62444efa9503f5,.cache/fundonet-ime/0fb515fc6f090aa0395fc6a76de9cf4807343f961f22eaab5b62444efa9503f5,Carteiras selecionadas,Vixtra
45523699000102,Vixtra,05/2025,Cotas Sub / PL %,14.394086871517478,%,Visão Executiva canônica; cache IME local 0fb515fc6f090aa0395fc6a76de9cf4807343f961f22eaab5b62444efa9503f5,.cache/fundonet-ime/0fb515fc6f090aa0395fc6a76de9cf4807343f961f22eaab5b62444efa9503f5,Carteiras selecionadas,Vixtra
45523699000102,Vixtra,04/2025,Cotas Sub / PL %,17.492875149157417,%,Visão Executiva canônica; cache IME local 0fb515fc6f090aa0395fc6a76de9cf4807343f961f22eaab5b62444efa9503f5,.cache/fundonet-ime/0fb515fc6f090aa0395fc6a76de9cf4807343f961f22eaab5b62444efa9503f5,Carteiras selecionadas,Vixtra
45523699000102,Vixtra,03/2025,Cotas Sub / PL %,17.70736020581522,%,Visão Executiva canônica; cache IME local 0fb515fc6f090aa0395fc6a76de9cf4807343f961f22eaab5b62444efa9503f5,.cache/fundonet-ime/0fb515fc6f090aa0395fc6a76de9cf4807343f961f22eaab5b62444efa9503f5,Carteiras selecionadas,Vixtra
45523699000102,Vixtra,02/2025,Cotas Sub / PL %,20.56056419981592,%,Visão Executiva canônica; cache IME local 0fb515fc6f090aa0395fc6a76de9cf4807343f961f22eaab5b62444efa9503f5,.cache/fundonet-ime/0fb515fc6f090aa0395fc6a76de9cf4807343f961f22eaab5b62444efa9503f5,Carteiras selecionadas,Vixtra
45523699000102,Vixtra,01/2025,Cotas Sub / PL %,21.257994278211704,%,Visão Executiva canônica; cache IME local 0fb515fc6f090aa0395fc6a76de9cf4807343f961f22eaab5b62444efa9503f5,.cache/fundonet-ime/0fb515fc6f090aa0395fc6a76de9cf4807343f961f22eaab5b62444efa9503f5,Carteiras selecionadas,Vixtra
45523699000102,Vixtra,06/2026,Rentabilidade SR % a.m.,1.4375202534930198,%,Visão Executiva canônica; cache IME local 0fb515fc6f090aa0395fc6a76de9cf4807343f961f22eaab5b62444efa9503f5,.cache/fundonet-ime/0fb515fc6f090aa0395fc6a76de9cf4807343f961f22eaab5b62444efa9503f5,Carteiras selecionadas,Vixtra
45523699000102,Vixtra,05/2026,Rentabilidade SR % a.m.,1.3831840630970194,%,Visão Executiva canônica; cache IME local 0fb515fc6f090aa0395fc6a76de9cf4807343f961f22eaab5b62444efa9503f5,.cache/fundonet-ime/0fb515fc6f090aa0395fc6a76de9cf4807343f961f22eaab5b62444efa9503f5,Carteiras selecionadas,Vixtra
45523699000102,Vixtra,04/2026,Rentabilidade SR % a.m.,1.405972544073543,%,Visão Executiva canônica; cache IME local 0fb515fc6f090aa0395fc6a76de9cf4807343f961f22eaab5b62444efa9503f5,.cache/fundonet-ime/0fb515fc6f090aa0395fc6a76de9cf4807343f961f22eaab5b62444efa9503f5,Carteiras selecionadas,Vixtra
45523699000102,Vixtra,03/2026,Rentabilidade SR % a.m.,1.5588341940335875,%,Visão Executiva canônica; cache IME local 0fb515fc6f090aa0395fc6a76de9cf4807343f961f22eaab5b62444efa9503f5,.cache/fundonet-ime/0fb515fc6f090aa0395fc6a76de9cf4807343f961f22eaab5b62444efa9503f5,Carteiras selecionadas,Vixtra
45523699000102,Vixtra,02/2026,Rentabilidade SR % a.m.,1.2175539658210013,%,Visão Executiva canônica; cache IME local 0fb515fc6f090aa0395fc6a76de9cf4807343f961f22eaab5b62444efa9503f5,.cache/fundonet-ime/0fb515fc6f090aa0395fc6a76de9cf4807343f961f22eaab5b62444efa9503f5,Carteiras selecionadas,Vixtra
45523699000102,Vixtra,01/2026,Rentabilidade SR % a.m.,1.51629692965737,%,Visão Executiva canônica; cache IME local 0fb515fc6f090aa0395fc6a76de9cf4807343f961f22eaab5b62444efa9503f5,.cache/fundonet-ime/0fb515fc6f090aa0395fc6a76de9cf4807343f961f22eaab5b62444efa9503f5,Carteiras selecionadas,Vixtra
45523699000102,Vixtra,12/2025,Rentabilidade SR % a.m.,1.527633638390299,%,Visão Executiva canônica; cache IME local 0fb515fc6f090aa0395fc6a76de9cf4807343f961f22eaab5b62444efa9503f5,.cache/fundonet-ime/0fb515fc6f090aa0395fc6a76de9cf4807343f961f22eaab5b62444efa9503f5,Carteiras selecionadas,Vixtra
45523699000102,Vixtra,11/2025,Rentabilidade SR % a.m.,1.2667131797745803,%,Visão Executiva canônica; cache IME local 0fb515fc6f090aa0395fc6a76de9cf4807343f961f22eaab5b62444efa9503f5,.cache/fundonet-ime/0fb515fc6f090aa0395fc6a76de9cf4807343f961f22eaab5b62444efa9503f5,Carteiras selecionadas,Vixtra
45523699000102,Vixtra,10/2025,Rentabilidade SR % a.m.,1.7253992424461637,%,Visão Executiva canônica; cache IME local 0fb515fc6f090aa0395fc6a76de9cf4807343f961f22eaab5b62444efa9503f5,.cache/fundonet-ime/0fb515fc6f090aa0395fc6a76de9cf4807343f961f22eaab5b62444efa9503f5,Carteiras selecionadas,Vixtra
45523699000102,Vixtra,09/2025,Rentabilidade SR % a.m.,1.6475653507843935,%,Visão Executiva canônica; cache IME local 0fb515fc6f090aa0395fc6a76de9cf4807343f961f22eaab5b62444efa9503f5,.cache/fundonet-ime/0fb515fc6f090aa0395fc6a76de9cf4807343f961f22eaab5b62444efa9503f5,Carteiras selecionadas,Vixtra
45523699000102,Vixtra,08/2025,Rentabilidade SR % a.m.,1.575813626322231,%,Visão Executiva canônica; cache IME local 0fb515fc6f090aa0395fc6a76de9cf4807343f961f22eaab5b62444efa9503f5,.cache/fundonet-ime/0fb515fc6f090aa0395fc6a76de9cf4807343f961f22eaab5b62444efa9503f5,Carteiras selecionadas,Vixtra
45523699000102,Vixtra,07/2025,Rentabilidade SR % a.m.,1.7260006125489822,%,Visão Executiva canônica; cache IME local 0fb515fc6f090aa0395fc6a76de9cf4807343f961f22eaab5b62444efa9503f5,.cache/fundonet-ime/0fb515fc6f090aa0395fc6a76de9cf4807343f961f22eaab5b62444efa9503f5,Carteiras selecionadas,Vixtra
45523699000102,Vixtra,06/2025,Rentabilidade SR % a.m.,1.486348843862256,%,Visão Executiva canônica; cache IME local 0fb515fc6f090aa0395fc6a76de9cf4807343f961f22eaab5b62444efa9503f5,.cache/fundonet-ime/0fb515fc6f090aa0395fc6a76de9cf4807343f961f22eaab5b62444efa9503f5,Carteiras selecionadas,Vixtra
45523699000102,Vixtra,05/2025,Rentabilidade SR % a.m.,1.5465041425166752,%,Visão Executiva canônica; cache IME local 0fb515fc6f090aa0395fc6a76de9cf4807343f961f22eaab5b62444efa9503f5,.cache/fundonet-ime/0fb515fc6f090aa0395fc6a76de9cf4807343f961f22eaab5b62444efa9503f5,Carteiras selecionadas,Vixtra
45523699000102,Vixtra,04/2025,Rentabilidade SR % a.m.,1.4504268786065213,%,Visão Executiva canônica; cache IME local 0fb515fc6f090aa0395fc6a76de9cf4807343f961f22eaab5b62444efa9503f5,.cache/fundonet-ime/0fb515fc6f090aa0395fc6a76de9cf4807343f961f22eaab5b62444efa9503f5,Carteiras selecionadas,Vixtra
45523699000102,Vixtra,03/2025,Rentabilidade SR % a.m.,1.3313918350116498,%,Visão Executiva canônica; cache IME local 0fb515fc6f090aa0395fc6a76de9cf4807343f961f22eaab5b62444efa9503f5,.cache/fundonet-ime/0fb515fc6f090aa0395fc6a76de9cf4807343f961f22eaab5b62444efa9503f5,Carteiras selecionadas,Vixtra
45523699000102,Vixtra,02/2025,Rentabilidade SR % a.m.,1.3834995421475083,%,Visão Executiva canônica; cache IME local 0fb515fc6f090aa0395fc6a76de9cf4807343f961f22eaab5b62444efa9503f5,.cache/fundonet-ime/0fb515fc6f090aa0395fc6a76de9cf4807343f961f22eaab5b62444efa9503f5,Carteiras selecionadas,Vixtra
45523699000102,Vixtra,01/2025,Rentabilidade SR % a.m.,1.4482030969415458,%,Visão Executiva canônica; cache IME local 0fb515fc6f090aa0395fc6a76de9cf4807343f961f22eaab5b62444efa9503f5,.cache/fundonet-ime/0fb515fc6f090aa0395fc6a76de9cf4807343f961f22eaab5b62444efa9503f5,Carteiras selecionadas,Vixtra
45523699000102,Vixtra,06/2026,Rentabilidade Sub % a.m.,-4.67,%,Visão Executiva canônica; cache IME local 0fb515fc6f090aa0395fc6a76de9cf4807343f961f22eaab5b62444efa9503f5,.cache/fundonet-ime/0fb515fc6f090aa0395fc6a76de9cf4807343f961f22eaab5b62444efa9503f5,Carteiras selecionadas,Vixtra
45523699000102,Vixtra,05/2026,Rentabilidade Sub % a.m.,-3.61,%,Visão Executiva canônica; cache IME local 0fb515fc6f090aa0395fc6a76de9cf4807343f961f22eaab5b62444efa9503f5,.cache/fundonet-ime/0fb515fc6f090aa0395fc6a76de9cf4807343f961f22eaab5b62444efa9503f5,Carteiras selecionadas,Vixtra
45523699000102,Vixtra,04/2026,Rentabilidade Sub % a.m.,-3.47,%,Visão Executiva canônica; cache IME local 0fb515fc6f090aa0395fc6a76de9cf4807343f961f22eaab5b62444efa9503f5,.cache/fundonet-ime/0fb515fc6f090aa0395fc6a76de9cf4807343f961f22eaab5b62444efa9503f5,Carteiras selecionadas,Vixtra
45523699000102,Vixtra,03/2026,Rentabilidade Sub % a.m.,-4.96,%,Visão Executiva canônica; cache IME local 0fb515fc6f090aa0395fc6a76de9cf4807343f961f22eaab5b62444efa9503f5,.cache/fundonet-ime/0fb515fc6f090aa0395fc6a76de9cf4807343f961f22eaab5b62444efa9503f5,Carteiras selecionadas,Vixtra
45523699000102,Vixtra,02/2026,Rentabilidade Sub % a.m.,1.13,%,Visão Executiva canônica; cache IME local 0fb515fc6f090aa0395fc6a76de9cf4807343f961f22eaab5b62444efa9503f5,.cache/fundonet-ime/0fb515fc6f090aa0395fc6a76de9cf4807343f961f22eaab5b62444efa9503f5,Carteiras selecionadas,Vixtra
45523699000102,Vixtra,01/2026,Rentabilidade Sub % a.m.,12.14,%,Visão Executiva canônica; cache IME local 0fb515fc6f090aa0395fc6a76de9cf4807343f961f22eaab5b62444efa9503f5,.cache/fundonet-ime/0fb515fc6f090aa0395fc6a76de9cf4807343f961f22eaab5b62444efa9503f5,Carteiras selecionadas,Vixtra
45523699000102,Vixtra,12/2025,Rentabilidade Sub % a.m.,1.66,%,Visão Executiva canônica; cache IME local 0fb515fc6f090aa0395fc6a76de9cf4807343f961f22eaab5b62444efa9503f5,.cache/fundonet-ime/0fb515fc6f090aa0395fc6a76de9cf4807343f961f22eaab5b62444efa9503f5,Carteiras selecionadas,Vixtra
45523699000102,Vixtra,11/2025,Rentabilidade Sub % a.m.,1.14,%,Visão Executiva canônica; cache IME local 0fb515fc6f090aa0395fc6a76de9cf4807343f961f22eaab5b62444efa9503f5,.cache/fundonet-ime/0fb515fc6f090aa0395fc6a76de9cf4807343f961f22eaab5b62444efa9503f5,Carteiras selecionadas,Vixtra
45523699000102,Vixtra,10/2025,Rentabilidade Sub % a.m.,1.7000000000000002,%,Visão Executiva canônica; cache IME local 0fb515fc6f090aa0395fc6a76de9cf4807343f961f22eaab5b62444efa9503f5,.cache/fundonet-ime/0fb515fc6f090aa0395fc6a76de9cf4807343f961f22eaab5b62444efa9503f5,Carteiras selecionadas,Vixtra
45523699000102,Vixtra,09/2025,Rentabilidade Sub % a.m.,2.37,%,Visão Executiva canônica; cache IME local 0fb515fc6f090aa0395fc6a76de9cf4807343f961f22eaab5b62444efa9503f5,.cache/fundonet-ime/0fb515fc6f090aa0395fc6a76de9cf4807343f961f22eaab5b62444efa9503f5,Carteiras selecionadas,Vixtra
45523699000102,Vixtra,08/2025,Rentabilidade Sub % a.m.,0.36,%,Visão Executiva canônica; cache IME local 0fb515fc6f090aa0395fc6a76de9cf4807343f961f22eaab5b62444efa9503f5,.cache/fundonet-ime/0fb515fc6f090aa0395fc6a76de9cf4807343f961f22eaab5b62444efa9503f5,Carteiras selecionadas,Vixtra
45523699000102,Vixtra,07/2025,Rentabilidade Sub % a.m.,0.029999999999999995,%,Visão Executiva canônica; cache IME local 0fb515fc6f090aa0395fc6a76de9cf4807343f961f22eaab5b62444efa9503f5,.cache/fundonet-ime/0fb515fc6f090aa0395fc6a76de9cf4807343f961f22eaab5b62444efa9503f5,Carteiras selecionadas,Vixtra
45523699000102,Vixtra,06/2025,Rentabilidade Sub % a.m.,1.51,%,Visão Executiva canônica; cache IME local 0fb515fc6f090aa0395fc6a76de9cf4807343f961f22eaab5b62444efa9503f5,.cache/fundonet-ime/0fb515fc6f090aa0395fc6a76de9cf4807343f961f22eaab5b62444efa9503f5,Carteiras selecionadas,Vixtra
45523699000102,Vixtra,05/2025,Rentabilidade Sub % a.m.,2.22,%,Visão Executiva canônica; cache IME local 0fb515fc6f090aa0395fc6a76de9cf4807343f961f22eaab5b62444efa9503f5,.cache/fundonet-ime/0fb515fc6f090aa0395fc6a76de9cf4807343f961f22eaab5b62444efa9503f5,Carteiras selecionadas,Vixtra
45523699000102,Vixtra,04/2025,Rentabilidade Sub % a.m.,2.34,%,Visão Executiva canônica; cache IME local 0fb515fc6f090aa0395fc6a76de9cf4807343f961f22eaab5b62444efa9503f5,.cache/fundonet-ime/0fb515fc6f090aa0395fc6a76de9cf4807343f961f22eaab5b62444efa9503f5,Carteiras selecionadas,Vixtra
45523699000102,Vixtra,03/2025,Rentabilidade Sub % a.m.,1.05,%,Visão Executiva canônica; cache IME local 0fb515fc6f090aa0395fc6a76de9cf4807343f961f22eaab5b62444efa9503f5,.cache/fundonet-ime/0fb515fc6f090aa0395fc6a76de9cf4807343f961f22eaab5b62444efa9503f5,Carteiras selecionadas,Vixtra
45523699000102,Vixtra,02/2025,Rentabilidade Sub % a.m.,-2.0,%,Visão Executiva canônica; cache IME local 0fb515fc6f090aa0395fc6a76de9cf4807343f961f22eaab5b62444efa9503f5,.cache/fundonet-ime/0fb515fc6f090aa0395fc6a76de9cf4807343f961f22eaab5b62444efa9503f5,Carteiras selecionadas,Vixtra
45523699000102,Vixtra,01/2025,Rentabilidade Sub % a.m.,-3.14,%,Visão Executiva canônica; cache IME local 0fb515fc6f090aa0395fc6a76de9cf4807343f961f22eaab5b62444efa9503f5,.cache/fundonet-ime/0fb515fc6f090aa0395fc6a76de9cf4807343f961f22eaab5b62444efa9503f5,Carteiras selecionadas,Vixtra
45523699000102,Vixtra,06/2026,Cotas MZ / PL %,27.88124600026884,%,Visão Executiva canônica; cache IME local 0fb515fc6f090aa0395fc6a76de9cf4807343f961f22eaab5b62444efa9503f5,.cache/fundonet-ime/0fb515fc6f090aa0395fc6a76de9cf4807343f961f22eaab5b62444efa9503f5,Carteiras selecionadas,Vixtra
45523699000102,Vixtra,05/2026,Cotas MZ / PL %,29.445712543944815,%,Visão Executiva canônica; cache IME local 0fb515fc6f090aa0395fc6a76de9cf4807343f961f22eaab5b62444efa9503f5,.cache/fundonet-ime/0fb515fc6f090aa0395fc6a76de9cf4807343f961f22eaab5b62444efa9503f5,Carteiras selecionadas,Vixtra
45523699000102,Vixtra,04/2026,Cotas MZ / PL %,29.897780560880566,%,Visão Executiva canônica; cache IME local 0fb515fc6f090aa0395fc6a76de9cf4807343f961f22eaab5b62444efa9503f5,.cache/fundonet-ime/0fb515fc6f090aa0395fc6a76de9cf4807343f961f22eaab5b62444efa9503f5,Carteiras selecionadas,Vixtra
45523699000102,Vixtra,03/2026,Cotas MZ / PL %,29.751046507582473,%,Visão Executiva canônica; cache IME local 0fb515fc6f090aa0395fc6a76de9cf4807343f961f22eaab5b62444efa9503f5,.cache/fundonet-ime/0fb515fc6f090aa0395fc6a76de9cf4807343f961f22eaab5b62444efa9503f5,Carteiras selecionadas,Vixtra
45523699000102,Vixtra,02/2026,Cotas MZ / PL %,30.690139678846794,%,Visão Executiva canônica; cache IME local 0fb515fc6f090aa0395fc6a76de9cf4807343f961f22eaab5b62444efa9503f5,.cache/fundonet-ime/0fb515fc6f090aa0395fc6a76de9cf4807343f961f22eaab5b62444efa9503f5,Carteiras selecionadas,Vixtra
45523699000102,Vixtra,01/2026,Cotas MZ / PL %,32.316217883932374,%,Visão Executiva canônica; cache IME local 0fb515fc6f090aa0395fc6a76de9cf4807343f961f22eaab5b62444efa9503f5,.cache/fundonet-ime/0fb515fc6f090aa0395fc6a76de9cf4807343f961f22eaab5b62444efa9503f5,Carteiras selecionadas,Vixtra
45523699000102,Vixtra,12/2025,Cotas MZ / PL %,34.30186618135615,%,Visão Executiva canônica; cache IME local 0fb515fc6f090aa0395fc6a76de9cf4807343f961f22eaab5b62444efa9503f5,.cache/fundonet-ime/0fb515fc6f090aa0395fc6a76de9cf4807343f961f22eaab5b62444efa9503f5,Carteiras selecionadas,Vixtra
45523699000102,Vixtra,11/2025,Cotas MZ / PL %,35.3771524110034,%,Visão Executiva canônica; cache IME local 0fb515fc6f090aa0395fc6a76de9cf4807343f961f22eaab5b62444efa9503f5,.cache/fundonet-ime/0fb515fc6f090aa0395fc6a76de9cf4807343f961f22eaab5b62444efa9503f5,Carteiras selecionadas,Vixtra
45523699000102,Vixtra,10/2025,Cotas MZ / PL %,38.332893294413886,%,Visão Executiva canônica; cache IME local 0fb515fc6f090aa0395fc6a76de9cf4807343f961f22eaab5b62444efa9503f5,.cache/fundonet-ime/0fb515fc6f090aa0395fc6a76de9cf4807343f961f22eaab5b62444efa9503f5,Carteiras selecionadas,Vixtra
45523699000102,Vixtra,09/2025,Cotas MZ / PL %,29.397996499390043,%,Visão Executiva canônica; cache IME local 0fb515fc6f090aa0395fc6a76de9cf4807343f961f22eaab5b62444efa9503f5,.cache/fundonet-ime/0fb515fc6f090aa0395fc6a76de9cf4807343f961f22eaab5b62444efa9503f5,Carteiras selecionadas,Vixtra
45523699000102,Vixtra,08/2025,Cotas MZ / PL %,26.052124899090888,%,Visão Executiva canônica; cache IME local 0fb515fc6f090aa0395fc6a76de9cf4807343f961f22eaab5b62444efa9503f5,.cache/fundonet-ime/0fb515fc6f090aa0395fc6a76de9cf4807343f961f22eaab5b62444efa9503f5,Carteiras selecionadas,Vixtra
45523699000102,Vixtra,07/2025,Cotas MZ / PL %,25.91357207915604,%,Visão Executiva canônica; cache IME local 0fb515fc6f090aa0395fc6a76de9cf4807343f961f22eaab5b62444efa9503f5,.cache/fundonet-ime/0fb515fc6f090aa0395fc6a76de9cf4807343f961f22eaab5b62444efa9503f5,Carteiras selecionadas,Vixtra
45523699000102,Vixtra,06/2025,Cotas MZ / PL %,21.951003286249698,%,Visão Executiva canônica; cache IME local 0fb515fc6f090aa0395fc6a76de9cf4807343f961f22eaab5b62444efa9503f5,.cache/fundonet-ime/0fb515fc6f090aa0395fc6a76de9cf4807343f961f22eaab5b62444efa9503f5,Carteiras selecionadas,Vixtra
45523699000102,Vixtra,05/2025,Cotas MZ / PL %,21.8750098270326,%,Visão Executiva canônica; cache IME local 0fb515fc6f090aa0395fc6a76de9cf4807343f961f22eaab5b62444efa9503f5,.cache/fundonet-ime/0fb515fc6f090aa0395fc6a76de9cf4807343f961f22eaab5b62444efa9503f5,Carteiras selecionadas,Vixtra
45523699000102,Vixtra,04/2025,Cotas MZ / PL %,17.03705374682402,%,Visão Executiva canônica; cache IME local 0fb515fc6f090aa0395fc6a76de9cf4807343f961f22eaab5b62444efa9503f5,.cache/fundonet-ime/0fb515fc6f090aa0395fc6a76de9cf4807343f961f22eaab5b62444efa9503f5,Carteiras selecionadas,Vixtra
45523699000102,Vixtra,03/2025,Cotas MZ / PL %,16.037833790825946,%,Visão Executiva canônica; cache IME local 0fb515fc6f090aa0395fc6a76de9cf4807343f961f22eaab5b62444efa9503f5,.cache/fundonet-ime/0fb515fc6f090aa0395fc6a76de9cf4807343f961f22eaab5b62444efa9503f5,Carteiras selecionadas,Vixtra
45523699000102,Vixtra,02/2025,Cotas MZ / PL %,16.105166553943242,%,Visão Executiva canônica; cache IME local 0fb515fc6f090aa0395fc6a76de9cf4807343f961f22eaab5b62444efa9503f5,.cache/fundonet-ime/0fb515fc6f090aa0395fc6a76de9cf4807343f961f22eaab5b62444efa9503f5,Carteiras selecionadas,Vixtra
45523699000102,Vixtra,01/2025,Cotas MZ / PL %,16.343512066183607,%,Visão Executiva canônica; cache IME local 0fb515fc6f090aa0395fc6a76de9cf4807343f961f22eaab5b62444efa9503f5,.cache/fundonet-ime/0fb515fc6f090aa0395fc6a76de9cf4807343f961f22eaab5b62444efa9503f5,Carteiras selecionadas,Vixtra
45523699000102,Vixtra,06/2026,Rentabilidade MZ % a.m.,1.6670171032954395,%,Visão Executiva canônica; cache IME local 0fb515fc6f090aa0395fc6a76de9cf4807343f961f22eaab5b62444efa9503f5,.cache/fundonet-ime/0fb515fc6f090aa0395fc6a76de9cf4807343f961f22eaab5b62444efa9503f5,Carteiras selecionadas,Vixtra
45523699000102,Vixtra,05/2026,Rentabilidade MZ % a.m.,1.5974061857185649,%,Visão Executiva canônica; cache IME local 0fb515fc6f090aa0395fc6a76de9cf4807343f961f22eaab5b62444efa9503f5,.cache/fundonet-ime/0fb515fc6f090aa0395fc6a76de9cf4807343f961f22eaab5b62444efa9503f5,Carteiras selecionadas,Vixtra
45523699000102,Vixtra,04/2026,Rentabilidade MZ % a.m.,1.6162275484276851,%,Visão Executiva canônica; cache IME local 0fb515fc6f090aa0395fc6a76de9cf4807343f961f22eaab5b62444efa9503f5,.cache/fundonet-ime/0fb515fc6f090aa0395fc6a76de9cf4807343f961f22eaab5b62444efa9503f5,Carteiras selecionadas,Vixtra
45523699000102,Vixtra,03/2026,Rentabilidade MZ % a.m.,1.7902572843155828,%,Visão Executiva canônica; cache IME local 0fb515fc6f090aa0395fc6a76de9cf4807343f961f22eaab5b62444efa9503f5,.cache/fundonet-ime/0fb515fc6f090aa0395fc6a76de9cf4807343f961f22eaab5b62444efa9503f5,Carteiras selecionadas,Vixtra
45523699000102,Vixtra,02/2026,Rentabilidade MZ % a.m.,1.388335503810254,%,Visão Executiva canônica; cache IME local 0fb515fc6f090aa0395fc6a76de9cf4807343f961f22eaab5b62444efa9503f5,.cache/fundonet-ime/0fb515fc6f090aa0395fc6a76de9cf4807343f961f22eaab5b62444efa9503f5,Carteiras selecionadas,Vixtra
45523699000102,Vixtra,01/2026,Rentabilidade MZ % a.m.,1.720524058554415,%,Visão Executiva canônica; cache IME local 0fb515fc6f090aa0395fc6a76de9cf4807343f961f22eaab5b62444efa9503f5,.cache/fundonet-ime/0fb515fc6f090aa0395fc6a76de9cf4807343f961f22eaab5b62444efa9503f5,Carteiras selecionadas,Vixtra
45523699000102,Vixtra,12/2025,Rentabilidade MZ % a.m.,1.7209386946886558,%,Visão Executiva canônica; cache IME local 0fb515fc6f090aa0395fc6a76de9cf4807343f961f22eaab5b62444efa9503f5,.cache/fundonet-ime/0fb515fc6f090aa0395fc6a76de9cf4807343f961f22eaab5b62444efa9503f5,Carteiras selecionadas,Vixtra
45523699000102,Vixtra,11/2025,Rentabilidade MZ % a.m.,1.5532821590356236,%,Visão Executiva canônica; cache IME local 0fb515fc6f090aa0395fc6a76de9cf4807343f961f22eaab5b62444efa9503f5,.cache/fundonet-ime/0fb515fc6f090aa0395fc6a76de9cf4807343f961f22eaab5b62444efa9503f5,Carteiras selecionadas,Vixtra
45523699000102,Vixtra,10/2025,Rentabilidade MZ % a.m.,1.8814111128212765,%,Visão Executiva canônica; cache IME local 0fb515fc6f090aa0395fc6a76de9cf4807343f961f22eaab5b62444efa9503f5,.cache/fundonet-ime/0fb515fc6f090aa0395fc6a76de9cf4807343f961f22eaab5b62444efa9503f5,Carteiras selecionadas,Vixtra
45523699000102,Vixtra,09/2025,Rentabilidade MZ % a.m.,1.815766148172831,%,Visão Executiva canônica; cache IME local 0fb515fc6f090aa0395fc6a76de9cf4807343f961f22eaab5b62444efa9503f5,.cache/fundonet-ime/0fb515fc6f090aa0395fc6a76de9cf4807343f961f22eaab5b62444efa9503f5,Carteiras selecionadas,Vixtra
45523699000102,Vixtra,08/2025,Rentabilidade MZ % a.m.,1.7418187710857314,%,Visão Executiva canônica; cache IME local 0fb515fc6f090aa0395fc6a76de9cf4807343f961f22eaab5b62444efa9503f5,.cache/fundonet-ime/0fb515fc6f090aa0395fc6a76de9cf4807343f961f22eaab5b62444efa9503f5,Carteiras selecionadas,Vixtra
45523699000102,Vixtra,07/2025,Rentabilidade MZ % a.m.,1.6696409604902303,%,Visão Executiva canônica; cache IME local 0fb515fc6f090aa0395fc6a76de9cf4807343f961f22eaab5b62444efa9503f5,.cache/fundonet-ime/0fb515fc6f090aa0395fc6a76de9cf4807343f961f22eaab5b62444efa9503f5,Carteiras selecionadas,Vixtra
45523699000102,Vixtra,06/2025,Rentabilidade MZ % a.m.,1.6627714591555274,%,Visão Executiva canônica; cache IME local 0fb515fc6f090aa0395fc6a76de9cf4807343f961f22eaab5b62444efa9503f5,.cache/fundonet-ime/0fb515fc6f090aa0395fc6a76de9cf4807343f961f22eaab5b62444efa9503f5,Carteiras selecionadas,Vixtra
45523699000102,Vixtra,05/2025,Rentabilidade MZ % a.m.,1.414631394026901,%,Visão Executiva canônica; cache IME local 0fb515fc6f090aa0395fc6a76de9cf4807343f961f22eaab5b62444efa9503f5,.cache/fundonet-ime/0fb515fc6f090aa0395fc6a76de9cf4807343f961f22eaab5b62444efa9503f5,Carteiras selecionadas,Vixtra
45523699000102,Vixtra,04/2025,Rentabilidade MZ % a.m.,1.6253396721353528,%,Visão Executiva canônica; cache IME local 0fb515fc6f090aa0395fc6a76de9cf4807343f961f22eaab5b62444efa9503f5,.cache/fundonet-ime/0fb515fc6f090aa0395fc6a76de9cf4807343f961f22eaab5b62444efa9503f5,Carteiras selecionadas,Vixtra
45523699000102,Vixtra,03/2025,Rentabilidade MZ % a.m.,1.505040659389194,%,Visão Executiva canônica; cache IME local 0fb515fc6f090aa0395fc6a76de9cf4807343f961f22eaab5b62444efa9503f5,.cache/fundonet-ime/0fb515fc6f090aa0395fc6a76de9cf4807343f961f22eaab5b62444efa9503f5,Carteiras selecionadas,Vixtra
45523699000102,Vixtra,02/2025,Rentabilidade MZ % a.m.,1.5600120769306591,%,Visão Executiva canônica; cache IME local 0fb515fc6f090aa0395fc6a76de9cf4807343f961f22eaab5b62444efa9503f5,.cache/fundonet-ime/0fb515fc6f090aa0395fc6a76de9cf4807343f961f22eaab5b62444efa9503f5,Carteiras selecionadas,Vixtra
45523699000102,Vixtra,01/2025,Rentabilidade MZ % a.m.,1.6450555134808265,%,Visão Executiva canônica; cache IME local 0fb515fc6f090aa0395fc6a76de9cf4807343f961f22eaab5b62444efa9503f5,.cache/fundonet-ime/0fb515fc6f090aa0395fc6a76de9cf4807343f961f22eaab5b62444efa9503f5,Carteiras selecionadas,Vixtra
