Fundo,CNPJ,Cota/Classe,Tipo,Data deliberação,Data emissão / 1ª integralização,Data encerramento/oferta,Quantidade,Volume,VNU,Remuneração,Juros/remuneração,Amortização principal,Status/evidência,Fonte,Status curadoria
CONSIGNADO DELTA RECEIVABLES I FUNDO DE INVESTIMENTO EM DIREITOS CREDITÓRIOS,54.871.427/0001-94,1ª emissão única,Única,Data de deliberação não localizada,Primeira integralização não localizada,Encerrada 11/06/2024,Não informado nas fontes consultadas,R$ 135 mi distribuídos,R$ 1.000,Patrimonial; sem benchmark fixo,Rendimentos por amortização/resgate,Extraordinária conforme regulamento; sem cronograma fixo,Não informado nas fontes consultadas,Fundos.NET ID 677544 · 11/06/2024 · p. 1-2 · data/raw/54871427000194/677544_documentary_review.pdf · https://fnet.bmfbovespa.com.br/fnet/publico/exibirDocumento?id=677544,Curado nas fontes acessíveis; lacunas explícitas
CONSIGNADO DELTA RECEIVABLES I FUNDO DE INVESTIMENTO EM DIREITOS CREDITÓRIOS,54.871.427/0001-94,2ª emissão única,Única,Data de deliberação não localizada,Primeira integralização não localizada,Início 13/06/2024; encerrada 10/12/2024,Não informado nas fontes consultadas,R$ 55 mi distribuídos,R$ 1.000,Patrimonial; sem benchmark fixo,Rendimentos por amortização/resgate,Extraordinária conforme regulamento; sem cronograma fixo,Não informado nas fontes consultadas,Fundos.NET ID 798101 · 10/12/2024 · p. 1-2 · data/raw/54871427000194/798101_documentary_review.pdf · https://fnet.bmfbovespa.com.br/fnet/publico/exibirDocumento?id=798101,Curado nas fontes acessíveis; lacunas explícitas
MT CONSIGNADO PRIVADO I FUNDO DE INVESTIMENTO EM DIREITOS CREDITÓRIOS,60.010.416/0001-12,1ª série / 1ª emissão,Sênior,20/03/2025,Primeira integralização não localizada,Resultado da colocação não localizado,Não informado nas fontes consultadas,R$ 475 mi aprovados,R$ 1.000,"DI + 4,80% a.a. + 15% excesso de spread; teto DI + 6,00%","Mensal, conforme disponibilidade após período de investimento",24 meses de investimento; depois regime de caixa,Não informado nas fontes consultadas,"Fundos.NET ID 993785 · 20/03/2025 · p. 2, 4-6 · data/raw/60010416000112/993785_documentary_review.pdf · https://fnet.bmfbovespa.com.br/fnet/publico/exibirDocumento?id=993785",Curado nas fontes acessíveis; lacunas explícitas
MT CONSIGNADO PRIVADO I FUNDO DE INVESTIMENTO EM DIREITOS CREDITÓRIOS,60.010.416/0001-12,1ª emissão subordinada,Subordinada,20/03/2025,Primeira integralização não localizada,Resultado da colocação não localizado,Não informado nas fontes consultadas,R$ 25 mi aprovados,R$ 1.000,Resultado residual; sem benchmark garantido,Resultado residual,Conforme disponibilidades e subordinação,Não informado nas fontes consultadas,"Fundos.NET ID 993785 · 20/03/2025 · p. 2, 7-9 · data/raw/60010416000112/993785_documentary_review.pdf · https://fnet.bmfbovespa.com.br/fnet/publico/exibirDocumento?id=993785",Curado nas fontes acessíveis; lacunas explícitas
BTG PACTUAL CERES CONFINA FUNDO DE INVESTIMENTO NAS CADEIAS PRODUTIVAS DO AGRONEGÓCIO RESP LIMITADA,62.696.791/0001-93,2ª emissão,Sênior,27/03/2026,Primeira integralização não localizada,Privada; até 180 dias; distribuição não comprovada,Não informado nas fontes consultadas,Até R$ 150 mi aprovados,R$ 1.000,Spread final não localizado; remetido ao apêndice,Periodicidade não localizada no corpus,Cronograma remetido ao apêndice não obtido,Não informado nas fontes consultadas,Fundos.NET ID 1148821 · 27/03/2026 · p. 1-3 · data/raw/62696791000193/1148821_documentary_review.pdf · https://fnet.bmfbovespa.com.br/fnet/publico/exibirDocumento?id=1148821,Curado nas fontes acessíveis; lacunas explícitas
BTG PACTUAL CERES CONFINA FUNDO DE INVESTIMENTO NAS CADEIAS PRODUTIVAS DO AGRONEGÓCIO RESP LIMITADA,62.696.791/0001-93,2ª emissão,Subordinada júnior,27/03/2026,Primeira integralização não localizada,Privada; até 180 dias; distribuição não comprovada,Não informado nas fontes consultadas,Até R$ 20 mi aprovados,R$ 1.000,Remuneração não localizada; apêndice não obtido,Periodicidade não localizada no corpus,Cronograma remetido ao apêndice não obtido,Não informado nas fontes consultadas,Fundos.NET ID 1148821 · 27/03/2026 · p. 1-3 · data/raw/62696791000193/1148821_documentary_review.pdf · https://fnet.bmfbovespa.com.br/fnet/publico/exibirDocumento?id=1148821,Curado nas fontes acessíveis; lacunas explícitas
PLGN MARKETPLACE FUNDO DE INVESTIMENTO EM COTAS DE FUNDO DE INVESTIMENTO EM DIREITOS CREDITÓRIOS,55.563.624/0001-09,"Subclasses A, B e C; sem senioridade entre si",Não informado nas fontes consultadas,Não informado nas fontes consultadas,Não informado nas fontes consultadas,Não informado nas fontes consultadas,Não informado nas fontes consultadas,Não localizado no corpus acessível,Não informado nas fontes consultadas,Resultado patrimonial das cotas investidas; sem DI + spread garantido,"Por determinação da gestora, proporcional; resgate na liquidação","Por determinação da gestora, proporcional; resgate na liquidação",Resumo documental; individualização por série não localizada nesta leitura,"Fundos.NET ID 1192614 · 30/04/2026 · Regulamento · p. 15 · data/raw/55563624000109/1192614_documentary_review.pdf · https://fnet.bmfbovespa.com.br/fnet/publico/exibirDocumento?id=1192614; Fundos.NET ID 1192614 · 30/04/2026 · Regulamento · p. 16-17 · data/raw/55563624000109/1192614_documentary_review.pdf · https://fnet.bmfbovespa.com.br/fnet/publico/exibirDocumento?id=1192614; Corpus acessível CNPJ 55563624000109: ID 1192614 (30/04/2026), data/raw/55563624000109/1192614_documentary_review.pdf; ID 811323 (30/12/2024), data/raw/55563624000109/811323_documentary_review.pdf; ID 691674 (03/07/2024), data/raw/55563624000109/691674_documentary_review.pdf; ID 702585 (03/07/2024), data/raw/55563624000109/702585_documentary_review.pdf; ID 703295 (03/07/2024), data/raw/55563624000109/703295_documentary_review.pdf; Fundos.NET ID 1192614 · 30/04/2026 · Regulamento · p. 17-18 · data/raw/55563624000109/1192614_documentary_review.pdf · https://fnet.bmfbovespa.com.br/fnet/publico/exibirDocumento?id=1192614",Não informado nas fontes consultadas
V CDT 1 FUNDO DE INVESTIMENTO EM DIREITOS CREDITÓRIOS RESPONSABILIDADE LIMITADA,62.552.447/0001-20,1ª emissão,Única,03/09/2025,Primeira integralização não localizada,Privada para profissionais; até 180 dias,Não informado nas fontes consultadas,Até R$ 250 mi aprovados,R$ 1.000,Patrimonial por cash sweep; benchmark fixo não localizado,Rendimentos por amortização/resgate,Cash sweep pela disponibilidade; classe indeterminada,Não informado nas fontes consultadas,Fundos.NET ID 988020 · 03/09/2025 · p. 5-6 · data/raw/62552447000120/988020_documentary_review.pdf · https://fnet.bmfbovespa.com.br/fnet/publico/exibirDocumento?id=988020,Curado nas fontes acessíveis; lacunas explícitas
CLASSE CONSIGNADO PRIVADO DO MT GLOBAL FUNDO DE INVESTIMENTO EM DIREITOS CREDITÓRIOS RESP LIMITADA,63.953.620/0001-65,Não localizado no corpus acessível,Não informado nas fontes consultadas,Não informado nas fontes consultadas,Não informado nas fontes consultadas,Não informado nas fontes consultadas,Não informado nas fontes consultadas,Não localizado no corpus acessível,Não informado nas fontes consultadas,Não localizado no corpus acessível,Não localizado no corpus acessível,Não localizado no corpus acessível,Resumo documental; individualização por série não localizada nesta leitura,Corpus acessível CNPJ 63953620000165: não obtido; consulta Fundos.NET em 07/10/2026,Não informado nas fontes consultadas
CLOUDWALK KICK ASS II FUNDO DE INVESTIMENTO EM DIREITOS CREDITÓRIOS SEGMENTO MEIOS DE PAGAMENTO,42.102.603/0001-44,Sênior 1ª,Sênior,Data não localizada,Primeira integralização; data efetiva não localizada,Encerramento não localizado,Não informado nas fontes consultadas,"R$ 950.000.000,00","R$ 1.000,00","CDI + 1,37% a.a.",Mensal dia 27,Cronograma divergente; confirmar apêndice,Não informado nas fontes consultadas,"Fundos.NET ID 733239 | 05/09/2024 | Regulamento | p. 113, apêndice1ªsérie | data/raw/42102603000144/733239_review_20261007.pdf | https://fnet.bmfbovespa.com.br/fnet/publico/visualizarDocumento?id=733239",Revisão documental com lacunas identificadas
CLOUDWALK AKIRA II FIDC SEGMENTO MEIOS DE PAGAMENTO,44.124.617/0001-94,Sênior 1ª,Sênior,Data não localizada,Primeira integralização; data efetiva não localizada,Encerramento não localizado,Não informado nas fontes consultadas,"R$ 1.500.000.000,00","R$ 1.000,00","CDI + 1,35% a.a.",Mensal dia 27,"27/02/2025–27/01/2026, conformequantidades",Não informado nas fontes consultadas,"Fundos.NET ID 1337401 | 01/10/2026 | Regulamento | p. 116, apêndice1ªsérie | data/raw/44124617000194/1337401_review_20261007.pdf | https://fnet.bmfbovespa.com.br/fnet/publico/visualizarDocumento?id=1337401",Revisão documental com lacunas identificadas
CLOUDWALK BIG PICTURE I FUNDO DE INVESTIMENTO EM DIREITOS CREDITÓRIOS SEGMENTO MEIOS DE PAGAMENTO,54.218.673/0001-41,Sênior 1ª,Sênior,Data não localizada,Primeira integralização; data efetiva não localizada,Encerramento não localizado,Não informado nas fontes consultadas,"R$ 877.500.000,00 inicial; máximo R$ 1.140.750.000,00","R$ 1.000,00","DI + 1,20% a.a. (capitalização exponencial)",Mensal conforme apêndice,"19/11/2026,19/12/2026,19/01/2027,19/02/2027,19/03/2027,19/04/2027",Não informado nas fontes consultadas,"Fundos.NET ID 1268268 | 28/07/2026 | Regulamento | p. 118, apêndice1ªsérie | data/raw/54218673000141/1268268_review_20261007.pdf | https://fnet.bmfbovespa.com.br/fnet/publico/visualizarDocumento?id=1268268",Revisão documental com lacunas identificadas
CLOUDWALK BIG PICTURE II FUNDO DE INVESTIMENTO EM DIREITOS CREDITÓRIOS SEGMENTO MEIOS DE PAGAMENTO,54.218.941/0001-25,Sênior 1ª,Sênior,Data não localizada,Primeira integralização; data efetiva não localizada,22/04/2024,Não informado nas fontes consultadas,"R$ 291.000.000,00","R$ 1.000,00",Spread final não localizado,Periodicidade final não localizada,Cronograma fechado não identificado,Não informado nas fontes consultadas,"Fundos.NET ID 643432 | 22/04/2024 | Anúncio de Encerramento | p. 1–3, encerramentodeoferta | data/raw/54218941000125/643432_review_20261007.pdf | https://fnet.bmfbovespa.com.br/fnet/publico/visualizarDocumento?id=643432",Revisão documental com lacunas identificadas
CLOUDWALK BIG PICTURE III FUNDO DE INVESTIMENTO EM DIREITOS CREDITÓRIOS SEGMENTO MEIOS DE PAGAMENTO,54.219.179/0001-00,Sênior 1ª,Sênior,Data não localizada,Primeira integralização; data efetiva não localizada,22/04/2024,Não informado nas fontes consultadas,"R$ 142.500.000,00","R$ 1.000,00",Spread final não localizado,Periodicidade final não localizada,Cronograma fechado não identificado,Não informado nas fontes consultadas,"Fundos.NET ID 643431 | 22/04/2024 | Anúncio de Encerramento | p. 1–3, encerramentodeoferta | data/raw/54219179000100/643431_review_20261007.pdf | https://fnet.bmfbovespa.com.br/fnet/publico/visualizarDocumento?id=643431",Revisão documental com lacunas identificadas
CLOUDWALK BIG PICTURE IV FUNDO DE INVESTIMENTO EM DIREITOS CREDITÓRIOS SEGMENTO MEIOS DE PAGAMENTO,54.248.022/0001-02,Sênior 1ª,Sênior,Data não localizada,Primeira integralização; data efetiva não localizada,Encerramento não localizado,Não informado nas fontes consultadas,"R$ 120.000.000,00 inicial; máximo R$ 156.000.000,00","R$ 1.000,00","DI + 3,00% a.a. (capitalização exponencial)",Calendário final não localizado,Cronograma fechado não identificado,Não informado nas fontes consultadas,"Fundos.NET ID 1285773 | 11/08/2026 | Regulamento | p. 123, apêndice1ªsérie | data/raw/54248022000102/1285773_review_20261007.pdf | https://fnet.bmfbovespa.com.br/fnet/publico/visualizarDocumento?id=1285773",Revisão documental com lacunas identificadas
CLOUDWALK A.I. FUNDO DE INVESTIMENTO EM DIREITOS CREDITÓRIOS SEGMENTO MEIOS DE PAGAMENTO,57.609.282/0001-46,Sênior 1ª,Sênior,Data não localizada,Primeira integralização; data efetiva não localizada,Encerramento não localizado,Não informado nas fontes consultadas,"R$ 2.245.625.000,00","R$ 1.000,00","DI + 0,85% a.a.",Mensal dia 11 para S/M; júniorcondicionada,S/M 11/06/2027–11/11/2027; júniorcondicionada,Não informado nas fontes consultadas,"Fundos.NET ID 993693 | 04/09/2025 | Regulamento | p. 124, apêndicespreenchidos | data/raw/57609282000146/993693_review_20261007.pdf | https://fnet.bmfbovespa.com.br/fnet/publico/visualizarDocumento?id=993693",Revisão documental com lacunas identificadas
CLOUDWALK A.I. FUNDO DE INVESTIMENTO EM DIREITOS CREDITÓRIOS SEGMENTO MEIOS DE PAGAMENTO,57.609.282/0001-46,Mezanino 1ª,Mezanino,Data não localizada,Primeira integralização; data efetiva não localizada,Encerramento não localizado,Não informado nas fontes consultadas,"R$ 347.538.000,00","R$ 1.000,00","DI + 3,85% a.a.",Mensal dia 11 para S/M; júniorcondicionada,S/M 11/06/2027–11/11/2027; júniorcondicionada,Não informado nas fontes consultadas,"Fundos.NET ID 993693 | 04/09/2025 | Regulamento | p. 127, apêndicespreenchidos | data/raw/57609282000146/993693_review_20261007.pdf | https://fnet.bmfbovespa.com.br/fnet/publico/visualizarDocumento?id=993693",Revisão documental com lacunas identificadas
CLOUDWALK A.I. FUNDO DE INVESTIMENTO EM DIREITOS CREDITÓRIOS SEGMENTO MEIOS DE PAGAMENTO,57.609.282/0001-46,Júnior 1ª,Subordinada,Data não localizada,Primeira integralização; data efetiva não localizada,Encerramento não localizado,Não informado nas fontes consultadas,"R$ 90.000.000,00","R$ 1.000,00",Residual conformewaterfall,Mensal dia 11 para S/M; júniorcondicionada,S/M 11/06/2027–11/11/2027; júniorcondicionada,Não informado nas fontes consultadas,"Fundos.NET ID 993693 | 04/09/2025 | Regulamento | p. 130, apêndicespreenchidos | data/raw/57609282000146/993693_review_20261007.pdf | https://fnet.bmfbovespa.com.br/fnet/publico/visualizarDocumento?id=993693",Revisão documental com lacunas identificadas
CLOUDWALK PI FUNDO DE INVESTIMENTO EM DIREITOS CREDITÓRIOS SEGMENTO MEIOS DE PAGAMENTO,60.356.171/0001-80,Sênior 1ª,Sênior,Data não localizada,Primeira integralização; data efetiva não localizada,24/04/2025,Não informado nas fontes consultadas,"R$ 1.650.000.000,00","R$ 1,00",DI + spread final não localizado,Periodicidade final não localizada,Cronograma fechado não identificado,Não informado nas fontes consultadas,"Fundos.NET ID 884542 | 24/04/2025 | Anúncio de Encerramento | p. 1–7, anúncio encerramento | data/raw/60356171000180/884542_review_20261007.pdf | https://fnet.bmfbovespa.com.br/fnet/publico/visualizarDocumento?id=884542",Revisão documental com lacunas identificadas
CLOUDWALK PI FUNDO DE INVESTIMENTO EM DIREITOS CREDITÓRIOS SEGMENTO MEIOS DE PAGAMENTO,60.356.171/0001-80,Sênior 2ª,Sênior,Data não localizada,Primeira integralização; data efetiva não localizada,24/04/2025,Não informado nas fontes consultadas,"R$ 1.070.554.462,00","R$ 1,00",DI + spread final não localizado,Periodicidade final não localizada,Cronograma fechado não identificado,Não informado nas fontes consultadas,"Fundos.NET ID 884542 | 24/04/2025 | Anúncio de Encerramento | p. 1–7, anúncio encerramento | data/raw/60356171000180/884542_review_20261007.pdf | https://fnet.bmfbovespa.com.br/fnet/publico/visualizarDocumento?id=884542",Revisão documental com lacunas identificadas
CLOUDWALK PI FUNDO DE INVESTIMENTO EM DIREITOS CREDITÓRIOS SEGMENTO MEIOS DE PAGAMENTO,60.356.171/0001-80,Mezanino A1ª,Mezanino,Data não localizada,Primeira integralização; data efetiva não localizada,24/04/2025,Não informado nas fontes consultadas,"R$ 226.712.872,00","R$ 1,00",DI + spread final não localizado,Periodicidade final não localizada,Cronograma fechado não identificado,Não informado nas fontes consultadas,"Fundos.NET ID 884542 | 24/04/2025 | Anúncio de Encerramento | p. 1–7, anúncio encerramento | data/raw/60356171000180/884542_review_20261007.pdf | https://fnet.bmfbovespa.com.br/fnet/publico/visualizarDocumento?id=884542",Revisão documental com lacunas identificadas
CLOUDWALK PI FUNDO DE INVESTIMENTO EM DIREITOS CREDITÓRIOS SEGMENTO MEIOS DE PAGAMENTO,60.356.171/0001-80,Mezanino B1ª,Mezanino,Data não localizada,Primeira integralização; data efetiva não localizada,24/04/2025,Não informado nas fontes consultadas,"R$ 194.325.319,59","R$ 12,23",DI + spread final não localizado,Periodicidade final não localizada,Cronograma fechado não identificado,Não informado nas fontes consultadas,"Fundos.NET ID 884542 | 24/04/2025 | Anúncio de Encerramento | p. 1–7, anúncio encerramento | data/raw/60356171000180/884542_review_20261007.pdf | https://fnet.bmfbovespa.com.br/fnet/publico/visualizarDocumento?id=884542",Revisão documental com lacunas identificadas
CLOUDWALK BELA FUNDO DE INVESTIMENTO EM DIREITOS CREDITÓRIOS SEGMENTO MEIOS DE PAGAMENTO,62.393.679/0001-83,Não localizado na documentação acessível,Não informado nas fontes consultadas,Não informado nas fontes consultadas,Não informado nas fontes consultadas,Não informado nas fontes consultadas,Não informado nas fontes consultadas,Não localizado na documentação acessível; Não localizado na documentação acessível,Não informado nas fontes consultadas,Não localizado na documentação acessível,Não localizado na documentação acessível; Não localizado na documentação acessível,Não localizado na documentação acessível; Não localizado na documentação acessível,Resumo documental; individualização por série não localizada nesta leitura,"Inventário por CNPJ 62393679000183, consulta Fundos.NET em 07/10/2026: 38 documentos listados; Falha de rede ao acessar pesquisarGerenciadorDocumentosDados: The read operation timed out; inventário local anterior preservado.  PDFs efetivamente revistos: nenhum. ID1117954: Falha de rede ao acessar downloadDocumento: The read operation timed out; ID993253: Falha de rede ao acessar downloadDocumento: The read operation timed out; ID1166893: Fundos.NET respondeu HTTP 520 em downloadDocumento.",Não informado nas fontes consultadas
ANGÁ FGTS +AG FUNDO DE INVESTIMENTO EM DIREITOS CREDITÓRIOS - RESPONSABILIDADE LIMITADA,53.270.983/0001-42,Não localizado no corpus acessível,Não informado nas fontes consultadas,Não informado nas fontes consultadas,Não informado nas fontes consultadas,Não informado nas fontes consultadas,Não informado nas fontes consultadas,Não localizado no corpus acessível,Não informado nas fontes consultadas,Não localizado no corpus acessível,Não localizado no corpus acessível,Não localizado no corpus acessível,Resumo documental; individualização por série não localizada nesta leitura,Corpus acessível CNPJ 53270983000142: não obtido; consulta Fundos.NET em 07/10/2026,Não informado nas fontes consultadas
ANGÁ FGTS II FUNDO DE INVESTIMENTO EM DIREITOS CREDITÓRIOS - RESPONSABILIDADE LIMITADA,53.577.135/0001-80,2ª série,Sênior,Data de deliberação não localizada,Primeira integralização não localizada,Encerramento conforme ID 856958; data documental no inventário,Não informado nas fontes consultadas,R$ 90 mi conforme anúncio de encerramento,R$ 1.000,Spread final não localizado no anúncio,Periodicidade não localizada no corpus,Cronograma fechado não identificado,Não informado nas fontes consultadas,Fundos.NET ID 856958 · 12/03/2025 · p. 1-3 · data/raw/53577135000180/856958_documentary_review.pdf · https://fnet.bmfbovespa.com.br/fnet/publico/exibirDocumento?id=856958,Curado nas fontes acessíveis; lacunas explícitas
J17 FGTS FUNDO DE INVESTIMENTO EM DIREITOS CREDITÓRIOS FINANCEIRO - RESPONSABILIDADE LIMITADA,54.252.144/0001-64,1ª série,Sênior,Data de deliberação não localizada,Primeira integralização não localizada,Resultado da colocação não localizado,Não informado nas fontes consultadas,Até R$ 85 mi aprovados por série,R$ 1.000,"DI + 2,50% a.a.","Mensal, 5º DU, após carência; atraso de meta acrescenta 1% a.m.",Conforme caixa e período de investimento; prazo final não localizado,Não informado nas fontes consultadas,Fundos.NET ID 1072289 · 29/12/2025 · p. 155-157 · data/raw/54252144000164/1072289_documentary_review.pdf · https://fnet.bmfbovespa.com.br/fnet/publico/exibirDocumento?id=1072289,Suplemento efetivo em regulamento; marco de carência das séries 1 e 3 remete à 2ª série e requer validação
J17 FGTS FUNDO DE INVESTIMENTO EM DIREITOS CREDITÓRIOS FINANCEIRO - RESPONSABILIDADE LIMITADA,54.252.144/0001-64,2ª série,Sênior,Data de deliberação não localizada,Primeira integralização não localizada,Resultado da colocação não localizado,Não informado nas fontes consultadas,Até R$ 85 mi aprovados por série,R$ 1.000,"DI + 2,00% a.a.","Mensal, 5º DU, após carência; atraso de meta acrescenta 1% a.m.",Conforme caixa e período de investimento; prazo final não localizado,Não informado nas fontes consultadas,Fundos.NET ID 1072289 · 29/12/2025 · p. 158-160 · data/raw/54252144000164/1072289_documentary_review.pdf · https://fnet.bmfbovespa.com.br/fnet/publico/exibirDocumento?id=1072289,Suplemento efetivo em regulamento; marco de carência das séries 1 e 3 remete à 2ª série e requer validação
J17 FGTS FUNDO DE INVESTIMENTO EM DIREITOS CREDITÓRIOS FINANCEIRO - RESPONSABILIDADE LIMITADA,54.252.144/0001-64,3ª série,Sênior,Data de deliberação não localizada,Primeira integralização não localizada,Resultado da colocação não localizado,Não informado nas fontes consultadas,Até R$ 85 mi aprovados por série,R$ 1.000,"DI + 2,00% a.a.","Mensal, 5º DU, após carência; atraso de meta acrescenta 1% a.m.",Conforme caixa e período de investimento; prazo final não localizado,Não informado nas fontes consultadas,Fundos.NET ID 1072289 · 29/12/2025 · p. 161-163 · data/raw/54252144000164/1072289_documentary_review.pdf · https://fnet.bmfbovespa.com.br/fnet/publico/exibirDocumento?id=1072289,Suplemento efetivo em regulamento; marco de carência das séries 1 e 3 remete à 2ª série e requer validação
J17 FGTS FUNDO DE INVESTIMENTO EM DIREITOS CREDITÓRIOS FINANCEIRO - RESPONSABILIDADE LIMITADA,54.252.144/0001-64,4ª série,Sênior,Data de deliberação não localizada,Primeira integralização não localizada,Resultado da colocação não localizado,Não informado nas fontes consultadas,Até R$ 85 mi aprovados por série,R$ 1.000,"DI + 1,40% a.a.","Mensal, 5º DU, após carência; atraso de meta acrescenta 1% a.m.",Conforme caixa e período de investimento; prazo final não localizado,Não informado nas fontes consultadas,Fundos.NET ID 1072289 · 29/12/2025 · p. 164-166 · data/raw/54252144000164/1072289_documentary_review.pdf · https://fnet.bmfbovespa.com.br/fnet/publico/exibirDocumento?id=1072289,Suplemento efetivo em regulamento; marco de carência das séries 1 e 3 remete à 2ª série e requer validação
J17 FGTS FUNDO DE INVESTIMENTO EM DIREITOS CREDITÓRIOS FINANCEIRO - RESPONSABILIDADE LIMITADA,54.252.144/0001-64,1ª série,Subordinada mezanino,Data de deliberação não localizada,Primeira integralização não localizada,Resultado da colocação não localizado,Não informado nas fontes consultadas,Até R$ 10 mi aprovados por série,R$ 1.000,"DI + 5,00% a.a.","Mensal, 5º DU, após carência; atraso de meta acrescenta 1% a.m.",Conforme caixa e subordinação; prazo final não localizado,Não informado nas fontes consultadas,Fundos.NET ID 1072289 · 29/12/2025 · p. 169-171 · data/raw/54252144000164/1072289_documentary_review.pdf · https://fnet.bmfbovespa.com.br/fnet/publico/exibirDocumento?id=1072289,Suplemento efetivo em regulamento; referências de investimento/carência requerem validação por série
J17 FGTS FUNDO DE INVESTIMENTO EM DIREITOS CREDITÓRIOS FINANCEIRO - RESPONSABILIDADE LIMITADA,54.252.144/0001-64,2ª série,Subordinada mezanino,Data de deliberação não localizada,Primeira integralização não localizada,Resultado da colocação não localizado,Não informado nas fontes consultadas,Até R$ 10 mi aprovados por série,R$ 1.000,"DI + 4,25% a.a.","Mensal, 5º DU, após carência; atraso de meta acrescenta 1% a.m.",Conforme caixa e subordinação; prazo final não localizado,Não informado nas fontes consultadas,Fundos.NET ID 1072289 · 29/12/2025 · p. 172-174 · data/raw/54252144000164/1072289_documentary_review.pdf · https://fnet.bmfbovespa.com.br/fnet/publico/exibirDocumento?id=1072289,Suplemento efetivo em regulamento; referências de investimento/carência requerem validação por série
J17 FGTS FUNDO DE INVESTIMENTO EM DIREITOS CREDITÓRIOS FINANCEIRO - RESPONSABILIDADE LIMITADA,54.252.144/0001-64,3ª série,Subordinada mezanino,Data de deliberação não localizada,Primeira integralização não localizada,Resultado da colocação não localizado,Não informado nas fontes consultadas,Até R$ 10 mi aprovados por série,R$ 1.000,"DI + 4,25% a.a.","Mensal, 5º DU, após carência; atraso de meta acrescenta 1% a.m.",Conforme caixa e subordinação; prazo final não localizado,Não informado nas fontes consultadas,Fundos.NET ID 1072289 · 29/12/2025 · p. 175-177 · data/raw/54252144000164/1072289_documentary_review.pdf · https://fnet.bmfbovespa.com.br/fnet/publico/exibirDocumento?id=1072289,Suplemento efetivo em regulamento; referências de investimento/carência requerem validação por série
J17 FGTS FUNDO DE INVESTIMENTO EM DIREITOS CREDITÓRIOS FINANCEIRO - RESPONSABILIDADE LIMITADA,54.252.144/0001-64,4ª série,Subordinada mezanino,Data de deliberação não localizada,Primeira integralização não localizada,Resultado da colocação não localizado,Não informado nas fontes consultadas,Até R$ 10 mi aprovados por série,R$ 1.000,"DI + 3,90% a.a.","Mensal, 5º DU, após carência; atraso de meta acrescenta 1% a.m.",Conforme caixa e subordinação; prazo final não localizado,Não informado nas fontes consultadas,Fundos.NET ID 1072289 · 29/12/2025 · p. 178-180 · data/raw/54252144000164/1072289_documentary_review.pdf · https://fnet.bmfbovespa.com.br/fnet/publico/exibirDocumento?id=1072289,Suplemento efetivo em regulamento; referências de investimento/carência requerem validação por série
FUNDO DE INVESTIMENTO EM DIREITOS CREDITÓRIOS MT FGTS RECEIVABLES II,54.464.892/0001-00,2ª série,Sênior,Data de deliberação não localizada,Primeira integralização não localizada,Registro 14/10/2024; encerrada 21/01/2025,Não informado nas fontes consultadas,R$ 400 mi distribuídos,R$ 1.000,Spread final não localizado no anúncio,Periodicidade não localizada no corpus,Cronograma fechado não identificado,Não informado nas fontes consultadas,Fundos.NET ID 823583 · 21/01/2025 · p. 1-3 · data/raw/54464892000100/823583_documentary_review.pdf · https://fnet.bmfbovespa.com.br/fnet/publico/exibirDocumento?id=823583,Curado nas fontes acessíveis; lacunas explícitas
FUNDO DE INVESTIMENTO EM DIREITOS CREDITÓRIOS MT FGTS RECEIVABLES II,54.464.892/0001-00,2ª emissão,Subordinada mezanino,Data de deliberação não localizada,Primeira integralização não localizada,Registro 14/10/2024; encerrada 21/01/2025,Não informado nas fontes consultadas,"R$ 47,06 mi distribuídos",R$ 1.000,Spread final não localizado no anúncio,Periodicidade não localizada no corpus,Cronograma fechado não identificado,Não informado nas fontes consultadas,Fundos.NET ID 823583 · 21/01/2025 · p. 1-3 · data/raw/54464892000100/823583_documentary_review.pdf · https://fnet.bmfbovespa.com.br/fnet/publico/exibirDocumento?id=823583,Curado nas fontes acessíveis; lacunas explícitas
LEVER I FGTS FUNDO DE INVESTIMENTO EM DIREITOS CREDITÓRIOS,62.627.243/0001-01,1ª série / 1ª emissão,Sênior,17/10/2025,Primeira integralização não localizada,Resultado da colocação não localizado,Não informado nas fontes consultadas,R$ 98 mi; 98 mil cotas,R$ 1.000,"CDI + 1,30% a.a.","Mensal, 5º DU",Pagamento conforme caixa; prazo de 144 meses da Data de Conversão,Não informado nas fontes consultadas,Fundos.NET ID 1205675 · 03/11/2025 · p. 84 · data/raw/62627243000101/1205675_documentary_review.pdf · https://fnet.bmfbovespa.com.br/fnet/publico/exibirDocumento?id=1205675,Curado nas fontes acessíveis; lacunas explícitas
LEVER I FGTS FUNDO DE INVESTIMENTO EM DIREITOS CREDITÓRIOS,62.627.243/0001-01,1ª emissão,Subordinada,17/10/2025,Primeira integralização não localizada,Resultado da colocação não localizado,Não informado nas fontes consultadas,R$ 2 mi; 2 mil cotas,R$ 1.000,Resultado residual; sem benchmark fixo,Resultado residual,Sem amortização programada; após sênior,Não informado nas fontes consultadas,Fundos.NET ID 1205675 · 03/11/2025 · p. 86 · data/raw/62627243000101/1205675_documentary_review.pdf · https://fnet.bmfbovespa.com.br/fnet/publico/exibirDocumento?id=1205675,Curado nas fontes acessíveis; lacunas explícitas
MT INSS RECEIVABLES III FUNDO DE INVESTIMENTO EM DIREITOS CREDITÓRIOS RESPONSABILIDADE,44.173.467/0001-09,3ª emissão,Subordinada júnior,30/12/2025,Primeira integralização não localizada,Privada; até 180 dias; resultado não comprovado,Não informado nas fontes consultadas,Até R$ 500 mil; até 500 cotas,R$ 1.000,Residual; benchmark não localizado no ato,Periodicidade não localizada no corpus,Para recompor razão de garantia; termos do regulamento,Não informado nas fontes consultadas,Fundos.NET ID 1078471 · 30/12/2025 · p. 1 · data/raw/44173467000109/1078471_documentary_review.pdf · https://fnet.bmfbovespa.com.br/fnet/publico/exibirDocumento?id=1078471,Curado nas fontes acessíveis; lacunas explícitas
INVESTCRED FUNDO DE INVESTIMENTO EM DIREITOS CREDITÓRIOS,29.226.654/0001-10,Sênior — séries a confirmar,Sênior,Não localizado no corpus acessível desta revisão.,Não localizado no corpus acessível desta revisão.,Não localizado no corpus acessível desta revisão.,Não informado nas fontes consultadas,Não localizado no corpus acessível desta revisão.,Não localizado no corpus acessível desta revisão.,Spread final não localizado; ato/suplemento preenchido não localizado.,Não localizado no corpus acessível desta revisão.,Não localizado no corpus acessível desta revisão.,Não informado nas fontes consultadas,"Fundos.NET ID 1023849; referência 29/10/2025; data/raw/29226654000110/1023849_regulamento.txt; p.59, 9.1.4–9.1.8; https://fnet.bmfbovespa.com.br/fnet/publico/exibirDocumento?id=1023849&cvm=true",parcial — termos/suplemento final não localizado
INVESTCRED FUNDO DE INVESTIMENTO EM DIREITOS CREDITÓRIOS,29.226.654/0001-10,Subordinada residual,Subordinada,Não localizado no corpus acessível desta revisão.,Não localizado no corpus acessível desta revisão.,Não localizado no corpus acessível desta revisão.,Não informado nas fontes consultadas,Não localizado no corpus acessível desta revisão.,Não localizado no corpus acessível desta revisão.,Residual; sem parâmetro de remuneração definido.,Não localizado no corpus acessível desta revisão.,Não localizado no corpus acessível desta revisão.,Não informado nas fontes consultadas,"Fundos.NET ID 1023849; referência 29/10/2025; data/raw/29226654000110/1023849_regulamento.txt; p.59, 9.1.4–9.1.8; https://fnet.bmfbovespa.com.br/fnet/publico/exibirDocumento?id=1023849&cvm=true",parcial — termos/suplemento final não localizado
IS GREEN SOLFÁCIL VI FUNDO DE INVESTIMENTO EM DIREITOS CREDITÓRIOS RESPONSABILIDADE LIMITADA,57.028.406/0001-08,Séries sênior não individualizadas,Sênior,Não localizado no corpus acessível desta revisão.,Não localizado no corpus acessível desta revisão.,Não localizado no corpus acessível desta revisão.,Não informado nas fontes consultadas,Não localizado no corpus acessível desta revisão.,Não localizado no corpus acessível desta revisão.,Spread final não localizado; ato/suplemento preenchido não localizado.,Não localizado no corpus acessível desta revisão.,Não localizado no corpus acessível desta revisão.,Não informado nas fontes consultadas,Fundos.NET ID 1202319; referência 21/05/2026; data/raw/57028406000108/1202319_regulamento_21-05-2026.txt; capítulo de cotas e modelos de apêndices; https://fnet.bmfbovespa.com.br/fnet/publico/exibirDocumento?id=1202319&cvm=true,parcial — termos/suplemento final não localizado
IS GREEN SOLFÁCIL VI FUNDO DE INVESTIMENTO EM DIREITOS CREDITÓRIOS RESPONSABILIDADE LIMITADA,57.028.406/0001-08,Séries mezanino não individualizadas,Mezanino,Não localizado no corpus acessível desta revisão.,Não localizado no corpus acessível desta revisão.,Não localizado no corpus acessível desta revisão.,Não informado nas fontes consultadas,Não localizado no corpus acessível desta revisão.,Não localizado no corpus acessível desta revisão.,Spread final não localizado; ato/suplemento preenchido não localizado.,Não localizado no corpus acessível desta revisão.,Não localizado no corpus acessível desta revisão.,Não informado nas fontes consultadas,Fundos.NET ID 1202319; referência 21/05/2026; data/raw/57028406000108/1202319_regulamento_21-05-2026.txt; capítulo de cotas e modelos de apêndices; https://fnet.bmfbovespa.com.br/fnet/publico/exibirDocumento?id=1202319&cvm=true,parcial — termos/suplemento final não localizado
IS GREEN SOLFÁCIL VI FUNDO DE INVESTIMENTO EM DIREITOS CREDITÓRIOS RESPONSABILIDADE LIMITADA,57.028.406/0001-08,Séries júnior não individualizadas,Júnior,Não localizado no corpus acessível desta revisão.,Não localizado no corpus acessível desta revisão.,Não localizado no corpus acessível desta revisão.,Não informado nas fontes consultadas,Não localizado no corpus acessível desta revisão.,Não localizado no corpus acessível desta revisão.,Spread final não localizado; ato/suplemento preenchido não localizado.,Não localizado no corpus acessível desta revisão.,Não localizado no corpus acessível desta revisão.,Não informado nas fontes consultadas,Fundos.NET ID 1202319; referência 21/05/2026; data/raw/57028406000108/1202319_regulamento_21-05-2026.txt; capítulo de cotas e modelos de apêndices; https://fnet.bmfbovespa.com.br/fnet/publico/exibirDocumento?id=1202319&cvm=true,parcial — termos/suplemento final não localizado
SUMUP I FIDC SEGMENTO MEIOS DE PAGAMENTO DE RESPONSABILIDADE LIMITADA,34.850.088/0001-52,Não localizado na documentação acessível,Não informado nas fontes consultadas,Não informado nas fontes consultadas,Não informado nas fontes consultadas,Não informado nas fontes consultadas,Não informado nas fontes consultadas,Não localizado na documentação acessível; Não localizado na documentação acessível,Não informado nas fontes consultadas,Não localizado na documentação acessível,Não localizado na documentação acessível; Não localizado na documentação acessível,Não localizado na documentação acessível; Não localizado na documentação acessível,Resumo documental; individualização por série não localizada nesta leitura,"Inventário por CNPJ 34850088000152, consulta Fundos.NET em 07/10/2026: 0 documentos listados; Fundos.NET respondeu HTTP 520 em pesquisarGerenciadorDocumentosDados.; inventário local anterior preservado.  PDFs efetivamente revistos: nenhum. Não foi identificado termo específico na revisão.",Não informado nas fontes consultadas
SUMUP SMART I FIDC SEGMENTO MEIOS DE PAGAMENTO DE RESPONSABILIDADE LIMITADA,62.626.409/0001-75,Sênior 1ª/ofertasecundária,Sênior,Data não localizada,Primeira integralização; data efetiva não localizada,24/10/2025,Não informado nas fontes consultadas,"R$ 438.750.000,00;438.750cotasnegociadas","R$ 1.000,00; datacontagem 21/10/2025",Spread final não localizado,Periodicidade final não localizada,Cronograma fechado não identificado,Não informado nas fontes consultadas,"Fundos.NET ID 1020152 | 24/10/2025 | Anúncio de Encerramento | p. 1–3, encerramentosecundário | data/raw/62626409000175/1020152_review_20261007.pdf | https://fnet.bmfbovespa.com.br/fnet/publico/visualizarDocumento?id=1020152",Revisão documental com lacunas identificadas
SUMUP SMART II FIDC SEGMENTO MEIOS DE PAGAMENTO DE RESPONSABILIDADE LIMITADA,62.627.051/0001-03,Não localizado na documentação acessível,Não informado nas fontes consultadas,Não informado nas fontes consultadas,Não informado nas fontes consultadas,Não informado nas fontes consultadas,Não informado nas fontes consultadas,Não localizado na documentação acessível; Não localizado na documentação acessível,Não informado nas fontes consultadas,Não localizado na documentação acessível,Não localizado na documentação acessível; Não localizado na documentação acessível,Não localizado na documentação acessível; Não localizado na documentação acessível,Resumo documental; individualização por série não localizada nesta leitura,"Inventário por CNPJ 62627051000103, consulta Fundos.NET em 07/10/2026: 0 documentos listados; Falha de rede ao acessar pesquisarGerenciadorDocumentosDados: The read operation timed out; inventário local anterior preservado.  PDFs efetivamente revistos: nenhum. Não foi identificado termo específico na revisão.",Não informado nas fontes consultadas
SUMUP SMART III FIDC SEGMENTO MEIOS DE PAGAMENTO DE RESPONSABILIDADE LIMITADA,62.627.122/0001-60,Não localizado na documentação acessível,Não informado nas fontes consultadas,Não informado nas fontes consultadas,Não informado nas fontes consultadas,Não informado nas fontes consultadas,Não informado nas fontes consultadas,Não localizado na documentação acessível; Não localizado na documentação acessível,Não informado nas fontes consultadas,Não localizado na documentação acessível,Não localizado na documentação acessível; Não localizado na documentação acessível,Não localizado na documentação acessível; Não localizado na documentação acessível,Resumo documental; individualização por série não localizada nesta leitura,"Inventário por CNPJ 62627122000160, consulta Fundos.NET em 07/10/2026: 0 documentos listados; Fundos.NET respondeu HTTP 520 em pesquisarGerenciadorDocumentosDados.; inventário local anterior preservado.  PDFs efetivamente revistos: nenhum. Não foi identificado termo específico na revisão.",Não informado nas fontes consultadas
BRASIL MICROCRÉDITO FUNDO DE INVESTIMENTO EM DIREITOS CREDITÓRIOS,36.083.634/0001-00,Não localizado na documentação acessível,Não informado nas fontes consultadas,Não informado nas fontes consultadas,Não informado nas fontes consultadas,Não informado nas fontes consultadas,Não informado nas fontes consultadas,Não localizado na documentação acessível; Não localizado na documentação acessível,Não informado nas fontes consultadas,Não localizado na documentação acessível,Não localizado na documentação acessível; Não localizado na documentação acessível,Não localizado na documentação acessível; Não localizado na documentação acessível,Resumo documental; individualização por série não localizada nesta leitura,"Inventário por CNPJ 36083634000100, consulta Fundos.NET em 07/10/2026: 0 documentos listados; Falha de rede ao acessar pesquisarGerenciadorDocumentosDados: The read operation timed out; inventário local anterior preservado.  PDFs efetivamente revistos: nenhum. Não foi identificado termo específico na revisão.",Não informado nas fontes consultadas
SELLER II FUNDO DE INVESTIMENTO EM DIREITOS CREDITÓRIOS SEGMENTO MEIOS DE PAGAMENTO RESP LTDA,55.471.753/0001-77,Sênior 1ª,Sênior,Data não localizada,Primeira integralização; data efetiva não localizada,06/08/2024,Não informado nas fontes consultadas,"R$ 1.000.000.000,00;1.000.000 cotas","R$ 1.000,00",Spread final não localizado,Periodicidade final não localizada,Cronograma fechado não identificado,Não informado nas fontes consultadas,"Fundos.NET ID 714216 | 08/08/2024 | Anúncio de Encerramento | p. 1–3, encerramentoprimário | data/raw/55471753000177/714216_review_20261007.pdf | https://fnet.bmfbovespa.com.br/fnet/publico/visualizarDocumento?id=714216",Revisão documental com lacunas identificadas
SELLER II FUNDO DE INVESTIMENTO EM DIREITOS CREDITÓRIOS SEGMENTO MEIOS DE PAGAMENTO RESP LTDA,55.471.753/0001-77,Júnior ato 06/09/2024,Subordinada,06/09/2024,Primeira integralização; data efetiva não localizada,Encerramento não localizado,Não informado nas fontes consultadas,Até 10.000 cotas aprovadas; volume efetivo não localizado,Valor dacurva nadataintegralização,Residual conformewaterfall; taxa fixa não localizada,Condicionado ao regulamento,Condicionadoaoregulação; calendário fechado não localizado,Não informado nas fontes consultadas,"Fundos.NET ID 733048 | 06/09/2024 | Instrumento Particular de Emissão de Cotas | p. 1, atounilateraldajúnior | data/raw/55471753000177/733048_review_20261007.pdf | https://fnet.bmfbovespa.com.br/fnet/publico/visualizarDocumento?id=733048",Revisão documental com lacunas identificadas
SELLER 3 FUNDO DE INVESTIMENTO EM DIREITOS CREDITÓRIOS SEGMENTO MEIOS DE PAGAMENTO DE RESP LIMITADA,63.572.282/0001-11,Não localizado na documentação acessível,Não informado nas fontes consultadas,Não informado nas fontes consultadas,Não informado nas fontes consultadas,Não informado nas fontes consultadas,Não informado nas fontes consultadas,Não localizado na documentação acessível; Não localizado na documentação acessível,Não informado nas fontes consultadas,Não localizado na documentação acessível,Não localizado na documentação acessível; Não localizado na documentação acessível,Não localizado na documentação acessível; Não localizado na documentação acessível,Resumo documental; individualização por série não localizada nesta leitura,"Inventário por CNPJ 63572282000111, consulta Fundos.NET em 07/10/2026: 11 documentos listados; Falha de rede ao acessar pesquisarGerenciadorDocumentosDados: The read operation timed out; inventário local anterior preservado.  PDFs efetivamente revistos: nenhum. ID1089845: Falha de rede ao acessar downloadDocumento: The read operation timed out; ID1080490: Falha de rede ao acessar downloadDocumento: The read operation timed out; ID1104314: Falha de rede ao acessar downloadDocumento: The read operation timed out",Não informado nas fontes consultadas
MERCADO CRÉDITO FUNDO DE INVESTIMENTO EM DIREITOS CREDITÓRIOS RESPONSABILIDADE LIMITADA,33.254.370/0001-04,3ª série sênior,Sênior,Não informado nas fontes consultadas,Não informado nas fontes consultadas,Não informado nas fontes consultadas,300.000 aprovadas,"R$ 300.000.000,00 aprovado","R$ 1.000,00","DI + 3,00% a.a.; fator adicional 0,75% / 0,50% / 0,40% sobre capital não integralizado",Mensal; tabela de maio/2025 a abril/2028,Divergência: carência textual 18 meses; tabela começa 31/05/2026 (mês 13) e termina 30/04/2028. Não ativar calendário automático antes de esclarecer,Termos identificados na fonte; datas efetivas requerem documentos de integralização,data/raw/33254370000104/1128340_regulamento.pdf · ID 1128340 · 03/03/2026 · p. 118–121 · https://fnet.bmfbovespa.com.br/fnet/publico/visualizarDocumento?id=1128340,Leitura documental verificada com ressalvas explícitas
MERCADO CRÉDITO I BRASIL FIDC SEGMENTO FINANCEIRO DE RESPONSABILIDADE LIMITADA,37.511.828/0001-14,"Sênior, mezanino e júnior; apêndices-modelo mantêm campos abertos",Não informado nas fontes consultadas,Não informado nas fontes consultadas,Não informado nas fontes consultadas,Não informado nas fontes consultadas,Não informado nas fontes consultadas,Não localizado nas fontes acessíveis desta leitura,Não informado nas fontes consultadas,Spread final da versão atual não localizado; apêndices econômicos atuais em aberto,Não localizado nas fontes acessíveis desta leitura,Não localizado nas fontes acessíveis desta leitura,Resumo documental; individualização por série não localizada nesta leitura,"data/raw/37511828000114/1200490_regulamento.pdf · ID Fundos.NET 1200490 · 27/03/2026 · regulamento · p. 128–132 · https://fnet.bmfbovespa.com.br/fnet/publico/visualizarDocumento?id=1200490; data/raw/37511828000114/1200490_regulamento.pdf · ID Fundos.NET 1200490 · 27/03/2026 · regulamento · p. 130 · https://fnet.bmfbovespa.com.br/fnet/publico/visualizarDocumento?id=1200490; Consulta Fundos.NET por CNPJ 37511828000114 em 07/10/2026; 75 registros no inventário anterior preservado; fontes acessíveis: 1200490, 1019776",Não informado nas fontes consultadas
MERCADO CRÉDITO II BRASIL FUNDO DE INVESTIMENTO EM DIREITOS CREDITÓRIOS DE RESPONSABILIDADE LIMITADA,41.970.012/0001-26,1ª emissão sênior da 1ª série,Sênior,Não informado nas fontes consultadas,Não informado nas fontes consultadas,Não informado nas fontes consultadas,1.200.000,"R$ 1.200.000.000,00 conforme apêndice","R$ 1.000,00 da data base do apêndice","DI + 1,75% a.a.; benchmark qualificado acresce 2% a.a. nos eventos previstos","Dia 14 de cada mês, ou DU seguinte","Após limite de investimento de 14/08/2028, conforme caixa; integral até 14/08/2030",Termos identificados na fonte; datas efetivas requerem documentos de integralização,data/raw/41970012000126/1302706_regulamento.pdf · ID 1302706 · 27/08/2026 · p. 133–136 · https://fnet.bmfbovespa.com.br/fnet/publico/visualizarDocumento?id=1302706,Leitura documental verificada com ressalvas explícitas
MERCADO CRÉDITO II BRASIL FUNDO DE INVESTIMENTO EM DIREITOS CREDITÓRIOS DE RESPONSABILIDADE LIMITADA,41.970.012/0001-26,2ª emissão sênior da 1ª série,Sênior,Não informado nas fontes consultadas,Não informado nas fontes consultadas,Não informado nas fontes consultadas,1.247.000,"R$ 700.320.586,83 conforme apêndice","R$ 561,60 da data base do apêndice","DI + 1,75% a.a.; benchmark qualificado acresce 2% a.a. nos eventos previstos","Dia 14 de cada mês, ou DU seguinte","Após limite de investimento de 14/08/2028, conforme caixa; integral até 14/08/2030",Termos identificados na fonte; datas efetivas requerem documentos de integralização,data/raw/41970012000126/1302706_regulamento.pdf · ID 1302706 · 27/08/2026 · p. 137–140 · https://fnet.bmfbovespa.com.br/fnet/publico/visualizarDocumento?id=1302706,Leitura documental verificada com ressalvas explícitas
MERCADO CRÉDITO II BRASIL FUNDO DE INVESTIMENTO EM DIREITOS CREDITÓRIOS DE RESPONSABILIDADE LIMITADA,41.970.012/0001-26,3ª emissão sênior da 1ª série,Sênior,Não informado nas fontes consultadas,Não informado nas fontes consultadas,Não informado nas fontes consultadas,1.016.076,"R$ 500.000.838,84 conforme apêndice","R$ 492,09 da data base do apêndice","DI + 1,75% a.a.; benchmark qualificado acresce 2% a.a. nos eventos previstos","Dia 14 de cada mês, ou DU seguinte","Após limite de investimento de 14/08/2028, conforme caixa; integral até 14/08/2030",Termos identificados na fonte; datas efetivas requerem documentos de integralização,data/raw/41970012000126/1302706_regulamento.pdf · ID 1302706 · 27/08/2026 · p. 141–144 · https://fnet.bmfbovespa.com.br/fnet/publico/visualizarDocumento?id=1302706,Leitura documental verificada com ressalvas explícitas
MERCADO CRÉDITO II BRASIL FUNDO DE INVESTIMENTO EM DIREITOS CREDITÓRIOS DE RESPONSABILIDADE LIMITADA,41.970.012/0001-26,MZ A — 1ª conversão,Mezanino,Não informado nas fontes consultadas,Não informado nas fontes consultadas,Não informado nas fontes consultadas,Não informado nas fontes consultadas,Não informado nas fontes consultadas,Não informado nas fontes consultadas,"DI + 3,00% a.a.","Dia 14 de cada mês, ou DU seguinte; adicional quando aplicável em até 40 dias da integralização",Após sênior e subclasses prioritárias; integral até 14/08/2030,Termos identificados na fonte; datas efetivas requerem documentos de integralização,data/raw/41970012000126/1302706_regulamento.pdf · ID 1302706 · 27/08/2026 · p. 145–147 · https://fnet.bmfbovespa.com.br/fnet/publico/visualizarDocumento?id=1302706,Leitura documental verificada com ressalvas explícitas
MERCADO CRÉDITO II BRASIL FUNDO DE INVESTIMENTO EM DIREITOS CREDITÓRIOS DE RESPONSABILIDADE LIMITADA,41.970.012/0001-26,MZ A — 2ª emissão,Mezanino,Não informado nas fontes consultadas,Não informado nas fontes consultadas,Não informado nas fontes consultadas,Não informado nas fontes consultadas,Não informado nas fontes consultadas,Não informado nas fontes consultadas,"DI + 3,00% a.a.; adicional único 0,38%","Dia 14 de cada mês, ou DU seguinte; adicional quando aplicável em até 40 dias da integralização",Após sênior e subclasses prioritárias; integral até 14/08/2030,Termos identificados na fonte; datas efetivas requerem documentos de integralização,data/raw/41970012000126/1302706_regulamento.pdf · ID 1302706 · 27/08/2026 · p. 148–150 · https://fnet.bmfbovespa.com.br/fnet/publico/visualizarDocumento?id=1302706,Leitura documental verificada com ressalvas explícitas
MERCADO CRÉDITO II BRASIL FUNDO DE INVESTIMENTO EM DIREITOS CREDITÓRIOS DE RESPONSABILIDADE LIMITADA,41.970.012/0001-26,MZ B — 1ª conversão,Mezanino,Não informado nas fontes consultadas,Não informado nas fontes consultadas,Não informado nas fontes consultadas,Não informado nas fontes consultadas,Não informado nas fontes consultadas,Não informado nas fontes consultadas,"DI + 4,25% a.a.","Dia 14 de cada mês, ou DU seguinte; adicional quando aplicável em até 40 dias da integralização",Após sênior e subclasses prioritárias; integral até 14/08/2030,Termos identificados na fonte; datas efetivas requerem documentos de integralização,data/raw/41970012000126/1302706_regulamento.pdf · ID 1302706 · 27/08/2026 · p. 151–153 · https://fnet.bmfbovespa.com.br/fnet/publico/visualizarDocumento?id=1302706,Leitura documental verificada com ressalvas explícitas
MERCADO CRÉDITO II BRASIL FUNDO DE INVESTIMENTO EM DIREITOS CREDITÓRIOS DE RESPONSABILIDADE LIMITADA,41.970.012/0001-26,MZ C — 1ª conversão,Mezanino,Não informado nas fontes consultadas,Não informado nas fontes consultadas,Não informado nas fontes consultadas,Não informado nas fontes consultadas,Não informado nas fontes consultadas,Não informado nas fontes consultadas,"DI + 5,45% a.a.","Dia 14 de cada mês, ou DU seguinte; adicional quando aplicável em até 40 dias da integralização",Após sênior e subclasses prioritárias; integral até 14/08/2030,Termos identificados na fonte; datas efetivas requerem documentos de integralização,data/raw/41970012000126/1302706_regulamento.pdf · ID 1302706 · 27/08/2026 · p. 154–156 · https://fnet.bmfbovespa.com.br/fnet/publico/visualizarDocumento?id=1302706,Leitura documental verificada com ressalvas explícitas
MERCADO CRÉDITO II BRASIL FUNDO DE INVESTIMENTO EM DIREITOS CREDITÓRIOS DE RESPONSABILIDADE LIMITADA,41.970.012/0001-26,MZ C — 2ª emissão,Mezanino,Não informado nas fontes consultadas,Não informado nas fontes consultadas,Não informado nas fontes consultadas,Não informado nas fontes consultadas,Não informado nas fontes consultadas,Não informado nas fontes consultadas,"DI + 5,45% a.a.; adicional único 0,38%","Dia 14 de cada mês, ou DU seguinte; adicional quando aplicável em até 40 dias da integralização",Após sênior e subclasses prioritárias; integral até 14/08/2030,Termos identificados na fonte; datas efetivas requerem documentos de integralização,data/raw/41970012000126/1302706_regulamento.pdf · ID 1302706 · 27/08/2026 · p. 157–159 · https://fnet.bmfbovespa.com.br/fnet/publico/visualizarDocumento?id=1302706,Leitura documental verificada com ressalvas explícitas
Mercado Crédito Merchant Fundo de Investimento em Direitos Creditórios,28.472.333/0001-32,Sênior em séries e subordinada júnior,Não informado nas fontes consultadas,Não informado nas fontes consultadas,Não informado nas fontes consultadas,Não informado nas fontes consultadas,Não informado nas fontes consultadas,Não localizado nas fontes acessíveis desta leitura,Não informado nas fontes consultadas,Sobretaxa definida em suplemento não localizado; modelo não fecha os termos,Não localizado nas fontes acessíveis desta leitura,Não localizado nas fontes acessíveis desta leitura,Resumo documental; individualização por série não localizada nesta leitura,"data/raw/28472333000132/732140_regulamento.pdf · ID Fundos.NET 732140 · 03/09/2024 · regulamento · p. 27 · https://fnet.bmfbovespa.com.br/fnet/publico/visualizarDocumento?id=732140; data/raw/28472333000132/732140_regulamento.pdf · ID Fundos.NET 732140 · 03/09/2024 · regulamento · p. 84 · https://fnet.bmfbovespa.com.br/fnet/publico/visualizarDocumento?id=732140; Consulta Fundos.NET por CNPJ 28472333000132 em 07/10/2026; 102 registros no inventário obtido; fontes acessíveis: 732140, 681860, 448299",Não informado nas fontes consultadas
MT CONSIGNADO PRIVADO II FUNDO DE INVESTIMENTO EM DIREITOS CREDITÓRIOS RESPONSABILIDADE LIMITADA,58.458.416/0001-38,1ª série / 2ª emissão,Sênior,08/10/2025,Primeira integralização não localizada,Resultado da colocação não localizado,Não informado nas fontes consultadas,R$ 50 mi aprovados,Valor unitário patrimonial vigente,"DI + 3,00% a.a.",Periodicidade não localizada no corpus,Mensal sobre saldo: inicia 08/05/2026; final 05/04/2030 (100% saldo),Não informado nas fontes consultadas,Fundos.NET ID 1009401 · 08/10/2025 · p. 3-5 · data/raw/58458416000138/1009401_documentary_review.pdf · https://fnet.bmfbovespa.com.br/fnet/publico/exibirDocumento?id=1009401,Curado; cronograma inclui datas anteriores ao ato e exige validação da primeira integralização
MT CONSIGNADO PRIVADO II FUNDO DE INVESTIMENTO EM DIREITOS CREDITÓRIOS RESPONSABILIDADE LIMITADA,58.458.416/0001-38,1ª série / 2ª emissão,Subordinada mezanino,08/10/2025,Primeira integralização não localizada,Resultado da colocação não localizado,Não informado nas fontes consultadas,R$ 10 mi aprovados,Valor unitário patrimonial vigente,"DI + 4,90% a.a.",Periodicidade não localizada no corpus,Mensal sobre saldo: inicia 08/05/2026; final 05/04/2030 (100% saldo),Não informado nas fontes consultadas,Fundos.NET ID 1009401 · 08/10/2025 · p. 6-8 · data/raw/58458416000138/1009401_documentary_review.pdf · https://fnet.bmfbovespa.com.br/fnet/publico/exibirDocumento?id=1009401,Curado; cronograma inclui datas anteriores ao ato e exige validação da primeira integralização
MT CONSIGNADO PRIVADO II FUNDO DE INVESTIMENTO EM DIREITOS CREDITÓRIOS RESPONSABILIDADE LIMITADA,58.458.416/0001-38,2ª emissão,Subordinada júnior,08/10/2025,Primeira integralização não localizada,Resultado da colocação não localizado,Não informado nas fontes consultadas,R$ 50 mi aprovados,Valor unitário patrimonial vigente,Residual; sem benchmark fixo,Periodicidade não localizada no corpus,"Residual, condicionado às regras da classe; resgate na liquidação",Não informado nas fontes consultadas,Fundos.NET ID 1009401 · 08/10/2025 · p. 9-10 · data/raw/58458416000138/1009401_documentary_review.pdf · https://fnet.bmfbovespa.com.br/fnet/publico/exibirDocumento?id=1009401,Curado nas fontes acessíveis; lacunas explícitas
MT CONSIGNADO PRIVADO II FUNDO DE INVESTIMENTO EM DIREITOS CREDITÓRIOS RESPONSABILIDADE LIMITADA,58.458.416/0001-38,3ª emissão,Subordinada júnior,01/07/2026,Primeira integralização não localizada,"Privada, lote único indivisível; resultado não comprovado",Não informado nas fontes consultadas,R$ 13 mi aprovados,Valor unitário patrimonial vigente,Sem benchmark; resultado residual,Periodicidade não localizada no corpus,Reenquadramento da subordinação; amortização condicionada à cl.7.7.1,Não informado nas fontes consultadas,Fundos.NET ID 1237489 · 01/07/2026 · p. 1-3 · data/raw/58458416000138/1237489_documentary_review.pdf · https://fnet.bmfbovespa.com.br/fnet/publico/exibirDocumento?id=1237489,Curado nas fontes acessíveis; lacunas explícitas
FUNDO DE INVESTIMENTO EM DIREITOS CREDITÓRIOS DE RESPONSABILIDADE LIMITADA FGTS MT II,53.179.862/0001-90,2ª série / 1ª emissão,Mezanino A,Cronograma alterado 31/03/2025,"Fevereiro de 2025, dia não indicado",Resultado da colocação não localizado,Não informado nas fontes consultadas,"R$ 6,5 mi aprovados",R$ 1.000,"DI + 4,00% a.a.","Mensal, dia 15",96 parcelas escalonadas: primeira até 30/03/2025; última 15/02/2033,Não informado nas fontes consultadas,Fundos.NET ID 908443 · 31/03/2025 · p. 3-6 · data/raw/53179862000190/908443_documentary_review.pdf · https://fnet.bmfbovespa.com.br/fnet/publico/exibirDocumento?id=908443,Curado nas fontes acessíveis; lacunas explícitas
FUNDO DE INVESTIMENTO EM DIREITOS CREDITÓRIOS DE RESPONSABILIDADE LIMITADA FGTS MT II,53.179.862/0001-90,3ª série,Sênior,Data de deliberação não localizada,Primeira integralização não localizada,Encerramento 23/01/2026,Não informado nas fontes consultadas,"53.316,2271 cotas; total com mezanino R$ 56.958.011,98",R$ 1.000,Spread final não localizado no anúncio,Periodicidade não localizada no corpus,Cronograma fechado não identificado,Não informado nas fontes consultadas,Fundos.NET ID 1090574 · 23/01/2026 · p. 1-3 · data/raw/53179862000190/1090574_documentary_review.pdf · https://fnet.bmfbovespa.com.br/fnet/publico/exibirDocumento?id=1090574,Curado nas fontes acessíveis; lacunas explícitas
FUNDO DE INVESTIMENTO EM DIREITOS CREDITÓRIOS DE RESPONSABILIDADE LIMITADA FGTS MT II,53.179.862/0001-90,3ª série,Mezanino A,Data de deliberação não localizada,Primeira integralização não localizada,Encerramento 23/01/2026,Não informado nas fontes consultadas,"1.878,6298 cotas; total com sênior R$ 56.958.011,98",R$ 1.000,Spread final não localizado no anúncio,Periodicidade não localizada no corpus,Cronograma fechado não identificado,Não informado nas fontes consultadas,Fundos.NET ID 1090574 · 23/01/2026 · p. 1-3 · data/raw/53179862000190/1090574_documentary_review.pdf · https://fnet.bmfbovespa.com.br/fnet/publico/exibirDocumento?id=1090574,Curado nas fontes acessíveis; lacunas explícitas
MT INSS RECEIVABLES II FUNDO DE INVESTIMENTO EM DIREITOS CREDITÓRIOS RESPONSABILIDADE LIMITADA,40.752.367/0001-86,1ª emissão,Única,Data de deliberação não localizada,Primeira integralização não localizada,Resultado da colocação não localizado,Não informado nas fontes consultadas,Até R$ 300 mi; 300 mil cotas,R$ 1.000,Patrimonial; sem DI + spread,Rendimentos por amortização/resgate,Indeterminada; conforme deliberação e liquidação,Não informado nas fontes consultadas,Fundos.NET ID 846588 · 21/02/2025 · p. 14 · data/raw/40752367000186/846588_documentary_review.pdf · https://fnet.bmfbovespa.com.br/fnet/publico/exibirDocumento?id=846588,Curado nas fontes acessíveis; lacunas explícitas
MT INSS RECEIVABLES V FUNDO DE INVESTIMENTO EM DIREITOS CREDITÓRIOS CONSIGNADOS,51.290.497/0001-60,Classe 1 / emissão mezanino,Subordinada mezanino,Data de deliberação não localizada,Primeira integralização não localizada,Registro 30/10/2023; encerramento conforme anúncio 557485,Não informado nas fontes consultadas,"R$ 4,5 mi distribuídos",R$ 1.000,Spread final não localizado no anúncio,Periodicidade não localizada no corpus,Cronograma fechado não identificado,Não informado nas fontes consultadas,Fundos.NET ID 557485 · 21/11/2023 · p. 1-3 · data/raw/51290497000160/557485_documentary_review.pdf · https://fnet.bmfbovespa.com.br/fnet/publico/exibirDocumento?id=557485,Curado nas fontes acessíveis; lacunas explícitas
FUNDO DE INVESTIMENTO EM DIREITOS CREDITÓRIOS MT FGTS RECEIVABLES IV,62.010.175/0001-37,1ª série,Sênior,Data de deliberação não localizada,Primeira integralização não localizada,Registro 20/08/2025; encerramento não localizado,Não informado nas fontes consultadas,Até R$ 500 mi ofertados,R$ 1.000,Spread final não localizado no anúncio,Periodicidade não localizada no corpus,Cronograma fechado não identificado,Não informado nas fontes consultadas,Fundos.NET ID 975532 · 21/08/2025 · p. 1-2 · data/raw/62010175000137/975532_documentary_review.pdf · https://fnet.bmfbovespa.com.br/fnet/publico/exibirDocumento?id=975532,Curado nas fontes acessíveis; lacunas explícitas
FUNDO DE INVESTIMENTO EM DIREITOS CREDITÓRIOS MT FGTS RECEIVABLES IV,62.010.175/0001-37,1ª série,Subordinada mezanino,Data de deliberação não localizada,Primeira integralização não localizada,Registro 20/08/2025; encerramento não localizado,Não informado nas fontes consultadas,"Até R$ 58,824 mi ofertados",R$ 1.000,Spread final não localizado no anúncio,Periodicidade não localizada no corpus,Cronograma fechado não identificado,Não informado nas fontes consultadas,Fundos.NET ID 975532 · 21/08/2025 · p. 1-2 · data/raw/62010175000137/975532_documentary_review.pdf · https://fnet.bmfbovespa.com.br/fnet/publico/exibirDocumento?id=975532,Curado nas fontes acessíveis; lacunas explícitas
MT INSS RECEIVABLES VI FUNDO DE INVESTIMENTO EM DIREITOS CREDITÓRIOS RESPONSABILIDADE LIMITADA,62.310.468/0001-30,2ª série / 1ª emissão,Sênior,01/04/2026,Primeira integralização não localizada,Resultado da colocação não localizado,Não informado nas fontes consultadas,Até R$ 600 mi; 600 mil cotas,R$ 1.000,"DI + 0,95% a.a.",Cash sweep; datas fechadas não identificadas,Prazo esperado até 120 meses da 1ª integralização; investimento 18 meses,Não informado nas fontes consultadas,"Fundos.NET ID 1153512 · 01/04/2026 · p. 2,8-9,12 · data/raw/62310468000130/1153512_documentary_review.pdf · https://fnet.bmfbovespa.com.br/fnet/publico/exibirDocumento?id=1153512",Conferência visual de PDF com codificação de texto corrompida
MT INSS RECEIVABLES VI FUNDO DE INVESTIMENTO EM DIREITOS CREDITÓRIOS RESPONSABILIDADE LIMITADA,62.310.468/0001-30,1ª série / 2ª emissão,Subordinada mezanino,01/04/2026,Primeira integralização não localizada,Resultado da colocação não localizado,Não informado nas fontes consultadas,Até R$ 105 mi; 105 mil cotas,R$ 1.000,"DI + 3,50% a.a.",Periodicidade não localizada no corpus,Resgate após totalidade da sênior; cronograma fechado não identificado,Não informado nas fontes consultadas,"Fundos.NET ID 1153512 · 01/04/2026 · p. 2,4 · data/raw/62310468000130/1153512_documentary_review.pdf · https://fnet.bmfbovespa.com.br/fnet/publico/exibirDocumento?id=1153512",Conferência visual de PDF com codificação de texto corrompida
MT INSS RECEIVABLES VI FUNDO DE INVESTIMENTO EM DIREITOS CREDITÓRIOS RESPONSABILIDADE LIMITADA,62.310.468/0001-30,3ª emissão,Subordinada júnior,01/04/2026,Primeira integralização não localizada,Resultado da colocação não localizado,Não informado nas fontes consultadas,Até R$ 36 mi; 36 mil cotas,R$ 1.000,Resultado residual; benchmark não validado no suplemento,Periodicidade não localizada no corpus,Cronograma fechado não identificado,Não informado nas fontes consultadas,Fundos.NET ID 1153512 · 01/04/2026 · p. 2 · data/raw/62310468000130/1153512_documentary_review.pdf · https://fnet.bmfbovespa.com.br/fnet/publico/exibirDocumento?id=1153512,Conferência visual de PDF com codificação de texto corrompida
MULTIPLIKE PLUS FUNDO DE INVESTIMENTO EM DIREITOS CREDITÓRIOS,42.154.687/0001-60,21ª sênior,Sênior,Não localizado no corpus acessível desta revisão.,13/04/2026 no prospecto; efetiva integralização não confirmada,Não localizado no corpus acessível desta revisão.,Não informado nas fontes consultadas,R$ 200 milhões ofertados,"R$ 1.000,00","CDI + 2,00% a.a.",Mensal; carência principal de 24 meses,Desde 15/05/2028; divergência entre 24 parcelas e meses 25–36,Não informado nas fontes consultadas,"Fundos.NET ID 1160029; prospecto 01/04/2026; data/raw/42154687000160/1160029_prospecto_ou_l_mina.txt; pp.6–7,12; https://fnet.bmfbovespa.com.br/fnet/publico/exibirDocumento?id=1160029&cvm=true","Documentado no prospecto; calendário divergente, distribuição efetiva não confirmada"
MULTIPLIKE PLUS FUNDO DE INVESTIMENTO EM DIREITOS CREDITÓRIOS,42.154.687/0001-60,22ª sênior,Sênior,Não localizado no corpus acessível desta revisão.,13/04/2026 no prospecto; efetiva integralização não confirmada,Não localizado no corpus acessível desta revisão.,Não informado nas fontes consultadas,R$ 10 milhões ofertados,"R$ 1.000,00","CDI + 1,25% a.a.",Mensal; carência principal de 24 meses,Desde 15/05/2028; divergência entre 24 parcelas e meses 25–36,Não informado nas fontes consultadas,"Fundos.NET ID 1160029; prospecto 01/04/2026; data/raw/42154687000160/1160029_prospecto_ou_l_mina.txt; pp.6–7,12; https://fnet.bmfbovespa.com.br/fnet/publico/exibirDocumento?id=1160029&cvm=true","Documentado no prospecto; calendário divergente, distribuição efetiva não confirmada"
MULTIPLIKE PLUS FUNDO DE INVESTIMENTO EM DIREITOS CREDITÓRIOS,42.154.687/0001-60,5ª emissão júnior,Júnior,30/06/2026,Data da efetiva integralização; data real não localizada,Saldo não colocado cancelável; encerramento real não localizado,Não informado nas fontes consultadas,R$ 100 milhões aprovados,"R$ 1.000,00 na primeira integralização",Residual; sem benchmark definido no termo,Conforme regulamento; periodicidade específica não localizada no termo,Conforme regulamento; cronograma fechado não identificado,Não informado nas fontes consultadas,Fundos.NET ID 1237432; 30/06/2026; data/raw/42154687000160/1237432_instrumento_de_emiss_o.txt; pp.1–2; https://fnet.bmfbovespa.com.br/fnet/publico/exibirDocumento?id=1237432&cvm=true,Aprovação documentada; distribuição e integralização não confirmadas
MULTIPLIKE PLUS FUNDO DE INVESTIMENTO EM DIREITOS CREDITÓRIOS,42.154.687/0001-60,7ª sênior — posição histórica maio/2026,Sênior,Não localizado no corpus acessível desta revisão.,Não localizado no corpus acessível desta revisão.,Não localizado no corpus acessível desta revisão.,Não informado nas fontes consultadas,"Volume de emissão não confirmado; relatório informa PL da série, que não é volume ofertado",Não localizado no corpus acessível desta revisão.,Spread final não localizado; ato/suplemento preenchido não localizado.,Não localizado no corpus acessível desta revisão.,Vencimento indicado 09/2027; cronograma de parcelas não localizado,Não informado nas fontes consultadas,Fundos.NET ID 1237281; comunicado S&P 30/06/2026; data/raw/42154687000160/1237281_relat_rio_de_rating.txt; pp.1–2; https://fnet.bmfbovespa.com.br/fnet/publico/exibirDocumento?id=1237281&cvm=true,Série histórica identificada; spread/termo de emissão não localizado
MULTIPLIKE PLUS FUNDO DE INVESTIMENTO EM DIREITOS CREDITÓRIOS,42.154.687/0001-60,10ª sênior — posição histórica maio/2026,Sênior,Não localizado no corpus acessível desta revisão.,Não localizado no corpus acessível desta revisão.,Não localizado no corpus acessível desta revisão.,Não informado nas fontes consultadas,"Volume de emissão não confirmado; relatório informa PL da série, que não é volume ofertado",Não localizado no corpus acessível desta revisão.,Spread final não localizado; ato/suplemento preenchido não localizado.,Não localizado no corpus acessível desta revisão.,Vencimento indicado 09/2027; cronograma de parcelas não localizado,Não informado nas fontes consultadas,Fundos.NET ID 1237281; comunicado S&P 30/06/2026; data/raw/42154687000160/1237281_relat_rio_de_rating.txt; pp.1–2; https://fnet.bmfbovespa.com.br/fnet/publico/exibirDocumento?id=1237281&cvm=true,Série histórica identificada; spread/termo de emissão não localizado
MULTIPLIKE PLUS FUNDO DE INVESTIMENTO EM DIREITOS CREDITÓRIOS,42.154.687/0001-60,11ª sênior — posição histórica maio/2026,Sênior,Não localizado no corpus acessível desta revisão.,Não localizado no corpus acessível desta revisão.,Não localizado no corpus acessível desta revisão.,Não informado nas fontes consultadas,"Volume de emissão não confirmado; relatório informa PL da série, que não é volume ofertado",Não localizado no corpus acessível desta revisão.,Spread final não localizado; ato/suplemento preenchido não localizado.,Não localizado no corpus acessível desta revisão.,Vencimento indicado 09/2027; cronograma de parcelas não localizado,Não informado nas fontes consultadas,Fundos.NET ID 1237281; comunicado S&P 30/06/2026; data/raw/42154687000160/1237281_relat_rio_de_rating.txt; pp.1–2; https://fnet.bmfbovespa.com.br/fnet/publico/exibirDocumento?id=1237281&cvm=true,Série histórica identificada; spread/termo de emissão não localizado
MULTIPLIKE PLUS FUNDO DE INVESTIMENTO EM DIREITOS CREDITÓRIOS,42.154.687/0001-60,12ª sênior — posição histórica maio/2026,Sênior,Não localizado no corpus acessível desta revisão.,Não localizado no corpus acessível desta revisão.,Não localizado no corpus acessível desta revisão.,Não informado nas fontes consultadas,"Volume de emissão não confirmado; relatório informa PL da série, que não é volume ofertado",Não localizado no corpus acessível desta revisão.,Spread final não localizado; ato/suplemento preenchido não localizado.,Não localizado no corpus acessível desta revisão.,Vencimento indicado 11/2027; cronograma de parcelas não localizado,Não informado nas fontes consultadas,Fundos.NET ID 1237281; comunicado S&P 30/06/2026; data/raw/42154687000160/1237281_relat_rio_de_rating.txt; pp.1–2; https://fnet.bmfbovespa.com.br/fnet/publico/exibirDocumento?id=1237281&cvm=true,Série histórica identificada; spread/termo de emissão não localizado
MULTIPLIKE PLUS FUNDO DE INVESTIMENTO EM DIREITOS CREDITÓRIOS,42.154.687/0001-60,13ª sênior — posição histórica maio/2026,Sênior,Não localizado no corpus acessível desta revisão.,Não localizado no corpus acessível desta revisão.,Não localizado no corpus acessível desta revisão.,Não informado nas fontes consultadas,"Volume de emissão não confirmado; relatório informa PL da série, que não é volume ofertado",Não localizado no corpus acessível desta revisão.,Spread final não localizado; ato/suplemento preenchido não localizado.,Não localizado no corpus acessível desta revisão.,Vencimento indicado 12/2027; cronograma de parcelas não localizado,Não informado nas fontes consultadas,Fundos.NET ID 1237281; comunicado S&P 30/06/2026; data/raw/42154687000160/1237281_relat_rio_de_rating.txt; pp.1–2; https://fnet.bmfbovespa.com.br/fnet/publico/exibirDocumento?id=1237281&cvm=true,Série histórica identificada; spread/termo de emissão não localizado
MULTIPLIKE PLUS FUNDO DE INVESTIMENTO EM DIREITOS CREDITÓRIOS,42.154.687/0001-60,14ª sênior — posição histórica maio/2026,Sênior,Não localizado no corpus acessível desta revisão.,Não localizado no corpus acessível desta revisão.,Não localizado no corpus acessível desta revisão.,Não informado nas fontes consultadas,"Volume de emissão não confirmado; relatório informa PL da série, que não é volume ofertado",Não localizado no corpus acessível desta revisão.,Spread final não localizado; ato/suplemento preenchido não localizado.,Não localizado no corpus acessível desta revisão.,Vencimento indicado 03/2028; cronograma de parcelas não localizado,Não informado nas fontes consultadas,Fundos.NET ID 1237281; comunicado S&P 30/06/2026; data/raw/42154687000160/1237281_relat_rio_de_rating.txt; pp.1–2; https://fnet.bmfbovespa.com.br/fnet/publico/exibirDocumento?id=1237281&cvm=true,Série histórica identificada; spread/termo de emissão não localizado
MULTIPLIKE PLUS FUNDO DE INVESTIMENTO EM DIREITOS CREDITÓRIOS,42.154.687/0001-60,15ª sênior — posição histórica maio/2026,Sênior,Não localizado no corpus acessível desta revisão.,Não localizado no corpus acessível desta revisão.,Não localizado no corpus acessível desta revisão.,Não informado nas fontes consultadas,"Volume de emissão não confirmado; relatório informa PL da série, que não é volume ofertado",Não localizado no corpus acessível desta revisão.,Spread final não localizado; ato/suplemento preenchido não localizado.,Não localizado no corpus acessível desta revisão.,Vencimento indicado 05/2028; cronograma de parcelas não localizado,Não informado nas fontes consultadas,Fundos.NET ID 1237281; comunicado S&P 30/06/2026; data/raw/42154687000160/1237281_relat_rio_de_rating.txt; pp.1–2; https://fnet.bmfbovespa.com.br/fnet/publico/exibirDocumento?id=1237281&cvm=true,Série histórica identificada; spread/termo de emissão não localizado
MULTIPLIKE PLUS FUNDO DE INVESTIMENTO EM DIREITOS CREDITÓRIOS,42.154.687/0001-60,16ª sênior — posição histórica maio/2026,Sênior,Não localizado no corpus acessível desta revisão.,Não localizado no corpus acessível desta revisão.,Não localizado no corpus acessível desta revisão.,Não informado nas fontes consultadas,"Volume de emissão não confirmado; relatório informa PL da série, que não é volume ofertado",Não localizado no corpus acessível desta revisão.,Spread final não localizado; ato/suplemento preenchido não localizado.,Não localizado no corpus acessível desta revisão.,Vencimento indicado 10/2028; cronograma de parcelas não localizado,Não informado nas fontes consultadas,Fundos.NET ID 1237281; comunicado S&P 30/06/2026; data/raw/42154687000160/1237281_relat_rio_de_rating.txt; pp.1–2; https://fnet.bmfbovespa.com.br/fnet/publico/exibirDocumento?id=1237281&cvm=true,Série histórica identificada; spread/termo de emissão não localizado
MULTIPLIKE PLUS FUNDO DE INVESTIMENTO EM DIREITOS CREDITÓRIOS,42.154.687/0001-60,17ª sênior — posição histórica maio/2026,Sênior,Não localizado no corpus acessível desta revisão.,Não localizado no corpus acessível desta revisão.,Não localizado no corpus acessível desta revisão.,Não informado nas fontes consultadas,"Volume de emissão não confirmado; relatório informa PL da série, que não é volume ofertado",Não localizado no corpus acessível desta revisão.,Spread final não localizado; ato/suplemento preenchido não localizado.,Não localizado no corpus acessível desta revisão.,Vencimento indicado 12/2028; cronograma de parcelas não localizado,Não informado nas fontes consultadas,Fundos.NET ID 1237281; comunicado S&P 30/06/2026; data/raw/42154687000160/1237281_relat_rio_de_rating.txt; pp.1–2; https://fnet.bmfbovespa.com.br/fnet/publico/exibirDocumento?id=1237281&cvm=true,Série histórica identificada; spread/termo de emissão não localizado
MULTIPLIKE PLUS FUNDO DE INVESTIMENTO EM DIREITOS CREDITÓRIOS,42.154.687/0001-60,18ª sênior — posição histórica maio/2026,Sênior,Não localizado no corpus acessível desta revisão.,Não localizado no corpus acessível desta revisão.,Não localizado no corpus acessível desta revisão.,Não informado nas fontes consultadas,"Volume de emissão não confirmado; relatório informa PL da série, que não é volume ofertado",Não localizado no corpus acessível desta revisão.,Spread final não localizado; ato/suplemento preenchido não localizado.,Não localizado no corpus acessível desta revisão.,Vencimento indicado 02/2029; cronograma de parcelas não localizado,Não informado nas fontes consultadas,Fundos.NET ID 1237281; comunicado S&P 30/06/2026; data/raw/42154687000160/1237281_relat_rio_de_rating.txt; pp.1–2; https://fnet.bmfbovespa.com.br/fnet/publico/exibirDocumento?id=1237281&cvm=true,Série histórica identificada; spread/termo de emissão não localizado
MULTIPLIKE PLUS FUNDO DE INVESTIMENTO EM DIREITOS CREDITÓRIOS,42.154.687/0001-60,19ª sênior — posição histórica maio/2026,Sênior,Não localizado no corpus acessível desta revisão.,Não localizado no corpus acessível desta revisão.,Não localizado no corpus acessível desta revisão.,Não informado nas fontes consultadas,"Volume de emissão não confirmado; relatório informa PL da série, que não é volume ofertado",Não localizado no corpus acessível desta revisão.,Spread final não localizado; ato/suplemento preenchido não localizado.,Não localizado no corpus acessível desta revisão.,Vencimento indicado 03/2029; cronograma de parcelas não localizado,Não informado nas fontes consultadas,Fundos.NET ID 1237281; comunicado S&P 30/06/2026; data/raw/42154687000160/1237281_relat_rio_de_rating.txt; pp.1–2; https://fnet.bmfbovespa.com.br/fnet/publico/exibirDocumento?id=1237281&cvm=true,Série histórica identificada; spread/termo de emissão não localizado
MULTIPLIKE PLUS FUNDO DE INVESTIMENTO EM DIREITOS CREDITÓRIOS,42.154.687/0001-60,20ª sênior — posição histórica maio/2026,Sênior,Não localizado no corpus acessível desta revisão.,Não localizado no corpus acessível desta revisão.,Não localizado no corpus acessível desta revisão.,Não informado nas fontes consultadas,"Volume de emissão não confirmado; relatório informa PL da série, que não é volume ofertado",Não localizado no corpus acessível desta revisão.,Spread final não localizado; ato/suplemento preenchido não localizado.,Não localizado no corpus acessível desta revisão.,Vencimento indicado 03/2029; cronograma de parcelas não localizado,Não informado nas fontes consultadas,Fundos.NET ID 1237281; comunicado S&P 30/06/2026; data/raw/42154687000160/1237281_relat_rio_de_rating.txt; pp.1–2; https://fnet.bmfbovespa.com.br/fnet/publico/exibirDocumento?id=1237281&cvm=true,Série histórica identificada; spread/termo de emissão não localizado
MULTIPLIKE PLUS FUNDO DE INVESTIMENTO EM DIREITOS CREDITÓRIOS,42.154.687/0001-60,3ª mezanino — posição histórica maio/2026,Mezanino,Não localizado no corpus acessível desta revisão.,Não localizado no corpus acessível desta revisão.,Não localizado no corpus acessível desta revisão.,Não informado nas fontes consultadas,Volume de emissão não confirmado; PL da série não equivale à oferta,Não localizado no corpus acessível desta revisão.,Spread final não localizado; ato/suplemento preenchido não localizado.,Não localizado no corpus acessível desta revisão.,Vencimento indicado 09/2027; cronograma de parcelas não localizado,Não informado nas fontes consultadas,Fundos.NET ID 1237281; comunicado S&P 30/06/2026; data/raw/42154687000160/1237281_relat_rio_de_rating.txt; pp.1–2; https://fnet.bmfbovespa.com.br/fnet/publico/exibirDocumento?id=1237281&cvm=true,Série histórica identificada; spread/termo de emissão não localizado
MULTIPLIKE PLUS FUNDO DE INVESTIMENTO EM DIREITOS CREDITÓRIOS,42.154.687/0001-60,4ª mezanino — posição histórica maio/2026,Mezanino,Não localizado no corpus acessível desta revisão.,Não localizado no corpus acessível desta revisão.,Não localizado no corpus acessível desta revisão.,Não informado nas fontes consultadas,Volume de emissão não confirmado; PL da série não equivale à oferta,Não localizado no corpus acessível desta revisão.,Spread final não localizado; ato/suplemento preenchido não localizado.,Não localizado no corpus acessível desta revisão.,Vencimento indicado 09/2027; cronograma de parcelas não localizado,Não informado nas fontes consultadas,Fundos.NET ID 1237281; comunicado S&P 30/06/2026; data/raw/42154687000160/1237281_relat_rio_de_rating.txt; pp.1–2; https://fnet.bmfbovespa.com.br/fnet/publico/exibirDocumento?id=1237281&cvm=true,Série histórica identificada; spread/termo de emissão não localizado
MULTIPLIKE PLUS FUNDO DE INVESTIMENTO EM DIREITOS CREDITÓRIOS,42.154.687/0001-60,5ª mezanino — posição histórica maio/2026,Mezanino,Não localizado no corpus acessível desta revisão.,Não localizado no corpus acessível desta revisão.,Não localizado no corpus acessível desta revisão.,Não informado nas fontes consultadas,Volume de emissão não confirmado; PL da série não equivale à oferta,Não localizado no corpus acessível desta revisão.,Spread final não localizado; ato/suplemento preenchido não localizado.,Não localizado no corpus acessível desta revisão.,Vencimento indicado 10/2027; cronograma de parcelas não localizado,Não informado nas fontes consultadas,Fundos.NET ID 1237281; comunicado S&P 30/06/2026; data/raw/42154687000160/1237281_relat_rio_de_rating.txt; pp.1–2; https://fnet.bmfbovespa.com.br/fnet/publico/exibirDocumento?id=1237281&cvm=true,Série histórica identificada; spread/termo de emissão não localizado
MULTIPLIKE PLUS FUNDO DE INVESTIMENTO EM DIREITOS CREDITÓRIOS,42.154.687/0001-60,7ª mezanino — posição histórica maio/2026,Mezanino,Não localizado no corpus acessível desta revisão.,Não localizado no corpus acessível desta revisão.,Não localizado no corpus acessível desta revisão.,Não informado nas fontes consultadas,Volume de emissão não confirmado; PL da série não equivale à oferta,Não localizado no corpus acessível desta revisão.,Spread final não localizado; ato/suplemento preenchido não localizado.,Não localizado no corpus acessível desta revisão.,Vencimento indicado 12/2027; cronograma de parcelas não localizado,Não informado nas fontes consultadas,Fundos.NET ID 1237281; comunicado S&P 30/06/2026; data/raw/42154687000160/1237281_relat_rio_de_rating.txt; pp.1–2; https://fnet.bmfbovespa.com.br/fnet/publico/exibirDocumento?id=1237281&cvm=true,Série histórica identificada; spread/termo de emissão não localizado
MULTIPLIKE PLUS FUNDO DE INVESTIMENTO EM DIREITOS CREDITÓRIOS,42.154.687/0001-60,8ª mezanino — posição histórica maio/2026,Mezanino,Não localizado no corpus acessível desta revisão.,Não localizado no corpus acessível desta revisão.,Não localizado no corpus acessível desta revisão.,Não informado nas fontes consultadas,Volume de emissão não confirmado; PL da série não equivale à oferta,Não localizado no corpus acessível desta revisão.,Spread final não localizado; ato/suplemento preenchido não localizado.,Não localizado no corpus acessível desta revisão.,Vencimento indicado 03/2028; cronograma de parcelas não localizado,Não informado nas fontes consultadas,Fundos.NET ID 1237281; comunicado S&P 30/06/2026; data/raw/42154687000160/1237281_relat_rio_de_rating.txt; pp.1–2; https://fnet.bmfbovespa.com.br/fnet/publico/exibirDocumento?id=1237281&cvm=true,Série histórica identificada; spread/termo de emissão não localizado
MULTIPLIKE PLUS FUNDO DE INVESTIMENTO EM DIREITOS CREDITÓRIOS,42.154.687/0001-60,9ª mezanino — posição histórica maio/2026,Mezanino,Não localizado no corpus acessível desta revisão.,Não localizado no corpus acessível desta revisão.,Não localizado no corpus acessível desta revisão.,Não informado nas fontes consultadas,Volume de emissão não confirmado; PL da série não equivale à oferta,Não localizado no corpus acessível desta revisão.,Spread final não localizado; ato/suplemento preenchido não localizado.,Não localizado no corpus acessível desta revisão.,Vencimento indicado 05/2028; cronograma de parcelas não localizado,Não informado nas fontes consultadas,Fundos.NET ID 1237281; comunicado S&P 30/06/2026; data/raw/42154687000160/1237281_relat_rio_de_rating.txt; pp.1–2; https://fnet.bmfbovespa.com.br/fnet/publico/exibirDocumento?id=1237281&cvm=true,Série histórica identificada; spread/termo de emissão não localizado
MULTIPLIKE PLUS FUNDO DE INVESTIMENTO EM DIREITOS CREDITÓRIOS,42.154.687/0001-60,10ª mezanino — posição histórica maio/2026,Mezanino,Não localizado no corpus acessível desta revisão.,Não localizado no corpus acessível desta revisão.,Não localizado no corpus acessível desta revisão.,Não informado nas fontes consultadas,Volume de emissão não confirmado; PL da série não equivale à oferta,Não localizado no corpus acessível desta revisão.,Spread final não localizado; ato/suplemento preenchido não localizado.,Não localizado no corpus acessível desta revisão.,Vencimento indicado 10/2028; cronograma de parcelas não localizado,Não informado nas fontes consultadas,Fundos.NET ID 1237281; comunicado S&P 30/06/2026; data/raw/42154687000160/1237281_relat_rio_de_rating.txt; pp.1–2; https://fnet.bmfbovespa.com.br/fnet/publico/exibirDocumento?id=1237281&cvm=true,Série histórica identificada; spread/termo de emissão não localizado
MULTIPLIKE PLUS FUNDO DE INVESTIMENTO EM DIREITOS CREDITÓRIOS,42.154.687/0001-60,11ª mezanino — posição histórica maio/2026,Mezanino,Não localizado no corpus acessível desta revisão.,Não localizado no corpus acessível desta revisão.,Não localizado no corpus acessível desta revisão.,Não informado nas fontes consultadas,Volume de emissão não confirmado; PL da série não equivale à oferta,Não localizado no corpus acessível desta revisão.,Spread final não localizado; ato/suplemento preenchido não localizado.,Não localizado no corpus acessível desta revisão.,Vencimento indicado 10/2028; cronograma de parcelas não localizado,Não informado nas fontes consultadas,Fundos.NET ID 1237281; comunicado S&P 30/06/2026; data/raw/42154687000160/1237281_relat_rio_de_rating.txt; pp.1–2; https://fnet.bmfbovespa.com.br/fnet/publico/exibirDocumento?id=1237281&cvm=true,Série histórica identificada; spread/termo de emissão não localizado
MULTIPLIKE PLUS FUNDO DE INVESTIMENTO EM DIREITOS CREDITÓRIOS,42.154.687/0001-60,12ª mezanino — posição histórica maio/2026,Mezanino,Não localizado no corpus acessível desta revisão.,Não localizado no corpus acessível desta revisão.,Não localizado no corpus acessível desta revisão.,Não informado nas fontes consultadas,Volume de emissão não confirmado; PL da série não equivale à oferta,Não localizado no corpus acessível desta revisão.,Spread final não localizado; ato/suplemento preenchido não localizado.,Não localizado no corpus acessível desta revisão.,Vencimento indicado 11/2028; cronograma de parcelas não localizado,Não informado nas fontes consultadas,Fundos.NET ID 1237281; comunicado S&P 30/06/2026; data/raw/42154687000160/1237281_relat_rio_de_rating.txt; pp.1–2; https://fnet.bmfbovespa.com.br/fnet/publico/exibirDocumento?id=1237281&cvm=true,Série histórica identificada; spread/termo de emissão não localizado
MULTIPLIKE PLUS FUNDO DE INVESTIMENTO EM DIREITOS CREDITÓRIOS,42.154.687/0001-60,13ª mezanino — posição histórica maio/2026,Mezanino,Não localizado no corpus acessível desta revisão.,Não localizado no corpus acessível desta revisão.,Não localizado no corpus acessível desta revisão.,Não informado nas fontes consultadas,Volume de emissão não confirmado; PL da série não equivale à oferta,Não localizado no corpus acessível desta revisão.,Spread final não localizado; ato/suplemento preenchido não localizado.,Não localizado no corpus acessível desta revisão.,Vencimento indicado 11/2028; cronograma de parcelas não localizado,Não informado nas fontes consultadas,Fundos.NET ID 1237281; comunicado S&P 30/06/2026; data/raw/42154687000160/1237281_relat_rio_de_rating.txt; pp.1–2; https://fnet.bmfbovespa.com.br/fnet/publico/exibirDocumento?id=1237281&cvm=true,Série histórica identificada; spread/termo de emissão não localizado
MULTIPLIKE PLUS FUNDO DE INVESTIMENTO EM DIREITOS CREDITÓRIOS,42.154.687/0001-60,14ª mezanino — posição histórica maio/2026,Mezanino,Não localizado no corpus acessível desta revisão.,Não localizado no corpus acessível desta revisão.,Não localizado no corpus acessível desta revisão.,Não informado nas fontes consultadas,Volume de emissão não confirmado; PL da série não equivale à oferta,Não localizado no corpus acessível desta revisão.,Spread final não localizado; ato/suplemento preenchido não localizado.,Não localizado no corpus acessível desta revisão.,Vencimento indicado 03/2029; cronograma de parcelas não localizado,Não informado nas fontes consultadas,Fundos.NET ID 1237281; comunicado S&P 30/06/2026; data/raw/42154687000160/1237281_relat_rio_de_rating.txt; pp.1–2; https://fnet.bmfbovespa.com.br/fnet/publico/exibirDocumento?id=1237281&cvm=true,Série histórica identificada; spread/termo de emissão não localizado
MULTIPLIKE PLUS FUNDO DE INVESTIMENTO EM DIREITOS CREDITÓRIOS,42.154.687/0001-60,15ª mezanino — posição histórica maio/2026,Mezanino,Não localizado no corpus acessível desta revisão.,Não localizado no corpus acessível desta revisão.,Não localizado no corpus acessível desta revisão.,Não informado nas fontes consultadas,Volume de emissão não confirmado; PL da série não equivale à oferta,Não localizado no corpus acessível desta revisão.,Spread final não localizado; ato/suplemento preenchido não localizado.,Não localizado no corpus acessível desta revisão.,Vencimento indicado 03/2029; cronograma de parcelas não localizado,Não informado nas fontes consultadas,Fundos.NET ID 1237281; comunicado S&P 30/06/2026; data/raw/42154687000160/1237281_relat_rio_de_rating.txt; pp.1–2; https://fnet.bmfbovespa.com.br/fnet/publico/exibirDocumento?id=1237281&cvm=true,Série histórica identificada; spread/termo de emissão não localizado
MULTIPLIKE PLUS FUNDO DE INVESTIMENTO EM DIREITOS CREDITÓRIOS,42.154.687/0001-60,F mezanino — posição histórica maio/2026,Mezanino,Não localizado no corpus acessível desta revisão.,Não localizado no corpus acessível desta revisão.,Não localizado no corpus acessível desta revisão.,Não informado nas fontes consultadas,Volume de emissão não confirmado; PL da série não equivale à oferta,Não localizado no corpus acessível desta revisão.,Spread final não localizado; ato/suplemento preenchido não localizado.,Não localizado no corpus acessível desta revisão.,Vencimento indicado 11/2027; cronograma de parcelas não localizado,Não informado nas fontes consultadas,Fundos.NET ID 1237281; comunicado S&P 30/06/2026; data/raw/42154687000160/1237281_relat_rio_de_rating.txt; pp.1–2; https://fnet.bmfbovespa.com.br/fnet/publico/exibirDocumento?id=1237281&cvm=true,Série histórica identificada; spread/termo de emissão não localizado
CRÉDITO UNIVERSITÁRIO FUNDO DE INVESTIMENTO EM DIREITOS CREDITÓRIOS - RESPONSABILIDADE LIMITADA;,08.417.544/0001-65,Sênior — série não individualizada,Sênior,Não localizado no corpus acessível desta revisão.,Não localizado no corpus acessível desta revisão.,Não localizado no corpus acessível desta revisão.,Não informado nas fontes consultadas,Não localizado no corpus acessível desta revisão.,Não localizado no corpus acessível desta revisão.,Spread final não localizado; ato/suplemento preenchido não localizado.,Não localizado no corpus acessível desta revisão.,Não localizado no corpus acessível desta revisão.,Não informado nas fontes consultadas,Fundos.NET ID 784311; referência 18/11/2024; data/raw/08417544000165/784311_regulamento_cache_integral.txt; valoração das cotas e suplementos/apêndices; https://fnet.bmfbovespa.com.br/fnet/publico/exibirDocumento?id=784311&cvm=true,parcial — termos/suplemento final não localizado
CRÉDITO UNIVERSITÁRIO FUNDO DE INVESTIMENTO EM DIREITOS CREDITÓRIOS - RESPONSABILIDADE LIMITADA;,08.417.544/0001-65,Mezanino — série não individualizada,Mezanino,Não localizado no corpus acessível desta revisão.,Não localizado no corpus acessível desta revisão.,Não localizado no corpus acessível desta revisão.,Não informado nas fontes consultadas,Não localizado no corpus acessível desta revisão.,Não localizado no corpus acessível desta revisão.,Spread final não localizado; ato/suplemento preenchido não localizado.,Não localizado no corpus acessível desta revisão.,Não localizado no corpus acessível desta revisão.,Não informado nas fontes consultadas,Fundos.NET ID 784311; referência 18/11/2024; data/raw/08417544000165/784311_regulamento_cache_integral.txt; valoração das cotas e suplementos/apêndices; https://fnet.bmfbovespa.com.br/fnet/publico/exibirDocumento?id=784311&cvm=true,parcial — termos/suplemento final não localizado
CRÉDITO UNIVERSITÁRIO FUNDO DE INVESTIMENTO EM DIREITOS CREDITÓRIOS - RESPONSABILIDADE LIMITADA;,08.417.544/0001-65,Júnior — série não individualizada,Júnior,Não localizado no corpus acessível desta revisão.,Não localizado no corpus acessível desta revisão.,Não localizado no corpus acessível desta revisão.,Não informado nas fontes consultadas,Não localizado no corpus acessível desta revisão.,Não localizado no corpus acessível desta revisão.,Spread final não localizado; ato/suplemento preenchido não localizado.,Não localizado no corpus acessível desta revisão.,Não localizado no corpus acessível desta revisão.,Não informado nas fontes consultadas,Fundos.NET ID 784311; referência 18/11/2024; data/raw/08417544000165/784311_regulamento_cache_integral.txt; valoração das cotas e suplementos/apêndices; https://fnet.bmfbovespa.com.br/fnet/publico/exibirDocumento?id=784311&cvm=true,parcial — termos/suplemento final não localizado
CRÉDITO UNIVERSITÁRIO IV FUNDO DE INVESTIMENTO EM DIREITOS CREDITÓRIOS - RESPONSABILIDADE LIMITADA,55.983.705/0001-68,Sênior — série não individualizada,Sênior,Não localizado no corpus acessível desta revisão.,Não localizado no corpus acessível desta revisão.,Não localizado no corpus acessível desta revisão.,Não informado nas fontes consultadas,Não localizado no corpus acessível desta revisão.,Não localizado no corpus acessível desta revisão.,Spread final não localizado; ato/suplemento preenchido não localizado.,Não localizado no corpus acessível desta revisão.,Não localizado no corpus acessível desta revisão.,Não informado nas fontes consultadas,Fundos.NET ID 1149324; referência 26/03/2026; data/raw/55983705000168/1149324_regulamento_cache_integral.txt; valoração das cotas e suplementos/apêndices; https://fnet.bmfbovespa.com.br/fnet/publico/exibirDocumento?id=1149324&cvm=true,parcial — termos/suplemento final não localizado
CRÉDITO UNIVERSITÁRIO IV FUNDO DE INVESTIMENTO EM DIREITOS CREDITÓRIOS - RESPONSABILIDADE LIMITADA,55.983.705/0001-68,Mezanino — série não individualizada,Mezanino,Não localizado no corpus acessível desta revisão.,Não localizado no corpus acessível desta revisão.,Não localizado no corpus acessível desta revisão.,Não informado nas fontes consultadas,Não localizado no corpus acessível desta revisão.,Não localizado no corpus acessível desta revisão.,Spread final não localizado; ato/suplemento preenchido não localizado.,Não localizado no corpus acessível desta revisão.,Não localizado no corpus acessível desta revisão.,Não informado nas fontes consultadas,Fundos.NET ID 1149324; referência 26/03/2026; data/raw/55983705000168/1149324_regulamento_cache_integral.txt; valoração das cotas e suplementos/apêndices; https://fnet.bmfbovespa.com.br/fnet/publico/exibirDocumento?id=1149324&cvm=true,parcial — termos/suplemento final não localizado
CRÉDITO UNIVERSITÁRIO IV FUNDO DE INVESTIMENTO EM DIREITOS CREDITÓRIOS - RESPONSABILIDADE LIMITADA,55.983.705/0001-68,Júnior — série não individualizada,Júnior,Não localizado no corpus acessível desta revisão.,Não localizado no corpus acessível desta revisão.,Não localizado no corpus acessível desta revisão.,Não informado nas fontes consultadas,Não localizado no corpus acessível desta revisão.,Não localizado no corpus acessível desta revisão.,Spread final não localizado; ato/suplemento preenchido não localizado.,Não localizado no corpus acessível desta revisão.,Não localizado no corpus acessível desta revisão.,Não informado nas fontes consultadas,Fundos.NET ID 1149324; referência 26/03/2026; data/raw/55983705000168/1149324_regulamento_cache_integral.txt; valoração das cotas e suplementos/apêndices; https://fnet.bmfbovespa.com.br/fnet/publico/exibirDocumento?id=1149324&cvm=true,parcial — termos/suplemento final não localizado
CREDITO UNIVERSITARIO III FUNDO DE INVESTIMENTO EM DIREITOS CREDITÓRIOS - RESPONSABILIDADE LIMITADA,34.408.539/0001-04,4ª sênior,Sênior,25/05/2026 na ata; apêndice mezanino fecha em 12/05/2026,Data efetiva não localizada; prazo de 60 meses depende dela,Distribuição em até 180 dias; encerramento efetivo não localizado,Não informado nas fontes consultadas,"Até R$ 119,7 milhões","R$ 1.000,00","DI + 1,50% a.a.",Mensal na data de aniversário; conforme disponibilidade de caixa,Carência 12 parcelas; 48 parcelas lineares da 13ª à 60ª; subordinada às prioridades,Não informado nas fontes consultadas,"Fundos.NET ID 1203913; referência 25/05/2026; data/raw/34408539000104/1203913_regulamento_cache_integral.txt; Anexos II e III, Meta de Remuneração; https://fnet.bmfbovespa.com.br/fnet/publico/exibirDocumento?id=1203913&cvm=true",Apêndice preenchido; distribuição/primeira integralização não confirmadas
CREDITO UNIVERSITARIO III FUNDO DE INVESTIMENTO EM DIREITOS CREDITÓRIOS - RESPONSABILIDADE LIMITADA,34.408.539/0001-04,3ª mezanino,Mezanino,25/05/2026 na ata; apêndice mezanino fecha em 12/05/2026,Data efetiva não localizada; prazo de 60 meses depende dela,Distribuição em até 180 dias; encerramento efetivo não localizado,Não informado nas fontes consultadas,"Até R$ 5,32 milhões","R$ 1.000,00","DI + 2,70% a.a.",Mensal na data de aniversário; conforme disponibilidade de caixa,Carência 12 parcelas; 48 parcelas lineares da 13ª à 60ª; subordinada às prioridades,Não informado nas fontes consultadas,"Fundos.NET ID 1203913; referência 25/05/2026; data/raw/34408539000104/1203913_regulamento_cache_integral.txt; Anexos II e III, Meta de Remuneração; https://fnet.bmfbovespa.com.br/fnet/publico/exibirDocumento?id=1203913&cvm=true",Apêndice preenchido; distribuição/primeira integralização não confirmadas
SOL AGORA GREEN ESG FIDC IS SEGMENTO FINANCEIRO DE RESPONSABILIDADE LIMITADA,47.640.584/0001-23,Séries não identificadas por falha de acesso,Tipo não confirmado,Não localizado no corpus acessível desta revisão.,Não localizado no corpus acessível desta revisão.,Não localizado no corpus acessível desta revisão.,Não informado nas fontes consultadas,Não localizado no corpus acessível desta revisão.,Não localizado no corpus acessível desta revisão.,Spread final não localizado; ato/suplemento preenchido não localizado.,Não localizado no corpus acessível desta revisão.,Não localizado no corpus acessível desta revisão.,Não informado nas fontes consultadas,CNPJ 47640584000123; falha Fundos.NET registrada em data/raw/47640584000123/access_status_20261007.txt; revisão 2026-10-07T14:53:15-03:00,parcial — termos/suplemento final não localizado
IS SOL AGORA GREEN II ESG FIDC SEGMENTO FINANCEIRO DE RESPONSABILIDADE LIMITADA,53.164.652/0001-28,Séries não identificadas no documento acessível,Tipo não confirmado,Não localizado no corpus acessível desta revisão.,Não localizado no corpus acessível desta revisão.,Não localizado no corpus acessível desta revisão.,Não informado nas fontes consultadas,Não localizado no corpus acessível desta revisão.,Não localizado no corpus acessível desta revisão.,Spread final não localizado; ato/suplemento preenchido não localizado.,Não localizado no corpus acessível desta revisão.,Não localizado no corpus acessível desta revisão.,Não informado nas fontes consultadas,"Fundos.NET ID 1337687; referência 01/10/2026; data/raw/53164652000128/1337687_documento.txt; pp.1–3, ato de alteração; https://fnet.bmfbovespa.com.br/fnet/publico/exibirDocumento?id=1337687&cvm=true",parcial — termos/suplemento final não localizado
SOL AGORA GREEN III ESG FIDC IS SEGMENTO FINANCEIRO RESPONSABILIDADE LIMITADA,58.510.255/0001-84,Séries não identificadas por falha de acesso,Tipo não confirmado,Não localizado no corpus acessível desta revisão.,Não localizado no corpus acessível desta revisão.,Não localizado no corpus acessível desta revisão.,Não informado nas fontes consultadas,Não localizado no corpus acessível desta revisão.,Não localizado no corpus acessível desta revisão.,Spread final não localizado; ato/suplemento preenchido não localizado.,Não localizado no corpus acessível desta revisão.,Não localizado no corpus acessível desta revisão.,Não informado nas fontes consultadas,CNPJ 58510255000184; falha Fundos.NET registrada em data/raw/58510255000184/access_status_20261007.txt; revisão 2026-10-07T14:53:15-03:00,parcial — termos/suplemento final não localizado
SOL AGORA IV FIDC SEGMENTO FINANCEIRO DE RESPONSABILIDADE LIMITADA,65.473.122/0001-40,1ª sênior,Sênior,23/03/2026,Data efetiva não localizada,"Até 180 dias do anúncio de início, sem data real confirmada",Não informado nas fontes consultadas,R$ 450 milhões aprovados,"R$ 1.000,00","DI + 1,75% a.a.",Mensal no 7º DU; prazo 108 meses desde primeira integralização,Após carência conforme item 14.2 do regulamento ausente; calendário fechado não identificado,Não informado nas fontes consultadas,Fundos.NET ID 1157550; 23/03/2026; data/raw/65473122000140/1157550_regulamento.txt; pp.4–5; https://fnet.bmfbovespa.com.br/fnet/publico/exibirDocumento?id=1157550&cvm=true,Apêndice preenchido/volume aprovado; regulamento e distribuição efetiva não confirmados
SOL AGORA IV FIDC SEGMENTO FINANCEIRO DE RESPONSABILIDADE LIMITADA,65.473.122/0001-40,1ª mezanino A,Mezanino A,23/03/2026,Data efetiva não localizada,"Até 180 dias do anúncio de início, sem data real confirmada",Não informado nas fontes consultadas,R$ 75 milhões aprovados,"R$ 1.000,00","DI + 4,80% a.a.",Mensal no 7º DU; prazo 108 meses desde primeira integralização,Após carência conforme item 14.2 do regulamento ausente; calendário fechado não identificado,Não informado nas fontes consultadas,Fundos.NET ID 1157550; 23/03/2026; data/raw/65473122000140/1157550_regulamento.txt; pp.6–7; https://fnet.bmfbovespa.com.br/fnet/publico/exibirDocumento?id=1157550&cvm=true,Apêndice preenchido/volume aprovado; regulamento e distribuição efetiva não confirmados
SOL AGORA IV FIDC SEGMENTO FINANCEIRO DE RESPONSABILIDADE LIMITADA,65.473.122/0001-40,1ª mezanino B,Mezanino B,23/03/2026,Data efetiva não localizada,"Até 180 dias do anúncio de início, sem data real confirmada",Não informado nas fontes consultadas,"R$ 37,5 milhões aprovados","R$ 1.000,00","DI + 8,00% a.a.",Mensal no 7º DU; prazo 108 meses desde primeira integralização,Após carência conforme item 14.2 do regulamento ausente; calendário fechado não identificado,Não informado nas fontes consultadas,Fundos.NET ID 1157550; 23/03/2026; data/raw/65473122000140/1157550_regulamento.txt; pp.8–9; https://fnet.bmfbovespa.com.br/fnet/publico/exibirDocumento?id=1157550&cvm=true,Apêndice preenchido/volume aprovado; regulamento e distribuição efetiva não confirmados
SOL AGORA IV FIDC SEGMENTO FINANCEIRO DE RESPONSABILIDADE LIMITADA,65.473.122/0001-40,Júnior,Júnior,23/03/2026,Data efetiva não localizada,Colocação privada; data efetiva não localizada,Não informado nas fontes consultadas,"R$ 37,5 milhões aprovados","R$ 1.000,00",Benchmark não definido no apêndice; remuneração residual não confirmada sem regulamento,Remetido ao regulamento ausente,Após carência conforme item 14.2 do regulamento ausente; calendário fechado não identificado,Não informado nas fontes consultadas,Fundos.NET ID 1157550; 23/03/2026; data/raw/65473122000140/1157550_regulamento.txt; p.10; https://fnet.bmfbovespa.com.br/fnet/publico/exibirDocumento?id=1157550&cvm=true,Apêndice preenchido/volume aprovado; regulamento e distribuição efetiva não confirmados
WAREHOUSE SOL AGORA FUNDO DE INVESTIMENTO EM DIREITOS CREDITÓRIOS SEGMENTO FINANCEIRO RESP LIMITADA,64.330.030/0001-49,1ª emissão júnior,Júnior,20/02/2026,Primeira integralização conforme boletim; data real não localizada,Colocação privada; data real não localizada,Não informado nas fontes consultadas,R$ 25 milhões aprovados / 25 mil cotas,"R$ 1.000,00",Benchmark/spread não definido no apêndice disponível,Datas remetidas ao regulamento ausente,Remetida ao regulamento; cronograma fechado não identificado,Não informado nas fontes consultadas,"Fundos.NET ID 1132983; referência 20/02/2026; data/raw/64330030000149/1132983_documento.txt; pp.4,6; https://fnet.bmfbovespa.com.br/fnet/publico/exibirDocumento?id=1132983&cvm=true",Emissão aprovada; distribuição efetiva e regulamento não confirmados
FUNDO DE INVESTIMENTO EM DIREITOS CREDITÓRIOS IS GREEN SOLFÁCIL I DE RESPONSABILIDADE LIMITADA,36.771.685/0001-17,Séries sênior não individualizadas,Sênior,Não localizado no corpus acessível desta revisão.,Não localizado no corpus acessível desta revisão.,Não localizado no corpus acessível desta revisão.,Não informado nas fontes consultadas,Não localizado no corpus acessível desta revisão.,Não localizado no corpus acessível desta revisão.,Spread final não localizado; ato/suplemento preenchido não localizado.,Não localizado no corpus acessível desta revisão.,Não localizado no corpus acessível desta revisão.,Não informado nas fontes consultadas,Fundos.NET ID 790882; referência 16/11/2024; data/raw/36771685000117/790882_regulamento_16-11-2024.txt; capítulo de cotas e modelos de apêndices; https://fnet.bmfbovespa.com.br/fnet/publico/exibirDocumento?id=790882&cvm=true,parcial — termos/suplemento final não localizado
FUNDO DE INVESTIMENTO EM DIREITOS CREDITÓRIOS IS GREEN SOLFÁCIL I DE RESPONSABILIDADE LIMITADA,36.771.685/0001-17,Séries mezanino não individualizadas,Mezanino,Não localizado no corpus acessível desta revisão.,Não localizado no corpus acessível desta revisão.,Não localizado no corpus acessível desta revisão.,Não informado nas fontes consultadas,Não localizado no corpus acessível desta revisão.,Não localizado no corpus acessível desta revisão.,Spread final não localizado; ato/suplemento preenchido não localizado.,Não localizado no corpus acessível desta revisão.,Não localizado no corpus acessível desta revisão.,Não informado nas fontes consultadas,Fundos.NET ID 790882; referência 16/11/2024; data/raw/36771685000117/790882_regulamento_16-11-2024.txt; capítulo de cotas e modelos de apêndices; https://fnet.bmfbovespa.com.br/fnet/publico/exibirDocumento?id=790882&cvm=true,parcial — termos/suplemento final não localizado
FUNDO DE INVESTIMENTO EM DIREITOS CREDITÓRIOS IS GREEN SOLFÁCIL I DE RESPONSABILIDADE LIMITADA,36.771.685/0001-17,Séries júnior não individualizadas,Júnior,Não localizado no corpus acessível desta revisão.,Não localizado no corpus acessível desta revisão.,Não localizado no corpus acessível desta revisão.,Não informado nas fontes consultadas,Não localizado no corpus acessível desta revisão.,Não localizado no corpus acessível desta revisão.,Spread final não localizado; ato/suplemento preenchido não localizado.,Não localizado no corpus acessível desta revisão.,Não localizado no corpus acessível desta revisão.,Não informado nas fontes consultadas,Fundos.NET ID 790882; referência 16/11/2024; data/raw/36771685000117/790882_regulamento_16-11-2024.txt; capítulo de cotas e modelos de apêndices; https://fnet.bmfbovespa.com.br/fnet/publico/exibirDocumento?id=790882&cvm=true,parcial — termos/suplemento final não localizado
FUNDO DE INVESTIMENTO EM DIREITOS CREDITÓRIOS IS GREEN SOLFÁCIL V DE RESPONSABILIDADE LIMITADA,47.240.785/0001-33,Séries sênior não individualizadas,Sênior,Não localizado no corpus acessível desta revisão.,Não localizado no corpus acessível desta revisão.,Não localizado no corpus acessível desta revisão.,Não informado nas fontes consultadas,Não localizado no corpus acessível desta revisão.,Não localizado no corpus acessível desta revisão.,Spread final não localizado; ato/suplemento preenchido não localizado.,Não localizado no corpus acessível desta revisão.,Não localizado no corpus acessível desta revisão.,Não informado nas fontes consultadas,Fundos.NET ID 791217; referência 19/11/2024; data/raw/47240785000133/791217_regulamento_19-11-2024.txt; capítulo de cotas e modelos de apêndices; https://fnet.bmfbovespa.com.br/fnet/publico/exibirDocumento?id=791217&cvm=true,parcial — termos/suplemento final não localizado
FUNDO DE INVESTIMENTO EM DIREITOS CREDITÓRIOS IS GREEN SOLFÁCIL V DE RESPONSABILIDADE LIMITADA,47.240.785/0001-33,Séries mezanino não individualizadas,Mezanino,Não localizado no corpus acessível desta revisão.,Não localizado no corpus acessível desta revisão.,Não localizado no corpus acessível desta revisão.,Não informado nas fontes consultadas,Não localizado no corpus acessível desta revisão.,Não localizado no corpus acessível desta revisão.,Spread final não localizado; ato/suplemento preenchido não localizado.,Não localizado no corpus acessível desta revisão.,Não localizado no corpus acessível desta revisão.,Não informado nas fontes consultadas,Fundos.NET ID 791217; referência 19/11/2024; data/raw/47240785000133/791217_regulamento_19-11-2024.txt; capítulo de cotas e modelos de apêndices; https://fnet.bmfbovespa.com.br/fnet/publico/exibirDocumento?id=791217&cvm=true,parcial — termos/suplemento final não localizado
FUNDO DE INVESTIMENTO EM DIREITOS CREDITÓRIOS IS GREEN SOLFÁCIL V DE RESPONSABILIDADE LIMITADA,47.240.785/0001-33,Séries júnior não individualizadas,Júnior,Não localizado no corpus acessível desta revisão.,Não localizado no corpus acessível desta revisão.,Não localizado no corpus acessível desta revisão.,Não informado nas fontes consultadas,Não localizado no corpus acessível desta revisão.,Não localizado no corpus acessível desta revisão.,Spread final não localizado; ato/suplemento preenchido não localizado.,Não localizado no corpus acessível desta revisão.,Não localizado no corpus acessível desta revisão.,Não informado nas fontes consultadas,Fundos.NET ID 791217; referência 19/11/2024; data/raw/47240785000133/791217_regulamento_19-11-2024.txt; capítulo de cotas e modelos de apêndices; https://fnet.bmfbovespa.com.br/fnet/publico/exibirDocumento?id=791217&cvm=true,parcial — termos/suplemento final não localizado
IS GREEN SOLFÁCIL II FUNDO DE INVESTIMENTO EM DIREITOS CREDITÓRIOS DE RESPONSABILIDADE LIMITADA,42.462.306/0001-00,Séries sênior não individualizadas,Sênior,Não localizado no corpus acessível desta revisão.,Não localizado no corpus acessível desta revisão.,Não localizado no corpus acessível desta revisão.,Não informado nas fontes consultadas,Não localizado no corpus acessível desta revisão.,Não localizado no corpus acessível desta revisão.,Spread final não localizado; ato/suplemento preenchido não localizado.,Não localizado no corpus acessível desta revisão.,Não localizado no corpus acessível desta revisão.,Não informado nas fontes consultadas,Fundos.NET ID 896879; referência 05/05/2025; data/raw/42462306000100/896879_regulamento_05-05-2025.txt; capítulo de cotas e modelos de apêndices; https://fnet.bmfbovespa.com.br/fnet/publico/exibirDocumento?id=896879&cvm=true,parcial — termos/suplemento final não localizado
IS GREEN SOLFÁCIL II FUNDO DE INVESTIMENTO EM DIREITOS CREDITÓRIOS DE RESPONSABILIDADE LIMITADA,42.462.306/0001-00,Séries mezanino não individualizadas,Mezanino,Não localizado no corpus acessível desta revisão.,Não localizado no corpus acessível desta revisão.,Não localizado no corpus acessível desta revisão.,Não informado nas fontes consultadas,Não localizado no corpus acessível desta revisão.,Não localizado no corpus acessível desta revisão.,Spread final não localizado; ato/suplemento preenchido não localizado.,Não localizado no corpus acessível desta revisão.,Não localizado no corpus acessível desta revisão.,Não informado nas fontes consultadas,Fundos.NET ID 896879; referência 05/05/2025; data/raw/42462306000100/896879_regulamento_05-05-2025.txt; capítulo de cotas e modelos de apêndices; https://fnet.bmfbovespa.com.br/fnet/publico/exibirDocumento?id=896879&cvm=true,parcial — termos/suplemento final não localizado
IS GREEN SOLFÁCIL II FUNDO DE INVESTIMENTO EM DIREITOS CREDITÓRIOS DE RESPONSABILIDADE LIMITADA,42.462.306/0001-00,Séries júnior não individualizadas,Júnior,Não localizado no corpus acessível desta revisão.,Não localizado no corpus acessível desta revisão.,Não localizado no corpus acessível desta revisão.,Não informado nas fontes consultadas,Não localizado no corpus acessível desta revisão.,Não localizado no corpus acessível desta revisão.,Spread final não localizado; ato/suplemento preenchido não localizado.,Não localizado no corpus acessível desta revisão.,Não localizado no corpus acessível desta revisão.,Não informado nas fontes consultadas,Fundos.NET ID 896879; referência 05/05/2025; data/raw/42462306000100/896879_regulamento_05-05-2025.txt; capítulo de cotas e modelos de apêndices; https://fnet.bmfbovespa.com.br/fnet/publico/exibirDocumento?id=896879&cvm=true,parcial — termos/suplemento final não localizado
IS GREEN SOLFÁCIL III FUNDO DE INVESTIMENTO EM DIREITOS CREDITÓRIOS RESPONSABILIDADE LIMITADA,49.920.525/0001-34,Séries sênior não individualizadas,Sênior,Não localizado no corpus acessível desta revisão.,Não localizado no corpus acessível desta revisão.,Não localizado no corpus acessível desta revisão.,Não informado nas fontes consultadas,Não localizado no corpus acessível desta revisão.,Não localizado no corpus acessível desta revisão.,Spread final não localizado; ato/suplemento preenchido não localizado.,Não localizado no corpus acessível desta revisão.,Não localizado no corpus acessível desta revisão.,Não informado nas fontes consultadas,Fundos.NET ID 1076645; referência 30/12/2025; data/raw/49920525000134/1076645_regulamento_30-12-2025.txt; capítulo de cotas e modelos de apêndices; https://fnet.bmfbovespa.com.br/fnet/publico/exibirDocumento?id=1076645&cvm=true,parcial — termos/suplemento final não localizado
IS GREEN SOLFÁCIL III FUNDO DE INVESTIMENTO EM DIREITOS CREDITÓRIOS RESPONSABILIDADE LIMITADA,49.920.525/0001-34,Séries mezanino não individualizadas,Mezanino,Não localizado no corpus acessível desta revisão.,Não localizado no corpus acessível desta revisão.,Não localizado no corpus acessível desta revisão.,Não informado nas fontes consultadas,Não localizado no corpus acessível desta revisão.,Não localizado no corpus acessível desta revisão.,Spread final não localizado; ato/suplemento preenchido não localizado.,Não localizado no corpus acessível desta revisão.,Não localizado no corpus acessível desta revisão.,Não informado nas fontes consultadas,Fundos.NET ID 1076645; referência 30/12/2025; data/raw/49920525000134/1076645_regulamento_30-12-2025.txt; capítulo de cotas e modelos de apêndices; https://fnet.bmfbovespa.com.br/fnet/publico/exibirDocumento?id=1076645&cvm=true,parcial — termos/suplemento final não localizado
IS GREEN SOLFÁCIL III FUNDO DE INVESTIMENTO EM DIREITOS CREDITÓRIOS RESPONSABILIDADE LIMITADA,49.920.525/0001-34,Séries júnior não individualizadas,Júnior,Não localizado no corpus acessível desta revisão.,Não localizado no corpus acessível desta revisão.,Não localizado no corpus acessível desta revisão.,Não informado nas fontes consultadas,Não localizado no corpus acessível desta revisão.,Não localizado no corpus acessível desta revisão.,Spread final não localizado; ato/suplemento preenchido não localizado.,Não localizado no corpus acessível desta revisão.,Não localizado no corpus acessível desta revisão.,Não informado nas fontes consultadas,Fundos.NET ID 1076645; referência 30/12/2025; data/raw/49920525000134/1076645_regulamento_30-12-2025.txt; capítulo de cotas e modelos de apêndices; https://fnet.bmfbovespa.com.br/fnet/publico/exibirDocumento?id=1076645&cvm=true,parcial — termos/suplemento final não localizado
IS GREEN SOLFÁCIL VII FINANCEIRO FUNDO DE INVESTIMENTO EM DIREITOS CREDITÓRIOS RESP LIMITADA LIM,63.505.455/0001-89,Séries sênior não individualizadas,Sênior,Não localizado no corpus acessível desta revisão.,Não localizado no corpus acessível desta revisão.,Não localizado no corpus acessível desta revisão.,Não informado nas fontes consultadas,Não localizado no corpus acessível desta revisão.,Não localizado no corpus acessível desta revisão.,Spread final não localizado; ato/suplemento preenchido não localizado.,Não localizado no corpus acessível desta revisão.,Não localizado no corpus acessível desta revisão.,Não informado nas fontes consultadas,Fundos.NET ID 1199536; referência 14/05/2026; data/raw/63505455000189/1199536_regulamento_14-05-2026.txt; capítulo de cotas e modelos de apêndices; https://fnet.bmfbovespa.com.br/fnet/publico/exibirDocumento?id=1199536&cvm=true,parcial — termos/suplemento final não localizado
IS GREEN SOLFÁCIL VII FINANCEIRO FUNDO DE INVESTIMENTO EM DIREITOS CREDITÓRIOS RESP LIMITADA LIM,63.505.455/0001-89,Séries mezanino não individualizadas,Mezanino,Não localizado no corpus acessível desta revisão.,Não localizado no corpus acessível desta revisão.,Não localizado no corpus acessível desta revisão.,Não informado nas fontes consultadas,Não localizado no corpus acessível desta revisão.,Não localizado no corpus acessível desta revisão.,Spread final não localizado; ato/suplemento preenchido não localizado.,Não localizado no corpus acessível desta revisão.,Não localizado no corpus acessível desta revisão.,Não informado nas fontes consultadas,Fundos.NET ID 1199536; referência 14/05/2026; data/raw/63505455000189/1199536_regulamento_14-05-2026.txt; capítulo de cotas e modelos de apêndices; https://fnet.bmfbovespa.com.br/fnet/publico/exibirDocumento?id=1199536&cvm=true,parcial — termos/suplemento final não localizado
IS GREEN SOLFÁCIL VII FINANCEIRO FUNDO DE INVESTIMENTO EM DIREITOS CREDITÓRIOS RESP LIMITADA LIM,63.505.455/0001-89,Séries júnior não individualizadas,Júnior,Não localizado no corpus acessível desta revisão.,Não localizado no corpus acessível desta revisão.,Não localizado no corpus acessível desta revisão.,Não informado nas fontes consultadas,Não localizado no corpus acessível desta revisão.,Não localizado no corpus acessível desta revisão.,Spread final não localizado; ato/suplemento preenchido não localizado.,Não localizado no corpus acessível desta revisão.,Não localizado no corpus acessível desta revisão.,Não informado nas fontes consultadas,Fundos.NET ID 1199536; referência 14/05/2026; data/raw/63505455000189/1199536_regulamento_14-05-2026.txt; capítulo de cotas e modelos de apêndices; https://fnet.bmfbovespa.com.br/fnet/publico/exibirDocumento?id=1199536&cvm=true,parcial — termos/suplemento final não localizado
SOLFÁCIL IV FUNDO DE INVESTIMENTO EM DIREITOS CREDITÓRIOS,44.909.456/0001-44,Séries sênior não individualizadas,Sênior,Não localizado no corpus acessível desta revisão.,Não localizado no corpus acessível desta revisão.,Não localizado no corpus acessível desta revisão.,Não informado nas fontes consultadas,Não localizado no corpus acessível desta revisão.,Não localizado no corpus acessível desta revisão.,Spread final não localizado; ato/suplemento preenchido não localizado.,Não localizado no corpus acessível desta revisão.,Não localizado no corpus acessível desta revisão.,Não informado nas fontes consultadas,Fundos.NET ID 1030295; referência 23/10/2025; data/raw/44909456000144/1030295_regulamento_23-10-2025.txt; capítulo de cotas e modelos de apêndices; https://fnet.bmfbovespa.com.br/fnet/publico/exibirDocumento?id=1030295&cvm=true,parcial — termos/suplemento final não localizado
SOLFÁCIL IV FUNDO DE INVESTIMENTO EM DIREITOS CREDITÓRIOS,44.909.456/0001-44,Séries mezanino não individualizadas,Mezanino,Não localizado no corpus acessível desta revisão.,Não localizado no corpus acessível desta revisão.,Não localizado no corpus acessível desta revisão.,Não informado nas fontes consultadas,Não localizado no corpus acessível desta revisão.,Não localizado no corpus acessível desta revisão.,Spread final não localizado; ato/suplemento preenchido não localizado.,Não localizado no corpus acessível desta revisão.,Não localizado no corpus acessível desta revisão.,Não informado nas fontes consultadas,Fundos.NET ID 1030295; referência 23/10/2025; data/raw/44909456000144/1030295_regulamento_23-10-2025.txt; capítulo de cotas e modelos de apêndices; https://fnet.bmfbovespa.com.br/fnet/publico/exibirDocumento?id=1030295&cvm=true,parcial — termos/suplemento final não localizado
SOLFÁCIL IV FUNDO DE INVESTIMENTO EM DIREITOS CREDITÓRIOS,44.909.456/0001-44,Séries júnior não individualizadas,Júnior,Não localizado no corpus acessível desta revisão.,Não localizado no corpus acessível desta revisão.,Não localizado no corpus acessível desta revisão.,Não informado nas fontes consultadas,Não localizado no corpus acessível desta revisão.,Não localizado no corpus acessível desta revisão.,Spread final não localizado; ato/suplemento preenchido não localizado.,Não localizado no corpus acessível desta revisão.,Não localizado no corpus acessível desta revisão.,Não informado nas fontes consultadas,Fundos.NET ID 1030295; referência 23/10/2025; data/raw/44909456000144/1030295_regulamento_23-10-2025.txt; capítulo de cotas e modelos de apêndices; https://fnet.bmfbovespa.com.br/fnet/publico/exibirDocumento?id=1030295&cvm=true,parcial — termos/suplemento final não localizado
SOLFÁCIL IV FUNDO DE INVESTIMENTO EM DIREITOS CREDITÓRIOS,44.909.456/0001-44,1ª emissão mezanino — suplemento histórico de 2022,Mezanino,Não localizado no corpus acessível desta revisão.,Não localizado no corpus acessível desta revisão.,Não localizado no corpus acessível desta revisão.,Não informado nas fontes consultadas,Não localizado no corpus acessível desta revisão.,Valor de abertura na integralização; VNU final atual não confirmado,"Taxa DI + 6,65% (texto histórico; vigência atual não confirmada)","Mensal, dia 15 ou próximo útil; histórico 2022",Antecipação por eventos ou após limite de chamada sênior; cronograma atual não confirmado,Não informado nas fontes consultadas,"Fundos.NET ID 344609; referência 26/08/2022; data/raw/44909456000144/344609_regulamento_26-08-2022.txt; pp.124–125, suplemento mezanino; https://fnet.bmfbovespa.com.br/fnet/publico/exibirDocumento?id=344609&cvm=true",Histórico — suplemento contém data de assinatura não preenchida; não confirmado como emissão atual
CARTÃO DE COMPRA SUPPLIER FUNDO DE INVESTIMENTO EM DIREITOS CREDITÓRIOS - RESPONSABILIDADE LIMITADA,08.692.888/0001-82,Sênior,Sênior,Não informado nas fontes consultadas,Não informado nas fontes consultadas,Não informado nas fontes consultadas,Não informado nas fontes consultadas,Não informado nas fontes consultadas,Não informado nas fontes consultadas,"DI + 1,20% a.a.",Meta de rentabilidade; prêmios temporários até 31/10/2024 não tratados como atuais,Cronograma fechado não identificado; conferir cada série,Termos identificados na fonte; datas efetivas requerem documentos de integralização,data/raw/08692888000182/772020_regulamento.pdf · ID 772020 · 05/11/2024 · p. 33 e 59 · https://fnet.bmfbovespa.com.br/fnet/publico/visualizarDocumento?id=772020,Leitura documental verificada com ressalvas explícitas
CARTÃO DE COMPRA SUPPLIER FUNDO DE INVESTIMENTO EM DIREITOS CREDITÓRIOS - RESPONSABILIDADE LIMITADA,08.692.888/0001-82,Mezanino I,Mezanino,Não informado nas fontes consultadas,Não informado nas fontes consultadas,Não informado nas fontes consultadas,Não informado nas fontes consultadas,Não informado nas fontes consultadas,Não informado nas fontes consultadas,"DI + 2,00% a.a.",Meta de rentabilidade; prêmios temporários até 31/10/2024 não tratados como atuais,Cronograma fechado não identificado; conferir cada série,Termos identificados na fonte; datas efetivas requerem documentos de integralização,data/raw/08692888000182/772020_regulamento.pdf · ID 772020 · 05/11/2024 · p. 33 e 59 · https://fnet.bmfbovespa.com.br/fnet/publico/visualizarDocumento?id=772020,Leitura documental verificada com ressalvas explícitas
CARTÃO DE COMPRA SUPPLIER FUNDO DE INVESTIMENTO EM DIREITOS CREDITÓRIOS - RESPONSABILIDADE LIMITADA,08.692.888/0001-82,Mezanino II,Mezanino,Não informado nas fontes consultadas,Não informado nas fontes consultadas,Não informado nas fontes consultadas,Não informado nas fontes consultadas,Não informado nas fontes consultadas,Não informado nas fontes consultadas,"DI + 4,00% a.a.",Meta de rentabilidade; prêmios temporários até 31/10/2024 não tratados como atuais,Cronograma fechado não identificado; conferir cada série,Termos identificados na fonte; datas efetivas requerem documentos de integralização,data/raw/08692888000182/772020_regulamento.pdf · ID 772020 · 05/11/2024 · p. 33 e 59 · https://fnet.bmfbovespa.com.br/fnet/publico/visualizarDocumento?id=772020,Leitura documental verificada com ressalvas explícitas
SELLER FIDC SEGMENTO MEIOS DE PAGAMENTO DE RESPONSABILIDADE LIMITADA,50.473.039/0001-02,Sênior 5ª,Sênior,26/05/2025,Primeira integralização; data efetiva não localizada,Encerramento não localizado,Não informado nas fontes consultadas,"R$ 1.500.000.000,00;1.500.000 cotas","R$ 1.000,00","DI +0,85%a.a.",Semestral a partir 6ºmês,15/12/2027–15/05/2028;percentuaisdosaldoconformeato,Não informado nas fontes consultadas,"Fundos.NET ID 912093 | 26/05/2025 | Instrumento Particular de Emissão de Cotas | p. 3–5, adendo5ªsérie | data/raw/50473039000102/912093_review_20261007.pdf | https://fnet.bmfbovespa.com.br/fnet/publico/visualizarDocumento?id=912093",Revisão documental com lacunas identificadas
ENDURANCE FUNDO DE INVESTIMENTO EM DIREITOS CREDITÓRIOS RESPONSABILIDADE LIMITADA,62.838.025/0001-16,Sênior — apêndice,Sênior,Não informado nas fontes consultadas,Não informado nas fontes consultadas,Não informado nas fontes consultadas,Não informado nas fontes consultadas,Não informado nas fontes consultadas,Não informado nas fontes consultadas,"CDI + 0,80% a.a.","Mensal de 15/01/2026 a 15/12/2029, com ajuste de dia útil; ID1058234 p.57",15/07/2029: 1ª parcela; 15/08/2029: 2ª; 15/09/2029: 3ª; 15/10/2029: 4ª; 15/11/2029: 5ª; 15/12/2029: última; conforme calendário e dias úteis,Termos identificados na fonte; datas efetivas requerem documentos de integralização,data/raw/62838025000116/1058234_regulamento.pdf · ID 1058234 · 10/12/2025 · p. 56–57 · https://fnet.bmfbovespa.com.br/fnet/publico/visualizarDocumento?id=1058234,Leitura documental verificada com ressalvas explícitas
ESTRATÉGIA VINCULADA II FUNDO DE INVESTIMENTO EM DIREITOS CREDITÓRIOS - RESPONSABILIDADE LIMITADA,55.070.804/0001-59,1ª série sênior,Sênior,Data não localizada no corpus acessível,23/05/2024 conforme suplemento,Encerramento de oferta 07/10/2024,Não informado nas fontes consultadas,R$689.269.880 distribuídos; R$740 mi aprovados,"R$ 1,00","DI + 1,10% a.a.",Mensal de 24/06/2024 a 23/06/2026 no cronograma; encerramento confirmado,Tabela variável no suplemento; amortização integral em 23/06/2026,Não informado nas fontes consultadas,Fundos.NET ID 667195 · 22/05/2024 · regulamento · p. 137-138 · data/raw/55070804000159/667195_regulamento.pdf · https://fnet.bmfbovespa.com.br/fnet/publico/exibirDocumento?id=667195; Fundos.NET ID 758570 · 07/10/2024 · emissao · p. 1-3 · data/raw/55070804000159/758570_emissao.pdf · https://fnet.bmfbovespa.com.br/fnet/publico/exibirDocumento?id=758570; Fundos.NET ID 1248767 · 23/06/2026 · emissao · p. 1 (visual) · data/raw/55070804000159/1248767_emissao.pdf · https://fnet.bmfbovespa.com.br/fnet/publico/exibirDocumento?id=1248767,Curado; encerrado documentalmente em 23/06/2026
ESTRATÉGIA VINCULADA II FUNDO DE INVESTIMENTO EM DIREITOS CREDITÓRIOS - RESPONSABILIDADE LIMITADA,55.070.804/0001-59,Subclasse júnior da 1ª emissão,Subordinada júnior,Data não localizada no corpus acessível,23/05/2024 conforme suplemento,Encerramento de oferta 07/10/2024,Não informado nas fontes consultadas,R$86.580.627 distribuídos; R$110 mi aprovados,"R$ 1,00","DI + 2,70% a.a. + prêmio de saldo remanescente",Mensal de 24/06/2024 a 23/06/2026 no cronograma; encerramento confirmado,Tabela variável no suplemento; amortização integral em 23/06/2026,Não informado nas fontes consultadas,Fundos.NET ID 667195 · 22/05/2024 · regulamento · p. 140-141 · data/raw/55070804000159/667195_regulamento.pdf · https://fnet.bmfbovespa.com.br/fnet/publico/exibirDocumento?id=667195; Fundos.NET ID 758570 · 07/10/2024 · emissao · p. 1-3 · data/raw/55070804000159/758570_emissao.pdf · https://fnet.bmfbovespa.com.br/fnet/publico/exibirDocumento?id=758570; Fundos.NET ID 1248767 · 23/06/2026 · emissao · p. 1 (visual) · data/raw/55070804000159/1248767_emissao.pdf · https://fnet.bmfbovespa.com.br/fnet/publico/exibirDocumento?id=1248767,Curado; encerrado documentalmente em 23/06/2026
FUNDO DE INVESTIMENTO EM DIREITOS CREDITÓRIOS PAGSEGURO I,28.169.275/0001-72,4ª série sênior,Sênior,25/03/2026,Na integralização; 31/03/2026 era data prevista no anúncio de início,Não informado nas fontes consultadas,1.000.000 aprovadas,"R$ 1.000.000.000,00 aprovado","R$ 1.000,00","DI + 0,75% a.a.","Pagos nas três datas de amortização, conforme disponibilidade de caixa",31/01/2029: regime de caixa; 28/02/2029: regime de caixa; 31/03/2029: resgate integral; DU seguinte se necessário,Termos identificados na fonte; datas efetivas requerem documentos de integralização,data/raw/28169275000172/1147067_assembleia.pdf · ID 1147067 · 25/03/2026 09:00 · p. 2 e 4–5 · https://fnet.bmfbovespa.com.br/fnet/publico/visualizarDocumento?id=1147067,Leitura documental verificada com ressalvas explícitas
FUNDO DE INVESTIMENTO EM DIREITOS CREDITÓRIOS BV - CRÉDITO DE VEÍCULOS RESPONSABILIDADE LIMITADA,35.868.110/0001-54,Cotas seniores por subclasses/séries; subordinadas do cedente,Não informado nas fontes consultadas,Não informado nas fontes consultadas,Não informado nas fontes consultadas,Não informado nas fontes consultadas,Não informado nas fontes consultadas,Volumes e VNU de séries efetivas não localizados,Não informado nas fontes consultadas,Sênior: taxa DI/sobretaxa do apêndice; spread final não localizado,Calendário e prazos remetidos aos apêndices; cronograma fechado não identificado,Calendário e prazos remetidos aos apêndices; cronograma fechado não identificado,Resumo documental; individualização por série não localizada nesta leitura,"Fundos.NET ID 792021 · 27/11/2024 · regulamento · p. 43-45 · data/raw/35868110000154/792021_regulamento.pdf · https://fnet.bmfbovespa.com.br/fnet/publico/exibirDocumento?id=792021; Fundos.NET ID 792021 · 27/11/2024 · regulamento · p. 43, 94-99 · data/raw/35868110000154/792021_regulamento.pdf · https://fnet.bmfbovespa.com.br/fnet/publico/exibirDocumento?id=792021; Fundos.NET ID 792021 · 27/11/2024 · regulamento · p. 94-99 · data/raw/35868110000154/792021_regulamento.pdf · https://fnet.bmfbovespa.com.br/fnet/publico/exibirDocumento?id=792021; Fundos.NET ID 792021 · 27/11/2024 · regulamento · p. 43-47, 94-99 · data/raw/35868110000154/792021_regulamento.pdf · https://fnet.bmfbovespa.com.br/fnet/publico/exibirDocumento?id=792021",Não informado nas fontes consultadas
ESTRATÉGIA VINCULADA I FUNDO DE INVESTIMENTO EM DIREITOS CREDITÓRIOS - RESPONSABILIDADE LIMITADA,54.559.035/0001-94,1ª série sênior,Sênior,Data não localizada no corpus acessível,Data inicial específica não explicitada no suplemento,Início 05/04/2024; encerramento 23/04/2024,Não informado nas fontes consultadas,R$ 224.292.564 distribuídos,"R$ 1,00","DI + 1,10% a.a.",Mensal de 23/05/2024 a 23/04/2027; datas úteis do suplemento,36 parcelas de R$ 6.230.349 no regime pro rata; sequencial em evento,Não informado nas fontes consultadas,Fundos.NET ID 634437 · 05/04/2024 · regulamento · p. 126-127 · data/raw/54559035000194/634437_regulamento.pdf · https://fnet.bmfbovespa.com.br/fnet/publico/exibirDocumento?id=634437; Fundos.NET ID 664160 · 23/04/2024 · emissao · p. 1-3 · data/raw/54559035000194/664160_emissao.pdf · https://fnet.bmfbovespa.com.br/fnet/publico/exibirDocumento?id=664160,Curado documentalmente; alteração de quóruns posterior sem anexo consolidado
ESTRATÉGIA VINCULADA I FUNDO DE INVESTIMENTO EM DIREITOS CREDITÓRIOS - RESPONSABILIDADE LIMITADA,54.559.035/0001-94,Subclasse júnior da 1ª emissão,Subordinada júnior,Data não localizada no corpus acessível,05/04/2024 indicada na tabela do suplemento,Início 05/04/2024; encerramento 23/04/2024,Não informado nas fontes consultadas,R$ 28.921.427 distribuídos,"R$ 1,00","DI + 2,80% a.a. + prêmio de saldo remanescente",Mensal de 23/05/2024 a 23/04/2027; datas úteis do suplemento,"36 parcelas variáveis de R$698.393,02 a R$904.746,85; sujeitas ao regime",Não informado nas fontes consultadas,Fundos.NET ID 634437 · 05/04/2024 · regulamento · p. 129-130 · data/raw/54559035000194/634437_regulamento.pdf · https://fnet.bmfbovespa.com.br/fnet/publico/exibirDocumento?id=634437; Fundos.NET ID 664160 · 23/04/2024 · emissao · p. 1-3 · data/raw/54559035000194/664160_emissao.pdf · https://fnet.bmfbovespa.com.br/fnet/publico/exibirDocumento?id=664160,Curado documentalmente; alteração de quóruns posterior sem anexo consolidado
CARTÃO DE COMPRA SUPPLIER FUNDO DE INVESTIMENTO EM DIREITOS CREDITÓRIOS II-RESPONSABILIDADE LIMITADA,50.988.212/0001-05,Subclasses sênior e subordinada; séries concretas não individualizadas,Não informado nas fontes consultadas,Não informado nas fontes consultadas,Não informado nas fontes consultadas,Não informado nas fontes consultadas,Não informado nas fontes consultadas,VNU inicial de R$ 1.000; volume efetivo não localizado,Não informado nas fontes consultadas,Benchmark sênior remetido ao apêndice; spread final não localizado,Datas e parcelas da sênior remetidas ao apêndice; cronograma fechado não identificado,Datas e parcelas da sênior remetidas ao apêndice; cronograma fechado não identificado,Resumo documental; individualização por série não localizada nesta leitura,"Fundos.NET ID 1013021 · 14/11/2024 · regulamento · p. 60-62 · data/raw/50988212000105/1013021_regulamento.pdf · https://fnet.bmfbovespa.com.br/fnet/publico/exibirDocumento?id=1013021; Fundos.NET ID 1013021 · 14/11/2024 · regulamento · p. 60, 103-105 · data/raw/50988212000105/1013021_regulamento.pdf · https://fnet.bmfbovespa.com.br/fnet/publico/exibirDocumento?id=1013021; Fundos.NET ID 1013021 · 14/11/2024 · regulamento · p. 60-61, 103-105 · data/raw/50988212000105/1013021_regulamento.pdf · https://fnet.bmfbovespa.com.br/fnet/publico/exibirDocumento?id=1013021; Fundos.NET ID 1013021 · 14/11/2024 · regulamento · p. 60-62, 103-105 · data/raw/50988212000105/1013021_regulamento.pdf · https://fnet.bmfbovespa.com.br/fnet/publico/exibirDocumento?id=1013021",Não informado nas fontes consultadas
SUMUP SMART IV FIDC SEGMENTO MEIOS DE PAGAMENTO DE RESPONSABILIDADE LIMITADA,62.626.887/0001-85,Não localizado na documentação acessível,Não informado nas fontes consultadas,Não informado nas fontes consultadas,Não informado nas fontes consultadas,Não informado nas fontes consultadas,Não informado nas fontes consultadas,Não localizado na documentação acessível; Não localizado na documentação acessível,Não informado nas fontes consultadas,Não localizado na documentação acessível,Não localizado na documentação acessível; Não localizado na documentação acessível,Não localizado na documentação acessível; Não localizado na documentação acessível,Resumo documental; individualização por série não localizada nesta leitura,"Inventário por CNPJ 62626887000185, consulta Fundos.NET em 07/10/2026: 27 documentos listados; Falha de rede ao acessar pesquisarGerenciadorDocumentosDados: The read operation timed out; inventário local anterior preservado.  PDFs efetivamente revistos: nenhum. ID1152823: Falha de rede ao acessar downloadDocumento: The read operation timed out",Não informado nas fontes consultadas
SUMUP SOLO FUNDO DE INVESTIMENTO EM DIREITOS CREDITÓRIOS SEGMENTO MEIOS DE PAGAMENTO DE RESPONSABILI,45.598.747/0001-21,Não localizado na documentação acessível,Não informado nas fontes consultadas,Não informado nas fontes consultadas,Não informado nas fontes consultadas,Não informado nas fontes consultadas,Não informado nas fontes consultadas,Não localizado na documentação acessível; Não localizado na documentação acessível,Não informado nas fontes consultadas,Não localizado na documentação acessível,Não localizado na documentação acessível; Não localizado na documentação acessível,Não localizado na documentação acessível; Não localizado na documentação acessível,Resumo documental; individualização por série não localizada nesta leitura,"Inventário por CNPJ 45598747000121, consulta Fundos.NET em 07/10/2026: 40 documentos listados; Falha de rede ao acessar pesquisarGerenciadorDocumentosDados: The read operation timed out; inventário local anterior preservado.  PDFs efetivamente revistos: nenhum. ID883977: Fundos.NET respondeu HTTP 520 em downloadDocumento.; ID903840: Falha de rede ao acessar downloadDocumento: The read operation timed out",Não informado nas fontes consultadas
VTK FUNDO DE INVESTIMENTO EM DIREITOS CREDITÓRIOS RESPONSABILIDADE LIMITADA,62.588.266/0001-54,Sênior — 1ª emissão,Sênior,Não informado nas fontes consultadas,Não informado nas fontes consultadas,27/02/2026,2.550.000,"R$ 2.550.000.000,00 distribuído","R$ 1.000,00",Sobretaxa definida em suplemento não localizado,Não informado nas fontes consultadas,Cronograma fechado não identificado; modelo em aberto (ID 1002580 pp.131–134),Termos identificados na fonte; datas efetivas requerem documentos de integralização,data/raw/62588266000154/1126575_instrumento_de_emiss_o.pdf · ID 1126575 · 27/02/2026 · p. 1–4 · https://fnet.bmfbovespa.com.br/fnet/publico/visualizarDocumento?id=1126575,Leitura documental verificada com ressalvas explícitas
VTK FUNDO DE INVESTIMENTO EM DIREITOS CREDITÓRIOS RESPONSABILIDADE LIMITADA,62.588.266/0001-54,Mezanino — 1ª emissão,Mezanino,Não informado nas fontes consultadas,Não informado nas fontes consultadas,27/02/2026,300.000,"R$ 300.000.000,00 distribuído","R$ 1.000,00",Sobretaxa definida em suplemento não localizado,Não informado nas fontes consultadas,Cronograma fechado não identificado; modelo em aberto (ID 1002580 pp.131–134),Termos identificados na fonte; datas efetivas requerem documentos de integralização,data/raw/62588266000154/1126575_instrumento_de_emiss_o.pdf · ID 1126575 · 27/02/2026 · p. 1–4 · https://fnet.bmfbovespa.com.br/fnet/publico/visualizarDocumento?id=1126575,Leitura documental verificada com ressalvas explícitas
PINE INSS III FUNDO DE INVESTIMENTO EM DIREITOS CREDITÓRIOS RESPONSABILIDADE LIMITADA,63.546.406/0001-94,Sênior — 1ª emissão,Sênior,Não informado nas fontes consultadas,Não informado nas fontes consultadas,"22/04/2026, ID 1172101",1.068.750,"R$ 1.068.750.000,00 distribuído; anúncio ID 1172101 p.2","R$ 1.000,00","CDI + sobretaxa em bookbuilding; piso 1,10% e teto 1,25%; spread final não localizado",Não informado nas fontes consultadas,Calendário fechado não identificado; fórmula de fluxo/estoque e suplemento,Termos identificados na fonte; datas efetivas requerem documentos de integralização,data/raw/63546406000194/1130481_regulamento.pdf · ID 1130481 · 05/03/2026 · p. 163; data/raw/63546406000194/1172101_emissao.pdf · ID 1172101 · 22/04/2026 · p.2,Leitura documental verificada com ressalvas explícitas
PINE INSS III FUNDO DE INVESTIMENTO EM DIREITOS CREDITÓRIOS RESPONSABILIDADE LIMITADA,63.546.406/0001-94,MZ A — 1ª emissão,Mezanino,Não informado nas fontes consultadas,Não informado nas fontes consultadas,"22/04/2026, ID 1172101",62.500,"R$ 62.500.000,00 distribuído; anúncio ID 1172101 p.2","R$ 1.000,00","CDI + 3,50% a.a.",Não informado nas fontes consultadas,Calendário fechado não identificado; fórmula de fluxo/estoque e suplemento,Termos identificados na fonte; datas efetivas requerem documentos de integralização,data/raw/63546406000194/1130481_regulamento.pdf · ID 1130481 · 05/03/2026 · p. 165; data/raw/63546406000194/1172101_emissao.pdf · ID 1172101 · 22/04/2026 · p.2,Leitura documental verificada com ressalvas explícitas
PINE INSS III FUNDO DE INVESTIMENTO EM DIREITOS CREDITÓRIOS RESPONSABILIDADE LIMITADA,63.546.406/0001-94,MZ B — 1ª emissão,Mezanino,Não informado nas fontes consultadas,Não informado nas fontes consultadas,"22/04/2026, ID 1172101",62.500,"R$ 62.500.000,00 distribuído; anúncio ID 1172101 p.2","R$ 1.000,00","CDI + 4,75% a.a.",Não informado nas fontes consultadas,Calendário fechado não identificado; fórmula de fluxo/estoque e suplemento,Termos identificados na fonte; datas efetivas requerem documentos de integralização,data/raw/63546406000194/1130481_regulamento.pdf · ID 1130481 · 05/03/2026 · p. 167; data/raw/63546406000194/1172101_emissao.pdf · ID 1172101 · 22/04/2026 · p.2,Leitura documental verificada com ressalvas explícitas
PINE INSS III FUNDO DE INVESTIMENTO EM DIREITOS CREDITÓRIOS RESPONSABILIDADE LIMITADA,63.546.406/0001-94,MZ C — 1ª emissão,Mezanino,Não informado nas fontes consultadas,Não informado nas fontes consultadas,"22/04/2026, ID 1172101",31.250,"R$ 31.250.000,00 distribuído; anúncio ID 1172101 p.2","R$ 1.000,00","CDI + 7,50% a.a.",Não informado nas fontes consultadas,Calendário fechado não identificado; fórmula de fluxo/estoque e suplemento,Termos identificados na fonte; datas efetivas requerem documentos de integralização,data/raw/63546406000194/1130481_regulamento.pdf · ID 1130481 · 05/03/2026 · p. 169; data/raw/63546406000194/1172101_emissao.pdf · ID 1172101 · 22/04/2026 · p.2,Leitura documental verificada com ressalvas explícitas
CLOUDWALK AKIRA I FUNDO DE INVESTIMENTO EM DIREITOS CREDITÓRIOS SEGMENTO MEIOS DE PAGAMENTO,42.085.830/0001-09,Sênior 1ª,Sênior,Data não localizada,Primeira integralização; data efetiva não localizada,Encerramento não localizado,Não informado nas fontes consultadas,"R$ 500.000.000,00","R$ 1.000,00","CDI + 1,14% a.a.",Mensal dia 27,Mensal 27/02/2026–27/01/2027,Não informado nas fontes consultadas,"Fundos.NET ID 966441 | 24/07/2025 | Regulamento | p. 114, apêndice1ªsérie | data/raw/42085830000109/966441_review_20261007.pdf | https://fnet.bmfbovespa.com.br/fnet/publico/visualizarDocumento?id=966441",Revisão documental com lacunas identificadas
CLOUDWALK KICK ASS I FUNDO DE INVESTIMENTO EM DIREITOS CREDITÓRIOS SEGMENTO MEIOS DE PAGAMENTO,42.085.816/0001-05,Subordinadas emissão 2021,Subordinada,01/09/2021,Primeira integralização; data efetiva não localizada,Encerramento não localizado,Não informado nas fontes consultadas,"R$ 5.600.000,00 aprovados; 5.600 cotas","R$ 1.000,00",Residual; taxa fixa não localizada,Conforme prioridades do regulamento,2ºDU após remuneração conforme instrumento; cronograma fechado não identificado,Não informado nas fontes consultadas,"Fundos.NET ID 211003 | 01/09/2021 | Instrumento Particular de Emissão de Cotas | p. 3, suplementosubordinadas | data/raw/42085816000105/211003_review_20261007.pdf | https://fnet.bmfbovespa.com.br/fnet/publico/visualizarDocumento?id=211003",Revisão documental com lacunas identificadas
FUNDO DE INVESTIMENTO EM DIREITOS CREDITÓRIOS ANGÁ FGTS I - RESPONSABILIDADE LIMITADA,51.957.370/0001-52,1ª série / 2ª emissão,Sênior,Data de deliberação não localizada,Primeira integralização não localizada,Início 20/12/2023; encerramento não localizado,Não informado nas fontes consultadas,Até R$ 107.698.500 aprovados,Valor de abertura da cota na efetiva integralização,Spread final não localizado no anúncio,Periodicidade não localizada no corpus,Cronograma fechado não identificado,Não informado nas fontes consultadas,Fundos.NET ID 574128 · 20/12/2023 · p. 1-3 · data/raw/51957370000152/574128_documentary_review.pdf · https://fnet.bmfbovespa.com.br/fnet/publico/exibirDocumento?id=574128,Curado nas fontes acessíveis; lacunas explícitas
FUNDO DE INVESTIMENTO EM DIREITOS CREDITÓRIOS ANGÁ FGTS I - RESPONSABILIDADE LIMITADA,51.957.370/0001-52,2ª emissão,Subordinada mezanino,Data de deliberação não localizada,Primeira integralização não localizada,Início 20/12/2023; encerramento não localizado,Não informado nas fontes consultadas,Até R$ 5.983.250 aprovados,Valor da cota vigente,Spread final não localizado no anúncio,Periodicidade não localizada no corpus,Cronograma fechado não identificado,Não informado nas fontes consultadas,Fundos.NET ID 574128 · 20/12/2023 · p. 1-3 · data/raw/51957370000152/574128_documentary_review.pdf · https://fnet.bmfbovespa.com.br/fnet/publico/exibirDocumento?id=574128,Curado nas fontes acessíveis; lacunas explícitas
QUATÁ FDC FGTS FUNDO DE INVESTIMENTO EM DIREITOS CREDITÓRIOS,55.401.645/0001-28,Sênior; mezanino; júnior,Não informado nas fontes consultadas,Não informado nas fontes consultadas,Não informado nas fontes consultadas,Não informado nas fontes consultadas,Não informado nas fontes consultadas,Não localizado no corpus acessível,Não informado nas fontes consultadas,Não localizado no corpus acessível,Após carência: sênior conforme suplemento; subordinadas em regime de caixa,Após carência: sênior conforme suplemento; subordinadas em regime de caixa,Resumo documental; individualização por série não localizada nesta leitura,"Fundos.NET ID 1051890 · 01/12/2025 · Regulamento · p. 42-43 · data/raw/55401645000128/1051890_documentary_review.pdf · https://fnet.bmfbovespa.com.br/fnet/publico/exibirDocumento?id=1051890; Corpus acessível CNPJ 55401645000128: ID 1051890 (01/12/2025), data/raw/55401645000128/1051890_documentary_review.pdf; ID 984906 (04/09/2025), data/raw/55401645000128/984906_documentary_review.pdf; ID 987420 (09/09/2025), data/raw/55401645000128/987420_documentary_review.pdf; ID 984909 (04/09/2025), data/raw/55401645000128/984909_documentary_review.pdf; ID 798348 (10/12/2024), data/raw/55401645000128/798348_documentary_review.pdf; ID 678447 (12/06/2024), data/raw/55401645000128/678447_documentary_review.pdf; ID 1051889 (01/12/2025), data/raw/55401645000128/1051889_documentary_review.pdf; ID 885831 (23/04/2025), data/raw/55401645000128/885831_documentary_review.pdf; Fundos.NET ID 1051890 · 01/12/2025 · Regulamento · p. 43, 49 · data/raw/55401645000128/1051890_documentary_review.pdf · https://fnet.bmfbovespa.com.br/fnet/publico/exibirDocumento?id=1051890",Não informado nas fontes consultadas
PRAVALER CRÉDITO UNIVERSITÁRIO II FUNDO DE INVESTIMENTO EM DIREITOS CREDITÓRIOS - RESP LIMITADAL,26.749.095/0001-34,Sênior — série não individualizada,Sênior,Não localizado no corpus acessível desta revisão.,Não localizado no corpus acessível desta revisão.,Não localizado no corpus acessível desta revisão.,Não informado nas fontes consultadas,Não localizado no corpus acessível desta revisão.,Não localizado no corpus acessível desta revisão.,Spread final não localizado; ato/suplemento preenchido não localizado.,Não localizado no corpus acessível desta revisão.,Não localizado no corpus acessível desta revisão.,Não informado nas fontes consultadas,Fundos.NET ID 1061833; referência 19/11/2025; data/raw/26749095000134/1061833_regulamento_cache_integral.txt; valoração das cotas e suplementos/apêndices; https://fnet.bmfbovespa.com.br/fnet/publico/exibirDocumento?id=1061833&cvm=true,parcial — termos/suplemento final não localizado
PRAVALER CRÉDITO UNIVERSITÁRIO II FUNDO DE INVESTIMENTO EM DIREITOS CREDITÓRIOS - RESP LIMITADAL,26.749.095/0001-34,Mezanino — série não individualizada,Mezanino,Não localizado no corpus acessível desta revisão.,Não localizado no corpus acessível desta revisão.,Não localizado no corpus acessível desta revisão.,Não informado nas fontes consultadas,Não localizado no corpus acessível desta revisão.,Não localizado no corpus acessível desta revisão.,Spread final não localizado; ato/suplemento preenchido não localizado.,Não localizado no corpus acessível desta revisão.,Não localizado no corpus acessível desta revisão.,Não informado nas fontes consultadas,Fundos.NET ID 1061833; referência 19/11/2025; data/raw/26749095000134/1061833_regulamento_cache_integral.txt; valoração das cotas e suplementos/apêndices; https://fnet.bmfbovespa.com.br/fnet/publico/exibirDocumento?id=1061833&cvm=true,parcial — termos/suplemento final não localizado
PRAVALER CRÉDITO UNIVERSITÁRIO II FUNDO DE INVESTIMENTO EM DIREITOS CREDITÓRIOS - RESP LIMITADAL,26.749.095/0001-34,Júnior — série não individualizada,Júnior,Não localizado no corpus acessível desta revisão.,Não localizado no corpus acessível desta revisão.,Não localizado no corpus acessível desta revisão.,Não informado nas fontes consultadas,Não localizado no corpus acessível desta revisão.,Não localizado no corpus acessível desta revisão.,Spread final não localizado; ato/suplemento preenchido não localizado.,Não localizado no corpus acessível desta revisão.,Não localizado no corpus acessível desta revisão.,Não informado nas fontes consultadas,Fundos.NET ID 1061833; referência 19/11/2025; data/raw/26749095000134/1061833_regulamento_cache_integral.txt; valoração das cotas e suplementos/apêndices; https://fnet.bmfbovespa.com.br/fnet/publico/exibirDocumento?id=1061833&cvm=true,parcial — termos/suplemento final não localizado
ANGÁ FGTS III FUNDO DE INVESTIMENTO EM DIREITOS CREDITÓRIOS,54.810.968/0001-02,1ª série,Sênior,Data de deliberação não localizada,Primeira integralização não localizada,Início 21/05/2024; encerramento não localizado,Não informado nas fontes consultadas,"Até R$ 1,35 bi ofertados",R$ 1.000,Spread final não localizado no anúncio,Periodicidade não localizada no corpus,Cronograma fechado não identificado,Não informado nas fontes consultadas,Fundos.NET ID 666840 · 21/05/2024 · p. 1-2 · data/raw/54810968000102/666840_documentary_review.pdf · https://fnet.bmfbovespa.com.br/fnet/publico/exibirDocumento?id=666840,Curado nas fontes acessíveis; lacunas explícitas
ANGÁ FGTS III FUNDO DE INVESTIMENTO EM DIREITOS CREDITÓRIOS,54.810.968/0001-02,1ª emissão,Subordinada júnior,Data de deliberação não localizada,Primeira integralização não localizada,Início 21/05/2024; encerramento não localizado,Não informado nas fontes consultadas,Até R$ 170 mi ofertados,R$ 1.000,Resultado residual; benchmark não localizado,Periodicidade não localizada no corpus,Cronograma fechado não identificado,Não informado nas fontes consultadas,Fundos.NET ID 666840 · 21/05/2024 · p. 1-2 · data/raw/54810968000102/666840_documentary_review.pdf · https://fnet.bmfbovespa.com.br/fnet/publico/exibirDocumento?id=666840,Curado nas fontes acessíveis; lacunas explícitas
