measure,ranking_code,ranking_label,window,participant,rank,value_brl_or_count,share
distribuicao_valor,1,Renda Fixa Consolidado,acumulado_ano,ITAU BBA,1.0,36746495306.009995,0.2997527039479843
distribuicao_valor,1,Renda Fixa Consolidado,acumulado_ano,BRADESCO BBI,2.0,20281939455.28999,0.1654461505078051
distribuicao_valor,1,Renda Fixa Consolidado,acumulado_ano,BTG PACTUAL,3.0,18203193499.06,0.1484891668278141
distribuicao_valor,1,Renda Fixa Consolidado,acumulado_ano,SANTANDER,4.0,8872134047.609999,0.07237278408221727
distribuicao_valor,1,Renda Fixa Consolidado,acumulado_ano,XP INVESTIMENTOS,5.0,8637212558.529999,0.07045645570910845
distribuicao_valor,1,Renda Fixa Consolidado,acumulado_ano,UBS BB,6.0,7476771726.699999,0.06099037536005815
distribuicao_valor,1,Renda Fixa Consolidado,acumulado_ano,VOTORANTIM,7.0,4392819092.0,0.03583360507759687
distribuicao_valor,1,Renda Fixa Consolidado,acumulado_ano,ABC BRASIL,8.0,3273025398.13,0.026699096199779195
distribuicao_valor,1,Renda Fixa Consolidado,acumulado_ano,SAFRA,9.0,3148750352.330001,0.025685345617537502
distribuicao_valor,1,Renda Fixa Consolidado,acumulado_ano,CEF,10.0,2763795250.0,0.02254514593696774
distribuicao_valor,1,Renda Fixa Consolidado,acumulado_ano,BR PARTNERS,11.0,1893565862.96,0.01544641149582027
distribuicao_valor,1,Renda Fixa Consolidado,acumulado_ano,BB-BI,12.0,1422056119.27,0.011600158419658673
distribuicao_valor,1,Renda Fixa Consolidado,acumulado_ano,CITIGROUP,13.0,1413200920.39,0.011527923781057834
distribuicao_valor,1,Renda Fixa Consolidado,acumulado_ano,INTER,14.0,800251071.98,0.006527899345656656
distribuicao_valor,1,Renda Fixa Consolidado,acumulado_ano,M7 IB,15.0,769385028.0,0.006276115330170718
distribuicao_valor,1,Renda Fixa Consolidado,acumulado_ano,DAYCOVAL,16.0,574606864.5699999,0.004687248673039042
distribuicao_valor,1,Renda Fixa Consolidado,acumulado_ano,CANAL COMPANHIA DE SECURITIZAÇÃO,17.0,332630000.0,0.0027133673860296197
distribuicao_valor,1,Renda Fixa Consolidado,acumulado_ano,BOCOM BBM,18.0,305265506.66,0.0024901466189190744
distribuicao_valor,1,Renda Fixa Consolidado,acumulado_ano,ASA ASSET 2 GESTÃO DE RECURSOS LTDA,19.0,204234000.0,0.001666000886024632
distribuicao_valor,1,Renda Fixa Consolidado,acumulado_ano,One Corporate,20.0,175298477.0,0.0014299647365314718
distribuicao_valor,1,Renda Fixa Consolidado,acumulado_ano,BNDES,21.0,130000000.0,0.0010604508318066638
distribuicao_valor,1,Renda Fixa Consolidado,acumulado_ano,KEA CAPITAL MARKETS,22.0,100000000.0,0.000815731409082049
distribuicao_valor,1,Renda Fixa Consolidado,acumulado_ano,MAX CAPITAL MARKETS,22.0,100000000.0,0.000815731409082049
distribuicao_valor,1,Renda Fixa Consolidado,acumulado_ano,BANCO PINE,24.0,89500000.0,0.0007300796111284339
distribuicao_valor,1,Renda Fixa Consolidado,acumulado_ano,BAMBOO SEC,25.0,84735507.4,0.000691214148506844
distribuicao_valor,1,Renda Fixa Consolidado,acumulado_ano,OPEA SECURITIZADORA,26.0,74698000.0,0.0006093350479561089
distribuicao_valor,1,Renda Fixa Consolidado,acumulado_ano,TERRA,27.0,59847092.5,0.00048819153094488725
distribuicao_valor,1,Renda Fixa Consolidado,acumulado_ano,EQI Investimentos CTVM,28.0,58087000.0,0.0004738339035934898
distribuicao_valor,1,Renda Fixa Consolidado,acumulado_ano,BANCO BS2,29.0,50000000.0,0.0004078657045410245
distribuicao_valor,1,Renda Fixa Consolidado,acumulado_ano,BNP PARIBAS,30.0,37200000.0,0.00030345208417852223
distribuicao_valor,1,Renda Fixa Consolidado,acumulado_ano,ARCHX CAPITAL,31.0,29827000.009999998,0.0002433082074684759
distribuicao_valor,1,Renda Fixa Consolidado,acumulado_ano,GALAPAGOS CAPITAL INVESTIMENTOS E PARTICIPAÇÕES LTDA.,32.0,20787000.0,0.00016956608800588552
distribuicao_valor,1,Renda Fixa Consolidado,acumulado_ano,HEDGE DTVM,33.0,20000000.0,0.0001631462818164098
distribuicao_valor,1,Renda Fixa Consolidado,acumulado_ano,RB CAPITAL DTVM,34.0,17354388.95,0.00014156520151941443
distribuicao_valor,1,Renda Fixa Consolidado,acumulado_ano,GENIAL CV,35.0,13995551.649999999,0.00011416611068335096
distribuicao_valor,1,Renda Fixa Consolidado,acumulado_ano,RABOBANK,36.0,6462936.1,5.2720199716602424e-05
distribuicao_valor,1,Renda Fixa Consolidado,acumulado_ano,ANDBANK,37.0,4506500.0,3.676093595028254e-05
distribuicao_valor,1,Renda Fixa Consolidado,acumulado_ano,WARREN,38.0,3469500.0,2.830180123810169e-05
distribuicao_valor,1,Renda Fixa Consolidado,acumulado_ano,UNICRED DTVM,39.0,1485000.0,1.2113611424868428e-05
distribuicao_valor,1,Renda Fixa Consolidado,acumulado_ano,MIRAE ASSET WEALTH MANAGEMENT (BRAZIL) CCTVM LTDA,40.0,703499.97,5.738670218172792e-06
distribuicao_valor,1,Renda Fixa Consolidado,acumulado_ano,C6 CTVM,41.0,69999.98999999999,5.710119047842934e-07
distribuicao_valor,1,Renda Fixa Consolidado,acumulado_ano,JIVE HIGH YIELD GESTÃO DE RECURSOS LTDA.,42.0,11064.85,9.02594568178151e-08
distribuicao_valor,1,Renda Fixa Consolidado,acumulado_ano,ATIVA,,0.0,
distribuicao_valor,1,Renda Fixa Consolidado,acumulado_ano,AZIMUT,,0.0,
distribuicao_valor,1,Renda Fixa Consolidado,acumulado_ano,BANCO BMG,,0.0,
distribuicao_valor,1,Renda Fixa Consolidado,acumulado_ano,BANCO SUMITOMO MITSUI BRASILEIRO,,0.0,
distribuicao_valor,1,Renda Fixa Consolidado,acumulado_ano,CREDIT AGRICOLE,,0.0,
distribuicao_valor,1,Renda Fixa Consolidado,acumulado_ano,EXES SERVIÇOS FINANCEIROS,,0.0,
distribuicao_valor,1,Renda Fixa Consolidado,acumulado_ano,JGP FINANCIAL ADVISORY,,0.0,
distribuicao_valor,1,Renda Fixa Consolidado,acumulado_ano,ORIZ ASSESSORIA FINANCEIRA LTDA,,0.0,
distribuicao_valor,1,Renda Fixa Consolidado,acumulado_ano,TORO INVESTIMENTOS,,0.0,
distribuicao_valor,1,Renda Fixa Consolidado,ultimos_12_meses,ITAU BBA,1.0,65924635719.19002,0.2733621583238173
distribuicao_valor,1,Renda Fixa Consolidado,ultimos_12_meses,BRADESCO BBI,2.0,39459041121.450035,0.1636202995841199
distribuicao_valor,1,Renda Fixa Consolidado,ultimos_12_meses,BTG PACTUAL,3.0,37633487723.02001,0.15605048578558955
distribuicao_valor,1,Renda Fixa Consolidado,ultimos_12_meses,XP INVESTIMENTOS,4.0,18759264878.71001,0.07778690135893492
distribuicao_valor,1,Renda Fixa Consolidado,ultimos_12_meses,SANTANDER,5.0,17647897731.50999,0.07317852212809836
distribuicao_valor,1,Renda Fixa Consolidado,ultimos_12_meses,UBS BB,6.0,15768094500.429998,0.06538375674386537
distribuicao_valor,1,Renda Fixa Consolidado,ultimos_12_meses,VOTORANTIM,7.0,9901898765.31,0.04105907281033574
distribuicao_valor,1,Renda Fixa Consolidado,ultimos_12_meses,SAFRA,8.0,8466600635.499999,0.035107485966924645
distribuicao_valor,1,Renda Fixa Consolidado,ultimos_12_meses,ABC BRASIL,9.0,4874306260.440001,0.020211729122946217
distribuicao_valor,1,Renda Fixa Consolidado,ultimos_12_meses,CEF,10.0,2942899850.0,0.012202986727959464
distribuicao_valor,1,Renda Fixa Consolidado,ultimos_12_meses,BB-BI,11.0,2900947345.11,0.0120290270669206
distribuicao_valor,1,Renda Fixa Consolidado,ultimos_12_meses,BR PARTNERS,12.0,2614200632.81,0.010840007221585764
distribuicao_valor,1,Renda Fixa Consolidado,ultimos_12_meses,GALAPAGOS CAPITAL INVESTIMENTOS E PARTICIPAÇÕES LTDA.,13.0,2223956000.0,0.009221824368765324
distribuicao_valor,1,Renda Fixa Consolidado,ultimos_12_meses,CITIGROUP,14.0,1698337400.39,0.007042301747562476
distribuicao_valor,1,Renda Fixa Consolidado,ultimos_12_meses,INTER,15.0,1613513019.28,0.006690570173383114
distribuicao_valor,1,Renda Fixa Consolidado,ultimos_12_meses,DAYCOVAL,16.0,1385713662.61,0.005745980595833707
distribuicao_valor,1,Renda Fixa Consolidado,ultimos_12_meses,BNP PARIBAS,17.0,1325530750.0,0.005496426985020287
distribuicao_valor,1,Renda Fixa Consolidado,ultimos_12_meses,M7 IB,18.0,1176346402.0,0.0048778212860654665
distribuicao_valor,1,Renda Fixa Consolidado,ultimos_12_meses,CANAL COMPANHIA DE SECURITIZAÇÃO,19.0,643011000.0,0.002666300281653126
distribuicao_valor,1,Renda Fixa Consolidado,ultimos_12_meses,BNDES,20.0,605000000.0,0.0025086844088205978
distribuicao_valor,1,Renda Fixa Consolidado,ultimos_12_meses,BOCOM BBM,21.0,470222506.66,0.0019498179688173251
distribuicao_valor,1,Renda Fixa Consolidado,ultimos_12_meses,OPEA SECURITIZADORA,22.0,363775000.0,0.0015084242492871289
distribuicao_valor,1,Renda Fixa Consolidado,ultimos_12_meses,MAX CAPITAL MARKETS,23.0,302088000.0,0.0012526338110608211
distribuicao_valor,1,Renda Fixa Consolidado,ultimos_12_meses,ORIZ ASSESSORIA FINANCEIRA LTDA,24.0,295895000.0,0.0012269540052032575
distribuicao_valor,1,Renda Fixa Consolidado,ultimos_12_meses,BANCO SUMITOMO MITSUI BRASILEIRO,25.0,277500000.0,0.0011506775594177121
distribuicao_valor,1,Renda Fixa Consolidado,ultimos_12_meses,ARCHX CAPITAL,26.0,274950594.37,0.0011401062302346702
distribuicao_valor,1,Renda Fixa Consolidado,ultimos_12_meses,One Corporate,27.0,235298477.0,0.000975685323420053
distribuicao_valor,1,Renda Fixa Consolidado,ultimos_12_meses,CREDIT AGRICOLE,28.0,210870750.0,0.0008743936575228199
distribuicao_valor,1,Renda Fixa Consolidado,ultimos_12_meses,ASA ASSET 2 GESTÃO DE RECURSOS LTDA,29.0,204234000.0,0.0008468738042166379
distribuicao_valor,1,Renda Fixa Consolidado,ultimos_12_meses,KEA CAPITAL MARKETS,30.0,192278000.0,0.0007972972243953833
distribuicao_valor,1,Renda Fixa Consolidado,ultimos_12_meses,RB CAPITAL DTVM,31.0,121924388.93,0.0005055699397746606
distribuicao_valor,1,Renda Fixa Consolidado,ultimos_12_meses,BANCO PINE,32.0,89500000.0,0.0003711194290734603
distribuicao_valor,1,Renda Fixa Consolidado,ultimos_12_meses,JGP FINANCIAL ADVISORY,33.0,89114500.0,0.00036952092024767464
distribuicao_valor,1,Renda Fixa Consolidado,ultimos_12_meses,BAMBOO SEC,34.0,84735507.4,0.00035136305171550806
distribuicao_valor,1,Renda Fixa Consolidado,ultimos_12_meses,BANCO BS2,35.0,70000000.0,0.0002902610059792427
distribuicao_valor,1,Renda Fixa Consolidado,ultimos_12_meses,TERRA,36.0,60047092.5,0.0002489904210739806
distribuicao_valor,1,Renda Fixa Consolidado,ultimos_12_meses,EQI Investimentos CTVM,37.0,58087000.0,0.0002408627293473753
distribuicao_valor,1,Renda Fixa Consolidado,ultimos_12_meses,GENIAL CV,38.0,57858202.84000001,0.00023991400229270688
distribuicao_valor,1,Renda Fixa Consolidado,ultimos_12_meses,EXES SERVIÇOS FINANCEIROS,39.0,40000000.0,0.00016586343198813868
distribuicao_valor,1,Renda Fixa Consolidado,ultimos_12_meses,BANCO BMG,40.0,25000000.0,0.00010366464499258669
distribuicao_valor,1,Renda Fixa Consolidado,ultimos_12_meses,RABOBANK,41.0,22864357.58,9.480902046057034e-05
distribuicao_valor,1,Renda Fixa Consolidado,ultimos_12_meses,HEDGE DTVM,42.0,20000000.0,8.293171599406934e-05
distribuicao_valor,1,Renda Fixa Consolidado,ultimos_12_meses,ANDBANK,43.0,12053000.0,4.997879864382589e-05
distribuicao_valor,1,Renda Fixa Consolidado,ultimos_12_meses,WARREN,44.0,10735000.0,4.451359855981672e-05
distribuicao_valor,1,Renda Fixa Consolidado,ultimos_12_meses,AZIMUT,45.0,2250500.0,9.331891342232653e-06
distribuicao_valor,1,Renda Fixa Consolidado,ultimos_12_meses,C6 CTVM,46.0,2138499.96,8.867473566802433e-06
distribuicao_valor,1,Renda Fixa Consolidado,ultimos_12_meses,UNICRED DTVM,47.0,2004499.07,8.311827379180807e-06
distribuicao_valor,1,Renda Fixa Consolidado,ultimos_12_meses,TORO INVESTIMENTOS,48.0,1428500.2300000002,5.923398768591137e-06
distribuicao_valor,1,Renda Fixa Consolidado,ultimos_12_meses,MIRAE ASSET WEALTH MANAGEMENT (BRAZIL) CCTVM LTDA,49.0,703999.97,2.919196278593667e-06
distribuicao_valor,1,Renda Fixa Consolidado,ultimos_12_meses,JIVE HIGH YIELD GESTÃO DE RECURSOS LTDA.,50.0,11064.85,4.588134988584891e-08
distribuicao_valor,1,Renda Fixa Consolidado,ultimos_12_meses,ATIVA,51.0,7500.0,3.1099393497776007e-08
distribuicao_valor,1,Renda Fixa Consolidado,ultimos_3_meses,ITAU BBA,1.0,17452537776.420002,0.3605021808784618
distribuicao_valor,1,Renda Fixa Consolidado,ultimos_3_meses,BRADESCO BBI,2.0,8113557461.259999,0.1675948333095048
distribuicao_valor,1,Renda Fixa Consolidado,ultimos_3_meses,BTG PACTUAL,3.0,4815794626.700001,0.09947576036384614
distribuicao_valor,1,Renda Fixa Consolidado,ultimos_3_meses,UBS BB,4.0,3759074650.0,0.07764799748726975
distribuicao_valor,1,Renda Fixa Consolidado,ultimos_3_meses,SANTANDER,5.0,3571205916.6600003,0.07376735336802598
distribuicao_valor,1,Renda Fixa Consolidado,ultimos_3_meses,VOTORANTIM,6.0,2773936403.8399997,0.0572988373389218
distribuicao_valor,1,Renda Fixa Consolidado,ultimos_3_meses,XP INVESTIMENTOS,7.0,2518637182.349999,0.05202533916331161
distribuicao_valor,1,Renda Fixa Consolidado,ultimos_3_meses,CEF,8.0,1311070250.0,0.02708165943914791
distribuicao_valor,1,Renda Fixa Consolidado,ultimos_3_meses,SAFRA,9.0,1200683983.85,0.02480150453010818
distribuicao_valor,1,Renda Fixa Consolidado,ultimos_3_meses,ABC BRASIL,10.0,970956479.9399999,0.02005621950461383
distribuicao_valor,1,Renda Fixa Consolidado,ultimos_3_meses,INTER,11.0,572446000.0,0.011824528563059426
distribuicao_valor,1,Renda Fixa Consolidado,ultimos_3_meses,BB-BI,12.0,391289481.77000004,0.008082532943918004
distribuicao_valor,1,Renda Fixa Consolidado,ultimos_3_meses,BR PARTNERS,13.0,282007120.19,0.0058251804496368
distribuicao_valor,1,Renda Fixa Consolidado,ultimos_3_meses,CANAL COMPANHIA DE SECURITIZAÇÃO,14.0,273630000.0,0.00565214142593354
distribuicao_valor,1,Renda Fixa Consolidado,ultimos_3_meses,BNDES,15.0,130000000.0,0.0026852990730963718
distribuicao_valor,1,Renda Fixa Consolidado,ultimos_3_meses,BANCO PINE,16.0,89500000.0,0.0018487251310932713
distribuicao_valor,1,Renda Fixa Consolidado,ultimos_3_meses,BOCOM BBM,17.0,85366666.66,0.0017633463911955764
distribuicao_valor,1,Renda Fixa Consolidado,ultimos_3_meses,DAYCOVAL,18.0,36861895.839999996,0.0007614247287055922
distribuicao_valor,1,Renda Fixa Consolidado,ultimos_3_meses,HEDGE DTVM,19.0,20000000.0,0.0004131229343225187
distribuicao_valor,1,Renda Fixa Consolidado,ultimos_3_meses,BAMBOO SEC,20.0,19735507.4,0.00040765953637158907
distribuicao_valor,1,Renda Fixa Consolidado,ultimos_3_meses,M7 IB,21.0,11941341.0,0.00024666209168329
distribuicao_valor,1,Renda Fixa Consolidado,ultimos_3_meses,GENIAL CV,22.0,7653051.68,0.00015808255832817407
distribuicao_valor,1,Renda Fixa Consolidado,ultimos_3_meses,ANDBANK,23.0,2405500.0,4.968836092564094e-05
distribuicao_valor,1,Renda Fixa Consolidado,ultimos_3_meses,UNICRED DTVM,24.0,1428500.0,2.9507305583985898e-05
distribuicao_valor,1,Renda Fixa Consolidado,ultimos_3_meses,C6 CTVM,25.0,20000.0,4.131229343225187e-07
distribuicao_valor,1,Renda Fixa Consolidado,ultimos_3_meses,ARCHX CAPITAL,,0.0,
distribuicao_valor,1,Renda Fixa Consolidado,ultimos_3_meses,ASA ASSET 2 GESTÃO DE RECURSOS LTDA,,0.0,
distribuicao_valor,1,Renda Fixa Consolidado,ultimos_3_meses,ATIVA,,0.0,
distribuicao_valor,1,Renda Fixa Consolidado,ultimos_3_meses,AZIMUT,,0.0,
distribuicao_valor,1,Renda Fixa Consolidado,ultimos_3_meses,BANCO BMG,,0.0,
distribuicao_valor,1,Renda Fixa Consolidado,ultimos_3_meses,BANCO BS2,,0.0,
distribuicao_valor,1,Renda Fixa Consolidado,ultimos_3_meses,BANCO SUMITOMO MITSUI BRASILEIRO,,0.0,
distribuicao_valor,1,Renda Fixa Consolidado,ultimos_3_meses,BNP PARIBAS,,0.0,
distribuicao_valor,1,Renda Fixa Consolidado,ultimos_3_meses,CITIGROUP,,0.0,
distribuicao_valor,1,Renda Fixa Consolidado,ultimos_3_meses,CREDIT AGRICOLE,,0.0,
distribuicao_valor,1,Renda Fixa Consolidado,ultimos_3_meses,EQI Investimentos CTVM,,0.0,
distribuicao_valor,1,Renda Fixa Consolidado,ultimos_3_meses,EXES SERVIÇOS FINANCEIROS,,0.0,
distribuicao_valor,1,Renda Fixa Consolidado,ultimos_3_meses,GALAPAGOS CAPITAL INVESTIMENTOS E PARTICIPAÇÕES LTDA.,,0.0,
distribuicao_valor,1,Renda Fixa Consolidado,ultimos_3_meses,JGP FINANCIAL ADVISORY,,0.0,
distribuicao_valor,1,Renda Fixa Consolidado,ultimos_3_meses,JIVE HIGH YIELD GESTÃO DE RECURSOS LTDA.,,0.0,
distribuicao_valor,1,Renda Fixa Consolidado,ultimos_3_meses,KEA CAPITAL MARKETS,,0.0,
distribuicao_valor,1,Renda Fixa Consolidado,ultimos_3_meses,MAX CAPITAL MARKETS,,0.0,
distribuicao_valor,1,Renda Fixa Consolidado,ultimos_3_meses,MIRAE ASSET WEALTH MANAGEMENT (BRAZIL) CCTVM LTDA,,0.0,
distribuicao_valor,1,Renda Fixa Consolidado,ultimos_3_meses,OPEA SECURITIZADORA,,0.0,
distribuicao_valor,1,Renda Fixa Consolidado,ultimos_3_meses,ORIZ ASSESSORIA FINANCEIRA LTDA,,0.0,
distribuicao_valor,1,Renda Fixa Consolidado,ultimos_3_meses,One Corporate,,0.0,
distribuicao_valor,1,Renda Fixa Consolidado,ultimos_3_meses,RABOBANK,,0.0,
distribuicao_valor,1,Renda Fixa Consolidado,ultimos_3_meses,RB CAPITAL DTVM,,0.0,
distribuicao_valor,1,Renda Fixa Consolidado,ultimos_3_meses,TERRA,,0.0,
distribuicao_valor,1,Renda Fixa Consolidado,ultimos_3_meses,TORO INVESTIMENTOS,,0.0,
distribuicao_valor,1,Renda Fixa Consolidado,ultimos_3_meses,WARREN,,0.0,
distribuicao_valor,1.1,Renda Fixa - Curto Prazo,acumulado_ano,BRADESCO BBI,1.0,925333000.0,0.68135677729
distribuicao_valor,1.1,Renda Fixa - Curto Prazo,acumulado_ano,UBS BB,2.0,150500000.0,0.11081869444
distribuicao_valor,1.1,Renda Fixa - Curto Prazo,acumulado_ano,BTG PACTUAL,3.0,119167000.0,0.08774705223
distribuicao_valor,1.1,Renda Fixa - Curto Prazo,acumulado_ano,ITAU BBA,4.0,103074111.60000001,0.07589726563
distribuicao_valor,1.1,Renda Fixa - Curto Prazo,acumulado_ano,CEF,5.0,60000000.0,0.04418021041
distribuicao_valor,1.1,Renda Fixa - Curto Prazo,ultimos_12_meses,BRADESCO BBI,1.0,4196333000.0,0.53916138274
distribuicao_valor,1.1,Renda Fixa - Curto Prazo,ultimos_12_meses,ITAU BBA,2.0,2789074111.6,0.35835122107
distribuicao_valor,1.1,Renda Fixa - Curto Prazo,ultimos_12_meses,UBS BB,3.0,618500000.0,0.07946731473
distribuicao_valor,1.1,Renda Fixa - Curto Prazo,ultimos_12_meses,BTG PACTUAL,4.0,119167000.0,0.01531104526
distribuicao_valor,1.1,Renda Fixa - Curto Prazo,ultimos_12_meses,CEF,5.0,60000000.0,0.00770903619
distribuicao_valor,1.1,Renda Fixa - Curto Prazo,ultimos_3_meses,UBS BB,1.0,150500000.0,0.47316016775
distribuicao_valor,1.1,Renda Fixa - Curto Prazo,ultimos_3_meses,ITAU BBA,2.0,103074111.60000001,0.32405690322
distribuicao_valor,1.1,Renda Fixa - Curto Prazo,ultimos_3_meses,BRADESCO BBI,3.0,64500000.0,0.20278292903
distribuicao_valor,1.1,Renda Fixa - Curto Prazo,ultimos_3_meses,BTG PACTUAL,,0.0,
distribuicao_valor,1.1,Renda Fixa - Curto Prazo,ultimos_3_meses,CEF,,0.0,
distribuicao_valor,1.2,Renda Fixa - Longo Prazo,acumulado_ano,ITAU BBA,1.0,24926680575.77,0.29873816476
distribuicao_valor,1.2,Renda Fixa - Longo Prazo,acumulado_ano,BTG PACTUAL,2.0,14622230148.560001,0.17524267566
distribuicao_valor,1.2,Renda Fixa - Longo Prazo,acumulado_ano,BRADESCO BBI,3.0,14331628612.02,0.17175991069
distribuicao_valor,1.2,Renda Fixa - Longo Prazo,acumulado_ano,XP INVESTIMENTOS,4.0,6446466171.699999,0.07725880177
distribuicao_valor,1.2,Renda Fixa - Longo Prazo,acumulado_ano,SANTANDER,5.0,6163681153.719999,0.07386971524
distribuicao_valor,1.2,Renda Fixa - Longo Prazo,acumulado_ano,UBS BB,6.0,4369356389.99,0.05236531616
distribuicao_valor,1.2,Renda Fixa - Longo Prazo,acumulado_ano,CEF,7.0,2641620250.0,0.03165896009
distribuicao_valor,1.2,Renda Fixa - Longo Prazo,acumulado_ano,ABC BRASIL,8.0,1948943918.19,0.02335745939
distribuicao_valor,1.2,Renda Fixa - Longo Prazo,acumulado_ano,SAFRA,9.0,1847538631.45,0.02214214999
distribuicao_valor,1.2,Renda Fixa - Longo Prazo,acumulado_ano,VOTORANTIM,10.0,1835608403.8400002,0.02199917009
distribuicao_valor,1.2,Renda Fixa - Longo Prazo,acumulado_ano,CITIGROUP,11.0,1413200920.39,0.0169367537
distribuicao_valor,1.2,Renda Fixa - Longo Prazo,acumulado_ano,M7 IB,12.0,748385028.0,0.00896915131
distribuicao_valor,1.2,Renda Fixa - Longo Prazo,acumulado_ano,BR PARTNERS,13.0,594117000.0,0.00712029914
distribuicao_valor,1.2,Renda Fixa - Longo Prazo,acumulado_ano,DAYCOVAL,14.0,455092500.0,0.00545413569
distribuicao_valor,1.2,Renda Fixa - Longo Prazo,acumulado_ano,BB-BI,15.0,377602200.0,0.00452543963
distribuicao_valor,1.2,Renda Fixa - Longo Prazo,acumulado_ano,BOCOM BBM,16.0,242898840.0,0.00291106365
distribuicao_valor,1.2,Renda Fixa - Longo Prazo,acumulado_ano,BNDES,17.0,130000000.0,0.00155800775
distribuicao_valor,1.2,Renda Fixa - Longo Prazo,acumulado_ano,KEA CAPITAL MARKETS,18.0,100000000.0,0.0011984675
distribuicao_valor,1.2,Renda Fixa - Longo Prazo,acumulado_ano,MAX CAPITAL MARKETS,18.0,100000000.0,0.0011984675
distribuicao_valor,1.2,Renda Fixa - Longo Prazo,acumulado_ano,BANCO BS2,20.0,50000000.0,0.00059923375
distribuicao_valor,1.2,Renda Fixa - Longo Prazo,acumulado_ano,INTER,20.0,50000000.0,0.00059923375
distribuicao_valor,1.2,Renda Fixa - Longo Prazo,acumulado_ano,BNP PARIBAS,22.0,37200000.0,0.00044582991
distribuicao_valor,1.2,Renda Fixa - Longo Prazo,acumulado_ano,RABOBANK,23.0,6462936.1,7.745619e-05
distribuicao_valor,1.2,Renda Fixa - Longo Prazo,acumulado_ano,UNICRED DTVM,24.0,407000.0,4.87776e-06
distribuicao_valor,1.2,Renda Fixa - Longo Prazo,acumulado_ano,WARREN,25.0,398000.0,4.7699e-06
distribuicao_valor,1.2,Renda Fixa - Longo Prazo,acumulado_ano,ANDBANK,26.0,363500.0,4.35643e-06
distribuicao_valor,1.2,Renda Fixa - Longo Prazo,acumulado_ano,JIVE HIGH YIELD GESTÃO DE RECURSOS LTDA.,27.0,11064.85,1.3261e-07
distribuicao_valor,1.2,Renda Fixa - Longo Prazo,acumulado_ano,ARCHX CAPITAL,,0.0,
distribuicao_valor,1.2,Renda Fixa - Longo Prazo,acumulado_ano,BANCO BMG,,0.0,
distribuicao_valor,1.2,Renda Fixa - Longo Prazo,acumulado_ano,BANCO SUMITOMO MITSUI BRASILEIRO,,0.0,
distribuicao_valor,1.2,Renda Fixa - Longo Prazo,acumulado_ano,CREDIT AGRICOLE,,0.0,
distribuicao_valor,1.2,Renda Fixa - Longo Prazo,acumulado_ano,GALAPAGOS CAPITAL INVESTIMENTOS E PARTICIPAÇÕES LTDA.,,0.0,
distribuicao_valor,1.2,Renda Fixa - Longo Prazo,acumulado_ano,GENIAL CV,,0.0,
distribuicao_valor,1.2,Renda Fixa - Longo Prazo,acumulado_ano,JGP FINANCIAL ADVISORY,,0.0,
distribuicao_valor,1.2,Renda Fixa - Longo Prazo,acumulado_ano,ORIZ ASSESSORIA FINANCEIRA LTDA,,0.0,
distribuicao_valor,1.2,Renda Fixa - Longo Prazo,acumulado_ano,One Corporate,,0.0,
distribuicao_valor,1.2,Renda Fixa - Longo Prazo,acumulado_ano,RB CAPITAL DTVM,,0.0,
distribuicao_valor,1.2,Renda Fixa - Longo Prazo,ultimos_12_meses,ITAU BBA,1.0,45717002315.18001,0.2813444398
distribuicao_valor,1.2,Renda Fixa - Longo Prazo,ultimos_12_meses,BTG PACTUAL,2.0,29825726712.030003,0.18354883191
distribuicao_valor,1.2,Renda Fixa - Longo Prazo,ultimos_12_meses,BRADESCO BBI,3.0,26735966864.989998,0.16453431413
distribuicao_valor,1.2,Renda Fixa - Longo Prazo,ultimos_12_meses,SANTANDER,4.0,12884029040.55,0.07928888049
distribuicao_valor,1.2,Renda Fixa - Longo Prazo,ultimos_12_meses,XP INVESTIMENTOS,5.0,11212080986.09,0.06899963874
distribuicao_valor,1.2,Renda Fixa - Longo Prazo,ultimos_12_meses,UBS BB,6.0,10689921855.39,0.06578624852
distribuicao_valor,1.2,Renda Fixa - Longo Prazo,ultimos_12_meses,VOTORANTIM,7.0,5056363077.15,0.03111708041
distribuicao_valor,1.2,Renda Fixa - Longo Prazo,ultimos_12_meses,SAFRA,8.0,4143541423.1099997,0.02549953587
distribuicao_valor,1.2,Renda Fixa - Longo Prazo,ultimos_12_meses,ABC BRASIL,9.0,3364650084.8500004,0.02070620437
distribuicao_valor,1.2,Renda Fixa - Longo Prazo,ultimos_12_meses,CEF,10.0,2654095850.0,0.01633342241
distribuicao_valor,1.2,Renda Fixa - Longo Prazo,ultimos_12_meses,GALAPAGOS CAPITAL INVESTIMENTOS E PARTICIPAÇÕES LTDA.,11.0,1727443000.0,0.01063076008
distribuicao_valor,1.2,Renda Fixa - Longo Prazo,ultimos_12_meses,CITIGROUP,12.0,1698337400.39,0.01045164294
distribuicao_valor,1.2,Renda Fixa - Longo Prazo,ultimos_12_meses,BNP PARIBAS,13.0,1325530750.0,0.00815737444
distribuicao_valor,1.2,Renda Fixa - Longo Prazo,ultimos_12_meses,M7 IB,14.0,1098385028.0,0.0067595097
distribuicao_valor,1.2,Renda Fixa - Longo Prazo,ultimos_12_meses,DAYCOVAL,15.0,900157000.0,0.00553960571
distribuicao_valor,1.2,Renda Fixa - Longo Prazo,ultimos_12_meses,BR PARTNERS,16.0,651760000.0,0.00401095966
distribuicao_valor,1.2,Renda Fixa - Longo Prazo,ultimos_12_meses,BNDES,17.0,605000000.0,0.00372319657
distribuicao_valor,1.2,Renda Fixa - Longo Prazo,ultimos_12_meses,BOCOM BBM,18.0,406898840.0,0.00250407333
distribuicao_valor,1.2,Renda Fixa - Longo Prazo,ultimos_12_meses,BB-BI,19.0,379536200.0,0.00233568244
distribuicao_valor,1.2,Renda Fixa - Longo Prazo,ultimos_12_meses,BANCO SUMITOMO MITSUI BRASILEIRO,20.0,277500000.0,0.00170774719
distribuicao_valor,1.2,Renda Fixa - Longo Prazo,ultimos_12_meses,INTER,21.0,266289500.0,0.00163875728
distribuicao_valor,1.2,Renda Fixa - Longo Prazo,ultimos_12_meses,CREDIT AGRICOLE,22.0,210870750.0,0.00129770786
distribuicao_valor,1.2,Renda Fixa - Longo Prazo,ultimos_12_meses,MAX CAPITAL MARKETS,23.0,182088000.0,0.00112057755
distribuicao_valor,1.2,Renda Fixa - Longo Prazo,ultimos_12_meses,KEA CAPITAL MARKETS,24.0,100000000.0,0.00061540439
distribuicao_valor,1.2,Renda Fixa - Longo Prazo,ultimos_12_meses,JGP FINANCIAL ADVISORY,25.0,89114500.0,0.00054841455
distribuicao_valor,1.2,Renda Fixa - Longo Prazo,ultimos_12_meses,ARCHX CAPITAL,26.0,80000000.0,0.00049232351
distribuicao_valor,1.2,Renda Fixa - Longo Prazo,ultimos_12_meses,One Corporate,27.0,60000000.0,0.00036924263
distribuicao_valor,1.2,Renda Fixa - Longo Prazo,ultimos_12_meses,BANCO BS2,28.0,50000000.0,0.0003077022
distribuicao_valor,1.2,Renda Fixa - Longo Prazo,ultimos_12_meses,BANCO BMG,29.0,25000000.0,0.0001538511
distribuicao_valor,1.2,Renda Fixa - Longo Prazo,ultimos_12_meses,ORIZ ASSESSORIA FINANCEIRA LTDA,29.0,25000000.0,0.0001538511
distribuicao_valor,1.2,Renda Fixa - Longo Prazo,ultimos_12_meses,RABOBANK,31.0,22864357.58,0.00014070826
distribuicao_valor,1.2,Renda Fixa - Longo Prazo,ultimos_12_meses,GENIAL CV,32.0,16205000.0,9.972628e-05
distribuicao_valor,1.2,Renda Fixa - Longo Prazo,ultimos_12_meses,RB CAPITAL DTVM,33.0,6000000.0,3.692426e-05
distribuicao_valor,1.2,Renda Fixa - Longo Prazo,ultimos_12_meses,WARREN,34.0,5145500.0,3.166563e-05
distribuicao_valor,1.2,Renda Fixa - Longo Prazo,ultimos_12_meses,ANDBANK,35.0,1856000.0,1.142191e-05
distribuicao_valor,1.2,Renda Fixa - Longo Prazo,ultimos_12_meses,UNICRED DTVM,36.0,407000.0,2.5047e-06
distribuicao_valor,1.2,Renda Fixa - Longo Prazo,ultimos_12_meses,JIVE HIGH YIELD GESTÃO DE RECURSOS LTDA.,37.0,11064.85,6.809e-08
distribuicao_valor,1.2,Renda Fixa - Longo Prazo,ultimos_3_meses,ITAU BBA,1.0,13823913092.92,0.37862590451
distribuicao_valor,1.2,Renda Fixa - Longo Prazo,ultimos_3_meses,BRADESCO BBI,2.0,7862324996.15,0.2153427827
distribuicao_valor,1.2,Renda Fixa - Longo Prazo,ultimos_3_meses,BTG PACTUAL,3.0,4548083100.0,0.12456835239
distribuicao_valor,1.2,Renda Fixa - Longo Prazo,ultimos_3_meses,UBS BB,4.0,3449952650.0,0.09449143913
distribuicao_valor,1.2,Renda Fixa - Longo Prazo,ultimos_3_meses,XP INVESTIMENTOS,5.0,1978300125.0,0.0541840555
distribuicao_valor,1.2,Renda Fixa - Longo Prazo,ultimos_3_meses,SANTANDER,6.0,1319001041.66,0.03612638181
distribuicao_valor,1.2,Renda Fixa - Longo Prazo,ultimos_3_meses,CEF,7.0,1284070250.0,0.03516965541
distribuicao_valor,1.2,Renda Fixa - Longo Prazo,ultimos_3_meses,SAFRA,8.0,795833000.0,0.02179722828
distribuicao_valor,1.2,Renda Fixa - Longo Prazo,ultimos_3_meses,ABC BRASIL,9.0,645000000.0,0.01766603325
distribuicao_valor,1.2,Renda Fixa - Longo Prazo,ultimos_3_meses,VOTORANTIM,10.0,588916403.84,0.01612994849
distribuicao_valor,1.2,Renda Fixa - Longo Prazo,ultimos_3_meses,BNDES,11.0,130000000.0,0.00356059585
distribuicao_valor,1.2,Renda Fixa - Longo Prazo,ultimos_3_meses,INTER,12.0,50000000.0,0.00136945994
distribuicao_valor,1.2,Renda Fixa - Longo Prazo,ultimos_3_meses,BOCOM BBM,13.0,23000000.0,0.00062995157
distribuicao_valor,1.2,Renda Fixa - Longo Prazo,ultimos_3_meses,M7 IB,14.0,11941341.0,0.00032706376
distribuicao_valor,1.2,Renda Fixa - Longo Prazo,ultimos_3_meses,UNICRED DTVM,15.0,407000.0,1.11474e-05
distribuicao_valor,1.2,Renda Fixa - Longo Prazo,ultimos_3_meses,ANDBANK,,0.0,
distribuicao_valor,1.2,Renda Fixa - Longo Prazo,ultimos_3_meses,ARCHX CAPITAL,,0.0,
distribuicao_valor,1.2,Renda Fixa - Longo Prazo,ultimos_3_meses,BANCO BMG,,0.0,
distribuicao_valor,1.2,Renda Fixa - Longo Prazo,ultimos_3_meses,BANCO BS2,,0.0,
distribuicao_valor,1.2,Renda Fixa - Longo Prazo,ultimos_3_meses,BANCO SUMITOMO MITSUI BRASILEIRO,,0.0,
distribuicao_valor,1.2,Renda Fixa - Longo Prazo,ultimos_3_meses,BB-BI,,0.0,
distribuicao_valor,1.2,Renda Fixa - Longo Prazo,ultimos_3_meses,BNP PARIBAS,,0.0,
distribuicao_valor,1.2,Renda Fixa - Longo Prazo,ultimos_3_meses,BR PARTNERS,,0.0,
distribuicao_valor,1.2,Renda Fixa - Longo Prazo,ultimos_3_meses,CITIGROUP,,0.0,
distribuicao_valor,1.2,Renda Fixa - Longo Prazo,ultimos_3_meses,CREDIT AGRICOLE,,0.0,
distribuicao_valor,1.2,Renda Fixa - Longo Prazo,ultimos_3_meses,DAYCOVAL,,0.0,
distribuicao_valor,1.2,Renda Fixa - Longo Prazo,ultimos_3_meses,GALAPAGOS CAPITAL INVESTIMENTOS E PARTICIPAÇÕES LTDA.,,0.0,
distribuicao_valor,1.2,Renda Fixa - Longo Prazo,ultimos_3_meses,GENIAL CV,,0.0,
distribuicao_valor,1.2,Renda Fixa - Longo Prazo,ultimos_3_meses,JGP FINANCIAL ADVISORY,,0.0,
distribuicao_valor,1.2,Renda Fixa - Longo Prazo,ultimos_3_meses,JIVE HIGH YIELD GESTÃO DE RECURSOS LTDA.,,0.0,
distribuicao_valor,1.2,Renda Fixa - Longo Prazo,ultimos_3_meses,KEA CAPITAL MARKETS,,0.0,
distribuicao_valor,1.2,Renda Fixa - Longo Prazo,ultimos_3_meses,MAX CAPITAL MARKETS,,0.0,
distribuicao_valor,1.2,Renda Fixa - Longo Prazo,ultimos_3_meses,ORIZ ASSESSORIA FINANCEIRA LTDA,,0.0,
distribuicao_valor,1.2,Renda Fixa - Longo Prazo,ultimos_3_meses,One Corporate,,0.0,
distribuicao_valor,1.2,Renda Fixa - Longo Prazo,ultimos_3_meses,RABOBANK,,0.0,
distribuicao_valor,1.2,Renda Fixa - Longo Prazo,ultimos_3_meses,RB CAPITAL DTVM,,0.0,
distribuicao_valor,1.2,Renda Fixa - Longo Prazo,ultimos_3_meses,WARREN,,0.0,
distribuicao_valor,1.3,Securitização,acumulado_ano,ITAU BBA,1.0,11716740618.64,0.3100371941707339
distribuicao_valor,1.3,Securitização,acumulado_ano,BRADESCO BBI,2.0,5024977843.27,0.1329661620074654
distribuicao_valor,1.3,Securitização,acumulado_ano,BTG PACTUAL,3.0,3461796350.5,0.0916027470636357
distribuicao_valor,1.3,Securitização,acumulado_ano,UBS BB,4.0,2956915336.71,0.07824306812216432
distribuicao_valor,1.3,Securitização,acumulado_ano,SANTANDER,5.0,2708452893.89,0.07166849238169183
distribuicao_valor,1.3,Securitização,acumulado_ano,VOTORANTIM,6.0,2557210688.16,0.0676664656550675
distribuicao_valor,1.3,Securitização,acumulado_ano,XP INVESTIMENTOS,7.0,2190746386.829999,0.05796943749287201
distribuicao_valor,1.3,Securitização,acumulado_ano,SAFRA,8.0,1301211720.8799999,0.03443142116860602
distribuicao_valor,1.3,Securitização,acumulado_ano,BR PARTNERS,9.0,1299448862.96,0.03438477410684817
distribuicao_valor,1.3,Securitização,acumulado_ano,ABC BRASIL,10.0,1324081479.94,0.035036578879364164
distribuicao_valor,1.3,Securitização,acumulado_ano,BB-BI,11.0,1044453919.27,0.027637341570567582
distribuicao_valor,1.3,Securitização,acumulado_ano,INTER,12.0,750251071.98,0.019852426954832067
distribuicao_valor,1.3,Securitização,acumulado_ano,CANAL COMPANHIA DE SECURITIZAÇÃO,13.0,332630000.0,0.008801737211195648
distribuicao_valor,1.3,Securitização,acumulado_ano,ASA ASSET 2 GESTÃO DE RECURSOS LTDA,14.0,204234000.0,0.00540424494961769
distribuicao_valor,1.3,Securitização,acumulado_ano,One Corporate,15.0,175298477.0,0.004638580789696734
distribuicao_valor,1.3,Securitização,acumulado_ano,DAYCOVAL,16.0,119514364.57000001,0.003162474911788389
distribuicao_valor,1.3,Securitização,acumulado_ano,BANCO PINE,17.0,89500000.0,0.002368263477142803
distribuicao_valor,1.3,Securitização,acumulado_ano,BAMBOO SEC,18.0,84735507.4,0.002242190026732779
distribuicao_valor,1.3,Securitização,acumulado_ano,OPEA SECURITIZADORA,19.0,74698000.0,0.001976587097381152
distribuicao_valor,1.3,Securitização,acumulado_ano,BOCOM BBM,20.0,62366666.660000004,0.0016502871378996395
distribuicao_valor,1.3,Securitização,acumulado_ano,CEF,21.0,62175000.0,0.001645215437892221
distribuicao_valor,1.3,Securitização,acumulado_ano,TERRA,22.0,59847092.5,0.001583616574088681
distribuicao_valor,1.3,Securitização,acumulado_ano,EQI Investimentos CTVM,23.0,58087000.0,0.001537042688232335
distribuicao_valor,1.3,Securitização,acumulado_ano,ARCHX CAPITAL,24.0,29827000.009999998,0.0007892535726974415
distribuicao_valor,1.3,Securitização,acumulado_ano,M7 IB,25.0,21000000.0,0.0005556819331843448
distribuicao_valor,1.3,Securitização,acumulado_ano,GALAPAGOS CAPITAL INVESTIMENTOS E PARTICIPAÇÕES LTDA.,26.0,20787000.0,0.0005500457307191893
distribuicao_valor,1.3,Securitização,acumulado_ano,HEDGE DTVM,27.0,20000000.0,0.0005292208887469951
distribuicao_valor,1.3,Securitização,acumulado_ano,RB CAPITAL DTVM,28.0,17354388.95,0.00045921525718900155
distribuicao_valor,1.3,Securitização,acumulado_ano,GENIAL CV,29.0,13995551.649999999,0.00037033691413587363
distribuicao_valor,1.3,Securitização,acumulado_ano,ANDBANK,30.0,4143000.0,0.00010962810710394003
distribuicao_valor,1.3,Securitização,acumulado_ano,WARREN,31.0,3071500.0,8.127509798931977e-05
distribuicao_valor,1.3,Securitização,acumulado_ano,UNICRED DTVM,32.0,1078000.0,2.8525005903463034e-05
distribuicao_valor,1.3,Securitização,acumulado_ano,MIRAE ASSET WEALTH MANAGEMENT (BRAZIL) CCTVM LTDA,33.0,703499.97,1.861534396784422e-05
distribuicao_valor,1.3,Securitização,acumulado_ano,C6 CTVM,34.0,69999.98999999999,1.8522728460040382e-06
distribuicao_valor,1.3,Securitização,acumulado_ano,ATIVA,,0.0,
distribuicao_valor,1.3,Securitização,acumulado_ano,AZIMUT,,0.0,
distribuicao_valor,1.3,Securitização,acumulado_ano,BANCO BS2,,0.0,
distribuicao_valor,1.3,Securitização,acumulado_ano,EXES SERVIÇOS FINANCEIROS,,0.0,
distribuicao_valor,1.3,Securitização,acumulado_ano,KEA CAPITAL MARKETS,,0.0,
distribuicao_valor,1.3,Securitização,acumulado_ano,MAX CAPITAL MARKETS,,0.0,
distribuicao_valor,1.3,Securitização,acumulado_ano,ORIZ ASSESSORIA FINANCEIRA LTDA,,0.0,
distribuicao_valor,1.3,Securitização,acumulado_ano,TORO INVESTIMENTOS,,0.0,
distribuicao_valor,1.3,Securitização,ultimos_12_meses,ITAU BBA,1.0,17418559292.41,0.24573188940007065
distribuicao_valor,1.3,Securitização,ultimos_12_meses,BRADESCO BBI,2.0,8526741256.459998,0.12029078893387324
distribuicao_valor,1.3,Securitização,ultimos_12_meses,BTG PACTUAL,3.0,7688594010.99,0.10846664763910192
distribuicao_valor,1.3,Securitização,ultimos_12_meses,XP INVESTIMENTOS,4.0,7547183892.619993,0.10647170793232086
distribuicao_valor,1.3,Securitização,ultimos_12_meses,SANTANDER,5.0,4763868690.959999,0.06720615836428771
distribuicao_valor,1.3,Securitização,ultimos_12_meses,VOTORANTIM,6.0,4845535688.16,0.06835827348395383
distribuicao_valor,1.3,Securitização,ultimos_12_meses,UBS BB,7.0,4459672645.04,0.06291472025754807
distribuicao_valor,1.3,Securitização,ultimos_12_meses,SAFRA,8.0,4323059212.389999,0.06098744967454745
distribuicao_valor,1.3,Securitização,ultimos_12_meses,BB-BI,9.0,2521411145.109999,0.03557074464317251
distribuicao_valor,1.3,Securitização,ultimos_12_meses,BR PARTNERS,10.0,1962440632.8100002,0.027685082126510965
distribuicao_valor,1.3,Securitização,ultimos_12_meses,ABC BRASIL,11.0,1509656175.5900002,0.021297436725083406
distribuicao_valor,1.3,Securitização,ultimos_12_meses,INTER,12.0,1347223519.28,0.019005922090304096
distribuicao_valor,1.3,Securitização,ultimos_12_meses,CANAL COMPANHIA DE SECURITIZAÇÃO,13.0,643011000.0,0.009071261594170977
distribuicao_valor,1.3,Securitização,ultimos_12_meses,GALAPAGOS CAPITAL INVESTIMENTOS E PARTICIPAÇÕES LTDA.,14.0,496513000.0,0.007004544724595092
distribuicao_valor,1.3,Securitização,ultimos_12_meses,DAYCOVAL,15.0,485556662.61000013,0.006849978468996532
distribuicao_valor,1.3,Securitização,ultimos_12_meses,OPEA SECURITIZADORA,16.0,363775000.0,0.0051319467107398585
distribuicao_valor,1.3,Securitização,ultimos_12_meses,ORIZ ASSESSORIA FINANCEIRA LTDA,17.0,270895000.0,0.0038216444346254527
distribuicao_valor,1.3,Securitização,ultimos_12_meses,CEF,18.0,228804000.0,0.003227846705254959
distribuicao_valor,1.3,Securitização,ultimos_12_meses,ASA ASSET 2 GESTÃO DE RECURSOS LTDA,19.0,204234000.0,0.002881226045003764
distribuicao_valor,1.3,Securitização,ultimos_12_meses,ARCHX CAPITAL,20.0,194950594.37,0.002750260632352146
distribuicao_valor,1.3,Securitização,ultimos_12_meses,One Corporate,21.0,175298477.0,0.0024730188782567707
distribuicao_valor,1.3,Securitização,ultimos_12_meses,MAX CAPITAL MARKETS,22.0,120000000.0,0.0016928969975638323
distribuicao_valor,1.3,Securitização,ultimos_12_meses,RB CAPITAL DTVM,23.0,115924388.93,0.0016354004163668244
distribuicao_valor,1.3,Securitização,ultimos_12_meses,KEA CAPITAL MARKETS,24.0,92278000.0,0.0013018095761766276
distribuicao_valor,1.3,Securitização,ultimos_12_meses,BANCO PINE,25.0,89500000.0,0.0012626190106830248
distribuicao_valor,1.3,Securitização,ultimos_12_meses,BAMBOO SEC,26.0,84735507.4,0.0011954040505375656
distribuicao_valor,1.3,Securitização,ultimos_12_meses,M7 IB,27.0,77961374.0,0.001099838133087925
distribuicao_valor,1.3,Securitização,ultimos_12_meses,BOCOM BBM,28.0,63323666.660000004,0.0008933370430287245
distribuicao_valor,1.3,Securitização,ultimos_12_meses,TERRA,29.0,60047092.5,0.0008471128550473975
distribuicao_valor,1.3,Securitização,ultimos_12_meses,EQI Investimentos CTVM,30.0,58087000.0,0.0008194608991457527
distribuicao_valor,1.3,Securitização,ultimos_12_meses,GENIAL CV,31.0,41653202.839999996,0.0005876215168896107
distribuicao_valor,1.3,Securitização,ultimos_12_meses,EXES SERVIÇOS FINANCEIROS,32.0,40000000.0,0.000564298999187944
distribuicao_valor,1.3,Securitização,ultimos_12_meses,BANCO BS2,33.0,20000000.0,0.000282149499593972
distribuicao_valor,1.3,Securitização,ultimos_12_meses,HEDGE DTVM,33.0,20000000.0,0.000282149499593972
distribuicao_valor,1.3,Securitização,ultimos_12_meses,ANDBANK,35.0,10197000.0,0.00014385392236798664
distribuicao_valor,1.3,Securitização,ultimos_12_meses,WARREN,36.0,5589500.0,7.885373139902533e-05
distribuicao_valor,1.3,Securitização,ultimos_12_meses,AZIMUT,37.0,2250500.0,3.17488724418117e-05
distribuicao_valor,1.3,Securitização,ultimos_12_meses,C6 CTVM,38.0,2138499.96,3.0168834679786462e-05
distribuicao_valor,1.3,Securitização,ultimos_12_meses,UNICRED DTVM,39.0,1597499.07,2.2536678160116786e-05
distribuicao_valor,1.3,Securitização,ultimos_12_meses,TORO INVESTIMENTOS,40.0,1428500.2300000002,2.01525312532187e-05
distribuicao_valor,1.3,Securitização,ultimos_12_meses,MIRAE ASSET WEALTH MANAGEMENT (BRAZIL) CCTVM LTDA,41.0,703999.97,9.931661962483565e-06
distribuicao_valor,1.3,Securitização,ultimos_12_meses,ATIVA,42.0,7500.0,1.058060623477395e-07
distribuicao_valor,1.3,Securitização,ultimos_3_meses,ITAU BBA,1.0,3525550571.9,0.30769597799175147
distribuicao_valor,1.3,Securitização,ultimos_3_meses,SANTANDER,2.0,2252204875.0,0.19656344945789414
distribuicao_valor,1.3,Securitização,ultimos_3_meses,VOTORANTIM,3.0,2060000000.0,0.17978857535474516
distribuicao_valor,1.3,Securitização,ultimos_3_meses,XP INVESTIMENTOS,4.0,540337057.35,0.04715846104482123
distribuicao_valor,1.3,Securitização,ultimos_3_meses,INTER,5.0,522446000.0,0.04559700099018699
distribuicao_valor,1.3,Securitização,ultimos_3_meses,SAFRA,6.0,404850983.85,0.03533377748415459
distribuicao_valor,1.3,Securitização,ultimos_3_meses,BB-BI,7.0,391289481.77000004,0.034150183727536323
distribuicao_valor,1.3,Securitização,ultimos_3_meses,ABC BRASIL,8.0,325956479.94,0.028448180172844742
distribuicao_valor,1.3,Securitização,ultimos_3_meses,BR PARTNERS,9.0,282007120.19,0.02461245552371577
distribuicao_valor,1.3,Securitização,ultimos_3_meses,CANAL COMPANHIA DE SECURITIZAÇÃO,10.0,273630000.0,0.02388133391957229
distribuicao_valor,1.3,Securitização,ultimos_3_meses,BTG PACTUAL,11.0,267711526.7,0.023364793199726612
distribuicao_valor,1.3,Securitização,ultimos_3_meses,BRADESCO BBI,12.0,186732465.10999998,0.0162972640167993
distribuicao_valor,1.3,Securitização,ultimos_3_meses,UBS BB,13.0,158622000.0,0.013843894854330286
distribuicao_valor,1.3,Securitização,ultimos_3_meses,BANCO PINE,14.0,89500000.0,0.007811202667111501
distribuicao_valor,1.3,Securitização,ultimos_3_meses,BOCOM BBM,15.0,62366666.660000004,0.005443113664284313
distribuicao_valor,1.3,Securitização,ultimos_3_meses,DAYCOVAL,16.0,36861895.839999996,0.003217159096091557
distribuicao_valor,1.3,Securitização,ultimos_3_meses,CEF,17.0,27000000.0,0.0023564522012515144
distribuicao_valor,1.3,Securitização,ultimos_3_meses,HEDGE DTVM,18.0,20000000.0,0.0017455201490751957
distribuicao_valor,1.3,Securitização,ultimos_3_meses,BAMBOO SEC,19.0,19735507.4,0.0017224362909461313
distribuicao_valor,1.3,Securitização,ultimos_3_meses,GENIAL CV,20.0,7653051.68,0.0006679277954676888
distribuicao_valor,1.3,Securitização,ultimos_3_meses,ANDBANK,21.0,2405500.0,0.00020994243593001918
distribuicao_valor,1.3,Securitização,ultimos_3_meses,UNICRED DTVM,22.0,1021500.0,8.915244161401562e-05
distribuicao_valor,1.3,Securitização,ultimos_3_meses,C6 CTVM,23.0,20000.0,1.7455201490751958e-06
distribuicao_valor,1.3,Securitização,ultimos_3_meses,ARCHX CAPITAL,,0.0,
distribuicao_valor,1.3,Securitização,ultimos_3_meses,ASA ASSET 2 GESTÃO DE RECURSOS LTDA,,0.0,
distribuicao_valor,1.3,Securitização,ultimos_3_meses,ATIVA,,0.0,
distribuicao_valor,1.3,Securitização,ultimos_3_meses,AZIMUT,,0.0,
distribuicao_valor,1.3,Securitização,ultimos_3_meses,BANCO BS2,,0.0,
distribuicao_valor,1.3,Securitização,ultimos_3_meses,EQI Investimentos CTVM,,0.0,
distribuicao_valor,1.3,Securitização,ultimos_3_meses,EXES SERVIÇOS FINANCEIROS,,0.0,
distribuicao_valor,1.3,Securitização,ultimos_3_meses,GALAPAGOS CAPITAL INVESTIMENTOS E PARTICIPAÇÕES LTDA.,,0.0,
distribuicao_valor,1.3,Securitização,ultimos_3_meses,KEA CAPITAL MARKETS,,0.0,
distribuicao_valor,1.3,Securitização,ultimos_3_meses,M7 IB,,0.0,
distribuicao_valor,1.3,Securitização,ultimos_3_meses,MAX CAPITAL MARKETS,,0.0,
distribuicao_valor,1.3,Securitização,ultimos_3_meses,MIRAE ASSET WEALTH MANAGEMENT (BRAZIL) CCTVM LTDA,,0.0,
distribuicao_valor,1.3,Securitização,ultimos_3_meses,OPEA SECURITIZADORA,,0.0,
distribuicao_valor,1.3,Securitização,ultimos_3_meses,ORIZ ASSESSORIA FINANCEIRA LTDA,,0.0,
distribuicao_valor,1.3,Securitização,ultimos_3_meses,One Corporate,,0.0,
distribuicao_valor,1.3,Securitização,ultimos_3_meses,RB CAPITAL DTVM,,0.0,
distribuicao_valor,1.3,Securitização,ultimos_3_meses,TERRA,,0.0,
distribuicao_valor,1.3,Securitização,ultimos_3_meses,TORO INVESTIMENTOS,,0.0,
distribuicao_valor,1.3,Securitização,ultimos_3_meses,WARREN,,0.0,
distribuicao_valor,1.3.1,Emissão de Cotas Seniores e Subordinadas de FIDC,acumulado_ano,ITAU BBA,1.0,10545290197.26,0.3882923153107145
distribuicao_valor,1.3.1,Emissão de Cotas Seniores e Subordinadas de FIDC,acumulado_ano,BRADESCO BBI,2.0,3835549243.9199996,0.14123028086955144
distribuicao_valor,1.3.1,Emissão de Cotas Seniores e Subordinadas de FIDC,acumulado_ano,UBS BB,3.0,2890022461.71,0.10641466398420432
distribuicao_valor,1.3.1,Emissão de Cotas Seniores e Subordinadas de FIDC,acumulado_ano,VOTORANTIM,4.0,2494210688.16,0.0918403215902033
distribuicao_valor,1.3.1,Emissão de Cotas Seniores e Subordinadas de FIDC,acumulado_ano,SANTANDER,5.0,2018875000.0,0.07433779757683713
distribuicao_valor,1.3.1,Emissão de Cotas Seniores e Subordinadas de FIDC,acumulado_ano,BTG PACTUAL,6.0,1636146933.4,0.060245215548784356
distribuicao_valor,1.3.1,Emissão de Cotas Seniores e Subordinadas de FIDC,acumulado_ano,XP INVESTIMENTOS,7.0,1259400881.21,0.046372899647318076
distribuicao_valor,1.3.1,Emissão de Cotas Seniores e Subordinadas de FIDC,acumulado_ano,ABC BRASIL,8.0,1135019000.0,0.04179298503763933
distribuicao_valor,1.3.1,Emissão de Cotas Seniores e Subordinadas de FIDC,acumulado_ano,SAFRA,9.0,810963037.03,0.02986079182169932
distribuicao_valor,1.3.1,Emissão de Cotas Seniores e Subordinadas de FIDC,acumulado_ano,BR PARTNERS,10.0,326856875.40000004,0.012035326724082807
distribuicao_valor,1.3.1,Emissão de Cotas Seniores e Subordinadas de FIDC,acumulado_ano,DAYCOVAL,11.0,85141500.0,0.003135028960380548
distribuicao_valor,1.3.1,Emissão de Cotas Seniores e Subordinadas de FIDC,acumulado_ano,BAMBOO SEC,12.0,84735507.4,0.0031200797457355137
distribuicao_valor,1.3.1,Emissão de Cotas Seniores e Subordinadas de FIDC,acumulado_ano,ARCHX CAPITAL,13.0,29827000.009999998,0.0010982718043800132
distribuicao_valor,1.3.1,Emissão de Cotas Seniores e Subordinadas de FIDC,acumulado_ano,GALAPAGOS CAPITAL INVESTIMENTOS E PARTICIPAÇÕES LTDA.,14.0,6084000.0,0.00022402137846943329
distribuicao_valor,1.3.1,Emissão de Cotas Seniores e Subordinadas de FIDC,acumulado_ano,KEA CAPITAL MARKETS,,0.0,
distribuicao_valor,1.3.1,Emissão de Cotas Seniores e Subordinadas de FIDC,acumulado_ano,ORIZ ASSESSORIA FINANCEIRA LTDA,,0.0,
distribuicao_valor,1.3.1,Emissão de Cotas Seniores e Subordinadas de FIDC,ultimos_12_meses,ITAU BBA,1.0,13388234971.82,0.32989294077123044
distribuicao_valor,1.3.1,Emissão de Cotas Seniores e Subordinadas de FIDC,ultimos_12_meses,BRADESCO BBI,2.0,5635589000.89,0.13886378842280436
distribuicao_valor,1.3.1,Emissão de Cotas Seniores e Subordinadas de FIDC,ultimos_12_meses,VOTORANTIM,3.0,4600830688.16,0.11336681563345004
distribuicao_valor,1.3.1,Emissão de Cotas Seniores e Subordinadas de FIDC,ultimos_12_meses,UBS BB,4.0,4039832461.71,0.0995435330961645
distribuicao_valor,1.3.1,Emissão de Cotas Seniores e Subordinadas de FIDC,ultimos_12_meses,SANTANDER,5.0,3518864756.97,0.08670662303854594
distribuicao_valor,1.3.1,Emissão de Cotas Seniores e Subordinadas de FIDC,ultimos_12_meses,XP INVESTIMENTOS,6.0,2860604781.21,0.07048676137249803
distribuicao_valor,1.3.1,Emissão de Cotas Seniores e Subordinadas de FIDC,ultimos_12_meses,BTG PACTUAL,7.0,2236167811.88,0.05510031584236366
distribuicao_valor,1.3.1,Emissão de Cotas Seniores e Subordinadas de FIDC,ultimos_12_meses,SAFRA,8.0,1410963037.03,0.0347668491466622
distribuicao_valor,1.3.1,Emissão de Cotas Seniores e Subordinadas de FIDC,ultimos_12_meses,ABC BRASIL,9.0,1149819000.0,0.028332126830985172
distribuicao_valor,1.3.1,Emissão de Cotas Seniores e Subordinadas de FIDC,ultimos_12_meses,BR PARTNERS,10.0,708754094.87,0.017464062524481624
distribuicao_valor,1.3.1,Emissão de Cotas Seniores e Subordinadas de FIDC,ultimos_12_meses,DAYCOVAL,11.0,344971500.0,0.00850027377445946
distribuicao_valor,1.3.1,Emissão de Cotas Seniores e Subordinadas de FIDC,ultimos_12_meses,ORIZ ASSESSORIA FINANCEIRA LTDA,12.0,270895000.0,0.006674991018481803
distribuicao_valor,1.3.1,Emissão de Cotas Seniores e Subordinadas de FIDC,ultimos_12_meses,ARCHX CAPITAL,13.0,194950594.37,0.004803682114721346
distribuicao_valor,1.3.1,Emissão de Cotas Seniores e Subordinadas de FIDC,ultimos_12_meses,KEA CAPITAL MARKETS,14.0,92278000.0,0.0022737770029105883
distribuicao_valor,1.3.1,Emissão de Cotas Seniores e Subordinadas de FIDC,ultimos_12_meses,BAMBOO SEC,15.0,84735507.4,0.0020879261368482193
distribuicao_valor,1.3.1,Emissão de Cotas Seniores e Subordinadas de FIDC,ultimos_12_meses,GALAPAGOS CAPITAL INVESTIMENTOS E PARTICIPAÇÕES LTDA.,16.0,46084000.0,0.0011355332733926997
distribuicao_valor,1.3.1,Emissão de Cotas Seniores e Subordinadas de FIDC,ultimos_3_meses,ITAU BBA,1.0,3151902747.0,0.39072255884320983
distribuicao_valor,1.3.1,Emissão de Cotas Seniores e Subordinadas de FIDC,ultimos_3_meses,SANTANDER,2.0,2018875000.0,0.2502678760426187
distribuicao_valor,1.3.1,Emissão de Cotas Seniores e Subordinadas de FIDC,ultimos_3_meses,VOTORANTIM,3.0,2185020000.0,0.2708638793935447
distribuicao_valor,1.3.1,Emissão de Cotas Seniores e Subordinadas de FIDC,ultimos_3_meses,XP INVESTIMENTOS,4.0,300599700.0,0.03726354948079914
distribuicao_valor,1.3.1,Emissão de Cotas Seniores e Subordinadas de FIDC,ultimos_3_meses,ABC BRASIL,5.0,136894000.0,0.016969931582182275
distribuicao_valor,1.3.1,Emissão de Cotas Seniores e Subordinadas de FIDC,ultimos_3_meses,UBS BB,6.0,124000000.0,0.015371539411446828
distribuicao_valor,1.3.1,Emissão de Cotas Seniores e Subordinadas de FIDC,ultimos_3_meses,BR PARTNERS,7.0,108697875.4,0.013474626416545458
distribuicao_valor,1.3.1,Emissão de Cotas Seniores e Subordinadas de FIDC,ultimos_3_meses,DAYCOVAL,8.0,21131500.0,0.0026195458473628115
distribuicao_valor,1.3.1,Emissão de Cotas Seniores e Subordinadas de FIDC,ultimos_3_meses,BAMBOO SEC,9.0,19735507.4,0.0024464929822903265
distribuicao_valor,1.3.1,Emissão de Cotas Seniores e Subordinadas de FIDC,ultimos_3_meses,ARCHX CAPITAL,,0.0,
distribuicao_valor,1.3.1,Emissão de Cotas Seniores e Subordinadas de FIDC,ultimos_3_meses,BRADESCO BBI,,0.0,
distribuicao_valor,1.3.1,Emissão de Cotas Seniores e Subordinadas de FIDC,ultimos_3_meses,BTG PACTUAL,,0.0,
distribuicao_valor,1.3.1,Emissão de Cotas Seniores e Subordinadas de FIDC,ultimos_3_meses,GALAPAGOS CAPITAL INVESTIMENTOS E PARTICIPAÇÕES LTDA.,,0.0,
distribuicao_valor,1.3.1,Emissão de Cotas Seniores e Subordinadas de FIDC,ultimos_3_meses,KEA CAPITAL MARKETS,,0.0,
distribuicao_valor,1.3.1,Emissão de Cotas Seniores e Subordinadas de FIDC,ultimos_3_meses,ORIZ ASSESSORIA FINANCEIRA LTDA,,0.0,
distribuicao_valor,1.3.1,Emissão de Cotas Seniores e Subordinadas de FIDC,ultimos_3_meses,SAFRA,,0.0,
distribuicao_valor,1.3.2,Emissão de Certificados de Recebíveis Imobiliários,acumulado_ano,BTG PACTUAL,1.0,1421248419.44,0.19950446196
distribuicao_valor,1.3.2,Emissão de Certificados de Recebíveis Imobiliários,acumulado_ano,ITAU BBA,2.0,993178439.03,0.13941512786
distribuicao_valor,1.3.2,Emissão de Certificados de Recebíveis Imobiliários,acumulado_ano,BR PARTNERS,3.0,972591987.56,0.13652535231
distribuicao_valor,1.3.2,Emissão de Certificados de Recebíveis Imobiliários,acumulado_ano,INTER,4.0,726628103.28,0.10199874055
distribuicao_valor,1.3.2,Emissão de Certificados de Recebíveis Imobiliários,acumulado_ano,XP INVESTIMENTOS,5.0,663702623.28,0.09316572173
distribuicao_valor,1.3.2,Emissão de Certificados de Recebíveis Imobiliários,acumulado_ano,SANTANDER,6.0,488007981.4,0.06850299246
distribuicao_valor,1.3.2,Emissão de Certificados de Recebíveis Imobiliários,acumulado_ano,SAFRA,7.0,321936875.0,0.04519114474
distribuicao_valor,1.3.2,Emissão de Certificados de Recebíveis Imobiliários,acumulado_ano,BRADESCO BBI,8.0,277641121.8,0.03897323076
distribuicao_valor,1.3.2,Emissão de Certificados de Recebíveis Imobiliários,acumulado_ano,BB-BI,9.0,266283000.0,0.03737886067
distribuicao_valor,1.3.2,Emissão de Certificados de Recebíveis Imobiliários,acumulado_ano,ASA ASSET 2 GESTÃO DE RECURSOS LTDA,10.0,204234000.0,0.02866887571
distribuicao_valor,1.3.2,Emissão de Certificados de Recebíveis Imobiliários,acumulado_ano,ABC BRASIL,11.0,189062479.94,0.02653920864
distribuicao_valor,1.3.2,Emissão de Certificados de Recebíveis Imobiliários,acumulado_ano,CANAL COMPANHIA DE SECURITIZAÇÃO,12.0,138630000.0,0.01945986584
distribuicao_valor,1.3.2,Emissão de Certificados de Recebíveis Imobiliários,acumulado_ano,BANCO PINE,13.0,89500000.0,0.01256335564
distribuicao_valor,1.3.2,Emissão de Certificados de Recebíveis Imobiliários,acumulado_ano,OPEA SECURITIZADORA,14.0,74698000.0,0.0104855591
distribuicao_valor,1.3.2,Emissão de Certificados de Recebíveis Imobiliários,acumulado_ano,VOTORANTIM,15.0,63000000.0,0.00884347939
distribuicao_valor,1.3.2,Emissão de Certificados de Recebíveis Imobiliários,acumulado_ano,EQI Investimentos CTVM,16.0,58087000.0,0.00815382837
distribuicao_valor,1.3.2,Emissão de Certificados de Recebíveis Imobiliários,acumulado_ano,CEF,17.0,47000000.0,0.00659751637
distribuicao_valor,1.3.2,Emissão de Certificados de Recebíveis Imobiliários,acumulado_ano,One Corporate,18.0,42798477.0,0.00600773729
distribuicao_valor,1.3.2,Emissão de Certificados de Recebíveis Imobiliários,acumulado_ano,UBS BB,19.0,37872000.0,0.00531619447
distribuicao_valor,1.3.2,Emissão de Certificados de Recebíveis Imobiliários,acumulado_ano,HEDGE DTVM,20.0,20000000.0,0.00280745377
distribuicao_valor,1.3.2,Emissão de Certificados de Recebíveis Imobiliários,acumulado_ano,GALAPAGOS CAPITAL INVESTIMENTOS E PARTICIPAÇÕES LTDA.,21.0,14703000.0,0.00206389964
distribuicao_valor,1.3.2,Emissão de Certificados de Recebíveis Imobiliários,acumulado_ano,ANDBANK,22.0,4143000.0,0.00058156405
distribuicao_valor,1.3.2,Emissão de Certificados de Recebíveis Imobiliários,acumulado_ano,RB CAPITAL DTVM,23.0,3124388.98,0.00043857888
distribuicao_valor,1.3.2,Emissão de Certificados de Recebíveis Imobiliários,acumulado_ano,WARREN,24.0,3071500.0,0.00043115471
distribuicao_valor,1.3.2,Emissão de Certificados de Recebíveis Imobiliários,acumulado_ano,DAYCOVAL,25.0,2554500.0,0.00035858203
distribuicao_valor,1.3.2,Emissão de Certificados de Recebíveis Imobiliários,acumulado_ano,GENIAL CV,26.0,171000.0,2.400373e-05
distribuicao_valor,1.3.2,Emissão de Certificados de Recebíveis Imobiliários,acumulado_ano,C6 CTVM,27.0,25000.0,3.50932e-06
distribuicao_valor,1.3.2,Emissão de Certificados de Recebíveis Imobiliários,acumulado_ano,ATIVA,,0.0,
distribuicao_valor,1.3.2,Emissão de Certificados de Recebíveis Imobiliários,acumulado_ano,BANCO BS2,,0.0,
distribuicao_valor,1.3.2,Emissão de Certificados de Recebíveis Imobiliários,acumulado_ano,MAX CAPITAL MARKETS,,0.0,
distribuicao_valor,1.3.2,Emissão de Certificados de Recebíveis Imobiliários,acumulado_ano,TORO INVESTIMENTOS,,0.0,
distribuicao_valor,1.3.2,Emissão de Certificados de Recebíveis Imobiliários,acumulado_ano,UNICRED DTVM,,0.0,
distribuicao_valor,1.3.2,Emissão de Certificados de Recebíveis Imobiliários,ultimos_12_meses,BTG PACTUAL,1.0,3713680480.01,0.21504632505
distribuicao_valor,1.3.2,Emissão de Certificados de Recebíveis Imobiliários,ultimos_12_meses,XP INVESTIMENTOS,2.0,2646633837.65,0.15325736385
distribuicao_valor,1.3.2,Emissão de Certificados de Recebíveis Imobiliários,ultimos_12_meses,ITAU BBA,3.0,2266773544.2599998,0.13126097494
distribuicao_valor,1.3.2,Emissão de Certificados de Recebíveis Imobiliários,ultimos_12_meses,SAFRA,4.0,1800438183.33,0.10425711552
distribuicao_valor,1.3.2,Emissão de Certificados de Recebíveis Imobiliários,ultimos_12_meses,INTER,5.0,1265763103.28,0.07329594056
distribuicao_valor,1.3.2,Emissão de Certificados de Recebíveis Imobiliários,ultimos_12_meses,BR PARTNERS,6.0,1203686537.94,0.06970130249
distribuicao_valor,1.3.2,Emissão de Certificados de Recebíveis Imobiliários,ultimos_12_meses,BRADESCO BBI,7.0,861480723.59,0.04988535355
distribuicao_valor,1.3.2,Emissão de Certificados de Recebíveis Imobiliários,ultimos_12_meses,SANTANDER,8.0,510607981.4,0.02956753294
distribuicao_valor,1.3.2,Emissão de Certificados de Recebíveis Imobiliários,ultimos_12_meses,GALAPAGOS CAPITAL INVESTIMENTOS E PARTICIPAÇÕES LTDA.,9.0,450429000.0,0.02608277736
distribuicao_valor,1.3.2,Emissão de Certificados de Recebíveis Imobiliários,ultimos_12_meses,CANAL COMPANHIA DE SECURITIZAÇÃO,10.0,429011000.0,0.02484253544
distribuicao_valor,1.3.2,Emissão de Certificados de Recebíveis Imobiliários,ultimos_12_meses,ABC BRASIL,11.0,359837175.59,0.02083691977
distribuicao_valor,1.3.2,Emissão de Certificados de Recebíveis Imobiliários,ultimos_12_meses,BB-BI,12.0,331036500.0,0.01916917278
distribuicao_valor,1.3.2,Emissão de Certificados de Recebíveis Imobiliários,ultimos_12_meses,OPEA SECURITIZADORA,13.0,261275000.0,0.01512952686
distribuicao_valor,1.3.2,Emissão de Certificados de Recebíveis Imobiliários,ultimos_12_meses,VOTORANTIM,14.0,244705000.0,0.01417001577
distribuicao_valor,1.3.2,Emissão de Certificados de Recebíveis Imobiliários,ultimos_12_meses,ASA ASSET 2 GESTÃO DE RECURSOS LTDA,15.0,204234000.0,0.01182648087
distribuicao_valor,1.3.2,Emissão de Certificados de Recebíveis Imobiliários,ultimos_12_meses,CEF,16.0,144507000.0,0.00836789795
distribuicao_valor,1.3.2,Emissão de Certificados de Recebíveis Imobiliários,ultimos_12_meses,MAX CAPITAL MARKETS,17.0,120000000.0,0.00694878279
distribuicao_valor,1.3.2,Emissão de Certificados de Recebíveis Imobiliários,ultimos_12_meses,UBS BB,18.0,93134308.33,0.00539308399
distribuicao_valor,1.3.2,Emissão de Certificados de Recebíveis Imobiliários,ultimos_12_meses,BANCO PINE,19.0,89500000.0,0.00518263383
distribuicao_valor,1.3.2,Emissão de Certificados de Recebíveis Imobiliários,ultimos_12_meses,RB CAPITAL DTVM,20.0,69467388.98,0.00402261497
distribuicao_valor,1.3.2,Emissão de Certificados de Recebíveis Imobiliários,ultimos_12_meses,EQI Investimentos CTVM,21.0,58087000.0,0.00336361622
distribuicao_valor,1.3.2,Emissão de Certificados de Recebíveis Imobiliários,ultimos_12_meses,DAYCOVAL,22.0,48164808.33,0.00278905659
distribuicao_valor,1.3.2,Emissão de Certificados de Recebíveis Imobiliários,ultimos_12_meses,One Corporate,23.0,42798477.0,0.002478311
distribuicao_valor,1.3.2,Emissão de Certificados de Recebíveis Imobiliários,ultimos_12_meses,BANCO BS2,24.0,20000000.0,0.00115813046
distribuicao_valor,1.3.2,Emissão de Certificados de Recebíveis Imobiliários,ultimos_12_meses,HEDGE DTVM,24.0,20000000.0,0.00115813046
distribuicao_valor,1.3.2,Emissão de Certificados de Recebíveis Imobiliários,ultimos_12_meses,GENIAL CV,26.0,5670500.0,0.00032835894
distribuicao_valor,1.3.2,Emissão de Certificados de Recebíveis Imobiliários,ultimos_12_meses,ANDBANK,27.0,4497500.0,0.00026043459
distribuicao_valor,1.3.2,Emissão de Certificados de Recebíveis Imobiliários,ultimos_12_meses,WARREN,28.0,3071500.0,0.00017785989
distribuicao_valor,1.3.2,Emissão de Certificados de Recebíveis Imobiliários,ultimos_12_meses,UNICRED DTVM,29.0,519499.06999999995,3.008238e-05
distribuicao_valor,1.3.2,Emissão de Certificados de Recebíveis Imobiliários,ultimos_12_meses,TORO INVESTIMENTOS,30.0,136500.0,7.90424e-06
distribuicao_valor,1.3.2,Emissão de Certificados de Recebíveis Imobiliários,ultimos_12_meses,C6 CTVM,31.0,60000.0,3.47439e-06
distribuicao_valor,1.3.2,Emissão de Certificados de Recebíveis Imobiliários,ultimos_12_meses,ATIVA,32.0,5000.0,2.8953e-07
distribuicao_valor,1.3.2,Emissão de Certificados de Recebíveis Imobiliários,ultimos_3_meses,INTER,1.0,520475500.0,0.19923137444
distribuicao_valor,1.3.2,Emissão de Certificados de Recebíveis Imobiliários,ultimos_3_meses,ITAU BBA,2.0,325615125.0,0.12464131144
distribuicao_valor,1.3.2,Emissão de Certificados de Recebíveis Imobiliários,ultimos_3_meses,SAFRA,3.0,313119375.0,0.11985809792
distribuicao_valor,1.3.2,Emissão de Certificados de Recebíveis Imobiliários,ultimos_3_meses,BTG PACTUAL,4.0,247283879.0,0.09465711084
distribuicao_valor,1.3.2,Emissão de Certificados de Recebíveis Imobiliários,ultimos_3_meses,SANTANDER,5.0,210629875.0,0.08062642621
distribuicao_valor,1.3.2,Emissão de Certificados de Recebíveis Imobiliários,ultimos_3_meses,ABC BRASIL,6.0,189062479.94,0.07237070282
distribuicao_valor,1.3.2,Emissão de Certificados de Recebíveis Imobiliários,ultimos_3_meses,XP INVESTIMENTOS,7.0,177028000.0,0.06776405759
distribuicao_valor,1.3.2,Emissão de Certificados de Recebíveis Imobiliários,ultimos_3_meses,BR PARTNERS,8.0,173309244.79,0.06634056558
distribuicao_valor,1.3.2,Emissão de Certificados de Recebíveis Imobiliários,ultimos_3_meses,CANAL COMPANHIA DE SECURITIZAÇÃO,9.0,113630000.0,0.04349611284
distribuicao_valor,1.3.2,Emissão de Certificados de Recebíveis Imobiliários,ultimos_3_meses,BB-BI,10.0,103180000.0,0.0394959863
distribuicao_valor,1.3.2,Emissão de Certificados de Recebíveis Imobiliários,ultimos_3_meses,BANCO PINE,11.0,89500000.0,0.034259457
distribuicao_valor,1.3.2,Emissão de Certificados de Recebíveis Imobiliários,ultimos_3_meses,BRADESCO BBI,12.0,63830875.0,0.02443364377
distribuicao_valor,1.3.2,Emissão de Certificados de Recebíveis Imobiliários,ultimos_3_meses,UBS BB,13.0,34622000.0,0.01325285944
distribuicao_valor,1.3.2,Emissão de Certificados de Recebíveis Imobiliários,ultimos_3_meses,CEF,14.0,27000000.0,0.01033525518
distribuicao_valor,1.3.2,Emissão de Certificados de Recebíveis Imobiliários,ultimos_3_meses,HEDGE DTVM,15.0,20000000.0,0.00765574458
distribuicao_valor,1.3.2,Emissão de Certificados de Recebíveis Imobiliários,ultimos_3_meses,ANDBANK,16.0,2405500.0,0.00092079468
distribuicao_valor,1.3.2,Emissão de Certificados de Recebíveis Imobiliários,ultimos_3_meses,DAYCOVAL,17.0,1554500.0,0.00059504275
distribuicao_valor,1.3.2,Emissão de Certificados de Recebíveis Imobiliários,ultimos_3_meses,GENIAL CV,18.0,171000.0,6.545662e-05
distribuicao_valor,1.3.2,Emissão de Certificados de Recebíveis Imobiliários,ultimos_3_meses,ASA ASSET 2 GESTÃO DE RECURSOS LTDA,,0.0,
distribuicao_valor,1.3.2,Emissão de Certificados de Recebíveis Imobiliários,ultimos_3_meses,ATIVA,,0.0,
distribuicao_valor,1.3.2,Emissão de Certificados de Recebíveis Imobiliários,ultimos_3_meses,BANCO BS2,,0.0,
distribuicao_valor,1.3.2,Emissão de Certificados de Recebíveis Imobiliários,ultimos_3_meses,C6 CTVM,,0.0,
distribuicao_valor,1.3.2,Emissão de Certificados de Recebíveis Imobiliários,ultimos_3_meses,EQI Investimentos CTVM,,0.0,
distribuicao_valor,1.3.2,Emissão de Certificados de Recebíveis Imobiliários,ultimos_3_meses,GALAPAGOS CAPITAL INVESTIMENTOS E PARTICIPAÇÕES LTDA.,,0.0,
distribuicao_valor,1.3.2,Emissão de Certificados de Recebíveis Imobiliários,ultimos_3_meses,MAX CAPITAL MARKETS,,0.0,
distribuicao_valor,1.3.2,Emissão de Certificados de Recebíveis Imobiliários,ultimos_3_meses,OPEA SECURITIZADORA,,0.0,
distribuicao_valor,1.3.2,Emissão de Certificados de Recebíveis Imobiliários,ultimos_3_meses,One Corporate,,0.0,
distribuicao_valor,1.3.2,Emissão de Certificados de Recebíveis Imobiliários,ultimos_3_meses,RB CAPITAL DTVM,,0.0,
distribuicao_valor,1.3.2,Emissão de Certificados de Recebíveis Imobiliários,ultimos_3_meses,TORO INVESTIMENTOS,,0.0,
distribuicao_valor,1.3.2,Emissão de Certificados de Recebíveis Imobiliários,ultimos_3_meses,UNICRED DTVM,,0.0,
distribuicao_valor,1.3.2,Emissão de Certificados de Recebíveis Imobiliários,ultimos_3_meses,VOTORANTIM,,0.0,
distribuicao_valor,1.3.2,Emissão de Certificados de Recebíveis Imobiliários,ultimos_3_meses,WARREN,,0.0,
distribuicao_valor,1.3.3,Emissão de Certificados de Recebíveis do Agronegócio,acumulado_ano,BB-BI,1.0,778170919.2699999,0.23567453511
distribuicao_valor,1.3.3,Emissão de Certificados de Recebíveis do Agronegócio,acumulado_ano,BRADESCO BBI,2.0,726787477.5500001,0.22011269845
distribuicao_valor,1.3.3,Emissão de Certificados de Recebíveis do Agronegócio,acumulado_ano,BTG PACTUAL,3.0,404400997.6600001,0.12247568595
distribuicao_valor,1.3.3,Emissão de Certificados de Recebíveis do Agronegócio,acumulado_ano,XP INVESTIMENTOS,4.0,267642882.34,0.08105752902
distribuicao_valor,1.3.3,Emissão de Certificados de Recebíveis do Agronegócio,acumulado_ano,CANAL COMPANHIA DE SECURITIZAÇÃO,5.0,194000000.0,0.05875426424
distribuicao_valor,1.3.3,Emissão de Certificados de Recebíveis do Agronegócio,acumulado_ano,SANTANDER,6.0,179069912.48999998,0.05423258224
distribuicao_valor,1.3.3,Emissão de Certificados de Recebíveis do Agronegócio,acumulado_ano,ITAU BBA,7.0,178271982.35,0.05399092349
distribuicao_valor,1.3.3,Emissão de Certificados de Recebíveis do Agronegócio,acumulado_ano,SAFRA,8.0,168311808.85,0.0509744149
distribuicao_valor,1.3.3,Emissão de Certificados de Recebíveis do Agronegócio,acumulado_ano,One Corporate,9.0,132500000.0,0.04012855676
distribuicao_valor,1.3.3,Emissão de Certificados de Recebíveis do Agronegócio,acumulado_ano,BOCOM BBM,10.0,62366666.660000004,0.01888818357
distribuicao_valor,1.3.3,Emissão de Certificados de Recebíveis do Agronegócio,acumulado_ano,TERRA,11.0,59847092.5,0.01812511282
distribuicao_valor,1.3.3,Emissão de Certificados de Recebíveis do Agronegócio,acumulado_ano,DAYCOVAL,12.0,31818364.57,0.00963641546
distribuicao_valor,1.3.3,Emissão de Certificados de Recebíveis do Agronegócio,acumulado_ano,UBS BB,13.0,29020875.0,0.00878917607
distribuicao_valor,1.3.3,Emissão de Certificados de Recebíveis do Agronegócio,acumulado_ano,INTER,14.0,23622968.69999999,0.00715438219
distribuicao_valor,1.3.3,Emissão de Certificados de Recebíveis do Agronegócio,acumulado_ano,M7 IB,15.0,21000000.0,0.00635999767
distribuicao_valor,1.3.3,Emissão de Certificados de Recebíveis do Agronegócio,acumulado_ano,CEF,16.0,15175000.0,0.00459585546
distribuicao_valor,1.3.3,Emissão de Certificados de Recebíveis do Agronegócio,acumulado_ano,RB CAPITAL DTVM,17.0,14229999.97,0.00430965556
distribuicao_valor,1.3.3,Emissão de Certificados de Recebíveis do Agronegócio,acumulado_ano,GENIAL CV,18.0,13824551.649999999,0.00418686268
distribuicao_valor,1.3.3,Emissão de Certificados de Recebíveis do Agronegócio,acumulado_ano,UNICRED DTVM,19.0,1078000.0,0.00032647988
distribuicao_valor,1.3.3,Emissão de Certificados de Recebíveis do Agronegócio,acumulado_ano,MIRAE ASSET WEALTH MANAGEMENT (BRAZIL) CCTVM LTDA,20.0,703499.97,0.00021305991
distribuicao_valor,1.3.3,Emissão de Certificados de Recebíveis do Agronegócio,acumulado_ano,C6 CTVM,21.0,44999.99,1.362856e-05
distribuicao_valor,1.3.3,Emissão de Certificados de Recebíveis do Agronegócio,acumulado_ano,ANDBANK,,0.0,
distribuicao_valor,1.3.3,Emissão de Certificados de Recebíveis do Agronegócio,acumulado_ano,ATIVA,,0.0,
distribuicao_valor,1.3.3,Emissão de Certificados de Recebíveis do Agronegócio,acumulado_ano,AZIMUT,,0.0,
distribuicao_valor,1.3.3,Emissão de Certificados de Recebíveis do Agronegócio,acumulado_ano,BR PARTNERS,,0.0,
distribuicao_valor,1.3.3,Emissão de Certificados de Recebíveis do Agronegócio,acumulado_ano,EXES SERVIÇOS FINANCEIROS,,0.0,
distribuicao_valor,1.3.3,Emissão de Certificados de Recebíveis do Agronegócio,acumulado_ano,OPEA SECURITIZADORA,,0.0,
distribuicao_valor,1.3.3,Emissão de Certificados de Recebíveis do Agronegócio,acumulado_ano,TORO INVESTIMENTOS,,0.0,
distribuicao_valor,1.3.3,Emissão de Certificados de Recebíveis do Agronegócio,acumulado_ano,WARREN,,0.0,
distribuicao_valor,1.3.3,Emissão de Certificados de Recebíveis do Agronegócio,ultimos_12_meses,BB-BI,1.0,2190374645.109999,0.17346535712
distribuicao_valor,1.3.3,Emissão de Certificados de Recebíveis do Agronegócio,ultimos_12_meses,XP INVESTIMENTOS,2.0,2039945273.76,0.16155219666
distribuicao_valor,1.3.3,Emissão de Certificados de Recebíveis do Agronegócio,ultimos_12_meses,BRADESCO BBI,3.0,1844671531.98,0.14608761418
distribuicao_valor,1.3.3,Emissão de Certificados de Recebíveis do Agronegócio,ultimos_12_meses,BTG PACTUAL,4.0,1738745719.1000001,0.13769888534
distribuicao_valor,1.3.3,Emissão de Certificados de Recebíveis do Agronegócio,ultimos_12_meses,ITAU BBA,5.0,1623550776.33,0.12857609353
distribuicao_valor,1.3.3,Emissão de Certificados de Recebíveis do Agronegócio,ultimos_12_meses,SAFRA,6.0,1111657992.03,0.08803706298
distribuicao_valor,1.3.3,Emissão de Certificados de Recebíveis do Agronegócio,ultimos_12_meses,SANTANDER,7.0,711895952.5899999,0.05637815701
distribuicao_valor,1.3.3,Emissão de Certificados de Recebíveis do Agronegócio,ultimos_12_meses,UBS BB,8.0,326705875.0,0.02587326849
distribuicao_valor,1.3.3,Emissão de Certificados de Recebíveis do Agronegócio,ultimos_12_meses,CANAL COMPANHIA DE SECURITIZAÇÃO,9.0,214000000.0,0.01694759684
distribuicao_valor,1.3.3,Emissão de Certificados de Recebíveis do Agronegócio,ultimos_12_meses,One Corporate,10.0,132500000.0,0.01049325506
distribuicao_valor,1.3.3,Emissão de Certificados de Recebíveis do Agronegócio,ultimos_12_meses,OPEA SECURITIZADORA,11.0,102500000.0,0.00811742372
distribuicao_valor,1.3.3,Emissão de Certificados de Recebíveis do Agronegócio,ultimos_12_meses,DAYCOVAL,12.0,92420354.28,0.00731917245
distribuicao_valor,1.3.3,Emissão de Certificados de Recebíveis do Agronegócio,ultimos_12_meses,CEF,13.0,84297000.0,0.00667584846
distribuicao_valor,1.3.3,Emissão de Certificados de Recebíveis do Agronegócio,ultimos_12_meses,INTER,14.0,81460415.99999997,0.00645120696
distribuicao_valor,1.3.3,Emissão de Certificados de Recebíveis do Agronegócio,ultimos_12_meses,BOCOM BBM,15.0,63323666.660000004,0.00501487838
distribuicao_valor,1.3.3,Emissão de Certificados de Recebíveis do Agronegócio,ultimos_12_meses,TERRA,16.0,60047092.5,0.00475539213
distribuicao_valor,1.3.3,Emissão de Certificados de Recebíveis do Agronegócio,ultimos_12_meses,BR PARTNERS,17.0,50000000.0,0.00395971889
distribuicao_valor,1.3.3,Emissão de Certificados de Recebíveis do Agronegócio,ultimos_12_meses,RB CAPITAL DTVM,18.0,46456999.949999996,0.0036791332
distribuicao_valor,1.3.3,Emissão de Certificados de Recebíveis do Agronegócio,ultimos_12_meses,EXES SERVIÇOS FINANCEIROS,19.0,40000000.0,0.00316777511
distribuicao_valor,1.3.3,Emissão de Certificados de Recebíveis do Agronegócio,ultimos_12_meses,GENIAL CV,20.0,35982702.839999996,0.00284962776
distribuicao_valor,1.3.3,Emissão de Certificados de Recebíveis do Agronegócio,ultimos_12_meses,M7 IB,21.0,21000000.0,0.00166308193
distribuicao_valor,1.3.3,Emissão de Certificados de Recebíveis do Agronegócio,ultimos_12_meses,ANDBANK,22.0,5699500.0,0.00045136836
distribuicao_valor,1.3.3,Emissão de Certificados de Recebíveis do Agronegócio,ultimos_12_meses,WARREN,23.0,2518000.0,0.00019941144
distribuicao_valor,1.3.3,Emissão de Certificados de Recebíveis do Agronegócio,ultimos_12_meses,AZIMUT,24.0,2250500.0,0.00017822695
distribuicao_valor,1.3.3,Emissão de Certificados de Recebíveis do Agronegócio,ultimos_12_meses,C6 CTVM,25.0,2078499.9600000002,0.00016460551
distribuicao_valor,1.3.3,Emissão de Certificados de Recebíveis do Agronegócio,ultimos_12_meses,TORO INVESTIMENTOS,26.0,1292000.2300000002,0.00010231915
distribuicao_valor,1.3.3,Emissão de Certificados de Recebíveis do Agronegócio,ultimos_12_meses,UNICRED DTVM,27.0,1078000.0,8.537154e-05
distribuicao_valor,1.3.3,Emissão de Certificados de Recebíveis do Agronegócio,ultimos_12_meses,MIRAE ASSET WEALTH MANAGEMENT (BRAZIL) CCTVM LTDA,28.0,703999.97,5.575284e-05
distribuicao_valor,1.3.3,Emissão de Certificados de Recebíveis do Agronegócio,ultimos_12_meses,ATIVA,29.0,2500.0,1.9799e-07
distribuicao_valor,1.3.3,Emissão de Certificados de Recebíveis do Agronegócio,ultimos_3_meses,BB-BI,1.0,288109481.77000004,0.32697021936
distribuicao_valor,1.3.3,Emissão de Certificados de Recebíveis do Agronegócio,ultimos_3_meses,CANAL COMPANHIA DE SECURITIZAÇÃO,2.0,160000000.0,0.18158109471
distribuicao_valor,1.3.3,Emissão de Certificados de Recebíveis do Agronegócio,ultimos_3_meses,BRADESCO BBI,3.0,122901590.11,0.13947878296
distribuicao_valor,1.3.3,Emissão de Certificados de Recebíveis do Agronegócio,ultimos_3_meses,SAFRA,4.0,91731608.85,0.10410453722
distribuicao_valor,1.3.3,Emissão de Certificados de Recebíveis do Agronegócio,ultimos_3_meses,XP INVESTIMENTOS,5.0,62709357.34999998,0.07116771098
distribuicao_valor,1.3.3,Emissão de Certificados de Recebíveis do Agronegócio,ultimos_3_meses,BOCOM BBM,6.0,62366666.660000004,0.07077879754
distribuicao_valor,1.3.3,Emissão de Certificados de Recebíveis do Agronegócio,ultimos_3_meses,ITAU BBA,7.0,48032699.9,0.05451143894
distribuicao_valor,1.3.3,Emissão de Certificados de Recebíveis do Agronegócio,ultimos_3_meses,BTG PACTUAL,8.0,20427647.700000003,0.02318296645
distribuicao_valor,1.3.3,Emissão de Certificados de Recebíveis do Agronegócio,ultimos_3_meses,DAYCOVAL,9.0,14175895.84,0.01608796678
distribuicao_valor,1.3.3,Emissão de Certificados de Recebíveis do Agronegócio,ultimos_3_meses,GENIAL CV,10.0,7482051.68,0.00849124459
distribuicao_valor,1.3.3,Emissão de Certificados de Recebíveis do Agronegócio,ultimos_3_meses,INTER,11.0,1970500.0,0.00223628467
distribuicao_valor,1.3.3,Emissão de Certificados de Recebíveis do Agronegócio,ultimos_3_meses,UNICRED DTVM,12.0,1021500.0,0.0011592818
distribuicao_valor,1.3.3,Emissão de Certificados de Recebíveis do Agronegócio,ultimos_3_meses,SANTANDER,13.0,200000.0,0.00022697637
distribuicao_valor,1.3.3,Emissão de Certificados de Recebíveis do Agronegócio,ultimos_3_meses,C6 CTVM,14.0,20000.0,2.269764e-05
distribuicao_valor,1.3.3,Emissão de Certificados de Recebíveis do Agronegócio,ultimos_3_meses,ANDBANK,,0.0,
distribuicao_valor,1.3.3,Emissão de Certificados de Recebíveis do Agronegócio,ultimos_3_meses,ATIVA,,0.0,
distribuicao_valor,1.3.3,Emissão de Certificados de Recebíveis do Agronegócio,ultimos_3_meses,AZIMUT,,0.0,
distribuicao_valor,1.3.3,Emissão de Certificados de Recebíveis do Agronegócio,ultimos_3_meses,BR PARTNERS,,0.0,
distribuicao_valor,1.3.3,Emissão de Certificados de Recebíveis do Agronegócio,ultimos_3_meses,CEF,,0.0,
distribuicao_valor,1.3.3,Emissão de Certificados de Recebíveis do Agronegócio,ultimos_3_meses,EXES SERVIÇOS FINANCEIROS,,0.0,
distribuicao_valor,1.3.3,Emissão de Certificados de Recebíveis do Agronegócio,ultimos_3_meses,M7 IB,,0.0,
distribuicao_valor,1.3.3,Emissão de Certificados de Recebíveis do Agronegócio,ultimos_3_meses,MIRAE ASSET WEALTH MANAGEMENT (BRAZIL) CCTVM LTDA,,0.0,
distribuicao_valor,1.3.3,Emissão de Certificados de Recebíveis do Agronegócio,ultimos_3_meses,OPEA SECURITIZADORA,,0.0,
distribuicao_valor,1.3.3,Emissão de Certificados de Recebíveis do Agronegócio,ultimos_3_meses,One Corporate,,0.0,
distribuicao_valor,1.3.3,Emissão de Certificados de Recebíveis do Agronegócio,ultimos_3_meses,RB CAPITAL DTVM,,0.0,
distribuicao_valor,1.3.3,Emissão de Certificados de Recebíveis do Agronegócio,ultimos_3_meses,TERRA,,0.0,
distribuicao_valor,1.3.3,Emissão de Certificados de Recebíveis do Agronegócio,ultimos_3_meses,TORO INVESTIMENTOS,,0.0,
distribuicao_valor,1.3.3,Emissão de Certificados de Recebíveis do Agronegócio,ultimos_3_meses,UBS BB,,0.0,
distribuicao_valor,1.3.3,Emissão de Certificados de Recebíveis do Agronegócio,ultimos_3_meses,WARREN,,0.0,
distribuicao_valor,1.3.4,Emissão de Certificados de Recebíveis,acumulado_ano,BRADESCO BBI,1.0,185000000.0,0.89156626506
distribuicao_valor,1.3.4,Emissão de Certificados de Recebíveis,acumulado_ano,SANTANDER,2.0,22500000.0,0.10843373494
distribuicao_valor,1.3.4,Emissão de Certificados de Recebíveis,acumulado_ano,ITAU BBA,,0.0,
distribuicao_valor,1.3.4,Emissão de Certificados de Recebíveis,acumulado_ano,M7 IB,,0.0,
distribuicao_valor,1.3.4,Emissão de Certificados de Recebíveis,ultimos_12_meses,BRADESCO BBI,1.0,185000000.0,0.45739843627
distribuicao_valor,1.3.4,Emissão de Certificados de Recebíveis,ultimos_12_meses,ITAU BBA,2.0,140000000.0,0.34613935718
distribuicao_valor,1.3.4,Emissão de Certificados de Recebíveis,ultimos_12_meses,M7 IB,3.0,56961374.0,0.140832667
distribuicao_valor,1.3.4,Emissão de Certificados de Recebíveis,ultimos_12_meses,SANTANDER,4.0,22500000.0,0.05562953955
distribuicao_valor,1.3.4,Emissão de Certificados de Recebíveis,ultimos_3_meses,SANTANDER,1.0,22500000.0,1.0
distribuicao_valor,1.3.4,Emissão de Certificados de Recebíveis,ultimos_3_meses,BRADESCO BBI,,0.0,
distribuicao_valor,1.3.4,Emissão de Certificados de Recebíveis,ultimos_3_meses,ITAU BBA,,0.0,
distribuicao_valor,1.3.4,Emissão de Certificados de Recebíveis,ultimos_3_meses,M7 IB,,0.0,
distribuicao_valor,2,Operações Híbridas,acumulado_ano,ITAU BBA,1.0,14165635977.1,0.43890721598
distribuicao_valor,2,Operações Híbridas,acumulado_ano,XP INVESTIMENTOS,2.0,12514457030.6,0.38774718648
distribuicao_valor,2,Operações Híbridas,acumulado_ano,SAFRA,3.0,2096082858.54,0.06494490564
distribuicao_valor,2,Operações Híbridas,acumulado_ano,BTG PACTUAL,4.0,1247693383.8,0.03865845701
distribuicao_valor,2,Operações Híbridas,acumulado_ano,BR PARTNERS,5.0,1196611821.8799999,0.03707574896
distribuicao_valor,2,Operações Híbridas,acumulado_ano,MAX CAPITAL MARKETS,6.0,247326894.9,0.00766316169
distribuicao_valor,2,Operações Híbridas,acumulado_ano,BRADESCO BBI,7.0,242532263.07,0.0075146051
distribuicao_valor,2,Operações Híbridas,acumulado_ano,M7 IB,8.0,105000000.0,0.00325331371
distribuicao_valor,2,Operações Híbridas,acumulado_ano,KEA CAPITAL MARKETS,9.0,93660213.18,0.00290196243
distribuicao_valor,2,Operações Híbridas,acumulado_ano,TERRA,10.0,82645801.28,0.00256069255
distribuicao_valor,2,Operações Híbridas,acumulado_ano,FATOR,11.0,81934162.24000001,0.00253864317
distribuicao_valor,2,Operações Híbridas,acumulado_ano,ABC BRASIL,12.0,75000000.0,0.0023237955
distribuicao_valor,2,Operações Híbridas,acumulado_ano,SANTANDER,13.0,39090791.01,0.00121118673
distribuicao_valor,2,Operações Híbridas,acumulado_ano,HEDGE DTVM,14.0,26504100.0,0.00082120145
distribuicao_valor,2,Operações Híbridas,acumulado_ano,INTER,15.0,20080167.82,0.00062216272
distribuicao_valor,2,Operações Híbridas,acumulado_ano,VOTORANTIM,16.0,9900000.0,0.00030674101
distribuicao_valor,2,Operações Híbridas,acumulado_ano,BB-BI,17.0,9353950.64,0.00028982225
distribuicao_valor,2,Operações Híbridas,acumulado_ano,RIO BRAVO,18.0,8071533.47,0.00025008791
distribuicao_valor,2,Operações Híbridas,acumulado_ano,ANDBANK,19.0,5838764.26,0.00018090792
distribuicao_valor,2,Operações Híbridas,acumulado_ano,RB CAPITAL DTVM,20.0,4458559.56,0.00013814374
distribuicao_valor,2,Operações Híbridas,acumulado_ano,TORO INVESTIMENTOS,21.0,1115097.58,3.455012e-05
distribuicao_valor,2,Operações Híbridas,acumulado_ano,GENIAL CV,22.0,998882.87,3.094933e-05
distribuicao_valor,2,Operações Híbridas,acumulado_ano,ATIVA,23.0,519975.49000000005,1.611089e-05
distribuicao_valor,2,Operações Híbridas,acumulado_ano,C6 CTVM,24.0,260858.40000000002,8.08242e-06
distribuicao_valor,2,Operações Híbridas,acumulado_ano,MIRAE ASSET WEALTH MANAGEMENT (BRAZIL) CCTVM LTDA,25.0,10242.5,3.1735e-07
distribuicao_valor,2,Operações Híbridas,acumulado_ano,WARREN,26.0,1547.8799999999999,4.796e-08
distribuicao_valor,2,Operações Híbridas,acumulado_ano,DAYCOVAL,,0.0,
distribuicao_valor,2,Operações Híbridas,acumulado_ano,GALAPAGOS CAPITAL INVESTIMENTOS E PARTICIPAÇÕES LTDA.,,0.0,
distribuicao_valor,2,Operações Híbridas,acumulado_ano,ORIZ ASSESSORIA FINANCEIRA LTDA,,0.0,
distribuicao_valor,2,Operações Híbridas,acumulado_ano,UBS BB,,0.0,
distribuicao_valor,2,Operações Híbridas,ultimos_12_meses,XP INVESTIMENTOS,1.0,20503587387.89,0.42302060453
distribuicao_valor,2,Operações Híbridas,ultimos_12_meses,ITAU BBA,2.0,16560192448.82,0.34166229003
distribuicao_valor,2,Operações Híbridas,ultimos_12_meses,SAFRA,3.0,3428583208.54,0.07073695515
distribuicao_valor,2,Operações Híbridas,ultimos_12_meses,BR PARTNERS,4.0,2749346582.580001,0.05672325683
distribuicao_valor,2,Operações Híbridas,ultimos_12_meses,BTG PACTUAL,5.0,1783722550.89,0.036800945
distribuicao_valor,2,Operações Híbridas,ultimos_12_meses,BRADESCO BBI,6.0,1532135497.3200002,0.03161031638
distribuicao_valor,2,Operações Híbridas,ultimos_12_meses,UBS BB,7.0,467978114.4799999,0.00965510967
distribuicao_valor,2,Operações Híbridas,ultimos_12_meses,MAX CAPITAL MARKETS,8.0,372246648.9,0.00768002201
distribuicao_valor,2,Operações Híbridas,ultimos_12_meses,BB-BI,9.0,251750989.95,0.00519401088
distribuicao_valor,2,Operações Híbridas,ultimos_12_meses,M7 IB,10.0,105000000.0,0.00216631181
distribuicao_valor,2,Operações Híbridas,ultimos_12_meses,GALAPAGOS CAPITAL INVESTIMENTOS E PARTICIPAÇÕES LTDA.,11.0,100616300.0,0.00207586932
distribuicao_valor,2,Operações Híbridas,ultimos_12_meses,KEA CAPITAL MARKETS,12.0,93660213.18,0.00193235453
distribuicao_valor,2,Operações Híbridas,ultimos_12_meses,TERRA,13.0,82645801.28,0.00170511024
distribuicao_valor,2,Operações Híbridas,ultimos_12_meses,FATOR,14.0,81934162.24000001,0.00169042803
distribuicao_valor,2,Operações Híbridas,ultimos_12_meses,ABC BRASIL,15.0,75000000.0,0.00154736558
distribuicao_valor,2,Operações Híbridas,ultimos_12_meses,VOTORANTIM,16.0,71900000.0,0.0014834078
distribuicao_valor,2,Operações Híbridas,ultimos_12_meses,INTER,17.0,69367136.38,0.00143115092
distribuicao_valor,2,Operações Híbridas,ultimos_12_meses,SANTANDER,18.0,39090791.01,0.00080650326
distribuicao_valor,2,Operações Híbridas,ultimos_12_meses,DAYCOVAL,19.0,28899730.16,0.00059624597
distribuicao_valor,2,Operações Híbridas,ultimos_12_meses,HEDGE DTVM,20.0,26504100.0,0.00054682043
distribuicao_valor,2,Operações Híbridas,ultimos_12_meses,ORIZ ASSESSORIA FINANCEIRA LTDA,21.0,21545366.66,0.00044451412
distribuicao_valor,2,Operações Híbridas,ultimos_12_meses,ANDBANK,22.0,8112515.3,0.00016737369
distribuicao_valor,2,Operações Híbridas,ultimos_12_meses,RIO BRAVO,23.0,8071533.47,0.00016652817
distribuicao_valor,2,Operações Híbridas,ultimos_12_meses,RB CAPITAL DTVM,24.0,4458559.56,9.198695e-05
distribuicao_valor,2,Operações Híbridas,ultimos_12_meses,TORO INVESTIMENTOS,25.0,1115097.58,2.300618e-05
distribuicao_valor,2,Operações Híbridas,ultimos_12_meses,GENIAL CV,26.0,1007512.38,2.078653e-05
distribuicao_valor,2,Operações Híbridas,ultimos_12_meses,ATIVA,27.0,731928.49,1.510081e-05
distribuicao_valor,2,Operações Híbridas,ultimos_12_meses,C6 CTVM,28.0,260858.40000000002,5.38191e-06
distribuicao_valor,2,Operações Híbridas,ultimos_12_meses,MIRAE ASSET WEALTH MANAGEMENT (BRAZIL) CCTVM LTDA,29.0,10242.5,2.1132e-07
distribuicao_valor,2,Operações Híbridas,ultimos_12_meses,WARREN,30.0,1547.8799999999999,3.194e-08
distribuicao_valor,2,Operações Híbridas,ultimos_3_meses,ITAU BBA,1.0,6271442806.03,0.44059101282
distribuicao_valor,2,Operações Híbridas,ultimos_3_meses,XP INVESTIMENTOS,2.0,5814832570.3,0.40851253065
distribuicao_valor,2,Operações Híbridas,ultimos_3_meses,SAFRA,3.0,636310281.14,0.0447030452
distribuicao_valor,2,Operações Híbridas,ultimos_3_meses,BTG PACTUAL,4.0,597361627.8800001,0.04196676471
distribuicao_valor,2,Operações Híbridas,ultimos_3_meses,MAX CAPITAL MARKETS,5.0,247326894.9,0.01737558812
distribuicao_valor,2,Operações Híbridas,ultimos_3_meses,BRADESCO BBI,6.0,241024819.16000003,0.01693284504
distribuicao_valor,2,Operações Híbridas,ultimos_3_meses,M7 IB,7.0,105000000.0,0.00737662094
distribuicao_valor,2,Operações Híbridas,ultimos_3_meses,KEA CAPITAL MARKETS,8.0,93660213.18,0.00657996086
distribuicao_valor,2,Operações Híbridas,ultimos_3_meses,BR PARTNERS,9.0,90000000.0,0.00632281795
distribuicao_valor,2,Operações Híbridas,ultimos_3_meses,TERRA,10.0,82500000.0,0.00579591646
distribuicao_valor,2,Operações Híbridas,ultimos_3_meses,HEDGE DTVM,11.0,26504100.0,0.00186200666
distribuicao_valor,2,Operações Híbridas,ultimos_3_meses,INTER,12.0,15374300.4,0.00108009892
distribuicao_valor,2,Operações Híbridas,ultimos_3_meses,FATOR,13.0,7492000.0,0.00052633947
distribuicao_valor,2,Operações Híbridas,ultimos_3_meses,BB-BI,14.0,4840060.84,0.00034003137
distribuicao_valor,2,Operações Híbridas,ultimos_3_meses,C6 CTVM,15.0,260858.40000000002,1.832622e-05
distribuicao_valor,2,Operações Híbridas,ultimos_3_meses,ATIVA,16.0,117712.44,8.26971e-06
distribuicao_valor,2,Operações Híbridas,ultimos_3_meses,GENIAL CV,17.0,79983.88,5.61915e-06
distribuicao_valor,2,Operações Híbridas,ultimos_3_meses,SANTANDER,18.0,19606.48,1.37742e-06
distribuicao_valor,2,Operações Híbridas,ultimos_3_meses,MIRAE ASSET WEALTH MANAGEMENT (BRAZIL) CCTVM LTDA,19.0,10242.5,7.1957e-07
distribuicao_valor,2,Operações Híbridas,ultimos_3_meses,WARREN,20.0,1547.8799999999999,1.0874e-07
distribuicao_valor,2,Operações Híbridas,ultimos_3_meses,ABC BRASIL,,0.0,
distribuicao_valor,2,Operações Híbridas,ultimos_3_meses,ANDBANK,,0.0,
distribuicao_valor,2,Operações Híbridas,ultimos_3_meses,DAYCOVAL,,0.0,
distribuicao_valor,2,Operações Híbridas,ultimos_3_meses,GALAPAGOS CAPITAL INVESTIMENTOS E PARTICIPAÇÕES LTDA.,,0.0,
distribuicao_valor,2,Operações Híbridas,ultimos_3_meses,ORIZ ASSESSORIA FINANCEIRA LTDA,,0.0,
distribuicao_valor,2,Operações Híbridas,ultimos_3_meses,RB CAPITAL DTVM,,0.0,
distribuicao_valor,2,Operações Híbridas,ultimos_3_meses,RIO BRAVO,,0.0,
distribuicao_valor,2,Operações Híbridas,ultimos_3_meses,TORO INVESTIMENTOS,,0.0,
distribuicao_valor,2,Operações Híbridas,ultimos_3_meses,UBS BB,,0.0,
distribuicao_valor,2,Operações Híbridas,ultimos_3_meses,VOTORANTIM,,0.0,
distribuicao_valor,2.1,Títulos Conversíveis Permutáveis,acumulado_ano,BRADESCO BBI,,0.0,
distribuicao_valor,2.1,Títulos Conversíveis Permutáveis,acumulado_ano,UBS BB,,0.0,
distribuicao_valor,2.1,Títulos Conversíveis Permutáveis,ultimos_12_meses,BRADESCO BBI,1.0,467978114.4799999,0.5
distribuicao_valor,2.1,Títulos Conversíveis Permutáveis,ultimos_12_meses,UBS BB,1.0,467978114.4799999,0.5
distribuicao_valor,2.1,Títulos Conversíveis Permutáveis,ultimos_3_meses,BRADESCO BBI,,0.0,
distribuicao_valor,2.1,Títulos Conversíveis Permutáveis,ultimos_3_meses,UBS BB,,0.0,
distribuicao_valor,2.2,Fundo de Investimento Imobiliário,acumulado_ano,XP INVESTIMENTOS,1.0,10353820006.929998,0.52483883612
distribuicao_valor,2.2,Fundo de Investimento Imobiliário,acumulado_ano,ITAU BBA,2.0,5032505977.1,0.25509952636
distribuicao_valor,2.2,Fundo de Investimento Imobiliário,acumulado_ano,SAFRA,3.0,1575232858.54,0.07984911651
distribuicao_valor,2.2,Fundo de Investimento Imobiliário,acumulado_ano,BR PARTNERS,4.0,1196611821.8799999,0.06065668086
distribuicao_valor,2.2,Fundo de Investimento Imobiliário,acumulado_ano,BTG PACTUAL,5.0,707345483.8000001,0.03585559535
distribuicao_valor,2.2,Fundo de Investimento Imobiliário,acumulado_ano,MAX CAPITAL MARKETS,6.0,247326894.9,0.01253708869
distribuicao_valor,2.2,Fundo de Investimento Imobiliário,acumulado_ano,BRADESCO BBI,7.0,242532263.07,0.01229404708
distribuicao_valor,2.2,Fundo de Investimento Imobiliário,acumulado_ano,M7 IB,8.0,105000000.0,0.00532248752
distribuicao_valor,2.2,Fundo de Investimento Imobiliário,acumulado_ano,TERRA,9.0,82645801.28,0.0041893452
distribuicao_valor,2.2,Fundo de Investimento Imobiliário,acumulado_ano,ABC BRASIL,10.0,75000000.0,0.0038017768
distribuicao_valor,2.2,Fundo de Investimento Imobiliário,acumulado_ano,SANTANDER,11.0,39090791.01,0.00198152617
distribuicao_valor,2.2,Fundo de Investimento Imobiliário,acumulado_ano,INTER,12.0,15446767.819999998,0.00078300218
distribuicao_valor,2.2,Fundo de Investimento Imobiliário,acumulado_ano,KEA CAPITAL MARKETS,13.0,14330000.0,0.00072639282
distribuicao_valor,2.2,Fundo de Investimento Imobiliário,acumulado_ano,HEDGE DTVM,14.0,10099800.0,0.00051196247
distribuicao_valor,2.2,Fundo de Investimento Imobiliário,acumulado_ano,BB-BI,15.0,9353950.64,0.0004741551
distribuicao_valor,2.2,Fundo de Investimento Imobiliário,acumulado_ano,RIO BRAVO,16.0,8071533.47,0.00040914892
distribuicao_valor,2.2,Fundo de Investimento Imobiliário,acumulado_ano,ANDBANK,17.0,5838764.26,0.00029596905
distribuicao_valor,2.2,Fundo de Investimento Imobiliário,acumulado_ano,RB CAPITAL DTVM,18.0,4458559.56,0.00022600598
distribuicao_valor,2.2,Fundo de Investimento Imobiliário,acumulado_ano,TORO INVESTIMENTOS,19.0,1115097.58,5.652469e-05
distribuicao_valor,2.2,Fundo de Investimento Imobiliário,acumulado_ano,GENIAL CV,20.0,998882.87,5.063373e-05
distribuicao_valor,2.2,Fundo de Investimento Imobiliário,acumulado_ano,ATIVA,21.0,519975.49000000005,2.635774e-05
distribuicao_valor,2.2,Fundo de Investimento Imobiliário,acumulado_ano,C6 CTVM,22.0,260858.40000000002,1.322301e-05
distribuicao_valor,2.2,Fundo de Investimento Imobiliário,acumulado_ano,MIRAE ASSET WEALTH MANAGEMENT (BRAZIL) CCTVM LTDA,23.0,10242.5,5.192e-07
distribuicao_valor,2.2,Fundo de Investimento Imobiliário,acumulado_ano,WARREN,24.0,1547.8799999999999,7.846e-08
distribuicao_valor,2.2,Fundo de Investimento Imobiliário,acumulado_ano,DAYCOVAL,,0.0,
distribuicao_valor,2.2,Fundo de Investimento Imobiliário,acumulado_ano,GALAPAGOS CAPITAL INVESTIMENTOS E PARTICIPAÇÕES LTDA.,,0.0,
distribuicao_valor,2.2,Fundo de Investimento Imobiliário,acumulado_ano,ORIZ ASSESSORIA FINANCEIRA LTDA,,0.0,
distribuicao_valor,2.2,Fundo de Investimento Imobiliário,ultimos_12_meses,XP INVESTIMENTOS,1.0,17694364064.22,0.52941769869
distribuicao_valor,2.2,Fundo de Investimento Imobiliário,ultimos_12_meses,ITAU BBA,2.0,7229062448.820002,0.21629449871
distribuicao_valor,2.2,Fundo de Investimento Imobiliário,ultimos_12_meses,SAFRA,3.0,2907733208.54,0.08699975981
distribuicao_valor,2.2,Fundo de Investimento Imobiliário,ultimos_12_meses,BR PARTNERS,4.0,2749346582.580001,0.08226081115
distribuicao_valor,2.2,Fundo de Investimento Imobiliário,ultimos_12_meses,BRADESCO BBI,5.0,1064157382.8400002,0.03183972878
distribuicao_valor,2.2,Fundo de Investimento Imobiliário,ultimos_12_meses,BTG PACTUAL,6.0,830317450.89,0.02484320727
distribuicao_valor,2.2,Fundo de Investimento Imobiliário,ultimos_12_meses,MAX CAPITAL MARKETS,7.0,372246648.9,0.01113766867
distribuicao_valor,2.2,Fundo de Investimento Imobiliário,ultimos_12_meses,M7 IB,8.0,105000000.0,0.0031416138
distribuicao_valor,2.2,Fundo de Investimento Imobiliário,ultimos_12_meses,GALAPAGOS CAPITAL INVESTIMENTOS E PARTICIPAÇÕES LTDA.,9.0,100616300.0,0.00301045292
distribuicao_valor,2.2,Fundo de Investimento Imobiliário,ultimos_12_meses,TERRA,10.0,82645801.28,0.00247277324
distribuicao_valor,2.2,Fundo de Investimento Imobiliário,ultimos_12_meses,ABC BRASIL,11.0,75000000.0,0.00224400986
distribuicao_valor,2.2,Fundo de Investimento Imobiliário,ultimos_12_meses,INTER,12.0,64733736.37999999,0.0019368419
distribuicao_valor,2.2,Fundo de Investimento Imobiliário,ultimos_12_meses,SANTANDER,13.0,39090791.01,0.00116960161
distribuicao_valor,2.2,Fundo de Investimento Imobiliário,ultimos_12_meses,DAYCOVAL,14.0,28899730.16,0.00086468373
distribuicao_valor,2.2,Fundo de Investimento Imobiliário,ultimos_12_meses,ORIZ ASSESSORIA FINANCEIRA LTDA,15.0,21545366.66,0.0006446402
distribuicao_valor,2.2,Fundo de Investimento Imobiliário,ultimos_12_meses,KEA CAPITAL MARKETS,16.0,14330000.0,0.00042875548
distribuicao_valor,2.2,Fundo de Investimento Imobiliário,ultimos_12_meses,HEDGE DTVM,17.0,10099800.0,0.00030218734
distribuicao_valor,2.2,Fundo de Investimento Imobiliário,ultimos_12_meses,BB-BI,18.0,9353950.64,0.00027987143
distribuicao_valor,2.2,Fundo de Investimento Imobiliário,ultimos_12_meses,ANDBANK,19.0,8112515.3,0.00024272752
distribuicao_valor,2.2,Fundo de Investimento Imobiliário,ultimos_12_meses,RIO BRAVO,20.0,8071533.47,0.00024150134
distribuicao_valor,2.2,Fundo de Investimento Imobiliário,ultimos_12_meses,RB CAPITAL DTVM,21.0,4458559.56,0.00013340069
distribuicao_valor,2.2,Fundo de Investimento Imobiliário,ultimos_12_meses,TORO INVESTIMENTOS,22.0,1115097.58,3.336387e-05
distribuicao_valor,2.2,Fundo de Investimento Imobiliário,ultimos_12_meses,GENIAL CV,23.0,1007512.38,3.01449e-05
distribuicao_valor,2.2,Fundo de Investimento Imobiliário,ultimos_12_meses,ATIVA,24.0,731928.49,2.18994e-05
distribuicao_valor,2.2,Fundo de Investimento Imobiliário,ultimos_12_meses,C6 CTVM,25.0,260858.40000000002,7.80492e-06
distribuicao_valor,2.2,Fundo de Investimento Imobiliário,ultimos_12_meses,MIRAE ASSET WEALTH MANAGEMENT (BRAZIL) CCTVM LTDA,26.0,10242.5,3.0646e-07
distribuicao_valor,2.2,Fundo de Investimento Imobiliário,ultimos_12_meses,WARREN,27.0,1547.8799999999999,4.631e-08
distribuicao_valor,2.2,Fundo de Investimento Imobiliário,ultimos_3_meses,XP INVESTIMENTOS,1.0,5268915239.5,0.66465961864
distribuicao_valor,2.2,Fundo de Investimento Imobiliário,ultimos_3_meses,ITAU BBA,2.0,911723806.03,0.11501152888
distribuicao_valor,2.2,Fundo de Investimento Imobiliário,ultimos_3_meses,SAFRA,3.0,636310281.14,0.08026884654
distribuicao_valor,2.2,Fundo de Investimento Imobiliário,ultimos_3_meses,BTG PACTUAL,4.0,303936627.88,0.03834079578
distribuicao_valor,2.2,Fundo de Investimento Imobiliário,ultimos_3_meses,MAX CAPITAL MARKETS,5.0,247326894.9,0.0311996288
distribuicao_valor,2.2,Fundo de Investimento Imobiliário,ultimos_3_meses,BRADESCO BBI,6.0,241024819.16000003,0.03040463874
distribuicao_valor,2.2,Fundo de Investimento Imobiliário,ultimos_3_meses,M7 IB,7.0,105000000.0,0.01324547023
distribuicao_valor,2.2,Fundo de Investimento Imobiliário,ultimos_3_meses,BR PARTNERS,8.0,90000000.0,0.0113532602
distribuicao_valor,2.2,Fundo de Investimento Imobiliário,ultimos_3_meses,TERRA,9.0,82500000.0,0.01040715518
distribuicao_valor,2.2,Fundo de Investimento Imobiliário,ultimos_3_meses,KEA CAPITAL MARKETS,10.0,14330000.0,0.00180769132
distribuicao_valor,2.2,Fundo de Investimento Imobiliário,ultimos_3_meses,INTER,11.0,10740900.4,0.00135493597
distribuicao_valor,2.2,Fundo de Investimento Imobiliário,ultimos_3_meses,HEDGE DTVM,12.0,10099800.0,0.00127406286
distribuicao_valor,2.2,Fundo de Investimento Imobiliário,ultimos_3_meses,BB-BI,13.0,4840060.84,0.00061056078
distribuicao_valor,2.2,Fundo de Investimento Imobiliário,ultimos_3_meses,C6 CTVM,14.0,260858.40000000002,3.290659e-05
distribuicao_valor,2.2,Fundo de Investimento Imobiliário,ultimos_3_meses,ATIVA,15.0,117712.44,1.484911e-05
distribuicao_valor,2.2,Fundo de Investimento Imobiliário,ultimos_3_meses,GENIAL CV,16.0,79983.88,1.008975e-05
distribuicao_valor,2.2,Fundo de Investimento Imobiliário,ultimos_3_meses,SANTANDER,17.0,19606.48,2.47331e-06
distribuicao_valor,2.2,Fundo de Investimento Imobiliário,ultimos_3_meses,MIRAE ASSET WEALTH MANAGEMENT (BRAZIL) CCTVM LTDA,18.0,10242.5,1.29206e-06
distribuicao_valor,2.2,Fundo de Investimento Imobiliário,ultimos_3_meses,WARREN,19.0,1547.8799999999999,1.9526e-07
distribuicao_valor,2.2,Fundo de Investimento Imobiliário,ultimos_3_meses,ABC BRASIL,,0.0,
distribuicao_valor,2.2,Fundo de Investimento Imobiliário,ultimos_3_meses,ANDBANK,,0.0,
distribuicao_valor,2.2,Fundo de Investimento Imobiliário,ultimos_3_meses,DAYCOVAL,,0.0,
distribuicao_valor,2.2,Fundo de Investimento Imobiliário,ultimos_3_meses,GALAPAGOS CAPITAL INVESTIMENTOS E PARTICIPAÇÕES LTDA.,,0.0,
distribuicao_valor,2.2,Fundo de Investimento Imobiliário,ultimos_3_meses,ORIZ ASSESSORIA FINANCEIRA LTDA,,0.0,
distribuicao_valor,2.2,Fundo de Investimento Imobiliário,ultimos_3_meses,RB CAPITAL DTVM,,0.0,
distribuicao_valor,2.2,Fundo de Investimento Imobiliário,ultimos_3_meses,RIO BRAVO,,0.0,
distribuicao_valor,2.2,Fundo de Investimento Imobiliário,ultimos_3_meses,TORO INVESTIMENTOS,,0.0,
distribuicao_valor,2.3,Certificado de Potencial Adicional de Construção,acumulado_ano,BB-BI,,0.0,
distribuicao_valor,2.3,Certificado de Potencial Adicional de Construção,ultimos_12_meses,BB-BI,1.0,242397039.31,1.0
distribuicao_valor,2.3,Certificado de Potencial Adicional de Construção,ultimos_3_meses,BB-BI,,0.0,
distribuicao_valor,2.4,Fundo de Investimento em Participações de Infraestrutura,acumulado_ano,ITAU BBA,1.0,8665330000.0,0.83256625084
distribuicao_valor,2.4,Fundo de Investimento em Participações de Infraestrutura,acumulado_ano,XP INVESTIMENTOS,2.0,1491090231.96,0.14326418083
distribuicao_valor,2.4,Fundo de Investimento em Participações de Infraestrutura,acumulado_ano,BTG PACTUAL,3.0,246922900.0,0.02372439054
distribuicao_valor,2.4,Fundo de Investimento em Participações de Infraestrutura,acumulado_ano,INTER,4.0,4633400.0,0.00044517779
distribuicao_valor,2.4,Fundo de Investimento em Participações de Infraestrutura,ultimos_12_meses,ITAU BBA,1.0,8863330000.0,0.79587600674
distribuicao_valor,2.4,Fundo de Investimento em Participações de Infraestrutura,ultimos_12_meses,XP INVESTIMENTOS,2.0,1608627931.96,0.14444552722
distribuicao_valor,2.4,Fundo de Investimento em Participações de Infraestrutura,ultimos_12_meses,BTG PACTUAL,3.0,659980100.0,0.05926241339
distribuicao_valor,2.4,Fundo de Investimento em Participações de Infraestrutura,ultimos_12_meses,INTER,4.0,4633400.0,0.00041605264
distribuicao_valor,2.4,Fundo de Investimento em Participações de Infraestrutura,ultimos_3_meses,ITAU BBA,1.0,4891919000.0,0.92784866519
distribuicao_valor,2.4,Fundo de Investimento em Participações de Infraestrutura,ultimos_3_meses,XP INVESTIMENTOS,2.0,375771830.8,0.07127251936
distribuicao_valor,2.4,Fundo de Investimento em Participações de Infraestrutura,ultimos_3_meses,INTER,3.0,4633400.0,0.00087881545
distribuicao_valor,2.4,Fundo de Investimento em Participações de Infraestrutura,ultimos_3_meses,BTG PACTUAL,,0.0,
distribuicao_valor,2.5,Fundo de Investimento nas Cadeias Produtivas Agroindustriais,acumulado_ano,XP INVESTIMENTOS,1.0,669546791.71,0.31299073271
distribuicao_valor,2.5,Fundo de Investimento nas Cadeias Produtivas Agroindustriais,acumulado_ano,SAFRA,2.0,520850000.0,0.24347995562
distribuicao_valor,2.5,Fundo de Investimento nas Cadeias Produtivas Agroindustriais,acumulado_ano,ITAU BBA,3.0,467800000.0,0.21868085483
distribuicao_valor,2.5,Fundo de Investimento nas Cadeias Produtivas Agroindustriais,acumulado_ano,BTG PACTUAL,4.0,293425000.0,0.13716637415
distribuicao_valor,2.5,Fundo de Investimento nas Cadeias Produtivas Agroindustriais,acumulado_ano,FATOR,5.0,81934162.24000001,0.03830148063
distribuicao_valor,2.5,Fundo de Investimento nas Cadeias Produtivas Agroindustriais,acumulado_ano,KEA CAPITAL MARKETS,6.0,79330213.18,0.03708422153
distribuicao_valor,2.5,Fundo de Investimento nas Cadeias Produtivas Agroindustriais,acumulado_ano,HEDGE DTVM,7.0,16404300.0,0.00766846162
distribuicao_valor,2.5,Fundo de Investimento nas Cadeias Produtivas Agroindustriais,acumulado_ano,VOTORANTIM,8.0,9900000.0,0.0046279189
distribuicao_valor,2.5,Fundo de Investimento nas Cadeias Produtivas Agroindustriais,ultimos_12_meses,XP INVESTIMENTOS,1.0,1200595391.71,0.4394181337
distribuicao_valor,2.5,Fundo de Investimento nas Cadeias Produtivas Agroindustriais,ultimos_12_meses,SAFRA,2.0,520850000.0,0.19063119559
distribuicao_valor,2.5,Fundo de Investimento nas Cadeias Produtivas Agroindustriais,ultimos_12_meses,ITAU BBA,3.0,467800000.0,0.17121488585
distribuicao_valor,2.5,Fundo de Investimento nas Cadeias Produtivas Agroindustriais,ultimos_12_meses,BTG PACTUAL,4.0,293425000.0,0.10739360385
distribuicao_valor,2.5,Fundo de Investimento nas Cadeias Produtivas Agroindustriais,ultimos_12_meses,FATOR,5.0,81934162.24000001,0.02998791842
distribuicao_valor,2.5,Fundo de Investimento nas Cadeias Produtivas Agroindustriais,ultimos_12_meses,KEA CAPITAL MARKETS,6.0,79330213.18,0.02903487258
distribuicao_valor,2.5,Fundo de Investimento nas Cadeias Produtivas Agroindustriais,ultimos_12_meses,VOTORANTIM,7.0,71900000.0,0.0263154132
distribuicao_valor,2.5,Fundo de Investimento nas Cadeias Produtivas Agroindustriais,ultimos_12_meses,HEDGE DTVM,8.0,16404300.0,0.00600397681
distribuicao_valor,2.5,Fundo de Investimento nas Cadeias Produtivas Agroindustriais,ultimos_3_meses,ITAU BBA,1.0,467800000.0,0.45215672773
distribuicao_valor,2.5,Fundo de Investimento nas Cadeias Produtivas Agroindustriais,ultimos_3_meses,BTG PACTUAL,2.0,293425000.0,0.28361284274
distribuicao_valor,2.5,Fundo de Investimento nas Cadeias Produtivas Agroindustriais,ultimos_3_meses,XP INVESTIMENTOS,3.0,170145500.0,0.16445581983
distribuicao_valor,2.5,Fundo de Investimento nas Cadeias Produtivas Agroindustriais,ultimos_3_meses,KEA CAPITAL MARKETS,4.0,79330213.18,0.07667740402
distribuicao_valor,2.5,Fundo de Investimento nas Cadeias Produtivas Agroindustriais,ultimos_3_meses,HEDGE DTVM,5.0,16404300.0,0.0158557388
distribuicao_valor,2.5,Fundo de Investimento nas Cadeias Produtivas Agroindustriais,ultimos_3_meses,FATOR,6.0,7492000.0,0.00724146688
distribuicao_valor,2.5,Fundo de Investimento nas Cadeias Produtivas Agroindustriais,ultimos_3_meses,SAFRA,,0.0,
distribuicao_valor,2.5,Fundo de Investimento nas Cadeias Produtivas Agroindustriais,ultimos_3_meses,VOTORANTIM,,0.0,
originacao_numero_operacoes,1,Renda Fixa Consolidado,acumulado_ano,ITAU BBA,1.0,200.0,
originacao_numero_operacoes,1,Renda Fixa Consolidado,acumulado_ano,BRADESCO BBI,2.0,189.0,
originacao_numero_operacoes,1,Renda Fixa Consolidado,acumulado_ano,SANTANDER,3.0,82.0,
originacao_numero_operacoes,1,Renda Fixa Consolidado,acumulado_ano,XP INVESTIMENTOS,4.0,63.0,
originacao_numero_operacoes,1,Renda Fixa Consolidado,acumulado_ano,UBS BB,5.0,55.0,
originacao_numero_operacoes,1,Renda Fixa Consolidado,acumulado_ano,BTG PACTUAL,6.0,48.0,
originacao_numero_operacoes,1,Renda Fixa Consolidado,acumulado_ano,CEF,7.0,35.0,
originacao_numero_operacoes,1,Renda Fixa Consolidado,acumulado_ano,SAFRA,8.0,27.0,
originacao_numero_operacoes,1,Renda Fixa Consolidado,acumulado_ano,VOTORANTIM,8.0,27.0,
originacao_numero_operacoes,1,Renda Fixa Consolidado,acumulado_ano,ABC BRASIL,10.0,26.0,
originacao_numero_operacoes,1,Renda Fixa Consolidado,acumulado_ano,BR PARTNERS,11.0,15.0,
originacao_numero_operacoes,1,Renda Fixa Consolidado,acumulado_ano,CITIGROUP,12.0,13.0,
originacao_numero_operacoes,1,Renda Fixa Consolidado,acumulado_ano,DAYCOVAL,12.0,13.0,
originacao_numero_operacoes,1,Renda Fixa Consolidado,acumulado_ano,CANAL COMPANHIA DE SECURITIZAÇÃO,14.0,9.0,
originacao_numero_operacoes,1,Renda Fixa Consolidado,acumulado_ano,BNDES,15.0,7.0,
originacao_numero_operacoes,1,Renda Fixa Consolidado,acumulado_ano,M7 IB,16.0,6.0,
originacao_numero_operacoes,1,Renda Fixa Consolidado,acumulado_ano,BOCOM BBM,17.0,5.0,
originacao_numero_operacoes,1,Renda Fixa Consolidado,acumulado_ano,BNP PARIBAS,18.0,4.0,
originacao_numero_operacoes,1,Renda Fixa Consolidado,acumulado_ano,BAMBOO SEC,19.0,3.0,
originacao_numero_operacoes,1,Renda Fixa Consolidado,acumulado_ano,BB-BI,19.0,3.0,
originacao_numero_operacoes,1,Renda Fixa Consolidado,acumulado_ano,INTER,19.0,3.0,
originacao_numero_operacoes,1,Renda Fixa Consolidado,acumulado_ano,OPEA SECURITIZADORA,19.0,3.0,
originacao_numero_operacoes,1,Renda Fixa Consolidado,acumulado_ano,One Corporate,19.0,3.0,
originacao_numero_operacoes,1,Renda Fixa Consolidado,acumulado_ano,RABOBANK,19.0,3.0,
originacao_numero_operacoes,1,Renda Fixa Consolidado,acumulado_ano,ARCHX CAPITAL,25.0,1.0,
originacao_numero_operacoes,1,Renda Fixa Consolidado,acumulado_ano,ASA ASSET 2 GESTÃO DE RECURSOS LTDA,25.0,1.0,
originacao_numero_operacoes,1,Renda Fixa Consolidado,acumulado_ano,BANCO PINE,25.0,1.0,
originacao_numero_operacoes,1,Renda Fixa Consolidado,acumulado_ano,EQI Investimentos CTVM,25.0,1.0,
originacao_numero_operacoes,1,Renda Fixa Consolidado,acumulado_ano,GALAPAGOS CAPITAL INVESTIMENTOS E PARTICIPAÇÕES LTDA.,25.0,1.0,
originacao_numero_operacoes,1,Renda Fixa Consolidado,acumulado_ano,GENIAL CV,25.0,1.0,
originacao_numero_operacoes,1,Renda Fixa Consolidado,acumulado_ano,HEDGE DTVM,25.0,1.0,
originacao_numero_operacoes,1,Renda Fixa Consolidado,acumulado_ano,JIVE HIGH YIELD GESTÃO DE RECURSOS LTDA.,25.0,1.0,
originacao_numero_operacoes,1,Renda Fixa Consolidado,acumulado_ano,KEA CAPITAL MARKETS,25.0,1.0,
originacao_numero_operacoes,1,Renda Fixa Consolidado,acumulado_ano,MAX CAPITAL MARKETS,25.0,1.0,
originacao_numero_operacoes,1,Renda Fixa Consolidado,acumulado_ano,TERRA,25.0,1.0,
originacao_numero_operacoes,1,Renda Fixa Consolidado,acumulado_ano,BANCO BS2,,0.0,
originacao_numero_operacoes,1,Renda Fixa Consolidado,acumulado_ano,BANCO SUMITOMO MITSUI BRASILEIRO,,0.0,
originacao_numero_operacoes,1,Renda Fixa Consolidado,acumulado_ano,CREDIT AGRICOLE,,0.0,
originacao_numero_operacoes,1,Renda Fixa Consolidado,acumulado_ano,EXES SERVIÇOS FINANCEIROS,,0.0,
originacao_numero_operacoes,1,Renda Fixa Consolidado,acumulado_ano,JGP FINANCIAL ADVISORY,,0.0,
originacao_numero_operacoes,1,Renda Fixa Consolidado,acumulado_ano,JP MORGAN,,0.0,
originacao_numero_operacoes,1,Renda Fixa Consolidado,acumulado_ano,ORIZ ASSESSORIA FINANCEIRA LTDA,,0.0,
originacao_numero_operacoes,1,Renda Fixa Consolidado,ultimos_12_meses,ITAU BBA,1.0,435.0,
originacao_numero_operacoes,1,Renda Fixa Consolidado,ultimos_12_meses,BRADESCO BBI,2.0,329.0,
originacao_numero_operacoes,1,Renda Fixa Consolidado,ultimos_12_meses,SANTANDER,3.0,156.0,
originacao_numero_operacoes,1,Renda Fixa Consolidado,ultimos_12_meses,XP INVESTIMENTOS,4.0,144.0,
originacao_numero_operacoes,1,Renda Fixa Consolidado,ultimos_12_meses,UBS BB,5.0,131.0,
originacao_numero_operacoes,1,Renda Fixa Consolidado,ultimos_12_meses,BTG PACTUAL,6.0,102.0,
originacao_numero_operacoes,1,Renda Fixa Consolidado,ultimos_12_meses,SAFRA,7.0,65.0,
originacao_numero_operacoes,1,Renda Fixa Consolidado,ultimos_12_meses,VOTORANTIM,8.0,64.0,
originacao_numero_operacoes,1,Renda Fixa Consolidado,ultimos_12_meses,CEF,9.0,59.0,
originacao_numero_operacoes,1,Renda Fixa Consolidado,ultimos_12_meses,ABC BRASIL,10.0,49.0,
originacao_numero_operacoes,1,Renda Fixa Consolidado,ultimos_12_meses,BR PARTNERS,11.0,27.0,
originacao_numero_operacoes,1,Renda Fixa Consolidado,ultimos_12_meses,DAYCOVAL,12.0,24.0,
originacao_numero_operacoes,1,Renda Fixa Consolidado,ultimos_12_meses,CANAL COMPANHIA DE SECURITIZAÇÃO,13.0,21.0,
originacao_numero_operacoes,1,Renda Fixa Consolidado,ultimos_12_meses,CITIGROUP,14.0,18.0,
originacao_numero_operacoes,1,Renda Fixa Consolidado,ultimos_12_meses,BNDES,15.0,14.0,
originacao_numero_operacoes,1,Renda Fixa Consolidado,ultimos_12_meses,BB-BI,16.0,10.0,
originacao_numero_operacoes,1,Renda Fixa Consolidado,ultimos_12_meses,OPEA SECURITIZADORA,16.0,10.0,
originacao_numero_operacoes,1,Renda Fixa Consolidado,ultimos_12_meses,BNP PARIBAS,18.0,9.0,
originacao_numero_operacoes,1,Renda Fixa Consolidado,ultimos_12_meses,M7 IB,18.0,9.0,
originacao_numero_operacoes,1,Renda Fixa Consolidado,ultimos_12_meses,GALAPAGOS CAPITAL INVESTIMENTOS E PARTICIPAÇÕES LTDA.,20.0,8.0,
originacao_numero_operacoes,1,Renda Fixa Consolidado,ultimos_12_meses,BOCOM BBM,21.0,7.0,
originacao_numero_operacoes,1,Renda Fixa Consolidado,ultimos_12_meses,INTER,22.0,6.0,
originacao_numero_operacoes,1,Renda Fixa Consolidado,ultimos_12_meses,One Corporate,23.0,4.0,
originacao_numero_operacoes,1,Renda Fixa Consolidado,ultimos_12_meses,RABOBANK,23.0,4.0,
originacao_numero_operacoes,1,Renda Fixa Consolidado,ultimos_12_meses,ARCHX CAPITAL,25.0,3.0,
originacao_numero_operacoes,1,Renda Fixa Consolidado,ultimos_12_meses,BAMBOO SEC,25.0,3.0,
originacao_numero_operacoes,1,Renda Fixa Consolidado,ultimos_12_meses,MAX CAPITAL MARKETS,25.0,3.0,
originacao_numero_operacoes,1,Renda Fixa Consolidado,ultimos_12_meses,GENIAL CV,28.0,2.0,
originacao_numero_operacoes,1,Renda Fixa Consolidado,ultimos_12_meses,KEA CAPITAL MARKETS,28.0,2.0,
originacao_numero_operacoes,1,Renda Fixa Consolidado,ultimos_12_meses,ORIZ ASSESSORIA FINANCEIRA LTDA,28.0,2.0,
originacao_numero_operacoes,1,Renda Fixa Consolidado,ultimos_12_meses,ASA ASSET 2 GESTÃO DE RECURSOS LTDA,31.0,1.0,
originacao_numero_operacoes,1,Renda Fixa Consolidado,ultimos_12_meses,BANCO BS2,31.0,1.0,
originacao_numero_operacoes,1,Renda Fixa Consolidado,ultimos_12_meses,BANCO PINE,31.0,1.0,
originacao_numero_operacoes,1,Renda Fixa Consolidado,ultimos_12_meses,BANCO SUMITOMO MITSUI BRASILEIRO,31.0,1.0,
originacao_numero_operacoes,1,Renda Fixa Consolidado,ultimos_12_meses,CREDIT AGRICOLE,31.0,1.0,
originacao_numero_operacoes,1,Renda Fixa Consolidado,ultimos_12_meses,EQI Investimentos CTVM,31.0,1.0,
originacao_numero_operacoes,1,Renda Fixa Consolidado,ultimos_12_meses,EXES SERVIÇOS FINANCEIROS,31.0,1.0,
originacao_numero_operacoes,1,Renda Fixa Consolidado,ultimos_12_meses,HEDGE DTVM,31.0,1.0,
originacao_numero_operacoes,1,Renda Fixa Consolidado,ultimos_12_meses,JGP FINANCIAL ADVISORY,31.0,1.0,
originacao_numero_operacoes,1,Renda Fixa Consolidado,ultimos_12_meses,JIVE HIGH YIELD GESTÃO DE RECURSOS LTDA.,31.0,1.0,
originacao_numero_operacoes,1,Renda Fixa Consolidado,ultimos_12_meses,JP MORGAN,31.0,1.0,
originacao_numero_operacoes,1,Renda Fixa Consolidado,ultimos_12_meses,TERRA,31.0,1.0,
originacao_numero_operacoes,1,Renda Fixa Consolidado,ultimos_3_meses,ITAU BBA,1.0,67.0,
originacao_numero_operacoes,1,Renda Fixa Consolidado,ultimos_3_meses,BRADESCO BBI,2.0,66.0,
originacao_numero_operacoes,1,Renda Fixa Consolidado,ultimos_3_meses,SANTANDER,3.0,26.0,
originacao_numero_operacoes,1,Renda Fixa Consolidado,ultimos_3_meses,UBS BB,4.0,19.0,
originacao_numero_operacoes,1,Renda Fixa Consolidado,ultimos_3_meses,XP INVESTIMENTOS,4.0,19.0,
originacao_numero_operacoes,1,Renda Fixa Consolidado,ultimos_3_meses,CEF,6.0,16.0,
originacao_numero_operacoes,1,Renda Fixa Consolidado,ultimos_3_meses,VOTORANTIM,7.0,14.0,
originacao_numero_operacoes,1,Renda Fixa Consolidado,ultimos_3_meses,BTG PACTUAL,8.0,11.0,
originacao_numero_operacoes,1,Renda Fixa Consolidado,ultimos_3_meses,SAFRA,9.0,8.0,
originacao_numero_operacoes,1,Renda Fixa Consolidado,ultimos_3_meses,ABC BRASIL,10.0,6.0,
originacao_numero_operacoes,1,Renda Fixa Consolidado,ultimos_3_meses,CANAL COMPANHIA DE SECURITIZAÇÃO,11.0,5.0,
originacao_numero_operacoes,1,Renda Fixa Consolidado,ultimos_3_meses,BR PARTNERS,12.0,4.0,
originacao_numero_operacoes,1,Renda Fixa Consolidado,ultimos_3_meses,BNDES,13.0,3.0,
originacao_numero_operacoes,1,Renda Fixa Consolidado,ultimos_3_meses,BOCOM BBM,13.0,3.0,
originacao_numero_operacoes,1,Renda Fixa Consolidado,ultimos_3_meses,DAYCOVAL,13.0,3.0,
originacao_numero_operacoes,1,Renda Fixa Consolidado,ultimos_3_meses,CITIGROUP,16.0,2.0,
originacao_numero_operacoes,1,Renda Fixa Consolidado,ultimos_3_meses,BAMBOO SEC,17.0,1.0,
originacao_numero_operacoes,1,Renda Fixa Consolidado,ultimos_3_meses,BANCO PINE,17.0,1.0,
originacao_numero_operacoes,1,Renda Fixa Consolidado,ultimos_3_meses,BB-BI,17.0,1.0,
originacao_numero_operacoes,1,Renda Fixa Consolidado,ultimos_3_meses,BNP PARIBAS,17.0,1.0,
originacao_numero_operacoes,1,Renda Fixa Consolidado,ultimos_3_meses,GENIAL CV,17.0,1.0,
originacao_numero_operacoes,1,Renda Fixa Consolidado,ultimos_3_meses,HEDGE DTVM,17.0,1.0,
originacao_numero_operacoes,1,Renda Fixa Consolidado,ultimos_3_meses,INTER,17.0,1.0,
originacao_numero_operacoes,1,Renda Fixa Consolidado,ultimos_3_meses,ARCHX CAPITAL,,0.0,
originacao_numero_operacoes,1,Renda Fixa Consolidado,ultimos_3_meses,ASA ASSET 2 GESTÃO DE RECURSOS LTDA,,0.0,
originacao_numero_operacoes,1,Renda Fixa Consolidado,ultimos_3_meses,BANCO BS2,,0.0,
originacao_numero_operacoes,1,Renda Fixa Consolidado,ultimos_3_meses,BANCO SUMITOMO MITSUI BRASILEIRO,,0.0,
originacao_numero_operacoes,1,Renda Fixa Consolidado,ultimos_3_meses,CREDIT AGRICOLE,,0.0,
originacao_numero_operacoes,1,Renda Fixa Consolidado,ultimos_3_meses,EQI Investimentos CTVM,,0.0,
originacao_numero_operacoes,1,Renda Fixa Consolidado,ultimos_3_meses,EXES SERVIÇOS FINANCEIROS,,0.0,
originacao_numero_operacoes,1,Renda Fixa Consolidado,ultimos_3_meses,GALAPAGOS CAPITAL INVESTIMENTOS E PARTICIPAÇÕES LTDA.,,0.0,
originacao_numero_operacoes,1,Renda Fixa Consolidado,ultimos_3_meses,JGP FINANCIAL ADVISORY,,0.0,
originacao_numero_operacoes,1,Renda Fixa Consolidado,ultimos_3_meses,JIVE HIGH YIELD GESTÃO DE RECURSOS LTDA.,,0.0,
originacao_numero_operacoes,1,Renda Fixa Consolidado,ultimos_3_meses,JP MORGAN,,0.0,
originacao_numero_operacoes,1,Renda Fixa Consolidado,ultimos_3_meses,KEA CAPITAL MARKETS,,0.0,
originacao_numero_operacoes,1,Renda Fixa Consolidado,ultimos_3_meses,M7 IB,,0.0,
originacao_numero_operacoes,1,Renda Fixa Consolidado,ultimos_3_meses,MAX CAPITAL MARKETS,,0.0,
originacao_numero_operacoes,1,Renda Fixa Consolidado,ultimos_3_meses,OPEA SECURITIZADORA,,0.0,
originacao_numero_operacoes,1,Renda Fixa Consolidado,ultimos_3_meses,ORIZ ASSESSORIA FINANCEIRA LTDA,,0.0,
originacao_numero_operacoes,1,Renda Fixa Consolidado,ultimos_3_meses,One Corporate,,0.0,
originacao_numero_operacoes,1,Renda Fixa Consolidado,ultimos_3_meses,RABOBANK,,0.0,
originacao_numero_operacoes,1,Renda Fixa Consolidado,ultimos_3_meses,TERRA,,0.0,
originacao_numero_operacoes,1.1,Renda Fixa - Curto Prazo,acumulado_ano,BRADESCO BBI,1.0,20.0,
originacao_numero_operacoes,1.1,Renda Fixa - Curto Prazo,acumulado_ano,ITAU BBA,2.0,6.0,
originacao_numero_operacoes,1.1,Renda Fixa - Curto Prazo,acumulado_ano,BTG PACTUAL,3.0,2.0,
originacao_numero_operacoes,1.1,Renda Fixa - Curto Prazo,acumulado_ano,UBS BB,3.0,2.0,
originacao_numero_operacoes,1.1,Renda Fixa - Curto Prazo,acumulado_ano,BNP PARIBAS,5.0,1.0,
originacao_numero_operacoes,1.1,Renda Fixa - Curto Prazo,acumulado_ano,CEF,5.0,1.0,
originacao_numero_operacoes,1.1,Renda Fixa - Curto Prazo,acumulado_ano,SANTANDER,5.0,1.0,
originacao_numero_operacoes,1.1,Renda Fixa - Curto Prazo,acumulado_ano,XP INVESTIMENTOS,,0.0,
originacao_numero_operacoes,1.1,Renda Fixa - Curto Prazo,ultimos_12_meses,BRADESCO BBI,1.0,27.0,
originacao_numero_operacoes,1.1,Renda Fixa - Curto Prazo,ultimos_12_meses,ITAU BBA,2.0,21.0,
originacao_numero_operacoes,1.1,Renda Fixa - Curto Prazo,ultimos_12_meses,UBS BB,3.0,5.0,
originacao_numero_operacoes,1.1,Renda Fixa - Curto Prazo,ultimos_12_meses,BTG PACTUAL,4.0,2.0,
originacao_numero_operacoes,1.1,Renda Fixa - Curto Prazo,ultimos_12_meses,SANTANDER,4.0,2.0,
originacao_numero_operacoes,1.1,Renda Fixa - Curto Prazo,ultimos_12_meses,BNP PARIBAS,6.0,1.0,
originacao_numero_operacoes,1.1,Renda Fixa - Curto Prazo,ultimos_12_meses,CEF,6.0,1.0,
originacao_numero_operacoes,1.1,Renda Fixa - Curto Prazo,ultimos_12_meses,XP INVESTIMENTOS,6.0,1.0,
originacao_numero_operacoes,1.1,Renda Fixa - Curto Prazo,ultimos_3_meses,BRADESCO BBI,1.0,4.0,
originacao_numero_operacoes,1.1,Renda Fixa - Curto Prazo,ultimos_3_meses,ITAU BBA,1.0,4.0,
originacao_numero_operacoes,1.1,Renda Fixa - Curto Prazo,ultimos_3_meses,BNP PARIBAS,3.0,1.0,
originacao_numero_operacoes,1.1,Renda Fixa - Curto Prazo,ultimos_3_meses,UBS BB,3.0,1.0,
originacao_numero_operacoes,1.1,Renda Fixa - Curto Prazo,ultimos_3_meses,BTG PACTUAL,,0.0,
originacao_numero_operacoes,1.1,Renda Fixa - Curto Prazo,ultimos_3_meses,CEF,,0.0,
originacao_numero_operacoes,1.1,Renda Fixa - Curto Prazo,ultimos_3_meses,SANTANDER,,0.0,
originacao_numero_operacoes,1.1,Renda Fixa - Curto Prazo,ultimos_3_meses,XP INVESTIMENTOS,,0.0,
originacao_numero_operacoes,1.2,Renda Fixa - Longo Prazo,acumulado_ano,ITAU BBA,1.0,144.0,
originacao_numero_operacoes,1.2,Renda Fixa - Longo Prazo,acumulado_ano,BRADESCO BBI,2.0,143.0,
originacao_numero_operacoes,1.2,Renda Fixa - Longo Prazo,acumulado_ano,SANTANDER,3.0,67.0,
originacao_numero_operacoes,1.2,Renda Fixa - Longo Prazo,acumulado_ano,XP INVESTIMENTOS,4.0,49.0,
originacao_numero_operacoes,1.2,Renda Fixa - Longo Prazo,acumulado_ano,UBS BB,5.0,45.0,
originacao_numero_operacoes,1.2,Renda Fixa - Longo Prazo,acumulado_ano,BTG PACTUAL,6.0,36.0,
originacao_numero_operacoes,1.2,Renda Fixa - Longo Prazo,acumulado_ano,CEF,7.0,26.0,
originacao_numero_operacoes,1.2,Renda Fixa - Longo Prazo,acumulado_ano,SAFRA,8.0,21.0,
originacao_numero_operacoes,1.2,Renda Fixa - Longo Prazo,acumulado_ano,VOTORANTIM,8.0,21.0,
originacao_numero_operacoes,1.2,Renda Fixa - Longo Prazo,acumulado_ano,ABC BRASIL,10.0,20.0,
originacao_numero_operacoes,1.2,Renda Fixa - Longo Prazo,acumulado_ano,CITIGROUP,11.0,13.0,
originacao_numero_operacoes,1.2,Renda Fixa - Longo Prazo,acumulado_ano,DAYCOVAL,12.0,8.0,
originacao_numero_operacoes,1.2,Renda Fixa - Longo Prazo,acumulado_ano,BNDES,13.0,7.0,
originacao_numero_operacoes,1.2,Renda Fixa - Longo Prazo,acumulado_ano,BR PARTNERS,14.0,5.0,
originacao_numero_operacoes,1.2,Renda Fixa - Longo Prazo,acumulado_ano,M7 IB,14.0,5.0,
originacao_numero_operacoes,1.2,Renda Fixa - Longo Prazo,acumulado_ano,BOCOM BBM,16.0,4.0,
originacao_numero_operacoes,1.2,Renda Fixa - Longo Prazo,acumulado_ano,BNP PARIBAS,17.0,3.0,
originacao_numero_operacoes,1.2,Renda Fixa - Longo Prazo,acumulado_ano,RABOBANK,17.0,3.0,
originacao_numero_operacoes,1.2,Renda Fixa - Longo Prazo,acumulado_ano,BB-BI,19.0,1.0,
originacao_numero_operacoes,1.2,Renda Fixa - Longo Prazo,acumulado_ano,INTER,19.0,1.0,
originacao_numero_operacoes,1.2,Renda Fixa - Longo Prazo,acumulado_ano,JIVE HIGH YIELD GESTÃO DE RECURSOS LTDA.,19.0,1.0,
originacao_numero_operacoes,1.2,Renda Fixa - Longo Prazo,acumulado_ano,KEA CAPITAL MARKETS,19.0,1.0,
originacao_numero_operacoes,1.2,Renda Fixa - Longo Prazo,acumulado_ano,MAX CAPITAL MARKETS,19.0,1.0,
originacao_numero_operacoes,1.2,Renda Fixa - Longo Prazo,acumulado_ano,ARCHX CAPITAL,,0.0,
originacao_numero_operacoes,1.2,Renda Fixa - Longo Prazo,acumulado_ano,BANCO SUMITOMO MITSUI BRASILEIRO,,0.0,
originacao_numero_operacoes,1.2,Renda Fixa - Longo Prazo,acumulado_ano,CREDIT AGRICOLE,,0.0,
originacao_numero_operacoes,1.2,Renda Fixa - Longo Prazo,acumulado_ano,GALAPAGOS CAPITAL INVESTIMENTOS E PARTICIPAÇÕES LTDA.,,0.0,
originacao_numero_operacoes,1.2,Renda Fixa - Longo Prazo,acumulado_ano,JGP FINANCIAL ADVISORY,,0.0,
originacao_numero_operacoes,1.2,Renda Fixa - Longo Prazo,acumulado_ano,JP MORGAN,,0.0,
originacao_numero_operacoes,1.2,Renda Fixa - Longo Prazo,acumulado_ano,ORIZ ASSESSORIA FINANCEIRA LTDA,,0.0,
originacao_numero_operacoes,1.2,Renda Fixa - Longo Prazo,acumulado_ano,One Corporate,,0.0,
originacao_numero_operacoes,1.2,Renda Fixa - Longo Prazo,ultimos_12_meses,ITAU BBA,1.0,298.0,
originacao_numero_operacoes,1.2,Renda Fixa - Longo Prazo,ultimos_12_meses,BRADESCO BBI,2.0,245.0,
originacao_numero_operacoes,1.2,Renda Fixa - Longo Prazo,ultimos_12_meses,SANTANDER,3.0,129.0,
originacao_numero_operacoes,1.2,Renda Fixa - Longo Prazo,ultimos_12_meses,UBS BB,4.0,110.0,
originacao_numero_operacoes,1.2,Renda Fixa - Longo Prazo,ultimos_12_meses,XP INVESTIMENTOS,5.0,91.0,
originacao_numero_operacoes,1.2,Renda Fixa - Longo Prazo,ultimos_12_meses,BTG PACTUAL,6.0,78.0,
originacao_numero_operacoes,1.2,Renda Fixa - Longo Prazo,ultimos_12_meses,VOTORANTIM,7.0,49.0,
originacao_numero_operacoes,1.2,Renda Fixa - Longo Prazo,ultimos_12_meses,CEF,8.0,46.0,
originacao_numero_operacoes,1.2,Renda Fixa - Longo Prazo,ultimos_12_meses,SAFRA,9.0,41.0,
originacao_numero_operacoes,1.2,Renda Fixa - Longo Prazo,ultimos_12_meses,ABC BRASIL,10.0,35.0,
originacao_numero_operacoes,1.2,Renda Fixa - Longo Prazo,ultimos_12_meses,CITIGROUP,11.0,18.0,
originacao_numero_operacoes,1.2,Renda Fixa - Longo Prazo,ultimos_12_meses,DAYCOVAL,12.0,15.0,
originacao_numero_operacoes,1.2,Renda Fixa - Longo Prazo,ultimos_12_meses,BNDES,13.0,14.0,
originacao_numero_operacoes,1.2,Renda Fixa - Longo Prazo,ultimos_12_meses,BNP PARIBAS,14.0,7.0,
originacao_numero_operacoes,1.2,Renda Fixa - Longo Prazo,ultimos_12_meses,BR PARTNERS,14.0,7.0,
originacao_numero_operacoes,1.2,Renda Fixa - Longo Prazo,ultimos_12_meses,M7 IB,14.0,7.0,
originacao_numero_operacoes,1.2,Renda Fixa - Longo Prazo,ultimos_12_meses,BOCOM BBM,17.0,6.0,
originacao_numero_operacoes,1.2,Renda Fixa - Longo Prazo,ultimos_12_meses,RABOBANK,18.0,4.0,
originacao_numero_operacoes,1.2,Renda Fixa - Longo Prazo,ultimos_12_meses,BB-BI,19.0,3.0,
originacao_numero_operacoes,1.2,Renda Fixa - Longo Prazo,ultimos_12_meses,INTER,19.0,3.0,
originacao_numero_operacoes,1.2,Renda Fixa - Longo Prazo,ultimos_12_meses,GALAPAGOS CAPITAL INVESTIMENTOS E PARTICIPAÇÕES LTDA.,21.0,2.0,
originacao_numero_operacoes,1.2,Renda Fixa - Longo Prazo,ultimos_12_meses,MAX CAPITAL MARKETS,21.0,2.0,
originacao_numero_operacoes,1.2,Renda Fixa - Longo Prazo,ultimos_12_meses,ARCHX CAPITAL,23.0,1.0,
originacao_numero_operacoes,1.2,Renda Fixa - Longo Prazo,ultimos_12_meses,BANCO SUMITOMO MITSUI BRASILEIRO,23.0,1.0,
originacao_numero_operacoes,1.2,Renda Fixa - Longo Prazo,ultimos_12_meses,CREDIT AGRICOLE,23.0,1.0,
originacao_numero_operacoes,1.2,Renda Fixa - Longo Prazo,ultimos_12_meses,JGP FINANCIAL ADVISORY,23.0,1.0,
originacao_numero_operacoes,1.2,Renda Fixa - Longo Prazo,ultimos_12_meses,JIVE HIGH YIELD GESTÃO DE RECURSOS LTDA.,23.0,1.0,
originacao_numero_operacoes,1.2,Renda Fixa - Longo Prazo,ultimos_12_meses,JP MORGAN,23.0,1.0,
originacao_numero_operacoes,1.2,Renda Fixa - Longo Prazo,ultimos_12_meses,KEA CAPITAL MARKETS,23.0,1.0,
originacao_numero_operacoes,1.2,Renda Fixa - Longo Prazo,ultimos_12_meses,ORIZ ASSESSORIA FINANCEIRA LTDA,23.0,1.0,
originacao_numero_operacoes,1.2,Renda Fixa - Longo Prazo,ultimos_12_meses,One Corporate,23.0,1.0,
originacao_numero_operacoes,1.2,Renda Fixa - Longo Prazo,ultimos_3_meses,BRADESCO BBI,1.0,54.0,
originacao_numero_operacoes,1.2,Renda Fixa - Longo Prazo,ultimos_3_meses,ITAU BBA,2.0,40.0,
originacao_numero_operacoes,1.2,Renda Fixa - Longo Prazo,ultimos_3_meses,SANTANDER,3.0,18.0,
originacao_numero_operacoes,1.2,Renda Fixa - Longo Prazo,ultimos_3_meses,UBS BB,4.0,15.0,
originacao_numero_operacoes,1.2,Renda Fixa - Longo Prazo,ultimos_3_meses,XP INVESTIMENTOS,5.0,12.0,
originacao_numero_operacoes,1.2,Renda Fixa - Longo Prazo,ultimos_3_meses,VOTORANTIM,6.0,11.0,
originacao_numero_operacoes,1.2,Renda Fixa - Longo Prazo,ultimos_3_meses,CEF,7.0,10.0,
originacao_numero_operacoes,1.2,Renda Fixa - Longo Prazo,ultimos_3_meses,BTG PACTUAL,8.0,9.0,
originacao_numero_operacoes,1.2,Renda Fixa - Longo Prazo,ultimos_3_meses,SAFRA,9.0,4.0,
originacao_numero_operacoes,1.2,Renda Fixa - Longo Prazo,ultimos_3_meses,ABC BRASIL,10.0,3.0,
originacao_numero_operacoes,1.2,Renda Fixa - Longo Prazo,ultimos_3_meses,BNDES,10.0,3.0,
originacao_numero_operacoes,1.2,Renda Fixa - Longo Prazo,ultimos_3_meses,BOCOM BBM,12.0,2.0,
originacao_numero_operacoes,1.2,Renda Fixa - Longo Prazo,ultimos_3_meses,CITIGROUP,12.0,2.0,
originacao_numero_operacoes,1.2,Renda Fixa - Longo Prazo,ultimos_3_meses,DAYCOVAL,14.0,1.0,
originacao_numero_operacoes,1.2,Renda Fixa - Longo Prazo,ultimos_3_meses,ARCHX CAPITAL,,0.0,
originacao_numero_operacoes,1.2,Renda Fixa - Longo Prazo,ultimos_3_meses,BANCO SUMITOMO MITSUI BRASILEIRO,,0.0,
originacao_numero_operacoes,1.2,Renda Fixa - Longo Prazo,ultimos_3_meses,BB-BI,,0.0,
originacao_numero_operacoes,1.2,Renda Fixa - Longo Prazo,ultimos_3_meses,BNP PARIBAS,,0.0,
originacao_numero_operacoes,1.2,Renda Fixa - Longo Prazo,ultimos_3_meses,BR PARTNERS,,0.0,
originacao_numero_operacoes,1.2,Renda Fixa - Longo Prazo,ultimos_3_meses,CREDIT AGRICOLE,,0.0,
originacao_numero_operacoes,1.2,Renda Fixa - Longo Prazo,ultimos_3_meses,GALAPAGOS CAPITAL INVESTIMENTOS E PARTICIPAÇÕES LTDA.,,0.0,
originacao_numero_operacoes,1.2,Renda Fixa - Longo Prazo,ultimos_3_meses,INTER,,0.0,
originacao_numero_operacoes,1.2,Renda Fixa - Longo Prazo,ultimos_3_meses,JGP FINANCIAL ADVISORY,,0.0,
originacao_numero_operacoes,1.2,Renda Fixa - Longo Prazo,ultimos_3_meses,JIVE HIGH YIELD GESTÃO DE RECURSOS LTDA.,,0.0,
originacao_numero_operacoes,1.2,Renda Fixa - Longo Prazo,ultimos_3_meses,JP MORGAN,,0.0,
originacao_numero_operacoes,1.2,Renda Fixa - Longo Prazo,ultimos_3_meses,KEA CAPITAL MARKETS,,0.0,
originacao_numero_operacoes,1.2,Renda Fixa - Longo Prazo,ultimos_3_meses,M7 IB,,0.0,
originacao_numero_operacoes,1.2,Renda Fixa - Longo Prazo,ultimos_3_meses,MAX CAPITAL MARKETS,,0.0,
originacao_numero_operacoes,1.2,Renda Fixa - Longo Prazo,ultimos_3_meses,ORIZ ASSESSORIA FINANCEIRA LTDA,,0.0,
originacao_numero_operacoes,1.2,Renda Fixa - Longo Prazo,ultimos_3_meses,One Corporate,,0.0,
originacao_numero_operacoes,1.2,Renda Fixa - Longo Prazo,ultimos_3_meses,RABOBANK,,0.0,
originacao_numero_operacoes,1.3,Securitização,acumulado_ano,ITAU BBA,1.0,50.0,
originacao_numero_operacoes,1.3,Securitização,acumulado_ano,BRADESCO BBI,2.0,26.0,
originacao_numero_operacoes,1.3,Securitização,acumulado_ano,SANTANDER,3.0,14.0,
originacao_numero_operacoes,1.3,Securitização,acumulado_ano,XP INVESTIMENTOS,3.0,14.0,
originacao_numero_operacoes,1.3,Securitização,acumulado_ano,BR PARTNERS,5.0,10.0,
originacao_numero_operacoes,1.3,Securitização,acumulado_ano,BTG PACTUAL,5.0,10.0,
originacao_numero_operacoes,1.3,Securitização,acumulado_ano,CANAL COMPANHIA DE SECURITIZAÇÃO,7.0,9.0,
originacao_numero_operacoes,1.3,Securitização,acumulado_ano,CEF,8.0,8.0,
originacao_numero_operacoes,1.3,Securitização,acumulado_ano,UBS BB,8.0,8.0,
originacao_numero_operacoes,1.3,Securitização,acumulado_ano,ABC BRASIL,10.0,6.0,
originacao_numero_operacoes,1.3,Securitização,acumulado_ano,SAFRA,10.0,6.0,
originacao_numero_operacoes,1.3,Securitização,acumulado_ano,VOTORANTIM,10.0,6.0,
originacao_numero_operacoes,1.3,Securitização,acumulado_ano,DAYCOVAL,13.0,5.0,
originacao_numero_operacoes,1.3,Securitização,acumulado_ano,BAMBOO SEC,14.0,3.0,
originacao_numero_operacoes,1.3,Securitização,acumulado_ano,OPEA SECURITIZADORA,14.0,3.0,
originacao_numero_operacoes,1.3,Securitização,acumulado_ano,One Corporate,14.0,3.0,
originacao_numero_operacoes,1.3,Securitização,acumulado_ano,BB-BI,17.0,2.0,
originacao_numero_operacoes,1.3,Securitização,acumulado_ano,INTER,17.0,2.0,
originacao_numero_operacoes,1.3,Securitização,acumulado_ano,ARCHX CAPITAL,19.0,1.0,
originacao_numero_operacoes,1.3,Securitização,acumulado_ano,ASA ASSET 2 GESTÃO DE RECURSOS LTDA,19.0,1.0,
originacao_numero_operacoes,1.3,Securitização,acumulado_ano,BANCO PINE,19.0,1.0,
originacao_numero_operacoes,1.3,Securitização,acumulado_ano,BOCOM BBM,19.0,1.0,
originacao_numero_operacoes,1.3,Securitização,acumulado_ano,EQI Investimentos CTVM,19.0,1.0,
originacao_numero_operacoes,1.3,Securitização,acumulado_ano,GALAPAGOS CAPITAL INVESTIMENTOS E PARTICIPAÇÕES LTDA.,19.0,1.0,
originacao_numero_operacoes,1.3,Securitização,acumulado_ano,GENIAL CV,19.0,1.0,
originacao_numero_operacoes,1.3,Securitização,acumulado_ano,HEDGE DTVM,19.0,1.0,
originacao_numero_operacoes,1.3,Securitização,acumulado_ano,M7 IB,19.0,1.0,
originacao_numero_operacoes,1.3,Securitização,acumulado_ano,TERRA,19.0,1.0,
originacao_numero_operacoes,1.3,Securitização,acumulado_ano,BANCO BS2,,0.0,
originacao_numero_operacoes,1.3,Securitização,acumulado_ano,BNP PARIBAS,,0.0,
originacao_numero_operacoes,1.3,Securitização,acumulado_ano,EXES SERVIÇOS FINANCEIROS,,0.0,
originacao_numero_operacoes,1.3,Securitização,acumulado_ano,KEA CAPITAL MARKETS,,0.0,
originacao_numero_operacoes,1.3,Securitização,acumulado_ano,MAX CAPITAL MARKETS,,0.0,
originacao_numero_operacoes,1.3,Securitização,acumulado_ano,ORIZ ASSESSORIA FINANCEIRA LTDA,,0.0,
originacao_numero_operacoes,1.3,Securitização,ultimos_12_meses,ITAU BBA,1.0,116.0,
originacao_numero_operacoes,1.3,Securitização,ultimos_12_meses,BRADESCO BBI,2.0,57.0,
originacao_numero_operacoes,1.3,Securitização,ultimos_12_meses,XP INVESTIMENTOS,3.0,52.0,
originacao_numero_operacoes,1.3,Securitização,ultimos_12_meses,SANTANDER,4.0,25.0,
originacao_numero_operacoes,1.3,Securitização,ultimos_12_meses,SAFRA,5.0,24.0,
originacao_numero_operacoes,1.3,Securitização,ultimos_12_meses,BTG PACTUAL,6.0,22.0,
originacao_numero_operacoes,1.3,Securitização,ultimos_12_meses,CANAL COMPANHIA DE SECURITIZAÇÃO,7.0,21.0,
originacao_numero_operacoes,1.3,Securitização,ultimos_12_meses,BR PARTNERS,8.0,20.0,
originacao_numero_operacoes,1.3,Securitização,ultimos_12_meses,UBS BB,9.0,16.0,
originacao_numero_operacoes,1.3,Securitização,ultimos_12_meses,VOTORANTIM,10.0,15.0,
originacao_numero_operacoes,1.3,Securitização,ultimos_12_meses,ABC BRASIL,11.0,14.0,
originacao_numero_operacoes,1.3,Securitização,ultimos_12_meses,CEF,12.0,12.0,
originacao_numero_operacoes,1.3,Securitização,ultimos_12_meses,OPEA SECURITIZADORA,13.0,10.0,
originacao_numero_operacoes,1.3,Securitização,ultimos_12_meses,DAYCOVAL,14.0,9.0,
originacao_numero_operacoes,1.3,Securitização,ultimos_12_meses,BB-BI,15.0,7.0,
originacao_numero_operacoes,1.3,Securitização,ultimos_12_meses,GALAPAGOS CAPITAL INVESTIMENTOS E PARTICIPAÇÕES LTDA.,16.0,6.0,
originacao_numero_operacoes,1.3,Securitização,ultimos_12_meses,BAMBOO SEC,17.0,3.0,
originacao_numero_operacoes,1.3,Securitização,ultimos_12_meses,INTER,17.0,3.0,
originacao_numero_operacoes,1.3,Securitização,ultimos_12_meses,One Corporate,17.0,3.0,
originacao_numero_operacoes,1.3,Securitização,ultimos_12_meses,ARCHX CAPITAL,20.0,2.0,
originacao_numero_operacoes,1.3,Securitização,ultimos_12_meses,GENIAL CV,20.0,2.0,
originacao_numero_operacoes,1.3,Securitização,ultimos_12_meses,M7 IB,20.0,2.0,
originacao_numero_operacoes,1.3,Securitização,ultimos_12_meses,ASA ASSET 2 GESTÃO DE RECURSOS LTDA,23.0,1.0,
originacao_numero_operacoes,1.3,Securitização,ultimos_12_meses,BANCO BS2,23.0,1.0,
originacao_numero_operacoes,1.3,Securitização,ultimos_12_meses,BANCO PINE,23.0,1.0,
originacao_numero_operacoes,1.3,Securitização,ultimos_12_meses,BNP PARIBAS,23.0,1.0,
originacao_numero_operacoes,1.3,Securitização,ultimos_12_meses,BOCOM BBM,23.0,1.0,
originacao_numero_operacoes,1.3,Securitização,ultimos_12_meses,EQI Investimentos CTVM,23.0,1.0,
originacao_numero_operacoes,1.3,Securitização,ultimos_12_meses,EXES SERVIÇOS FINANCEIROS,23.0,1.0,
originacao_numero_operacoes,1.3,Securitização,ultimos_12_meses,HEDGE DTVM,23.0,1.0,
originacao_numero_operacoes,1.3,Securitização,ultimos_12_meses,KEA CAPITAL MARKETS,23.0,1.0,
originacao_numero_operacoes,1.3,Securitização,ultimos_12_meses,MAX CAPITAL MARKETS,23.0,1.0,
originacao_numero_operacoes,1.3,Securitização,ultimos_12_meses,ORIZ ASSESSORIA FINANCEIRA LTDA,23.0,1.0,
originacao_numero_operacoes,1.3,Securitização,ultimos_12_meses,TERRA,23.0,1.0,
originacao_numero_operacoes,1.3,Securitização,ultimos_3_meses,ITAU BBA,1.0,23.0,
originacao_numero_operacoes,1.3,Securitização,ultimos_3_meses,BRADESCO BBI,2.0,8.0,
originacao_numero_operacoes,1.3,Securitização,ultimos_3_meses,SANTANDER,2.0,8.0,
originacao_numero_operacoes,1.3,Securitização,ultimos_3_meses,XP INVESTIMENTOS,4.0,7.0,
originacao_numero_operacoes,1.3,Securitização,ultimos_3_meses,CEF,5.0,6.0,
originacao_numero_operacoes,1.3,Securitização,ultimos_3_meses,CANAL COMPANHIA DE SECURITIZAÇÃO,6.0,5.0,
originacao_numero_operacoes,1.3,Securitização,ultimos_3_meses,BR PARTNERS,7.0,4.0,
originacao_numero_operacoes,1.3,Securitização,ultimos_3_meses,SAFRA,7.0,4.0,
originacao_numero_operacoes,1.3,Securitização,ultimos_3_meses,ABC BRASIL,9.0,3.0,
originacao_numero_operacoes,1.3,Securitização,ultimos_3_meses,UBS BB,9.0,3.0,
originacao_numero_operacoes,1.3,Securitização,ultimos_3_meses,VOTORANTIM,9.0,3.0,
originacao_numero_operacoes,1.3,Securitização,ultimos_3_meses,BTG PACTUAL,12.0,2.0,
originacao_numero_operacoes,1.3,Securitização,ultimos_3_meses,DAYCOVAL,12.0,2.0,
originacao_numero_operacoes,1.3,Securitização,ultimos_3_meses,BAMBOO SEC,14.0,1.0,
originacao_numero_operacoes,1.3,Securitização,ultimos_3_meses,BANCO PINE,14.0,1.0,
originacao_numero_operacoes,1.3,Securitização,ultimos_3_meses,BB-BI,14.0,1.0,
originacao_numero_operacoes,1.3,Securitização,ultimos_3_meses,BOCOM BBM,14.0,1.0,
originacao_numero_operacoes,1.3,Securitização,ultimos_3_meses,GENIAL CV,14.0,1.0,
originacao_numero_operacoes,1.3,Securitização,ultimos_3_meses,HEDGE DTVM,14.0,1.0,
originacao_numero_operacoes,1.3,Securitização,ultimos_3_meses,INTER,14.0,1.0,
originacao_numero_operacoes,1.3,Securitização,ultimos_3_meses,ARCHX CAPITAL,,0.0,
originacao_numero_operacoes,1.3,Securitização,ultimos_3_meses,ASA ASSET 2 GESTÃO DE RECURSOS LTDA,,0.0,
originacao_numero_operacoes,1.3,Securitização,ultimos_3_meses,BANCO BS2,,0.0,
originacao_numero_operacoes,1.3,Securitização,ultimos_3_meses,BNP PARIBAS,,0.0,
originacao_numero_operacoes,1.3,Securitização,ultimos_3_meses,EQI Investimentos CTVM,,0.0,
originacao_numero_operacoes,1.3,Securitização,ultimos_3_meses,EXES SERVIÇOS FINANCEIROS,,0.0,
originacao_numero_operacoes,1.3,Securitização,ultimos_3_meses,GALAPAGOS CAPITAL INVESTIMENTOS E PARTICIPAÇÕES LTDA.,,0.0,
originacao_numero_operacoes,1.3,Securitização,ultimos_3_meses,KEA CAPITAL MARKETS,,0.0,
originacao_numero_operacoes,1.3,Securitização,ultimos_3_meses,M7 IB,,0.0,
originacao_numero_operacoes,1.3,Securitização,ultimos_3_meses,MAX CAPITAL MARKETS,,0.0,
originacao_numero_operacoes,1.3,Securitização,ultimos_3_meses,OPEA SECURITIZADORA,,0.0,
originacao_numero_operacoes,1.3,Securitização,ultimos_3_meses,ORIZ ASSESSORIA FINANCEIRA LTDA,,0.0,
originacao_numero_operacoes,1.3,Securitização,ultimos_3_meses,One Corporate,,0.0,
originacao_numero_operacoes,1.3,Securitização,ultimos_3_meses,TERRA,,0.0,
originacao_numero_operacoes,1.3.1,Emissão de Cotas Seniores e Subordinadas de FIDC,acumulado_ano,ITAU BBA,1.0,32.0,
originacao_numero_operacoes,1.3.1,Emissão de Cotas Seniores e Subordinadas de FIDC,acumulado_ano,BRADESCO BBI,2.0,13.0,
originacao_numero_operacoes,1.3.1,Emissão de Cotas Seniores e Subordinadas de FIDC,acumulado_ano,UBS BB,3.0,7.0,
originacao_numero_operacoes,1.3.1,Emissão de Cotas Seniores e Subordinadas de FIDC,acumulado_ano,BR PARTNERS,4.0,6.0,
originacao_numero_operacoes,1.3.1,Emissão de Cotas Seniores e Subordinadas de FIDC,acumulado_ano,VOTORANTIM,5.0,5.0,
originacao_numero_operacoes,1.3.1,Emissão de Cotas Seniores e Subordinadas de FIDC,acumulado_ano,ABC BRASIL,6.0,4.0,
originacao_numero_operacoes,1.3.1,Emissão de Cotas Seniores e Subordinadas de FIDC,acumulado_ano,BAMBOO SEC,7.0,3.0,
originacao_numero_operacoes,1.3.1,Emissão de Cotas Seniores e Subordinadas de FIDC,acumulado_ano,DAYCOVAL,7.0,3.0,
originacao_numero_operacoes,1.3.1,Emissão de Cotas Seniores e Subordinadas de FIDC,acumulado_ano,SANTANDER,7.0,3.0,
originacao_numero_operacoes,1.3.1,Emissão de Cotas Seniores e Subordinadas de FIDC,acumulado_ano,XP INVESTIMENTOS,10.0,2.0,
originacao_numero_operacoes,1.3.1,Emissão de Cotas Seniores e Subordinadas de FIDC,acumulado_ano,ARCHX CAPITAL,11.0,1.0,
originacao_numero_operacoes,1.3.1,Emissão de Cotas Seniores e Subordinadas de FIDC,acumulado_ano,BTG PACTUAL,11.0,1.0,
originacao_numero_operacoes,1.3.1,Emissão de Cotas Seniores e Subordinadas de FIDC,acumulado_ano,CEF,11.0,1.0,
originacao_numero_operacoes,1.3.1,Emissão de Cotas Seniores e Subordinadas de FIDC,acumulado_ano,SAFRA,11.0,1.0,
originacao_numero_operacoes,1.3.1,Emissão de Cotas Seniores e Subordinadas de FIDC,acumulado_ano,BNP PARIBAS,,0.0,
originacao_numero_operacoes,1.3.1,Emissão de Cotas Seniores e Subordinadas de FIDC,acumulado_ano,KEA CAPITAL MARKETS,,0.0,
originacao_numero_operacoes,1.3.1,Emissão de Cotas Seniores e Subordinadas de FIDC,acumulado_ano,ORIZ ASSESSORIA FINANCEIRA LTDA,,0.0,
originacao_numero_operacoes,1.3.1,Emissão de Cotas Seniores e Subordinadas de FIDC,ultimos_12_meses,ITAU BBA,1.0,54.0,
originacao_numero_operacoes,1.3.1,Emissão de Cotas Seniores e Subordinadas de FIDC,ultimos_12_meses,BRADESCO BBI,2.0,20.0,
originacao_numero_operacoes,1.3.1,Emissão de Cotas Seniores e Subordinadas de FIDC,ultimos_12_meses,VOTORANTIM,3.0,11.0,
originacao_numero_operacoes,1.3.1,Emissão de Cotas Seniores e Subordinadas de FIDC,ultimos_12_meses,BR PARTNERS,4.0,10.0,
originacao_numero_operacoes,1.3.1,Emissão de Cotas Seniores e Subordinadas de FIDC,ultimos_12_meses,UBS BB,5.0,9.0,
originacao_numero_operacoes,1.3.1,Emissão de Cotas Seniores e Subordinadas de FIDC,ultimos_12_meses,ABC BRASIL,6.0,8.0,
originacao_numero_operacoes,1.3.1,Emissão de Cotas Seniores e Subordinadas de FIDC,ultimos_12_meses,SANTANDER,7.0,7.0,
originacao_numero_operacoes,1.3.1,Emissão de Cotas Seniores e Subordinadas de FIDC,ultimos_12_meses,XP INVESTIMENTOS,8.0,6.0,
originacao_numero_operacoes,1.3.1,Emissão de Cotas Seniores e Subordinadas de FIDC,ultimos_12_meses,BAMBOO SEC,9.0,3.0,
originacao_numero_operacoes,1.3.1,Emissão de Cotas Seniores e Subordinadas de FIDC,ultimos_12_meses,DAYCOVAL,9.0,3.0,
originacao_numero_operacoes,1.3.1,Emissão de Cotas Seniores e Subordinadas de FIDC,ultimos_12_meses,ARCHX CAPITAL,11.0,2.0,
originacao_numero_operacoes,1.3.1,Emissão de Cotas Seniores e Subordinadas de FIDC,ultimos_12_meses,BTG PACTUAL,11.0,2.0,
originacao_numero_operacoes,1.3.1,Emissão de Cotas Seniores e Subordinadas de FIDC,ultimos_12_meses,SAFRA,11.0,2.0,
originacao_numero_operacoes,1.3.1,Emissão de Cotas Seniores e Subordinadas de FIDC,ultimos_12_meses,BNP PARIBAS,14.0,1.0,
originacao_numero_operacoes,1.3.1,Emissão de Cotas Seniores e Subordinadas de FIDC,ultimos_12_meses,CEF,14.0,1.0,
originacao_numero_operacoes,1.3.1,Emissão de Cotas Seniores e Subordinadas de FIDC,ultimos_12_meses,KEA CAPITAL MARKETS,14.0,1.0,
originacao_numero_operacoes,1.3.1,Emissão de Cotas Seniores e Subordinadas de FIDC,ultimos_12_meses,ORIZ ASSESSORIA FINANCEIRA LTDA,14.0,1.0,
originacao_numero_operacoes,1.3.1,Emissão de Cotas Seniores e Subordinadas de FIDC,ultimos_3_meses,ITAU BBA,1.0,16.0,
originacao_numero_operacoes,1.3.1,Emissão de Cotas Seniores e Subordinadas de FIDC,ultimos_3_meses,BRADESCO BBI,2.0,4.0,
originacao_numero_operacoes,1.3.1,Emissão de Cotas Seniores e Subordinadas de FIDC,ultimos_3_meses,BR PARTNERS,3.0,3.0,
originacao_numero_operacoes,1.3.1,Emissão de Cotas Seniores e Subordinadas de FIDC,ultimos_3_meses,SANTANDER,3.0,3.0,
originacao_numero_operacoes,1.3.1,Emissão de Cotas Seniores e Subordinadas de FIDC,ultimos_3_meses,UBS BB,3.0,3.0,
originacao_numero_operacoes,1.3.1,Emissão de Cotas Seniores e Subordinadas de FIDC,ultimos_3_meses,VOTORANTIM,3.0,3.0,
originacao_numero_operacoes,1.3.1,Emissão de Cotas Seniores e Subordinadas de FIDC,ultimos_3_meses,ABC BRASIL,7.0,1.0,
originacao_numero_operacoes,1.3.1,Emissão de Cotas Seniores e Subordinadas de FIDC,ultimos_3_meses,BAMBOO SEC,7.0,1.0,
originacao_numero_operacoes,1.3.1,Emissão de Cotas Seniores e Subordinadas de FIDC,ultimos_3_meses,CEF,7.0,1.0,
originacao_numero_operacoes,1.3.1,Emissão de Cotas Seniores e Subordinadas de FIDC,ultimos_3_meses,DAYCOVAL,7.0,1.0,
originacao_numero_operacoes,1.3.1,Emissão de Cotas Seniores e Subordinadas de FIDC,ultimos_3_meses,XP INVESTIMENTOS,7.0,1.0,
originacao_numero_operacoes,1.3.1,Emissão de Cotas Seniores e Subordinadas de FIDC,ultimos_3_meses,ARCHX CAPITAL,,0.0,
originacao_numero_operacoes,1.3.1,Emissão de Cotas Seniores e Subordinadas de FIDC,ultimos_3_meses,BNP PARIBAS,,0.0,
originacao_numero_operacoes,1.3.1,Emissão de Cotas Seniores e Subordinadas de FIDC,ultimos_3_meses,BTG PACTUAL,,0.0,
originacao_numero_operacoes,1.3.1,Emissão de Cotas Seniores e Subordinadas de FIDC,ultimos_3_meses,KEA CAPITAL MARKETS,,0.0,
originacao_numero_operacoes,1.3.1,Emissão de Cotas Seniores e Subordinadas de FIDC,ultimos_3_meses,ORIZ ASSESSORIA FINANCEIRA LTDA,,0.0,
originacao_numero_operacoes,1.3.1,Emissão de Cotas Seniores e Subordinadas de FIDC,ultimos_3_meses,SAFRA,,0.0,
originacao_numero_operacoes,1.3.2,Emissão de Certificados de Recebíveis Imobiliários,acumulado_ano,ITAU BBA,1.0,9.0,
originacao_numero_operacoes,1.3.2,Emissão de Certificados de Recebíveis Imobiliários,acumulado_ano,XP INVESTIMENTOS,2.0,7.0,
originacao_numero_operacoes,1.3.2,Emissão de Certificados de Recebíveis Imobiliários,acumulado_ano,CEF,3.0,6.0,
originacao_numero_operacoes,1.3.2,Emissão de Certificados de Recebíveis Imobiliários,acumulado_ano,BTG PACTUAL,4.0,5.0,
originacao_numero_operacoes,1.3.2,Emissão de Certificados de Recebíveis Imobiliários,acumulado_ano,CANAL COMPANHIA DE SECURITIZAÇÃO,4.0,5.0,
originacao_numero_operacoes,1.3.2,Emissão de Certificados de Recebíveis Imobiliários,acumulado_ano,SANTANDER,4.0,5.0,
originacao_numero_operacoes,1.3.2,Emissão de Certificados de Recebíveis Imobiliários,acumulado_ano,BR PARTNERS,7.0,4.0,
originacao_numero_operacoes,1.3.2,Emissão de Certificados de Recebíveis Imobiliários,acumulado_ano,BRADESCO BBI,8.0,3.0,
originacao_numero_operacoes,1.3.2,Emissão de Certificados de Recebíveis Imobiliários,acumulado_ano,OPEA SECURITIZADORA,8.0,3.0,
originacao_numero_operacoes,1.3.2,Emissão de Certificados de Recebíveis Imobiliários,acumulado_ano,ABC BRASIL,10.0,2.0,
originacao_numero_operacoes,1.3.2,Emissão de Certificados de Recebíveis Imobiliários,acumulado_ano,SAFRA,10.0,2.0,
originacao_numero_operacoes,1.3.2,Emissão de Certificados de Recebíveis Imobiliários,acumulado_ano,ASA ASSET 2 GESTÃO DE RECURSOS LTDA,12.0,1.0,
originacao_numero_operacoes,1.3.2,Emissão de Certificados de Recebíveis Imobiliários,acumulado_ano,BANCO PINE,12.0,1.0,
originacao_numero_operacoes,1.3.2,Emissão de Certificados de Recebíveis Imobiliários,acumulado_ano,EQI Investimentos CTVM,12.0,1.0,
originacao_numero_operacoes,1.3.2,Emissão de Certificados de Recebíveis Imobiliários,acumulado_ano,GALAPAGOS CAPITAL INVESTIMENTOS E PARTICIPAÇÕES LTDA.,12.0,1.0,
originacao_numero_operacoes,1.3.2,Emissão de Certificados de Recebíveis Imobiliários,acumulado_ano,HEDGE DTVM,12.0,1.0,
originacao_numero_operacoes,1.3.2,Emissão de Certificados de Recebíveis Imobiliários,acumulado_ano,INTER,12.0,1.0,
originacao_numero_operacoes,1.3.2,Emissão de Certificados de Recebíveis Imobiliários,acumulado_ano,One Corporate,12.0,1.0,
originacao_numero_operacoes,1.3.2,Emissão de Certificados de Recebíveis Imobiliários,acumulado_ano,VOTORANTIM,12.0,1.0,
originacao_numero_operacoes,1.3.2,Emissão de Certificados de Recebíveis Imobiliários,acumulado_ano,BANCO BS2,,0.0,
originacao_numero_operacoes,1.3.2,Emissão de Certificados de Recebíveis Imobiliários,acumulado_ano,DAYCOVAL,,0.0,
originacao_numero_operacoes,1.3.2,Emissão de Certificados de Recebíveis Imobiliários,acumulado_ano,MAX CAPITAL MARKETS,,0.0,
originacao_numero_operacoes,1.3.2,Emissão de Certificados de Recebíveis Imobiliários,acumulado_ano,UBS BB,,0.0,
originacao_numero_operacoes,1.3.2,Emissão de Certificados de Recebíveis Imobiliários,ultimos_12_meses,XP INVESTIMENTOS,1.0,26.0,
originacao_numero_operacoes,1.3.2,Emissão de Certificados de Recebíveis Imobiliários,ultimos_12_meses,ITAU BBA,2.0,24.0,
originacao_numero_operacoes,1.3.2,Emissão de Certificados de Recebíveis Imobiliários,ultimos_12_meses,CANAL COMPANHIA DE SECURITIZAÇÃO,3.0,16.0,
originacao_numero_operacoes,1.3.2,Emissão de Certificados de Recebíveis Imobiliários,ultimos_12_meses,BRADESCO BBI,4.0,11.0,
originacao_numero_operacoes,1.3.2,Emissão de Certificados de Recebíveis Imobiliários,ultimos_12_meses,BR PARTNERS,5.0,9.0,
originacao_numero_operacoes,1.3.2,Emissão de Certificados de Recebíveis Imobiliários,ultimos_12_meses,CEF,6.0,8.0,
originacao_numero_operacoes,1.3.2,Emissão de Certificados de Recebíveis Imobiliários,ultimos_12_meses,OPEA SECURITIZADORA,6.0,8.0,
originacao_numero_operacoes,1.3.2,Emissão de Certificados de Recebíveis Imobiliários,ultimos_12_meses,SAFRA,6.0,8.0,
originacao_numero_operacoes,1.3.2,Emissão de Certificados de Recebíveis Imobiliários,ultimos_12_meses,BTG PACTUAL,9.0,6.0,
originacao_numero_operacoes,1.3.2,Emissão de Certificados de Recebíveis Imobiliários,ultimos_12_meses,GALAPAGOS CAPITAL INVESTIMENTOS E PARTICIPAÇÕES LTDA.,9.0,6.0,
originacao_numero_operacoes,1.3.2,Emissão de Certificados de Recebíveis Imobiliários,ultimos_12_meses,SANTANDER,9.0,6.0,
originacao_numero_operacoes,1.3.2,Emissão de Certificados de Recebíveis Imobiliários,ultimos_12_meses,ABC BRASIL,12.0,4.0,
originacao_numero_operacoes,1.3.2,Emissão de Certificados de Recebíveis Imobiliários,ultimos_12_meses,VOTORANTIM,12.0,4.0,
originacao_numero_operacoes,1.3.2,Emissão de Certificados de Recebíveis Imobiliários,ultimos_12_meses,DAYCOVAL,14.0,2.0,
originacao_numero_operacoes,1.3.2,Emissão de Certificados de Recebíveis Imobiliários,ultimos_12_meses,UBS BB,14.0,2.0,
originacao_numero_operacoes,1.3.2,Emissão de Certificados de Recebíveis Imobiliários,ultimos_12_meses,ASA ASSET 2 GESTÃO DE RECURSOS LTDA,16.0,1.0,
originacao_numero_operacoes,1.3.2,Emissão de Certificados de Recebíveis Imobiliários,ultimos_12_meses,BANCO BS2,16.0,1.0,
originacao_numero_operacoes,1.3.2,Emissão de Certificados de Recebíveis Imobiliários,ultimos_12_meses,BANCO PINE,16.0,1.0,
originacao_numero_operacoes,1.3.2,Emissão de Certificados de Recebíveis Imobiliários,ultimos_12_meses,EQI Investimentos CTVM,16.0,1.0,
originacao_numero_operacoes,1.3.2,Emissão de Certificados de Recebíveis Imobiliários,ultimos_12_meses,HEDGE DTVM,16.0,1.0,
originacao_numero_operacoes,1.3.2,Emissão de Certificados de Recebíveis Imobiliários,ultimos_12_meses,INTER,16.0,1.0,
originacao_numero_operacoes,1.3.2,Emissão de Certificados de Recebíveis Imobiliários,ultimos_12_meses,MAX CAPITAL MARKETS,16.0,1.0,
originacao_numero_operacoes,1.3.2,Emissão de Certificados de Recebíveis Imobiliários,ultimos_12_meses,One Corporate,16.0,1.0,
originacao_numero_operacoes,1.3.2,Emissão de Certificados de Recebíveis Imobiliários,ultimos_3_meses,CEF,1.0,5.0,
originacao_numero_operacoes,1.3.2,Emissão de Certificados de Recebíveis Imobiliários,ultimos_3_meses,ITAU BBA,2.0,4.0,
originacao_numero_operacoes,1.3.2,Emissão de Certificados de Recebíveis Imobiliários,ultimos_3_meses,CANAL COMPANHIA DE SECURITIZAÇÃO,3.0,3.0,
originacao_numero_operacoes,1.3.2,Emissão de Certificados de Recebíveis Imobiliários,ultimos_3_meses,XP INVESTIMENTOS,3.0,3.0,
originacao_numero_operacoes,1.3.2,Emissão de Certificados de Recebíveis Imobiliários,ultimos_3_meses,ABC BRASIL,5.0,2.0,
originacao_numero_operacoes,1.3.2,Emissão de Certificados de Recebíveis Imobiliários,ultimos_3_meses,SAFRA,5.0,2.0,
originacao_numero_operacoes,1.3.2,Emissão de Certificados de Recebíveis Imobiliários,ultimos_3_meses,SANTANDER,5.0,2.0,
originacao_numero_operacoes,1.3.2,Emissão de Certificados de Recebíveis Imobiliários,ultimos_3_meses,BANCO PINE,8.0,1.0,
originacao_numero_operacoes,1.3.2,Emissão de Certificados de Recebíveis Imobiliários,ultimos_3_meses,BR PARTNERS,8.0,1.0,
originacao_numero_operacoes,1.3.2,Emissão de Certificados de Recebíveis Imobiliários,ultimos_3_meses,BRADESCO BBI,8.0,1.0,
originacao_numero_operacoes,1.3.2,Emissão de Certificados de Recebíveis Imobiliários,ultimos_3_meses,BTG PACTUAL,8.0,1.0,
originacao_numero_operacoes,1.3.2,Emissão de Certificados de Recebíveis Imobiliários,ultimos_3_meses,HEDGE DTVM,8.0,1.0,
originacao_numero_operacoes,1.3.2,Emissão de Certificados de Recebíveis Imobiliários,ultimos_3_meses,INTER,8.0,1.0,
originacao_numero_operacoes,1.3.2,Emissão de Certificados de Recebíveis Imobiliários,ultimos_3_meses,ASA ASSET 2 GESTÃO DE RECURSOS LTDA,,0.0,
originacao_numero_operacoes,1.3.2,Emissão de Certificados de Recebíveis Imobiliários,ultimos_3_meses,BANCO BS2,,0.0,
originacao_numero_operacoes,1.3.2,Emissão de Certificados de Recebíveis Imobiliários,ultimos_3_meses,DAYCOVAL,,0.0,
originacao_numero_operacoes,1.3.2,Emissão de Certificados de Recebíveis Imobiliários,ultimos_3_meses,EQI Investimentos CTVM,,0.0,
originacao_numero_operacoes,1.3.2,Emissão de Certificados de Recebíveis Imobiliários,ultimos_3_meses,GALAPAGOS CAPITAL INVESTIMENTOS E PARTICIPAÇÕES LTDA.,,0.0,
originacao_numero_operacoes,1.3.2,Emissão de Certificados de Recebíveis Imobiliários,ultimos_3_meses,MAX CAPITAL MARKETS,,0.0,
originacao_numero_operacoes,1.3.2,Emissão de Certificados de Recebíveis Imobiliários,ultimos_3_meses,OPEA SECURITIZADORA,,0.0,
originacao_numero_operacoes,1.3.2,Emissão de Certificados de Recebíveis Imobiliários,ultimos_3_meses,One Corporate,,0.0,
originacao_numero_operacoes,1.3.2,Emissão de Certificados de Recebíveis Imobiliários,ultimos_3_meses,UBS BB,,0.0,
originacao_numero_operacoes,1.3.2,Emissão de Certificados de Recebíveis Imobiliários,ultimos_3_meses,VOTORANTIM,,0.0,
originacao_numero_operacoes,1.3.3,Emissão de Certificados de Recebíveis do Agronegócio,acumulado_ano,BRADESCO BBI,1.0,9.0,
originacao_numero_operacoes,1.3.3,Emissão de Certificados de Recebíveis do Agronegócio,acumulado_ano,ITAU BBA,2.0,7.0,
originacao_numero_operacoes,1.3.3,Emissão de Certificados de Recebíveis do Agronegócio,acumulado_ano,SANTANDER,3.0,5.0,
originacao_numero_operacoes,1.3.3,Emissão de Certificados de Recebíveis do Agronegócio,acumulado_ano,XP INVESTIMENTOS,3.0,5.0,
originacao_numero_operacoes,1.3.3,Emissão de Certificados de Recebíveis do Agronegócio,acumulado_ano,BTG PACTUAL,5.0,4.0,
originacao_numero_operacoes,1.3.3,Emissão de Certificados de Recebíveis do Agronegócio,acumulado_ano,CANAL COMPANHIA DE SECURITIZAÇÃO,5.0,4.0,
originacao_numero_operacoes,1.3.3,Emissão de Certificados de Recebíveis do Agronegócio,acumulado_ano,SAFRA,7.0,3.0,
originacao_numero_operacoes,1.3.3,Emissão de Certificados de Recebíveis do Agronegócio,acumulado_ano,BB-BI,8.0,2.0,
originacao_numero_operacoes,1.3.3,Emissão de Certificados de Recebíveis do Agronegócio,acumulado_ano,DAYCOVAL,8.0,2.0,
originacao_numero_operacoes,1.3.3,Emissão de Certificados de Recebíveis do Agronegócio,acumulado_ano,One Corporate,8.0,2.0,
originacao_numero_operacoes,1.3.3,Emissão de Certificados de Recebíveis do Agronegócio,acumulado_ano,BOCOM BBM,11.0,1.0,
originacao_numero_operacoes,1.3.3,Emissão de Certificados de Recebíveis do Agronegócio,acumulado_ano,CEF,11.0,1.0,
originacao_numero_operacoes,1.3.3,Emissão de Certificados de Recebíveis do Agronegócio,acumulado_ano,GENIAL CV,11.0,1.0,
originacao_numero_operacoes,1.3.3,Emissão de Certificados de Recebíveis do Agronegócio,acumulado_ano,INTER,11.0,1.0,
originacao_numero_operacoes,1.3.3,Emissão de Certificados de Recebíveis do Agronegócio,acumulado_ano,M7 IB,11.0,1.0,
originacao_numero_operacoes,1.3.3,Emissão de Certificados de Recebíveis do Agronegócio,acumulado_ano,TERRA,11.0,1.0,
originacao_numero_operacoes,1.3.3,Emissão de Certificados de Recebíveis do Agronegócio,acumulado_ano,UBS BB,11.0,1.0,
originacao_numero_operacoes,1.3.3,Emissão de Certificados de Recebíveis do Agronegócio,acumulado_ano,ABC BRASIL,,0.0,
originacao_numero_operacoes,1.3.3,Emissão de Certificados de Recebíveis do Agronegócio,acumulado_ano,BR PARTNERS,,0.0,
originacao_numero_operacoes,1.3.3,Emissão de Certificados de Recebíveis do Agronegócio,acumulado_ano,EXES SERVIÇOS FINANCEIROS,,0.0,
originacao_numero_operacoes,1.3.3,Emissão de Certificados de Recebíveis do Agronegócio,acumulado_ano,OPEA SECURITIZADORA,,0.0,
originacao_numero_operacoes,1.3.3,Emissão de Certificados de Recebíveis do Agronegócio,ultimos_12_meses,ITAU BBA,1.0,29.0,
originacao_numero_operacoes,1.3.3,Emissão de Certificados de Recebíveis do Agronegócio,ultimos_12_meses,BRADESCO BBI,2.0,25.0,
originacao_numero_operacoes,1.3.3,Emissão de Certificados de Recebíveis do Agronegócio,ultimos_12_meses,XP INVESTIMENTOS,3.0,20.0,
originacao_numero_operacoes,1.3.3,Emissão de Certificados de Recebíveis do Agronegócio,ultimos_12_meses,BTG PACTUAL,4.0,14.0,
originacao_numero_operacoes,1.3.3,Emissão de Certificados de Recebíveis do Agronegócio,ultimos_12_meses,SAFRA,4.0,14.0,
originacao_numero_operacoes,1.3.3,Emissão de Certificados de Recebíveis do Agronegócio,ultimos_12_meses,SANTANDER,6.0,11.0,
originacao_numero_operacoes,1.3.3,Emissão de Certificados de Recebíveis do Agronegócio,ultimos_12_meses,BB-BI,7.0,7.0,
originacao_numero_operacoes,1.3.3,Emissão de Certificados de Recebíveis do Agronegócio,ultimos_12_meses,CANAL COMPANHIA DE SECURITIZAÇÃO,8.0,5.0,
originacao_numero_operacoes,1.3.3,Emissão de Certificados de Recebíveis do Agronegócio,ultimos_12_meses,UBS BB,8.0,5.0,
originacao_numero_operacoes,1.3.3,Emissão de Certificados de Recebíveis do Agronegócio,ultimos_12_meses,DAYCOVAL,10.0,4.0,
originacao_numero_operacoes,1.3.3,Emissão de Certificados de Recebíveis do Agronegócio,ultimos_12_meses,CEF,11.0,3.0,
originacao_numero_operacoes,1.3.3,Emissão de Certificados de Recebíveis do Agronegócio,ultimos_12_meses,GENIAL CV,12.0,2.0,
originacao_numero_operacoes,1.3.3,Emissão de Certificados de Recebíveis do Agronegócio,ultimos_12_meses,INTER,12.0,2.0,
originacao_numero_operacoes,1.3.3,Emissão de Certificados de Recebíveis do Agronegócio,ultimos_12_meses,OPEA SECURITIZADORA,12.0,2.0,
originacao_numero_operacoes,1.3.3,Emissão de Certificados de Recebíveis do Agronegócio,ultimos_12_meses,One Corporate,12.0,2.0,
originacao_numero_operacoes,1.3.3,Emissão de Certificados de Recebíveis do Agronegócio,ultimos_12_meses,ABC BRASIL,16.0,1.0,
originacao_numero_operacoes,1.3.3,Emissão de Certificados de Recebíveis do Agronegócio,ultimos_12_meses,BOCOM BBM,16.0,1.0,
originacao_numero_operacoes,1.3.3,Emissão de Certificados de Recebíveis do Agronegócio,ultimos_12_meses,BR PARTNERS,16.0,1.0,
originacao_numero_operacoes,1.3.3,Emissão de Certificados de Recebíveis do Agronegócio,ultimos_12_meses,EXES SERVIÇOS FINANCEIROS,16.0,1.0,
originacao_numero_operacoes,1.3.3,Emissão de Certificados de Recebíveis do Agronegócio,ultimos_12_meses,M7 IB,16.0,1.0,
originacao_numero_operacoes,1.3.3,Emissão de Certificados de Recebíveis do Agronegócio,ultimos_12_meses,TERRA,16.0,1.0,
originacao_numero_operacoes,1.3.3,Emissão de Certificados de Recebíveis do Agronegócio,ultimos_3_meses,BRADESCO BBI,1.0,3.0,
originacao_numero_operacoes,1.3.3,Emissão de Certificados de Recebíveis do Agronegócio,ultimos_3_meses,XP INVESTIMENTOS,1.0,3.0,
originacao_numero_operacoes,1.3.3,Emissão de Certificados de Recebíveis do Agronegócio,ultimos_3_meses,CANAL COMPANHIA DE SECURITIZAÇÃO,3.0,2.0,
originacao_numero_operacoes,1.3.3,Emissão de Certificados de Recebíveis do Agronegócio,ultimos_3_meses,ITAU BBA,3.0,2.0,
originacao_numero_operacoes,1.3.3,Emissão de Certificados de Recebíveis do Agronegócio,ultimos_3_meses,SAFRA,3.0,2.0,
originacao_numero_operacoes,1.3.3,Emissão de Certificados de Recebíveis do Agronegócio,ultimos_3_meses,SANTANDER,3.0,2.0,
originacao_numero_operacoes,1.3.3,Emissão de Certificados de Recebíveis do Agronegócio,ultimos_3_meses,BB-BI,7.0,1.0,
originacao_numero_operacoes,1.3.3,Emissão de Certificados de Recebíveis do Agronegócio,ultimos_3_meses,BOCOM BBM,7.0,1.0,
originacao_numero_operacoes,1.3.3,Emissão de Certificados de Recebíveis do Agronegócio,ultimos_3_meses,BTG PACTUAL,7.0,1.0,
originacao_numero_operacoes,1.3.3,Emissão de Certificados de Recebíveis do Agronegócio,ultimos_3_meses,DAYCOVAL,7.0,1.0,
originacao_numero_operacoes,1.3.3,Emissão de Certificados de Recebíveis do Agronegócio,ultimos_3_meses,GENIAL CV,7.0,1.0,
originacao_numero_operacoes,1.3.3,Emissão de Certificados de Recebíveis do Agronegócio,ultimos_3_meses,ABC BRASIL,,0.0,
originacao_numero_operacoes,1.3.3,Emissão de Certificados de Recebíveis do Agronegócio,ultimos_3_meses,BR PARTNERS,,0.0,
originacao_numero_operacoes,1.3.3,Emissão de Certificados de Recebíveis do Agronegócio,ultimos_3_meses,CEF,,0.0,
originacao_numero_operacoes,1.3.3,Emissão de Certificados de Recebíveis do Agronegócio,ultimos_3_meses,EXES SERVIÇOS FINANCEIROS,,0.0,
originacao_numero_operacoes,1.3.3,Emissão de Certificados de Recebíveis do Agronegócio,ultimos_3_meses,INTER,,0.0,
originacao_numero_operacoes,1.3.3,Emissão de Certificados de Recebíveis do Agronegócio,ultimos_3_meses,M7 IB,,0.0,
originacao_numero_operacoes,1.3.3,Emissão de Certificados de Recebíveis do Agronegócio,ultimos_3_meses,OPEA SECURITIZADORA,,0.0,
originacao_numero_operacoes,1.3.3,Emissão de Certificados de Recebíveis do Agronegócio,ultimos_3_meses,One Corporate,,0.0,
originacao_numero_operacoes,1.3.3,Emissão de Certificados de Recebíveis do Agronegócio,ultimos_3_meses,TERRA,,0.0,
originacao_numero_operacoes,1.3.3,Emissão de Certificados de Recebíveis do Agronegócio,ultimos_3_meses,UBS BB,,0.0,
originacao_numero_operacoes,1.3.4,Emissão de Certificados de Recebíveis,acumulado_ano,ITAU BBA,1.0,2.0,
originacao_numero_operacoes,1.3.4,Emissão de Certificados de Recebíveis,acumulado_ano,BRADESCO BBI,2.0,1.0,
originacao_numero_operacoes,1.3.4,Emissão de Certificados de Recebíveis,acumulado_ano,SANTANDER,2.0,1.0,
originacao_numero_operacoes,1.3.4,Emissão de Certificados de Recebíveis,acumulado_ano,ABC BRASIL,,0.0,
originacao_numero_operacoes,1.3.4,Emissão de Certificados de Recebíveis,acumulado_ano,M7 IB,,0.0,
originacao_numero_operacoes,1.3.4,Emissão de Certificados de Recebíveis,ultimos_12_meses,ITAU BBA,1.0,9.0,
originacao_numero_operacoes,1.3.4,Emissão de Certificados de Recebíveis,ultimos_12_meses,ABC BRASIL,2.0,1.0,
originacao_numero_operacoes,1.3.4,Emissão de Certificados de Recebíveis,ultimos_12_meses,BRADESCO BBI,2.0,1.0,
originacao_numero_operacoes,1.3.4,Emissão de Certificados de Recebíveis,ultimos_12_meses,M7 IB,2.0,1.0,
originacao_numero_operacoes,1.3.4,Emissão de Certificados de Recebíveis,ultimos_12_meses,SANTANDER,2.0,1.0,
originacao_numero_operacoes,1.3.4,Emissão de Certificados de Recebíveis,ultimos_3_meses,ITAU BBA,1.0,1.0,
originacao_numero_operacoes,1.3.4,Emissão de Certificados de Recebíveis,ultimos_3_meses,SANTANDER,1.0,1.0,
originacao_numero_operacoes,1.3.4,Emissão de Certificados de Recebíveis,ultimos_3_meses,ABC BRASIL,,0.0,
originacao_numero_operacoes,1.3.4,Emissão de Certificados de Recebíveis,ultimos_3_meses,BRADESCO BBI,,0.0,
originacao_numero_operacoes,1.3.4,Emissão de Certificados de Recebíveis,ultimos_3_meses,M7 IB,,0.0,
originacao_numero_operacoes,2,Operações Híbridas,acumulado_ano,XP INVESTIMENTOS,1.0,22.0,
originacao_numero_operacoes,2,Operações Híbridas,acumulado_ano,ITAU BBA,2.0,10.0,
originacao_numero_operacoes,2,Operações Híbridas,acumulado_ano,BR PARTNERS,3.0,8.0,
originacao_numero_operacoes,2,Operações Híbridas,acumulado_ano,KEA CAPITAL MARKETS,4.0,2.0,
originacao_numero_operacoes,2,Operações Híbridas,acumulado_ano,MAX CAPITAL MARKETS,4.0,2.0,
originacao_numero_operacoes,2,Operações Híbridas,acumulado_ano,VOTORANTIM,4.0,2.0,
originacao_numero_operacoes,2,Operações Híbridas,acumulado_ano,ABC BRASIL,7.0,1.0,
originacao_numero_operacoes,2,Operações Híbridas,acumulado_ano,BRADESCO BBI,7.0,1.0,
originacao_numero_operacoes,2,Operações Híbridas,acumulado_ano,BTG PACTUAL,7.0,1.0,
originacao_numero_operacoes,2,Operações Híbridas,acumulado_ano,FATOR,7.0,1.0,
originacao_numero_operacoes,2,Operações Híbridas,acumulado_ano,HEDGE DTVM,7.0,1.0,
originacao_numero_operacoes,2,Operações Híbridas,acumulado_ano,M7 IB,7.0,1.0,
originacao_numero_operacoes,2,Operações Híbridas,acumulado_ano,RIO BRAVO,7.0,1.0,
originacao_numero_operacoes,2,Operações Híbridas,acumulado_ano,TERRA,7.0,1.0,
originacao_numero_operacoes,2,Operações Híbridas,acumulado_ano,BB-BI,,0.0,
originacao_numero_operacoes,2,Operações Híbridas,acumulado_ano,ORIZ ASSESSORIA FINANCEIRA LTDA,,0.0,
originacao_numero_operacoes,2,Operações Híbridas,acumulado_ano,SAFRA,,0.0,
originacao_numero_operacoes,2,Operações Híbridas,acumulado_ano,UBS BB,,0.0,
originacao_numero_operacoes,2,Operações Híbridas,ultimos_12_meses,XP INVESTIMENTOS,1.0,28.0,
originacao_numero_operacoes,2,Operações Híbridas,ultimos_12_meses,ITAU BBA,2.0,19.0,
originacao_numero_operacoes,2,Operações Híbridas,ultimos_12_meses,BR PARTNERS,3.0,12.0,
originacao_numero_operacoes,2,Operações Híbridas,ultimos_12_meses,VOTORANTIM,4.0,5.0,
originacao_numero_operacoes,2,Operações Híbridas,ultimos_12_meses,BRADESCO BBI,5.0,4.0,
originacao_numero_operacoes,2,Operações Híbridas,ultimos_12_meses,MAX CAPITAL MARKETS,5.0,4.0,
originacao_numero_operacoes,2,Operações Híbridas,ultimos_12_meses,BTG PACTUAL,7.0,2.0,
originacao_numero_operacoes,2,Operações Híbridas,ultimos_12_meses,KEA CAPITAL MARKETS,7.0,2.0,
originacao_numero_operacoes,2,Operações Híbridas,ultimos_12_meses,ABC BRASIL,9.0,1.0,
originacao_numero_operacoes,2,Operações Híbridas,ultimos_12_meses,BB-BI,9.0,1.0,
originacao_numero_operacoes,2,Operações Híbridas,ultimos_12_meses,FATOR,9.0,1.0,
originacao_numero_operacoes,2,Operações Híbridas,ultimos_12_meses,HEDGE DTVM,9.0,1.0,
originacao_numero_operacoes,2,Operações Híbridas,ultimos_12_meses,M7 IB,9.0,1.0,
originacao_numero_operacoes,2,Operações Híbridas,ultimos_12_meses,ORIZ ASSESSORIA FINANCEIRA LTDA,9.0,1.0,
originacao_numero_operacoes,2,Operações Híbridas,ultimos_12_meses,RIO BRAVO,9.0,1.0,
originacao_numero_operacoes,2,Operações Híbridas,ultimos_12_meses,SAFRA,9.0,1.0,
originacao_numero_operacoes,2,Operações Híbridas,ultimos_12_meses,TERRA,9.0,1.0,
originacao_numero_operacoes,2,Operações Híbridas,ultimos_12_meses,UBS BB,9.0,1.0,
originacao_numero_operacoes,2,Operações Híbridas,ultimos_3_meses,XP INVESTIMENTOS,1.0,14.0,
originacao_numero_operacoes,2,Operações Híbridas,ultimos_3_meses,ITAU BBA,2.0,4.0,
originacao_numero_operacoes,2,Operações Híbridas,ultimos_3_meses,KEA CAPITAL MARKETS,3.0,2.0,
originacao_numero_operacoes,2,Operações Híbridas,ultimos_3_meses,MAX CAPITAL MARKETS,3.0,2.0,
originacao_numero_operacoes,2,Operações Híbridas,ultimos_3_meses,BR PARTNERS,5.0,1.0,
originacao_numero_operacoes,2,Operações Híbridas,ultimos_3_meses,BRADESCO BBI,5.0,1.0,
originacao_numero_operacoes,2,Operações Híbridas,ultimos_3_meses,BTG PACTUAL,5.0,1.0,
originacao_numero_operacoes,2,Operações Híbridas,ultimos_3_meses,HEDGE DTVM,5.0,1.0,
originacao_numero_operacoes,2,Operações Híbridas,ultimos_3_meses,M7 IB,5.0,1.0,
originacao_numero_operacoes,2,Operações Híbridas,ultimos_3_meses,TERRA,5.0,1.0,
originacao_numero_operacoes,2,Operações Híbridas,ultimos_3_meses,VOTORANTIM,5.0,1.0,
originacao_numero_operacoes,2,Operações Híbridas,ultimos_3_meses,ABC BRASIL,,0.0,
originacao_numero_operacoes,2,Operações Híbridas,ultimos_3_meses,BB-BI,,0.0,
originacao_numero_operacoes,2,Operações Híbridas,ultimos_3_meses,FATOR,,0.0,
originacao_numero_operacoes,2,Operações Híbridas,ultimos_3_meses,ORIZ ASSESSORIA FINANCEIRA LTDA,,0.0,
originacao_numero_operacoes,2,Operações Híbridas,ultimos_3_meses,RIO BRAVO,,0.0,
originacao_numero_operacoes,2,Operações Híbridas,ultimos_3_meses,SAFRA,,0.0,
originacao_numero_operacoes,2,Operações Híbridas,ultimos_3_meses,UBS BB,,0.0,
originacao_numero_operacoes,2.1,Títulos Conversíveis Permutáveis,acumulado_ano,BRADESCO BBI,,0.0,
originacao_numero_operacoes,2.1,Títulos Conversíveis Permutáveis,acumulado_ano,UBS BB,,0.0,
originacao_numero_operacoes,2.1,Títulos Conversíveis Permutáveis,ultimos_12_meses,BRADESCO BBI,1.0,1.0,
originacao_numero_operacoes,2.1,Títulos Conversíveis Permutáveis,ultimos_12_meses,UBS BB,1.0,1.0,
originacao_numero_operacoes,2.1,Títulos Conversíveis Permutáveis,ultimos_3_meses,BRADESCO BBI,,0.0,
originacao_numero_operacoes,2.1,Títulos Conversíveis Permutáveis,ultimos_3_meses,UBS BB,,0.0,
originacao_numero_operacoes,2.2,Fundo de Investimento Imobiliário,acumulado_ano,XP INVESTIMENTOS,1.0,14.0,
originacao_numero_operacoes,2.2,Fundo de Investimento Imobiliário,acumulado_ano,BR PARTNERS,2.0,8.0,
originacao_numero_operacoes,2.2,Fundo de Investimento Imobiliário,acumulado_ano,ITAU BBA,3.0,4.0,
originacao_numero_operacoes,2.2,Fundo de Investimento Imobiliário,acumulado_ano,MAX CAPITAL MARKETS,4.0,2.0,
originacao_numero_operacoes,2.2,Fundo de Investimento Imobiliário,acumulado_ano,ABC BRASIL,5.0,1.0,
originacao_numero_operacoes,2.2,Fundo de Investimento Imobiliário,acumulado_ano,BRADESCO BBI,5.0,1.0,
originacao_numero_operacoes,2.2,Fundo de Investimento Imobiliário,acumulado_ano,BTG PACTUAL,5.0,1.0,
originacao_numero_operacoes,2.2,Fundo de Investimento Imobiliário,acumulado_ano,HEDGE DTVM,5.0,1.0,
originacao_numero_operacoes,2.2,Fundo de Investimento Imobiliário,acumulado_ano,KEA CAPITAL MARKETS,5.0,1.0,
originacao_numero_operacoes,2.2,Fundo de Investimento Imobiliário,acumulado_ano,M7 IB,5.0,1.0,
originacao_numero_operacoes,2.2,Fundo de Investimento Imobiliário,acumulado_ano,RIO BRAVO,5.0,1.0,
originacao_numero_operacoes,2.2,Fundo de Investimento Imobiliário,acumulado_ano,TERRA,5.0,1.0,
originacao_numero_operacoes,2.2,Fundo de Investimento Imobiliário,acumulado_ano,ORIZ ASSESSORIA FINANCEIRA LTDA,,0.0,
originacao_numero_operacoes,2.2,Fundo de Investimento Imobiliário,ultimos_12_meses,XP INVESTIMENTOS,1.0,19.0,
originacao_numero_operacoes,2.2,Fundo de Investimento Imobiliário,ultimos_12_meses,BR PARTNERS,2.0,12.0,
originacao_numero_operacoes,2.2,Fundo de Investimento Imobiliário,ultimos_12_meses,ITAU BBA,3.0,8.0,
originacao_numero_operacoes,2.2,Fundo de Investimento Imobiliário,ultimos_12_meses,MAX CAPITAL MARKETS,4.0,4.0,
originacao_numero_operacoes,2.2,Fundo de Investimento Imobiliário,ultimos_12_meses,BRADESCO BBI,5.0,3.0,
originacao_numero_operacoes,2.2,Fundo de Investimento Imobiliário,ultimos_12_meses,BTG PACTUAL,6.0,2.0,
originacao_numero_operacoes,2.2,Fundo de Investimento Imobiliário,ultimos_12_meses,ABC BRASIL,7.0,1.0,
originacao_numero_operacoes,2.2,Fundo de Investimento Imobiliário,ultimos_12_meses,HEDGE DTVM,7.0,1.0,
originacao_numero_operacoes,2.2,Fundo de Investimento Imobiliário,ultimos_12_meses,KEA CAPITAL MARKETS,7.0,1.0,
originacao_numero_operacoes,2.2,Fundo de Investimento Imobiliário,ultimos_12_meses,M7 IB,7.0,1.0,
originacao_numero_operacoes,2.2,Fundo de Investimento Imobiliário,ultimos_12_meses,ORIZ ASSESSORIA FINANCEIRA LTDA,7.0,1.0,
originacao_numero_operacoes,2.2,Fundo de Investimento Imobiliário,ultimos_12_meses,RIO BRAVO,7.0,1.0,
originacao_numero_operacoes,2.2,Fundo de Investimento Imobiliário,ultimos_12_meses,TERRA,7.0,1.0,
originacao_numero_operacoes,2.2,Fundo de Investimento Imobiliário,ultimos_3_meses,XP INVESTIMENTOS,1.0,10.0,
originacao_numero_operacoes,2.2,Fundo de Investimento Imobiliário,ultimos_3_meses,ITAU BBA,2.0,2.0,
originacao_numero_operacoes,2.2,Fundo de Investimento Imobiliário,ultimos_3_meses,MAX CAPITAL MARKETS,2.0,2.0,
originacao_numero_operacoes,2.2,Fundo de Investimento Imobiliário,ultimos_3_meses,BR PARTNERS,4.0,1.0,
originacao_numero_operacoes,2.2,Fundo de Investimento Imobiliário,ultimos_3_meses,BRADESCO BBI,4.0,1.0,
originacao_numero_operacoes,2.2,Fundo de Investimento Imobiliário,ultimos_3_meses,BTG PACTUAL,4.0,1.0,
originacao_numero_operacoes,2.2,Fundo de Investimento Imobiliário,ultimos_3_meses,HEDGE DTVM,4.0,1.0,
originacao_numero_operacoes,2.2,Fundo de Investimento Imobiliário,ultimos_3_meses,KEA CAPITAL MARKETS,4.0,1.0,
originacao_numero_operacoes,2.2,Fundo de Investimento Imobiliário,ultimos_3_meses,M7 IB,4.0,1.0,
originacao_numero_operacoes,2.2,Fundo de Investimento Imobiliário,ultimos_3_meses,TERRA,4.0,1.0,
originacao_numero_operacoes,2.2,Fundo de Investimento Imobiliário,ultimos_3_meses,ABC BRASIL,,0.0,
originacao_numero_operacoes,2.2,Fundo de Investimento Imobiliário,ultimos_3_meses,ORIZ ASSESSORIA FINANCEIRA LTDA,,0.0,
originacao_numero_operacoes,2.2,Fundo de Investimento Imobiliário,ultimos_3_meses,RIO BRAVO,,0.0,
originacao_numero_operacoes,2.3,Certificado de Potencial Adicional de Construção,acumulado_ano,BB-BI,,0.0,
originacao_numero_operacoes,2.3,Certificado de Potencial Adicional de Construção,ultimos_12_meses,BB-BI,1.0,1.0,
originacao_numero_operacoes,2.3,Certificado de Potencial Adicional de Construção,ultimos_3_meses,BB-BI,,0.0,
originacao_numero_operacoes,2.4,Fundo de Investimento em Participações de Infraestrutura,acumulado_ano,XP INVESTIMENTOS,1.0,4.0,
originacao_numero_operacoes,2.4,Fundo de Investimento em Participações de Infraestrutura,acumulado_ano,ITAU BBA,2.0,1.0,
originacao_numero_operacoes,2.4,Fundo de Investimento em Participações de Infraestrutura,ultimos_12_meses,XP INVESTIMENTOS,1.0,5.0,
originacao_numero_operacoes,2.4,Fundo de Investimento em Participações de Infraestrutura,ultimos_12_meses,ITAU BBA,2.0,2.0,
originacao_numero_operacoes,2.4,Fundo de Investimento em Participações de Infraestrutura,ultimos_3_meses,XP INVESTIMENTOS,1.0,2.0,
originacao_numero_operacoes,2.4,Fundo de Investimento em Participações de Infraestrutura,ultimos_3_meses,ITAU BBA,2.0,1.0,
originacao_numero_operacoes,2.5,Fundo de Investimento nas Cadeias Produtivas Agroindustriais,acumulado_ano,ITAU BBA,1.0,5.0,
originacao_numero_operacoes,2.5,Fundo de Investimento nas Cadeias Produtivas Agroindustriais,acumulado_ano,XP INVESTIMENTOS,2.0,4.0,
originacao_numero_operacoes,2.5,Fundo de Investimento nas Cadeias Produtivas Agroindustriais,acumulado_ano,VOTORANTIM,3.0,2.0,
originacao_numero_operacoes,2.5,Fundo de Investimento nas Cadeias Produtivas Agroindustriais,acumulado_ano,FATOR,4.0,1.0,
originacao_numero_operacoes,2.5,Fundo de Investimento nas Cadeias Produtivas Agroindustriais,acumulado_ano,KEA CAPITAL MARKETS,4.0,1.0,
originacao_numero_operacoes,2.5,Fundo de Investimento nas Cadeias Produtivas Agroindustriais,acumulado_ano,SAFRA,,0.0,
originacao_numero_operacoes,2.5,Fundo de Investimento nas Cadeias Produtivas Agroindustriais,ultimos_12_meses,ITAU BBA,1.0,9.0,
originacao_numero_operacoes,2.5,Fundo de Investimento nas Cadeias Produtivas Agroindustriais,ultimos_12_meses,VOTORANTIM,2.0,5.0,
originacao_numero_operacoes,2.5,Fundo de Investimento nas Cadeias Produtivas Agroindustriais,ultimos_12_meses,XP INVESTIMENTOS,3.0,4.0,
originacao_numero_operacoes,2.5,Fundo de Investimento nas Cadeias Produtivas Agroindustriais,ultimos_12_meses,FATOR,4.0,1.0,
originacao_numero_operacoes,2.5,Fundo de Investimento nas Cadeias Produtivas Agroindustriais,ultimos_12_meses,KEA CAPITAL MARKETS,4.0,1.0,
originacao_numero_operacoes,2.5,Fundo de Investimento nas Cadeias Produtivas Agroindustriais,ultimos_12_meses,SAFRA,4.0,1.0,
originacao_numero_operacoes,2.5,Fundo de Investimento nas Cadeias Produtivas Agroindustriais,ultimos_3_meses,XP INVESTIMENTOS,1.0,2.0,
originacao_numero_operacoes,2.5,Fundo de Investimento nas Cadeias Produtivas Agroindustriais,ultimos_3_meses,ITAU BBA,2.0,1.0,
originacao_numero_operacoes,2.5,Fundo de Investimento nas Cadeias Produtivas Agroindustriais,ultimos_3_meses,KEA CAPITAL MARKETS,2.0,1.0,
originacao_numero_operacoes,2.5,Fundo de Investimento nas Cadeias Produtivas Agroindustriais,ultimos_3_meses,VOTORANTIM,2.0,1.0,
originacao_numero_operacoes,2.5,Fundo de Investimento nas Cadeias Produtivas Agroindustriais,ultimos_3_meses,FATOR,,0.0,
originacao_numero_operacoes,2.5,Fundo de Investimento nas Cadeias Produtivas Agroindustriais,ultimos_3_meses,SAFRA,,0.0,
originacao_numero_operacoes,3,Operações de Empresas Ligadas,acumulado_ano,XP INVESTIMENTOS,1.0,25.0,
originacao_numero_operacoes,3,Operações de Empresas Ligadas,acumulado_ano,ITAU BBA,2.0,20.0,
originacao_numero_operacoes,3,Operações de Empresas Ligadas,acumulado_ano,BTG PACTUAL,3.0,12.0,
originacao_numero_operacoes,3,Operações de Empresas Ligadas,acumulado_ano,INTER,3.0,12.0,
originacao_numero_operacoes,3,Operações de Empresas Ligadas,acumulado_ano,SAFRA,5.0,5.0,
originacao_numero_operacoes,3,Operações de Empresas Ligadas,acumulado_ano,BRADESCO BBI,6.0,4.0,
originacao_numero_operacoes,3,Operações de Empresas Ligadas,acumulado_ano,BR PARTNERS,7.0,3.0,
originacao_numero_operacoes,3,Operações de Empresas Ligadas,acumulado_ano,FATOR,7.0,3.0,
originacao_numero_operacoes,3,Operações de Empresas Ligadas,acumulado_ano,VOTORANTIM,9.0,2.0,
originacao_numero_operacoes,3,Operações de Empresas Ligadas,acumulado_ano,ABC BRASIL,10.0,1.0,
originacao_numero_operacoes,3,Operações de Empresas Ligadas,acumulado_ano,GALAPAGOS CAPITAL INVESTIMENTOS E PARTICIPAÇÕES LTDA.,10.0,1.0,
originacao_numero_operacoes,3,Operações de Empresas Ligadas,acumulado_ano,HEDGE DTVM,10.0,1.0,
originacao_numero_operacoes,3,Operações de Empresas Ligadas,acumulado_ano,M7 IB,10.0,1.0,
originacao_numero_operacoes,3,Operações de Empresas Ligadas,acumulado_ano,SANTANDER,10.0,1.0,
originacao_numero_operacoes,3,Operações de Empresas Ligadas,acumulado_ano,UBS BB,10.0,1.0,
originacao_numero_operacoes,3,Operações de Empresas Ligadas,acumulado_ano,DAYCOVAL,,0.0,
originacao_numero_operacoes,3,Operações de Empresas Ligadas,acumulado_ano,ORIZ ASSESSORIA FINANCEIRA LTDA,,0.0,
originacao_numero_operacoes,3,Operações de Empresas Ligadas,ultimos_12_meses,XP INVESTIMENTOS,1.0,47.0,
originacao_numero_operacoes,3,Operações de Empresas Ligadas,ultimos_12_meses,ITAU BBA,2.0,31.0,
originacao_numero_operacoes,3,Operações de Empresas Ligadas,ultimos_12_meses,INTER,3.0,19.0,
originacao_numero_operacoes,3,Operações de Empresas Ligadas,ultimos_12_meses,BTG PACTUAL,4.0,18.0,
originacao_numero_operacoes,3,Operações de Empresas Ligadas,ultimos_12_meses,BRADESCO BBI,5.0,10.0,
originacao_numero_operacoes,3,Operações de Empresas Ligadas,ultimos_12_meses,SAFRA,6.0,9.0,
originacao_numero_operacoes,3,Operações de Empresas Ligadas,ultimos_12_meses,GALAPAGOS CAPITAL INVESTIMENTOS E PARTICIPAÇÕES LTDA.,7.0,5.0,
originacao_numero_operacoes,3,Operações de Empresas Ligadas,ultimos_12_meses,VOTORANTIM,8.0,4.0,
originacao_numero_operacoes,3,Operações de Empresas Ligadas,ultimos_12_meses,BR PARTNERS,9.0,3.0,
originacao_numero_operacoes,3,Operações de Empresas Ligadas,ultimos_12_meses,FATOR,9.0,3.0,
originacao_numero_operacoes,3,Operações de Empresas Ligadas,ultimos_12_meses,UBS BB,9.0,3.0,
originacao_numero_operacoes,3,Operações de Empresas Ligadas,ultimos_12_meses,DAYCOVAL,12.0,2.0,
originacao_numero_operacoes,3,Operações de Empresas Ligadas,ultimos_12_meses,SANTANDER,12.0,2.0,
originacao_numero_operacoes,3,Operações de Empresas Ligadas,ultimos_12_meses,ABC BRASIL,14.0,1.0,
originacao_numero_operacoes,3,Operações de Empresas Ligadas,ultimos_12_meses,HEDGE DTVM,14.0,1.0,
originacao_numero_operacoes,3,Operações de Empresas Ligadas,ultimos_12_meses,M7 IB,14.0,1.0,
originacao_numero_operacoes,3,Operações de Empresas Ligadas,ultimos_12_meses,ORIZ ASSESSORIA FINANCEIRA LTDA,14.0,1.0,
originacao_numero_operacoes,3,Operações de Empresas Ligadas,ultimos_3_meses,XP INVESTIMENTOS,1.0,12.0,
originacao_numero_operacoes,3,Operações de Empresas Ligadas,ultimos_3_meses,INTER,2.0,8.0,
originacao_numero_operacoes,3,Operações de Empresas Ligadas,ultimos_3_meses,ITAU BBA,2.0,8.0,
originacao_numero_operacoes,3,Operações de Empresas Ligadas,ultimos_3_meses,BTG PACTUAL,4.0,5.0,
originacao_numero_operacoes,3,Operações de Empresas Ligadas,ultimos_3_meses,BRADESCO BBI,5.0,3.0,
originacao_numero_operacoes,3,Operações de Empresas Ligadas,ultimos_3_meses,ABC BRASIL,6.0,1.0,
originacao_numero_operacoes,3,Operações de Empresas Ligadas,ultimos_3_meses,BR PARTNERS,6.0,1.0,
originacao_numero_operacoes,3,Operações de Empresas Ligadas,ultimos_3_meses,FATOR,6.0,1.0,
originacao_numero_operacoes,3,Operações de Empresas Ligadas,ultimos_3_meses,HEDGE DTVM,6.0,1.0,
originacao_numero_operacoes,3,Operações de Empresas Ligadas,ultimos_3_meses,M7 IB,6.0,1.0,
originacao_numero_operacoes,3,Operações de Empresas Ligadas,ultimos_3_meses,SAFRA,6.0,1.0,
originacao_numero_operacoes,3,Operações de Empresas Ligadas,ultimos_3_meses,UBS BB,6.0,1.0,
originacao_numero_operacoes,3,Operações de Empresas Ligadas,ultimos_3_meses,VOTORANTIM,6.0,1.0,
originacao_numero_operacoes,3,Operações de Empresas Ligadas,ultimos_3_meses,DAYCOVAL,,0.0,
originacao_numero_operacoes,3,Operações de Empresas Ligadas,ultimos_3_meses,GALAPAGOS CAPITAL INVESTIMENTOS E PARTICIPAÇÕES LTDA.,,0.0,
originacao_numero_operacoes,3,Operações de Empresas Ligadas,ultimos_3_meses,ORIZ ASSESSORIA FINANCEIRA LTDA,,0.0,
originacao_numero_operacoes,3,Operações de Empresas Ligadas,ultimos_3_meses,SANTANDER,,0.0,
originacao_valor,1,Renda Fixa Consolidado,acumulado_ano,BRADESCO BBI,1.0,71832564304.59,0.2622802952771355
originacao_valor,1,Renda Fixa Consolidado,acumulado_ano,ITAU BBA,2.0,67406675699.36,0.24612016816095428
originacao_valor,1,Renda Fixa Consolidado,acumulado_ano,SANTANDER,3.0,27190607624.27,0.09928032871301198
originacao_valor,1,Renda Fixa Consolidado,acumulado_ano,BTG PACTUAL,4.0,26365641195.629997,0.09626815114992314
originacao_valor,1,Renda Fixa Consolidado,acumulado_ano,XP INVESTIMENTOS,5.0,20534147746.28,0.0749757771603666
originacao_valor,1,Renda Fixa Consolidado,acumulado_ano,UBS BB,6.0,18952268723.55,0.06919990515592224
originacao_valor,1,Renda Fixa Consolidado,acumulado_ano,CEF,7.0,8347905870.0,0.030480482462595687
originacao_valor,1,Renda Fixa Consolidado,acumulado_ano,SAFRA,8.0,7647522394.49,0.027923191259889017
originacao_valor,1,Renda Fixa Consolidado,acumulado_ano,VOTORANTIM,9.0,4809861425.32,0.017562116667947256
originacao_valor,1,Renda Fixa Consolidado,acumulado_ano,ABC BRASIL,10.0,4790792791.139999,0.01749249188075387
originacao_valor,1,Renda Fixa Consolidado,acumulado_ano,BNDES,11.0,4053220000.0,0.014799412337772573
originacao_valor,1,Renda Fixa Consolidado,acumulado_ano,CITIGROUP,12.0,3079587061.1899996,0.01124441277518123
originacao_valor,1,Renda Fixa Consolidado,acumulado_ano,BR PARTNERS,13.0,2132000949.36,0.007784517286034616
originacao_valor,1,Renda Fixa Consolidado,acumulado_ano,BB-BI,14.0,1104652999.98,0.0040333895611048744
originacao_valor,1,Renda Fixa Consolidado,acumulado_ano,DAYCOVAL,15.0,1096352999.98,0.0040030839960470905
originacao_valor,1,Renda Fixa Consolidado,acumulado_ano,BNP PARIBAS,16.0,944200000.0,0.0034475318707903506
originacao_valor,1,Renda Fixa Consolidado,acumulado_ano,M7 IB,17.0,745098447.0,0.0027205577662665695
originacao_valor,1,Renda Fixa Consolidado,acumulado_ano,BOCOM BBM,18.0,648000000.0,0.00236602483824629
originacao_valor,1,Renda Fixa Consolidado,acumulado_ano,CANAL COMPANHIA DE SECURITIZAÇÃO,19.0,414130000.0,0.001512101645467494
originacao_valor,1,Renda Fixa Consolidado,acumulado_ano,INTER,20.0,405199999.99,0.0014794957784471242
originacao_valor,1,Renda Fixa Consolidado,acumulado_ano,One Corporate,21.0,310761944.0,0.001134676664021146
originacao_valor,1,Renda Fixa Consolidado,acumulado_ano,ASA ASSET 2 GESTÃO DE RECURSOS LTDA,22.0,209004000.0,0.0007631306408839932
originacao_valor,1,Renda Fixa Consolidado,acumulado_ano,OPEA SECURITIZADORA,23.0,126500000.0,0.00046188602166382053
originacao_valor,1,Renda Fixa Consolidado,acumulado_ano,RABOBANK,24.0,119772936.10000001,0.00043732367555908295
originacao_valor,1,Renda Fixa Consolidado,acumulado_ano,KEA CAPITAL MARKETS,25.0,100000000.0,0.00036512728985282255
originacao_valor,1,Renda Fixa Consolidado,acumulado_ano,MAX CAPITAL MARKETS,25.0,100000000.0,0.00036512728985282255
originacao_valor,1,Renda Fixa Consolidado,acumulado_ano,BANCO PINE,27.0,89500000.0,0.0003267889244182762
originacao_valor,1,Renda Fixa Consolidado,acumulado_ano,TERRA,28.0,88205000.0,0.0003220605260146821
originacao_valor,1,Renda Fixa Consolidado,acumulado_ano,BAMBOO SEC,29.0,84735507.4,0.0003093924617126579
originacao_valor,1,Renda Fixa Consolidado,acumulado_ano,EQI Investimentos CTVM,30.0,75281344.0,0.0002748727311119804
originacao_valor,1,Renda Fixa Consolidado,acumulado_ano,ARCHX CAPITAL,31.0,29827000.009999998,0.00010890651678091411
originacao_valor,1,Renda Fixa Consolidado,acumulado_ano,HEDGE DTVM,32.0,20000000.0,7.30254579705645e-05
originacao_valor,1,Renda Fixa Consolidado,acumulado_ano,GALAPAGOS CAPITAL INVESTIMENTOS E PARTICIPAÇÕES LTDA.,33.0,14703000.0,5.3684665427060495e-05
originacao_valor,1,Renda Fixa Consolidado,acumulado_ano,GENIAL CV,34.0,8358999.979999999,3.052099008577197e-05
originacao_valor,1,Renda Fixa Consolidado,acumulado_ano,JIVE HIGH YIELD GESTÃO DE RECURSOS LTDA.,35.0,11064.85,4.040078693128003e-08
originacao_valor,1,Renda Fixa Consolidado,acumulado_ano,BANCO BS2,,0.0,
originacao_valor,1,Renda Fixa Consolidado,acumulado_ano,BANCO SUMITOMO MITSUI BRASILEIRO,,0.0,
originacao_valor,1,Renda Fixa Consolidado,acumulado_ano,CREDIT AGRICOLE,,0.0,
originacao_valor,1,Renda Fixa Consolidado,acumulado_ano,EXES SERVIÇOS FINANCEIROS,,0.0,
originacao_valor,1,Renda Fixa Consolidado,acumulado_ano,JGP FINANCIAL ADVISORY,,0.0,
originacao_valor,1,Renda Fixa Consolidado,acumulado_ano,JP MORGAN,,0.0,
originacao_valor,1,Renda Fixa Consolidado,acumulado_ano,ORIZ ASSESSORIA FINANCEIRA LTDA,,0.0,
originacao_valor,1,Renda Fixa Consolidado,ultimos_12_meses,ITAU BBA,1.0,133124311206.58,0.2551090742160844
originacao_valor,1,Renda Fixa Consolidado,ultimos_12_meses,BRADESCO BBI,2.0,109023115251.31001,0.20892341712668672
originacao_valor,1,Renda Fixa Consolidado,ultimos_12_meses,BTG PACTUAL,3.0,51065890528.899994,0.09785870017860179
originacao_valor,1,Renda Fixa Consolidado,ultimos_12_meses,SANTANDER,4.0,48233774598.990005,0.09243145352167223
originacao_valor,1,Renda Fixa Consolidado,ultimos_12_meses,XP INVESTIMENTOS,5.0,48187515605.23999,0.09234280638455072
originacao_valor,1,Renda Fixa Consolidado,ultimos_12_meses,UBS BB,6.0,39234968964.6,0.07518684242372388
originacao_valor,1,Renda Fixa Consolidado,ultimos_12_meses,BNDES,7.0,22733220000.0,0.04356417438397925
originacao_valor,1,Renda Fixa Consolidado,ultimos_12_meses,SAFRA,8.0,14114835227.74,0.02704857223316357
originacao_valor,1,Renda Fixa Consolidado,ultimos_12_meses,CEF,9.0,12045938470.0,0.023083899426731638
originacao_valor,1,Renda Fixa Consolidado,ultimos_12_meses,VOTORANTIM,10.0,10496803473.98,0.02011525762803615
originacao_valor,1,Renda Fixa Consolidado,ultimos_12_meses,ABC BRASIL,11.0,8194254291.129999,0.015702831490015823
originacao_valor,1,Renda Fixa Consolidado,ultimos_12_meses,BR PARTNERS,12.0,4269949564.37,0.008182599184497881
originacao_valor,1,Renda Fixa Consolidado,ultimos_12_meses,CITIGROUP,13.0,3674723541.1899996,0.007041954336487084
originacao_valor,1,Renda Fixa Consolidado,ultimos_12_meses,BNP PARIBAS,14.0,3123600000.0,0.005985824054216586
originacao_valor,1,Renda Fixa Consolidado,ultimos_12_meses,BB-BI,15.0,2575600083.25,0.00493567964283522
originacao_valor,1,Renda Fixa Consolidado,ultimos_12_meses,DAYCOVAL,16.0,2190683999.92,0.004198056403479492
originacao_valor,1,Renda Fixa Consolidado,ultimos_12_meses,GALAPAGOS CAPITAL INVESTIMENTOS E PARTICIPAÇÕES LTDA.,17.0,2177872000.0,0.004173504483482132
originacao_valor,1,Renda Fixa Consolidado,ultimos_12_meses,M7 IB,18.0,1152059821.0,0.0022077178218844456
originacao_valor,1,Renda Fixa Consolidado,ultimos_12_meses,BOCOM BBM,19.0,825666666.66,0.0015822433711289077
originacao_valor,1,Renda Fixa Consolidado,ultimos_12_meses,CANAL COMPANHIA DE SECURITIZAÇÃO,20.0,724511000.0,0.0013883965204714154
originacao_valor,1,Renda Fixa Consolidado,ultimos_12_meses,INTER,21.0,692699999.96,0.0013274363945820196
originacao_valor,1,Renda Fixa Consolidado,ultimos_12_meses,JP MORGAN,22.0,600000000.0,0.0011497933258195518
originacao_valor,1,Renda Fixa Consolidado,ultimos_12_meses,OPEA SECURITIZADORA,23.0,513768000.0,0.0009845450290327659
originacao_valor,1,Renda Fixa Consolidado,ultimos_12_meses,One Corporate,24.0,380761944.0,0.0007296625698954632
originacao_valor,1,Renda Fixa Consolidado,ultimos_12_meses,MAX CAPITAL MARKETS,25.0,302088000.0,0.0005788979436836279
originacao_valor,1,Renda Fixa Consolidado,ultimos_12_meses,ARCHX CAPITAL,26.0,280827000.01,0.0005381550172023754
originacao_valor,1,Renda Fixa Consolidado,ultimos_12_meses,BANCO SUMITOMO MITSUI BRASILEIRO,27.0,277500000.0,0.0005317794131915426
originacao_valor,1,Renda Fixa Consolidado,ultimos_12_meses,CREDIT AGRICOLE,28.0,250000000.0,0.0004790805524248132
originacao_valor,1,Renda Fixa Consolidado,ultimos_12_meses,RABOBANK,29.0,242814357.58,0.00046531054626441015
originacao_valor,1,Renda Fixa Consolidado,ultimos_12_meses,ASA ASSET 2 GESTÃO DE RECURSOS LTDA,30.0,209004000.0,0.00040051900711598267
originacao_valor,1,Renda Fixa Consolidado,ultimos_12_meses,KEA CAPITAL MARKETS,31.0,192278000.0,0.00036846660183655294
originacao_valor,1,Renda Fixa Consolidado,ultimos_12_meses,ORIZ ASSESSORIA FINANCEIRA LTDA,32.0,175000000.0,0.00033535638669736925
originacao_valor,1,Renda Fixa Consolidado,ultimos_12_meses,JGP FINANCIAL ADVISORY,33.0,89999000.0,0.00017246708255072305
originacao_valor,1,Renda Fixa Consolidado,ultimos_12_meses,BANCO PINE,34.0,89500000.0,0.00017151083776808314
originacao_valor,1,Renda Fixa Consolidado,ultimos_12_meses,TERRA,35.0,88205000.0,0.0001690292005065226
originacao_valor,1,Renda Fixa Consolidado,ultimos_12_meses,BAMBOO SEC,36.0,84735507.4,0.0001623805347807554
originacao_valor,1,Renda Fixa Consolidado,ultimos_12_meses,EQI Investimentos CTVM,37.0,75281344.0,0.00014426331148320958
originacao_valor,1,Renda Fixa Consolidado,ultimos_12_meses,BANCO BS2,38.0,40000000.0,7.665288838797012e-05
originacao_valor,1,Renda Fixa Consolidado,ultimos_12_meses,EXES SERVIÇOS FINANCEIROS,38.0,40000000.0,7.665288838797012e-05
originacao_valor,1,Renda Fixa Consolidado,ultimos_12_meses,HEDGE DTVM,40.0,20000000.0,3.832644419398506e-05
originacao_valor,1,Renda Fixa Consolidado,ultimos_12_meses,GENIAL CV,41.0,19144999.970000003,3.668798864720253e-05
originacao_valor,1,Renda Fixa Consolidado,ultimos_12_meses,JIVE HIGH YIELD GESTÃO DE RECURSOS LTDA.,42.0,11064.85,2.120381780199078e-08
originacao_valor,1,Renda Fixa Consolidado,ultimos_3_meses,BRADESCO BBI,1.0,30303556056.13,0.3279688123645541
originacao_valor,1,Renda Fixa Consolidado,ultimos_3_meses,ITAU BBA,2.0,23771170490.269993,0.2572702206885756
originacao_valor,1,Renda Fixa Consolidado,ultimos_3_meses,SANTANDER,3.0,11229827007.0,0.12153798120996949
originacao_valor,1,Renda Fixa Consolidado,ultimos_3_meses,UBS BB,4.0,6741104350.0,0.07295750979191763
originacao_valor,1,Renda Fixa Consolidado,ultimos_3_meses,XP INVESTIMENTOS,5.0,4590681999.99,0.049683955265556815
originacao_valor,1,Renda Fixa Consolidado,ultimos_3_meses,BTG PACTUAL,6.0,4531890028.99,0.04904766251926242
originacao_valor,1,Renda Fixa Consolidado,ultimos_3_meses,CEF,7.0,2661558250.0,0.028805467473016374
originacao_valor,1,Renda Fixa Consolidado,ultimos_3_meses,BNDES,8.0,2132000000.0,0.02307417342921986
originacao_valor,1,Renda Fixa Consolidado,ultimos_3_meses,SAFRA,9.0,2008405999.98,0.021736542382656782
originacao_valor,1,Renda Fixa Consolidado,ultimos_3_meses,VOTORANTIM,10.0,1634060403.8400002,0.01768508121577167
originacao_valor,1,Renda Fixa Consolidado,ultimos_3_meses,ABC BRASIL,11.0,770549479.94,0.008339489838616666
originacao_valor,1,Renda Fixa Consolidado,ultimos_3_meses,BR PARTNERS,12.0,401544405.6699999,0.004345827981220728
originacao_valor,1,Renda Fixa Consolidado,ultimos_3_meses,BB-BI,13.0,294652999.98,0.003188965489201893
originacao_valor,1,Renda Fixa Consolidado,ultimos_3_meses,CANAL COMPANHIA DE SECURITIZAÇÃO,14.0,273630000.0,0.00296143812168735
originacao_valor,1,Renda Fixa Consolidado,ultimos_3_meses,BOCOM BBM,15.0,270000000.0,0.002922151419272684
originacao_valor,1,Renda Fixa Consolidado,ultimos_3_meses,BNP PARIBAS,16.0,257000000.0,0.0027814552398262213
originacao_valor,1,Renda Fixa Consolidado,ultimos_3_meses,CITIGROUP,17.0,192000000.0,0.0020779743425939088
originacao_valor,1,Renda Fixa Consolidado,ultimos_3_meses,DAYCOVAL,18.0,166249999.99,0.0017992876793513416
originacao_valor,1,Renda Fixa Consolidado,ultimos_3_meses,BANCO PINE,19.0,89500000.0,0.000968639081573723
originacao_valor,1,Renda Fixa Consolidado,ultimos_3_meses,INTER,20.0,30200000.0,0.00032684804763716686
originacao_valor,1,Renda Fixa Consolidado,ultimos_3_meses,HEDGE DTVM,21.0,20000000.0,0.0002164556606868655
originacao_valor,1,Renda Fixa Consolidado,ultimos_3_meses,BAMBOO SEC,22.0,19735507.4,0.00021359311466287613
originacao_valor,1,Renda Fixa Consolidado,ultimos_3_meses,GENIAL CV,23.0,8358999.979999999,9.046764316761975e-05
originacao_valor,1,Renda Fixa Consolidado,ultimos_3_meses,ARCHX CAPITAL,,0.0,
originacao_valor,1,Renda Fixa Consolidado,ultimos_3_meses,ASA ASSET 2 GESTÃO DE RECURSOS LTDA,,0.0,
originacao_valor,1,Renda Fixa Consolidado,ultimos_3_meses,BANCO BS2,,0.0,
originacao_valor,1,Renda Fixa Consolidado,ultimos_3_meses,BANCO SUMITOMO MITSUI BRASILEIRO,,0.0,
originacao_valor,1,Renda Fixa Consolidado,ultimos_3_meses,CREDIT AGRICOLE,,0.0,
originacao_valor,1,Renda Fixa Consolidado,ultimos_3_meses,EQI Investimentos CTVM,,0.0,
originacao_valor,1,Renda Fixa Consolidado,ultimos_3_meses,EXES SERVIÇOS FINANCEIROS,,0.0,
originacao_valor,1,Renda Fixa Consolidado,ultimos_3_meses,GALAPAGOS CAPITAL INVESTIMENTOS E PARTICIPAÇÕES LTDA.,,0.0,
originacao_valor,1,Renda Fixa Consolidado,ultimos_3_meses,JGP FINANCIAL ADVISORY,,0.0,
originacao_valor,1,Renda Fixa Consolidado,ultimos_3_meses,JIVE HIGH YIELD GESTÃO DE RECURSOS LTDA.,,0.0,
originacao_valor,1,Renda Fixa Consolidado,ultimos_3_meses,JP MORGAN,,0.0,
originacao_valor,1,Renda Fixa Consolidado,ultimos_3_meses,KEA CAPITAL MARKETS,,0.0,
originacao_valor,1,Renda Fixa Consolidado,ultimos_3_meses,M7 IB,,0.0,
originacao_valor,1,Renda Fixa Consolidado,ultimos_3_meses,MAX CAPITAL MARKETS,,0.0,
originacao_valor,1,Renda Fixa Consolidado,ultimos_3_meses,OPEA SECURITIZADORA,,0.0,
originacao_valor,1,Renda Fixa Consolidado,ultimos_3_meses,ORIZ ASSESSORIA FINANCEIRA LTDA,,0.0,
originacao_valor,1,Renda Fixa Consolidado,ultimos_3_meses,One Corporate,,0.0,
originacao_valor,1,Renda Fixa Consolidado,ultimos_3_meses,RABOBANK,,0.0,
originacao_valor,1,Renda Fixa Consolidado,ultimos_3_meses,TERRA,,0.0,
originacao_valor,1.1,Renda Fixa - Curto Prazo,acumulado_ano,BRADESCO BBI,1.0,8539604460.000001,0.70755414992
originacao_valor,1.1,Renda Fixa - Curto Prazo,acumulado_ano,ITAU BBA,2.0,1451584111.6,0.12027188928
originacao_valor,1.1,Renda Fixa - Curto Prazo,acumulado_ano,BTG PACTUAL,3.0,1300000000.0,0.10771229501
originacao_valor,1.1,Renda Fixa - Curto Prazo,acumulado_ano,BNP PARIBAS,4.0,257000000.0,0.02129389217
originacao_valor,1.1,Renda Fixa - Curto Prazo,acumulado_ano,CEF,5.0,200000000.0,0.01657112231
originacao_valor,1.1,Renda Fixa - Curto Prazo,acumulado_ano,UBS BB,6.0,176000000.0,0.01458258763
originacao_valor,1.1,Renda Fixa - Curto Prazo,acumulado_ano,SANTANDER,7.0,145000000.0,0.01201406367
originacao_valor,1.1,Renda Fixa - Curto Prazo,acumulado_ano,XP INVESTIMENTOS,,0.0,
originacao_valor,1.1,Renda Fixa - Curto Prazo,ultimos_12_meses,BRADESCO BBI,1.0,11920604460.0,0.53200006337
originacao_valor,1.1,Renda Fixa - Curto Prazo,ultimos_12_meses,ITAU BBA,2.0,7387984111.6,0.32971549628
originacao_valor,1.1,Renda Fixa - Curto Prazo,ultimos_12_meses,BTG PACTUAL,3.0,1300000000.0,0.0580171991
originacao_valor,1.1,Renda Fixa - Curto Prazo,ultimos_12_meses,UBS BB,4.0,829000000.0,0.03699712158
originacao_valor,1.1,Renda Fixa - Curto Prazo,ultimos_12_meses,SANTANDER,5.0,352560000.0,0.0157342644
originacao_valor,1.1,Renda Fixa - Curto Prazo,ultimos_12_meses,BNP PARIBAS,6.0,257000000.0,0.01146955398
originacao_valor,1.1,Renda Fixa - Curto Prazo,ultimos_12_meses,CEF,7.0,200000000.0,0.00892572294
originacao_valor,1.1,Renda Fixa - Curto Prazo,ultimos_12_meses,XP INVESTIMENTOS,8.0,160000000.0,0.00714057835
originacao_valor,1.1,Renda Fixa - Curto Prazo,ultimos_3_meses,BRADESCO BBI,1.0,1996794460.0,0.58887229897
originacao_valor,1.1,Renda Fixa - Curto Prazo,ultimos_3_meses,ITAU BBA,2.0,986584111.6,0.29095235667
originacao_valor,1.1,Renda Fixa - Curto Prazo,ultimos_3_meses,BNP PARIBAS,3.0,257000000.0,0.07579156687
originacao_valor,1.1,Renda Fixa - Curto Prazo,ultimos_3_meses,UBS BB,4.0,150500000.0,0.04438377748
originacao_valor,1.1,Renda Fixa - Curto Prazo,ultimos_3_meses,BTG PACTUAL,,0.0,
originacao_valor,1.1,Renda Fixa - Curto Prazo,ultimos_3_meses,CEF,,0.0,
originacao_valor,1.1,Renda Fixa - Curto Prazo,ultimos_3_meses,SANTANDER,,0.0,
originacao_valor,1.1,Renda Fixa - Curto Prazo,ultimos_3_meses,XP INVESTIMENTOS,,0.0,
originacao_valor,1.2,Renda Fixa - Longo Prazo,acumulado_ano,BRADESCO BBI,1.0,55646592887.72,0.26199371504260444
originacao_valor,1.2,Renda Fixa - Longo Prazo,acumulado_ano,ITAU BBA,2.0,45631775380.57,0.21484223445751072
originacao_valor,1.2,Renda Fixa - Longo Prazo,acumulado_ano,SANTANDER,3.0,23650186504.280003,0.1113491393122498
originacao_valor,1.2,Renda Fixa - Longo Prazo,acumulado_ano,BTG PACTUAL,4.0,22530403566.649998,0.10607700895086433
originacao_valor,1.2,Renda Fixa - Longo Prazo,acumulado_ano,XP INVESTIMENTOS,5.0,17352225996.3,0.08169725974423021
originacao_valor,1.2,Renda Fixa - Longo Prazo,acumulado_ano,UBS BB,6.0,15184682516.66,0.07149209282784606
originacao_valor,1.2,Renda Fixa - Longo Prazo,acumulado_ano,CEF,7.0,7655058250.0,0.03604132878057347
originacao_valor,1.2,Renda Fixa - Longo Prazo,acumulado_ano,SAFRA,8.0,5612449394.51,0.026424375528672876
originacao_valor,1.2,Renda Fixa - Longo Prazo,acumulado_ano,BNDES,9.0,4053220000.0,0.019083255785806205
originacao_valor,1.2,Renda Fixa - Longo Prazo,acumulado_ano,VOTORANTIM,10.0,4039740403.8399997,0.019019791532345832
originacao_valor,1.2,Renda Fixa - Longo Prazo,acumulado_ano,ABC BRASIL,11.0,3366711311.2,0.01585105499050054
originacao_valor,1.2,Renda Fixa - Longo Prazo,acumulado_ano,CITIGROUP,12.0,3079587061.1899996,0.01449922471599074
originacao_valor,1.2,Renda Fixa - Longo Prazo,acumulado_ano,DAYCOVAL,13.0,921093000.0,0.004336664015650666
originacao_valor,1.2,Renda Fixa - Longo Prazo,acumulado_ano,M7 IB,14.0,736443687.0,0.003467303341753767
originacao_valor,1.2,Renda Fixa - Longo Prazo,acumulado_ano,BNP PARIBAS,15.0,687200000.0,0.003235455607148396
originacao_valor,1.2,Renda Fixa - Longo Prazo,acumulado_ano,BR PARTNERS,16.0,661517000.0,0.003114535632820119
originacao_valor,1.2,Renda Fixa - Longo Prazo,acumulado_ano,BOCOM BBM,17.0,558000000.0,0.002627159820705479
originacao_valor,1.2,Renda Fixa - Longo Prazo,acumulado_ano,BB-BI,18.0,360000000.0,0.0016949418198099865
originacao_valor,1.2,Renda Fixa - Longo Prazo,acumulado_ano,INTER,19.0,350000000.0,0.0016478601025930425
originacao_valor,1.2,Renda Fixa - Longo Prazo,acumulado_ano,RABOBANK,20.0,119772936.10000001,0.0005639115507703312
originacao_valor,1.2,Renda Fixa - Longo Prazo,acumulado_ano,KEA CAPITAL MARKETS,21.0,100000000.0,0.0004708171721694407
originacao_valor,1.2,Renda Fixa - Longo Prazo,acumulado_ano,MAX CAPITAL MARKETS,21.0,100000000.0,0.0004708171721694407
originacao_valor,1.2,Renda Fixa - Longo Prazo,acumulado_ano,JIVE HIGH YIELD GESTÃO DE RECURSOS LTDA.,23.0,11064.85,5.209521387479036e-08
originacao_valor,1.2,Renda Fixa - Longo Prazo,acumulado_ano,ARCHX CAPITAL,,0.0,
originacao_valor,1.2,Renda Fixa - Longo Prazo,acumulado_ano,BANCO SUMITOMO MITSUI BRASILEIRO,,0.0,
originacao_valor,1.2,Renda Fixa - Longo Prazo,acumulado_ano,CREDIT AGRICOLE,,0.0,
originacao_valor,1.2,Renda Fixa - Longo Prazo,acumulado_ano,GALAPAGOS CAPITAL INVESTIMENTOS E PARTICIPAÇÕES LTDA.,,0.0,
originacao_valor,1.2,Renda Fixa - Longo Prazo,acumulado_ano,JGP FINANCIAL ADVISORY,,0.0,
originacao_valor,1.2,Renda Fixa - Longo Prazo,acumulado_ano,JP MORGAN,,0.0,
originacao_valor,1.2,Renda Fixa - Longo Prazo,acumulado_ano,ORIZ ASSESSORIA FINANCEIRA LTDA,,0.0,
originacao_valor,1.2,Renda Fixa - Longo Prazo,acumulado_ano,One Corporate,,0.0,
originacao_valor,1.2,Renda Fixa - Longo Prazo,ultimos_12_meses,ITAU BBA,1.0,94748091030.78001,0.23521615244297484
originacao_valor,1.2,Renda Fixa - Longo Prazo,ultimos_12_meses,BRADESCO BBI,2.0,84148825695.47002,0.20890302693542348
originacao_valor,1.2,Renda Fixa - Longo Prazo,ultimos_12_meses,BTG PACTUAL,3.0,42355205899.97,0.10514859412296186
originacao_valor,1.2,Renda Fixa - Longo Prazo,ultimos_12_meses,SANTANDER,4.0,41518398312.409996,0.10307118381379786
originacao_valor,1.2,Renda Fixa - Longo Prazo,ultimos_12_meses,XP INVESTIMENTOS,5.0,33452331246.3,0.08304683039414913
originacao_valor,1.2,Renda Fixa - Longo Prazo,ultimos_12_meses,UBS BB,6.0,33227917757.72,0.08248971439565429
originacao_valor,1.2,Renda Fixa - Longo Prazo,ultimos_12_meses,BNDES,7.0,22733220000.0,0.05643618233218628
originacao_valor,1.2,Renda Fixa - Longo Prazo,ultimos_12_meses,CEF,8.0,10972222850.0,0.027239008347782697
originacao_valor,1.2,Renda Fixa - Longo Prazo,ultimos_12_meses,SAFRA,9.0,9178016061.17,0.022784813936429782
originacao_valor,1.2,Renda Fixa - Longo Prazo,ultimos_12_meses,VOTORANTIM,10.0,8159373292.5,0.020255990081998992
originacao_valor,1.2,Renda Fixa - Longo Prazo,ultimos_12_meses,ABC BRASIL,11.0,5935211311.2,0.014734413679141694
originacao_valor,1.2,Renda Fixa - Longo Prazo,ultimos_12_meses,CITIGROUP,12.0,3674723541.1899996,0.009122656965928103
originacao_valor,1.2,Renda Fixa - Longo Prazo,ultimos_12_meses,BNP PARIBAS,13.0,2611600000.0,0.006483407708135393
originacao_valor,1.2,Renda Fixa - Longo Prazo,ultimos_12_meses,DAYCOVAL,14.0,1778535000.0,0.004415288531240841
originacao_valor,1.2,Renda Fixa - Longo Prazo,ultimos_12_meses,GALAPAGOS CAPITAL INVESTIMENTOS E PARTICIPAÇÕES LTDA.,15.0,1727443000.0,0.004288450475403786
originacao_valor,1.2,Renda Fixa - Longo Prazo,ultimos_12_meses,BR PARTNERS,16.0,1727222000.0,0.004287901833535392
originacao_valor,1.2,Renda Fixa - Longo Prazo,ultimos_12_meses,M7 IB,17.0,1086443687.0,0.002697142508328548
originacao_valor,1.2,Renda Fixa - Longo Prazo,ultimos_12_meses,BOCOM BBM,18.0,735666666.66,0.0018263236855727198
originacao_valor,1.2,Renda Fixa - Longo Prazo,ultimos_12_meses,JP MORGAN,19.0,600000000.0,0.0014895254345540037
originacao_valor,1.2,Renda Fixa - Longo Prazo,ultimos_12_meses,INTER,20.0,575000000.0,0.00142746187478092
originacao_valor,1.2,Renda Fixa - Longo Prazo,ultimos_12_meses,BB-BI,21.0,550000000.0,0.0013653983150078367
originacao_valor,1.2,Renda Fixa - Longo Prazo,ultimos_12_meses,BANCO SUMITOMO MITSUI BRASILEIRO,22.0,277500000.0,0.0006889055134812267
originacao_valor,1.2,Renda Fixa - Longo Prazo,ultimos_12_meses,CREDIT AGRICOLE,23.0,250000000.0,0.0006206355977308349
originacao_valor,1.2,Renda Fixa - Longo Prazo,ultimos_12_meses,RABOBANK,24.0,242814357.58,0.000602796935817168
originacao_valor,1.2,Renda Fixa - Longo Prazo,ultimos_12_meses,MAX CAPITAL MARKETS,25.0,182088000.0,0.00045204117887844903
originacao_valor,1.2,Renda Fixa - Longo Prazo,ultimos_12_meses,KEA CAPITAL MARKETS,26.0,100000000.0,0.00024825423909233393
originacao_valor,1.2,Renda Fixa - Longo Prazo,ultimos_12_meses,JGP FINANCIAL ADVISORY,27.0,89999000.0,0.0002234263326407096
originacao_valor,1.2,Renda Fixa - Longo Prazo,ultimos_12_meses,ARCHX CAPITAL,28.0,80000000.0,0.00019860339127386714
originacao_valor,1.2,Renda Fixa - Longo Prazo,ultimos_12_meses,One Corporate,29.0,70000000.0,0.00017377796736463375
originacao_valor,1.2,Renda Fixa - Longo Prazo,ultimos_12_meses,ORIZ ASSESSORIA FINANCEIRA LTDA,30.0,25000000.0,6.206355977308348e-05
originacao_valor,1.2,Renda Fixa - Longo Prazo,ultimos_12_meses,JIVE HIGH YIELD GESTÃO DE RECURSOS LTDA.,31.0,11064.85,2.746895917420811e-08
originacao_valor,1.2,Renda Fixa - Longo Prazo,ultimos_3_meses,BRADESCO BBI,1.0,27373799596.15,0.3802361085901958
originacao_valor,1.2,Renda Fixa - Longo Prazo,ultimos_3_meses,ITAU BBA,2.0,14412914584.699999,0.20020277184684243
originacao_valor,1.2,Renda Fixa - Longo Prazo,ultimos_3_meses,SANTANDER,3.0,8424577006.999999,0.11702169318543021
originacao_valor,1.2,Renda Fixa - Longo Prazo,ultimos_3_meses,UBS BB,4.0,6346604350.0,0.088157587781311
originacao_valor,1.2,Renda Fixa - Longo Prazo,ultimos_3_meses,BTG PACTUAL,5.0,4399216400.0,0.061107370897003056
originacao_valor,1.2,Renda Fixa - Longo Prazo,ultimos_3_meses,XP INVESTIMENTOS,6.0,3244579000.0,0.04506886552742149
originacao_valor,1.2,Renda Fixa - Longo Prazo,ultimos_3_meses,CEF,7.0,2242558250.0,0.031150283659809073
originacao_valor,1.2,Renda Fixa - Longo Prazo,ultimos_3_meses,BNDES,8.0,2132000000.0,0.02961457289357498
originacao_valor,1.2,Renda Fixa - Longo Prazo,ultimos_3_meses,VOTORANTIM,9.0,1385408403.8400002,0.019244032909423565
originacao_valor,1.2,Renda Fixa - Longo Prazo,ultimos_3_meses,SAFRA,10.0,1133333000.0,0.015742576332642595
originacao_valor,1.2,Renda Fixa - Longo Prazo,ultimos_3_meses,ABC BRASIL,11.0,444593000.0,0.006175624674705994
originacao_valor,1.2,Renda Fixa - Longo Prazo,ultimos_3_meses,CITIGROUP,12.0,192000000.0,0.002666978421935458
originacao_valor,1.2,Renda Fixa - Longo Prazo,ultimos_3_meses,BOCOM BBM,13.0,180000000.0,0.0025002922705644917
originacao_valor,1.2,Renda Fixa - Longo Prazo,ultimos_3_meses,DAYCOVAL,14.0,80000000.0,0.001111241009139774
originacao_valor,1.2,Renda Fixa - Longo Prazo,ultimos_3_meses,ARCHX CAPITAL,,0.0,
originacao_valor,1.2,Renda Fixa - Longo Prazo,ultimos_3_meses,BANCO SUMITOMO MITSUI BRASILEIRO,,0.0,
originacao_valor,1.2,Renda Fixa - Longo Prazo,ultimos_3_meses,BB-BI,,0.0,
originacao_valor,1.2,Renda Fixa - Longo Prazo,ultimos_3_meses,BNP PARIBAS,,0.0,
originacao_valor,1.2,Renda Fixa - Longo Prazo,ultimos_3_meses,BR PARTNERS,,0.0,
originacao_valor,1.2,Renda Fixa - Longo Prazo,ultimos_3_meses,CREDIT AGRICOLE,,0.0,
originacao_valor,1.2,Renda Fixa - Longo Prazo,ultimos_3_meses,GALAPAGOS CAPITAL INVESTIMENTOS E PARTICIPAÇÕES LTDA.,,0.0,
originacao_valor,1.2,Renda Fixa - Longo Prazo,ultimos_3_meses,INTER,,0.0,
originacao_valor,1.2,Renda Fixa - Longo Prazo,ultimos_3_meses,JGP FINANCIAL ADVISORY,,0.0,
originacao_valor,1.2,Renda Fixa - Longo Prazo,ultimos_3_meses,JIVE HIGH YIELD GESTÃO DE RECURSOS LTDA.,,0.0,
originacao_valor,1.2,Renda Fixa - Longo Prazo,ultimos_3_meses,JP MORGAN,,0.0,
originacao_valor,1.2,Renda Fixa - Longo Prazo,ultimos_3_meses,KEA CAPITAL MARKETS,,0.0,
originacao_valor,1.2,Renda Fixa - Longo Prazo,ultimos_3_meses,M7 IB,,0.0,
originacao_valor,1.2,Renda Fixa - Longo Prazo,ultimos_3_meses,MAX CAPITAL MARKETS,,0.0,
originacao_valor,1.2,Renda Fixa - Longo Prazo,ultimos_3_meses,ORIZ ASSESSORIA FINANCEIRA LTDA,,0.0,
originacao_valor,1.2,Renda Fixa - Longo Prazo,ultimos_3_meses,One Corporate,,0.0,
originacao_valor,1.2,Renda Fixa - Longo Prazo,ultimos_3_meses,RABOBANK,,0.0,
originacao_valor,1.3,Securitização,acumulado_ano,ITAU BBA,1.0,20323316207.19001,0.41130964746011733
originacao_valor,1.3,Securitização,acumulado_ano,BRADESCO BBI,2.0,7646366956.870001,0.15474957262477856
originacao_valor,1.3,Securitização,acumulado_ano,UBS BB,3.0,3591586206.89,0.07268764809435582
originacao_valor,1.3,Securitização,acumulado_ano,SANTANDER,4.0,3395421119.9900002,0.06871759754186393
originacao_valor,1.3,Securitização,acumulado_ano,XP INVESTIMENTOS,5.0,3181921749.98,0.06439673033119173
originacao_valor,1.3,Securitização,acumulado_ano,BTG PACTUAL,6.0,2535237628.98,0.05130893426902819
originacao_valor,1.3,Securitização,acumulado_ano,SAFRA,7.0,2035072999.98,0.041186445639282344
originacao_valor,1.3,Securitização,acumulado_ano,BR PARTNERS,8.0,1470483949.36,0.029760115359177802
originacao_valor,1.3,Securitização,acumulado_ano,ABC BRASIL,9.0,1424081479.94,0.02882100762971843
originacao_valor,1.3,Securitização,acumulado_ano,VOTORANTIM,10.0,770121021.48,0.015585950767941163
originacao_valor,1.3,Securitização,acumulado_ano,BB-BI,11.0,744652999.98,0.01507052096121672
originacao_valor,1.3,Securitização,acumulado_ano,CEF,12.0,492847620.0,0.009974404706749668
originacao_valor,1.3,Securitização,acumulado_ano,CANAL COMPANHIA DE SECURITIZAÇÃO,13.0,414130000.0,0.008381292824760399
originacao_valor,1.3,Securitização,acumulado_ano,One Corporate,14.0,310761944.0,0.006289297687817336
originacao_valor,1.3,Securitização,acumulado_ano,ASA ASSET 2 GESTÃO DE RECURSOS LTDA,15.0,209004000.0,0.004229888502514241
originacao_valor,1.3,Securitização,acumulado_ano,DAYCOVAL,16.0,175259999.98,0.0035469668468835432
originacao_valor,1.3,Securitização,acumulado_ano,OPEA SECURITIZADORA,17.0,126500000.0,0.0025601466745519296
originacao_valor,1.3,Securitização,acumulado_ano,BOCOM BBM,18.0,90000000.0,0.001821448226953942
originacao_valor,1.3,Securitização,acumulado_ano,BANCO PINE,19.0,89500000.0,0.0018113290701375312
originacao_valor,1.3,Securitização,acumulado_ano,TERRA,20.0,88205000.0,0.0017851204539830272
originacao_valor,1.3,Securitização,acumulado_ano,BAMBOO SEC,21.0,84735507.4,0.0017149037745974737
originacao_valor,1.3,Securitização,acumulado_ano,EQI Investimentos CTVM,22.0,75281344.0,0.0015235674505723307
originacao_valor,1.3,Securitização,acumulado_ano,INTER,23.0,55199999.989999995,0.0011171549123293678
originacao_valor,1.3,Securitização,acumulado_ano,ARCHX CAPITAL,24.0,29827000.009999998,0.0006036481809285523
originacao_valor,1.3,Securitização,acumulado_ano,HEDGE DTVM,25.0,20000000.0,0.00040476627265643154
originacao_valor,1.3,Securitização,acumulado_ano,GALAPAGOS CAPITAL INVESTIMENTOS E PARTICIPAÇÕES LTDA.,26.0,14703000.0,0.00029756392534337564
originacao_valor,1.3,Securitização,acumulado_ano,M7 IB,27.0,8654760.0,0.00017515774729679888
originacao_valor,1.3,Securitização,acumulado_ano,GENIAL CV,28.0,8358999.979999999,0.00016917206325198927
originacao_valor,1.3,Securitização,acumulado_ano,BANCO BS2,,0.0,
originacao_valor,1.3,Securitização,acumulado_ano,BNP PARIBAS,,0.0,
originacao_valor,1.3,Securitização,acumulado_ano,EXES SERVIÇOS FINANCEIROS,,0.0,
originacao_valor,1.3,Securitização,acumulado_ano,KEA CAPITAL MARKETS,,0.0,
originacao_valor,1.3,Securitização,acumulado_ano,MAX CAPITAL MARKETS,,0.0,
originacao_valor,1.3,Securitização,acumulado_ano,ORIZ ASSESSORIA FINANCEIRA LTDA,,0.0,
originacao_valor,1.3,Securitização,ultimos_12_meses,ITAU BBA,1.0,30988236064.20001,0.3207463467911319
originacao_valor,1.3,Securitização,ultimos_12_meses,XP INVESTIMENTOS,2.0,14575184358.94,0.1508616730314023
originacao_valor,1.3,Securitização,ultimos_12_meses,BRADESCO BBI,3.0,12953685095.84,0.13407820836802684
originacao_valor,1.3,Securitização,ultimos_12_meses,BTG PACTUAL,4.0,7410684628.929999,0.0767049152790122
originacao_valor,1.3,Securitização,ultimos_12_meses,SANTANDER,5.0,6362816286.579999,0.06585886576426972
originacao_valor,1.3,Securitização,ultimos_12_meses,UBS BB,6.0,5178051206.88,0.05359585504200101
originacao_valor,1.3,Securitização,ultimos_12_meses,SAFRA,7.0,4936819166.57,0.051098962495484214
originacao_valor,1.3,Securitização,ultimos_12_meses,BR PARTNERS,8.0,2542727564.37,0.02631871576901403
originacao_valor,1.3,Securitização,ultimos_12_meses,VOTORANTIM,9.0,2337430181.48,0.024193767920052053
originacao_valor,1.3,Securitização,ultimos_12_meses,ABC BRASIL,10.0,2259042979.93,0.023382414589702638
originacao_valor,1.3,Securitização,ultimos_12_meses,BB-BI,11.0,2025600083.25,0.02096614423022412
originacao_valor,1.3,Securitização,ultimos_12_meses,CEF,12.0,873715620.0,0.00904346709728034
originacao_valor,1.3,Securitização,ultimos_12_meses,CANAL COMPANHIA DE SECURITIZAÇÃO,13.0,724511000.0,0.007499112113982438
originacao_valor,1.3,Securitização,ultimos_12_meses,OPEA SECURITIZADORA,14.0,513768000.0,0.005317798946567449
originacao_valor,1.3,Securitização,ultimos_12_meses,GALAPAGOS CAPITAL INVESTIMENTOS E PARTICIPAÇÕES LTDA.,15.0,450429000.0,0.004662203293516586
originacao_valor,1.3,Securitização,ultimos_12_meses,DAYCOVAL,16.0,412148999.91999996,0.004265982929266524
originacao_valor,1.3,Securitização,ultimos_12_meses,One Corporate,17.0,310761944.0,0.0032165676695248687
originacao_valor,1.3,Securitização,ultimos_12_meses,BNP PARIBAS,18.0,255000000.0,0.0026393989726388165
originacao_valor,1.3,Securitização,ultimos_12_meses,ASA ASSET 2 GESTÃO DE RECURSOS LTDA,19.0,209004000.0,0.0021633135014800125
originacao_valor,1.3,Securitização,ultimos_12_meses,ARCHX CAPITAL,20.0,200827000.01,0.002078676774527567
originacao_valor,1.3,Securitização,ultimos_12_meses,ORIZ ASSESSORIA FINANCEIRA LTDA,21.0,150000000.0,0.0015525876309640098
originacao_valor,1.3,Securitização,ultimos_12_meses,MAX CAPITAL MARKETS,22.0,120000000.0,0.0012420701047712078
originacao_valor,1.3,Securitização,ultimos_12_meses,INTER,23.0,117699999.96000001,0.001218263760682403
originacao_valor,1.3,Securitização,ultimos_12_meses,KEA CAPITAL MARKETS,24.0,92278000.0,0.0009551312094006459
originacao_valor,1.3,Securitização,ultimos_12_meses,BOCOM BBM,25.0,90000000.0,0.0009315525785784059
originacao_valor,1.3,Securitização,ultimos_12_meses,BANCO PINE,26.0,89500000.0,0.0009263772864751925
originacao_valor,1.3,Securitização,ultimos_12_meses,TERRA,27.0,88205000.0,0.0009129732799278698
originacao_valor,1.3,Securitização,ultimos_12_meses,BAMBOO SEC,28.0,84735507.4,0.0008770620046179955
originacao_valor,1.3,Securitização,ultimos_12_meses,EQI Investimentos CTVM,29.0,75281344.0,0.0007792058902449777
originacao_valor,1.3,Securitização,ultimos_12_meses,M7 IB,30.0,65616134.00000001,0.0006791653202671801
originacao_valor,1.3,Securitização,ultimos_12_meses,BANCO BS2,31.0,40000000.0,0.0004140233682570693
originacao_valor,1.3,Securitização,ultimos_12_meses,EXES SERVIÇOS FINANCEIROS,31.0,40000000.0,0.0004140233682570693
originacao_valor,1.3,Securitização,ultimos_12_meses,HEDGE DTVM,33.0,20000000.0,0.00020701168412853464
originacao_valor,1.3,Securitização,ultimos_12_meses,GENIAL CV,34.0,19144999.970000003,0.00019816193432152225
originacao_valor,1.3,Securitização,ultimos_3_meses,ITAU BBA,1.0,8371671793.97,0.49201096645413805
originacao_valor,1.3,Securitização,ultimos_3_meses,SANTANDER,2.0,2805250000.0,0.16486716125680176
originacao_valor,1.3,Securitização,ultimos_3_meses,XP INVESTIMENTOS,3.0,1346102999.99,0.07911172992339931
originacao_valor,1.3,Securitização,ultimos_3_meses,BRADESCO BBI,4.0,932961999.98,0.05483104767745154
originacao_valor,1.3,Securitização,ultimos_3_meses,SAFRA,5.0,875072999.98,0.051428857106915936
originacao_valor,1.3,Securitização,ultimos_3_meses,CEF,6.0,419000000.0,0.024625021144853376
originacao_valor,1.3,Securitização,ultimos_3_meses,BR PARTNERS,7.0,401544405.6699999,0.023599139570933958
originacao_valor,1.3,Securitização,ultimos_3_meses,ABC BRASIL,8.0,325956479.94,0.01915676661294624
originacao_valor,1.3,Securitização,ultimos_3_meses,BB-BI,9.0,294652999.98,0.017317031873274418
originacao_valor,1.3,Securitização,ultimos_3_meses,CANAL COMPANHIA DE SECURITIZAÇÃO,10.0,273630000.0,0.016081490539060214
originacao_valor,1.3,Securitização,ultimos_3_meses,VOTORANTIM,11.0,248652000.0,0.01461351016159924
originacao_valor,1.3,Securitização,ultimos_3_meses,UBS BB,12.0,244000000.0,0.014340107778864495
originacao_valor,1.3,Securitização,ultimos_3_meses,BTG PACTUAL,13.0,132673628.99,0.007797353029220004
originacao_valor,1.3,Securitização,ultimos_3_meses,BOCOM BBM,14.0,90000000.0,0.0052893840167942815
originacao_valor,1.3,Securitização,ultimos_3_meses,BANCO PINE,15.0,89500000.0,0.005259998550034313
originacao_valor,1.3,Securitização,ultimos_3_meses,DAYCOVAL,16.0,86249999.99000001,0.005068993015506811
originacao_valor,1.3,Securitização,ultimos_3_meses,INTER,17.0,30200000.0,0.001774882192302081
originacao_valor,1.3,Securitização,ultimos_3_meses,HEDGE DTVM,18.0,20000000.0,0.001175418670398729
originacao_valor,1.3,Securitização,ultimos_3_meses,BAMBOO SEC,19.0,19735507.4,0.0011598741933876138
originacao_valor,1.3,Securitização,ultimos_3_meses,GENIAL CV,20.0,8358999.979999999,0.0004912662321177301
originacao_valor,1.3,Securitização,ultimos_3_meses,ARCHX CAPITAL,,0.0,
originacao_valor,1.3,Securitização,ultimos_3_meses,ASA ASSET 2 GESTÃO DE RECURSOS LTDA,,0.0,
originacao_valor,1.3,Securitização,ultimos_3_meses,BANCO BS2,,0.0,
originacao_valor,1.3,Securitização,ultimos_3_meses,BNP PARIBAS,,0.0,
originacao_valor,1.3,Securitização,ultimos_3_meses,EQI Investimentos CTVM,,0.0,
originacao_valor,1.3,Securitização,ultimos_3_meses,EXES SERVIÇOS FINANCEIROS,,0.0,
originacao_valor,1.3,Securitização,ultimos_3_meses,GALAPAGOS CAPITAL INVESTIMENTOS E PARTICIPAÇÕES LTDA.,,0.0,
originacao_valor,1.3,Securitização,ultimos_3_meses,KEA CAPITAL MARKETS,,0.0,
originacao_valor,1.3,Securitização,ultimos_3_meses,M7 IB,,0.0,
originacao_valor,1.3,Securitização,ultimos_3_meses,MAX CAPITAL MARKETS,,0.0,
originacao_valor,1.3,Securitização,ultimos_3_meses,OPEA SECURITIZADORA,,0.0,
originacao_valor,1.3,Securitização,ultimos_3_meses,ORIZ ASSESSORIA FINANCEIRA LTDA,,0.0,
originacao_valor,1.3,Securitização,ultimos_3_meses,One Corporate,,0.0,
originacao_valor,1.3,Securitização,ultimos_3_meses,TERRA,,0.0,
originacao_valor,1.3.1,Emissão de Cotas Seniores e Subordinadas de FIDC,acumulado_ano,ITAU BBA,1.0,17132771207.230001,0.5030216403634544
originacao_valor,1.3.1,Emissão de Cotas Seniores e Subordinadas de FIDC,acumulado_ano,BRADESCO BBI,2.0,5752586206.89,0.16889709873093173
originacao_valor,1.3.1,Emissão de Cotas Seniores e Subordinadas de FIDC,acumulado_ano,UBS BB,3.0,3441586206.89,0.10104566962941094
originacao_valor,1.3.1,Emissão de Cotas Seniores e Subordinadas de FIDC,acumulado_ano,SANTANDER,4.0,2093250000.0,0.061458244901236865
originacao_valor,1.3.1,Emissão de Cotas Seniores e Subordinadas de FIDC,acumulado_ano,ABC BRASIL,5.0,1235019000.0,0.03626040853203423
originacao_valor,1.3.1,Emissão de Cotas Seniores e Subordinadas de FIDC,acumulado_ano,BTG PACTUAL,6.0,1020000000.0,0.029947407046106104
originacao_valor,1.3.1,Emissão de Cotas Seniores e Subordinadas de FIDC,acumulado_ano,SAFRA,6.0,1020000000.0,0.029947407046106104
originacao_valor,1.3.1,Emissão de Cotas Seniores e Subordinadas de FIDC,acumulado_ano,VOTORANTIM,8.0,700121021.48,0.020555695305683484
originacao_valor,1.3.1,Emissão de Cotas Seniores e Subordinadas de FIDC,acumulado_ano,BR PARTNERS,9.0,666440875.4,0.019566839380163802
originacao_valor,1.3.1,Emissão de Cotas Seniores e Subordinadas de FIDC,acumulado_ano,XP INVESTIMENTOS,10.0,548250000.0,0.01609673128728203
originacao_valor,1.3.1,Emissão de Cotas Seniores e Subordinadas de FIDC,acumulado_ano,CEF,11.0,200000000.0,0.005872040597275707
originacao_valor,1.3.1,Emissão de Cotas Seniores e Subordinadas de FIDC,acumulado_ano,DAYCOVAL,12.0,135123000.0,0.003967238708128426
originacao_valor,1.3.1,Emissão de Cotas Seniores e Subordinadas de FIDC,acumulado_ano,BAMBOO SEC,13.0,84735507.4,0.0024878516974177803
originacao_valor,1.3.1,Emissão de Cotas Seniores e Subordinadas de FIDC,acumulado_ano,ARCHX CAPITAL,14.0,29827000.009999998,0.0008757267747683145
originacao_valor,1.3.1,Emissão de Cotas Seniores e Subordinadas de FIDC,acumulado_ano,BNP PARIBAS,,0.0,
originacao_valor,1.3.1,Emissão de Cotas Seniores e Subordinadas de FIDC,acumulado_ano,KEA CAPITAL MARKETS,,0.0,
originacao_valor,1.3.1,Emissão de Cotas Seniores e Subordinadas de FIDC,acumulado_ano,ORIZ ASSESSORIA FINANCEIRA LTDA,,0.0,
originacao_valor,1.3.1,Emissão de Cotas Seniores e Subordinadas de FIDC,ultimos_12_meses,ITAU BBA,1.0,20287514427.23,0.43140378165554405
originacao_valor,1.3.1,Emissão de Cotas Seniores e Subordinadas de FIDC,ultimos_12_meses,BRADESCO BBI,2.0,7224636206.889999,0.15362825209157283
originacao_valor,1.3.1,Emissão de Cotas Seniores e Subordinadas de FIDC,ultimos_12_meses,SANTANDER,3.0,4208101000.0,0.08948314942671588
originacao_valor,1.3.1,Emissão de Cotas Seniores e Subordinadas de FIDC,ultimos_12_meses,UBS BB,4.0,4091396206.89,0.0870014807498766
originacao_valor,1.3.1,Emissão de Cotas Seniores e Subordinadas de FIDC,ultimos_12_meses,XP INVESTIMENTOS,5.0,2051614700.0,0.04362655382229345
originacao_valor,1.3.1,Emissão de Cotas Seniores e Subordinadas de FIDC,ultimos_12_meses,VOTORANTIM,6.0,1785430181.48,0.037966274032002395
originacao_valor,1.3.1,Emissão de Cotas Seniores e Subordinadas de FIDC,ultimos_12_meses,ABC BRASIL,7.0,1688619000.0,0.03590763299212437
originacao_valor,1.3.1,Emissão de Cotas Seniores e Subordinadas de FIDC,ultimos_12_meses,BTG PACTUAL,8.0,1620000000.0,0.03444848449960677
originacao_valor,1.3.1,Emissão de Cotas Seniores e Subordinadas de FIDC,ultimos_12_meses,SAFRA,8.0,1620000000.0,0.03444848449960677
originacao_valor,1.3.1,Emissão de Cotas Seniores e Subordinadas de FIDC,ultimos_12_meses,BR PARTNERS,10.0,1331466977.5400002,0.02831297502316356
originacao_valor,1.3.1,Emissão de Cotas Seniores e Subordinadas de FIDC,ultimos_12_meses,BNP PARIBAS,11.0,255000000.0,0.005422446634197361
originacao_valor,1.3.1,Emissão de Cotas Seniores e Subordinadas de FIDC,ultimos_12_meses,ARCHX CAPITAL,12.0,200827000.01,0.004270485059843835
originacao_valor,1.3.1,Emissão de Cotas Seniores e Subordinadas de FIDC,ultimos_12_meses,CEF,13.0,200000000.0,0.004252899320939107
originacao_valor,1.3.1,Emissão de Cotas Seniores e Subordinadas de FIDC,ultimos_12_meses,ORIZ ASSESSORIA FINANCEIRA LTDA,14.0,150000000.0,0.00318967449070433
originacao_valor,1.3.1,Emissão de Cotas Seniores e Subordinadas de FIDC,ultimos_12_meses,DAYCOVAL,15.0,135123000.0,0.0028733225747162748
originacao_valor,1.3.1,Emissão de Cotas Seniores e Subordinadas de FIDC,ultimos_12_meses,KEA CAPITAL MARKETS,16.0,92278000.0,0.0019622452176880946
originacao_valor,1.3.1,Emissão de Cotas Seniores e Subordinadas de FIDC,ultimos_12_meses,BAMBOO SEC,17.0,84735507.4,0.0018018579094044535
originacao_valor,1.3.1,Emissão de Cotas Seniores e Subordinadas de FIDC,ultimos_3_meses,ITAU BBA,1.0,7023636794.0,0.6437115077624961
originacao_valor,1.3.1,Emissão de Cotas Seniores e Subordinadas de FIDC,ultimos_3_meses,SANTANDER,2.0,2093250000.0,0.191844930645462
originacao_valor,1.3.1,Emissão de Cotas Seniores e Subordinadas de FIDC,ultimos_3_meses,BRADESCO BBI,3.0,430000000.0,0.039409205865304504
originacao_valor,1.3.1,Emissão de Cotas Seniores e Subordinadas de FIDC,ultimos_3_meses,BR PARTNERS,4.0,270624875.40000004,0.024802584713746467
originacao_valor,1.3.1,Emissão de Cotas Seniores e Subordinadas de FIDC,ultimos_3_meses,VOTORANTIM,5.0,248652000.0,0.022788785713534175
originacao_valor,1.3.1,Emissão de Cotas Seniores e Subordinadas de FIDC,ultimos_3_meses,UBS BB,6.0,244000000.0,0.02236243309566116
originacao_valor,1.3.1,Emissão de Cotas Seniores e Subordinadas de FIDC,ultimos_3_meses,CEF,7.0,200000000.0,0.018329863193164885
originacao_valor,1.3.1,Emissão de Cotas Seniores e Subordinadas de FIDC,ultimos_3_meses,XP INVESTIMENTOS,8.0,173250000.0,0.01587824399107908
originacao_valor,1.3.1,Emissão de Cotas Seniores e Subordinadas de FIDC,ultimos_3_meses,ABC BRASIL,9.0,136894000.0,0.01254624145982557
originacao_valor,1.3.1,Emissão de Cotas Seniores e Subordinadas de FIDC,ultimos_3_meses,DAYCOVAL,10.0,71113000.0,0.006517457806277672
originacao_valor,1.3.1,Emissão de Cotas Seniores e Subordinadas de FIDC,ultimos_3_meses,BAMBOO SEC,11.0,19735507.4,0.001808745753448466
originacao_valor,1.3.1,Emissão de Cotas Seniores e Subordinadas de FIDC,ultimos_3_meses,ARCHX CAPITAL,,0.0,
originacao_valor,1.3.1,Emissão de Cotas Seniores e Subordinadas de FIDC,ultimos_3_meses,BNP PARIBAS,,0.0,
originacao_valor,1.3.1,Emissão de Cotas Seniores e Subordinadas de FIDC,ultimos_3_meses,BTG PACTUAL,,0.0,
originacao_valor,1.3.1,Emissão de Cotas Seniores e Subordinadas de FIDC,ultimos_3_meses,KEA CAPITAL MARKETS,,0.0,
originacao_valor,1.3.1,Emissão de Cotas Seniores e Subordinadas de FIDC,ultimos_3_meses,ORIZ ASSESSORIA FINANCEIRA LTDA,,0.0,
originacao_valor,1.3.1,Emissão de Cotas Seniores e Subordinadas de FIDC,ultimos_3_meses,SAFRA,,0.0,
originacao_valor,1.3.2,Emissão de Certificados de Recebíveis Imobiliários,acumulado_ano,ITAU BBA,1.0,1973515000.0,0.24791863396
originacao_valor,1.3.2,Emissão de Certificados de Recebíveis Imobiliários,acumulado_ano,XP INVESTIMENTOS,2.0,1641318750.0,0.206187185
originacao_valor,1.3.2,Emissão de Certificados de Recebíveis Imobiliários,acumulado_ano,BTG PACTUAL,3.0,948671629.0,0.11917486026
originacao_valor,1.3.2,Emissão de Certificados de Recebíveis Imobiliários,acumulado_ano,BR PARTNERS,4.0,804043073.96,0.10100620494
originacao_valor,1.3.2,Emissão de Certificados de Recebíveis Imobiliários,acumulado_ano,SANTANDER,5.0,473323500.0,0.05946026027
originacao_valor,1.3.2,Emissão de Certificados de Recebíveis Imobiliários,acumulado_ano,BRADESCO BBI,6.0,470818750.0,0.05914560636
originacao_valor,1.3.2,Emissão de Certificados de Recebíveis Imobiliários,acumulado_ano,SAFRA,7.0,367500000.0,0.04616640764
originacao_valor,1.3.2,Emissão de Certificados de Recebíveis Imobiliários,acumulado_ano,CEF,8.0,239000000.0,0.03002386783
originacao_valor,1.3.2,Emissão de Certificados de Recebíveis Imobiliários,acumulado_ano,ASA ASSET 2 GESTÃO DE RECURSOS LTDA,9.0,209004000.0,0.02625568398
originacao_valor,1.3.2,Emissão de Certificados de Recebíveis Imobiliários,acumulado_ano,ABC BRASIL,10.0,189062479.94,0.02375057284
originacao_valor,1.3.2,Emissão de Certificados de Recebíveis Imobiliários,acumulado_ano,CANAL COMPANHIA DE SECURITIZAÇÃO,11.0,172130000.0,0.02162346598
originacao_valor,1.3.2,Emissão de Certificados de Recebíveis Imobiliários,acumulado_ano,OPEA SECURITIZADORA,12.0,126500000.0,0.01589129406
originacao_valor,1.3.2,Emissão de Certificados de Recebíveis Imobiliários,acumulado_ano,BANCO PINE,13.0,89500000.0,0.01124324758
originacao_valor,1.3.2,Emissão de Certificados de Recebíveis Imobiliários,acumulado_ano,EQI Investimentos CTVM,14.0,75281344.0,0.00945705909
originacao_valor,1.3.2,Emissão de Certificados de Recebíveis Imobiliários,acumulado_ano,VOTORANTIM,15.0,70000000.0,0.00879360146
originacao_valor,1.3.2,Emissão de Certificados de Recebíveis Imobiliários,acumulado_ano,One Corporate,16.0,45761944.0,0.00574874711
originacao_valor,1.3.2,Emissão de Certificados de Recebíveis Imobiliários,acumulado_ano,INTER,17.0,30200000.0,0.00379381091
originacao_valor,1.3.2,Emissão de Certificados de Recebíveis Imobiliários,acumulado_ano,HEDGE DTVM,18.0,20000000.0,0.00251245756
originacao_valor,1.3.2,Emissão de Certificados de Recebíveis Imobiliários,acumulado_ano,GALAPAGOS CAPITAL INVESTIMENTOS E PARTICIPAÇÕES LTDA.,19.0,14703000.0,0.00184703317
originacao_valor,1.3.2,Emissão de Certificados de Recebíveis Imobiliários,acumulado_ano,BANCO BS2,,0.0,
originacao_valor,1.3.2,Emissão de Certificados de Recebíveis Imobiliários,acumulado_ano,DAYCOVAL,,0.0,
originacao_valor,1.3.2,Emissão de Certificados de Recebíveis Imobiliários,acumulado_ano,MAX CAPITAL MARKETS,,0.0,
originacao_valor,1.3.2,Emissão de Certificados de Recebíveis Imobiliários,acumulado_ano,UBS BB,,0.0,
originacao_valor,1.3.2,Emissão de Certificados de Recebíveis Imobiliários,ultimos_12_meses,XP INVESTIMENTOS,1.0,5882649351.879999,0.31212862446
originacao_valor,1.3.2,Emissão de Certificados de Recebíveis Imobiliários,ultimos_12_meses,ITAU BBA,2.0,4023581499.979999,0.21348798541
originacao_valor,1.3.2,Emissão de Certificados de Recebíveis Imobiliários,ultimos_12_meses,BRADESCO BBI,3.0,1508942249.98,0.08006325734
originacao_valor,1.3.2,Emissão de Certificados de Recebíveis Imobiliários,ultimos_12_meses,BTG PACTUAL,4.0,1198671629.0,0.06360054873
originacao_valor,1.3.2,Emissão de Certificados de Recebíveis Imobiliários,ultimos_12_meses,BR PARTNERS,5.0,1161260586.83,0.06161554904
originacao_valor,1.3.2,Emissão de Certificados de Recebíveis Imobiliários,ultimos_12_meses,SAFRA,6.0,852499999.99,0.04523296162
originacao_valor,1.3.2,Emissão de Certificados de Recebíveis Imobiliários,ultimos_12_meses,SANTANDER,7.0,553323500.0,0.02935889811
originacao_valor,1.3.2,Emissão de Certificados de Recebíveis Imobiliários,ultimos_12_meses,VOTORANTIM,8.0,552000000.0,0.02928867427
originacao_valor,1.3.2,Emissão de Certificados de Recebíveis Imobiliários,ultimos_12_meses,CANAL COMPANHIA DE SECURITIZAÇÃO,9.0,462511000.0,0.02454046019
originacao_valor,1.3.2,Emissão de Certificados de Recebíveis Imobiliários,ultimos_12_meses,ABC BRASIL,10.0,460991479.92999995,0.02445983568
originacao_valor,1.3.2,Emissão de Certificados de Recebíveis Imobiliários,ultimos_12_meses,GALAPAGOS CAPITAL INVESTIMENTOS E PARTICIPAÇÕES LTDA.,11.0,450429000.0,0.02389939903
originacao_valor,1.3.2,Emissão de Certificados de Recebíveis Imobiliários,ultimos_12_meses,OPEA SECURITIZADORA,12.0,411268000.0,0.02182154799
originacao_valor,1.3.2,Emissão de Certificados de Recebíveis Imobiliários,ultimos_12_meses,CEF,13.0,359000000.0,0.01904825011
originacao_valor,1.3.2,Emissão de Certificados de Recebíveis Imobiliários,ultimos_12_meses,ASA ASSET 2 GESTÃO DE RECURSOS LTDA,14.0,209004000.0,0.01108958347
originacao_valor,1.3.2,Emissão de Certificados de Recebíveis Imobiliários,ultimos_12_meses,DAYCOVAL,15.0,169999999.99,0.00902006273
originacao_valor,1.3.2,Emissão de Certificados de Recebíveis Imobiliários,ultimos_12_meses,UBS BB,15.0,169999999.99,0.00902006273
originacao_valor,1.3.2,Emissão de Certificados de Recebíveis Imobiliários,ultimos_12_meses,MAX CAPITAL MARKETS,17.0,120000000.0,0.0063671031
originacao_valor,1.3.2,Emissão de Certificados de Recebíveis Imobiliários,ultimos_12_meses,BANCO PINE,18.0,89500000.0,0.00474879773
originacao_valor,1.3.2,Emissão de Certificados de Recebíveis Imobiliários,ultimos_12_meses,EQI Investimentos CTVM,19.0,75281344.0,0.00399436732
originacao_valor,1.3.2,Emissão de Certificados de Recebíveis Imobiliários,ultimos_12_meses,One Corporate,20.0,45761944.0,0.0024280918
originacao_valor,1.3.2,Emissão de Certificados de Recebíveis Imobiliários,ultimos_12_meses,BANCO BS2,21.0,40000000.0,0.0021223677
originacao_valor,1.3.2,Emissão de Certificados de Recebíveis Imobiliários,ultimos_12_meses,INTER,22.0,30200000.0,0.00160238761
originacao_valor,1.3.2,Emissão de Certificados de Recebíveis Imobiliários,ultimos_12_meses,HEDGE DTVM,23.0,20000000.0,0.00106118385
originacao_valor,1.3.2,Emissão de Certificados de Recebíveis Imobiliários,ultimos_3_meses,ITAU BBA,1.0,804800000.0,0.26445675811
originacao_valor,1.3.2,Emissão de Certificados de Recebíveis Imobiliários,ultimos_3_meses,XP INVESTIMENTOS,2.0,660500000.0,0.21703987168
originacao_valor,1.3.2,Emissão de Certificados de Recebíveis Imobiliários,ultimos_3_meses,SAFRA,3.0,367500000.0,0.12076026169
originacao_valor,1.3.2,Emissão de Certificados de Recebíveis Imobiliários,ultimos_3_meses,CEF,4.0,219000000.0,0.07196325798
originacao_valor,1.3.2,Emissão de Certificados de Recebíveis Imobiliários,ultimos_3_meses,SANTANDER,5.0,207000000.0,0.06802006577
originacao_valor,1.3.2,Emissão de Certificados de Recebíveis Imobiliários,ultimos_3_meses,ABC BRASIL,6.0,189062479.94,0.06212580831
originacao_valor,1.3.2,Emissão de Certificados de Recebíveis Imobiliários,ultimos_3_meses,BR PARTNERS,7.0,130919530.27,0.04302007275
originacao_valor,1.3.2,Emissão de Certificados de Recebíveis Imobiliários,ultimos_3_meses,CANAL COMPANHIA DE SECURITIZAÇÃO,8.0,113630000.0,0.03733874431
originacao_valor,1.3.2,Emissão de Certificados de Recebíveis Imobiliários,ultimos_3_meses,BTG PACTUAL,9.0,111107629.0,0.03650989484
originacao_valor,1.3.2,Emissão de Certificados de Recebíveis Imobiliários,ultimos_3_meses,BRADESCO BBI,10.0,100000000.0,0.03285993515
originacao_valor,1.3.2,Emissão de Certificados de Recebíveis Imobiliários,ultimos_3_meses,BANCO PINE,11.0,89500000.0,0.02940964196
originacao_valor,1.3.2,Emissão de Certificados de Recebíveis Imobiliários,ultimos_3_meses,INTER,12.0,30200000.0,0.00992370042
originacao_valor,1.3.2,Emissão de Certificados de Recebíveis Imobiliários,ultimos_3_meses,HEDGE DTVM,13.0,20000000.0,0.00657198703
originacao_valor,1.3.2,Emissão de Certificados de Recebíveis Imobiliários,ultimos_3_meses,ASA ASSET 2 GESTÃO DE RECURSOS LTDA,,0.0,
originacao_valor,1.3.2,Emissão de Certificados de Recebíveis Imobiliários,ultimos_3_meses,BANCO BS2,,0.0,
originacao_valor,1.3.2,Emissão de Certificados de Recebíveis Imobiliários,ultimos_3_meses,DAYCOVAL,,0.0,
originacao_valor,1.3.2,Emissão de Certificados de Recebíveis Imobiliários,ultimos_3_meses,EQI Investimentos CTVM,,0.0,
originacao_valor,1.3.2,Emissão de Certificados de Recebíveis Imobiliários,ultimos_3_meses,GALAPAGOS CAPITAL INVESTIMENTOS E PARTICIPAÇÕES LTDA.,,0.0,
originacao_valor,1.3.2,Emissão de Certificados de Recebíveis Imobiliários,ultimos_3_meses,MAX CAPITAL MARKETS,,0.0,
originacao_valor,1.3.2,Emissão de Certificados de Recebíveis Imobiliários,ultimos_3_meses,OPEA SECURITIZADORA,,0.0,
originacao_valor,1.3.2,Emissão de Certificados de Recebíveis Imobiliários,ultimos_3_meses,One Corporate,,0.0,
originacao_valor,1.3.2,Emissão de Certificados de Recebíveis Imobiliários,ultimos_3_meses,UBS BB,,0.0,
originacao_valor,1.3.2,Emissão de Certificados de Recebíveis Imobiliários,ultimos_3_meses,VOTORANTIM,,0.0,
originacao_valor,1.3.3,Emissão de Certificados de Recebíveis do Agronegócio,acumulado_ano,BRADESCO BBI,1.0,1237961999.98,0.18845961505
originacao_valor,1.3.3,Emissão de Certificados de Recebíveis do Agronegócio,acumulado_ano,XP INVESTIMENTOS,2.0,992352999.98,0.15106963249
originacao_valor,1.3.3,Emissão de Certificados de Recebíveis do Agronegócio,acumulado_ano,SANTANDER,3.0,783847619.99,0.11932807366
originacao_valor,1.3.3,Emissão de Certificados de Recebíveis do Agronegócio,acumulado_ano,BB-BI,4.0,744652999.98,0.11336132912
originacao_valor,1.3.3,Emissão de Certificados de Recebíveis do Agronegócio,acumulado_ano,SAFRA,5.0,647572999.98,0.09858247531
originacao_valor,1.3.3,Emissão de Certificados de Recebíveis do Agronegócio,acumulado_ano,ITAU BBA,6.0,624686999.96,0.09509845338
originacao_valor,1.3.3,Emissão de Certificados de Recebíveis do Agronegócio,acumulado_ano,BTG PACTUAL,7.0,566565999.98,0.08625047478
originacao_valor,1.3.3,Emissão de Certificados de Recebíveis do Agronegócio,acumulado_ano,One Corporate,8.0,265000000.0,0.04034194748
originacao_valor,1.3.3,Emissão de Certificados de Recebíveis do Agronegócio,acumulado_ano,CANAL COMPANHIA DE SECURITIZAÇÃO,9.0,242000000.0,0.03684057091
originacao_valor,1.3.3,Emissão de Certificados de Recebíveis do Agronegócio,acumulado_ano,UBS BB,10.0,150000000.0,0.02283506461
originacao_valor,1.3.3,Emissão de Certificados de Recebíveis do Agronegócio,acumulado_ano,BOCOM BBM,11.0,90000000.0,0.01370103877
originacao_valor,1.3.3,Emissão de Certificados de Recebíveis do Agronegócio,acumulado_ano,TERRA,12.0,88205000.0,0.01342777916
originacao_valor,1.3.3,Emissão de Certificados de Recebíveis do Agronegócio,acumulado_ano,CEF,13.0,53847620.0,0.00819742588
originacao_valor,1.3.3,Emissão de Certificados de Recebíveis do Agronegócio,acumulado_ano,DAYCOVAL,14.0,40136999.980000004,0.00611020659
originacao_valor,1.3.3,Emissão de Certificados de Recebíveis do Agronegócio,acumulado_ano,INTER,15.0,24999999.990000002,0.0038058441
originacao_valor,1.3.3,Emissão de Certificados de Recebíveis do Agronegócio,acumulado_ano,M7 IB,16.0,8654760.0,0.00131754669
originacao_valor,1.3.3,Emissão de Certificados de Recebíveis do Agronegócio,acumulado_ano,GENIAL CV,17.0,8358999.979999999,0.00127252203
originacao_valor,1.3.3,Emissão de Certificados de Recebíveis do Agronegócio,acumulado_ano,ABC BRASIL,,0.0,
originacao_valor,1.3.3,Emissão de Certificados de Recebíveis do Agronegócio,acumulado_ano,BR PARTNERS,,0.0,
originacao_valor,1.3.3,Emissão de Certificados de Recebíveis do Agronegócio,acumulado_ano,EXES SERVIÇOS FINANCEIROS,,0.0,
originacao_valor,1.3.3,Emissão de Certificados de Recebíveis do Agronegócio,acumulado_ano,OPEA SECURITIZADORA,,0.0,
originacao_valor,1.3.3,Emissão de Certificados de Recebíveis do Agronegócio,ultimos_12_meses,XP INVESTIMENTOS,1.0,6640920307.059999,0.2323180218
originacao_valor,1.3.3,Emissão de Certificados de Recebíveis do Agronegócio,ultimos_12_meses,ITAU BBA,2.0,4898797136.99,0.17137366621
originacao_valor,1.3.3,Emissão de Certificados de Recebíveis do Agronegócio,ultimos_12_meses,BTG PACTUAL,3.0,4592012999.929999,0.16064149649
originacao_valor,1.3.3,Emissão de Certificados de Recebíveis do Agronegócio,ultimos_12_meses,BRADESCO BBI,4.0,4035106638.9700003,0.14115934972
originacao_valor,1.3.3,Emissão de Certificados de Recebíveis do Agronegócio,ultimos_12_meses,SAFRA,5.0,2464319166.58,0.08620879748
originacao_valor,1.3.3,Emissão de Certificados de Recebíveis do Agronegócio,ultimos_12_meses,BB-BI,6.0,2025600083.25,0.07086117323
originacao_valor,1.3.3,Emissão de Certificados de Recebíveis do Agronegócio,ultimos_12_meses,SANTANDER,7.0,1556391786.5800002,0.05444695077
originacao_valor,1.3.3,Emissão de Certificados de Recebíveis do Agronegócio,ultimos_12_meses,UBS BB,8.0,916655000.0,0.03206716335
originacao_valor,1.3.3,Emissão de Certificados de Recebíveis do Agronegócio,ultimos_12_meses,CEF,9.0,314715620.0,0.01100963524
originacao_valor,1.3.3,Emissão de Certificados de Recebíveis do Agronegócio,ultimos_12_meses,One Corporate,10.0,265000000.0,0.00927044339
originacao_valor,1.3.3,Emissão de Certificados de Recebíveis do Agronegócio,ultimos_12_meses,CANAL COMPANHIA DE SECURITIZAÇÃO,11.0,262000000.0,0.00916549498
originacao_valor,1.3.3,Emissão de Certificados de Recebíveis do Agronegócio,ultimos_12_meses,DAYCOVAL,12.0,107025999.93,0.00374406971
originacao_valor,1.3.3,Emissão de Certificados de Recebíveis do Agronegócio,ultimos_12_meses,OPEA SECURITIZADORA,13.0,102500000.0,0.00358573754
originacao_valor,1.3.3,Emissão de Certificados de Recebíveis do Agronegócio,ultimos_12_meses,BOCOM BBM,14.0,90000000.0,0.00314845247
originacao_valor,1.3.3,Emissão de Certificados de Recebíveis do Agronegócio,ultimos_12_meses,TERRA,15.0,88205000.0,0.00308565834
originacao_valor,1.3.3,Emissão de Certificados de Recebíveis do Agronegócio,ultimos_12_meses,INTER,16.0,87499999.96000001,0.00306099546
originacao_valor,1.3.3,Emissão de Certificados de Recebíveis do Agronegócio,ultimos_12_meses,BR PARTNERS,17.0,50000000.0,0.00174914026
originacao_valor,1.3.3,Emissão de Certificados de Recebíveis do Agronegócio,ultimos_12_meses,EXES SERVIÇOS FINANCEIROS,18.0,40000000.0,0.00139931221
originacao_valor,1.3.3,Emissão de Certificados de Recebíveis do Agronegócio,ultimos_12_meses,ABC BRASIL,19.0,20922500.0,0.00073192774
originacao_valor,1.3.3,Emissão de Certificados de Recebíveis do Agronegócio,ultimos_12_meses,GENIAL CV,20.0,19144999.970000003,0.00066974581
originacao_valor,1.3.3,Emissão de Certificados de Recebíveis do Agronegócio,ultimos_12_meses,M7 IB,21.0,8654760.0,0.00030276778
originacao_valor,1.3.3,Emissão de Certificados de Recebíveis do Agronegócio,ultimos_3_meses,XP INVESTIMENTOS,1.0,512352999.99,0.20207217921
originacao_valor,1.3.3,Emissão de Certificados de Recebíveis do Agronegócio,ultimos_3_meses,SAFRA,2.0,507572999.98,0.20018694575
originacao_valor,1.3.3,Emissão de Certificados de Recebíveis do Agronegócio,ultimos_3_meses,SANTANDER,3.0,460000000.0,0.18142414007
originacao_valor,1.3.3,Emissão de Certificados de Recebíveis do Agronegócio,ultimos_3_meses,BRADESCO BBI,4.0,402961999.98,0.15892833549
originacao_valor,1.3.3,Emissão de Certificados de Recebíveis do Agronegócio,ultimos_3_meses,BB-BI,5.0,294652999.98,0.11621123291
originacao_valor,1.3.3,Emissão de Certificados de Recebíveis do Agronegócio,ultimos_3_meses,CANAL COMPANHIA DE SECURITIZAÇÃO,6.0,160000000.0,0.06310404872
originacao_valor,1.3.3,Emissão de Certificados de Recebíveis do Agronegócio,ultimos_3_meses,BOCOM BBM,7.0,90000000.0,0.0354960274
originacao_valor,1.3.3,Emissão de Certificados de Recebíveis do Agronegócio,ultimos_3_meses,ITAU BBA,8.0,62891999.97,0.02480462394
originacao_valor,1.3.3,Emissão de Certificados de Recebíveis do Agronegócio,ultimos_3_meses,BTG PACTUAL,9.0,21565999.990000002,0.00850563696
originacao_valor,1.3.3,Emissão de Certificados de Recebíveis do Agronegócio,ultimos_3_meses,DAYCOVAL,10.0,15136999.99,0.00597003741
originacao_valor,1.3.3,Emissão de Certificados de Recebíveis do Agronegócio,ultimos_3_meses,GENIAL CV,11.0,8358999.979999999,0.00329679214
originacao_valor,1.3.3,Emissão de Certificados de Recebíveis do Agronegócio,ultimos_3_meses,ABC BRASIL,,0.0,
originacao_valor,1.3.3,Emissão de Certificados de Recebíveis do Agronegócio,ultimos_3_meses,BR PARTNERS,,0.0,
originacao_valor,1.3.3,Emissão de Certificados de Recebíveis do Agronegócio,ultimos_3_meses,CEF,,0.0,
originacao_valor,1.3.3,Emissão de Certificados de Recebíveis do Agronegócio,ultimos_3_meses,EXES SERVIÇOS FINANCEIROS,,0.0,
originacao_valor,1.3.3,Emissão de Certificados de Recebíveis do Agronegócio,ultimos_3_meses,INTER,,0.0,
originacao_valor,1.3.3,Emissão de Certificados de Recebíveis do Agronegócio,ultimos_3_meses,M7 IB,,0.0,
originacao_valor,1.3.3,Emissão de Certificados de Recebíveis do Agronegócio,ultimos_3_meses,OPEA SECURITIZADORA,,0.0,
originacao_valor,1.3.3,Emissão de Certificados de Recebíveis do Agronegócio,ultimos_3_meses,One Corporate,,0.0,
originacao_valor,1.3.3,Emissão de Certificados de Recebíveis do Agronegócio,ultimos_3_meses,TERRA,,0.0,
originacao_valor,1.3.3,Emissão de Certificados de Recebíveis do Agronegócio,ultimos_3_meses,UBS BB,,0.0,
originacao_valor,1.3.4,Emissão de Certificados de Recebíveis,acumulado_ano,ITAU BBA,1.0,592343000.0,0.72031135426
originacao_valor,1.3.4,Emissão de Certificados de Recebíveis,acumulado_ano,BRADESCO BBI,2.0,185000000.0,0.22496695418
originacao_valor,1.3.4,Emissão de Certificados de Recebíveis,acumulado_ano,SANTANDER,3.0,45000000.0,0.05472169156
originacao_valor,1.3.4,Emissão de Certificados de Recebíveis,acumulado_ano,ABC BRASIL,,0.0,
originacao_valor,1.3.4,Emissão de Certificados de Recebíveis,acumulado_ano,M7 IB,,0.0,
originacao_valor,1.3.4,Emissão de Certificados de Recebíveis,ultimos_12_meses,ITAU BBA,1.0,1778343000.0,0.82567143272
originacao_valor,1.3.4,Emissão de Certificados de Recebíveis,ultimos_12_meses,BRADESCO BBI,2.0,185000000.0,0.0858941245
originacao_valor,1.3.4,Emissão de Certificados de Recebíveis,ultimos_12_meses,ABC BRASIL,3.0,88510000.0,0.04109453492
originacao_valor,1.3.4,Emissão de Certificados de Recebíveis,ultimos_12_meses,M7 IB,4.0,56961374.0,0.02644674243
originacao_valor,1.3.4,Emissão de Certificados de Recebíveis,ultimos_12_meses,SANTANDER,5.0,45000000.0,0.02089316542
originacao_valor,1.3.4,Emissão de Certificados de Recebíveis,ultimos_3_meses,ITAU BBA,1.0,480343000.0,0.91434167772
originacao_valor,1.3.4,Emissão de Certificados de Recebíveis,ultimos_3_meses,SANTANDER,2.0,45000000.0,0.08565832228
originacao_valor,1.3.4,Emissão de Certificados de Recebíveis,ultimos_3_meses,ABC BRASIL,,0.0,
originacao_valor,1.3.4,Emissão de Certificados de Recebíveis,ultimos_3_meses,BRADESCO BBI,,0.0,
originacao_valor,1.3.4,Emissão de Certificados de Recebíveis,ultimos_3_meses,M7 IB,,0.0,
originacao_valor,2,Operações Híbridas,acumulado_ano,XP INVESTIMENTOS,1.0,6334167611.129999,0.5328521133685813
originacao_valor,2,Operações Híbridas,acumulado_ano,ITAU BBA,2.0,2941749174.36,0.24747012721982015
originacao_valor,2,Operações Híbridas,acumulado_ano,BR PARTNERS,3.0,1429769821.8799999,0.12027718841552172
originacao_valor,2,Operações Híbridas,acumulado_ano,MAX CAPITAL MARKETS,4.0,251326894.9,0.0211424886923599
originacao_valor,2,Operações Híbridas,acumulado_ano,BRADESCO BBI,5.0,242762800.0,0.020422047373671776
originacao_valor,2,Operações Híbridas,acumulado_ano,VOTORANTIM,6.0,190422000.0,0.016018958032241046
originacao_valor,2,Operações Híbridas,acumulado_ano,M7 IB,7.0,105000000.0,0.008832963593415203
originacao_valor,2,Operações Híbridas,acumulado_ano,BTG PACTUAL,8.0,102955174.36,0.008660945779767566
originacao_valor,2,Operações Híbridas,acumulado_ano,KEA CAPITAL MARKETS,9.0,93660213.18,0.00787902145876616
originacao_valor,2,Operações Híbridas,acumulado_ano,TERRA,10.0,82555000.0,0.006944812470994211
originacao_valor,2,Operações Híbridas,acumulado_ano,ABC BRASIL,11.0,75000000.0,0.006309259709582289
originacao_valor,2,Operações Híbridas,acumulado_ano,FATOR,12.0,19750000.0,0.0016614383901900026
originacao_valor,2,Operações Híbridas,acumulado_ano,HEDGE DTVM,13.0,10099800.0,0.0008496301495311893
originacao_valor,2,Operações Híbridas,acumulado_ano,RIO BRAVO,14.0,8071533.47,0.0006790053455575456
originacao_valor,2,Operações Híbridas,acumulado_ano,BB-BI,,0.0,
originacao_valor,2,Operações Híbridas,acumulado_ano,ORIZ ASSESSORIA FINANCEIRA LTDA,,0.0,
originacao_valor,2,Operações Híbridas,acumulado_ano,SAFRA,,0.0,
originacao_valor,2,Operações Híbridas,acumulado_ano,UBS BB,,0.0,
originacao_valor,2,Operações Híbridas,ultimos_12_meses,XP INVESTIMENTOS,1.0,8182526111.129999,0.32308231738438864
originacao_valor,2,Operações Híbridas,ultimos_12_meses,ITAU BBA,2.0,8167353974.21,0.3224832543213183
originacao_valor,2,Operações Híbridas,ultimos_12_meses,BR PARTNERS,3.0,3132604591.5899997,0.1236890829499724
originacao_valor,2,Operações Híbridas,ultimos_12_meses,BRADESCO BBI,4.0,3132266001.79,0.12367571392728417
originacao_valor,2,Operações Híbridas,ultimos_12_meses,UBS BB,5.0,1020205582.02,0.04028222814946712
originacao_valor,2,Operações Híbridas,ultimos_12_meses,VOTORANTIM,6.0,414570464.0,0.01636907532089063
originacao_valor,2,Operações Híbridas,ultimos_12_meses,MAX CAPITAL MARKETS,7.0,376246648.9,0.01485588161697113
originacao_valor,2,Operações Híbridas,ultimos_12_meses,BB-BI,8.0,242397039.31,0.00957090709198781
originacao_valor,2,Operações Híbridas,ultimos_12_meses,BTG PACTUAL,9.0,146045941.02,0.0057665396270650164
originacao_valor,2,Operações Híbridas,ultimos_12_meses,M7 IB,10.0,105000000.0,0.004145864353456488
originacao_valor,2,Operações Híbridas,ultimos_12_meses,KEA CAPITAL MARKETS,11.0,93660213.18,0.003698119420572358
originacao_valor,2,Operações Híbridas,ultimos_12_meses,TERRA,12.0,82555000.0,0.0032596364923771467
originacao_valor,2,Operações Híbridas,ultimos_12_meses,ABC BRASIL,13.0,75000000.0,0.002961331681040349
originacao_valor,2,Operações Híbridas,ultimos_12_meses,SAFRA,13.0,75000000.0,0.002961331681040349
originacao_valor,2,Operações Híbridas,ultimos_12_meses,ORIZ ASSESSORIA FINANCEIRA LTDA,15.0,43090766.65999999,0.0017014140329410024
originacao_valor,2,Operações Híbridas,ultimos_12_meses,FATOR,16.0,19750000.0,0.0007798173426739585
originacao_valor,2,Operações Híbridas,ultimos_12_meses,HEDGE DTVM,17.0,10099800.0,0.0003987847694956175
originacao_valor,2,Operações Híbridas,ultimos_12_meses,RIO BRAVO,18.0,8071533.47,0.0003186998370571805
originacao_valor,2,Operações Híbridas,ultimos_3_meses,XP INVESTIMENTOS,1.0,4618865202.88,0.6088624228331802
originacao_valor,2,Operações Híbridas,ultimos_3_meses,ITAU BBA,2.0,1968310174.3600001,0.25946418633320845
originacao_valor,2,Operações Híbridas,ultimos_3_meses,MAX CAPITAL MARKETS,3.0,251326894.9,0.03313010781447775
originacao_valor,2,Operações Híbridas,ultimos_3_meses,BRADESCO BBI,4.0,242762800.0,0.032001182127939856
originacao_valor,2,Operações Híbridas,ultimos_3_meses,M7 IB,5.0,105000000.0,0.013841182106293407
originacao_valor,2,Operações Híbridas,ultimos_3_meses,BTG PACTUAL,6.0,102955174.36,0.01357163159144714
originacao_valor,2,Operações Híbridas,ultimos_3_meses,KEA CAPITAL MARKETS,7.0,93660213.18,0.012346362540368019
originacao_valor,2,Operações Híbridas,ultimos_3_meses,BR PARTNERS,8.0,90000000.0,0.01186387037682292
originacao_valor,2,Operações Híbridas,ultimos_3_meses,TERRA,9.0,82555000.0,0.010882464655095734
originacao_valor,2,Operações Híbridas,ultimos_3_meses,VOTORANTIM,10.0,20522000.0,0.002705226087479555
originacao_valor,2,Operações Híbridas,ultimos_3_meses,HEDGE DTVM,11.0,10099800.0,0.001331363533687068
originacao_valor,2,Operações Híbridas,ultimos_3_meses,ABC BRASIL,,0.0,
originacao_valor,2,Operações Híbridas,ultimos_3_meses,BB-BI,,0.0,
originacao_valor,2,Operações Híbridas,ultimos_3_meses,FATOR,,0.0,
originacao_valor,2,Operações Híbridas,ultimos_3_meses,ORIZ ASSESSORIA FINANCEIRA LTDA,,0.0,
originacao_valor,2,Operações Híbridas,ultimos_3_meses,RIO BRAVO,,0.0,
originacao_valor,2,Operações Híbridas,ultimos_3_meses,SAFRA,,0.0,
originacao_valor,2,Operações Híbridas,ultimos_3_meses,UBS BB,,0.0,
originacao_valor,2.1,Títulos Conversíveis Permutáveis,acumulado_ano,BRADESCO BBI,,0.0,
originacao_valor,2.1,Títulos Conversíveis Permutáveis,acumulado_ano,UBS BB,,0.0,
originacao_valor,2.1,Títulos Conversíveis Permutáveis,ultimos_12_meses,BRADESCO BBI,1.0,1020205582.02,0.5
originacao_valor,2.1,Títulos Conversíveis Permutáveis,ultimos_12_meses,UBS BB,1.0,1020205582.02,0.5
originacao_valor,2.1,Títulos Conversíveis Permutáveis,ultimos_3_meses,BRADESCO BBI,,0.0,
originacao_valor,2.1,Títulos Conversíveis Permutáveis,ultimos_3_meses,UBS BB,,0.0,
originacao_valor,2.2,Fundo de Investimento Imobiliário,acumulado_ano,XP INVESTIMENTOS,1.0,4529440367.78,0.57954978376
originacao_valor,2.2,Fundo de Investimento Imobiliário,acumulado_ano,BR PARTNERS,2.0,1429769821.8799999,0.18294153887
originacao_valor,2.2,Fundo de Investimento Imobiliário,acumulado_ano,ITAU BBA,3.0,964135174.36,0.12336277475
originacao_valor,2.2,Fundo de Investimento Imobiliário,acumulado_ano,MAX CAPITAL MARKETS,4.0,251326894.9,0.03215771393
originacao_valor,2.2,Fundo de Investimento Imobiliário,acumulado_ano,BRADESCO BBI,5.0,242762800.0,0.03106192307
originacao_valor,2.2,Fundo de Investimento Imobiliário,acumulado_ano,M7 IB,6.0,105000000.0,0.01343493287
originacao_valor,2.2,Fundo de Investimento Imobiliário,acumulado_ano,BTG PACTUAL,7.0,102955174.36,0.01317329387
originacao_valor,2.2,Fundo de Investimento Imobiliário,acumulado_ano,TERRA,8.0,82555000.0,0.01056305603
originacao_valor,2.2,Fundo de Investimento Imobiliário,acumulado_ano,ABC BRASIL,9.0,75000000.0,0.00959638062
originacao_valor,2.2,Fundo de Investimento Imobiliário,acumulado_ano,KEA CAPITAL MARKETS,10.0,14330000.0,0.00183354846
originacao_valor,2.2,Fundo de Investimento Imobiliário,acumulado_ano,HEDGE DTVM,11.0,10099800.0,0.001292287
originacao_valor,2.2,Fundo de Investimento Imobiliário,acumulado_ano,RIO BRAVO,12.0,8071533.47,0.00103276677
originacao_valor,2.2,Fundo de Investimento Imobiliário,acumulado_ano,ORIZ ASSESSORIA FINANCEIRA LTDA,,0.0,
originacao_valor,2.2,Fundo de Investimento Imobiliário,ultimos_12_meses,XP INVESTIMENTOS,1.0,6226211367.78,0.37494461092
originacao_valor,2.2,Fundo de Investimento Imobiliário,ultimos_12_meses,ITAU BBA,2.0,4274366974.2099996,0.25740386367
originacao_valor,2.2,Fundo de Investimento Imobiliário,ultimos_12_meses,BR PARTNERS,3.0,3132604591.5899997,0.18864653645
originacao_valor,2.2,Fundo de Investimento Imobiliário,ultimos_12_meses,BRADESCO BBI,4.0,2112060419.77,0.12718901199
originacao_valor,2.2,Fundo de Investimento Imobiliário,ultimos_12_meses,MAX CAPITAL MARKETS,5.0,376246648.9,0.02265770387
originacao_valor,2.2,Fundo de Investimento Imobiliário,ultimos_12_meses,BTG PACTUAL,6.0,146045941.02,0.00879493729
originacao_valor,2.2,Fundo de Investimento Imobiliário,ultimos_12_meses,M7 IB,7.0,105000000.0,0.00632313647
originacao_valor,2.2,Fundo de Investimento Imobiliário,ultimos_12_meses,TERRA,8.0,82555000.0,0.00497149077
originacao_valor,2.2,Fundo de Investimento Imobiliário,ultimos_12_meses,ABC BRASIL,9.0,75000000.0,0.00451652605
originacao_valor,2.2,Fundo de Investimento Imobiliário,ultimos_12_meses,ORIZ ASSESSORIA FINANCEIRA LTDA,10.0,43090766.65999999,0.00259494093
originacao_valor,2.2,Fundo de Investimento Imobiliário,ultimos_12_meses,KEA CAPITAL MARKETS,11.0,14330000.0,0.00086295758
originacao_valor,2.2,Fundo de Investimento Imobiliário,ultimos_12_meses,HEDGE DTVM,12.0,10099800.0,0.00060821346
originacao_valor,2.2,Fundo de Investimento Imobiliário,ultimos_12_meses,RIO BRAVO,13.0,8071533.47,0.00048607055
originacao_valor,2.2,Fundo de Investimento Imobiliário,ultimos_3_meses,XP INVESTIMENTOS,1.0,3675232702.88,0.73581582918
originacao_valor,2.2,Fundo de Investimento Imobiliário,ultimos_3_meses,ITAU BBA,2.0,420510174.36,0.08419005479
originacao_valor,2.2,Fundo de Investimento Imobiliário,ultimos_3_meses,MAX CAPITAL MARKETS,3.0,251326894.9,0.05031798597
originacao_valor,2.2,Fundo de Investimento Imobiliário,ultimos_3_meses,BRADESCO BBI,4.0,242762800.0,0.04860337438
originacao_valor,2.2,Fundo de Investimento Imobiliário,ultimos_3_meses,M7 IB,5.0,105000000.0,0.02102197828
originacao_valor,2.2,Fundo de Investimento Imobiliário,ultimos_3_meses,BTG PACTUAL,6.0,102955174.36,0.02061258514
originacao_valor,2.2,Fundo de Investimento Imobiliário,ultimos_3_meses,BR PARTNERS,7.0,90000000.0,0.01801883853
originacao_valor,2.2,Fundo de Investimento Imobiliário,ultimos_3_meses,TERRA,8.0,82555000.0,0.01652828016
originacao_valor,2.2,Fundo de Investimento Imobiliário,ultimos_3_meses,KEA CAPITAL MARKETS,9.0,14330000.0,0.00286899951
originacao_valor,2.2,Fundo de Investimento Imobiliário,ultimos_3_meses,HEDGE DTVM,10.0,10099800.0,0.00202207406
originacao_valor,2.2,Fundo de Investimento Imobiliário,ultimos_3_meses,ABC BRASIL,,0.0,
originacao_valor,2.2,Fundo de Investimento Imobiliário,ultimos_3_meses,ORIZ ASSESSORIA FINANCEIRA LTDA,,0.0,
originacao_valor,2.2,Fundo de Investimento Imobiliário,ultimos_3_meses,RIO BRAVO,,0.0,
originacao_valor,2.3,Certificado de Potencial Adicional de Construção,acumulado_ano,BB-BI,,0.0,
originacao_valor,2.3,Certificado de Potencial Adicional de Construção,ultimos_12_meses,BB-BI,1.0,242397039.31,1.0
originacao_valor,2.3,Certificado de Potencial Adicional de Construção,ultimos_3_meses,BB-BI,,0.0,
originacao_valor,2.4,Fundo de Investimento em Participações de Infraestrutura,acumulado_ano,ITAU BBA,1.0,1080000000.0,0.5702584703
originacao_valor,2.4,Fundo de Investimento em Participações de Infraestrutura,acumulado_ano,XP INVESTIMENTOS,2.0,813878050.48,0.4297415297
originacao_valor,2.4,Fundo de Investimento em Participações de Infraestrutura,ultimos_12_meses,ITAU BBA,1.0,1278000000.0,0.56965439016
originacao_valor,2.4,Fundo de Investimento em Participações de Infraestrutura,ultimos_12_meses,XP INVESTIMENTOS,2.0,965465550.48,0.43034560984
originacao_valor,2.4,Fundo de Investimento em Participações de Infraestrutura,ultimos_3_meses,ITAU BBA,1.0,1080000000.0,0.70369670776
originacao_valor,2.4,Fundo de Investimento em Participações de Infraestrutura,ultimos_3_meses,XP INVESTIMENTOS,2.0,454752100.0,0.29630329224
originacao_valor,2.5,Fundo de Investimento nas Cadeias Produtivas Agroindustriais,acumulado_ano,XP INVESTIMENTOS,1.0,990849192.87,0.45775472296
originacao_valor,2.5,Fundo de Investimento nas Cadeias Produtivas Agroindustriais,acumulado_ano,ITAU BBA,2.0,897614000.0,0.41468172034
originacao_valor,2.5,Fundo de Investimento nas Cadeias Produtivas Agroindustriais,acumulado_ano,VOTORANTIM,3.0,190422000.0,0.08179025854
originacao_valor,2.5,Fundo de Investimento nas Cadeias Produtivas Agroindustriais,acumulado_ano,KEA CAPITAL MARKETS,4.0,79330213.18,0.03664914905
originacao_valor,2.5,Fundo de Investimento nas Cadeias Produtivas Agroindustriais,acumulado_ano,FATOR,5.0,19750000.0,0.00912414911
originacao_valor,2.5,Fundo de Investimento nas Cadeias Produtivas Agroindustriais,acumulado_ano,SAFRA,,0.0,
originacao_valor,2.5,Fundo de Investimento nas Cadeias Produtivas Agroindustriais,ultimos_12_meses,ITAU BBA,1.0,2614987000.0,0.62542936148
originacao_valor,2.5,Fundo de Investimento nas Cadeias Produtivas Agroindustriais,ultimos_12_meses,XP INVESTIMENTOS,2.0,990849192.87,0.23698250814
originacao_valor,2.5,Fundo de Investimento nas Cadeias Produtivas Agroindustriais,ultimos_12_meses,VOTORANTIM,3.0,414570464.0,0.09595317137
originacao_valor,2.5,Fundo de Investimento nas Cadeias Produtivas Agroindustriais,ultimos_12_meses,KEA CAPITAL MARKETS,4.0,79330213.18,0.01897349569
originacao_valor,2.5,Fundo de Investimento nas Cadeias Produtivas Agroindustriais,ultimos_12_meses,SAFRA,5.0,75000000.0,0.01793783377
originacao_valor,2.5,Fundo de Investimento nas Cadeias Produtivas Agroindustriais,ultimos_12_meses,FATOR,6.0,19750000.0,0.00472362956
originacao_valor,2.5,Fundo de Investimento nas Cadeias Produtivas Agroindustriais,ultimos_3_meses,XP INVESTIMENTOS,1.0,488880400.0,0.46865664125
originacao_valor,2.5,Fundo de Investimento nas Cadeias Produtivas Agroindustriais,ultimos_3_meses,ITAU BBA,2.0,467800000.0,0.44844828464
originacao_valor,2.5,Fundo de Investimento nas Cadeias Produtivas Agroindustriais,ultimos_3_meses,KEA CAPITAL MARKETS,3.0,79330213.18,0.07604852078
originacao_valor,2.5,Fundo de Investimento nas Cadeias Produtivas Agroindustriais,ultimos_3_meses,VOTORANTIM,4.0,20522000.0,0.00684655333
originacao_valor,2.5,Fundo de Investimento nas Cadeias Produtivas Agroindustriais,ultimos_3_meses,FATOR,,0.0,
originacao_valor,2.5,Fundo de Investimento nas Cadeias Produtivas Agroindustriais,ultimos_3_meses,SAFRA,,0.0,
originacao_valor,3,Operações de Empresas Ligadas,acumulado_ano,ITAU BBA,1.0,22686486808.06,0.4419491103732047
originacao_valor,3,Operações de Empresas Ligadas,acumulado_ano,XP INVESTIMENTOS,2.0,11719419690.37,0.22830274030834602
originacao_valor,3,Operações de Empresas Ligadas,acumulado_ano,BTG PACTUAL,3.0,4755476850.290001,0.09264011572912893
originacao_valor,3,Operações de Empresas Ligadas,acumulado_ano,BRADESCO BBI,4.0,3528920818.6499996,0.06874592040517073
originacao_valor,3,Operações de Empresas Ligadas,acumulado_ano,SAFRA,5.0,2777791470.7999997,0.05411337946279905
originacao_valor,3,Operações de Empresas Ligadas,acumulado_ano,VOTORANTIM,6.0,2410000000.0,0.04694853658967673
originacao_valor,3,Operações de Empresas Ligadas,acumulado_ano,INTER,7.0,1491875656.0,0.029062812789611606
originacao_valor,3,Operações de Empresas Ligadas,acumulado_ano,ABC BRASIL,8.0,530000000.0,0.010324781905613555
originacao_valor,3,Operações de Empresas Ligadas,acumulado_ano,SANTANDER,9.0,502000000.0,0.009779321729467933
originacao_valor,3,Operações de Empresas Ligadas,acumulado_ano,BR PARTNERS,10.0,412383442.12,0.008033526606368321
originacao_valor,3,Operações de Empresas Ligadas,acumulado_ano,UBS BB,11.0,267500000.0,0.00521109275424835
originacao_valor,3,Operações de Empresas Ligadas,acumulado_ano,M7 IB,12.0,166089744.0,0.003235547893507901
originacao_valor,3,Operações de Empresas Ligadas,acumulado_ano,FATOR,13.0,62370647.92,0.0012150251643128485
originacao_valor,3,Operações de Empresas Ligadas,acumulado_ano,HEDGE DTVM,14.0,16404300.0,0.0003195675845552008
originacao_valor,3,Operações de Empresas Ligadas,acumulado_ano,GALAPAGOS CAPITAL INVESTIMENTOS E PARTICIPAÇÕES LTDA.,15.0,6084000.0,0.00011852070398821295
originacao_valor,3,Operações de Empresas Ligadas,acumulado_ano,DAYCOVAL,,0.0,
originacao_valor,3,Operações de Empresas Ligadas,acumulado_ano,ORIZ ASSESSORIA FINANCEIRA LTDA,,0.0,
originacao_valor,3,Operações de Empresas Ligadas,ultimos_12_meses,ITAU BBA,1.0,30200509733.739998,0.3255572630129612
originacao_valor,3,Operações de Empresas Ligadas,ultimos_12_meses,XP INVESTIMENTOS,2.0,23256966246.45,0.25070683720017595
originacao_valor,3,Operações de Empresas Ligadas,ultimos_12_meses,BTG PACTUAL,3.0,9298447883.54,0.10023596521789772
originacao_valor,3,Operações de Empresas Ligadas,ultimos_12_meses,SANTANDER,4.0,7502000000.0,0.08087050876477968
originacao_valor,3,Operações de Empresas Ligadas,ultimos_12_meses,BRADESCO BBI,5.0,6141920818.65,0.06620904577408926
originacao_valor,3,Operações de Empresas Ligadas,ultimos_12_meses,SAFRA,6.0,6017764670.8,0.06487065989793561
originacao_valor,3,Operações de Empresas Ligadas,ultimos_12_meses,VOTORANTIM,7.0,4105820000.0,0.044260164262411056
originacao_valor,3,Operações de Empresas Ligadas,ultimos_12_meses,INTER,8.0,2310498104.84,0.02490684580624768
originacao_valor,3,Operações de Empresas Ligadas,ultimos_12_meses,UBS BB,9.0,2017500000.0,0.02174836729311424
originacao_valor,3,Operações de Empresas Ligadas,ultimos_12_meses,ABC BRASIL,10.0,530000000.0,0.00571332573251576
originacao_valor,3,Operações de Empresas Ligadas,ultimos_12_meses,BR PARTNERS,11.0,412383442.12,0.004445435719863434
originacao_valor,3,Operações de Empresas Ligadas,ultimos_12_meses,GALAPAGOS CAPITAL INVESTIMENTOS E PARTICIPAÇÕES LTDA.,12.0,317284000.0,0.0034202770598406236
originacao_valor,3,Operações de Empresas Ligadas,ultimos_12_meses,DAYCOVAL,13.0,288729730.15999997,0.0031124660321989804
originacao_valor,3,Operações de Empresas Ligadas,ultimos_12_meses,M7 IB,14.0,166089744.0,0.0017904241666078398
originacao_valor,3,Operações de Empresas Ligadas,ultimos_12_meses,ORIZ ASSESSORIA FINANCEIRA LTDA,15.0,120895000.0,0.0013032311593065902
originacao_valor,3,Operações de Empresas Ligadas,ultimos_12_meses,FATOR,16.0,62370647.92,0.0006723468447453143
originacao_valor,3,Operações de Empresas Ligadas,ultimos_12_meses,HEDGE DTVM,17.0,16404300.0,0.0001768360553092609
originacao_valor,3,Operações de Empresas Ligadas,ultimos_3_meses,ITAU BBA,1.0,12455371506.59,0.43709522423180386
originacao_valor,3,Operações de Empresas Ligadas,ultimos_3_meses,XP INVESTIMENTOS,2.0,5445428271.37,0.19109592114963028
originacao_valor,3,Operações de Empresas Ligadas,ultimos_3_meses,BRADESCO BBI,3.0,3454914000.0,0.1212429840998807
originacao_valor,3,Operações de Empresas Ligadas,ultimos_3_meses,BTG PACTUAL,4.0,2171760870.0,0.07621340752046306
originacao_valor,3,Operações de Empresas Ligadas,ultimos_3_meses,VOTORANTIM,5.0,2060000000.0,0.07229139343142962
originacao_valor,3,Operações de Empresas Ligadas,ultimos_3_meses,INTER,6.0,1111443000.0,0.03900376853864487
originacao_valor,3,Operações de Empresas Ligadas,ultimos_3_meses,SAFRA,7.0,636072000.0,0.022321617088697236
originacao_valor,3,Operações de Empresas Ligadas,ultimos_3_meses,ABC BRASIL,8.0,530000000.0,0.018599241999348398
originacao_valor,3,Operações de Empresas Ligadas,ultimos_3_meses,UBS BB,9.0,267500000.0,0.009387353273256032
originacao_valor,3,Operações de Empresas Ligadas,ultimos_3_meses,BR PARTNERS,10.0,173309244.79,0.006081925631270794
originacao_valor,3,Operações de Empresas Ligadas,ultimos_3_meses,M7 IB,11.0,166089744.0,0.005828572343897781
originacao_valor,3,Operações de Empresas Ligadas,ultimos_3_meses,HEDGE DTVM,12.0,16404300.0,0.000575674614207379
originacao_valor,3,Operações de Empresas Ligadas,ultimos_3_meses,FATOR,13.0,7492000.0,0.0002629160774700343
originacao_valor,3,Operações de Empresas Ligadas,ultimos_3_meses,DAYCOVAL,,0.0,
originacao_valor,3,Operações de Empresas Ligadas,ultimos_3_meses,GALAPAGOS CAPITAL INVESTIMENTOS E PARTICIPAÇÕES LTDA.,,0.0,
originacao_valor,3,Operações de Empresas Ligadas,ultimos_3_meses,ORIZ ASSESSORIA FINANCEIRA LTDA,,0.0,
originacao_valor,3,Operações de Empresas Ligadas,ultimos_3_meses,SANTANDER,,0.0,
