cohort_status,vehicles,pl_previous_brl,pl_current_brl,pl_delta_brl
entrant,1135,0.0,158807092652.46,158807092652.46
exit,363,61714110200.380005,0.0,-61714110200.380005
reclassified,816,135004283832.95999,151179855532.72,16175571699.76001
same_type,2273,585881609171.8,648548711904.55,62667102732.75
