year,period,market_relevant_offers,market_relevant_volume_brl,itau_coordinator_offers,itau_coordinator_volume_brl,itau_coordinator_share,itau_coordinator_rank,itau_administrator_volume_brl,itau_administrator_share,itau_administrator_rank,itau_manager_volume_brl,itau_manager_share,itau_manager_rank,itau_custodian_volume_brl,itau_custodian_share,itau_custodian_rank,itau_coordinator_with_itau_admin_volume_brl,itau_coordinator_with_itau_custody_volume_brl,itau_coordinator_with_itau_management_volume_brl,market_monostructure_volume_share,market_closed_investor_data_offers,market_single_investor_share,itau_closed_investor_data_offers,itau_single_investor_share,itau_median_investors,itau_fund_investor_presence_share,itau_bank_investor_presence_share,source
2024,2024,82,55801826922.38,15,10950623000.0,0.19624129896736625,1,450000000.0,0.008064252101027933,17,450000000.0,0.008064252101027933,25,450000000.0,0.008064252101027933,15,450000000.0,450000000.0,450000000.0,0.3241350507244031,79,0.21518987341772153,15,0.26666666666666666,17.0,0.7333333333333333,0.6,"CVM Ofertas Públicas de Distribuição; volume registrado, não garantia de liquidação"
2025,2025,80,62234717420.770004,15,16713829453.59,0.2685611849184999,1,1241992800.0,0.019956590974823024,12,617000000.0,0.009914080525640573,25,1241992800.0,0.019956590974823024,13,1241992800.0,1241992800.0,617000000.0,0.5053997825832957,79,0.13924050632911392,15,0.13333333333333333,62.0,0.8,0.6,"CVM Ofertas Públicas de Distribuição; volume registrado, não garantia de liquidação"
2026,2026YTD,47,40728990936.72,10,6710065806.0,0.1647491295923664,2,755000059.0,0.018537165827973295,11,380000000.0,0.009329963528691395,23,755000059.0,0.018537165827973295,10,755000059.0,755000059.0,380000000.0,0.5137363988032319,25,0.08,7,0.14285714285714285,44.0,0.8571428571428571,0.5714285714285714,"CVM Ofertas Públicas de Distribuição; volume registrado, não garantia de liquidação"
