investor_family,offers_with_family,subscriber_accounts,allocated_amount_proxy_brl,account_share,amount_proxy_share
Pessoas naturais,45,8735.0,682326288.5285257,0.872278809666467,0.061203034123542756
Fundos de investimento,144,1113.0,5672444970.947983,0.11114439784301977,0.5088047301673528
Outras pessoas juridicas,15,128.0,2607753460.424313,0.012782105052925903,0.23390924064838153
Instituicoes financeiras,33,35.0,2080301337.5130396,0.003495106850409427,0.18659804830565216
Investidores estrangeiros,2,2.0,85745593.68738303,0.00019972039145196724,0.0076911744199533935
Previdencia e seguradoras,1,1.0,19997995.8087551,9.986019572598362e-05,0.0017937723351172548
Clubes de investimento,0,0.0,0.0,0.0,0.0
