statistic,value
observations,198.0
mean,50.57575757575758
median,3.5
p10,1.0
p25,1.0
p50,3.5
p75,8.0
p90,23.30000000000001
p95,40.14999999999998
p99,2018.7200000000003
maximum,4164.0
share_le_5,0.6262626262626263
share_le_10,0.7777777777777778
