grupo,fundo,nome_curto,cnpj,competencia,indicador,valor,unidade,observacao,cache_folder
Carteiras selecionadas,SUMUP SMART IV,SUMUP SMART IV,62626887000185,06/2026,PL (R$),356847386.67,R$ bruto,Visão Executiva canônica; cache IME local b6e526e7042b7b9ecd3c16c6f1afd1ff444561af8f7d4596a506e15da1535082,.cache/fundonet-ime/b6e526e7042b7b9ecd3c16c6f1afd1ff444561af8f7d4596a506e15da1535082
Carteiras selecionadas,SUMUP SMART IV,SUMUP SMART IV,62626887000185,05/2026,PL (R$),355920954.19,R$ bruto,Visão Executiva canônica; cache IME local b6e526e7042b7b9ecd3c16c6f1afd1ff444561af8f7d4596a506e15da1535082,.cache/fundonet-ime/b6e526e7042b7b9ecd3c16c6f1afd1ff444561af8f7d4596a506e15da1535082
Carteiras selecionadas,SUMUP SMART IV,SUMUP SMART IV,62626887000185,04/2026,PL (R$),355248598.22,R$ bruto,Visão Executiva canônica; cache IME local b6e526e7042b7b9ecd3c16c6f1afd1ff444561af8f7d4596a506e15da1535082,.cache/fundonet-ime/b6e526e7042b7b9ecd3c16c6f1afd1ff444561af8f7d4596a506e15da1535082
Carteiras selecionadas,SUMUP SMART IV,SUMUP SMART IV,62626887000185,03/2026,PL (R$),355042214.14,R$ bruto,Visão Executiva canônica; cache IME local b6e526e7042b7b9ecd3c16c6f1afd1ff444561af8f7d4596a506e15da1535082,.cache/fundonet-ime/b6e526e7042b7b9ecd3c16c6f1afd1ff444561af8f7d4596a506e15da1535082
Carteiras selecionadas,SUMUP SMART IV,SUMUP SMART IV,62626887000185,02/2026,PL (R$),353658036.9,R$ bruto,Visão Executiva canônica; cache IME local b6e526e7042b7b9ecd3c16c6f1afd1ff444561af8f7d4596a506e15da1535082,.cache/fundonet-ime/b6e526e7042b7b9ecd3c16c6f1afd1ff444561af8f7d4596a506e15da1535082
Carteiras selecionadas,SUMUP SMART IV,SUMUP SMART IV,62626887000185,01/2026,PL (R$),353792320.85,R$ bruto,Visão Executiva canônica; cache IME local b6e526e7042b7b9ecd3c16c6f1afd1ff444561af8f7d4596a506e15da1535082,.cache/fundonet-ime/b6e526e7042b7b9ecd3c16c6f1afd1ff444561af8f7d4596a506e15da1535082
Carteiras selecionadas,SUMUP SMART IV,SUMUP SMART IV,62626887000185,12/2025,PL (R$),353313254.39,R$ bruto,Visão Executiva canônica; cache IME local b6e526e7042b7b9ecd3c16c6f1afd1ff444561af8f7d4596a506e15da1535082,.cache/fundonet-ime/b6e526e7042b7b9ecd3c16c6f1afd1ff444561af8f7d4596a506e15da1535082
Carteiras selecionadas,SUMUP SMART IV,SUMUP SMART IV,62626887000185,11/2025,PL (R$),351596379.78,R$ bruto,Visão Executiva canônica; cache IME local b6e526e7042b7b9ecd3c16c6f1afd1ff444561af8f7d4596a506e15da1535082,.cache/fundonet-ime/b6e526e7042b7b9ecd3c16c6f1afd1ff444561af8f7d4596a506e15da1535082
Carteiras selecionadas,SUMUP SMART IV,SUMUP SMART IV,62626887000185,10/2025,PL (R$),354221881.72,R$ bruto,Visão Executiva canônica; cache IME local b6e526e7042b7b9ecd3c16c6f1afd1ff444561af8f7d4596a506e15da1535082,.cache/fundonet-ime/b6e526e7042b7b9ecd3c16c6f1afd1ff444561af8f7d4596a506e15da1535082
Carteiras selecionadas,SUMUP SMART IV,SUMUP SMART IV,62626887000185,06/2026,PL (R$ MM),356.84738667,R$ MM,Visão Executiva canônica; cache IME local b6e526e7042b7b9ecd3c16c6f1afd1ff444561af8f7d4596a506e15da1535082,.cache/fundonet-ime/b6e526e7042b7b9ecd3c16c6f1afd1ff444561af8f7d4596a506e15da1535082
Carteiras selecionadas,SUMUP SMART IV,SUMUP SMART IV,62626887000185,05/2026,PL (R$ MM),355.92095419,R$ MM,Visão Executiva canônica; cache IME local b6e526e7042b7b9ecd3c16c6f1afd1ff444561af8f7d4596a506e15da1535082,.cache/fundonet-ime/b6e526e7042b7b9ecd3c16c6f1afd1ff444561af8f7d4596a506e15da1535082
Carteiras selecionadas,SUMUP SMART IV,SUMUP SMART IV,62626887000185,04/2026,PL (R$ MM),355.24859822,R$ MM,Visão Executiva canônica; cache IME local b6e526e7042b7b9ecd3c16c6f1afd1ff444561af8f7d4596a506e15da1535082,.cache/fundonet-ime/b6e526e7042b7b9ecd3c16c6f1afd1ff444561af8f7d4596a506e15da1535082
Carteiras selecionadas,SUMUP SMART IV,SUMUP SMART IV,62626887000185,03/2026,PL (R$ MM),355.04221414,R$ MM,Visão Executiva canônica; cache IME local b6e526e7042b7b9ecd3c16c6f1afd1ff444561af8f7d4596a506e15da1535082,.cache/fundonet-ime/b6e526e7042b7b9ecd3c16c6f1afd1ff444561af8f7d4596a506e15da1535082
Carteiras selecionadas,SUMUP SMART IV,SUMUP SMART IV,62626887000185,02/2026,PL (R$ MM),353.65803689999996,R$ MM,Visão Executiva canônica; cache IME local b6e526e7042b7b9ecd3c16c6f1afd1ff444561af8f7d4596a506e15da1535082,.cache/fundonet-ime/b6e526e7042b7b9ecd3c16c6f1afd1ff444561af8f7d4596a506e15da1535082
Carteiras selecionadas,SUMUP SMART IV,SUMUP SMART IV,62626887000185,01/2026,PL (R$ MM),353.79232085,R$ MM,Visão Executiva canônica; cache IME local b6e526e7042b7b9ecd3c16c6f1afd1ff444561af8f7d4596a506e15da1535082,.cache/fundonet-ime/b6e526e7042b7b9ecd3c16c6f1afd1ff444561af8f7d4596a506e15da1535082
Carteiras selecionadas,SUMUP SMART IV,SUMUP SMART IV,62626887000185,12/2025,PL (R$ MM),353.31325439,R$ MM,Visão Executiva canônica; cache IME local b6e526e7042b7b9ecd3c16c6f1afd1ff444561af8f7d4596a506e15da1535082,.cache/fundonet-ime/b6e526e7042b7b9ecd3c16c6f1afd1ff444561af8f7d4596a506e15da1535082
Carteiras selecionadas,SUMUP SMART IV,SUMUP SMART IV,62626887000185,11/2025,PL (R$ MM),351.59637977999995,R$ MM,Visão Executiva canônica; cache IME local b6e526e7042b7b9ecd3c16c6f1afd1ff444561af8f7d4596a506e15da1535082,.cache/fundonet-ime/b6e526e7042b7b9ecd3c16c6f1afd1ff444561af8f7d4596a506e15da1535082
Carteiras selecionadas,SUMUP SMART IV,SUMUP SMART IV,62626887000185,10/2025,PL (R$ MM),354.22188172000006,R$ MM,Visão Executiva canônica; cache IME local b6e526e7042b7b9ecd3c16c6f1afd1ff444561af8f7d4596a506e15da1535082,.cache/fundonet-ime/b6e526e7042b7b9ecd3c16c6f1afd1ff444561af8f7d4596a506e15da1535082
Carteiras selecionadas,SUMUP SMART IV,SUMUP SMART IV,62626887000185,06/2026,Dir Cred (R$ MM),347.99120065000005,R$ MM,Visão Executiva canônica; cache IME local b6e526e7042b7b9ecd3c16c6f1afd1ff444561af8f7d4596a506e15da1535082,.cache/fundonet-ime/b6e526e7042b7b9ecd3c16c6f1afd1ff444561af8f7d4596a506e15da1535082
Carteiras selecionadas,SUMUP SMART IV,SUMUP SMART IV,62626887000185,05/2026,Dir Cred (R$ MM),350.5675144,R$ MM,Visão Executiva canônica; cache IME local b6e526e7042b7b9ecd3c16c6f1afd1ff444561af8f7d4596a506e15da1535082,.cache/fundonet-ime/b6e526e7042b7b9ecd3c16c6f1afd1ff444561af8f7d4596a506e15da1535082
Carteiras selecionadas,SUMUP SMART IV,SUMUP SMART IV,62626887000185,04/2026,Dir Cred (R$ MM),337.9640963,R$ MM,Visão Executiva canônica; cache IME local b6e526e7042b7b9ecd3c16c6f1afd1ff444561af8f7d4596a506e15da1535082,.cache/fundonet-ime/b6e526e7042b7b9ecd3c16c6f1afd1ff444561af8f7d4596a506e15da1535082
Carteiras selecionadas,SUMUP SMART IV,SUMUP SMART IV,62626887000185,03/2026,Dir Cred (R$ MM),331.83353402999995,R$ MM,Visão Executiva canônica; cache IME local b6e526e7042b7b9ecd3c16c6f1afd1ff444561af8f7d4596a506e15da1535082,.cache/fundonet-ime/b6e526e7042b7b9ecd3c16c6f1afd1ff444561af8f7d4596a506e15da1535082
Carteiras selecionadas,SUMUP SMART IV,SUMUP SMART IV,62626887000185,02/2026,Dir Cred (R$ MM),345.58200289,R$ MM,Visão Executiva canônica; cache IME local b6e526e7042b7b9ecd3c16c6f1afd1ff444561af8f7d4596a506e15da1535082,.cache/fundonet-ime/b6e526e7042b7b9ecd3c16c6f1afd1ff444561af8f7d4596a506e15da1535082
Carteiras selecionadas,SUMUP SMART IV,SUMUP SMART IV,62626887000185,01/2026,Dir Cred (R$ MM),340.13850396,R$ MM,Visão Executiva canônica; cache IME local b6e526e7042b7b9ecd3c16c6f1afd1ff444561af8f7d4596a506e15da1535082,.cache/fundonet-ime/b6e526e7042b7b9ecd3c16c6f1afd1ff444561af8f7d4596a506e15da1535082
Carteiras selecionadas,SUMUP SMART IV,SUMUP SMART IV,62626887000185,12/2025,Dir Cred (R$ MM),290.4771907,R$ MM,Visão Executiva canônica; cache IME local b6e526e7042b7b9ecd3c16c6f1afd1ff444561af8f7d4596a506e15da1535082,.cache/fundonet-ime/b6e526e7042b7b9ecd3c16c6f1afd1ff444561af8f7d4596a506e15da1535082
Carteiras selecionadas,SUMUP SMART IV,SUMUP SMART IV,62626887000185,11/2025,Dir Cred (R$ MM),174.93097695,R$ MM,Visão Executiva canônica; cache IME local b6e526e7042b7b9ecd3c16c6f1afd1ff444561af8f7d4596a506e15da1535082,.cache/fundonet-ime/b6e526e7042b7b9ecd3c16c6f1afd1ff444561af8f7d4596a506e15da1535082
Carteiras selecionadas,SUMUP SMART IV,SUMUP SMART IV,62626887000185,10/2025,Dir Cred (R$ MM),0.0,R$ MM,Visão Executiva canônica; cache IME local b6e526e7042b7b9ecd3c16c6f1afd1ff444561af8f7d4596a506e15da1535082,.cache/fundonet-ime/b6e526e7042b7b9ecd3c16c6f1afd1ff444561af8f7d4596a506e15da1535082
Carteiras selecionadas,SUMUP SMART IV,SUMUP SMART IV,62626887000185,06/2026,Dir Cred / PL,0.9751821469041894,ratio,Visão Executiva canônica; cache IME local b6e526e7042b7b9ecd3c16c6f1afd1ff444561af8f7d4596a506e15da1535082,.cache/fundonet-ime/b6e526e7042b7b9ecd3c16c6f1afd1ff444561af8f7d4596a506e15da1535082
Carteiras selecionadas,SUMUP SMART IV,SUMUP SMART IV,62626887000185,05/2026,Dir Cred / PL,0.9849589080750154,ratio,Visão Executiva canônica; cache IME local b6e526e7042b7b9ecd3c16c6f1afd1ff444561af8f7d4596a506e15da1535082,.cache/fundonet-ime/b6e526e7042b7b9ecd3c16c6f1afd1ff444561af8f7d4596a506e15da1535082
Carteiras selecionadas,SUMUP SMART IV,SUMUP SMART IV,62626887000185,04/2026,Dir Cred / PL,0.9513453339250166,ratio,Visão Executiva canônica; cache IME local b6e526e7042b7b9ecd3c16c6f1afd1ff444561af8f7d4596a506e15da1535082,.cache/fundonet-ime/b6e526e7042b7b9ecd3c16c6f1afd1ff444561af8f7d4596a506e15da1535082
Carteiras selecionadas,SUMUP SMART IV,SUMUP SMART IV,62626887000185,03/2026,Dir Cred / PL,0.9346312095134457,ratio,Visão Executiva canônica; cache IME local b6e526e7042b7b9ecd3c16c6f1afd1ff444561af8f7d4596a506e15da1535082,.cache/fundonet-ime/b6e526e7042b7b9ecd3c16c6f1afd1ff444561af8f7d4596a506e15da1535082
Carteiras selecionadas,SUMUP SMART IV,SUMUP SMART IV,62626887000185,02/2026,Dir Cred / PL,0.9771642853622367,ratio,Visão Executiva canônica; cache IME local b6e526e7042b7b9ecd3c16c6f1afd1ff444561af8f7d4596a506e15da1535082,.cache/fundonet-ime/b6e526e7042b7b9ecd3c16c6f1afd1ff444561af8f7d4596a506e15da1535082
Carteiras selecionadas,SUMUP SMART IV,SUMUP SMART IV,62626887000185,01/2026,Dir Cred / PL,0.9614072548064463,ratio,Visão Executiva canônica; cache IME local b6e526e7042b7b9ecd3c16c6f1afd1ff444561af8f7d4596a506e15da1535082,.cache/fundonet-ime/b6e526e7042b7b9ecd3c16c6f1afd1ff444561af8f7d4596a506e15da1535082
Carteiras selecionadas,SUMUP SMART IV,SUMUP SMART IV,62626887000185,12/2025,Dir Cred / PL,0.8221519772914059,ratio,Visão Executiva canônica; cache IME local b6e526e7042b7b9ecd3c16c6f1afd1ff444561af8f7d4596a506e15da1535082,.cache/fundonet-ime/b6e526e7042b7b9ecd3c16c6f1afd1ff444561af8f7d4596a506e15da1535082
Carteiras selecionadas,SUMUP SMART IV,SUMUP SMART IV,62626887000185,11/2025,Dir Cred / PL,0.4975334986653087,ratio,Visão Executiva canônica; cache IME local b6e526e7042b7b9ecd3c16c6f1afd1ff444561af8f7d4596a506e15da1535082,.cache/fundonet-ime/b6e526e7042b7b9ecd3c16c6f1afd1ff444561af8f7d4596a506e15da1535082
Carteiras selecionadas,SUMUP SMART IV,SUMUP SMART IV,62626887000185,10/2025,Dir Cred / PL,0.0,ratio,Visão Executiva canônica; cache IME local b6e526e7042b7b9ecd3c16c6f1afd1ff444561af8f7d4596a506e15da1535082,.cache/fundonet-ime/b6e526e7042b7b9ecd3c16c6f1afd1ff444561af8f7d4596a506e15da1535082
Carteiras selecionadas,SUMUP SMART IV,SUMUP SMART IV,62626887000185,06/2026,Vencidos <= 90 d (R$ MM),0.0,R$ MM,Visão Executiva canônica; cache IME local b6e526e7042b7b9ecd3c16c6f1afd1ff444561af8f7d4596a506e15da1535082,.cache/fundonet-ime/b6e526e7042b7b9ecd3c16c6f1afd1ff444561af8f7d4596a506e15da1535082
Carteiras selecionadas,SUMUP SMART IV,SUMUP SMART IV,62626887000185,05/2026,Vencidos <= 90 d (R$ MM),0.0,R$ MM,Visão Executiva canônica; cache IME local b6e526e7042b7b9ecd3c16c6f1afd1ff444561af8f7d4596a506e15da1535082,.cache/fundonet-ime/b6e526e7042b7b9ecd3c16c6f1afd1ff444561af8f7d4596a506e15da1535082
Carteiras selecionadas,SUMUP SMART IV,SUMUP SMART IV,62626887000185,04/2026,Vencidos <= 90 d (R$ MM),0.0,R$ MM,Visão Executiva canônica; cache IME local b6e526e7042b7b9ecd3c16c6f1afd1ff444561af8f7d4596a506e15da1535082,.cache/fundonet-ime/b6e526e7042b7b9ecd3c16c6f1afd1ff444561af8f7d4596a506e15da1535082
Carteiras selecionadas,SUMUP SMART IV,SUMUP SMART IV,62626887000185,03/2026,Vencidos <= 90 d (R$ MM),0.0,R$ MM,Visão Executiva canônica; cache IME local b6e526e7042b7b9ecd3c16c6f1afd1ff444561af8f7d4596a506e15da1535082,.cache/fundonet-ime/b6e526e7042b7b9ecd3c16c6f1afd1ff444561af8f7d4596a506e15da1535082
Carteiras selecionadas,SUMUP SMART IV,SUMUP SMART IV,62626887000185,02/2026,Vencidos <= 90 d (R$ MM),0.0,R$ MM,Visão Executiva canônica; cache IME local b6e526e7042b7b9ecd3c16c6f1afd1ff444561af8f7d4596a506e15da1535082,.cache/fundonet-ime/b6e526e7042b7b9ecd3c16c6f1afd1ff444561af8f7d4596a506e15da1535082
Carteiras selecionadas,SUMUP SMART IV,SUMUP SMART IV,62626887000185,01/2026,Vencidos <= 90 d (R$ MM),0.0,R$ MM,Visão Executiva canônica; cache IME local b6e526e7042b7b9ecd3c16c6f1afd1ff444561af8f7d4596a506e15da1535082,.cache/fundonet-ime/b6e526e7042b7b9ecd3c16c6f1afd1ff444561af8f7d4596a506e15da1535082
Carteiras selecionadas,SUMUP SMART IV,SUMUP SMART IV,62626887000185,12/2025,Vencidos <= 90 d (R$ MM),0.0,R$ MM,Visão Executiva canônica; cache IME local b6e526e7042b7b9ecd3c16c6f1afd1ff444561af8f7d4596a506e15da1535082,.cache/fundonet-ime/b6e526e7042b7b9ecd3c16c6f1afd1ff444561af8f7d4596a506e15da1535082
Carteiras selecionadas,SUMUP SMART IV,SUMUP SMART IV,62626887000185,11/2025,Vencidos <= 90 d (R$ MM),0.0,R$ MM,Visão Executiva canônica; cache IME local b6e526e7042b7b9ecd3c16c6f1afd1ff444561af8f7d4596a506e15da1535082,.cache/fundonet-ime/b6e526e7042b7b9ecd3c16c6f1afd1ff444561af8f7d4596a506e15da1535082
Carteiras selecionadas,SUMUP SMART IV,SUMUP SMART IV,62626887000185,10/2025,Vencidos <= 90 d (R$ MM),0.0,R$ MM,Visão Executiva canônica; cache IME local b6e526e7042b7b9ecd3c16c6f1afd1ff444561af8f7d4596a506e15da1535082,.cache/fundonet-ime/b6e526e7042b7b9ecd3c16c6f1afd1ff444561af8f7d4596a506e15da1535082
Carteiras selecionadas,SUMUP SMART IV,SUMUP SMART IV,62626887000185,06/2026,Vencidos > 90 d (R$ MM),0.0,R$ MM,Visão Executiva canônica; cache IME local b6e526e7042b7b9ecd3c16c6f1afd1ff444561af8f7d4596a506e15da1535082,.cache/fundonet-ime/b6e526e7042b7b9ecd3c16c6f1afd1ff444561af8f7d4596a506e15da1535082
Carteiras selecionadas,SUMUP SMART IV,SUMUP SMART IV,62626887000185,05/2026,Vencidos > 90 d (R$ MM),0.0,R$ MM,Visão Executiva canônica; cache IME local b6e526e7042b7b9ecd3c16c6f1afd1ff444561af8f7d4596a506e15da1535082,.cache/fundonet-ime/b6e526e7042b7b9ecd3c16c6f1afd1ff444561af8f7d4596a506e15da1535082
Carteiras selecionadas,SUMUP SMART IV,SUMUP SMART IV,62626887000185,04/2026,Vencidos > 90 d (R$ MM),0.0,R$ MM,Visão Executiva canônica; cache IME local b6e526e7042b7b9ecd3c16c6f1afd1ff444561af8f7d4596a506e15da1535082,.cache/fundonet-ime/b6e526e7042b7b9ecd3c16c6f1afd1ff444561af8f7d4596a506e15da1535082
Carteiras selecionadas,SUMUP SMART IV,SUMUP SMART IV,62626887000185,03/2026,Vencidos > 90 d (R$ MM),0.0,R$ MM,Visão Executiva canônica; cache IME local b6e526e7042b7b9ecd3c16c6f1afd1ff444561af8f7d4596a506e15da1535082,.cache/fundonet-ime/b6e526e7042b7b9ecd3c16c6f1afd1ff444561af8f7d4596a506e15da1535082
Carteiras selecionadas,SUMUP SMART IV,SUMUP SMART IV,62626887000185,02/2026,Vencidos > 90 d (R$ MM),0.0,R$ MM,Visão Executiva canônica; cache IME local b6e526e7042b7b9ecd3c16c6f1afd1ff444561af8f7d4596a506e15da1535082,.cache/fundonet-ime/b6e526e7042b7b9ecd3c16c6f1afd1ff444561af8f7d4596a506e15da1535082
Carteiras selecionadas,SUMUP SMART IV,SUMUP SMART IV,62626887000185,01/2026,Vencidos > 90 d (R$ MM),0.0,R$ MM,Visão Executiva canônica; cache IME local b6e526e7042b7b9ecd3c16c6f1afd1ff444561af8f7d4596a506e15da1535082,.cache/fundonet-ime/b6e526e7042b7b9ecd3c16c6f1afd1ff444561af8f7d4596a506e15da1535082
Carteiras selecionadas,SUMUP SMART IV,SUMUP SMART IV,62626887000185,12/2025,Vencidos > 90 d (R$ MM),0.0,R$ MM,Visão Executiva canônica; cache IME local b6e526e7042b7b9ecd3c16c6f1afd1ff444561af8f7d4596a506e15da1535082,.cache/fundonet-ime/b6e526e7042b7b9ecd3c16c6f1afd1ff444561af8f7d4596a506e15da1535082
Carteiras selecionadas,SUMUP SMART IV,SUMUP SMART IV,62626887000185,11/2025,Vencidos > 90 d (R$ MM),0.0,R$ MM,Visão Executiva canônica; cache IME local b6e526e7042b7b9ecd3c16c6f1afd1ff444561af8f7d4596a506e15da1535082,.cache/fundonet-ime/b6e526e7042b7b9ecd3c16c6f1afd1ff444561af8f7d4596a506e15da1535082
Carteiras selecionadas,SUMUP SMART IV,SUMUP SMART IV,62626887000185,10/2025,Vencidos > 90 d (R$ MM),0.0,R$ MM,Visão Executiva canônica; cache IME local b6e526e7042b7b9ecd3c16c6f1afd1ff444561af8f7d4596a506e15da1535082,.cache/fundonet-ime/b6e526e7042b7b9ecd3c16c6f1afd1ff444561af8f7d4596a506e15da1535082
Carteiras selecionadas,SUMUP SMART IV,SUMUP SMART IV,62626887000185,06/2026,Vencidos Total (R$ MM),0.0,R$ MM,Visão Executiva canônica; cache IME local b6e526e7042b7b9ecd3c16c6f1afd1ff444561af8f7d4596a506e15da1535082,.cache/fundonet-ime/b6e526e7042b7b9ecd3c16c6f1afd1ff444561af8f7d4596a506e15da1535082
Carteiras selecionadas,SUMUP SMART IV,SUMUP SMART IV,62626887000185,05/2026,Vencidos Total (R$ MM),0.0,R$ MM,Visão Executiva canônica; cache IME local b6e526e7042b7b9ecd3c16c6f1afd1ff444561af8f7d4596a506e15da1535082,.cache/fundonet-ime/b6e526e7042b7b9ecd3c16c6f1afd1ff444561af8f7d4596a506e15da1535082
Carteiras selecionadas,SUMUP SMART IV,SUMUP SMART IV,62626887000185,04/2026,Vencidos Total (R$ MM),0.0,R$ MM,Visão Executiva canônica; cache IME local b6e526e7042b7b9ecd3c16c6f1afd1ff444561af8f7d4596a506e15da1535082,.cache/fundonet-ime/b6e526e7042b7b9ecd3c16c6f1afd1ff444561af8f7d4596a506e15da1535082
Carteiras selecionadas,SUMUP SMART IV,SUMUP SMART IV,62626887000185,03/2026,Vencidos Total (R$ MM),0.0,R$ MM,Visão Executiva canônica; cache IME local b6e526e7042b7b9ecd3c16c6f1afd1ff444561af8f7d4596a506e15da1535082,.cache/fundonet-ime/b6e526e7042b7b9ecd3c16c6f1afd1ff444561af8f7d4596a506e15da1535082
Carteiras selecionadas,SUMUP SMART IV,SUMUP SMART IV,62626887000185,02/2026,Vencidos Total (R$ MM),0.0,R$ MM,Visão Executiva canônica; cache IME local b6e526e7042b7b9ecd3c16c6f1afd1ff444561af8f7d4596a506e15da1535082,.cache/fundonet-ime/b6e526e7042b7b9ecd3c16c6f1afd1ff444561af8f7d4596a506e15da1535082
Carteiras selecionadas,SUMUP SMART IV,SUMUP SMART IV,62626887000185,01/2026,Vencidos Total (R$ MM),0.0,R$ MM,Visão Executiva canônica; cache IME local b6e526e7042b7b9ecd3c16c6f1afd1ff444561af8f7d4596a506e15da1535082,.cache/fundonet-ime/b6e526e7042b7b9ecd3c16c6f1afd1ff444561af8f7d4596a506e15da1535082
Carteiras selecionadas,SUMUP SMART IV,SUMUP SMART IV,62626887000185,12/2025,Vencidos Total (R$ MM),0.0,R$ MM,Visão Executiva canônica; cache IME local b6e526e7042b7b9ecd3c16c6f1afd1ff444561af8f7d4596a506e15da1535082,.cache/fundonet-ime/b6e526e7042b7b9ecd3c16c6f1afd1ff444561af8f7d4596a506e15da1535082
Carteiras selecionadas,SUMUP SMART IV,SUMUP SMART IV,62626887000185,11/2025,Vencidos Total (R$ MM),0.0,R$ MM,Visão Executiva canônica; cache IME local b6e526e7042b7b9ecd3c16c6f1afd1ff444561af8f7d4596a506e15da1535082,.cache/fundonet-ime/b6e526e7042b7b9ecd3c16c6f1afd1ff444561af8f7d4596a506e15da1535082
Carteiras selecionadas,SUMUP SMART IV,SUMUP SMART IV,62626887000185,10/2025,Vencidos Total (R$ MM),0.0,R$ MM,Visão Executiva canônica; cache IME local b6e526e7042b7b9ecd3c16c6f1afd1ff444561af8f7d4596a506e15da1535082,.cache/fundonet-ime/b6e526e7042b7b9ecd3c16c6f1afd1ff444561af8f7d4596a506e15da1535082
Carteiras selecionadas,SUMUP SMART IV,SUMUP SMART IV,62626887000185,06/2026,Vencidos <= 90 d / Crédito,0.0,ratio,Visão Executiva canônica; cache IME local b6e526e7042b7b9ecd3c16c6f1afd1ff444561af8f7d4596a506e15da1535082,.cache/fundonet-ime/b6e526e7042b7b9ecd3c16c6f1afd1ff444561af8f7d4596a506e15da1535082
Carteiras selecionadas,SUMUP SMART IV,SUMUP SMART IV,62626887000185,05/2026,Vencidos <= 90 d / Crédito,0.0,ratio,Visão Executiva canônica; cache IME local b6e526e7042b7b9ecd3c16c6f1afd1ff444561af8f7d4596a506e15da1535082,.cache/fundonet-ime/b6e526e7042b7b9ecd3c16c6f1afd1ff444561af8f7d4596a506e15da1535082
Carteiras selecionadas,SUMUP SMART IV,SUMUP SMART IV,62626887000185,04/2026,Vencidos <= 90 d / Crédito,0.0,ratio,Visão Executiva canônica; cache IME local b6e526e7042b7b9ecd3c16c6f1afd1ff444561af8f7d4596a506e15da1535082,.cache/fundonet-ime/b6e526e7042b7b9ecd3c16c6f1afd1ff444561af8f7d4596a506e15da1535082
Carteiras selecionadas,SUMUP SMART IV,SUMUP SMART IV,62626887000185,03/2026,Vencidos <= 90 d / Crédito,0.0,ratio,Visão Executiva canônica; cache IME local b6e526e7042b7b9ecd3c16c6f1afd1ff444561af8f7d4596a506e15da1535082,.cache/fundonet-ime/b6e526e7042b7b9ecd3c16c6f1afd1ff444561af8f7d4596a506e15da1535082
Carteiras selecionadas,SUMUP SMART IV,SUMUP SMART IV,62626887000185,02/2026,Vencidos <= 90 d / Crédito,0.0,ratio,Visão Executiva canônica; cache IME local b6e526e7042b7b9ecd3c16c6f1afd1ff444561af8f7d4596a506e15da1535082,.cache/fundonet-ime/b6e526e7042b7b9ecd3c16c6f1afd1ff444561af8f7d4596a506e15da1535082
Carteiras selecionadas,SUMUP SMART IV,SUMUP SMART IV,62626887000185,01/2026,Vencidos <= 90 d / Crédito,0.0,ratio,Visão Executiva canônica; cache IME local b6e526e7042b7b9ecd3c16c6f1afd1ff444561af8f7d4596a506e15da1535082,.cache/fundonet-ime/b6e526e7042b7b9ecd3c16c6f1afd1ff444561af8f7d4596a506e15da1535082
Carteiras selecionadas,SUMUP SMART IV,SUMUP SMART IV,62626887000185,12/2025,Vencidos <= 90 d / Crédito,0.0,ratio,Visão Executiva canônica; cache IME local b6e526e7042b7b9ecd3c16c6f1afd1ff444561af8f7d4596a506e15da1535082,.cache/fundonet-ime/b6e526e7042b7b9ecd3c16c6f1afd1ff444561af8f7d4596a506e15da1535082
Carteiras selecionadas,SUMUP SMART IV,SUMUP SMART IV,62626887000185,11/2025,Vencidos <= 90 d / Crédito,0.0,ratio,Visão Executiva canônica; cache IME local b6e526e7042b7b9ecd3c16c6f1afd1ff444561af8f7d4596a506e15da1535082,.cache/fundonet-ime/b6e526e7042b7b9ecd3c16c6f1afd1ff444561af8f7d4596a506e15da1535082
Carteiras selecionadas,SUMUP SMART IV,SUMUP SMART IV,62626887000185,06/2026,Vencidos > 90 d / Crédito,0.0,ratio,Visão Executiva canônica; cache IME local b6e526e7042b7b9ecd3c16c6f1afd1ff444561af8f7d4596a506e15da1535082,.cache/fundonet-ime/b6e526e7042b7b9ecd3c16c6f1afd1ff444561af8f7d4596a506e15da1535082
Carteiras selecionadas,SUMUP SMART IV,SUMUP SMART IV,62626887000185,05/2026,Vencidos > 90 d / Crédito,0.0,ratio,Visão Executiva canônica; cache IME local b6e526e7042b7b9ecd3c16c6f1afd1ff444561af8f7d4596a506e15da1535082,.cache/fundonet-ime/b6e526e7042b7b9ecd3c16c6f1afd1ff444561af8f7d4596a506e15da1535082
Carteiras selecionadas,SUMUP SMART IV,SUMUP SMART IV,62626887000185,04/2026,Vencidos > 90 d / Crédito,0.0,ratio,Visão Executiva canônica; cache IME local b6e526e7042b7b9ecd3c16c6f1afd1ff444561af8f7d4596a506e15da1535082,.cache/fundonet-ime/b6e526e7042b7b9ecd3c16c6f1afd1ff444561af8f7d4596a506e15da1535082
Carteiras selecionadas,SUMUP SMART IV,SUMUP SMART IV,62626887000185,03/2026,Vencidos > 90 d / Crédito,0.0,ratio,Visão Executiva canônica; cache IME local b6e526e7042b7b9ecd3c16c6f1afd1ff444561af8f7d4596a506e15da1535082,.cache/fundonet-ime/b6e526e7042b7b9ecd3c16c6f1afd1ff444561af8f7d4596a506e15da1535082
Carteiras selecionadas,SUMUP SMART IV,SUMUP SMART IV,62626887000185,02/2026,Vencidos > 90 d / Crédito,0.0,ratio,Visão Executiva canônica; cache IME local b6e526e7042b7b9ecd3c16c6f1afd1ff444561af8f7d4596a506e15da1535082,.cache/fundonet-ime/b6e526e7042b7b9ecd3c16c6f1afd1ff444561af8f7d4596a506e15da1535082
Carteiras selecionadas,SUMUP SMART IV,SUMUP SMART IV,62626887000185,01/2026,Vencidos > 90 d / Crédito,0.0,ratio,Visão Executiva canônica; cache IME local b6e526e7042b7b9ecd3c16c6f1afd1ff444561af8f7d4596a506e15da1535082,.cache/fundonet-ime/b6e526e7042b7b9ecd3c16c6f1afd1ff444561af8f7d4596a506e15da1535082
Carteiras selecionadas,SUMUP SMART IV,SUMUP SMART IV,62626887000185,12/2025,Vencidos > 90 d / Crédito,0.0,ratio,Visão Executiva canônica; cache IME local b6e526e7042b7b9ecd3c16c6f1afd1ff444561af8f7d4596a506e15da1535082,.cache/fundonet-ime/b6e526e7042b7b9ecd3c16c6f1afd1ff444561af8f7d4596a506e15da1535082
Carteiras selecionadas,SUMUP SMART IV,SUMUP SMART IV,62626887000185,11/2025,Vencidos > 90 d / Crédito,0.0,ratio,Visão Executiva canônica; cache IME local b6e526e7042b7b9ecd3c16c6f1afd1ff444561af8f7d4596a506e15da1535082,.cache/fundonet-ime/b6e526e7042b7b9ecd3c16c6f1afd1ff444561af8f7d4596a506e15da1535082
Carteiras selecionadas,SUMUP SMART IV,SUMUP SMART IV,62626887000185,06/2026,Vencidos Total / Crédito,0.0,ratio,Visão Executiva canônica; cache IME local b6e526e7042b7b9ecd3c16c6f1afd1ff444561af8f7d4596a506e15da1535082,.cache/fundonet-ime/b6e526e7042b7b9ecd3c16c6f1afd1ff444561af8f7d4596a506e15da1535082
Carteiras selecionadas,SUMUP SMART IV,SUMUP SMART IV,62626887000185,05/2026,Vencidos Total / Crédito,0.0,ratio,Visão Executiva canônica; cache IME local b6e526e7042b7b9ecd3c16c6f1afd1ff444561af8f7d4596a506e15da1535082,.cache/fundonet-ime/b6e526e7042b7b9ecd3c16c6f1afd1ff444561af8f7d4596a506e15da1535082
Carteiras selecionadas,SUMUP SMART IV,SUMUP SMART IV,62626887000185,04/2026,Vencidos Total / Crédito,0.0,ratio,Visão Executiva canônica; cache IME local b6e526e7042b7b9ecd3c16c6f1afd1ff444561af8f7d4596a506e15da1535082,.cache/fundonet-ime/b6e526e7042b7b9ecd3c16c6f1afd1ff444561af8f7d4596a506e15da1535082
Carteiras selecionadas,SUMUP SMART IV,SUMUP SMART IV,62626887000185,03/2026,Vencidos Total / Crédito,0.0,ratio,Visão Executiva canônica; cache IME local b6e526e7042b7b9ecd3c16c6f1afd1ff444561af8f7d4596a506e15da1535082,.cache/fundonet-ime/b6e526e7042b7b9ecd3c16c6f1afd1ff444561af8f7d4596a506e15da1535082
Carteiras selecionadas,SUMUP SMART IV,SUMUP SMART IV,62626887000185,02/2026,Vencidos Total / Crédito,0.0,ratio,Visão Executiva canônica; cache IME local b6e526e7042b7b9ecd3c16c6f1afd1ff444561af8f7d4596a506e15da1535082,.cache/fundonet-ime/b6e526e7042b7b9ecd3c16c6f1afd1ff444561af8f7d4596a506e15da1535082
Carteiras selecionadas,SUMUP SMART IV,SUMUP SMART IV,62626887000185,01/2026,Vencidos Total / Crédito,0.0,ratio,Visão Executiva canônica; cache IME local b6e526e7042b7b9ecd3c16c6f1afd1ff444561af8f7d4596a506e15da1535082,.cache/fundonet-ime/b6e526e7042b7b9ecd3c16c6f1afd1ff444561af8f7d4596a506e15da1535082
Carteiras selecionadas,SUMUP SMART IV,SUMUP SMART IV,62626887000185,12/2025,Vencidos Total / Crédito,0.0,ratio,Visão Executiva canônica; cache IME local b6e526e7042b7b9ecd3c16c6f1afd1ff444561af8f7d4596a506e15da1535082,.cache/fundonet-ime/b6e526e7042b7b9ecd3c16c6f1afd1ff444561af8f7d4596a506e15da1535082
Carteiras selecionadas,SUMUP SMART IV,SUMUP SMART IV,62626887000185,11/2025,Vencidos Total / Crédito,0.0,ratio,Visão Executiva canônica; cache IME local b6e526e7042b7b9ecd3c16c6f1afd1ff444561af8f7d4596a506e15da1535082,.cache/fundonet-ime/b6e526e7042b7b9ecd3c16c6f1afd1ff444561af8f7d4596a506e15da1535082
Carteiras selecionadas,SUMUP SMART IV,SUMUP SMART IV,62626887000185,06/2026,Vencidos Over 30 d (R$ MM),0.0,R$ MM,Visão Executiva canônica; cache IME local b6e526e7042b7b9ecd3c16c6f1afd1ff444561af8f7d4596a506e15da1535082,.cache/fundonet-ime/b6e526e7042b7b9ecd3c16c6f1afd1ff444561af8f7d4596a506e15da1535082
Carteiras selecionadas,SUMUP SMART IV,SUMUP SMART IV,62626887000185,05/2026,Vencidos Over 30 d (R$ MM),0.0,R$ MM,Visão Executiva canônica; cache IME local b6e526e7042b7b9ecd3c16c6f1afd1ff444561af8f7d4596a506e15da1535082,.cache/fundonet-ime/b6e526e7042b7b9ecd3c16c6f1afd1ff444561af8f7d4596a506e15da1535082
Carteiras selecionadas,SUMUP SMART IV,SUMUP SMART IV,62626887000185,04/2026,Vencidos Over 30 d (R$ MM),0.0,R$ MM,Visão Executiva canônica; cache IME local b6e526e7042b7b9ecd3c16c6f1afd1ff444561af8f7d4596a506e15da1535082,.cache/fundonet-ime/b6e526e7042b7b9ecd3c16c6f1afd1ff444561af8f7d4596a506e15da1535082
Carteiras selecionadas,SUMUP SMART IV,SUMUP SMART IV,62626887000185,03/2026,Vencidos Over 30 d (R$ MM),0.0,R$ MM,Visão Executiva canônica; cache IME local b6e526e7042b7b9ecd3c16c6f1afd1ff444561af8f7d4596a506e15da1535082,.cache/fundonet-ime/b6e526e7042b7b9ecd3c16c6f1afd1ff444561af8f7d4596a506e15da1535082
Carteiras selecionadas,SUMUP SMART IV,SUMUP SMART IV,62626887000185,02/2026,Vencidos Over 30 d (R$ MM),0.0,R$ MM,Visão Executiva canônica; cache IME local b6e526e7042b7b9ecd3c16c6f1afd1ff444561af8f7d4596a506e15da1535082,.cache/fundonet-ime/b6e526e7042b7b9ecd3c16c6f1afd1ff444561af8f7d4596a506e15da1535082
Carteiras selecionadas,SUMUP SMART IV,SUMUP SMART IV,62626887000185,01/2026,Vencidos Over 30 d (R$ MM),0.0,R$ MM,Visão Executiva canônica; cache IME local b6e526e7042b7b9ecd3c16c6f1afd1ff444561af8f7d4596a506e15da1535082,.cache/fundonet-ime/b6e526e7042b7b9ecd3c16c6f1afd1ff444561af8f7d4596a506e15da1535082
Carteiras selecionadas,SUMUP SMART IV,SUMUP SMART IV,62626887000185,12/2025,Vencidos Over 30 d (R$ MM),0.0,R$ MM,Visão Executiva canônica; cache IME local b6e526e7042b7b9ecd3c16c6f1afd1ff444561af8f7d4596a506e15da1535082,.cache/fundonet-ime/b6e526e7042b7b9ecd3c16c6f1afd1ff444561af8f7d4596a506e15da1535082
Carteiras selecionadas,SUMUP SMART IV,SUMUP SMART IV,62626887000185,11/2025,Vencidos Over 30 d (R$ MM),0.0,R$ MM,Visão Executiva canônica; cache IME local b6e526e7042b7b9ecd3c16c6f1afd1ff444561af8f7d4596a506e15da1535082,.cache/fundonet-ime/b6e526e7042b7b9ecd3c16c6f1afd1ff444561af8f7d4596a506e15da1535082
Carteiras selecionadas,SUMUP SMART IV,SUMUP SMART IV,62626887000185,10/2025,Vencidos Over 30 d (R$ MM),0.0,R$ MM,Visão Executiva canônica; cache IME local b6e526e7042b7b9ecd3c16c6f1afd1ff444561af8f7d4596a506e15da1535082,.cache/fundonet-ime/b6e526e7042b7b9ecd3c16c6f1afd1ff444561af8f7d4596a506e15da1535082
Carteiras selecionadas,SUMUP SMART IV,SUMUP SMART IV,62626887000185,06/2026,Vencidos Over 30 d / Crédito,0.0,ratio,Visão Executiva canônica; cache IME local b6e526e7042b7b9ecd3c16c6f1afd1ff444561af8f7d4596a506e15da1535082,.cache/fundonet-ime/b6e526e7042b7b9ecd3c16c6f1afd1ff444561af8f7d4596a506e15da1535082
Carteiras selecionadas,SUMUP SMART IV,SUMUP SMART IV,62626887000185,05/2026,Vencidos Over 30 d / Crédito,0.0,ratio,Visão Executiva canônica; cache IME local b6e526e7042b7b9ecd3c16c6f1afd1ff444561af8f7d4596a506e15da1535082,.cache/fundonet-ime/b6e526e7042b7b9ecd3c16c6f1afd1ff444561af8f7d4596a506e15da1535082
Carteiras selecionadas,SUMUP SMART IV,SUMUP SMART IV,62626887000185,04/2026,Vencidos Over 30 d / Crédito,0.0,ratio,Visão Executiva canônica; cache IME local b6e526e7042b7b9ecd3c16c6f1afd1ff444561af8f7d4596a506e15da1535082,.cache/fundonet-ime/b6e526e7042b7b9ecd3c16c6f1afd1ff444561af8f7d4596a506e15da1535082
Carteiras selecionadas,SUMUP SMART IV,SUMUP SMART IV,62626887000185,03/2026,Vencidos Over 30 d / Crédito,0.0,ratio,Visão Executiva canônica; cache IME local b6e526e7042b7b9ecd3c16c6f1afd1ff444561af8f7d4596a506e15da1535082,.cache/fundonet-ime/b6e526e7042b7b9ecd3c16c6f1afd1ff444561af8f7d4596a506e15da1535082
Carteiras selecionadas,SUMUP SMART IV,SUMUP SMART IV,62626887000185,02/2026,Vencidos Over 30 d / Crédito,0.0,ratio,Visão Executiva canônica; cache IME local b6e526e7042b7b9ecd3c16c6f1afd1ff444561af8f7d4596a506e15da1535082,.cache/fundonet-ime/b6e526e7042b7b9ecd3c16c6f1afd1ff444561af8f7d4596a506e15da1535082
Carteiras selecionadas,SUMUP SMART IV,SUMUP SMART IV,62626887000185,01/2026,Vencidos Over 30 d / Crédito,0.0,ratio,Visão Executiva canônica; cache IME local b6e526e7042b7b9ecd3c16c6f1afd1ff444561af8f7d4596a506e15da1535082,.cache/fundonet-ime/b6e526e7042b7b9ecd3c16c6f1afd1ff444561af8f7d4596a506e15da1535082
Carteiras selecionadas,SUMUP SMART IV,SUMUP SMART IV,62626887000185,12/2025,Vencidos Over 30 d / Crédito,0.0,ratio,Visão Executiva canônica; cache IME local b6e526e7042b7b9ecd3c16c6f1afd1ff444561af8f7d4596a506e15da1535082,.cache/fundonet-ime/b6e526e7042b7b9ecd3c16c6f1afd1ff444561af8f7d4596a506e15da1535082
Carteiras selecionadas,SUMUP SMART IV,SUMUP SMART IV,62626887000185,11/2025,Vencidos Over 30 d / Crédito,0.0,ratio,Visão Executiva canônica; cache IME local b6e526e7042b7b9ecd3c16c6f1afd1ff444561af8f7d4596a506e15da1535082,.cache/fundonet-ime/b6e526e7042b7b9ecd3c16c6f1afd1ff444561af8f7d4596a506e15da1535082
Carteiras selecionadas,SUMUP SMART IV,SUMUP SMART IV,62626887000185,06/2026,Vencidos Over 60 d (R$ MM),0.0,R$ MM,Visão Executiva canônica; cache IME local b6e526e7042b7b9ecd3c16c6f1afd1ff444561af8f7d4596a506e15da1535082,.cache/fundonet-ime/b6e526e7042b7b9ecd3c16c6f1afd1ff444561af8f7d4596a506e15da1535082
Carteiras selecionadas,SUMUP SMART IV,SUMUP SMART IV,62626887000185,05/2026,Vencidos Over 60 d (R$ MM),0.0,R$ MM,Visão Executiva canônica; cache IME local b6e526e7042b7b9ecd3c16c6f1afd1ff444561af8f7d4596a506e15da1535082,.cache/fundonet-ime/b6e526e7042b7b9ecd3c16c6f1afd1ff444561af8f7d4596a506e15da1535082
Carteiras selecionadas,SUMUP SMART IV,SUMUP SMART IV,62626887000185,04/2026,Vencidos Over 60 d (R$ MM),0.0,R$ MM,Visão Executiva canônica; cache IME local b6e526e7042b7b9ecd3c16c6f1afd1ff444561af8f7d4596a506e15da1535082,.cache/fundonet-ime/b6e526e7042b7b9ecd3c16c6f1afd1ff444561af8f7d4596a506e15da1535082
Carteiras selecionadas,SUMUP SMART IV,SUMUP SMART IV,62626887000185,03/2026,Vencidos Over 60 d (R$ MM),0.0,R$ MM,Visão Executiva canônica; cache IME local b6e526e7042b7b9ecd3c16c6f1afd1ff444561af8f7d4596a506e15da1535082,.cache/fundonet-ime/b6e526e7042b7b9ecd3c16c6f1afd1ff444561af8f7d4596a506e15da1535082
Carteiras selecionadas,SUMUP SMART IV,SUMUP SMART IV,62626887000185,02/2026,Vencidos Over 60 d (R$ MM),0.0,R$ MM,Visão Executiva canônica; cache IME local b6e526e7042b7b9ecd3c16c6f1afd1ff444561af8f7d4596a506e15da1535082,.cache/fundonet-ime/b6e526e7042b7b9ecd3c16c6f1afd1ff444561af8f7d4596a506e15da1535082
Carteiras selecionadas,SUMUP SMART IV,SUMUP SMART IV,62626887000185,01/2026,Vencidos Over 60 d (R$ MM),0.0,R$ MM,Visão Executiva canônica; cache IME local b6e526e7042b7b9ecd3c16c6f1afd1ff444561af8f7d4596a506e15da1535082,.cache/fundonet-ime/b6e526e7042b7b9ecd3c16c6f1afd1ff444561af8f7d4596a506e15da1535082
Carteiras selecionadas,SUMUP SMART IV,SUMUP SMART IV,62626887000185,12/2025,Vencidos Over 60 d (R$ MM),0.0,R$ MM,Visão Executiva canônica; cache IME local b6e526e7042b7b9ecd3c16c6f1afd1ff444561af8f7d4596a506e15da1535082,.cache/fundonet-ime/b6e526e7042b7b9ecd3c16c6f1afd1ff444561af8f7d4596a506e15da1535082
Carteiras selecionadas,SUMUP SMART IV,SUMUP SMART IV,62626887000185,11/2025,Vencidos Over 60 d (R$ MM),0.0,R$ MM,Visão Executiva canônica; cache IME local b6e526e7042b7b9ecd3c16c6f1afd1ff444561af8f7d4596a506e15da1535082,.cache/fundonet-ime/b6e526e7042b7b9ecd3c16c6f1afd1ff444561af8f7d4596a506e15da1535082
Carteiras selecionadas,SUMUP SMART IV,SUMUP SMART IV,62626887000185,10/2025,Vencidos Over 60 d (R$ MM),0.0,R$ MM,Visão Executiva canônica; cache IME local b6e526e7042b7b9ecd3c16c6f1afd1ff444561af8f7d4596a506e15da1535082,.cache/fundonet-ime/b6e526e7042b7b9ecd3c16c6f1afd1ff444561af8f7d4596a506e15da1535082
Carteiras selecionadas,SUMUP SMART IV,SUMUP SMART IV,62626887000185,06/2026,Vencidos Over 60 d / Crédito,0.0,ratio,Visão Executiva canônica; cache IME local b6e526e7042b7b9ecd3c16c6f1afd1ff444561af8f7d4596a506e15da1535082,.cache/fundonet-ime/b6e526e7042b7b9ecd3c16c6f1afd1ff444561af8f7d4596a506e15da1535082
Carteiras selecionadas,SUMUP SMART IV,SUMUP SMART IV,62626887000185,05/2026,Vencidos Over 60 d / Crédito,0.0,ratio,Visão Executiva canônica; cache IME local b6e526e7042b7b9ecd3c16c6f1afd1ff444561af8f7d4596a506e15da1535082,.cache/fundonet-ime/b6e526e7042b7b9ecd3c16c6f1afd1ff444561af8f7d4596a506e15da1535082
Carteiras selecionadas,SUMUP SMART IV,SUMUP SMART IV,62626887000185,04/2026,Vencidos Over 60 d / Crédito,0.0,ratio,Visão Executiva canônica; cache IME local b6e526e7042b7b9ecd3c16c6f1afd1ff444561af8f7d4596a506e15da1535082,.cache/fundonet-ime/b6e526e7042b7b9ecd3c16c6f1afd1ff444561af8f7d4596a506e15da1535082
Carteiras selecionadas,SUMUP SMART IV,SUMUP SMART IV,62626887000185,03/2026,Vencidos Over 60 d / Crédito,0.0,ratio,Visão Executiva canônica; cache IME local b6e526e7042b7b9ecd3c16c6f1afd1ff444561af8f7d4596a506e15da1535082,.cache/fundonet-ime/b6e526e7042b7b9ecd3c16c6f1afd1ff444561af8f7d4596a506e15da1535082
Carteiras selecionadas,SUMUP SMART IV,SUMUP SMART IV,62626887000185,02/2026,Vencidos Over 60 d / Crédito,0.0,ratio,Visão Executiva canônica; cache IME local b6e526e7042b7b9ecd3c16c6f1afd1ff444561af8f7d4596a506e15da1535082,.cache/fundonet-ime/b6e526e7042b7b9ecd3c16c6f1afd1ff444561af8f7d4596a506e15da1535082
Carteiras selecionadas,SUMUP SMART IV,SUMUP SMART IV,62626887000185,01/2026,Vencidos Over 60 d / Crédito,0.0,ratio,Visão Executiva canônica; cache IME local b6e526e7042b7b9ecd3c16c6f1afd1ff444561af8f7d4596a506e15da1535082,.cache/fundonet-ime/b6e526e7042b7b9ecd3c16c6f1afd1ff444561af8f7d4596a506e15da1535082
Carteiras selecionadas,SUMUP SMART IV,SUMUP SMART IV,62626887000185,12/2025,Vencidos Over 60 d / Crédito,0.0,ratio,Visão Executiva canônica; cache IME local b6e526e7042b7b9ecd3c16c6f1afd1ff444561af8f7d4596a506e15da1535082,.cache/fundonet-ime/b6e526e7042b7b9ecd3c16c6f1afd1ff444561af8f7d4596a506e15da1535082
Carteiras selecionadas,SUMUP SMART IV,SUMUP SMART IV,62626887000185,11/2025,Vencidos Over 60 d / Crédito,0.0,ratio,Visão Executiva canônica; cache IME local b6e526e7042b7b9ecd3c16c6f1afd1ff444561af8f7d4596a506e15da1535082,.cache/fundonet-ime/b6e526e7042b7b9ecd3c16c6f1afd1ff444561af8f7d4596a506e15da1535082
Carteiras selecionadas,SUMUP SMART IV,SUMUP SMART IV,62626887000185,06/2026,Vencidos Over 90 d (R$ MM),0.0,R$ MM,Visão Executiva canônica; cache IME local b6e526e7042b7b9ecd3c16c6f1afd1ff444561af8f7d4596a506e15da1535082,.cache/fundonet-ime/b6e526e7042b7b9ecd3c16c6f1afd1ff444561af8f7d4596a506e15da1535082
Carteiras selecionadas,SUMUP SMART IV,SUMUP SMART IV,62626887000185,05/2026,Vencidos Over 90 d (R$ MM),0.0,R$ MM,Visão Executiva canônica; cache IME local b6e526e7042b7b9ecd3c16c6f1afd1ff444561af8f7d4596a506e15da1535082,.cache/fundonet-ime/b6e526e7042b7b9ecd3c16c6f1afd1ff444561af8f7d4596a506e15da1535082
Carteiras selecionadas,SUMUP SMART IV,SUMUP SMART IV,62626887000185,04/2026,Vencidos Over 90 d (R$ MM),0.0,R$ MM,Visão Executiva canônica; cache IME local b6e526e7042b7b9ecd3c16c6f1afd1ff444561af8f7d4596a506e15da1535082,.cache/fundonet-ime/b6e526e7042b7b9ecd3c16c6f1afd1ff444561af8f7d4596a506e15da1535082
Carteiras selecionadas,SUMUP SMART IV,SUMUP SMART IV,62626887000185,03/2026,Vencidos Over 90 d (R$ MM),0.0,R$ MM,Visão Executiva canônica; cache IME local b6e526e7042b7b9ecd3c16c6f1afd1ff444561af8f7d4596a506e15da1535082,.cache/fundonet-ime/b6e526e7042b7b9ecd3c16c6f1afd1ff444561af8f7d4596a506e15da1535082
Carteiras selecionadas,SUMUP SMART IV,SUMUP SMART IV,62626887000185,02/2026,Vencidos Over 90 d (R$ MM),0.0,R$ MM,Visão Executiva canônica; cache IME local b6e526e7042b7b9ecd3c16c6f1afd1ff444561af8f7d4596a506e15da1535082,.cache/fundonet-ime/b6e526e7042b7b9ecd3c16c6f1afd1ff444561af8f7d4596a506e15da1535082
Carteiras selecionadas,SUMUP SMART IV,SUMUP SMART IV,62626887000185,01/2026,Vencidos Over 90 d (R$ MM),0.0,R$ MM,Visão Executiva canônica; cache IME local b6e526e7042b7b9ecd3c16c6f1afd1ff444561af8f7d4596a506e15da1535082,.cache/fundonet-ime/b6e526e7042b7b9ecd3c16c6f1afd1ff444561af8f7d4596a506e15da1535082
Carteiras selecionadas,SUMUP SMART IV,SUMUP SMART IV,62626887000185,12/2025,Vencidos Over 90 d (R$ MM),0.0,R$ MM,Visão Executiva canônica; cache IME local b6e526e7042b7b9ecd3c16c6f1afd1ff444561af8f7d4596a506e15da1535082,.cache/fundonet-ime/b6e526e7042b7b9ecd3c16c6f1afd1ff444561af8f7d4596a506e15da1535082
Carteiras selecionadas,SUMUP SMART IV,SUMUP SMART IV,62626887000185,11/2025,Vencidos Over 90 d (R$ MM),0.0,R$ MM,Visão Executiva canônica; cache IME local b6e526e7042b7b9ecd3c16c6f1afd1ff444561af8f7d4596a506e15da1535082,.cache/fundonet-ime/b6e526e7042b7b9ecd3c16c6f1afd1ff444561af8f7d4596a506e15da1535082
Carteiras selecionadas,SUMUP SMART IV,SUMUP SMART IV,62626887000185,10/2025,Vencidos Over 90 d (R$ MM),0.0,R$ MM,Visão Executiva canônica; cache IME local b6e526e7042b7b9ecd3c16c6f1afd1ff444561af8f7d4596a506e15da1535082,.cache/fundonet-ime/b6e526e7042b7b9ecd3c16c6f1afd1ff444561af8f7d4596a506e15da1535082
Carteiras selecionadas,SUMUP SMART IV,SUMUP SMART IV,62626887000185,06/2026,Vencidos Over 90 d / Crédito,0.0,ratio,Visão Executiva canônica; cache IME local b6e526e7042b7b9ecd3c16c6f1afd1ff444561af8f7d4596a506e15da1535082,.cache/fundonet-ime/b6e526e7042b7b9ecd3c16c6f1afd1ff444561af8f7d4596a506e15da1535082
Carteiras selecionadas,SUMUP SMART IV,SUMUP SMART IV,62626887000185,05/2026,Vencidos Over 90 d / Crédito,0.0,ratio,Visão Executiva canônica; cache IME local b6e526e7042b7b9ecd3c16c6f1afd1ff444561af8f7d4596a506e15da1535082,.cache/fundonet-ime/b6e526e7042b7b9ecd3c16c6f1afd1ff444561af8f7d4596a506e15da1535082
Carteiras selecionadas,SUMUP SMART IV,SUMUP SMART IV,62626887000185,04/2026,Vencidos Over 90 d / Crédito,0.0,ratio,Visão Executiva canônica; cache IME local b6e526e7042b7b9ecd3c16c6f1afd1ff444561af8f7d4596a506e15da1535082,.cache/fundonet-ime/b6e526e7042b7b9ecd3c16c6f1afd1ff444561af8f7d4596a506e15da1535082
Carteiras selecionadas,SUMUP SMART IV,SUMUP SMART IV,62626887000185,03/2026,Vencidos Over 90 d / Crédito,0.0,ratio,Visão Executiva canônica; cache IME local b6e526e7042b7b9ecd3c16c6f1afd1ff444561af8f7d4596a506e15da1535082,.cache/fundonet-ime/b6e526e7042b7b9ecd3c16c6f1afd1ff444561af8f7d4596a506e15da1535082
Carteiras selecionadas,SUMUP SMART IV,SUMUP SMART IV,62626887000185,02/2026,Vencidos Over 90 d / Crédito,0.0,ratio,Visão Executiva canônica; cache IME local b6e526e7042b7b9ecd3c16c6f1afd1ff444561af8f7d4596a506e15da1535082,.cache/fundonet-ime/b6e526e7042b7b9ecd3c16c6f1afd1ff444561af8f7d4596a506e15da1535082
Carteiras selecionadas,SUMUP SMART IV,SUMUP SMART IV,62626887000185,01/2026,Vencidos Over 90 d / Crédito,0.0,ratio,Visão Executiva canônica; cache IME local b6e526e7042b7b9ecd3c16c6f1afd1ff444561af8f7d4596a506e15da1535082,.cache/fundonet-ime/b6e526e7042b7b9ecd3c16c6f1afd1ff444561af8f7d4596a506e15da1535082
Carteiras selecionadas,SUMUP SMART IV,SUMUP SMART IV,62626887000185,12/2025,Vencidos Over 90 d / Crédito,0.0,ratio,Visão Executiva canônica; cache IME local b6e526e7042b7b9ecd3c16c6f1afd1ff444561af8f7d4596a506e15da1535082,.cache/fundonet-ime/b6e526e7042b7b9ecd3c16c6f1afd1ff444561af8f7d4596a506e15da1535082
Carteiras selecionadas,SUMUP SMART IV,SUMUP SMART IV,62626887000185,11/2025,Vencidos Over 90 d / Crédito,0.0,ratio,Visão Executiva canônica; cache IME local b6e526e7042b7b9ecd3c16c6f1afd1ff444561af8f7d4596a506e15da1535082,.cache/fundonet-ime/b6e526e7042b7b9ecd3c16c6f1afd1ff444561af8f7d4596a506e15da1535082
Carteiras selecionadas,SUMUP SMART IV,SUMUP SMART IV,62626887000185,06/2026,Vencidos Over 180 d (R$ MM),0.0,R$ MM,Visão Executiva canônica; cache IME local b6e526e7042b7b9ecd3c16c6f1afd1ff444561af8f7d4596a506e15da1535082,.cache/fundonet-ime/b6e526e7042b7b9ecd3c16c6f1afd1ff444561af8f7d4596a506e15da1535082
Carteiras selecionadas,SUMUP SMART IV,SUMUP SMART IV,62626887000185,05/2026,Vencidos Over 180 d (R$ MM),0.0,R$ MM,Visão Executiva canônica; cache IME local b6e526e7042b7b9ecd3c16c6f1afd1ff444561af8f7d4596a506e15da1535082,.cache/fundonet-ime/b6e526e7042b7b9ecd3c16c6f1afd1ff444561af8f7d4596a506e15da1535082
Carteiras selecionadas,SUMUP SMART IV,SUMUP SMART IV,62626887000185,04/2026,Vencidos Over 180 d (R$ MM),0.0,R$ MM,Visão Executiva canônica; cache IME local b6e526e7042b7b9ecd3c16c6f1afd1ff444561af8f7d4596a506e15da1535082,.cache/fundonet-ime/b6e526e7042b7b9ecd3c16c6f1afd1ff444561af8f7d4596a506e15da1535082
Carteiras selecionadas,SUMUP SMART IV,SUMUP SMART IV,62626887000185,03/2026,Vencidos Over 180 d (R$ MM),0.0,R$ MM,Visão Executiva canônica; cache IME local b6e526e7042b7b9ecd3c16c6f1afd1ff444561af8f7d4596a506e15da1535082,.cache/fundonet-ime/b6e526e7042b7b9ecd3c16c6f1afd1ff444561af8f7d4596a506e15da1535082
Carteiras selecionadas,SUMUP SMART IV,SUMUP SMART IV,62626887000185,02/2026,Vencidos Over 180 d (R$ MM),0.0,R$ MM,Visão Executiva canônica; cache IME local b6e526e7042b7b9ecd3c16c6f1afd1ff444561af8f7d4596a506e15da1535082,.cache/fundonet-ime/b6e526e7042b7b9ecd3c16c6f1afd1ff444561af8f7d4596a506e15da1535082
Carteiras selecionadas,SUMUP SMART IV,SUMUP SMART IV,62626887000185,01/2026,Vencidos Over 180 d (R$ MM),0.0,R$ MM,Visão Executiva canônica; cache IME local b6e526e7042b7b9ecd3c16c6f1afd1ff444561af8f7d4596a506e15da1535082,.cache/fundonet-ime/b6e526e7042b7b9ecd3c16c6f1afd1ff444561af8f7d4596a506e15da1535082
Carteiras selecionadas,SUMUP SMART IV,SUMUP SMART IV,62626887000185,12/2025,Vencidos Over 180 d (R$ MM),0.0,R$ MM,Visão Executiva canônica; cache IME local b6e526e7042b7b9ecd3c16c6f1afd1ff444561af8f7d4596a506e15da1535082,.cache/fundonet-ime/b6e526e7042b7b9ecd3c16c6f1afd1ff444561af8f7d4596a506e15da1535082
Carteiras selecionadas,SUMUP SMART IV,SUMUP SMART IV,62626887000185,11/2025,Vencidos Over 180 d (R$ MM),0.0,R$ MM,Visão Executiva canônica; cache IME local b6e526e7042b7b9ecd3c16c6f1afd1ff444561af8f7d4596a506e15da1535082,.cache/fundonet-ime/b6e526e7042b7b9ecd3c16c6f1afd1ff444561af8f7d4596a506e15da1535082
Carteiras selecionadas,SUMUP SMART IV,SUMUP SMART IV,62626887000185,10/2025,Vencidos Over 180 d (R$ MM),0.0,R$ MM,Visão Executiva canônica; cache IME local b6e526e7042b7b9ecd3c16c6f1afd1ff444561af8f7d4596a506e15da1535082,.cache/fundonet-ime/b6e526e7042b7b9ecd3c16c6f1afd1ff444561af8f7d4596a506e15da1535082
Carteiras selecionadas,SUMUP SMART IV,SUMUP SMART IV,62626887000185,06/2026,Vencidos Over 180 d / Crédito,0.0,ratio,Visão Executiva canônica; cache IME local b6e526e7042b7b9ecd3c16c6f1afd1ff444561af8f7d4596a506e15da1535082,.cache/fundonet-ime/b6e526e7042b7b9ecd3c16c6f1afd1ff444561af8f7d4596a506e15da1535082
Carteiras selecionadas,SUMUP SMART IV,SUMUP SMART IV,62626887000185,05/2026,Vencidos Over 180 d / Crédito,0.0,ratio,Visão Executiva canônica; cache IME local b6e526e7042b7b9ecd3c16c6f1afd1ff444561af8f7d4596a506e15da1535082,.cache/fundonet-ime/b6e526e7042b7b9ecd3c16c6f1afd1ff444561af8f7d4596a506e15da1535082
Carteiras selecionadas,SUMUP SMART IV,SUMUP SMART IV,62626887000185,04/2026,Vencidos Over 180 d / Crédito,0.0,ratio,Visão Executiva canônica; cache IME local b6e526e7042b7b9ecd3c16c6f1afd1ff444561af8f7d4596a506e15da1535082,.cache/fundonet-ime/b6e526e7042b7b9ecd3c16c6f1afd1ff444561af8f7d4596a506e15da1535082
Carteiras selecionadas,SUMUP SMART IV,SUMUP SMART IV,62626887000185,03/2026,Vencidos Over 180 d / Crédito,0.0,ratio,Visão Executiva canônica; cache IME local b6e526e7042b7b9ecd3c16c6f1afd1ff444561af8f7d4596a506e15da1535082,.cache/fundonet-ime/b6e526e7042b7b9ecd3c16c6f1afd1ff444561af8f7d4596a506e15da1535082
Carteiras selecionadas,SUMUP SMART IV,SUMUP SMART IV,62626887000185,02/2026,Vencidos Over 180 d / Crédito,0.0,ratio,Visão Executiva canônica; cache IME local b6e526e7042b7b9ecd3c16c6f1afd1ff444561af8f7d4596a506e15da1535082,.cache/fundonet-ime/b6e526e7042b7b9ecd3c16c6f1afd1ff444561af8f7d4596a506e15da1535082
Carteiras selecionadas,SUMUP SMART IV,SUMUP SMART IV,62626887000185,01/2026,Vencidos Over 180 d / Crédito,0.0,ratio,Visão Executiva canônica; cache IME local b6e526e7042b7b9ecd3c16c6f1afd1ff444561af8f7d4596a506e15da1535082,.cache/fundonet-ime/b6e526e7042b7b9ecd3c16c6f1afd1ff444561af8f7d4596a506e15da1535082
Carteiras selecionadas,SUMUP SMART IV,SUMUP SMART IV,62626887000185,12/2025,Vencidos Over 180 d / Crédito,0.0,ratio,Visão Executiva canônica; cache IME local b6e526e7042b7b9ecd3c16c6f1afd1ff444561af8f7d4596a506e15da1535082,.cache/fundonet-ime/b6e526e7042b7b9ecd3c16c6f1afd1ff444561af8f7d4596a506e15da1535082
Carteiras selecionadas,SUMUP SMART IV,SUMUP SMART IV,62626887000185,11/2025,Vencidos Over 180 d / Crédito,0.0,ratio,Visão Executiva canônica; cache IME local b6e526e7042b7b9ecd3c16c6f1afd1ff444561af8f7d4596a506e15da1535082,.cache/fundonet-ime/b6e526e7042b7b9ecd3c16c6f1afd1ff444561af8f7d4596a506e15da1535082
Carteiras selecionadas,SUMUP SMART IV,SUMUP SMART IV,62626887000185,06/2026,Vencidos Over 360 d (R$ MM),0.0,R$ MM,Visão Executiva canônica; cache IME local b6e526e7042b7b9ecd3c16c6f1afd1ff444561af8f7d4596a506e15da1535082,.cache/fundonet-ime/b6e526e7042b7b9ecd3c16c6f1afd1ff444561af8f7d4596a506e15da1535082
Carteiras selecionadas,SUMUP SMART IV,SUMUP SMART IV,62626887000185,05/2026,Vencidos Over 360 d (R$ MM),0.0,R$ MM,Visão Executiva canônica; cache IME local b6e526e7042b7b9ecd3c16c6f1afd1ff444561af8f7d4596a506e15da1535082,.cache/fundonet-ime/b6e526e7042b7b9ecd3c16c6f1afd1ff444561af8f7d4596a506e15da1535082
Carteiras selecionadas,SUMUP SMART IV,SUMUP SMART IV,62626887000185,04/2026,Vencidos Over 360 d (R$ MM),0.0,R$ MM,Visão Executiva canônica; cache IME local b6e526e7042b7b9ecd3c16c6f1afd1ff444561af8f7d4596a506e15da1535082,.cache/fundonet-ime/b6e526e7042b7b9ecd3c16c6f1afd1ff444561af8f7d4596a506e15da1535082
Carteiras selecionadas,SUMUP SMART IV,SUMUP SMART IV,62626887000185,03/2026,Vencidos Over 360 d (R$ MM),0.0,R$ MM,Visão Executiva canônica; cache IME local b6e526e7042b7b9ecd3c16c6f1afd1ff444561af8f7d4596a506e15da1535082,.cache/fundonet-ime/b6e526e7042b7b9ecd3c16c6f1afd1ff444561af8f7d4596a506e15da1535082
Carteiras selecionadas,SUMUP SMART IV,SUMUP SMART IV,62626887000185,02/2026,Vencidos Over 360 d (R$ MM),0.0,R$ MM,Visão Executiva canônica; cache IME local b6e526e7042b7b9ecd3c16c6f1afd1ff444561af8f7d4596a506e15da1535082,.cache/fundonet-ime/b6e526e7042b7b9ecd3c16c6f1afd1ff444561af8f7d4596a506e15da1535082
Carteiras selecionadas,SUMUP SMART IV,SUMUP SMART IV,62626887000185,01/2026,Vencidos Over 360 d (R$ MM),0.0,R$ MM,Visão Executiva canônica; cache IME local b6e526e7042b7b9ecd3c16c6f1afd1ff444561af8f7d4596a506e15da1535082,.cache/fundonet-ime/b6e526e7042b7b9ecd3c16c6f1afd1ff444561af8f7d4596a506e15da1535082
Carteiras selecionadas,SUMUP SMART IV,SUMUP SMART IV,62626887000185,12/2025,Vencidos Over 360 d (R$ MM),0.0,R$ MM,Visão Executiva canônica; cache IME local b6e526e7042b7b9ecd3c16c6f1afd1ff444561af8f7d4596a506e15da1535082,.cache/fundonet-ime/b6e526e7042b7b9ecd3c16c6f1afd1ff444561af8f7d4596a506e15da1535082
Carteiras selecionadas,SUMUP SMART IV,SUMUP SMART IV,62626887000185,11/2025,Vencidos Over 360 d (R$ MM),0.0,R$ MM,Visão Executiva canônica; cache IME local b6e526e7042b7b9ecd3c16c6f1afd1ff444561af8f7d4596a506e15da1535082,.cache/fundonet-ime/b6e526e7042b7b9ecd3c16c6f1afd1ff444561af8f7d4596a506e15da1535082
Carteiras selecionadas,SUMUP SMART IV,SUMUP SMART IV,62626887000185,10/2025,Vencidos Over 360 d (R$ MM),0.0,R$ MM,Visão Executiva canônica; cache IME local b6e526e7042b7b9ecd3c16c6f1afd1ff444561af8f7d4596a506e15da1535082,.cache/fundonet-ime/b6e526e7042b7b9ecd3c16c6f1afd1ff444561af8f7d4596a506e15da1535082
Carteiras selecionadas,SUMUP SMART IV,SUMUP SMART IV,62626887000185,06/2026,Vencidos Over 360 d / Crédito,0.0,ratio,Visão Executiva canônica; cache IME local b6e526e7042b7b9ecd3c16c6f1afd1ff444561af8f7d4596a506e15da1535082,.cache/fundonet-ime/b6e526e7042b7b9ecd3c16c6f1afd1ff444561af8f7d4596a506e15da1535082
Carteiras selecionadas,SUMUP SMART IV,SUMUP SMART IV,62626887000185,05/2026,Vencidos Over 360 d / Crédito,0.0,ratio,Visão Executiva canônica; cache IME local b6e526e7042b7b9ecd3c16c6f1afd1ff444561af8f7d4596a506e15da1535082,.cache/fundonet-ime/b6e526e7042b7b9ecd3c16c6f1afd1ff444561af8f7d4596a506e15da1535082
Carteiras selecionadas,SUMUP SMART IV,SUMUP SMART IV,62626887000185,04/2026,Vencidos Over 360 d / Crédito,0.0,ratio,Visão Executiva canônica; cache IME local b6e526e7042b7b9ecd3c16c6f1afd1ff444561af8f7d4596a506e15da1535082,.cache/fundonet-ime/b6e526e7042b7b9ecd3c16c6f1afd1ff444561af8f7d4596a506e15da1535082
Carteiras selecionadas,SUMUP SMART IV,SUMUP SMART IV,62626887000185,03/2026,Vencidos Over 360 d / Crédito,0.0,ratio,Visão Executiva canônica; cache IME local b6e526e7042b7b9ecd3c16c6f1afd1ff444561af8f7d4596a506e15da1535082,.cache/fundonet-ime/b6e526e7042b7b9ecd3c16c6f1afd1ff444561af8f7d4596a506e15da1535082
Carteiras selecionadas,SUMUP SMART IV,SUMUP SMART IV,62626887000185,02/2026,Vencidos Over 360 d / Crédito,0.0,ratio,Visão Executiva canônica; cache IME local b6e526e7042b7b9ecd3c16c6f1afd1ff444561af8f7d4596a506e15da1535082,.cache/fundonet-ime/b6e526e7042b7b9ecd3c16c6f1afd1ff444561af8f7d4596a506e15da1535082
Carteiras selecionadas,SUMUP SMART IV,SUMUP SMART IV,62626887000185,01/2026,Vencidos Over 360 d / Crédito,0.0,ratio,Visão Executiva canônica; cache IME local b6e526e7042b7b9ecd3c16c6f1afd1ff444561af8f7d4596a506e15da1535082,.cache/fundonet-ime/b6e526e7042b7b9ecd3c16c6f1afd1ff444561af8f7d4596a506e15da1535082
Carteiras selecionadas,SUMUP SMART IV,SUMUP SMART IV,62626887000185,12/2025,Vencidos Over 360 d / Crédito,0.0,ratio,Visão Executiva canônica; cache IME local b6e526e7042b7b9ecd3c16c6f1afd1ff444561af8f7d4596a506e15da1535082,.cache/fundonet-ime/b6e526e7042b7b9ecd3c16c6f1afd1ff444561af8f7d4596a506e15da1535082
Carteiras selecionadas,SUMUP SMART IV,SUMUP SMART IV,62626887000185,11/2025,Vencidos Over 360 d / Crédito,0.0,ratio,Visão Executiva canônica; cache IME local b6e526e7042b7b9ecd3c16c6f1afd1ff444561af8f7d4596a506e15da1535082,.cache/fundonet-ime/b6e526e7042b7b9ecd3c16c6f1afd1ff444561af8f7d4596a506e15da1535082
Carteiras selecionadas,SUMUP SMART IV,SUMUP SMART IV,62626887000185,06/2026,PDD (R$ MM),0.0,R$ MM,Visão Executiva canônica; cache IME local b6e526e7042b7b9ecd3c16c6f1afd1ff444561af8f7d4596a506e15da1535082,.cache/fundonet-ime/b6e526e7042b7b9ecd3c16c6f1afd1ff444561af8f7d4596a506e15da1535082
Carteiras selecionadas,SUMUP SMART IV,SUMUP SMART IV,62626887000185,05/2026,PDD (R$ MM),0.0,R$ MM,Visão Executiva canônica; cache IME local b6e526e7042b7b9ecd3c16c6f1afd1ff444561af8f7d4596a506e15da1535082,.cache/fundonet-ime/b6e526e7042b7b9ecd3c16c6f1afd1ff444561af8f7d4596a506e15da1535082
Carteiras selecionadas,SUMUP SMART IV,SUMUP SMART IV,62626887000185,04/2026,PDD (R$ MM),0.0,R$ MM,Visão Executiva canônica; cache IME local b6e526e7042b7b9ecd3c16c6f1afd1ff444561af8f7d4596a506e15da1535082,.cache/fundonet-ime/b6e526e7042b7b9ecd3c16c6f1afd1ff444561af8f7d4596a506e15da1535082
Carteiras selecionadas,SUMUP SMART IV,SUMUP SMART IV,62626887000185,03/2026,PDD (R$ MM),0.0,R$ MM,Visão Executiva canônica; cache IME local b6e526e7042b7b9ecd3c16c6f1afd1ff444561af8f7d4596a506e15da1535082,.cache/fundonet-ime/b6e526e7042b7b9ecd3c16c6f1afd1ff444561af8f7d4596a506e15da1535082
Carteiras selecionadas,SUMUP SMART IV,SUMUP SMART IV,62626887000185,02/2026,PDD (R$ MM),0.0,R$ MM,Visão Executiva canônica; cache IME local b6e526e7042b7b9ecd3c16c6f1afd1ff444561af8f7d4596a506e15da1535082,.cache/fundonet-ime/b6e526e7042b7b9ecd3c16c6f1afd1ff444561af8f7d4596a506e15da1535082
Carteiras selecionadas,SUMUP SMART IV,SUMUP SMART IV,62626887000185,01/2026,PDD (R$ MM),0.0,R$ MM,Visão Executiva canônica; cache IME local b6e526e7042b7b9ecd3c16c6f1afd1ff444561af8f7d4596a506e15da1535082,.cache/fundonet-ime/b6e526e7042b7b9ecd3c16c6f1afd1ff444561af8f7d4596a506e15da1535082
Carteiras selecionadas,SUMUP SMART IV,SUMUP SMART IV,62626887000185,12/2025,PDD (R$ MM),0.0,R$ MM,Visão Executiva canônica; cache IME local b6e526e7042b7b9ecd3c16c6f1afd1ff444561af8f7d4596a506e15da1535082,.cache/fundonet-ime/b6e526e7042b7b9ecd3c16c6f1afd1ff444561af8f7d4596a506e15da1535082
Carteiras selecionadas,SUMUP SMART IV,SUMUP SMART IV,62626887000185,11/2025,PDD (R$ MM),0.0,R$ MM,Visão Executiva canônica; cache IME local b6e526e7042b7b9ecd3c16c6f1afd1ff444561af8f7d4596a506e15da1535082,.cache/fundonet-ime/b6e526e7042b7b9ecd3c16c6f1afd1ff444561af8f7d4596a506e15da1535082
Carteiras selecionadas,SUMUP SMART IV,SUMUP SMART IV,62626887000185,10/2025,PDD (R$ MM),0.0,R$ MM,Visão Executiva canônica; cache IME local b6e526e7042b7b9ecd3c16c6f1afd1ff444561af8f7d4596a506e15da1535082,.cache/fundonet-ime/b6e526e7042b7b9ecd3c16c6f1afd1ff444561af8f7d4596a506e15da1535082
Carteiras selecionadas,SUMUP SMART IV,SUMUP SMART IV,62626887000185,06/2026,PDD / Crédito,0.0,ratio,Visão Executiva canônica; cache IME local b6e526e7042b7b9ecd3c16c6f1afd1ff444561af8f7d4596a506e15da1535082,.cache/fundonet-ime/b6e526e7042b7b9ecd3c16c6f1afd1ff444561af8f7d4596a506e15da1535082
Carteiras selecionadas,SUMUP SMART IV,SUMUP SMART IV,62626887000185,05/2026,PDD / Crédito,0.0,ratio,Visão Executiva canônica; cache IME local b6e526e7042b7b9ecd3c16c6f1afd1ff444561af8f7d4596a506e15da1535082,.cache/fundonet-ime/b6e526e7042b7b9ecd3c16c6f1afd1ff444561af8f7d4596a506e15da1535082
Carteiras selecionadas,SUMUP SMART IV,SUMUP SMART IV,62626887000185,04/2026,PDD / Crédito,0.0,ratio,Visão Executiva canônica; cache IME local b6e526e7042b7b9ecd3c16c6f1afd1ff444561af8f7d4596a506e15da1535082,.cache/fundonet-ime/b6e526e7042b7b9ecd3c16c6f1afd1ff444561af8f7d4596a506e15da1535082
Carteiras selecionadas,SUMUP SMART IV,SUMUP SMART IV,62626887000185,03/2026,PDD / Crédito,0.0,ratio,Visão Executiva canônica; cache IME local b6e526e7042b7b9ecd3c16c6f1afd1ff444561af8f7d4596a506e15da1535082,.cache/fundonet-ime/b6e526e7042b7b9ecd3c16c6f1afd1ff444561af8f7d4596a506e15da1535082
Carteiras selecionadas,SUMUP SMART IV,SUMUP SMART IV,62626887000185,02/2026,PDD / Crédito,0.0,ratio,Visão Executiva canônica; cache IME local b6e526e7042b7b9ecd3c16c6f1afd1ff444561af8f7d4596a506e15da1535082,.cache/fundonet-ime/b6e526e7042b7b9ecd3c16c6f1afd1ff444561af8f7d4596a506e15da1535082
Carteiras selecionadas,SUMUP SMART IV,SUMUP SMART IV,62626887000185,01/2026,PDD / Crédito,0.0,ratio,Visão Executiva canônica; cache IME local b6e526e7042b7b9ecd3c16c6f1afd1ff444561af8f7d4596a506e15da1535082,.cache/fundonet-ime/b6e526e7042b7b9ecd3c16c6f1afd1ff444561af8f7d4596a506e15da1535082
Carteiras selecionadas,SUMUP SMART IV,SUMUP SMART IV,62626887000185,12/2025,PDD / Crédito,0.0,ratio,Visão Executiva canônica; cache IME local b6e526e7042b7b9ecd3c16c6f1afd1ff444561af8f7d4596a506e15da1535082,.cache/fundonet-ime/b6e526e7042b7b9ecd3c16c6f1afd1ff444561af8f7d4596a506e15da1535082
Carteiras selecionadas,SUMUP SMART IV,SUMUP SMART IV,62626887000185,11/2025,PDD / Crédito,0.0,ratio,Visão Executiva canônica; cache IME local b6e526e7042b7b9ecd3c16c6f1afd1ff444561af8f7d4596a506e15da1535082,.cache/fundonet-ime/b6e526e7042b7b9ecd3c16c6f1afd1ff444561af8f7d4596a506e15da1535082
Carteiras selecionadas,SUMUP SMART IV,SUMUP SMART IV,62626887000185,06/2026,Recompras (R$ MM),0.0,R$ MM,Visão Executiva canônica; cache IME local b6e526e7042b7b9ecd3c16c6f1afd1ff444561af8f7d4596a506e15da1535082,.cache/fundonet-ime/b6e526e7042b7b9ecd3c16c6f1afd1ff444561af8f7d4596a506e15da1535082
Carteiras selecionadas,SUMUP SMART IV,SUMUP SMART IV,62626887000185,05/2026,Recompras (R$ MM),0.0,R$ MM,Visão Executiva canônica; cache IME local b6e526e7042b7b9ecd3c16c6f1afd1ff444561af8f7d4596a506e15da1535082,.cache/fundonet-ime/b6e526e7042b7b9ecd3c16c6f1afd1ff444561af8f7d4596a506e15da1535082
Carteiras selecionadas,SUMUP SMART IV,SUMUP SMART IV,62626887000185,04/2026,Recompras (R$ MM),0.0,R$ MM,Visão Executiva canônica; cache IME local b6e526e7042b7b9ecd3c16c6f1afd1ff444561af8f7d4596a506e15da1535082,.cache/fundonet-ime/b6e526e7042b7b9ecd3c16c6f1afd1ff444561af8f7d4596a506e15da1535082
Carteiras selecionadas,SUMUP SMART IV,SUMUP SMART IV,62626887000185,03/2026,Recompras (R$ MM),0.0,R$ MM,Visão Executiva canônica; cache IME local b6e526e7042b7b9ecd3c16c6f1afd1ff444561af8f7d4596a506e15da1535082,.cache/fundonet-ime/b6e526e7042b7b9ecd3c16c6f1afd1ff444561af8f7d4596a506e15da1535082
Carteiras selecionadas,SUMUP SMART IV,SUMUP SMART IV,62626887000185,02/2026,Recompras (R$ MM),0.0,R$ MM,Visão Executiva canônica; cache IME local b6e526e7042b7b9ecd3c16c6f1afd1ff444561af8f7d4596a506e15da1535082,.cache/fundonet-ime/b6e526e7042b7b9ecd3c16c6f1afd1ff444561af8f7d4596a506e15da1535082
Carteiras selecionadas,SUMUP SMART IV,SUMUP SMART IV,62626887000185,01/2026,Recompras (R$ MM),0.0,R$ MM,Visão Executiva canônica; cache IME local b6e526e7042b7b9ecd3c16c6f1afd1ff444561af8f7d4596a506e15da1535082,.cache/fundonet-ime/b6e526e7042b7b9ecd3c16c6f1afd1ff444561af8f7d4596a506e15da1535082
Carteiras selecionadas,SUMUP SMART IV,SUMUP SMART IV,62626887000185,12/2025,Recompras (R$ MM),0.0,R$ MM,Visão Executiva canônica; cache IME local b6e526e7042b7b9ecd3c16c6f1afd1ff444561af8f7d4596a506e15da1535082,.cache/fundonet-ime/b6e526e7042b7b9ecd3c16c6f1afd1ff444561af8f7d4596a506e15da1535082
Carteiras selecionadas,SUMUP SMART IV,SUMUP SMART IV,62626887000185,11/2025,Recompras (R$ MM),0.0,R$ MM,Visão Executiva canônica; cache IME local b6e526e7042b7b9ecd3c16c6f1afd1ff444561af8f7d4596a506e15da1535082,.cache/fundonet-ime/b6e526e7042b7b9ecd3c16c6f1afd1ff444561af8f7d4596a506e15da1535082
Carteiras selecionadas,SUMUP SMART IV,SUMUP SMART IV,62626887000185,10/2025,Recompras (R$ MM),0.0,R$ MM,Visão Executiva canônica; cache IME local b6e526e7042b7b9ecd3c16c6f1afd1ff444561af8f7d4596a506e15da1535082,.cache/fundonet-ime/b6e526e7042b7b9ecd3c16c6f1afd1ff444561af8f7d4596a506e15da1535082
Carteiras selecionadas,SUMUP SMART IV,SUMUP SMART IV,62626887000185,06/2026,Recompras / Crédito,0.0,ratio,Visão Executiva canônica; cache IME local b6e526e7042b7b9ecd3c16c6f1afd1ff444561af8f7d4596a506e15da1535082,.cache/fundonet-ime/b6e526e7042b7b9ecd3c16c6f1afd1ff444561af8f7d4596a506e15da1535082
Carteiras selecionadas,SUMUP SMART IV,SUMUP SMART IV,62626887000185,05/2026,Recompras / Crédito,0.0,ratio,Visão Executiva canônica; cache IME local b6e526e7042b7b9ecd3c16c6f1afd1ff444561af8f7d4596a506e15da1535082,.cache/fundonet-ime/b6e526e7042b7b9ecd3c16c6f1afd1ff444561af8f7d4596a506e15da1535082
Carteiras selecionadas,SUMUP SMART IV,SUMUP SMART IV,62626887000185,04/2026,Recompras / Crédito,0.0,ratio,Visão Executiva canônica; cache IME local b6e526e7042b7b9ecd3c16c6f1afd1ff444561af8f7d4596a506e15da1535082,.cache/fundonet-ime/b6e526e7042b7b9ecd3c16c6f1afd1ff444561af8f7d4596a506e15da1535082
Carteiras selecionadas,SUMUP SMART IV,SUMUP SMART IV,62626887000185,03/2026,Recompras / Crédito,0.0,ratio,Visão Executiva canônica; cache IME local b6e526e7042b7b9ecd3c16c6f1afd1ff444561af8f7d4596a506e15da1535082,.cache/fundonet-ime/b6e526e7042b7b9ecd3c16c6f1afd1ff444561af8f7d4596a506e15da1535082
Carteiras selecionadas,SUMUP SMART IV,SUMUP SMART IV,62626887000185,02/2026,Recompras / Crédito,0.0,ratio,Visão Executiva canônica; cache IME local b6e526e7042b7b9ecd3c16c6f1afd1ff444561af8f7d4596a506e15da1535082,.cache/fundonet-ime/b6e526e7042b7b9ecd3c16c6f1afd1ff444561af8f7d4596a506e15da1535082
Carteiras selecionadas,SUMUP SMART IV,SUMUP SMART IV,62626887000185,01/2026,Recompras / Crédito,0.0,ratio,Visão Executiva canônica; cache IME local b6e526e7042b7b9ecd3c16c6f1afd1ff444561af8f7d4596a506e15da1535082,.cache/fundonet-ime/b6e526e7042b7b9ecd3c16c6f1afd1ff444561af8f7d4596a506e15da1535082
Carteiras selecionadas,SUMUP SMART IV,SUMUP SMART IV,62626887000185,12/2025,Recompras / Crédito,0.0,ratio,Visão Executiva canônica; cache IME local b6e526e7042b7b9ecd3c16c6f1afd1ff444561af8f7d4596a506e15da1535082,.cache/fundonet-ime/b6e526e7042b7b9ecd3c16c6f1afd1ff444561af8f7d4596a506e15da1535082
Carteiras selecionadas,SUMUP SMART IV,SUMUP SMART IV,62626887000185,11/2025,Recompras / Crédito,0.0,ratio,Visão Executiva canônica; cache IME local b6e526e7042b7b9ecd3c16c6f1afd1ff444561af8f7d4596a506e15da1535082,.cache/fundonet-ime/b6e526e7042b7b9ecd3c16c6f1afd1ff444561af8f7d4596a506e15da1535082
Carteiras selecionadas,SUMUP SMART IV,SUMUP SMART IV,62626887000185,06/2026,Recompras / PL,0.0,ratio,Visão Executiva canônica; cache IME local b6e526e7042b7b9ecd3c16c6f1afd1ff444561af8f7d4596a506e15da1535082,.cache/fundonet-ime/b6e526e7042b7b9ecd3c16c6f1afd1ff444561af8f7d4596a506e15da1535082
Carteiras selecionadas,SUMUP SMART IV,SUMUP SMART IV,62626887000185,05/2026,Recompras / PL,0.0,ratio,Visão Executiva canônica; cache IME local b6e526e7042b7b9ecd3c16c6f1afd1ff444561af8f7d4596a506e15da1535082,.cache/fundonet-ime/b6e526e7042b7b9ecd3c16c6f1afd1ff444561af8f7d4596a506e15da1535082
Carteiras selecionadas,SUMUP SMART IV,SUMUP SMART IV,62626887000185,04/2026,Recompras / PL,0.0,ratio,Visão Executiva canônica; cache IME local b6e526e7042b7b9ecd3c16c6f1afd1ff444561af8f7d4596a506e15da1535082,.cache/fundonet-ime/b6e526e7042b7b9ecd3c16c6f1afd1ff444561af8f7d4596a506e15da1535082
Carteiras selecionadas,SUMUP SMART IV,SUMUP SMART IV,62626887000185,03/2026,Recompras / PL,0.0,ratio,Visão Executiva canônica; cache IME local b6e526e7042b7b9ecd3c16c6f1afd1ff444561af8f7d4596a506e15da1535082,.cache/fundonet-ime/b6e526e7042b7b9ecd3c16c6f1afd1ff444561af8f7d4596a506e15da1535082
Carteiras selecionadas,SUMUP SMART IV,SUMUP SMART IV,62626887000185,02/2026,Recompras / PL,0.0,ratio,Visão Executiva canônica; cache IME local b6e526e7042b7b9ecd3c16c6f1afd1ff444561af8f7d4596a506e15da1535082,.cache/fundonet-ime/b6e526e7042b7b9ecd3c16c6f1afd1ff444561af8f7d4596a506e15da1535082
Carteiras selecionadas,SUMUP SMART IV,SUMUP SMART IV,62626887000185,01/2026,Recompras / PL,0.0,ratio,Visão Executiva canônica; cache IME local b6e526e7042b7b9ecd3c16c6f1afd1ff444561af8f7d4596a506e15da1535082,.cache/fundonet-ime/b6e526e7042b7b9ecd3c16c6f1afd1ff444561af8f7d4596a506e15da1535082
Carteiras selecionadas,SUMUP SMART IV,SUMUP SMART IV,62626887000185,12/2025,Recompras / PL,0.0,ratio,Visão Executiva canônica; cache IME local b6e526e7042b7b9ecd3c16c6f1afd1ff444561af8f7d4596a506e15da1535082,.cache/fundonet-ime/b6e526e7042b7b9ecd3c16c6f1afd1ff444561af8f7d4596a506e15da1535082
Carteiras selecionadas,SUMUP SMART IV,SUMUP SMART IV,62626887000185,11/2025,Recompras / PL,0.0,ratio,Visão Executiva canônica; cache IME local b6e526e7042b7b9ecd3c16c6f1afd1ff444561af8f7d4596a506e15da1535082,.cache/fundonet-ime/b6e526e7042b7b9ecd3c16c6f1afd1ff444561af8f7d4596a506e15da1535082
Carteiras selecionadas,SUMUP SMART IV,SUMUP SMART IV,62626887000185,10/2025,Recompras / PL,0.0,ratio,Visão Executiva canônica; cache IME local b6e526e7042b7b9ecd3c16c6f1afd1ff444561af8f7d4596a506e15da1535082,.cache/fundonet-ime/b6e526e7042b7b9ecd3c16c6f1afd1ff444561af8f7d4596a506e15da1535082
Carteiras selecionadas,SUMUP SMART IV,SUMUP SMART IV,62626887000185,06/2026,Cotas SR / PL %,96.02517808888652,%,Visão Executiva canônica; cache IME local b6e526e7042b7b9ecd3c16c6f1afd1ff444561af8f7d4596a506e15da1535082,.cache/fundonet-ime/b6e526e7042b7b9ecd3c16c6f1afd1ff444561af8f7d4596a506e15da1535082
Carteiras selecionadas,SUMUP SMART IV,SUMUP SMART IV,62626887000185,05/2026,Cotas SR / PL %,96.22845467488294,%,Visão Executiva canônica; cache IME local b6e526e7042b7b9ecd3c16c6f1afd1ff444561af8f7d4596a506e15da1535082,.cache/fundonet-ime/b6e526e7042b7b9ecd3c16c6f1afd1ff444561af8f7d4596a506e15da1535082
Carteiras selecionadas,SUMUP SMART IV,SUMUP SMART IV,62626887000185,04/2026,Cotas SR / PL %,96.42228025948492,%,Visão Executiva canônica; cache IME local b6e526e7042b7b9ecd3c16c6f1afd1ff444561af8f7d4596a506e15da1535082,.cache/fundonet-ime/b6e526e7042b7b9ecd3c16c6f1afd1ff444561af8f7d4596a506e15da1535082
Carteiras selecionadas,SUMUP SMART IV,SUMUP SMART IV,62626887000185,03/2026,Cotas SR / PL %,96.59368539094729,%,Visão Executiva canônica; cache IME local b6e526e7042b7b9ecd3c16c6f1afd1ff444561af8f7d4596a506e15da1535082,.cache/fundonet-ime/b6e526e7042b7b9ecd3c16c6f1afd1ff444561af8f7d4596a506e15da1535082
Carteiras selecionadas,SUMUP SMART IV,SUMUP SMART IV,62626887000185,02/2026,Cotas SR / PL %,96.75699165002209,%,Visão Executiva canônica; cache IME local b6e526e7042b7b9ecd3c16c6f1afd1ff444561af8f7d4596a506e15da1535082,.cache/fundonet-ime/b6e526e7042b7b9ecd3c16c6f1afd1ff444561af8f7d4596a506e15da1535082
Carteiras selecionadas,SUMUP SMART IV,SUMUP SMART IV,62626887000185,01/2026,Cotas SR / PL %,96.88624853501818,%,Visão Executiva canônica; cache IME local b6e526e7042b7b9ecd3c16c6f1afd1ff444561af8f7d4596a506e15da1535082,.cache/fundonet-ime/b6e526e7042b7b9ecd3c16c6f1afd1ff444561af8f7d4596a506e15da1535082
Carteiras selecionadas,SUMUP SMART IV,SUMUP SMART IV,62626887000185,12/2025,Cotas SR / PL %,97.01761907244251,%,Visão Executiva canônica; cache IME local b6e526e7042b7b9ecd3c16c6f1afd1ff444561af8f7d4596a506e15da1535082,.cache/fundonet-ime/b6e526e7042b7b9ecd3c16c6f1afd1ff444561af8f7d4596a506e15da1535082
Carteiras selecionadas,SUMUP SMART IV,SUMUP SMART IV,62626887000185,11/2025,Cotas SR / PL %,97.1021000466258,%,Visão Executiva canônica; cache IME local b6e526e7042b7b9ecd3c16c6f1afd1ff444561af8f7d4596a506e15da1535082,.cache/fundonet-ime/b6e526e7042b7b9ecd3c16c6f1afd1ff444561af8f7d4596a506e15da1535082
Carteiras selecionadas,SUMUP SMART IV,SUMUP SMART IV,62626887000185,10/2025,Cotas SR / PL %,0.0,%,Visão Executiva canônica; cache IME local b6e526e7042b7b9ecd3c16c6f1afd1ff444561af8f7d4596a506e15da1535082,.cache/fundonet-ime/b6e526e7042b7b9ecd3c16c6f1afd1ff444561af8f7d4596a506e15da1535082
Carteiras selecionadas,SUMUP SMART IV,SUMUP SMART IV,62626887000185,06/2026,Cotas Sub / PL %,3.9748219096927038,%,Visão Executiva canônica; cache IME local b6e526e7042b7b9ecd3c16c6f1afd1ff444561af8f7d4596a506e15da1535082,.cache/fundonet-ime/b6e526e7042b7b9ecd3c16c6f1afd1ff444561af8f7d4596a506e15da1535082
Carteiras selecionadas,SUMUP SMART IV,SUMUP SMART IV,62626887000185,05/2026,Cotas Sub / PL %,3.7715453169228317,%,Visão Executiva canônica; cache IME local b6e526e7042b7b9ecd3c16c6f1afd1ff444561af8f7d4596a506e15da1535082,.cache/fundonet-ime/b6e526e7042b7b9ecd3c16c6f1afd1ff444561af8f7d4596a506e15da1535082
Carteiras selecionadas,SUMUP SMART IV,SUMUP SMART IV,62626887000185,04/2026,Cotas Sub / PL %,3.5777197384573536,%,Visão Executiva canônica; cache IME local b6e526e7042b7b9ecd3c16c6f1afd1ff444561af8f7d4596a506e15da1535082,.cache/fundonet-ime/b6e526e7042b7b9ecd3c16c6f1afd1ff444561af8f7d4596a506e15da1535082
Carteiras selecionadas,SUMUP SMART IV,SUMUP SMART IV,62626887000185,03/2026,Cotas Sub / PL %,3.40631460642203,%,Visão Executiva canônica; cache IME local b6e526e7042b7b9ecd3c16c6f1afd1ff444561af8f7d4596a506e15da1535082,.cache/fundonet-ime/b6e526e7042b7b9ecd3c16c6f1afd1ff444561af8f7d4596a506e15da1535082
Carteiras selecionadas,SUMUP SMART IV,SUMUP SMART IV,62626887000185,02/2026,Cotas Sub / PL %,3.24300835641069,%,Visão Executiva canônica; cache IME local b6e526e7042b7b9ecd3c16c6f1afd1ff444561af8f7d4596a506e15da1535082,.cache/fundonet-ime/b6e526e7042b7b9ecd3c16c6f1afd1ff444561af8f7d4596a506e15da1535082
Carteiras selecionadas,SUMUP SMART IV,SUMUP SMART IV,62626887000185,01/2026,Cotas Sub / PL %,3.1137522919047833,%,Visão Executiva canônica; cache IME local b6e526e7042b7b9ecd3c16c6f1afd1ff444561af8f7d4596a506e15da1535082,.cache/fundonet-ime/b6e526e7042b7b9ecd3c16c6f1afd1ff444561af8f7d4596a506e15da1535082
Carteiras selecionadas,SUMUP SMART IV,SUMUP SMART IV,62626887000185,12/2025,Cotas Sub / PL %,2.98238174442607,%,Visão Executiva canônica; cache IME local b6e526e7042b7b9ecd3c16c6f1afd1ff444561af8f7d4596a506e15da1535082,.cache/fundonet-ime/b6e526e7042b7b9ecd3c16c6f1afd1ff444561af8f7d4596a506e15da1535082
Carteiras selecionadas,SUMUP SMART IV,SUMUP SMART IV,62626887000185,11/2025,Cotas Sub / PL %,2.8978999572749813,%,Visão Executiva canônica; cache IME local b6e526e7042b7b9ecd3c16c6f1afd1ff444561af8f7d4596a506e15da1535082,.cache/fundonet-ime/b6e526e7042b7b9ecd3c16c6f1afd1ff444561af8f7d4596a506e15da1535082
Carteiras selecionadas,SUMUP SMART IV,SUMUP SMART IV,62626887000185,10/2025,Cotas Sub / PL %,99.99999999314475,%,Visão Executiva canônica; cache IME local b6e526e7042b7b9ecd3c16c6f1afd1ff444561af8f7d4596a506e15da1535082,.cache/fundonet-ime/b6e526e7042b7b9ecd3c16c6f1afd1ff444561af8f7d4596a506e15da1535082
Carteiras selecionadas,SUMUP SMART IV,SUMUP SMART IV,62626887000185,06/2026,Rentabilidade SR % a.m.,1.15,%,Visão Executiva canônica; cache IME local b6e526e7042b7b9ecd3c16c6f1afd1ff444561af8f7d4596a506e15da1535082,.cache/fundonet-ime/b6e526e7042b7b9ecd3c16c6f1afd1ff444561af8f7d4596a506e15da1535082
Carteiras selecionadas,SUMUP SMART IV,SUMUP SMART IV,62626887000185,05/2026,Rentabilidade SR % a.m.,1.11,%,Visão Executiva canônica; cache IME local b6e526e7042b7b9ecd3c16c6f1afd1ff444561af8f7d4596a506e15da1535082,.cache/fundonet-ime/b6e526e7042b7b9ecd3c16c6f1afd1ff444561af8f7d4596a506e15da1535082
Carteiras selecionadas,SUMUP SMART IV,SUMUP SMART IV,62626887000185,04/2026,Rentabilidade SR % a.m.,1.12,%,Visão Executiva canônica; cache IME local b6e526e7042b7b9ecd3c16c6f1afd1ff444561af8f7d4596a506e15da1535082,.cache/fundonet-ime/b6e526e7042b7b9ecd3c16c6f1afd1ff444561af8f7d4596a506e15da1535082
Carteiras selecionadas,SUMUP SMART IV,SUMUP SMART IV,62626887000185,03/2026,Rentabilidade SR % a.m.,1.25,%,Visão Executiva canônica; cache IME local b6e526e7042b7b9ecd3c16c6f1afd1ff444561af8f7d4596a506e15da1535082,.cache/fundonet-ime/b6e526e7042b7b9ecd3c16c6f1afd1ff444561af8f7d4596a506e15da1535082
Carteiras selecionadas,SUMUP SMART IV,SUMUP SMART IV,62626887000185,02/2026,Rentabilidade SR % a.m.,1.03,%,Visão Executiva canônica; cache IME local b6e526e7042b7b9ecd3c16c6f1afd1ff444561af8f7d4596a506e15da1535082,.cache/fundonet-ime/b6e526e7042b7b9ecd3c16c6f1afd1ff444561af8f7d4596a506e15da1535082
Carteiras selecionadas,SUMUP SMART IV,SUMUP SMART IV,62626887000185,01/2026,Rentabilidade SR % a.m.,1.2,%,Visão Executiva canônica; cache IME local b6e526e7042b7b9ecd3c16c6f1afd1ff444561af8f7d4596a506e15da1535082,.cache/fundonet-ime/b6e526e7042b7b9ecd3c16c6f1afd1ff444561af8f7d4596a506e15da1535082
Carteiras selecionadas,SUMUP SMART IV,SUMUP SMART IV,62626887000185,12/2025,Rentabilidade SR % a.m.,1.26,%,Visão Executiva canônica; cache IME local b6e526e7042b7b9ecd3c16c6f1afd1ff444561af8f7d4596a506e15da1535082,.cache/fundonet-ime/b6e526e7042b7b9ecd3c16c6f1afd1ff444561af8f7d4596a506e15da1535082
Carteiras selecionadas,SUMUP SMART IV,SUMUP SMART IV,62626887000185,11/2025,Rentabilidade SR % a.m.,0.4600000000000001,%,Visão Executiva canônica; cache IME local b6e526e7042b7b9ecd3c16c6f1afd1ff444561af8f7d4596a506e15da1535082,.cache/fundonet-ime/b6e526e7042b7b9ecd3c16c6f1afd1ff444561af8f7d4596a506e15da1535082
Carteiras selecionadas,SUMUP SMART IV,SUMUP SMART IV,62626887000185,10/2025,Rentabilidade SR % a.m.,0.0,%,Visão Executiva canônica; cache IME local b6e526e7042b7b9ecd3c16c6f1afd1ff444561af8f7d4596a506e15da1535082,.cache/fundonet-ime/b6e526e7042b7b9ecd3c16c6f1afd1ff444561af8f7d4596a506e15da1535082
Carteiras selecionadas,SUMUP SMART IV,SUMUP SMART IV,62626887000185,06/2026,Rentabilidade Sub % a.m.,5.659999999999999,%,Visão Executiva canônica; cache IME local b6e526e7042b7b9ecd3c16c6f1afd1ff444561af8f7d4596a506e15da1535082,.cache/fundonet-ime/b6e526e7042b7b9ecd3c16c6f1afd1ff444561af8f7d4596a506e15da1535082
Carteiras selecionadas,SUMUP SMART IV,SUMUP SMART IV,62626887000185,05/2026,Rentabilidade Sub % a.m.,5.62,%,Visão Executiva canônica; cache IME local b6e526e7042b7b9ecd3c16c6f1afd1ff444561af8f7d4596a506e15da1535082,.cache/fundonet-ime/b6e526e7042b7b9ecd3c16c6f1afd1ff444561af8f7d4596a506e15da1535082
Carteiras selecionadas,SUMUP SMART IV,SUMUP SMART IV,62626887000185,04/2026,Rentabilidade Sub % a.m.,5.09,%,Visão Executiva canônica; cache IME local b6e526e7042b7b9ecd3c16c6f1afd1ff444561af8f7d4596a506e15da1535082,.cache/fundonet-ime/b6e526e7042b7b9ecd3c16c6f1afd1ff444561af8f7d4596a506e15da1535082
Carteiras selecionadas,SUMUP SMART IV,SUMUP SMART IV,62626887000185,03/2026,Rentabilidade Sub % a.m.,5.45,%,Visão Executiva canônica; cache IME local b6e526e7042b7b9ecd3c16c6f1afd1ff444561af8f7d4596a506e15da1535082,.cache/fundonet-ime/b6e526e7042b7b9ecd3c16c6f1afd1ff444561af8f7d4596a506e15da1535082
Carteiras selecionadas,SUMUP SMART IV,SUMUP SMART IV,62626887000185,02/2026,Rentabilidade Sub % a.m.,4.11,%,Visão Executiva canônica; cache IME local b6e526e7042b7b9ecd3c16c6f1afd1ff444561af8f7d4596a506e15da1535082,.cache/fundonet-ime/b6e526e7042b7b9ecd3c16c6f1afd1ff444561af8f7d4596a506e15da1535082
Carteiras selecionadas,SUMUP SMART IV,SUMUP SMART IV,62626887000185,01/2026,Rentabilidade Sub % a.m.,4.55,%,Visão Executiva canônica; cache IME local b6e526e7042b7b9ecd3c16c6f1afd1ff444561af8f7d4596a506e15da1535082,.cache/fundonet-ime/b6e526e7042b7b9ecd3c16c6f1afd1ff444561af8f7d4596a506e15da1535082
Carteiras selecionadas,SUMUP SMART IV,SUMUP SMART IV,62626887000185,12/2025,Rentabilidade Sub % a.m.,3.42,%,Visão Executiva canônica; cache IME local b6e526e7042b7b9ecd3c16c6f1afd1ff444561af8f7d4596a506e15da1535082,.cache/fundonet-ime/b6e526e7042b7b9ecd3c16c6f1afd1ff444561af8f7d4596a506e15da1535082
Carteiras selecionadas,SUMUP SMART IV,SUMUP SMART IV,62626887000185,11/2025,Rentabilidade Sub % a.m.,-36.8,%,Visão Executiva canônica; cache IME local b6e526e7042b7b9ecd3c16c6f1afd1ff444561af8f7d4596a506e15da1535082,.cache/fundonet-ime/b6e526e7042b7b9ecd3c16c6f1afd1ff444561af8f7d4596a506e15da1535082
Carteiras selecionadas,SUMUP SMART IV,SUMUP SMART IV,62626887000185,10/2025,Rentabilidade Sub % a.m.,1.1,%,Visão Executiva canônica; cache IME local b6e526e7042b7b9ecd3c16c6f1afd1ff444561af8f7d4596a506e15da1535082,.cache/fundonet-ime/b6e526e7042b7b9ecd3c16c6f1afd1ff444561af8f7d4596a506e15da1535082
Carteiras selecionadas,SUMUP SMART IV,SUMUP SMART IV,62626887000185,06/2026,Cotas MZ / PL %,0.0,%,Visão Executiva canônica; cache IME local b6e526e7042b7b9ecd3c16c6f1afd1ff444561af8f7d4596a506e15da1535082,.cache/fundonet-ime/b6e526e7042b7b9ecd3c16c6f1afd1ff444561af8f7d4596a506e15da1535082
Carteiras selecionadas,SUMUP SMART IV,SUMUP SMART IV,62626887000185,05/2026,Cotas MZ / PL %,0.0,%,Visão Executiva canônica; cache IME local b6e526e7042b7b9ecd3c16c6f1afd1ff444561af8f7d4596a506e15da1535082,.cache/fundonet-ime/b6e526e7042b7b9ecd3c16c6f1afd1ff444561af8f7d4596a506e15da1535082
Carteiras selecionadas,SUMUP SMART IV,SUMUP SMART IV,62626887000185,04/2026,Cotas MZ / PL %,0.0,%,Visão Executiva canônica; cache IME local b6e526e7042b7b9ecd3c16c6f1afd1ff444561af8f7d4596a506e15da1535082,.cache/fundonet-ime/b6e526e7042b7b9ecd3c16c6f1afd1ff444561af8f7d4596a506e15da1535082
Carteiras selecionadas,SUMUP SMART IV,SUMUP SMART IV,62626887000185,03/2026,Cotas MZ / PL %,0.0,%,Visão Executiva canônica; cache IME local b6e526e7042b7b9ecd3c16c6f1afd1ff444561af8f7d4596a506e15da1535082,.cache/fundonet-ime/b6e526e7042b7b9ecd3c16c6f1afd1ff444561af8f7d4596a506e15da1535082
Carteiras selecionadas,SUMUP SMART IV,SUMUP SMART IV,62626887000185,02/2026,Cotas MZ / PL %,0.0,%,Visão Executiva canônica; cache IME local b6e526e7042b7b9ecd3c16c6f1afd1ff444561af8f7d4596a506e15da1535082,.cache/fundonet-ime/b6e526e7042b7b9ecd3c16c6f1afd1ff444561af8f7d4596a506e15da1535082
Carteiras selecionadas,SUMUP SMART IV,SUMUP SMART IV,62626887000185,01/2026,Cotas MZ / PL %,0.0,%,Visão Executiva canônica; cache IME local b6e526e7042b7b9ecd3c16c6f1afd1ff444561af8f7d4596a506e15da1535082,.cache/fundonet-ime/b6e526e7042b7b9ecd3c16c6f1afd1ff444561af8f7d4596a506e15da1535082
Carteiras selecionadas,SUMUP SMART IV,SUMUP SMART IV,62626887000185,12/2025,Cotas MZ / PL %,0.0,%,Visão Executiva canônica; cache IME local b6e526e7042b7b9ecd3c16c6f1afd1ff444561af8f7d4596a506e15da1535082,.cache/fundonet-ime/b6e526e7042b7b9ecd3c16c6f1afd1ff444561af8f7d4596a506e15da1535082
Carteiras selecionadas,SUMUP SMART IV,SUMUP SMART IV,62626887000185,11/2025,Cotas MZ / PL %,0.0,%,Visão Executiva canônica; cache IME local b6e526e7042b7b9ecd3c16c6f1afd1ff444561af8f7d4596a506e15da1535082,.cache/fundonet-ime/b6e526e7042b7b9ecd3c16c6f1afd1ff444561af8f7d4596a506e15da1535082
Carteiras selecionadas,SUMUP SMART IV,SUMUP SMART IV,62626887000185,10/2025,Cotas MZ / PL %,0.0,%,Visão Executiva canônica; cache IME local b6e526e7042b7b9ecd3c16c6f1afd1ff444561af8f7d4596a506e15da1535082,.cache/fundonet-ime/b6e526e7042b7b9ecd3c16c6f1afd1ff444561af8f7d4596a506e15da1535082
Carteiras selecionadas,SUMUP SOLO,SUMUP SOLO,45598747000121,06/2026,PL (R$),378059320.79,R$ bruto,Visão Executiva canônica; cache IME local 515ee8393a35855dd0afbec2f255c4e303ff92cdf606f6b59b9d23f5ec53f218,.cache/fundonet-ime/515ee8393a35855dd0afbec2f255c4e303ff92cdf606f6b59b9d23f5ec53f218
Carteiras selecionadas,SUMUP SOLO,SUMUP SOLO,45598747000121,05/2026,PL (R$),362784782.62,R$ bruto,Visão Executiva canônica; cache IME local 515ee8393a35855dd0afbec2f255c4e303ff92cdf606f6b59b9d23f5ec53f218,.cache/fundonet-ime/515ee8393a35855dd0afbec2f255c4e303ff92cdf606f6b59b9d23f5ec53f218
Carteiras selecionadas,SUMUP SOLO,SUMUP SOLO,45598747000121,04/2026,PL (R$),380840962.89,R$ bruto,Visão Executiva canônica; cache IME local 515ee8393a35855dd0afbec2f255c4e303ff92cdf606f6b59b9d23f5ec53f218,.cache/fundonet-ime/515ee8393a35855dd0afbec2f255c4e303ff92cdf606f6b59b9d23f5ec53f218
Carteiras selecionadas,SUMUP SOLO,SUMUP SOLO,45598747000121,03/2026,PL (R$),376194042.17,R$ bruto,Visão Executiva canônica; cache IME local 515ee8393a35855dd0afbec2f255c4e303ff92cdf606f6b59b9d23f5ec53f218,.cache/fundonet-ime/515ee8393a35855dd0afbec2f255c4e303ff92cdf606f6b59b9d23f5ec53f218
Carteiras selecionadas,SUMUP SOLO,SUMUP SOLO,45598747000121,02/2026,PL (R$),371102845.65,R$ bruto,Visão Executiva canônica; cache IME local 515ee8393a35855dd0afbec2f255c4e303ff92cdf606f6b59b9d23f5ec53f218,.cache/fundonet-ime/515ee8393a35855dd0afbec2f255c4e303ff92cdf606f6b59b9d23f5ec53f218
Carteiras selecionadas,SUMUP SOLO,SUMUP SOLO,45598747000121,01/2026,PL (R$),367035093.86,R$ bruto,Visão Executiva canônica; cache IME local 515ee8393a35855dd0afbec2f255c4e303ff92cdf606f6b59b9d23f5ec53f218,.cache/fundonet-ime/515ee8393a35855dd0afbec2f255c4e303ff92cdf606f6b59b9d23f5ec53f218
Carteiras selecionadas,SUMUP SOLO,SUMUP SOLO,45598747000121,12/2025,PL (R$),362258298.04,R$ bruto,Visão Executiva canônica; cache IME local 515ee8393a35855dd0afbec2f255c4e303ff92cdf606f6b59b9d23f5ec53f218,.cache/fundonet-ime/515ee8393a35855dd0afbec2f255c4e303ff92cdf606f6b59b9d23f5ec53f218
Carteiras selecionadas,SUMUP SOLO,SUMUP SOLO,45598747000121,10/2025,PL (R$),381645536.42,R$ bruto,Visão Executiva canônica; cache IME local 515ee8393a35855dd0afbec2f255c4e303ff92cdf606f6b59b9d23f5ec53f218,.cache/fundonet-ime/515ee8393a35855dd0afbec2f255c4e303ff92cdf606f6b59b9d23f5ec53f218
Carteiras selecionadas,SUMUP SOLO,SUMUP SOLO,45598747000121,09/2025,PL (R$),376224556.66,R$ bruto,Visão Executiva canônica; cache IME local 515ee8393a35855dd0afbec2f255c4e303ff92cdf606f6b59b9d23f5ec53f218,.cache/fundonet-ime/515ee8393a35855dd0afbec2f255c4e303ff92cdf606f6b59b9d23f5ec53f218
Carteiras selecionadas,SUMUP SOLO,SUMUP SOLO,45598747000121,08/2025,PL (R$),371034046.61,R$ bruto,Visão Executiva canônica; cache IME local 515ee8393a35855dd0afbec2f255c4e303ff92cdf606f6b59b9d23f5ec53f218,.cache/fundonet-ime/515ee8393a35855dd0afbec2f255c4e303ff92cdf606f6b59b9d23f5ec53f218
Carteiras selecionadas,SUMUP SOLO,SUMUP SOLO,45598747000121,07/2025,PL (R$),365954849.14,R$ bruto,Visão Executiva canônica; cache IME local 515ee8393a35855dd0afbec2f255c4e303ff92cdf606f6b59b9d23f5ec53f218,.cache/fundonet-ime/515ee8393a35855dd0afbec2f255c4e303ff92cdf606f6b59b9d23f5ec53f218
Carteiras selecionadas,SUMUP SOLO,SUMUP SOLO,45598747000121,06/2025,PL (R$),360861290.09,R$ bruto,Visão Executiva canônica; cache IME local 515ee8393a35855dd0afbec2f255c4e303ff92cdf606f6b59b9d23f5ec53f218,.cache/fundonet-ime/515ee8393a35855dd0afbec2f255c4e303ff92cdf606f6b59b9d23f5ec53f218
Carteiras selecionadas,SUMUP SOLO,SUMUP SOLO,45598747000121,05/2025,PL (R$),356356455.8,R$ bruto,Visão Executiva canônica; cache IME local 515ee8393a35855dd0afbec2f255c4e303ff92cdf606f6b59b9d23f5ec53f218,.cache/fundonet-ime/515ee8393a35855dd0afbec2f255c4e303ff92cdf606f6b59b9d23f5ec53f218
Carteiras selecionadas,SUMUP SOLO,SUMUP SOLO,45598747000121,04/2025,PL (R$),219074287.96,R$ bruto,Visão Executiva canônica; cache IME local 515ee8393a35855dd0afbec2f255c4e303ff92cdf606f6b59b9d23f5ec53f218,.cache/fundonet-ime/515ee8393a35855dd0afbec2f255c4e303ff92cdf606f6b59b9d23f5ec53f218
Carteiras selecionadas,SUMUP SOLO,SUMUP SOLO,45598747000121,03/2025,PL (R$),78357669.71,R$ bruto,Visão Executiva canônica; cache IME local 515ee8393a35855dd0afbec2f255c4e303ff92cdf606f6b59b9d23f5ec53f218,.cache/fundonet-ime/515ee8393a35855dd0afbec2f255c4e303ff92cdf606f6b59b9d23f5ec53f218
Carteiras selecionadas,SUMUP SOLO,SUMUP SOLO,45598747000121,02/2025,PL (R$),111689964.07,R$ bruto,Visão Executiva canônica; cache IME local 515ee8393a35855dd0afbec2f255c4e303ff92cdf606f6b59b9d23f5ec53f218,.cache/fundonet-ime/515ee8393a35855dd0afbec2f255c4e303ff92cdf606f6b59b9d23f5ec53f218
Carteiras selecionadas,SUMUP SOLO,SUMUP SOLO,45598747000121,01/2025,PL (R$),151147172.83,R$ bruto,Visão Executiva canônica; cache IME local 515ee8393a35855dd0afbec2f255c4e303ff92cdf606f6b59b9d23f5ec53f218,.cache/fundonet-ime/515ee8393a35855dd0afbec2f255c4e303ff92cdf606f6b59b9d23f5ec53f218
Carteiras selecionadas,SUMUP SOLO,SUMUP SOLO,45598747000121,06/2026,PL (R$ MM),378.05932079,R$ MM,Visão Executiva canônica; cache IME local 515ee8393a35855dd0afbec2f255c4e303ff92cdf606f6b59b9d23f5ec53f218,.cache/fundonet-ime/515ee8393a35855dd0afbec2f255c4e303ff92cdf606f6b59b9d23f5ec53f218
Carteiras selecionadas,SUMUP SOLO,SUMUP SOLO,45598747000121,05/2026,PL (R$ MM),362.78478262,R$ MM,Visão Executiva canônica; cache IME local 515ee8393a35855dd0afbec2f255c4e303ff92cdf606f6b59b9d23f5ec53f218,.cache/fundonet-ime/515ee8393a35855dd0afbec2f255c4e303ff92cdf606f6b59b9d23f5ec53f218
Carteiras selecionadas,SUMUP SOLO,SUMUP SOLO,45598747000121,04/2026,PL (R$ MM),380.84096288999996,R$ MM,Visão Executiva canônica; cache IME local 515ee8393a35855dd0afbec2f255c4e303ff92cdf606f6b59b9d23f5ec53f218,.cache/fundonet-ime/515ee8393a35855dd0afbec2f255c4e303ff92cdf606f6b59b9d23f5ec53f218
Carteiras selecionadas,SUMUP SOLO,SUMUP SOLO,45598747000121,03/2026,PL (R$ MM),376.19404217,R$ MM,Visão Executiva canônica; cache IME local 515ee8393a35855dd0afbec2f255c4e303ff92cdf606f6b59b9d23f5ec53f218,.cache/fundonet-ime/515ee8393a35855dd0afbec2f255c4e303ff92cdf606f6b59b9d23f5ec53f218
Carteiras selecionadas,SUMUP SOLO,SUMUP SOLO,45598747000121,02/2026,PL (R$ MM),371.10284564999995,R$ MM,Visão Executiva canônica; cache IME local 515ee8393a35855dd0afbec2f255c4e303ff92cdf606f6b59b9d23f5ec53f218,.cache/fundonet-ime/515ee8393a35855dd0afbec2f255c4e303ff92cdf606f6b59b9d23f5ec53f218
Carteiras selecionadas,SUMUP SOLO,SUMUP SOLO,45598747000121,01/2026,PL (R$ MM),367.03509386,R$ MM,Visão Executiva canônica; cache IME local 515ee8393a35855dd0afbec2f255c4e303ff92cdf606f6b59b9d23f5ec53f218,.cache/fundonet-ime/515ee8393a35855dd0afbec2f255c4e303ff92cdf606f6b59b9d23f5ec53f218
Carteiras selecionadas,SUMUP SOLO,SUMUP SOLO,45598747000121,12/2025,PL (R$ MM),362.25829804,R$ MM,Visão Executiva canônica; cache IME local 515ee8393a35855dd0afbec2f255c4e303ff92cdf606f6b59b9d23f5ec53f218,.cache/fundonet-ime/515ee8393a35855dd0afbec2f255c4e303ff92cdf606f6b59b9d23f5ec53f218
Carteiras selecionadas,SUMUP SOLO,SUMUP SOLO,45598747000121,10/2025,PL (R$ MM),381.64553642000004,R$ MM,Visão Executiva canônica; cache IME local 515ee8393a35855dd0afbec2f255c4e303ff92cdf606f6b59b9d23f5ec53f218,.cache/fundonet-ime/515ee8393a35855dd0afbec2f255c4e303ff92cdf606f6b59b9d23f5ec53f218
Carteiras selecionadas,SUMUP SOLO,SUMUP SOLO,45598747000121,09/2025,PL (R$ MM),376.22455666,R$ MM,Visão Executiva canônica; cache IME local 515ee8393a35855dd0afbec2f255c4e303ff92cdf606f6b59b9d23f5ec53f218,.cache/fundonet-ime/515ee8393a35855dd0afbec2f255c4e303ff92cdf606f6b59b9d23f5ec53f218
Carteiras selecionadas,SUMUP SOLO,SUMUP SOLO,45598747000121,08/2025,PL (R$ MM),371.03404661,R$ MM,Visão Executiva canônica; cache IME local 515ee8393a35855dd0afbec2f255c4e303ff92cdf606f6b59b9d23f5ec53f218,.cache/fundonet-ime/515ee8393a35855dd0afbec2f255c4e303ff92cdf606f6b59b9d23f5ec53f218
Carteiras selecionadas,SUMUP SOLO,SUMUP SOLO,45598747000121,07/2025,PL (R$ MM),365.95484913999996,R$ MM,Visão Executiva canônica; cache IME local 515ee8393a35855dd0afbec2f255c4e303ff92cdf606f6b59b9d23f5ec53f218,.cache/fundonet-ime/515ee8393a35855dd0afbec2f255c4e303ff92cdf606f6b59b9d23f5ec53f218
Carteiras selecionadas,SUMUP SOLO,SUMUP SOLO,45598747000121,06/2025,PL (R$ MM),360.86129008999995,R$ MM,Visão Executiva canônica; cache IME local 515ee8393a35855dd0afbec2f255c4e303ff92cdf606f6b59b9d23f5ec53f218,.cache/fundonet-ime/515ee8393a35855dd0afbec2f255c4e303ff92cdf606f6b59b9d23f5ec53f218
Carteiras selecionadas,SUMUP SOLO,SUMUP SOLO,45598747000121,05/2025,PL (R$ MM),356.3564558,R$ MM,Visão Executiva canônica; cache IME local 515ee8393a35855dd0afbec2f255c4e303ff92cdf606f6b59b9d23f5ec53f218,.cache/fundonet-ime/515ee8393a35855dd0afbec2f255c4e303ff92cdf606f6b59b9d23f5ec53f218
Carteiras selecionadas,SUMUP SOLO,SUMUP SOLO,45598747000121,04/2025,PL (R$ MM),219.07428796000002,R$ MM,Visão Executiva canônica; cache IME local 515ee8393a35855dd0afbec2f255c4e303ff92cdf606f6b59b9d23f5ec53f218,.cache/fundonet-ime/515ee8393a35855dd0afbec2f255c4e303ff92cdf606f6b59b9d23f5ec53f218
Carteiras selecionadas,SUMUP SOLO,SUMUP SOLO,45598747000121,03/2025,PL (R$ MM),78.35766971,R$ MM,Visão Executiva canônica; cache IME local 515ee8393a35855dd0afbec2f255c4e303ff92cdf606f6b59b9d23f5ec53f218,.cache/fundonet-ime/515ee8393a35855dd0afbec2f255c4e303ff92cdf606f6b59b9d23f5ec53f218
Carteiras selecionadas,SUMUP SOLO,SUMUP SOLO,45598747000121,02/2025,PL (R$ MM),111.68996406999999,R$ MM,Visão Executiva canônica; cache IME local 515ee8393a35855dd0afbec2f255c4e303ff92cdf606f6b59b9d23f5ec53f218,.cache/fundonet-ime/515ee8393a35855dd0afbec2f255c4e303ff92cdf606f6b59b9d23f5ec53f218
Carteiras selecionadas,SUMUP SOLO,SUMUP SOLO,45598747000121,01/2025,PL (R$ MM),151.14717283000002,R$ MM,Visão Executiva canônica; cache IME local 515ee8393a35855dd0afbec2f255c4e303ff92cdf606f6b59b9d23f5ec53f218,.cache/fundonet-ime/515ee8393a35855dd0afbec2f255c4e303ff92cdf606f6b59b9d23f5ec53f218
Carteiras selecionadas,SUMUP SOLO,SUMUP SOLO,45598747000121,06/2026,Dir Cred (R$ MM),355.10373298,R$ MM,Visão Executiva canônica; cache IME local 515ee8393a35855dd0afbec2f255c4e303ff92cdf606f6b59b9d23f5ec53f218,.cache/fundonet-ime/515ee8393a35855dd0afbec2f255c4e303ff92cdf606f6b59b9d23f5ec53f218
Carteiras selecionadas,SUMUP SOLO,SUMUP SOLO,45598747000121,05/2026,Dir Cred (R$ MM),348.61197874,R$ MM,Visão Executiva canônica; cache IME local 515ee8393a35855dd0afbec2f255c4e303ff92cdf606f6b59b9d23f5ec53f218,.cache/fundonet-ime/515ee8393a35855dd0afbec2f255c4e303ff92cdf606f6b59b9d23f5ec53f218
Carteiras selecionadas,SUMUP SOLO,SUMUP SOLO,45598747000121,04/2026,Dir Cred (R$ MM),362.88411999,R$ MM,Visão Executiva canônica; cache IME local 515ee8393a35855dd0afbec2f255c4e303ff92cdf606f6b59b9d23f5ec53f218,.cache/fundonet-ime/515ee8393a35855dd0afbec2f255c4e303ff92cdf606f6b59b9d23f5ec53f218
Carteiras selecionadas,SUMUP SOLO,SUMUP SOLO,45598747000121,03/2026,Dir Cred (R$ MM),354.833778,R$ MM,Visão Executiva canônica; cache IME local 515ee8393a35855dd0afbec2f255c4e303ff92cdf606f6b59b9d23f5ec53f218,.cache/fundonet-ime/515ee8393a35855dd0afbec2f255c4e303ff92cdf606f6b59b9d23f5ec53f218
Carteiras selecionadas,SUMUP SOLO,SUMUP SOLO,45598747000121,02/2026,Dir Cred (R$ MM),360.65250639,R$ MM,Visão Executiva canônica; cache IME local 515ee8393a35855dd0afbec2f255c4e303ff92cdf606f6b59b9d23f5ec53f218,.cache/fundonet-ime/515ee8393a35855dd0afbec2f255c4e303ff92cdf606f6b59b9d23f5ec53f218
Carteiras selecionadas,SUMUP SOLO,SUMUP SOLO,45598747000121,01/2026,Dir Cred (R$ MM),340.94150150999997,R$ MM,Visão Executiva canônica; cache IME local 515ee8393a35855dd0afbec2f255c4e303ff92cdf606f6b59b9d23f5ec53f218,.cache/fundonet-ime/515ee8393a35855dd0afbec2f255c4e303ff92cdf606f6b59b9d23f5ec53f218
Carteiras selecionadas,SUMUP SOLO,SUMUP SOLO,45598747000121,12/2025,Dir Cred (R$ MM),304.42334402,R$ MM,Visão Executiva canônica; cache IME local 515ee8393a35855dd0afbec2f255c4e303ff92cdf606f6b59b9d23f5ec53f218,.cache/fundonet-ime/515ee8393a35855dd0afbec2f255c4e303ff92cdf606f6b59b9d23f5ec53f218
Carteiras selecionadas,SUMUP SOLO,SUMUP SOLO,45598747000121,10/2025,Dir Cred (R$ MM),362.60984981,R$ MM,Visão Executiva canônica; cache IME local 515ee8393a35855dd0afbec2f255c4e303ff92cdf606f6b59b9d23f5ec53f218,.cache/fundonet-ime/515ee8393a35855dd0afbec2f255c4e303ff92cdf606f6b59b9d23f5ec53f218
Carteiras selecionadas,SUMUP SOLO,SUMUP SOLO,45598747000121,09/2025,Dir Cred (R$ MM),374.95556969,R$ MM,Visão Executiva canônica; cache IME local 515ee8393a35855dd0afbec2f255c4e303ff92cdf606f6b59b9d23f5ec53f218,.cache/fundonet-ime/515ee8393a35855dd0afbec2f255c4e303ff92cdf606f6b59b9d23f5ec53f218
Carteiras selecionadas,SUMUP SOLO,SUMUP SOLO,45598747000121,08/2025,Dir Cred (R$ MM),369.80749993,R$ MM,Visão Executiva canônica; cache IME local 515ee8393a35855dd0afbec2f255c4e303ff92cdf606f6b59b9d23f5ec53f218,.cache/fundonet-ime/515ee8393a35855dd0afbec2f255c4e303ff92cdf606f6b59b9d23f5ec53f218
Carteiras selecionadas,SUMUP SOLO,SUMUP SOLO,45598747000121,07/2025,Dir Cred (R$ MM),362.10542763999996,R$ MM,Visão Executiva canônica; cache IME local 515ee8393a35855dd0afbec2f255c4e303ff92cdf606f6b59b9d23f5ec53f218,.cache/fundonet-ime/515ee8393a35855dd0afbec2f255c4e303ff92cdf606f6b59b9d23f5ec53f218
Carteiras selecionadas,SUMUP SOLO,SUMUP SOLO,45598747000121,06/2025,Dir Cred (R$ MM),354.86571445,R$ MM,Visão Executiva canônica; cache IME local 515ee8393a35855dd0afbec2f255c4e303ff92cdf606f6b59b9d23f5ec53f218,.cache/fundonet-ime/515ee8393a35855dd0afbec2f255c4e303ff92cdf606f6b59b9d23f5ec53f218
Carteiras selecionadas,SUMUP SOLO,SUMUP SOLO,45598747000121,05/2025,Dir Cred (R$ MM),355.39088219,R$ MM,Visão Executiva canônica; cache IME local 515ee8393a35855dd0afbec2f255c4e303ff92cdf606f6b59b9d23f5ec53f218,.cache/fundonet-ime/515ee8393a35855dd0afbec2f255c4e303ff92cdf606f6b59b9d23f5ec53f218
Carteiras selecionadas,SUMUP SOLO,SUMUP SOLO,45598747000121,04/2025,Dir Cred (R$ MM),151.34134788,R$ MM,Visão Executiva canônica; cache IME local 515ee8393a35855dd0afbec2f255c4e303ff92cdf606f6b59b9d23f5ec53f218,.cache/fundonet-ime/515ee8393a35855dd0afbec2f255c4e303ff92cdf606f6b59b9d23f5ec53f218
Carteiras selecionadas,SUMUP SOLO,SUMUP SOLO,45598747000121,03/2025,Dir Cred (R$ MM),67.85604836,R$ MM,Visão Executiva canônica; cache IME local 515ee8393a35855dd0afbec2f255c4e303ff92cdf606f6b59b9d23f5ec53f218,.cache/fundonet-ime/515ee8393a35855dd0afbec2f255c4e303ff92cdf606f6b59b9d23f5ec53f218
Carteiras selecionadas,SUMUP SOLO,SUMUP SOLO,45598747000121,02/2025,Dir Cred (R$ MM),101.53147691,R$ MM,Visão Executiva canônica; cache IME local 515ee8393a35855dd0afbec2f255c4e303ff92cdf606f6b59b9d23f5ec53f218,.cache/fundonet-ime/515ee8393a35855dd0afbec2f255c4e303ff92cdf606f6b59b9d23f5ec53f218
Carteiras selecionadas,SUMUP SOLO,SUMUP SOLO,45598747000121,01/2025,Dir Cred (R$ MM),131.11372519,R$ MM,Visão Executiva canônica; cache IME local 515ee8393a35855dd0afbec2f255c4e303ff92cdf606f6b59b9d23f5ec53f218,.cache/fundonet-ime/515ee8393a35855dd0afbec2f255c4e303ff92cdf606f6b59b9d23f5ec53f218
Carteiras selecionadas,SUMUP SOLO,SUMUP SOLO,45598747000121,06/2026,Dir Cred / PL,0.939280460637681,ratio,Visão Executiva canônica; cache IME local 515ee8393a35855dd0afbec2f255c4e303ff92cdf606f6b59b9d23f5ec53f218,.cache/fundonet-ime/515ee8393a35855dd0afbec2f255c4e303ff92cdf606f6b59b9d23f5ec53f218
Carteiras selecionadas,SUMUP SOLO,SUMUP SOLO,45598747000121,05/2026,Dir Cred / PL,0.9609333010672464,ratio,Visão Executiva canônica; cache IME local 515ee8393a35855dd0afbec2f255c4e303ff92cdf606f6b59b9d23f5ec53f218,.cache/fundonet-ime/515ee8393a35855dd0afbec2f255c4e303ff92cdf606f6b59b9d23f5ec53f218
Carteiras selecionadas,SUMUP SOLO,SUMUP SOLO,45598747000121,04/2026,Dir Cred / PL,0.9528494971661267,ratio,Visão Executiva canônica; cache IME local 515ee8393a35855dd0afbec2f255c4e303ff92cdf606f6b59b9d23f5ec53f218,.cache/fundonet-ime/515ee8393a35855dd0afbec2f255c4e303ff92cdf606f6b59b9d23f5ec53f218
Carteiras selecionadas,SUMUP SOLO,SUMUP SOLO,45598747000121,03/2026,Dir Cred / PL,0.9432200891678464,ratio,Visão Executiva canônica; cache IME local 515ee8393a35855dd0afbec2f255c4e303ff92cdf606f6b59b9d23f5ec53f218,.cache/fundonet-ime/515ee8393a35855dd0afbec2f255c4e303ff92cdf606f6b59b9d23f5ec53f218
Carteiras selecionadas,SUMUP SOLO,SUMUP SOLO,45598747000121,02/2026,Dir Cred / PL,0.971839776001459,ratio,Visão Executiva canônica; cache IME local 515ee8393a35855dd0afbec2f255c4e303ff92cdf606f6b59b9d23f5ec53f218,.cache/fundonet-ime/515ee8393a35855dd0afbec2f255c4e303ff92cdf606f6b59b9d23f5ec53f218
Carteiras selecionadas,SUMUP SOLO,SUMUP SOLO,45598747000121,01/2026,Dir Cred / PL,0.928907091483865,ratio,Visão Executiva canônica; cache IME local 515ee8393a35855dd0afbec2f255c4e303ff92cdf606f6b59b9d23f5ec53f218,.cache/fundonet-ime/515ee8393a35855dd0afbec2f255c4e303ff92cdf606f6b59b9d23f5ec53f218
Carteiras selecionadas,SUMUP SOLO,SUMUP SOLO,45598747000121,12/2025,Dir Cred / PL,0.8403488496111302,ratio,Visão Executiva canônica; cache IME local 515ee8393a35855dd0afbec2f255c4e303ff92cdf606f6b59b9d23f5ec53f218,.cache/fundonet-ime/515ee8393a35855dd0afbec2f255c4e303ff92cdf606f6b59b9d23f5ec53f218
Carteiras selecionadas,SUMUP SOLO,SUMUP SOLO,45598747000121,10/2025,Dir Cred / PL,0.9501220771804042,ratio,Visão Executiva canônica; cache IME local 515ee8393a35855dd0afbec2f255c4e303ff92cdf606f6b59b9d23f5ec53f218,.cache/fundonet-ime/515ee8393a35855dd0afbec2f255c4e303ff92cdf606f6b59b9d23f5ec53f218
Carteiras selecionadas,SUMUP SOLO,SUMUP SOLO,45598747000121,09/2025,Dir Cred / PL,0.9966270490654154,ratio,Visão Executiva canônica; cache IME local 515ee8393a35855dd0afbec2f255c4e303ff92cdf606f6b59b9d23f5ec53f218,.cache/fundonet-ime/515ee8393a35855dd0afbec2f255c4e303ff92cdf606f6b59b9d23f5ec53f218
Carteiras selecionadas,SUMUP SOLO,SUMUP SOLO,45598747000121,08/2025,Dir Cred / PL,0.9966942476271208,ratio,Visão Executiva canônica; cache IME local 515ee8393a35855dd0afbec2f255c4e303ff92cdf606f6b59b9d23f5ec53f218,.cache/fundonet-ime/515ee8393a35855dd0afbec2f255c4e303ff92cdf606f6b59b9d23f5ec53f218
Carteiras selecionadas,SUMUP SOLO,SUMUP SOLO,45598747000121,07/2025,Dir Cred / PL,0.989481157281981,ratio,Visão Executiva canônica; cache IME local 515ee8393a35855dd0afbec2f255c4e303ff92cdf606f6b59b9d23f5ec53f218,.cache/fundonet-ime/515ee8393a35855dd0afbec2f255c4e303ff92cdf606f6b59b9d23f5ec53f218
Carteiras selecionadas,SUMUP SOLO,SUMUP SOLO,45598747000121,06/2025,Dir Cred / PL,0.9833853732593355,ratio,Visão Executiva canônica; cache IME local 515ee8393a35855dd0afbec2f255c4e303ff92cdf606f6b59b9d23f5ec53f218,.cache/fundonet-ime/515ee8393a35855dd0afbec2f255c4e303ff92cdf606f6b59b9d23f5ec53f218
Carteiras selecionadas,SUMUP SOLO,SUMUP SOLO,45598747000121,05/2025,Dir Cred / PL,0.9972904276201975,ratio,Visão Executiva canônica; cache IME local 515ee8393a35855dd0afbec2f255c4e303ff92cdf606f6b59b9d23f5ec53f218,.cache/fundonet-ime/515ee8393a35855dd0afbec2f255c4e303ff92cdf606f6b59b9d23f5ec53f218
Carteiras selecionadas,SUMUP SOLO,SUMUP SOLO,45598747000121,04/2025,Dir Cred / PL,0.6908220462075991,ratio,Visão Executiva canônica; cache IME local 515ee8393a35855dd0afbec2f255c4e303ff92cdf606f6b59b9d23f5ec53f218,.cache/fundonet-ime/515ee8393a35855dd0afbec2f255c4e303ff92cdf606f6b59b9d23f5ec53f218
Carteiras selecionadas,SUMUP SOLO,SUMUP SOLO,45598747000121,03/2025,Dir Cred / PL,0.8659783861762829,ratio,Visão Executiva canônica; cache IME local 515ee8393a35855dd0afbec2f255c4e303ff92cdf606f6b59b9d23f5ec53f218,.cache/fundonet-ime/515ee8393a35855dd0afbec2f255c4e303ff92cdf606f6b59b9d23f5ec53f218
Carteiras selecionadas,SUMUP SOLO,SUMUP SOLO,45598747000121,02/2025,Dir Cred / PL,0.9090474489396978,ratio,Visão Executiva canônica; cache IME local 515ee8393a35855dd0afbec2f255c4e303ff92cdf606f6b59b9d23f5ec53f218,.cache/fundonet-ime/515ee8393a35855dd0afbec2f255c4e303ff92cdf606f6b59b9d23f5ec53f218
Carteiras selecionadas,SUMUP SOLO,SUMUP SOLO,45598747000121,01/2025,Dir Cred / PL,0.8674573446204498,ratio,Visão Executiva canônica; cache IME local 515ee8393a35855dd0afbec2f255c4e303ff92cdf606f6b59b9d23f5ec53f218,.cache/fundonet-ime/515ee8393a35855dd0afbec2f255c4e303ff92cdf606f6b59b9d23f5ec53f218
Carteiras selecionadas,SUMUP SOLO,SUMUP SOLO,45598747000121,06/2026,Vencidos <= 90 d (R$ MM),0.0,R$ MM,Visão Executiva canônica; cache IME local 515ee8393a35855dd0afbec2f255c4e303ff92cdf606f6b59b9d23f5ec53f218,.cache/fundonet-ime/515ee8393a35855dd0afbec2f255c4e303ff92cdf606f6b59b9d23f5ec53f218
Carteiras selecionadas,SUMUP SOLO,SUMUP SOLO,45598747000121,05/2026,Vencidos <= 90 d (R$ MM),0.0,R$ MM,Visão Executiva canônica; cache IME local 515ee8393a35855dd0afbec2f255c4e303ff92cdf606f6b59b9d23f5ec53f218,.cache/fundonet-ime/515ee8393a35855dd0afbec2f255c4e303ff92cdf606f6b59b9d23f5ec53f218
Carteiras selecionadas,SUMUP SOLO,SUMUP SOLO,45598747000121,04/2026,Vencidos <= 90 d (R$ MM),0.0,R$ MM,Visão Executiva canônica; cache IME local 515ee8393a35855dd0afbec2f255c4e303ff92cdf606f6b59b9d23f5ec53f218,.cache/fundonet-ime/515ee8393a35855dd0afbec2f255c4e303ff92cdf606f6b59b9d23f5ec53f218
Carteiras selecionadas,SUMUP SOLO,SUMUP SOLO,45598747000121,03/2026,Vencidos <= 90 d (R$ MM),0.0,R$ MM,Visão Executiva canônica; cache IME local 515ee8393a35855dd0afbec2f255c4e303ff92cdf606f6b59b9d23f5ec53f218,.cache/fundonet-ime/515ee8393a35855dd0afbec2f255c4e303ff92cdf606f6b59b9d23f5ec53f218
Carteiras selecionadas,SUMUP SOLO,SUMUP SOLO,45598747000121,02/2026,Vencidos <= 90 d (R$ MM),0.0,R$ MM,Visão Executiva canônica; cache IME local 515ee8393a35855dd0afbec2f255c4e303ff92cdf606f6b59b9d23f5ec53f218,.cache/fundonet-ime/515ee8393a35855dd0afbec2f255c4e303ff92cdf606f6b59b9d23f5ec53f218
Carteiras selecionadas,SUMUP SOLO,SUMUP SOLO,45598747000121,01/2026,Vencidos <= 90 d (R$ MM),0.0,R$ MM,Visão Executiva canônica; cache IME local 515ee8393a35855dd0afbec2f255c4e303ff92cdf606f6b59b9d23f5ec53f218,.cache/fundonet-ime/515ee8393a35855dd0afbec2f255c4e303ff92cdf606f6b59b9d23f5ec53f218
Carteiras selecionadas,SUMUP SOLO,SUMUP SOLO,45598747000121,12/2025,Vencidos <= 90 d (R$ MM),0.0,R$ MM,Visão Executiva canônica; cache IME local 515ee8393a35855dd0afbec2f255c4e303ff92cdf606f6b59b9d23f5ec53f218,.cache/fundonet-ime/515ee8393a35855dd0afbec2f255c4e303ff92cdf606f6b59b9d23f5ec53f218
Carteiras selecionadas,SUMUP SOLO,SUMUP SOLO,45598747000121,11/2025,Vencidos <= 90 d (R$ MM),0.0,R$ MM,Visão Executiva canônica; cache IME local 515ee8393a35855dd0afbec2f255c4e303ff92cdf606f6b59b9d23f5ec53f218,.cache/fundonet-ime/515ee8393a35855dd0afbec2f255c4e303ff92cdf606f6b59b9d23f5ec53f218
Carteiras selecionadas,SUMUP SOLO,SUMUP SOLO,45598747000121,10/2025,Vencidos <= 90 d (R$ MM),0.0,R$ MM,Visão Executiva canônica; cache IME local 515ee8393a35855dd0afbec2f255c4e303ff92cdf606f6b59b9d23f5ec53f218,.cache/fundonet-ime/515ee8393a35855dd0afbec2f255c4e303ff92cdf606f6b59b9d23f5ec53f218
Carteiras selecionadas,SUMUP SOLO,SUMUP SOLO,45598747000121,09/2025,Vencidos <= 90 d (R$ MM),0.0,R$ MM,Visão Executiva canônica; cache IME local 515ee8393a35855dd0afbec2f255c4e303ff92cdf606f6b59b9d23f5ec53f218,.cache/fundonet-ime/515ee8393a35855dd0afbec2f255c4e303ff92cdf606f6b59b9d23f5ec53f218
Carteiras selecionadas,SUMUP SOLO,SUMUP SOLO,45598747000121,08/2025,Vencidos <= 90 d (R$ MM),0.0,R$ MM,Visão Executiva canônica; cache IME local 515ee8393a35855dd0afbec2f255c4e303ff92cdf606f6b59b9d23f5ec53f218,.cache/fundonet-ime/515ee8393a35855dd0afbec2f255c4e303ff92cdf606f6b59b9d23f5ec53f218
Carteiras selecionadas,SUMUP SOLO,SUMUP SOLO,45598747000121,07/2025,Vencidos <= 90 d (R$ MM),0.0,R$ MM,Visão Executiva canônica; cache IME local 515ee8393a35855dd0afbec2f255c4e303ff92cdf606f6b59b9d23f5ec53f218,.cache/fundonet-ime/515ee8393a35855dd0afbec2f255c4e303ff92cdf606f6b59b9d23f5ec53f218
Carteiras selecionadas,SUMUP SOLO,SUMUP SOLO,45598747000121,06/2025,Vencidos <= 90 d (R$ MM),0.0,R$ MM,Visão Executiva canônica; cache IME local 515ee8393a35855dd0afbec2f255c4e303ff92cdf606f6b59b9d23f5ec53f218,.cache/fundonet-ime/515ee8393a35855dd0afbec2f255c4e303ff92cdf606f6b59b9d23f5ec53f218
Carteiras selecionadas,SUMUP SOLO,SUMUP SOLO,45598747000121,05/2025,Vencidos <= 90 d (R$ MM),0.0,R$ MM,Visão Executiva canônica; cache IME local 515ee8393a35855dd0afbec2f255c4e303ff92cdf606f6b59b9d23f5ec53f218,.cache/fundonet-ime/515ee8393a35855dd0afbec2f255c4e303ff92cdf606f6b59b9d23f5ec53f218
Carteiras selecionadas,SUMUP SOLO,SUMUP SOLO,45598747000121,04/2025,Vencidos <= 90 d (R$ MM),0.0,R$ MM,Visão Executiva canônica; cache IME local 515ee8393a35855dd0afbec2f255c4e303ff92cdf606f6b59b9d23f5ec53f218,.cache/fundonet-ime/515ee8393a35855dd0afbec2f255c4e303ff92cdf606f6b59b9d23f5ec53f218
Carteiras selecionadas,SUMUP SOLO,SUMUP SOLO,45598747000121,03/2025,Vencidos <= 90 d (R$ MM),0.0,R$ MM,Visão Executiva canônica; cache IME local 515ee8393a35855dd0afbec2f255c4e303ff92cdf606f6b59b9d23f5ec53f218,.cache/fundonet-ime/515ee8393a35855dd0afbec2f255c4e303ff92cdf606f6b59b9d23f5ec53f218
Carteiras selecionadas,SUMUP SOLO,SUMUP SOLO,45598747000121,02/2025,Vencidos <= 90 d (R$ MM),0.0,R$ MM,Visão Executiva canônica; cache IME local 515ee8393a35855dd0afbec2f255c4e303ff92cdf606f6b59b9d23f5ec53f218,.cache/fundonet-ime/515ee8393a35855dd0afbec2f255c4e303ff92cdf606f6b59b9d23f5ec53f218
Carteiras selecionadas,SUMUP SOLO,SUMUP SOLO,45598747000121,01/2025,Vencidos <= 90 d (R$ MM),0.0,R$ MM,Visão Executiva canônica; cache IME local 515ee8393a35855dd0afbec2f255c4e303ff92cdf606f6b59b9d23f5ec53f218,.cache/fundonet-ime/515ee8393a35855dd0afbec2f255c4e303ff92cdf606f6b59b9d23f5ec53f218
Carteiras selecionadas,SUMUP SOLO,SUMUP SOLO,45598747000121,06/2026,Vencidos > 90 d (R$ MM),0.0,R$ MM,Visão Executiva canônica; cache IME local 515ee8393a35855dd0afbec2f255c4e303ff92cdf606f6b59b9d23f5ec53f218,.cache/fundonet-ime/515ee8393a35855dd0afbec2f255c4e303ff92cdf606f6b59b9d23f5ec53f218
Carteiras selecionadas,SUMUP SOLO,SUMUP SOLO,45598747000121,05/2026,Vencidos > 90 d (R$ MM),0.0,R$ MM,Visão Executiva canônica; cache IME local 515ee8393a35855dd0afbec2f255c4e303ff92cdf606f6b59b9d23f5ec53f218,.cache/fundonet-ime/515ee8393a35855dd0afbec2f255c4e303ff92cdf606f6b59b9d23f5ec53f218
Carteiras selecionadas,SUMUP SOLO,SUMUP SOLO,45598747000121,04/2026,Vencidos > 90 d (R$ MM),0.0,R$ MM,Visão Executiva canônica; cache IME local 515ee8393a35855dd0afbec2f255c4e303ff92cdf606f6b59b9d23f5ec53f218,.cache/fundonet-ime/515ee8393a35855dd0afbec2f255c4e303ff92cdf606f6b59b9d23f5ec53f218
Carteiras selecionadas,SUMUP SOLO,SUMUP SOLO,45598747000121,03/2026,Vencidos > 90 d (R$ MM),0.0,R$ MM,Visão Executiva canônica; cache IME local 515ee8393a35855dd0afbec2f255c4e303ff92cdf606f6b59b9d23f5ec53f218,.cache/fundonet-ime/515ee8393a35855dd0afbec2f255c4e303ff92cdf606f6b59b9d23f5ec53f218
Carteiras selecionadas,SUMUP SOLO,SUMUP SOLO,45598747000121,02/2026,Vencidos > 90 d (R$ MM),0.0,R$ MM,Visão Executiva canônica; cache IME local 515ee8393a35855dd0afbec2f255c4e303ff92cdf606f6b59b9d23f5ec53f218,.cache/fundonet-ime/515ee8393a35855dd0afbec2f255c4e303ff92cdf606f6b59b9d23f5ec53f218
Carteiras selecionadas,SUMUP SOLO,SUMUP SOLO,45598747000121,01/2026,Vencidos > 90 d (R$ MM),0.0,R$ MM,Visão Executiva canônica; cache IME local 515ee8393a35855dd0afbec2f255c4e303ff92cdf606f6b59b9d23f5ec53f218,.cache/fundonet-ime/515ee8393a35855dd0afbec2f255c4e303ff92cdf606f6b59b9d23f5ec53f218
Carteiras selecionadas,SUMUP SOLO,SUMUP SOLO,45598747000121,12/2025,Vencidos > 90 d (R$ MM),0.0,R$ MM,Visão Executiva canônica; cache IME local 515ee8393a35855dd0afbec2f255c4e303ff92cdf606f6b59b9d23f5ec53f218,.cache/fundonet-ime/515ee8393a35855dd0afbec2f255c4e303ff92cdf606f6b59b9d23f5ec53f218
Carteiras selecionadas,SUMUP SOLO,SUMUP SOLO,45598747000121,11/2025,Vencidos > 90 d (R$ MM),0.0,R$ MM,Visão Executiva canônica; cache IME local 515ee8393a35855dd0afbec2f255c4e303ff92cdf606f6b59b9d23f5ec53f218,.cache/fundonet-ime/515ee8393a35855dd0afbec2f255c4e303ff92cdf606f6b59b9d23f5ec53f218
Carteiras selecionadas,SUMUP SOLO,SUMUP SOLO,45598747000121,10/2025,Vencidos > 90 d (R$ MM),0.0,R$ MM,Visão Executiva canônica; cache IME local 515ee8393a35855dd0afbec2f255c4e303ff92cdf606f6b59b9d23f5ec53f218,.cache/fundonet-ime/515ee8393a35855dd0afbec2f255c4e303ff92cdf606f6b59b9d23f5ec53f218
Carteiras selecionadas,SUMUP SOLO,SUMUP SOLO,45598747000121,09/2025,Vencidos > 90 d (R$ MM),0.0,R$ MM,Visão Executiva canônica; cache IME local 515ee8393a35855dd0afbec2f255c4e303ff92cdf606f6b59b9d23f5ec53f218,.cache/fundonet-ime/515ee8393a35855dd0afbec2f255c4e303ff92cdf606f6b59b9d23f5ec53f218
Carteiras selecionadas,SUMUP SOLO,SUMUP SOLO,45598747000121,08/2025,Vencidos > 90 d (R$ MM),0.0,R$ MM,Visão Executiva canônica; cache IME local 515ee8393a35855dd0afbec2f255c4e303ff92cdf606f6b59b9d23f5ec53f218,.cache/fundonet-ime/515ee8393a35855dd0afbec2f255c4e303ff92cdf606f6b59b9d23f5ec53f218
Carteiras selecionadas,SUMUP SOLO,SUMUP SOLO,45598747000121,07/2025,Vencidos > 90 d (R$ MM),0.0,R$ MM,Visão Executiva canônica; cache IME local 515ee8393a35855dd0afbec2f255c4e303ff92cdf606f6b59b9d23f5ec53f218,.cache/fundonet-ime/515ee8393a35855dd0afbec2f255c4e303ff92cdf606f6b59b9d23f5ec53f218
Carteiras selecionadas,SUMUP SOLO,SUMUP SOLO,45598747000121,06/2025,Vencidos > 90 d (R$ MM),0.0,R$ MM,Visão Executiva canônica; cache IME local 515ee8393a35855dd0afbec2f255c4e303ff92cdf606f6b59b9d23f5ec53f218,.cache/fundonet-ime/515ee8393a35855dd0afbec2f255c4e303ff92cdf606f6b59b9d23f5ec53f218
Carteiras selecionadas,SUMUP SOLO,SUMUP SOLO,45598747000121,05/2025,Vencidos > 90 d (R$ MM),0.0,R$ MM,Visão Executiva canônica; cache IME local 515ee8393a35855dd0afbec2f255c4e303ff92cdf606f6b59b9d23f5ec53f218,.cache/fundonet-ime/515ee8393a35855dd0afbec2f255c4e303ff92cdf606f6b59b9d23f5ec53f218
Carteiras selecionadas,SUMUP SOLO,SUMUP SOLO,45598747000121,04/2025,Vencidos > 90 d (R$ MM),0.0,R$ MM,Visão Executiva canônica; cache IME local 515ee8393a35855dd0afbec2f255c4e303ff92cdf606f6b59b9d23f5ec53f218,.cache/fundonet-ime/515ee8393a35855dd0afbec2f255c4e303ff92cdf606f6b59b9d23f5ec53f218
Carteiras selecionadas,SUMUP SOLO,SUMUP SOLO,45598747000121,03/2025,Vencidos > 90 d (R$ MM),0.0,R$ MM,Visão Executiva canônica; cache IME local 515ee8393a35855dd0afbec2f255c4e303ff92cdf606f6b59b9d23f5ec53f218,.cache/fundonet-ime/515ee8393a35855dd0afbec2f255c4e303ff92cdf606f6b59b9d23f5ec53f218
Carteiras selecionadas,SUMUP SOLO,SUMUP SOLO,45598747000121,02/2025,Vencidos > 90 d (R$ MM),0.0,R$ MM,Visão Executiva canônica; cache IME local 515ee8393a35855dd0afbec2f255c4e303ff92cdf606f6b59b9d23f5ec53f218,.cache/fundonet-ime/515ee8393a35855dd0afbec2f255c4e303ff92cdf606f6b59b9d23f5ec53f218
Carteiras selecionadas,SUMUP SOLO,SUMUP SOLO,45598747000121,01/2025,Vencidos > 90 d (R$ MM),0.0,R$ MM,Visão Executiva canônica; cache IME local 515ee8393a35855dd0afbec2f255c4e303ff92cdf606f6b59b9d23f5ec53f218,.cache/fundonet-ime/515ee8393a35855dd0afbec2f255c4e303ff92cdf606f6b59b9d23f5ec53f218
Carteiras selecionadas,SUMUP SOLO,SUMUP SOLO,45598747000121,06/2026,Vencidos Total (R$ MM),0.0,R$ MM,Visão Executiva canônica; cache IME local 515ee8393a35855dd0afbec2f255c4e303ff92cdf606f6b59b9d23f5ec53f218,.cache/fundonet-ime/515ee8393a35855dd0afbec2f255c4e303ff92cdf606f6b59b9d23f5ec53f218
Carteiras selecionadas,SUMUP SOLO,SUMUP SOLO,45598747000121,05/2026,Vencidos Total (R$ MM),0.0,R$ MM,Visão Executiva canônica; cache IME local 515ee8393a35855dd0afbec2f255c4e303ff92cdf606f6b59b9d23f5ec53f218,.cache/fundonet-ime/515ee8393a35855dd0afbec2f255c4e303ff92cdf606f6b59b9d23f5ec53f218
Carteiras selecionadas,SUMUP SOLO,SUMUP SOLO,45598747000121,04/2026,Vencidos Total (R$ MM),0.0,R$ MM,Visão Executiva canônica; cache IME local 515ee8393a35855dd0afbec2f255c4e303ff92cdf606f6b59b9d23f5ec53f218,.cache/fundonet-ime/515ee8393a35855dd0afbec2f255c4e303ff92cdf606f6b59b9d23f5ec53f218
Carteiras selecionadas,SUMUP SOLO,SUMUP SOLO,45598747000121,03/2026,Vencidos Total (R$ MM),0.0,R$ MM,Visão Executiva canônica; cache IME local 515ee8393a35855dd0afbec2f255c4e303ff92cdf606f6b59b9d23f5ec53f218,.cache/fundonet-ime/515ee8393a35855dd0afbec2f255c4e303ff92cdf606f6b59b9d23f5ec53f218
Carteiras selecionadas,SUMUP SOLO,SUMUP SOLO,45598747000121,02/2026,Vencidos Total (R$ MM),0.0,R$ MM,Visão Executiva canônica; cache IME local 515ee8393a35855dd0afbec2f255c4e303ff92cdf606f6b59b9d23f5ec53f218,.cache/fundonet-ime/515ee8393a35855dd0afbec2f255c4e303ff92cdf606f6b59b9d23f5ec53f218
Carteiras selecionadas,SUMUP SOLO,SUMUP SOLO,45598747000121,01/2026,Vencidos Total (R$ MM),0.0,R$ MM,Visão Executiva canônica; cache IME local 515ee8393a35855dd0afbec2f255c4e303ff92cdf606f6b59b9d23f5ec53f218,.cache/fundonet-ime/515ee8393a35855dd0afbec2f255c4e303ff92cdf606f6b59b9d23f5ec53f218
Carteiras selecionadas,SUMUP SOLO,SUMUP SOLO,45598747000121,12/2025,Vencidos Total (R$ MM),0.0,R$ MM,Visão Executiva canônica; cache IME local 515ee8393a35855dd0afbec2f255c4e303ff92cdf606f6b59b9d23f5ec53f218,.cache/fundonet-ime/515ee8393a35855dd0afbec2f255c4e303ff92cdf606f6b59b9d23f5ec53f218
Carteiras selecionadas,SUMUP SOLO,SUMUP SOLO,45598747000121,10/2025,Vencidos Total (R$ MM),0.0,R$ MM,Visão Executiva canônica; cache IME local 515ee8393a35855dd0afbec2f255c4e303ff92cdf606f6b59b9d23f5ec53f218,.cache/fundonet-ime/515ee8393a35855dd0afbec2f255c4e303ff92cdf606f6b59b9d23f5ec53f218
Carteiras selecionadas,SUMUP SOLO,SUMUP SOLO,45598747000121,09/2025,Vencidos Total (R$ MM),0.0,R$ MM,Visão Executiva canônica; cache IME local 515ee8393a35855dd0afbec2f255c4e303ff92cdf606f6b59b9d23f5ec53f218,.cache/fundonet-ime/515ee8393a35855dd0afbec2f255c4e303ff92cdf606f6b59b9d23f5ec53f218
Carteiras selecionadas,SUMUP SOLO,SUMUP SOLO,45598747000121,08/2025,Vencidos Total (R$ MM),0.0,R$ MM,Visão Executiva canônica; cache IME local 515ee8393a35855dd0afbec2f255c4e303ff92cdf606f6b59b9d23f5ec53f218,.cache/fundonet-ime/515ee8393a35855dd0afbec2f255c4e303ff92cdf606f6b59b9d23f5ec53f218
Carteiras selecionadas,SUMUP SOLO,SUMUP SOLO,45598747000121,07/2025,Vencidos Total (R$ MM),0.0,R$ MM,Visão Executiva canônica; cache IME local 515ee8393a35855dd0afbec2f255c4e303ff92cdf606f6b59b9d23f5ec53f218,.cache/fundonet-ime/515ee8393a35855dd0afbec2f255c4e303ff92cdf606f6b59b9d23f5ec53f218
Carteiras selecionadas,SUMUP SOLO,SUMUP SOLO,45598747000121,06/2025,Vencidos Total (R$ MM),0.0,R$ MM,Visão Executiva canônica; cache IME local 515ee8393a35855dd0afbec2f255c4e303ff92cdf606f6b59b9d23f5ec53f218,.cache/fundonet-ime/515ee8393a35855dd0afbec2f255c4e303ff92cdf606f6b59b9d23f5ec53f218
Carteiras selecionadas,SUMUP SOLO,SUMUP SOLO,45598747000121,05/2025,Vencidos Total (R$ MM),0.0,R$ MM,Visão Executiva canônica; cache IME local 515ee8393a35855dd0afbec2f255c4e303ff92cdf606f6b59b9d23f5ec53f218,.cache/fundonet-ime/515ee8393a35855dd0afbec2f255c4e303ff92cdf606f6b59b9d23f5ec53f218
Carteiras selecionadas,SUMUP SOLO,SUMUP SOLO,45598747000121,04/2025,Vencidos Total (R$ MM),0.0,R$ MM,Visão Executiva canônica; cache IME local 515ee8393a35855dd0afbec2f255c4e303ff92cdf606f6b59b9d23f5ec53f218,.cache/fundonet-ime/515ee8393a35855dd0afbec2f255c4e303ff92cdf606f6b59b9d23f5ec53f218
Carteiras selecionadas,SUMUP SOLO,SUMUP SOLO,45598747000121,03/2025,Vencidos Total (R$ MM),0.0,R$ MM,Visão Executiva canônica; cache IME local 515ee8393a35855dd0afbec2f255c4e303ff92cdf606f6b59b9d23f5ec53f218,.cache/fundonet-ime/515ee8393a35855dd0afbec2f255c4e303ff92cdf606f6b59b9d23f5ec53f218
Carteiras selecionadas,SUMUP SOLO,SUMUP SOLO,45598747000121,02/2025,Vencidos Total (R$ MM),0.0,R$ MM,Visão Executiva canônica; cache IME local 515ee8393a35855dd0afbec2f255c4e303ff92cdf606f6b59b9d23f5ec53f218,.cache/fundonet-ime/515ee8393a35855dd0afbec2f255c4e303ff92cdf606f6b59b9d23f5ec53f218
Carteiras selecionadas,SUMUP SOLO,SUMUP SOLO,45598747000121,01/2025,Vencidos Total (R$ MM),0.0,R$ MM,Visão Executiva canônica; cache IME local 515ee8393a35855dd0afbec2f255c4e303ff92cdf606f6b59b9d23f5ec53f218,.cache/fundonet-ime/515ee8393a35855dd0afbec2f255c4e303ff92cdf606f6b59b9d23f5ec53f218
Carteiras selecionadas,SUMUP SOLO,SUMUP SOLO,45598747000121,06/2026,Vencidos <= 90 d / Crédito,0.0,ratio,Visão Executiva canônica; cache IME local 515ee8393a35855dd0afbec2f255c4e303ff92cdf606f6b59b9d23f5ec53f218,.cache/fundonet-ime/515ee8393a35855dd0afbec2f255c4e303ff92cdf606f6b59b9d23f5ec53f218
Carteiras selecionadas,SUMUP SOLO,SUMUP SOLO,45598747000121,05/2026,Vencidos <= 90 d / Crédito,0.0,ratio,Visão Executiva canônica; cache IME local 515ee8393a35855dd0afbec2f255c4e303ff92cdf606f6b59b9d23f5ec53f218,.cache/fundonet-ime/515ee8393a35855dd0afbec2f255c4e303ff92cdf606f6b59b9d23f5ec53f218
Carteiras selecionadas,SUMUP SOLO,SUMUP SOLO,45598747000121,04/2026,Vencidos <= 90 d / Crédito,0.0,ratio,Visão Executiva canônica; cache IME local 515ee8393a35855dd0afbec2f255c4e303ff92cdf606f6b59b9d23f5ec53f218,.cache/fundonet-ime/515ee8393a35855dd0afbec2f255c4e303ff92cdf606f6b59b9d23f5ec53f218
Carteiras selecionadas,SUMUP SOLO,SUMUP SOLO,45598747000121,03/2026,Vencidos <= 90 d / Crédito,0.0,ratio,Visão Executiva canônica; cache IME local 515ee8393a35855dd0afbec2f255c4e303ff92cdf606f6b59b9d23f5ec53f218,.cache/fundonet-ime/515ee8393a35855dd0afbec2f255c4e303ff92cdf606f6b59b9d23f5ec53f218
Carteiras selecionadas,SUMUP SOLO,SUMUP SOLO,45598747000121,02/2026,Vencidos <= 90 d / Crédito,0.0,ratio,Visão Executiva canônica; cache IME local 515ee8393a35855dd0afbec2f255c4e303ff92cdf606f6b59b9d23f5ec53f218,.cache/fundonet-ime/515ee8393a35855dd0afbec2f255c4e303ff92cdf606f6b59b9d23f5ec53f218
Carteiras selecionadas,SUMUP SOLO,SUMUP SOLO,45598747000121,01/2026,Vencidos <= 90 d / Crédito,0.0,ratio,Visão Executiva canônica; cache IME local 515ee8393a35855dd0afbec2f255c4e303ff92cdf606f6b59b9d23f5ec53f218,.cache/fundonet-ime/515ee8393a35855dd0afbec2f255c4e303ff92cdf606f6b59b9d23f5ec53f218
Carteiras selecionadas,SUMUP SOLO,SUMUP SOLO,45598747000121,12/2025,Vencidos <= 90 d / Crédito,0.0,ratio,Visão Executiva canônica; cache IME local 515ee8393a35855dd0afbec2f255c4e303ff92cdf606f6b59b9d23f5ec53f218,.cache/fundonet-ime/515ee8393a35855dd0afbec2f255c4e303ff92cdf606f6b59b9d23f5ec53f218
Carteiras selecionadas,SUMUP SOLO,SUMUP SOLO,45598747000121,10/2025,Vencidos <= 90 d / Crédito,0.0,ratio,Visão Executiva canônica; cache IME local 515ee8393a35855dd0afbec2f255c4e303ff92cdf606f6b59b9d23f5ec53f218,.cache/fundonet-ime/515ee8393a35855dd0afbec2f255c4e303ff92cdf606f6b59b9d23f5ec53f218
Carteiras selecionadas,SUMUP SOLO,SUMUP SOLO,45598747000121,09/2025,Vencidos <= 90 d / Crédito,0.0,ratio,Visão Executiva canônica; cache IME local 515ee8393a35855dd0afbec2f255c4e303ff92cdf606f6b59b9d23f5ec53f218,.cache/fundonet-ime/515ee8393a35855dd0afbec2f255c4e303ff92cdf606f6b59b9d23f5ec53f218
Carteiras selecionadas,SUMUP SOLO,SUMUP SOLO,45598747000121,08/2025,Vencidos <= 90 d / Crédito,0.0,ratio,Visão Executiva canônica; cache IME local 515ee8393a35855dd0afbec2f255c4e303ff92cdf606f6b59b9d23f5ec53f218,.cache/fundonet-ime/515ee8393a35855dd0afbec2f255c4e303ff92cdf606f6b59b9d23f5ec53f218
Carteiras selecionadas,SUMUP SOLO,SUMUP SOLO,45598747000121,07/2025,Vencidos <= 90 d / Crédito,0.0,ratio,Visão Executiva canônica; cache IME local 515ee8393a35855dd0afbec2f255c4e303ff92cdf606f6b59b9d23f5ec53f218,.cache/fundonet-ime/515ee8393a35855dd0afbec2f255c4e303ff92cdf606f6b59b9d23f5ec53f218
Carteiras selecionadas,SUMUP SOLO,SUMUP SOLO,45598747000121,06/2025,Vencidos <= 90 d / Crédito,0.0,ratio,Visão Executiva canônica; cache IME local 515ee8393a35855dd0afbec2f255c4e303ff92cdf606f6b59b9d23f5ec53f218,.cache/fundonet-ime/515ee8393a35855dd0afbec2f255c4e303ff92cdf606f6b59b9d23f5ec53f218
Carteiras selecionadas,SUMUP SOLO,SUMUP SOLO,45598747000121,05/2025,Vencidos <= 90 d / Crédito,0.0,ratio,Visão Executiva canônica; cache IME local 515ee8393a35855dd0afbec2f255c4e303ff92cdf606f6b59b9d23f5ec53f218,.cache/fundonet-ime/515ee8393a35855dd0afbec2f255c4e303ff92cdf606f6b59b9d23f5ec53f218
Carteiras selecionadas,SUMUP SOLO,SUMUP SOLO,45598747000121,04/2025,Vencidos <= 90 d / Crédito,0.0,ratio,Visão Executiva canônica; cache IME local 515ee8393a35855dd0afbec2f255c4e303ff92cdf606f6b59b9d23f5ec53f218,.cache/fundonet-ime/515ee8393a35855dd0afbec2f255c4e303ff92cdf606f6b59b9d23f5ec53f218
Carteiras selecionadas,SUMUP SOLO,SUMUP SOLO,45598747000121,03/2025,Vencidos <= 90 d / Crédito,0.0,ratio,Visão Executiva canônica; cache IME local 515ee8393a35855dd0afbec2f255c4e303ff92cdf606f6b59b9d23f5ec53f218,.cache/fundonet-ime/515ee8393a35855dd0afbec2f255c4e303ff92cdf606f6b59b9d23f5ec53f218
Carteiras selecionadas,SUMUP SOLO,SUMUP SOLO,45598747000121,02/2025,Vencidos <= 90 d / Crédito,0.0,ratio,Visão Executiva canônica; cache IME local 515ee8393a35855dd0afbec2f255c4e303ff92cdf606f6b59b9d23f5ec53f218,.cache/fundonet-ime/515ee8393a35855dd0afbec2f255c4e303ff92cdf606f6b59b9d23f5ec53f218
Carteiras selecionadas,SUMUP SOLO,SUMUP SOLO,45598747000121,01/2025,Vencidos <= 90 d / Crédito,0.0,ratio,Visão Executiva canônica; cache IME local 515ee8393a35855dd0afbec2f255c4e303ff92cdf606f6b59b9d23f5ec53f218,.cache/fundonet-ime/515ee8393a35855dd0afbec2f255c4e303ff92cdf606f6b59b9d23f5ec53f218
Carteiras selecionadas,SUMUP SOLO,SUMUP SOLO,45598747000121,06/2026,Vencidos > 90 d / Crédito,0.0,ratio,Visão Executiva canônica; cache IME local 515ee8393a35855dd0afbec2f255c4e303ff92cdf606f6b59b9d23f5ec53f218,.cache/fundonet-ime/515ee8393a35855dd0afbec2f255c4e303ff92cdf606f6b59b9d23f5ec53f218
Carteiras selecionadas,SUMUP SOLO,SUMUP SOLO,45598747000121,05/2026,Vencidos > 90 d / Crédito,0.0,ratio,Visão Executiva canônica; cache IME local 515ee8393a35855dd0afbec2f255c4e303ff92cdf606f6b59b9d23f5ec53f218,.cache/fundonet-ime/515ee8393a35855dd0afbec2f255c4e303ff92cdf606f6b59b9d23f5ec53f218
Carteiras selecionadas,SUMUP SOLO,SUMUP SOLO,45598747000121,04/2026,Vencidos > 90 d / Crédito,0.0,ratio,Visão Executiva canônica; cache IME local 515ee8393a35855dd0afbec2f255c4e303ff92cdf606f6b59b9d23f5ec53f218,.cache/fundonet-ime/515ee8393a35855dd0afbec2f255c4e303ff92cdf606f6b59b9d23f5ec53f218
Carteiras selecionadas,SUMUP SOLO,SUMUP SOLO,45598747000121,03/2026,Vencidos > 90 d / Crédito,0.0,ratio,Visão Executiva canônica; cache IME local 515ee8393a35855dd0afbec2f255c4e303ff92cdf606f6b59b9d23f5ec53f218,.cache/fundonet-ime/515ee8393a35855dd0afbec2f255c4e303ff92cdf606f6b59b9d23f5ec53f218
Carteiras selecionadas,SUMUP SOLO,SUMUP SOLO,45598747000121,02/2026,Vencidos > 90 d / Crédito,0.0,ratio,Visão Executiva canônica; cache IME local 515ee8393a35855dd0afbec2f255c4e303ff92cdf606f6b59b9d23f5ec53f218,.cache/fundonet-ime/515ee8393a35855dd0afbec2f255c4e303ff92cdf606f6b59b9d23f5ec53f218
Carteiras selecionadas,SUMUP SOLO,SUMUP SOLO,45598747000121,01/2026,Vencidos > 90 d / Crédito,0.0,ratio,Visão Executiva canônica; cache IME local 515ee8393a35855dd0afbec2f255c4e303ff92cdf606f6b59b9d23f5ec53f218,.cache/fundonet-ime/515ee8393a35855dd0afbec2f255c4e303ff92cdf606f6b59b9d23f5ec53f218
Carteiras selecionadas,SUMUP SOLO,SUMUP SOLO,45598747000121,12/2025,Vencidos > 90 d / Crédito,0.0,ratio,Visão Executiva canônica; cache IME local 515ee8393a35855dd0afbec2f255c4e303ff92cdf606f6b59b9d23f5ec53f218,.cache/fundonet-ime/515ee8393a35855dd0afbec2f255c4e303ff92cdf606f6b59b9d23f5ec53f218
Carteiras selecionadas,SUMUP SOLO,SUMUP SOLO,45598747000121,10/2025,Vencidos > 90 d / Crédito,0.0,ratio,Visão Executiva canônica; cache IME local 515ee8393a35855dd0afbec2f255c4e303ff92cdf606f6b59b9d23f5ec53f218,.cache/fundonet-ime/515ee8393a35855dd0afbec2f255c4e303ff92cdf606f6b59b9d23f5ec53f218
Carteiras selecionadas,SUMUP SOLO,SUMUP SOLO,45598747000121,09/2025,Vencidos > 90 d / Crédito,0.0,ratio,Visão Executiva canônica; cache IME local 515ee8393a35855dd0afbec2f255c4e303ff92cdf606f6b59b9d23f5ec53f218,.cache/fundonet-ime/515ee8393a35855dd0afbec2f255c4e303ff92cdf606f6b59b9d23f5ec53f218
Carteiras selecionadas,SUMUP SOLO,SUMUP SOLO,45598747000121,08/2025,Vencidos > 90 d / Crédito,0.0,ratio,Visão Executiva canônica; cache IME local 515ee8393a35855dd0afbec2f255c4e303ff92cdf606f6b59b9d23f5ec53f218,.cache/fundonet-ime/515ee8393a35855dd0afbec2f255c4e303ff92cdf606f6b59b9d23f5ec53f218
Carteiras selecionadas,SUMUP SOLO,SUMUP SOLO,45598747000121,07/2025,Vencidos > 90 d / Crédito,0.0,ratio,Visão Executiva canônica; cache IME local 515ee8393a35855dd0afbec2f255c4e303ff92cdf606f6b59b9d23f5ec53f218,.cache/fundonet-ime/515ee8393a35855dd0afbec2f255c4e303ff92cdf606f6b59b9d23f5ec53f218
Carteiras selecionadas,SUMUP SOLO,SUMUP SOLO,45598747000121,06/2025,Vencidos > 90 d / Crédito,0.0,ratio,Visão Executiva canônica; cache IME local 515ee8393a35855dd0afbec2f255c4e303ff92cdf606f6b59b9d23f5ec53f218,.cache/fundonet-ime/515ee8393a35855dd0afbec2f255c4e303ff92cdf606f6b59b9d23f5ec53f218
Carteiras selecionadas,SUMUP SOLO,SUMUP SOLO,45598747000121,05/2025,Vencidos > 90 d / Crédito,0.0,ratio,Visão Executiva canônica; cache IME local 515ee8393a35855dd0afbec2f255c4e303ff92cdf606f6b59b9d23f5ec53f218,.cache/fundonet-ime/515ee8393a35855dd0afbec2f255c4e303ff92cdf606f6b59b9d23f5ec53f218
Carteiras selecionadas,SUMUP SOLO,SUMUP SOLO,45598747000121,04/2025,Vencidos > 90 d / Crédito,0.0,ratio,Visão Executiva canônica; cache IME local 515ee8393a35855dd0afbec2f255c4e303ff92cdf606f6b59b9d23f5ec53f218,.cache/fundonet-ime/515ee8393a35855dd0afbec2f255c4e303ff92cdf606f6b59b9d23f5ec53f218
Carteiras selecionadas,SUMUP SOLO,SUMUP SOLO,45598747000121,03/2025,Vencidos > 90 d / Crédito,0.0,ratio,Visão Executiva canônica; cache IME local 515ee8393a35855dd0afbec2f255c4e303ff92cdf606f6b59b9d23f5ec53f218,.cache/fundonet-ime/515ee8393a35855dd0afbec2f255c4e303ff92cdf606f6b59b9d23f5ec53f218
Carteiras selecionadas,SUMUP SOLO,SUMUP SOLO,45598747000121,02/2025,Vencidos > 90 d / Crédito,0.0,ratio,Visão Executiva canônica; cache IME local 515ee8393a35855dd0afbec2f255c4e303ff92cdf606f6b59b9d23f5ec53f218,.cache/fundonet-ime/515ee8393a35855dd0afbec2f255c4e303ff92cdf606f6b59b9d23f5ec53f218
Carteiras selecionadas,SUMUP SOLO,SUMUP SOLO,45598747000121,01/2025,Vencidos > 90 d / Crédito,0.0,ratio,Visão Executiva canônica; cache IME local 515ee8393a35855dd0afbec2f255c4e303ff92cdf606f6b59b9d23f5ec53f218,.cache/fundonet-ime/515ee8393a35855dd0afbec2f255c4e303ff92cdf606f6b59b9d23f5ec53f218
Carteiras selecionadas,SUMUP SOLO,SUMUP SOLO,45598747000121,06/2026,Vencidos Total / Crédito,0.0,ratio,Visão Executiva canônica; cache IME local 515ee8393a35855dd0afbec2f255c4e303ff92cdf606f6b59b9d23f5ec53f218,.cache/fundonet-ime/515ee8393a35855dd0afbec2f255c4e303ff92cdf606f6b59b9d23f5ec53f218
Carteiras selecionadas,SUMUP SOLO,SUMUP SOLO,45598747000121,05/2026,Vencidos Total / Crédito,0.0,ratio,Visão Executiva canônica; cache IME local 515ee8393a35855dd0afbec2f255c4e303ff92cdf606f6b59b9d23f5ec53f218,.cache/fundonet-ime/515ee8393a35855dd0afbec2f255c4e303ff92cdf606f6b59b9d23f5ec53f218
Carteiras selecionadas,SUMUP SOLO,SUMUP SOLO,45598747000121,04/2026,Vencidos Total / Crédito,0.0,ratio,Visão Executiva canônica; cache IME local 515ee8393a35855dd0afbec2f255c4e303ff92cdf606f6b59b9d23f5ec53f218,.cache/fundonet-ime/515ee8393a35855dd0afbec2f255c4e303ff92cdf606f6b59b9d23f5ec53f218
Carteiras selecionadas,SUMUP SOLO,SUMUP SOLO,45598747000121,03/2026,Vencidos Total / Crédito,0.0,ratio,Visão Executiva canônica; cache IME local 515ee8393a35855dd0afbec2f255c4e303ff92cdf606f6b59b9d23f5ec53f218,.cache/fundonet-ime/515ee8393a35855dd0afbec2f255c4e303ff92cdf606f6b59b9d23f5ec53f218
Carteiras selecionadas,SUMUP SOLO,SUMUP SOLO,45598747000121,02/2026,Vencidos Total / Crédito,0.0,ratio,Visão Executiva canônica; cache IME local 515ee8393a35855dd0afbec2f255c4e303ff92cdf606f6b59b9d23f5ec53f218,.cache/fundonet-ime/515ee8393a35855dd0afbec2f255c4e303ff92cdf606f6b59b9d23f5ec53f218
Carteiras selecionadas,SUMUP SOLO,SUMUP SOLO,45598747000121,01/2026,Vencidos Total / Crédito,0.0,ratio,Visão Executiva canônica; cache IME local 515ee8393a35855dd0afbec2f255c4e303ff92cdf606f6b59b9d23f5ec53f218,.cache/fundonet-ime/515ee8393a35855dd0afbec2f255c4e303ff92cdf606f6b59b9d23f5ec53f218
Carteiras selecionadas,SUMUP SOLO,SUMUP SOLO,45598747000121,12/2025,Vencidos Total / Crédito,0.0,ratio,Visão Executiva canônica; cache IME local 515ee8393a35855dd0afbec2f255c4e303ff92cdf606f6b59b9d23f5ec53f218,.cache/fundonet-ime/515ee8393a35855dd0afbec2f255c4e303ff92cdf606f6b59b9d23f5ec53f218
Carteiras selecionadas,SUMUP SOLO,SUMUP SOLO,45598747000121,10/2025,Vencidos Total / Crédito,0.0,ratio,Visão Executiva canônica; cache IME local 515ee8393a35855dd0afbec2f255c4e303ff92cdf606f6b59b9d23f5ec53f218,.cache/fundonet-ime/515ee8393a35855dd0afbec2f255c4e303ff92cdf606f6b59b9d23f5ec53f218
Carteiras selecionadas,SUMUP SOLO,SUMUP SOLO,45598747000121,09/2025,Vencidos Total / Crédito,0.0,ratio,Visão Executiva canônica; cache IME local 515ee8393a35855dd0afbec2f255c4e303ff92cdf606f6b59b9d23f5ec53f218,.cache/fundonet-ime/515ee8393a35855dd0afbec2f255c4e303ff92cdf606f6b59b9d23f5ec53f218
Carteiras selecionadas,SUMUP SOLO,SUMUP SOLO,45598747000121,08/2025,Vencidos Total / Crédito,0.0,ratio,Visão Executiva canônica; cache IME local 515ee8393a35855dd0afbec2f255c4e303ff92cdf606f6b59b9d23f5ec53f218,.cache/fundonet-ime/515ee8393a35855dd0afbec2f255c4e303ff92cdf606f6b59b9d23f5ec53f218
Carteiras selecionadas,SUMUP SOLO,SUMUP SOLO,45598747000121,07/2025,Vencidos Total / Crédito,0.0,ratio,Visão Executiva canônica; cache IME local 515ee8393a35855dd0afbec2f255c4e303ff92cdf606f6b59b9d23f5ec53f218,.cache/fundonet-ime/515ee8393a35855dd0afbec2f255c4e303ff92cdf606f6b59b9d23f5ec53f218
Carteiras selecionadas,SUMUP SOLO,SUMUP SOLO,45598747000121,06/2025,Vencidos Total / Crédito,0.0,ratio,Visão Executiva canônica; cache IME local 515ee8393a35855dd0afbec2f255c4e303ff92cdf606f6b59b9d23f5ec53f218,.cache/fundonet-ime/515ee8393a35855dd0afbec2f255c4e303ff92cdf606f6b59b9d23f5ec53f218
Carteiras selecionadas,SUMUP SOLO,SUMUP SOLO,45598747000121,05/2025,Vencidos Total / Crédito,0.0,ratio,Visão Executiva canônica; cache IME local 515ee8393a35855dd0afbec2f255c4e303ff92cdf606f6b59b9d23f5ec53f218,.cache/fundonet-ime/515ee8393a35855dd0afbec2f255c4e303ff92cdf606f6b59b9d23f5ec53f218
Carteiras selecionadas,SUMUP SOLO,SUMUP SOLO,45598747000121,04/2025,Vencidos Total / Crédito,0.0,ratio,Visão Executiva canônica; cache IME local 515ee8393a35855dd0afbec2f255c4e303ff92cdf606f6b59b9d23f5ec53f218,.cache/fundonet-ime/515ee8393a35855dd0afbec2f255c4e303ff92cdf606f6b59b9d23f5ec53f218
Carteiras selecionadas,SUMUP SOLO,SUMUP SOLO,45598747000121,03/2025,Vencidos Total / Crédito,0.0,ratio,Visão Executiva canônica; cache IME local 515ee8393a35855dd0afbec2f255c4e303ff92cdf606f6b59b9d23f5ec53f218,.cache/fundonet-ime/515ee8393a35855dd0afbec2f255c4e303ff92cdf606f6b59b9d23f5ec53f218
Carteiras selecionadas,SUMUP SOLO,SUMUP SOLO,45598747000121,02/2025,Vencidos Total / Crédito,0.0,ratio,Visão Executiva canônica; cache IME local 515ee8393a35855dd0afbec2f255c4e303ff92cdf606f6b59b9d23f5ec53f218,.cache/fundonet-ime/515ee8393a35855dd0afbec2f255c4e303ff92cdf606f6b59b9d23f5ec53f218
Carteiras selecionadas,SUMUP SOLO,SUMUP SOLO,45598747000121,01/2025,Vencidos Total / Crédito,0.0,ratio,Visão Executiva canônica; cache IME local 515ee8393a35855dd0afbec2f255c4e303ff92cdf606f6b59b9d23f5ec53f218,.cache/fundonet-ime/515ee8393a35855dd0afbec2f255c4e303ff92cdf606f6b59b9d23f5ec53f218
Carteiras selecionadas,SUMUP SOLO,SUMUP SOLO,45598747000121,06/2026,Vencidos Over 30 d (R$ MM),0.0,R$ MM,Visão Executiva canônica; cache IME local 515ee8393a35855dd0afbec2f255c4e303ff92cdf606f6b59b9d23f5ec53f218,.cache/fundonet-ime/515ee8393a35855dd0afbec2f255c4e303ff92cdf606f6b59b9d23f5ec53f218
Carteiras selecionadas,SUMUP SOLO,SUMUP SOLO,45598747000121,05/2026,Vencidos Over 30 d (R$ MM),0.0,R$ MM,Visão Executiva canônica; cache IME local 515ee8393a35855dd0afbec2f255c4e303ff92cdf606f6b59b9d23f5ec53f218,.cache/fundonet-ime/515ee8393a35855dd0afbec2f255c4e303ff92cdf606f6b59b9d23f5ec53f218
Carteiras selecionadas,SUMUP SOLO,SUMUP SOLO,45598747000121,04/2026,Vencidos Over 30 d (R$ MM),0.0,R$ MM,Visão Executiva canônica; cache IME local 515ee8393a35855dd0afbec2f255c4e303ff92cdf606f6b59b9d23f5ec53f218,.cache/fundonet-ime/515ee8393a35855dd0afbec2f255c4e303ff92cdf606f6b59b9d23f5ec53f218
Carteiras selecionadas,SUMUP SOLO,SUMUP SOLO,45598747000121,03/2026,Vencidos Over 30 d (R$ MM),0.0,R$ MM,Visão Executiva canônica; cache IME local 515ee8393a35855dd0afbec2f255c4e303ff92cdf606f6b59b9d23f5ec53f218,.cache/fundonet-ime/515ee8393a35855dd0afbec2f255c4e303ff92cdf606f6b59b9d23f5ec53f218
Carteiras selecionadas,SUMUP SOLO,SUMUP SOLO,45598747000121,02/2026,Vencidos Over 30 d (R$ MM),0.0,R$ MM,Visão Executiva canônica; cache IME local 515ee8393a35855dd0afbec2f255c4e303ff92cdf606f6b59b9d23f5ec53f218,.cache/fundonet-ime/515ee8393a35855dd0afbec2f255c4e303ff92cdf606f6b59b9d23f5ec53f218
Carteiras selecionadas,SUMUP SOLO,SUMUP SOLO,45598747000121,01/2026,Vencidos Over 30 d (R$ MM),0.0,R$ MM,Visão Executiva canônica; cache IME local 515ee8393a35855dd0afbec2f255c4e303ff92cdf606f6b59b9d23f5ec53f218,.cache/fundonet-ime/515ee8393a35855dd0afbec2f255c4e303ff92cdf606f6b59b9d23f5ec53f218
Carteiras selecionadas,SUMUP SOLO,SUMUP SOLO,45598747000121,12/2025,Vencidos Over 30 d (R$ MM),0.0,R$ MM,Visão Executiva canônica; cache IME local 515ee8393a35855dd0afbec2f255c4e303ff92cdf606f6b59b9d23f5ec53f218,.cache/fundonet-ime/515ee8393a35855dd0afbec2f255c4e303ff92cdf606f6b59b9d23f5ec53f218
Carteiras selecionadas,SUMUP SOLO,SUMUP SOLO,45598747000121,11/2025,Vencidos Over 30 d (R$ MM),0.0,R$ MM,Visão Executiva canônica; cache IME local 515ee8393a35855dd0afbec2f255c4e303ff92cdf606f6b59b9d23f5ec53f218,.cache/fundonet-ime/515ee8393a35855dd0afbec2f255c4e303ff92cdf606f6b59b9d23f5ec53f218
Carteiras selecionadas,SUMUP SOLO,SUMUP SOLO,45598747000121,10/2025,Vencidos Over 30 d (R$ MM),0.0,R$ MM,Visão Executiva canônica; cache IME local 515ee8393a35855dd0afbec2f255c4e303ff92cdf606f6b59b9d23f5ec53f218,.cache/fundonet-ime/515ee8393a35855dd0afbec2f255c4e303ff92cdf606f6b59b9d23f5ec53f218
Carteiras selecionadas,SUMUP SOLO,SUMUP SOLO,45598747000121,09/2025,Vencidos Over 30 d (R$ MM),0.0,R$ MM,Visão Executiva canônica; cache IME local 515ee8393a35855dd0afbec2f255c4e303ff92cdf606f6b59b9d23f5ec53f218,.cache/fundonet-ime/515ee8393a35855dd0afbec2f255c4e303ff92cdf606f6b59b9d23f5ec53f218
Carteiras selecionadas,SUMUP SOLO,SUMUP SOLO,45598747000121,08/2025,Vencidos Over 30 d (R$ MM),0.0,R$ MM,Visão Executiva canônica; cache IME local 515ee8393a35855dd0afbec2f255c4e303ff92cdf606f6b59b9d23f5ec53f218,.cache/fundonet-ime/515ee8393a35855dd0afbec2f255c4e303ff92cdf606f6b59b9d23f5ec53f218
Carteiras selecionadas,SUMUP SOLO,SUMUP SOLO,45598747000121,07/2025,Vencidos Over 30 d (R$ MM),0.0,R$ MM,Visão Executiva canônica; cache IME local 515ee8393a35855dd0afbec2f255c4e303ff92cdf606f6b59b9d23f5ec53f218,.cache/fundonet-ime/515ee8393a35855dd0afbec2f255c4e303ff92cdf606f6b59b9d23f5ec53f218
Carteiras selecionadas,SUMUP SOLO,SUMUP SOLO,45598747000121,06/2025,Vencidos Over 30 d (R$ MM),0.0,R$ MM,Visão Executiva canônica; cache IME local 515ee8393a35855dd0afbec2f255c4e303ff92cdf606f6b59b9d23f5ec53f218,.cache/fundonet-ime/515ee8393a35855dd0afbec2f255c4e303ff92cdf606f6b59b9d23f5ec53f218
Carteiras selecionadas,SUMUP SOLO,SUMUP SOLO,45598747000121,05/2025,Vencidos Over 30 d (R$ MM),0.0,R$ MM,Visão Executiva canônica; cache IME local 515ee8393a35855dd0afbec2f255c4e303ff92cdf606f6b59b9d23f5ec53f218,.cache/fundonet-ime/515ee8393a35855dd0afbec2f255c4e303ff92cdf606f6b59b9d23f5ec53f218
Carteiras selecionadas,SUMUP SOLO,SUMUP SOLO,45598747000121,04/2025,Vencidos Over 30 d (R$ MM),0.0,R$ MM,Visão Executiva canônica; cache IME local 515ee8393a35855dd0afbec2f255c4e303ff92cdf606f6b59b9d23f5ec53f218,.cache/fundonet-ime/515ee8393a35855dd0afbec2f255c4e303ff92cdf606f6b59b9d23f5ec53f218
Carteiras selecionadas,SUMUP SOLO,SUMUP SOLO,45598747000121,03/2025,Vencidos Over 30 d (R$ MM),0.0,R$ MM,Visão Executiva canônica; cache IME local 515ee8393a35855dd0afbec2f255c4e303ff92cdf606f6b59b9d23f5ec53f218,.cache/fundonet-ime/515ee8393a35855dd0afbec2f255c4e303ff92cdf606f6b59b9d23f5ec53f218
Carteiras selecionadas,SUMUP SOLO,SUMUP SOLO,45598747000121,02/2025,Vencidos Over 30 d (R$ MM),0.0,R$ MM,Visão Executiva canônica; cache IME local 515ee8393a35855dd0afbec2f255c4e303ff92cdf606f6b59b9d23f5ec53f218,.cache/fundonet-ime/515ee8393a35855dd0afbec2f255c4e303ff92cdf606f6b59b9d23f5ec53f218
Carteiras selecionadas,SUMUP SOLO,SUMUP SOLO,45598747000121,01/2025,Vencidos Over 30 d (R$ MM),0.0,R$ MM,Visão Executiva canônica; cache IME local 515ee8393a35855dd0afbec2f255c4e303ff92cdf606f6b59b9d23f5ec53f218,.cache/fundonet-ime/515ee8393a35855dd0afbec2f255c4e303ff92cdf606f6b59b9d23f5ec53f218
Carteiras selecionadas,SUMUP SOLO,SUMUP SOLO,45598747000121,06/2026,Vencidos Over 30 d / Crédito,0.0,ratio,Visão Executiva canônica; cache IME local 515ee8393a35855dd0afbec2f255c4e303ff92cdf606f6b59b9d23f5ec53f218,.cache/fundonet-ime/515ee8393a35855dd0afbec2f255c4e303ff92cdf606f6b59b9d23f5ec53f218
Carteiras selecionadas,SUMUP SOLO,SUMUP SOLO,45598747000121,05/2026,Vencidos Over 30 d / Crédito,0.0,ratio,Visão Executiva canônica; cache IME local 515ee8393a35855dd0afbec2f255c4e303ff92cdf606f6b59b9d23f5ec53f218,.cache/fundonet-ime/515ee8393a35855dd0afbec2f255c4e303ff92cdf606f6b59b9d23f5ec53f218
Carteiras selecionadas,SUMUP SOLO,SUMUP SOLO,45598747000121,04/2026,Vencidos Over 30 d / Crédito,0.0,ratio,Visão Executiva canônica; cache IME local 515ee8393a35855dd0afbec2f255c4e303ff92cdf606f6b59b9d23f5ec53f218,.cache/fundonet-ime/515ee8393a35855dd0afbec2f255c4e303ff92cdf606f6b59b9d23f5ec53f218
Carteiras selecionadas,SUMUP SOLO,SUMUP SOLO,45598747000121,03/2026,Vencidos Over 30 d / Crédito,0.0,ratio,Visão Executiva canônica; cache IME local 515ee8393a35855dd0afbec2f255c4e303ff92cdf606f6b59b9d23f5ec53f218,.cache/fundonet-ime/515ee8393a35855dd0afbec2f255c4e303ff92cdf606f6b59b9d23f5ec53f218
Carteiras selecionadas,SUMUP SOLO,SUMUP SOLO,45598747000121,02/2026,Vencidos Over 30 d / Crédito,0.0,ratio,Visão Executiva canônica; cache IME local 515ee8393a35855dd0afbec2f255c4e303ff92cdf606f6b59b9d23f5ec53f218,.cache/fundonet-ime/515ee8393a35855dd0afbec2f255c4e303ff92cdf606f6b59b9d23f5ec53f218
Carteiras selecionadas,SUMUP SOLO,SUMUP SOLO,45598747000121,01/2026,Vencidos Over 30 d / Crédito,0.0,ratio,Visão Executiva canônica; cache IME local 515ee8393a35855dd0afbec2f255c4e303ff92cdf606f6b59b9d23f5ec53f218,.cache/fundonet-ime/515ee8393a35855dd0afbec2f255c4e303ff92cdf606f6b59b9d23f5ec53f218
Carteiras selecionadas,SUMUP SOLO,SUMUP SOLO,45598747000121,12/2025,Vencidos Over 30 d / Crédito,0.0,ratio,Visão Executiva canônica; cache IME local 515ee8393a35855dd0afbec2f255c4e303ff92cdf606f6b59b9d23f5ec53f218,.cache/fundonet-ime/515ee8393a35855dd0afbec2f255c4e303ff92cdf606f6b59b9d23f5ec53f218
Carteiras selecionadas,SUMUP SOLO,SUMUP SOLO,45598747000121,10/2025,Vencidos Over 30 d / Crédito,0.0,ratio,Visão Executiva canônica; cache IME local 515ee8393a35855dd0afbec2f255c4e303ff92cdf606f6b59b9d23f5ec53f218,.cache/fundonet-ime/515ee8393a35855dd0afbec2f255c4e303ff92cdf606f6b59b9d23f5ec53f218
Carteiras selecionadas,SUMUP SOLO,SUMUP SOLO,45598747000121,09/2025,Vencidos Over 30 d / Crédito,0.0,ratio,Visão Executiva canônica; cache IME local 515ee8393a35855dd0afbec2f255c4e303ff92cdf606f6b59b9d23f5ec53f218,.cache/fundonet-ime/515ee8393a35855dd0afbec2f255c4e303ff92cdf606f6b59b9d23f5ec53f218
Carteiras selecionadas,SUMUP SOLO,SUMUP SOLO,45598747000121,08/2025,Vencidos Over 30 d / Crédito,0.0,ratio,Visão Executiva canônica; cache IME local 515ee8393a35855dd0afbec2f255c4e303ff92cdf606f6b59b9d23f5ec53f218,.cache/fundonet-ime/515ee8393a35855dd0afbec2f255c4e303ff92cdf606f6b59b9d23f5ec53f218
Carteiras selecionadas,SUMUP SOLO,SUMUP SOLO,45598747000121,07/2025,Vencidos Over 30 d / Crédito,0.0,ratio,Visão Executiva canônica; cache IME local 515ee8393a35855dd0afbec2f255c4e303ff92cdf606f6b59b9d23f5ec53f218,.cache/fundonet-ime/515ee8393a35855dd0afbec2f255c4e303ff92cdf606f6b59b9d23f5ec53f218
Carteiras selecionadas,SUMUP SOLO,SUMUP SOLO,45598747000121,06/2025,Vencidos Over 30 d / Crédito,0.0,ratio,Visão Executiva canônica; cache IME local 515ee8393a35855dd0afbec2f255c4e303ff92cdf606f6b59b9d23f5ec53f218,.cache/fundonet-ime/515ee8393a35855dd0afbec2f255c4e303ff92cdf606f6b59b9d23f5ec53f218
Carteiras selecionadas,SUMUP SOLO,SUMUP SOLO,45598747000121,05/2025,Vencidos Over 30 d / Crédito,0.0,ratio,Visão Executiva canônica; cache IME local 515ee8393a35855dd0afbec2f255c4e303ff92cdf606f6b59b9d23f5ec53f218,.cache/fundonet-ime/515ee8393a35855dd0afbec2f255c4e303ff92cdf606f6b59b9d23f5ec53f218
Carteiras selecionadas,SUMUP SOLO,SUMUP SOLO,45598747000121,04/2025,Vencidos Over 30 d / Crédito,0.0,ratio,Visão Executiva canônica; cache IME local 515ee8393a35855dd0afbec2f255c4e303ff92cdf606f6b59b9d23f5ec53f218,.cache/fundonet-ime/515ee8393a35855dd0afbec2f255c4e303ff92cdf606f6b59b9d23f5ec53f218
Carteiras selecionadas,SUMUP SOLO,SUMUP SOLO,45598747000121,03/2025,Vencidos Over 30 d / Crédito,0.0,ratio,Visão Executiva canônica; cache IME local 515ee8393a35855dd0afbec2f255c4e303ff92cdf606f6b59b9d23f5ec53f218,.cache/fundonet-ime/515ee8393a35855dd0afbec2f255c4e303ff92cdf606f6b59b9d23f5ec53f218
Carteiras selecionadas,SUMUP SOLO,SUMUP SOLO,45598747000121,02/2025,Vencidos Over 30 d / Crédito,0.0,ratio,Visão Executiva canônica; cache IME local 515ee8393a35855dd0afbec2f255c4e303ff92cdf606f6b59b9d23f5ec53f218,.cache/fundonet-ime/515ee8393a35855dd0afbec2f255c4e303ff92cdf606f6b59b9d23f5ec53f218
Carteiras selecionadas,SUMUP SOLO,SUMUP SOLO,45598747000121,01/2025,Vencidos Over 30 d / Crédito,0.0,ratio,Visão Executiva canônica; cache IME local 515ee8393a35855dd0afbec2f255c4e303ff92cdf606f6b59b9d23f5ec53f218,.cache/fundonet-ime/515ee8393a35855dd0afbec2f255c4e303ff92cdf606f6b59b9d23f5ec53f218
Carteiras selecionadas,SUMUP SOLO,SUMUP SOLO,45598747000121,06/2026,Vencidos Over 60 d (R$ MM),0.0,R$ MM,Visão Executiva canônica; cache IME local 515ee8393a35855dd0afbec2f255c4e303ff92cdf606f6b59b9d23f5ec53f218,.cache/fundonet-ime/515ee8393a35855dd0afbec2f255c4e303ff92cdf606f6b59b9d23f5ec53f218
Carteiras selecionadas,SUMUP SOLO,SUMUP SOLO,45598747000121,05/2026,Vencidos Over 60 d (R$ MM),0.0,R$ MM,Visão Executiva canônica; cache IME local 515ee8393a35855dd0afbec2f255c4e303ff92cdf606f6b59b9d23f5ec53f218,.cache/fundonet-ime/515ee8393a35855dd0afbec2f255c4e303ff92cdf606f6b59b9d23f5ec53f218
Carteiras selecionadas,SUMUP SOLO,SUMUP SOLO,45598747000121,04/2026,Vencidos Over 60 d (R$ MM),0.0,R$ MM,Visão Executiva canônica; cache IME local 515ee8393a35855dd0afbec2f255c4e303ff92cdf606f6b59b9d23f5ec53f218,.cache/fundonet-ime/515ee8393a35855dd0afbec2f255c4e303ff92cdf606f6b59b9d23f5ec53f218
Carteiras selecionadas,SUMUP SOLO,SUMUP SOLO,45598747000121,03/2026,Vencidos Over 60 d (R$ MM),0.0,R$ MM,Visão Executiva canônica; cache IME local 515ee8393a35855dd0afbec2f255c4e303ff92cdf606f6b59b9d23f5ec53f218,.cache/fundonet-ime/515ee8393a35855dd0afbec2f255c4e303ff92cdf606f6b59b9d23f5ec53f218
Carteiras selecionadas,SUMUP SOLO,SUMUP SOLO,45598747000121,02/2026,Vencidos Over 60 d (R$ MM),0.0,R$ MM,Visão Executiva canônica; cache IME local 515ee8393a35855dd0afbec2f255c4e303ff92cdf606f6b59b9d23f5ec53f218,.cache/fundonet-ime/515ee8393a35855dd0afbec2f255c4e303ff92cdf606f6b59b9d23f5ec53f218
Carteiras selecionadas,SUMUP SOLO,SUMUP SOLO,45598747000121,01/2026,Vencidos Over 60 d (R$ MM),0.0,R$ MM,Visão Executiva canônica; cache IME local 515ee8393a35855dd0afbec2f255c4e303ff92cdf606f6b59b9d23f5ec53f218,.cache/fundonet-ime/515ee8393a35855dd0afbec2f255c4e303ff92cdf606f6b59b9d23f5ec53f218
Carteiras selecionadas,SUMUP SOLO,SUMUP SOLO,45598747000121,12/2025,Vencidos Over 60 d (R$ MM),0.0,R$ MM,Visão Executiva canônica; cache IME local 515ee8393a35855dd0afbec2f255c4e303ff92cdf606f6b59b9d23f5ec53f218,.cache/fundonet-ime/515ee8393a35855dd0afbec2f255c4e303ff92cdf606f6b59b9d23f5ec53f218
Carteiras selecionadas,SUMUP SOLO,SUMUP SOLO,45598747000121,11/2025,Vencidos Over 60 d (R$ MM),0.0,R$ MM,Visão Executiva canônica; cache IME local 515ee8393a35855dd0afbec2f255c4e303ff92cdf606f6b59b9d23f5ec53f218,.cache/fundonet-ime/515ee8393a35855dd0afbec2f255c4e303ff92cdf606f6b59b9d23f5ec53f218
Carteiras selecionadas,SUMUP SOLO,SUMUP SOLO,45598747000121,10/2025,Vencidos Over 60 d (R$ MM),0.0,R$ MM,Visão Executiva canônica; cache IME local 515ee8393a35855dd0afbec2f255c4e303ff92cdf606f6b59b9d23f5ec53f218,.cache/fundonet-ime/515ee8393a35855dd0afbec2f255c4e303ff92cdf606f6b59b9d23f5ec53f218
Carteiras selecionadas,SUMUP SOLO,SUMUP SOLO,45598747000121,09/2025,Vencidos Over 60 d (R$ MM),0.0,R$ MM,Visão Executiva canônica; cache IME local 515ee8393a35855dd0afbec2f255c4e303ff92cdf606f6b59b9d23f5ec53f218,.cache/fundonet-ime/515ee8393a35855dd0afbec2f255c4e303ff92cdf606f6b59b9d23f5ec53f218
Carteiras selecionadas,SUMUP SOLO,SUMUP SOLO,45598747000121,08/2025,Vencidos Over 60 d (R$ MM),0.0,R$ MM,Visão Executiva canônica; cache IME local 515ee8393a35855dd0afbec2f255c4e303ff92cdf606f6b59b9d23f5ec53f218,.cache/fundonet-ime/515ee8393a35855dd0afbec2f255c4e303ff92cdf606f6b59b9d23f5ec53f218
Carteiras selecionadas,SUMUP SOLO,SUMUP SOLO,45598747000121,07/2025,Vencidos Over 60 d (R$ MM),0.0,R$ MM,Visão Executiva canônica; cache IME local 515ee8393a35855dd0afbec2f255c4e303ff92cdf606f6b59b9d23f5ec53f218,.cache/fundonet-ime/515ee8393a35855dd0afbec2f255c4e303ff92cdf606f6b59b9d23f5ec53f218
Carteiras selecionadas,SUMUP SOLO,SUMUP SOLO,45598747000121,06/2025,Vencidos Over 60 d (R$ MM),0.0,R$ MM,Visão Executiva canônica; cache IME local 515ee8393a35855dd0afbec2f255c4e303ff92cdf606f6b59b9d23f5ec53f218,.cache/fundonet-ime/515ee8393a35855dd0afbec2f255c4e303ff92cdf606f6b59b9d23f5ec53f218
Carteiras selecionadas,SUMUP SOLO,SUMUP SOLO,45598747000121,05/2025,Vencidos Over 60 d (R$ MM),0.0,R$ MM,Visão Executiva canônica; cache IME local 515ee8393a35855dd0afbec2f255c4e303ff92cdf606f6b59b9d23f5ec53f218,.cache/fundonet-ime/515ee8393a35855dd0afbec2f255c4e303ff92cdf606f6b59b9d23f5ec53f218
Carteiras selecionadas,SUMUP SOLO,SUMUP SOLO,45598747000121,04/2025,Vencidos Over 60 d (R$ MM),0.0,R$ MM,Visão Executiva canônica; cache IME local 515ee8393a35855dd0afbec2f255c4e303ff92cdf606f6b59b9d23f5ec53f218,.cache/fundonet-ime/515ee8393a35855dd0afbec2f255c4e303ff92cdf606f6b59b9d23f5ec53f218
Carteiras selecionadas,SUMUP SOLO,SUMUP SOLO,45598747000121,03/2025,Vencidos Over 60 d (R$ MM),0.0,R$ MM,Visão Executiva canônica; cache IME local 515ee8393a35855dd0afbec2f255c4e303ff92cdf606f6b59b9d23f5ec53f218,.cache/fundonet-ime/515ee8393a35855dd0afbec2f255c4e303ff92cdf606f6b59b9d23f5ec53f218
Carteiras selecionadas,SUMUP SOLO,SUMUP SOLO,45598747000121,02/2025,Vencidos Over 60 d (R$ MM),0.0,R$ MM,Visão Executiva canônica; cache IME local 515ee8393a35855dd0afbec2f255c4e303ff92cdf606f6b59b9d23f5ec53f218,.cache/fundonet-ime/515ee8393a35855dd0afbec2f255c4e303ff92cdf606f6b59b9d23f5ec53f218
Carteiras selecionadas,SUMUP SOLO,SUMUP SOLO,45598747000121,01/2025,Vencidos Over 60 d (R$ MM),0.0,R$ MM,Visão Executiva canônica; cache IME local 515ee8393a35855dd0afbec2f255c4e303ff92cdf606f6b59b9d23f5ec53f218,.cache/fundonet-ime/515ee8393a35855dd0afbec2f255c4e303ff92cdf606f6b59b9d23f5ec53f218
Carteiras selecionadas,SUMUP SOLO,SUMUP SOLO,45598747000121,06/2026,Vencidos Over 60 d / Crédito,0.0,ratio,Visão Executiva canônica; cache IME local 515ee8393a35855dd0afbec2f255c4e303ff92cdf606f6b59b9d23f5ec53f218,.cache/fundonet-ime/515ee8393a35855dd0afbec2f255c4e303ff92cdf606f6b59b9d23f5ec53f218
Carteiras selecionadas,SUMUP SOLO,SUMUP SOLO,45598747000121,05/2026,Vencidos Over 60 d / Crédito,0.0,ratio,Visão Executiva canônica; cache IME local 515ee8393a35855dd0afbec2f255c4e303ff92cdf606f6b59b9d23f5ec53f218,.cache/fundonet-ime/515ee8393a35855dd0afbec2f255c4e303ff92cdf606f6b59b9d23f5ec53f218
Carteiras selecionadas,SUMUP SOLO,SUMUP SOLO,45598747000121,04/2026,Vencidos Over 60 d / Crédito,0.0,ratio,Visão Executiva canônica; cache IME local 515ee8393a35855dd0afbec2f255c4e303ff92cdf606f6b59b9d23f5ec53f218,.cache/fundonet-ime/515ee8393a35855dd0afbec2f255c4e303ff92cdf606f6b59b9d23f5ec53f218
Carteiras selecionadas,SUMUP SOLO,SUMUP SOLO,45598747000121,03/2026,Vencidos Over 60 d / Crédito,0.0,ratio,Visão Executiva canônica; cache IME local 515ee8393a35855dd0afbec2f255c4e303ff92cdf606f6b59b9d23f5ec53f218,.cache/fundonet-ime/515ee8393a35855dd0afbec2f255c4e303ff92cdf606f6b59b9d23f5ec53f218
Carteiras selecionadas,SUMUP SOLO,SUMUP SOLO,45598747000121,02/2026,Vencidos Over 60 d / Crédito,0.0,ratio,Visão Executiva canônica; cache IME local 515ee8393a35855dd0afbec2f255c4e303ff92cdf606f6b59b9d23f5ec53f218,.cache/fundonet-ime/515ee8393a35855dd0afbec2f255c4e303ff92cdf606f6b59b9d23f5ec53f218
Carteiras selecionadas,SUMUP SOLO,SUMUP SOLO,45598747000121,01/2026,Vencidos Over 60 d / Crédito,0.0,ratio,Visão Executiva canônica; cache IME local 515ee8393a35855dd0afbec2f255c4e303ff92cdf606f6b59b9d23f5ec53f218,.cache/fundonet-ime/515ee8393a35855dd0afbec2f255c4e303ff92cdf606f6b59b9d23f5ec53f218
Carteiras selecionadas,SUMUP SOLO,SUMUP SOLO,45598747000121,12/2025,Vencidos Over 60 d / Crédito,0.0,ratio,Visão Executiva canônica; cache IME local 515ee8393a35855dd0afbec2f255c4e303ff92cdf606f6b59b9d23f5ec53f218,.cache/fundonet-ime/515ee8393a35855dd0afbec2f255c4e303ff92cdf606f6b59b9d23f5ec53f218
Carteiras selecionadas,SUMUP SOLO,SUMUP SOLO,45598747000121,10/2025,Vencidos Over 60 d / Crédito,0.0,ratio,Visão Executiva canônica; cache IME local 515ee8393a35855dd0afbec2f255c4e303ff92cdf606f6b59b9d23f5ec53f218,.cache/fundonet-ime/515ee8393a35855dd0afbec2f255c4e303ff92cdf606f6b59b9d23f5ec53f218
Carteiras selecionadas,SUMUP SOLO,SUMUP SOLO,45598747000121,09/2025,Vencidos Over 60 d / Crédito,0.0,ratio,Visão Executiva canônica; cache IME local 515ee8393a35855dd0afbec2f255c4e303ff92cdf606f6b59b9d23f5ec53f218,.cache/fundonet-ime/515ee8393a35855dd0afbec2f255c4e303ff92cdf606f6b59b9d23f5ec53f218
Carteiras selecionadas,SUMUP SOLO,SUMUP SOLO,45598747000121,08/2025,Vencidos Over 60 d / Crédito,0.0,ratio,Visão Executiva canônica; cache IME local 515ee8393a35855dd0afbec2f255c4e303ff92cdf606f6b59b9d23f5ec53f218,.cache/fundonet-ime/515ee8393a35855dd0afbec2f255c4e303ff92cdf606f6b59b9d23f5ec53f218
Carteiras selecionadas,SUMUP SOLO,SUMUP SOLO,45598747000121,07/2025,Vencidos Over 60 d / Crédito,0.0,ratio,Visão Executiva canônica; cache IME local 515ee8393a35855dd0afbec2f255c4e303ff92cdf606f6b59b9d23f5ec53f218,.cache/fundonet-ime/515ee8393a35855dd0afbec2f255c4e303ff92cdf606f6b59b9d23f5ec53f218
Carteiras selecionadas,SUMUP SOLO,SUMUP SOLO,45598747000121,06/2025,Vencidos Over 60 d / Crédito,0.0,ratio,Visão Executiva canônica; cache IME local 515ee8393a35855dd0afbec2f255c4e303ff92cdf606f6b59b9d23f5ec53f218,.cache/fundonet-ime/515ee8393a35855dd0afbec2f255c4e303ff92cdf606f6b59b9d23f5ec53f218
Carteiras selecionadas,SUMUP SOLO,SUMUP SOLO,45598747000121,05/2025,Vencidos Over 60 d / Crédito,0.0,ratio,Visão Executiva canônica; cache IME local 515ee8393a35855dd0afbec2f255c4e303ff92cdf606f6b59b9d23f5ec53f218,.cache/fundonet-ime/515ee8393a35855dd0afbec2f255c4e303ff92cdf606f6b59b9d23f5ec53f218
Carteiras selecionadas,SUMUP SOLO,SUMUP SOLO,45598747000121,04/2025,Vencidos Over 60 d / Crédito,0.0,ratio,Visão Executiva canônica; cache IME local 515ee8393a35855dd0afbec2f255c4e303ff92cdf606f6b59b9d23f5ec53f218,.cache/fundonet-ime/515ee8393a35855dd0afbec2f255c4e303ff92cdf606f6b59b9d23f5ec53f218
Carteiras selecionadas,SUMUP SOLO,SUMUP SOLO,45598747000121,03/2025,Vencidos Over 60 d / Crédito,0.0,ratio,Visão Executiva canônica; cache IME local 515ee8393a35855dd0afbec2f255c4e303ff92cdf606f6b59b9d23f5ec53f218,.cache/fundonet-ime/515ee8393a35855dd0afbec2f255c4e303ff92cdf606f6b59b9d23f5ec53f218
Carteiras selecionadas,SUMUP SOLO,SUMUP SOLO,45598747000121,02/2025,Vencidos Over 60 d / Crédito,0.0,ratio,Visão Executiva canônica; cache IME local 515ee8393a35855dd0afbec2f255c4e303ff92cdf606f6b59b9d23f5ec53f218,.cache/fundonet-ime/515ee8393a35855dd0afbec2f255c4e303ff92cdf606f6b59b9d23f5ec53f218
Carteiras selecionadas,SUMUP SOLO,SUMUP SOLO,45598747000121,01/2025,Vencidos Over 60 d / Crédito,0.0,ratio,Visão Executiva canônica; cache IME local 515ee8393a35855dd0afbec2f255c4e303ff92cdf606f6b59b9d23f5ec53f218,.cache/fundonet-ime/515ee8393a35855dd0afbec2f255c4e303ff92cdf606f6b59b9d23f5ec53f218
Carteiras selecionadas,SUMUP SOLO,SUMUP SOLO,45598747000121,06/2026,Vencidos Over 90 d (R$ MM),0.0,R$ MM,Visão Executiva canônica; cache IME local 515ee8393a35855dd0afbec2f255c4e303ff92cdf606f6b59b9d23f5ec53f218,.cache/fundonet-ime/515ee8393a35855dd0afbec2f255c4e303ff92cdf606f6b59b9d23f5ec53f218
Carteiras selecionadas,SUMUP SOLO,SUMUP SOLO,45598747000121,05/2026,Vencidos Over 90 d (R$ MM),0.0,R$ MM,Visão Executiva canônica; cache IME local 515ee8393a35855dd0afbec2f255c4e303ff92cdf606f6b59b9d23f5ec53f218,.cache/fundonet-ime/515ee8393a35855dd0afbec2f255c4e303ff92cdf606f6b59b9d23f5ec53f218
Carteiras selecionadas,SUMUP SOLO,SUMUP SOLO,45598747000121,04/2026,Vencidos Over 90 d (R$ MM),0.0,R$ MM,Visão Executiva canônica; cache IME local 515ee8393a35855dd0afbec2f255c4e303ff92cdf606f6b59b9d23f5ec53f218,.cache/fundonet-ime/515ee8393a35855dd0afbec2f255c4e303ff92cdf606f6b59b9d23f5ec53f218
Carteiras selecionadas,SUMUP SOLO,SUMUP SOLO,45598747000121,03/2026,Vencidos Over 90 d (R$ MM),0.0,R$ MM,Visão Executiva canônica; cache IME local 515ee8393a35855dd0afbec2f255c4e303ff92cdf606f6b59b9d23f5ec53f218,.cache/fundonet-ime/515ee8393a35855dd0afbec2f255c4e303ff92cdf606f6b59b9d23f5ec53f218
Carteiras selecionadas,SUMUP SOLO,SUMUP SOLO,45598747000121,02/2026,Vencidos Over 90 d (R$ MM),0.0,R$ MM,Visão Executiva canônica; cache IME local 515ee8393a35855dd0afbec2f255c4e303ff92cdf606f6b59b9d23f5ec53f218,.cache/fundonet-ime/515ee8393a35855dd0afbec2f255c4e303ff92cdf606f6b59b9d23f5ec53f218
Carteiras selecionadas,SUMUP SOLO,SUMUP SOLO,45598747000121,01/2026,Vencidos Over 90 d (R$ MM),0.0,R$ MM,Visão Executiva canônica; cache IME local 515ee8393a35855dd0afbec2f255c4e303ff92cdf606f6b59b9d23f5ec53f218,.cache/fundonet-ime/515ee8393a35855dd0afbec2f255c4e303ff92cdf606f6b59b9d23f5ec53f218
Carteiras selecionadas,SUMUP SOLO,SUMUP SOLO,45598747000121,12/2025,Vencidos Over 90 d (R$ MM),0.0,R$ MM,Visão Executiva canônica; cache IME local 515ee8393a35855dd0afbec2f255c4e303ff92cdf606f6b59b9d23f5ec53f218,.cache/fundonet-ime/515ee8393a35855dd0afbec2f255c4e303ff92cdf606f6b59b9d23f5ec53f218
Carteiras selecionadas,SUMUP SOLO,SUMUP SOLO,45598747000121,11/2025,Vencidos Over 90 d (R$ MM),0.0,R$ MM,Visão Executiva canônica; cache IME local 515ee8393a35855dd0afbec2f255c4e303ff92cdf606f6b59b9d23f5ec53f218,.cache/fundonet-ime/515ee8393a35855dd0afbec2f255c4e303ff92cdf606f6b59b9d23f5ec53f218
Carteiras selecionadas,SUMUP SOLO,SUMUP SOLO,45598747000121,10/2025,Vencidos Over 90 d (R$ MM),0.0,R$ MM,Visão Executiva canônica; cache IME local 515ee8393a35855dd0afbec2f255c4e303ff92cdf606f6b59b9d23f5ec53f218,.cache/fundonet-ime/515ee8393a35855dd0afbec2f255c4e303ff92cdf606f6b59b9d23f5ec53f218
Carteiras selecionadas,SUMUP SOLO,SUMUP SOLO,45598747000121,09/2025,Vencidos Over 90 d (R$ MM),0.0,R$ MM,Visão Executiva canônica; cache IME local 515ee8393a35855dd0afbec2f255c4e303ff92cdf606f6b59b9d23f5ec53f218,.cache/fundonet-ime/515ee8393a35855dd0afbec2f255c4e303ff92cdf606f6b59b9d23f5ec53f218
Carteiras selecionadas,SUMUP SOLO,SUMUP SOLO,45598747000121,08/2025,Vencidos Over 90 d (R$ MM),0.0,R$ MM,Visão Executiva canônica; cache IME local 515ee8393a35855dd0afbec2f255c4e303ff92cdf606f6b59b9d23f5ec53f218,.cache/fundonet-ime/515ee8393a35855dd0afbec2f255c4e303ff92cdf606f6b59b9d23f5ec53f218
Carteiras selecionadas,SUMUP SOLO,SUMUP SOLO,45598747000121,07/2025,Vencidos Over 90 d (R$ MM),0.0,R$ MM,Visão Executiva canônica; cache IME local 515ee8393a35855dd0afbec2f255c4e303ff92cdf606f6b59b9d23f5ec53f218,.cache/fundonet-ime/515ee8393a35855dd0afbec2f255c4e303ff92cdf606f6b59b9d23f5ec53f218
Carteiras selecionadas,SUMUP SOLO,SUMUP SOLO,45598747000121,06/2025,Vencidos Over 90 d (R$ MM),0.0,R$ MM,Visão Executiva canônica; cache IME local 515ee8393a35855dd0afbec2f255c4e303ff92cdf606f6b59b9d23f5ec53f218,.cache/fundonet-ime/515ee8393a35855dd0afbec2f255c4e303ff92cdf606f6b59b9d23f5ec53f218
Carteiras selecionadas,SUMUP SOLO,SUMUP SOLO,45598747000121,05/2025,Vencidos Over 90 d (R$ MM),0.0,R$ MM,Visão Executiva canônica; cache IME local 515ee8393a35855dd0afbec2f255c4e303ff92cdf606f6b59b9d23f5ec53f218,.cache/fundonet-ime/515ee8393a35855dd0afbec2f255c4e303ff92cdf606f6b59b9d23f5ec53f218
Carteiras selecionadas,SUMUP SOLO,SUMUP SOLO,45598747000121,04/2025,Vencidos Over 90 d (R$ MM),0.0,R$ MM,Visão Executiva canônica; cache IME local 515ee8393a35855dd0afbec2f255c4e303ff92cdf606f6b59b9d23f5ec53f218,.cache/fundonet-ime/515ee8393a35855dd0afbec2f255c4e303ff92cdf606f6b59b9d23f5ec53f218
Carteiras selecionadas,SUMUP SOLO,SUMUP SOLO,45598747000121,03/2025,Vencidos Over 90 d (R$ MM),0.0,R$ MM,Visão Executiva canônica; cache IME local 515ee8393a35855dd0afbec2f255c4e303ff92cdf606f6b59b9d23f5ec53f218,.cache/fundonet-ime/515ee8393a35855dd0afbec2f255c4e303ff92cdf606f6b59b9d23f5ec53f218
Carteiras selecionadas,SUMUP SOLO,SUMUP SOLO,45598747000121,02/2025,Vencidos Over 90 d (R$ MM),0.0,R$ MM,Visão Executiva canônica; cache IME local 515ee8393a35855dd0afbec2f255c4e303ff92cdf606f6b59b9d23f5ec53f218,.cache/fundonet-ime/515ee8393a35855dd0afbec2f255c4e303ff92cdf606f6b59b9d23f5ec53f218
Carteiras selecionadas,SUMUP SOLO,SUMUP SOLO,45598747000121,01/2025,Vencidos Over 90 d (R$ MM),0.0,R$ MM,Visão Executiva canônica; cache IME local 515ee8393a35855dd0afbec2f255c4e303ff92cdf606f6b59b9d23f5ec53f218,.cache/fundonet-ime/515ee8393a35855dd0afbec2f255c4e303ff92cdf606f6b59b9d23f5ec53f218
Carteiras selecionadas,SUMUP SOLO,SUMUP SOLO,45598747000121,06/2026,Vencidos Over 90 d / Crédito,0.0,ratio,Visão Executiva canônica; cache IME local 515ee8393a35855dd0afbec2f255c4e303ff92cdf606f6b59b9d23f5ec53f218,.cache/fundonet-ime/515ee8393a35855dd0afbec2f255c4e303ff92cdf606f6b59b9d23f5ec53f218
Carteiras selecionadas,SUMUP SOLO,SUMUP SOLO,45598747000121,05/2026,Vencidos Over 90 d / Crédito,0.0,ratio,Visão Executiva canônica; cache IME local 515ee8393a35855dd0afbec2f255c4e303ff92cdf606f6b59b9d23f5ec53f218,.cache/fundonet-ime/515ee8393a35855dd0afbec2f255c4e303ff92cdf606f6b59b9d23f5ec53f218
Carteiras selecionadas,SUMUP SOLO,SUMUP SOLO,45598747000121,04/2026,Vencidos Over 90 d / Crédito,0.0,ratio,Visão Executiva canônica; cache IME local 515ee8393a35855dd0afbec2f255c4e303ff92cdf606f6b59b9d23f5ec53f218,.cache/fundonet-ime/515ee8393a35855dd0afbec2f255c4e303ff92cdf606f6b59b9d23f5ec53f218
Carteiras selecionadas,SUMUP SOLO,SUMUP SOLO,45598747000121,03/2026,Vencidos Over 90 d / Crédito,0.0,ratio,Visão Executiva canônica; cache IME local 515ee8393a35855dd0afbec2f255c4e303ff92cdf606f6b59b9d23f5ec53f218,.cache/fundonet-ime/515ee8393a35855dd0afbec2f255c4e303ff92cdf606f6b59b9d23f5ec53f218
Carteiras selecionadas,SUMUP SOLO,SUMUP SOLO,45598747000121,02/2026,Vencidos Over 90 d / Crédito,0.0,ratio,Visão Executiva canônica; cache IME local 515ee8393a35855dd0afbec2f255c4e303ff92cdf606f6b59b9d23f5ec53f218,.cache/fundonet-ime/515ee8393a35855dd0afbec2f255c4e303ff92cdf606f6b59b9d23f5ec53f218
Carteiras selecionadas,SUMUP SOLO,SUMUP SOLO,45598747000121,01/2026,Vencidos Over 90 d / Crédito,0.0,ratio,Visão Executiva canônica; cache IME local 515ee8393a35855dd0afbec2f255c4e303ff92cdf606f6b59b9d23f5ec53f218,.cache/fundonet-ime/515ee8393a35855dd0afbec2f255c4e303ff92cdf606f6b59b9d23f5ec53f218
Carteiras selecionadas,SUMUP SOLO,SUMUP SOLO,45598747000121,12/2025,Vencidos Over 90 d / Crédito,0.0,ratio,Visão Executiva canônica; cache IME local 515ee8393a35855dd0afbec2f255c4e303ff92cdf606f6b59b9d23f5ec53f218,.cache/fundonet-ime/515ee8393a35855dd0afbec2f255c4e303ff92cdf606f6b59b9d23f5ec53f218
Carteiras selecionadas,SUMUP SOLO,SUMUP SOLO,45598747000121,10/2025,Vencidos Over 90 d / Crédito,0.0,ratio,Visão Executiva canônica; cache IME local 515ee8393a35855dd0afbec2f255c4e303ff92cdf606f6b59b9d23f5ec53f218,.cache/fundonet-ime/515ee8393a35855dd0afbec2f255c4e303ff92cdf606f6b59b9d23f5ec53f218
Carteiras selecionadas,SUMUP SOLO,SUMUP SOLO,45598747000121,09/2025,Vencidos Over 90 d / Crédito,0.0,ratio,Visão Executiva canônica; cache IME local 515ee8393a35855dd0afbec2f255c4e303ff92cdf606f6b59b9d23f5ec53f218,.cache/fundonet-ime/515ee8393a35855dd0afbec2f255c4e303ff92cdf606f6b59b9d23f5ec53f218
Carteiras selecionadas,SUMUP SOLO,SUMUP SOLO,45598747000121,08/2025,Vencidos Over 90 d / Crédito,0.0,ratio,Visão Executiva canônica; cache IME local 515ee8393a35855dd0afbec2f255c4e303ff92cdf606f6b59b9d23f5ec53f218,.cache/fundonet-ime/515ee8393a35855dd0afbec2f255c4e303ff92cdf606f6b59b9d23f5ec53f218
Carteiras selecionadas,SUMUP SOLO,SUMUP SOLO,45598747000121,07/2025,Vencidos Over 90 d / Crédito,0.0,ratio,Visão Executiva canônica; cache IME local 515ee8393a35855dd0afbec2f255c4e303ff92cdf606f6b59b9d23f5ec53f218,.cache/fundonet-ime/515ee8393a35855dd0afbec2f255c4e303ff92cdf606f6b59b9d23f5ec53f218
Carteiras selecionadas,SUMUP SOLO,SUMUP SOLO,45598747000121,06/2025,Vencidos Over 90 d / Crédito,0.0,ratio,Visão Executiva canônica; cache IME local 515ee8393a35855dd0afbec2f255c4e303ff92cdf606f6b59b9d23f5ec53f218,.cache/fundonet-ime/515ee8393a35855dd0afbec2f255c4e303ff92cdf606f6b59b9d23f5ec53f218
Carteiras selecionadas,SUMUP SOLO,SUMUP SOLO,45598747000121,05/2025,Vencidos Over 90 d / Crédito,0.0,ratio,Visão Executiva canônica; cache IME local 515ee8393a35855dd0afbec2f255c4e303ff92cdf606f6b59b9d23f5ec53f218,.cache/fundonet-ime/515ee8393a35855dd0afbec2f255c4e303ff92cdf606f6b59b9d23f5ec53f218
Carteiras selecionadas,SUMUP SOLO,SUMUP SOLO,45598747000121,04/2025,Vencidos Over 90 d / Crédito,0.0,ratio,Visão Executiva canônica; cache IME local 515ee8393a35855dd0afbec2f255c4e303ff92cdf606f6b59b9d23f5ec53f218,.cache/fundonet-ime/515ee8393a35855dd0afbec2f255c4e303ff92cdf606f6b59b9d23f5ec53f218
Carteiras selecionadas,SUMUP SOLO,SUMUP SOLO,45598747000121,03/2025,Vencidos Over 90 d / Crédito,0.0,ratio,Visão Executiva canônica; cache IME local 515ee8393a35855dd0afbec2f255c4e303ff92cdf606f6b59b9d23f5ec53f218,.cache/fundonet-ime/515ee8393a35855dd0afbec2f255c4e303ff92cdf606f6b59b9d23f5ec53f218
Carteiras selecionadas,SUMUP SOLO,SUMUP SOLO,45598747000121,02/2025,Vencidos Over 90 d / Crédito,0.0,ratio,Visão Executiva canônica; cache IME local 515ee8393a35855dd0afbec2f255c4e303ff92cdf606f6b59b9d23f5ec53f218,.cache/fundonet-ime/515ee8393a35855dd0afbec2f255c4e303ff92cdf606f6b59b9d23f5ec53f218
Carteiras selecionadas,SUMUP SOLO,SUMUP SOLO,45598747000121,01/2025,Vencidos Over 90 d / Crédito,0.0,ratio,Visão Executiva canônica; cache IME local 515ee8393a35855dd0afbec2f255c4e303ff92cdf606f6b59b9d23f5ec53f218,.cache/fundonet-ime/515ee8393a35855dd0afbec2f255c4e303ff92cdf606f6b59b9d23f5ec53f218
Carteiras selecionadas,SUMUP SOLO,SUMUP SOLO,45598747000121,06/2026,Vencidos Over 180 d (R$ MM),0.0,R$ MM,Visão Executiva canônica; cache IME local 515ee8393a35855dd0afbec2f255c4e303ff92cdf606f6b59b9d23f5ec53f218,.cache/fundonet-ime/515ee8393a35855dd0afbec2f255c4e303ff92cdf606f6b59b9d23f5ec53f218
Carteiras selecionadas,SUMUP SOLO,SUMUP SOLO,45598747000121,05/2026,Vencidos Over 180 d (R$ MM),0.0,R$ MM,Visão Executiva canônica; cache IME local 515ee8393a35855dd0afbec2f255c4e303ff92cdf606f6b59b9d23f5ec53f218,.cache/fundonet-ime/515ee8393a35855dd0afbec2f255c4e303ff92cdf606f6b59b9d23f5ec53f218
Carteiras selecionadas,SUMUP SOLO,SUMUP SOLO,45598747000121,04/2026,Vencidos Over 180 d (R$ MM),0.0,R$ MM,Visão Executiva canônica; cache IME local 515ee8393a35855dd0afbec2f255c4e303ff92cdf606f6b59b9d23f5ec53f218,.cache/fundonet-ime/515ee8393a35855dd0afbec2f255c4e303ff92cdf606f6b59b9d23f5ec53f218
Carteiras selecionadas,SUMUP SOLO,SUMUP SOLO,45598747000121,03/2026,Vencidos Over 180 d (R$ MM),0.0,R$ MM,Visão Executiva canônica; cache IME local 515ee8393a35855dd0afbec2f255c4e303ff92cdf606f6b59b9d23f5ec53f218,.cache/fundonet-ime/515ee8393a35855dd0afbec2f255c4e303ff92cdf606f6b59b9d23f5ec53f218
Carteiras selecionadas,SUMUP SOLO,SUMUP SOLO,45598747000121,02/2026,Vencidos Over 180 d (R$ MM),0.0,R$ MM,Visão Executiva canônica; cache IME local 515ee8393a35855dd0afbec2f255c4e303ff92cdf606f6b59b9d23f5ec53f218,.cache/fundonet-ime/515ee8393a35855dd0afbec2f255c4e303ff92cdf606f6b59b9d23f5ec53f218
Carteiras selecionadas,SUMUP SOLO,SUMUP SOLO,45598747000121,01/2026,Vencidos Over 180 d (R$ MM),0.0,R$ MM,Visão Executiva canônica; cache IME local 515ee8393a35855dd0afbec2f255c4e303ff92cdf606f6b59b9d23f5ec53f218,.cache/fundonet-ime/515ee8393a35855dd0afbec2f255c4e303ff92cdf606f6b59b9d23f5ec53f218
Carteiras selecionadas,SUMUP SOLO,SUMUP SOLO,45598747000121,12/2025,Vencidos Over 180 d (R$ MM),0.0,R$ MM,Visão Executiva canônica; cache IME local 515ee8393a35855dd0afbec2f255c4e303ff92cdf606f6b59b9d23f5ec53f218,.cache/fundonet-ime/515ee8393a35855dd0afbec2f255c4e303ff92cdf606f6b59b9d23f5ec53f218
Carteiras selecionadas,SUMUP SOLO,SUMUP SOLO,45598747000121,11/2025,Vencidos Over 180 d (R$ MM),0.0,R$ MM,Visão Executiva canônica; cache IME local 515ee8393a35855dd0afbec2f255c4e303ff92cdf606f6b59b9d23f5ec53f218,.cache/fundonet-ime/515ee8393a35855dd0afbec2f255c4e303ff92cdf606f6b59b9d23f5ec53f218
Carteiras selecionadas,SUMUP SOLO,SUMUP SOLO,45598747000121,10/2025,Vencidos Over 180 d (R$ MM),0.0,R$ MM,Visão Executiva canônica; cache IME local 515ee8393a35855dd0afbec2f255c4e303ff92cdf606f6b59b9d23f5ec53f218,.cache/fundonet-ime/515ee8393a35855dd0afbec2f255c4e303ff92cdf606f6b59b9d23f5ec53f218
Carteiras selecionadas,SUMUP SOLO,SUMUP SOLO,45598747000121,09/2025,Vencidos Over 180 d (R$ MM),0.0,R$ MM,Visão Executiva canônica; cache IME local 515ee8393a35855dd0afbec2f255c4e303ff92cdf606f6b59b9d23f5ec53f218,.cache/fundonet-ime/515ee8393a35855dd0afbec2f255c4e303ff92cdf606f6b59b9d23f5ec53f218
Carteiras selecionadas,SUMUP SOLO,SUMUP SOLO,45598747000121,08/2025,Vencidos Over 180 d (R$ MM),0.0,R$ MM,Visão Executiva canônica; cache IME local 515ee8393a35855dd0afbec2f255c4e303ff92cdf606f6b59b9d23f5ec53f218,.cache/fundonet-ime/515ee8393a35855dd0afbec2f255c4e303ff92cdf606f6b59b9d23f5ec53f218
Carteiras selecionadas,SUMUP SOLO,SUMUP SOLO,45598747000121,07/2025,Vencidos Over 180 d (R$ MM),0.0,R$ MM,Visão Executiva canônica; cache IME local 515ee8393a35855dd0afbec2f255c4e303ff92cdf606f6b59b9d23f5ec53f218,.cache/fundonet-ime/515ee8393a35855dd0afbec2f255c4e303ff92cdf606f6b59b9d23f5ec53f218
Carteiras selecionadas,SUMUP SOLO,SUMUP SOLO,45598747000121,06/2025,Vencidos Over 180 d (R$ MM),0.0,R$ MM,Visão Executiva canônica; cache IME local 515ee8393a35855dd0afbec2f255c4e303ff92cdf606f6b59b9d23f5ec53f218,.cache/fundonet-ime/515ee8393a35855dd0afbec2f255c4e303ff92cdf606f6b59b9d23f5ec53f218
Carteiras selecionadas,SUMUP SOLO,SUMUP SOLO,45598747000121,05/2025,Vencidos Over 180 d (R$ MM),0.0,R$ MM,Visão Executiva canônica; cache IME local 515ee8393a35855dd0afbec2f255c4e303ff92cdf606f6b59b9d23f5ec53f218,.cache/fundonet-ime/515ee8393a35855dd0afbec2f255c4e303ff92cdf606f6b59b9d23f5ec53f218
Carteiras selecionadas,SUMUP SOLO,SUMUP SOLO,45598747000121,04/2025,Vencidos Over 180 d (R$ MM),0.0,R$ MM,Visão Executiva canônica; cache IME local 515ee8393a35855dd0afbec2f255c4e303ff92cdf606f6b59b9d23f5ec53f218,.cache/fundonet-ime/515ee8393a35855dd0afbec2f255c4e303ff92cdf606f6b59b9d23f5ec53f218
Carteiras selecionadas,SUMUP SOLO,SUMUP SOLO,45598747000121,03/2025,Vencidos Over 180 d (R$ MM),0.0,R$ MM,Visão Executiva canônica; cache IME local 515ee8393a35855dd0afbec2f255c4e303ff92cdf606f6b59b9d23f5ec53f218,.cache/fundonet-ime/515ee8393a35855dd0afbec2f255c4e303ff92cdf606f6b59b9d23f5ec53f218
Carteiras selecionadas,SUMUP SOLO,SUMUP SOLO,45598747000121,02/2025,Vencidos Over 180 d (R$ MM),0.0,R$ MM,Visão Executiva canônica; cache IME local 515ee8393a35855dd0afbec2f255c4e303ff92cdf606f6b59b9d23f5ec53f218,.cache/fundonet-ime/515ee8393a35855dd0afbec2f255c4e303ff92cdf606f6b59b9d23f5ec53f218
Carteiras selecionadas,SUMUP SOLO,SUMUP SOLO,45598747000121,01/2025,Vencidos Over 180 d (R$ MM),0.0,R$ MM,Visão Executiva canônica; cache IME local 515ee8393a35855dd0afbec2f255c4e303ff92cdf606f6b59b9d23f5ec53f218,.cache/fundonet-ime/515ee8393a35855dd0afbec2f255c4e303ff92cdf606f6b59b9d23f5ec53f218
Carteiras selecionadas,SUMUP SOLO,SUMUP SOLO,45598747000121,06/2026,Vencidos Over 180 d / Crédito,0.0,ratio,Visão Executiva canônica; cache IME local 515ee8393a35855dd0afbec2f255c4e303ff92cdf606f6b59b9d23f5ec53f218,.cache/fundonet-ime/515ee8393a35855dd0afbec2f255c4e303ff92cdf606f6b59b9d23f5ec53f218
Carteiras selecionadas,SUMUP SOLO,SUMUP SOLO,45598747000121,05/2026,Vencidos Over 180 d / Crédito,0.0,ratio,Visão Executiva canônica; cache IME local 515ee8393a35855dd0afbec2f255c4e303ff92cdf606f6b59b9d23f5ec53f218,.cache/fundonet-ime/515ee8393a35855dd0afbec2f255c4e303ff92cdf606f6b59b9d23f5ec53f218
Carteiras selecionadas,SUMUP SOLO,SUMUP SOLO,45598747000121,04/2026,Vencidos Over 180 d / Crédito,0.0,ratio,Visão Executiva canônica; cache IME local 515ee8393a35855dd0afbec2f255c4e303ff92cdf606f6b59b9d23f5ec53f218,.cache/fundonet-ime/515ee8393a35855dd0afbec2f255c4e303ff92cdf606f6b59b9d23f5ec53f218
Carteiras selecionadas,SUMUP SOLO,SUMUP SOLO,45598747000121,03/2026,Vencidos Over 180 d / Crédito,0.0,ratio,Visão Executiva canônica; cache IME local 515ee8393a35855dd0afbec2f255c4e303ff92cdf606f6b59b9d23f5ec53f218,.cache/fundonet-ime/515ee8393a35855dd0afbec2f255c4e303ff92cdf606f6b59b9d23f5ec53f218
Carteiras selecionadas,SUMUP SOLO,SUMUP SOLO,45598747000121,02/2026,Vencidos Over 180 d / Crédito,0.0,ratio,Visão Executiva canônica; cache IME local 515ee8393a35855dd0afbec2f255c4e303ff92cdf606f6b59b9d23f5ec53f218,.cache/fundonet-ime/515ee8393a35855dd0afbec2f255c4e303ff92cdf606f6b59b9d23f5ec53f218
Carteiras selecionadas,SUMUP SOLO,SUMUP SOLO,45598747000121,01/2026,Vencidos Over 180 d / Crédito,0.0,ratio,Visão Executiva canônica; cache IME local 515ee8393a35855dd0afbec2f255c4e303ff92cdf606f6b59b9d23f5ec53f218,.cache/fundonet-ime/515ee8393a35855dd0afbec2f255c4e303ff92cdf606f6b59b9d23f5ec53f218
Carteiras selecionadas,SUMUP SOLO,SUMUP SOLO,45598747000121,12/2025,Vencidos Over 180 d / Crédito,0.0,ratio,Visão Executiva canônica; cache IME local 515ee8393a35855dd0afbec2f255c4e303ff92cdf606f6b59b9d23f5ec53f218,.cache/fundonet-ime/515ee8393a35855dd0afbec2f255c4e303ff92cdf606f6b59b9d23f5ec53f218
Carteiras selecionadas,SUMUP SOLO,SUMUP SOLO,45598747000121,10/2025,Vencidos Over 180 d / Crédito,0.0,ratio,Visão Executiva canônica; cache IME local 515ee8393a35855dd0afbec2f255c4e303ff92cdf606f6b59b9d23f5ec53f218,.cache/fundonet-ime/515ee8393a35855dd0afbec2f255c4e303ff92cdf606f6b59b9d23f5ec53f218
Carteiras selecionadas,SUMUP SOLO,SUMUP SOLO,45598747000121,09/2025,Vencidos Over 180 d / Crédito,0.0,ratio,Visão Executiva canônica; cache IME local 515ee8393a35855dd0afbec2f255c4e303ff92cdf606f6b59b9d23f5ec53f218,.cache/fundonet-ime/515ee8393a35855dd0afbec2f255c4e303ff92cdf606f6b59b9d23f5ec53f218
Carteiras selecionadas,SUMUP SOLO,SUMUP SOLO,45598747000121,08/2025,Vencidos Over 180 d / Crédito,0.0,ratio,Visão Executiva canônica; cache IME local 515ee8393a35855dd0afbec2f255c4e303ff92cdf606f6b59b9d23f5ec53f218,.cache/fundonet-ime/515ee8393a35855dd0afbec2f255c4e303ff92cdf606f6b59b9d23f5ec53f218
Carteiras selecionadas,SUMUP SOLO,SUMUP SOLO,45598747000121,07/2025,Vencidos Over 180 d / Crédito,0.0,ratio,Visão Executiva canônica; cache IME local 515ee8393a35855dd0afbec2f255c4e303ff92cdf606f6b59b9d23f5ec53f218,.cache/fundonet-ime/515ee8393a35855dd0afbec2f255c4e303ff92cdf606f6b59b9d23f5ec53f218
Carteiras selecionadas,SUMUP SOLO,SUMUP SOLO,45598747000121,06/2025,Vencidos Over 180 d / Crédito,0.0,ratio,Visão Executiva canônica; cache IME local 515ee8393a35855dd0afbec2f255c4e303ff92cdf606f6b59b9d23f5ec53f218,.cache/fundonet-ime/515ee8393a35855dd0afbec2f255c4e303ff92cdf606f6b59b9d23f5ec53f218
Carteiras selecionadas,SUMUP SOLO,SUMUP SOLO,45598747000121,05/2025,Vencidos Over 180 d / Crédito,0.0,ratio,Visão Executiva canônica; cache IME local 515ee8393a35855dd0afbec2f255c4e303ff92cdf606f6b59b9d23f5ec53f218,.cache/fundonet-ime/515ee8393a35855dd0afbec2f255c4e303ff92cdf606f6b59b9d23f5ec53f218
Carteiras selecionadas,SUMUP SOLO,SUMUP SOLO,45598747000121,04/2025,Vencidos Over 180 d / Crédito,0.0,ratio,Visão Executiva canônica; cache IME local 515ee8393a35855dd0afbec2f255c4e303ff92cdf606f6b59b9d23f5ec53f218,.cache/fundonet-ime/515ee8393a35855dd0afbec2f255c4e303ff92cdf606f6b59b9d23f5ec53f218
Carteiras selecionadas,SUMUP SOLO,SUMUP SOLO,45598747000121,03/2025,Vencidos Over 180 d / Crédito,0.0,ratio,Visão Executiva canônica; cache IME local 515ee8393a35855dd0afbec2f255c4e303ff92cdf606f6b59b9d23f5ec53f218,.cache/fundonet-ime/515ee8393a35855dd0afbec2f255c4e303ff92cdf606f6b59b9d23f5ec53f218
Carteiras selecionadas,SUMUP SOLO,SUMUP SOLO,45598747000121,02/2025,Vencidos Over 180 d / Crédito,0.0,ratio,Visão Executiva canônica; cache IME local 515ee8393a35855dd0afbec2f255c4e303ff92cdf606f6b59b9d23f5ec53f218,.cache/fundonet-ime/515ee8393a35855dd0afbec2f255c4e303ff92cdf606f6b59b9d23f5ec53f218
Carteiras selecionadas,SUMUP SOLO,SUMUP SOLO,45598747000121,01/2025,Vencidos Over 180 d / Crédito,0.0,ratio,Visão Executiva canônica; cache IME local 515ee8393a35855dd0afbec2f255c4e303ff92cdf606f6b59b9d23f5ec53f218,.cache/fundonet-ime/515ee8393a35855dd0afbec2f255c4e303ff92cdf606f6b59b9d23f5ec53f218
Carteiras selecionadas,SUMUP SOLO,SUMUP SOLO,45598747000121,06/2026,Vencidos Over 360 d (R$ MM),0.0,R$ MM,Visão Executiva canônica; cache IME local 515ee8393a35855dd0afbec2f255c4e303ff92cdf606f6b59b9d23f5ec53f218,.cache/fundonet-ime/515ee8393a35855dd0afbec2f255c4e303ff92cdf606f6b59b9d23f5ec53f218
Carteiras selecionadas,SUMUP SOLO,SUMUP SOLO,45598747000121,05/2026,Vencidos Over 360 d (R$ MM),0.0,R$ MM,Visão Executiva canônica; cache IME local 515ee8393a35855dd0afbec2f255c4e303ff92cdf606f6b59b9d23f5ec53f218,.cache/fundonet-ime/515ee8393a35855dd0afbec2f255c4e303ff92cdf606f6b59b9d23f5ec53f218
Carteiras selecionadas,SUMUP SOLO,SUMUP SOLO,45598747000121,04/2026,Vencidos Over 360 d (R$ MM),0.0,R$ MM,Visão Executiva canônica; cache IME local 515ee8393a35855dd0afbec2f255c4e303ff92cdf606f6b59b9d23f5ec53f218,.cache/fundonet-ime/515ee8393a35855dd0afbec2f255c4e303ff92cdf606f6b59b9d23f5ec53f218
Carteiras selecionadas,SUMUP SOLO,SUMUP SOLO,45598747000121,03/2026,Vencidos Over 360 d (R$ MM),0.0,R$ MM,Visão Executiva canônica; cache IME local 515ee8393a35855dd0afbec2f255c4e303ff92cdf606f6b59b9d23f5ec53f218,.cache/fundonet-ime/515ee8393a35855dd0afbec2f255c4e303ff92cdf606f6b59b9d23f5ec53f218
Carteiras selecionadas,SUMUP SOLO,SUMUP SOLO,45598747000121,02/2026,Vencidos Over 360 d (R$ MM),0.0,R$ MM,Visão Executiva canônica; cache IME local 515ee8393a35855dd0afbec2f255c4e303ff92cdf606f6b59b9d23f5ec53f218,.cache/fundonet-ime/515ee8393a35855dd0afbec2f255c4e303ff92cdf606f6b59b9d23f5ec53f218
Carteiras selecionadas,SUMUP SOLO,SUMUP SOLO,45598747000121,01/2026,Vencidos Over 360 d (R$ MM),0.0,R$ MM,Visão Executiva canônica; cache IME local 515ee8393a35855dd0afbec2f255c4e303ff92cdf606f6b59b9d23f5ec53f218,.cache/fundonet-ime/515ee8393a35855dd0afbec2f255c4e303ff92cdf606f6b59b9d23f5ec53f218
Carteiras selecionadas,SUMUP SOLO,SUMUP SOLO,45598747000121,12/2025,Vencidos Over 360 d (R$ MM),0.0,R$ MM,Visão Executiva canônica; cache IME local 515ee8393a35855dd0afbec2f255c4e303ff92cdf606f6b59b9d23f5ec53f218,.cache/fundonet-ime/515ee8393a35855dd0afbec2f255c4e303ff92cdf606f6b59b9d23f5ec53f218
Carteiras selecionadas,SUMUP SOLO,SUMUP SOLO,45598747000121,11/2025,Vencidos Over 360 d (R$ MM),0.0,R$ MM,Visão Executiva canônica; cache IME local 515ee8393a35855dd0afbec2f255c4e303ff92cdf606f6b59b9d23f5ec53f218,.cache/fundonet-ime/515ee8393a35855dd0afbec2f255c4e303ff92cdf606f6b59b9d23f5ec53f218
Carteiras selecionadas,SUMUP SOLO,SUMUP SOLO,45598747000121,10/2025,Vencidos Over 360 d (R$ MM),0.0,R$ MM,Visão Executiva canônica; cache IME local 515ee8393a35855dd0afbec2f255c4e303ff92cdf606f6b59b9d23f5ec53f218,.cache/fundonet-ime/515ee8393a35855dd0afbec2f255c4e303ff92cdf606f6b59b9d23f5ec53f218
Carteiras selecionadas,SUMUP SOLO,SUMUP SOLO,45598747000121,09/2025,Vencidos Over 360 d (R$ MM),0.0,R$ MM,Visão Executiva canônica; cache IME local 515ee8393a35855dd0afbec2f255c4e303ff92cdf606f6b59b9d23f5ec53f218,.cache/fundonet-ime/515ee8393a35855dd0afbec2f255c4e303ff92cdf606f6b59b9d23f5ec53f218
Carteiras selecionadas,SUMUP SOLO,SUMUP SOLO,45598747000121,08/2025,Vencidos Over 360 d (R$ MM),0.0,R$ MM,Visão Executiva canônica; cache IME local 515ee8393a35855dd0afbec2f255c4e303ff92cdf606f6b59b9d23f5ec53f218,.cache/fundonet-ime/515ee8393a35855dd0afbec2f255c4e303ff92cdf606f6b59b9d23f5ec53f218
Carteiras selecionadas,SUMUP SOLO,SUMUP SOLO,45598747000121,07/2025,Vencidos Over 360 d (R$ MM),0.0,R$ MM,Visão Executiva canônica; cache IME local 515ee8393a35855dd0afbec2f255c4e303ff92cdf606f6b59b9d23f5ec53f218,.cache/fundonet-ime/515ee8393a35855dd0afbec2f255c4e303ff92cdf606f6b59b9d23f5ec53f218
Carteiras selecionadas,SUMUP SOLO,SUMUP SOLO,45598747000121,06/2025,Vencidos Over 360 d (R$ MM),0.0,R$ MM,Visão Executiva canônica; cache IME local 515ee8393a35855dd0afbec2f255c4e303ff92cdf606f6b59b9d23f5ec53f218,.cache/fundonet-ime/515ee8393a35855dd0afbec2f255c4e303ff92cdf606f6b59b9d23f5ec53f218
Carteiras selecionadas,SUMUP SOLO,SUMUP SOLO,45598747000121,05/2025,Vencidos Over 360 d (R$ MM),0.0,R$ MM,Visão Executiva canônica; cache IME local 515ee8393a35855dd0afbec2f255c4e303ff92cdf606f6b59b9d23f5ec53f218,.cache/fundonet-ime/515ee8393a35855dd0afbec2f255c4e303ff92cdf606f6b59b9d23f5ec53f218
Carteiras selecionadas,SUMUP SOLO,SUMUP SOLO,45598747000121,04/2025,Vencidos Over 360 d (R$ MM),0.0,R$ MM,Visão Executiva canônica; cache IME local 515ee8393a35855dd0afbec2f255c4e303ff92cdf606f6b59b9d23f5ec53f218,.cache/fundonet-ime/515ee8393a35855dd0afbec2f255c4e303ff92cdf606f6b59b9d23f5ec53f218
Carteiras selecionadas,SUMUP SOLO,SUMUP SOLO,45598747000121,03/2025,Vencidos Over 360 d (R$ MM),0.0,R$ MM,Visão Executiva canônica; cache IME local 515ee8393a35855dd0afbec2f255c4e303ff92cdf606f6b59b9d23f5ec53f218,.cache/fundonet-ime/515ee8393a35855dd0afbec2f255c4e303ff92cdf606f6b59b9d23f5ec53f218
Carteiras selecionadas,SUMUP SOLO,SUMUP SOLO,45598747000121,02/2025,Vencidos Over 360 d (R$ MM),0.0,R$ MM,Visão Executiva canônica; cache IME local 515ee8393a35855dd0afbec2f255c4e303ff92cdf606f6b59b9d23f5ec53f218,.cache/fundonet-ime/515ee8393a35855dd0afbec2f255c4e303ff92cdf606f6b59b9d23f5ec53f218
Carteiras selecionadas,SUMUP SOLO,SUMUP SOLO,45598747000121,01/2025,Vencidos Over 360 d (R$ MM),0.0,R$ MM,Visão Executiva canônica; cache IME local 515ee8393a35855dd0afbec2f255c4e303ff92cdf606f6b59b9d23f5ec53f218,.cache/fundonet-ime/515ee8393a35855dd0afbec2f255c4e303ff92cdf606f6b59b9d23f5ec53f218
Carteiras selecionadas,SUMUP SOLO,SUMUP SOLO,45598747000121,06/2026,Vencidos Over 360 d / Crédito,0.0,ratio,Visão Executiva canônica; cache IME local 515ee8393a35855dd0afbec2f255c4e303ff92cdf606f6b59b9d23f5ec53f218,.cache/fundonet-ime/515ee8393a35855dd0afbec2f255c4e303ff92cdf606f6b59b9d23f5ec53f218
Carteiras selecionadas,SUMUP SOLO,SUMUP SOLO,45598747000121,05/2026,Vencidos Over 360 d / Crédito,0.0,ratio,Visão Executiva canônica; cache IME local 515ee8393a35855dd0afbec2f255c4e303ff92cdf606f6b59b9d23f5ec53f218,.cache/fundonet-ime/515ee8393a35855dd0afbec2f255c4e303ff92cdf606f6b59b9d23f5ec53f218
Carteiras selecionadas,SUMUP SOLO,SUMUP SOLO,45598747000121,04/2026,Vencidos Over 360 d / Crédito,0.0,ratio,Visão Executiva canônica; cache IME local 515ee8393a35855dd0afbec2f255c4e303ff92cdf606f6b59b9d23f5ec53f218,.cache/fundonet-ime/515ee8393a35855dd0afbec2f255c4e303ff92cdf606f6b59b9d23f5ec53f218
Carteiras selecionadas,SUMUP SOLO,SUMUP SOLO,45598747000121,03/2026,Vencidos Over 360 d / Crédito,0.0,ratio,Visão Executiva canônica; cache IME local 515ee8393a35855dd0afbec2f255c4e303ff92cdf606f6b59b9d23f5ec53f218,.cache/fundonet-ime/515ee8393a35855dd0afbec2f255c4e303ff92cdf606f6b59b9d23f5ec53f218
Carteiras selecionadas,SUMUP SOLO,SUMUP SOLO,45598747000121,02/2026,Vencidos Over 360 d / Crédito,0.0,ratio,Visão Executiva canônica; cache IME local 515ee8393a35855dd0afbec2f255c4e303ff92cdf606f6b59b9d23f5ec53f218,.cache/fundonet-ime/515ee8393a35855dd0afbec2f255c4e303ff92cdf606f6b59b9d23f5ec53f218
Carteiras selecionadas,SUMUP SOLO,SUMUP SOLO,45598747000121,01/2026,Vencidos Over 360 d / Crédito,0.0,ratio,Visão Executiva canônica; cache IME local 515ee8393a35855dd0afbec2f255c4e303ff92cdf606f6b59b9d23f5ec53f218,.cache/fundonet-ime/515ee8393a35855dd0afbec2f255c4e303ff92cdf606f6b59b9d23f5ec53f218
Carteiras selecionadas,SUMUP SOLO,SUMUP SOLO,45598747000121,12/2025,Vencidos Over 360 d / Crédito,0.0,ratio,Visão Executiva canônica; cache IME local 515ee8393a35855dd0afbec2f255c4e303ff92cdf606f6b59b9d23f5ec53f218,.cache/fundonet-ime/515ee8393a35855dd0afbec2f255c4e303ff92cdf606f6b59b9d23f5ec53f218
Carteiras selecionadas,SUMUP SOLO,SUMUP SOLO,45598747000121,10/2025,Vencidos Over 360 d / Crédito,0.0,ratio,Visão Executiva canônica; cache IME local 515ee8393a35855dd0afbec2f255c4e303ff92cdf606f6b59b9d23f5ec53f218,.cache/fundonet-ime/515ee8393a35855dd0afbec2f255c4e303ff92cdf606f6b59b9d23f5ec53f218
Carteiras selecionadas,SUMUP SOLO,SUMUP SOLO,45598747000121,09/2025,Vencidos Over 360 d / Crédito,0.0,ratio,Visão Executiva canônica; cache IME local 515ee8393a35855dd0afbec2f255c4e303ff92cdf606f6b59b9d23f5ec53f218,.cache/fundonet-ime/515ee8393a35855dd0afbec2f255c4e303ff92cdf606f6b59b9d23f5ec53f218
Carteiras selecionadas,SUMUP SOLO,SUMUP SOLO,45598747000121,08/2025,Vencidos Over 360 d / Crédito,0.0,ratio,Visão Executiva canônica; cache IME local 515ee8393a35855dd0afbec2f255c4e303ff92cdf606f6b59b9d23f5ec53f218,.cache/fundonet-ime/515ee8393a35855dd0afbec2f255c4e303ff92cdf606f6b59b9d23f5ec53f218
Carteiras selecionadas,SUMUP SOLO,SUMUP SOLO,45598747000121,07/2025,Vencidos Over 360 d / Crédito,0.0,ratio,Visão Executiva canônica; cache IME local 515ee8393a35855dd0afbec2f255c4e303ff92cdf606f6b59b9d23f5ec53f218,.cache/fundonet-ime/515ee8393a35855dd0afbec2f255c4e303ff92cdf606f6b59b9d23f5ec53f218
Carteiras selecionadas,SUMUP SOLO,SUMUP SOLO,45598747000121,06/2025,Vencidos Over 360 d / Crédito,0.0,ratio,Visão Executiva canônica; cache IME local 515ee8393a35855dd0afbec2f255c4e303ff92cdf606f6b59b9d23f5ec53f218,.cache/fundonet-ime/515ee8393a35855dd0afbec2f255c4e303ff92cdf606f6b59b9d23f5ec53f218
Carteiras selecionadas,SUMUP SOLO,SUMUP SOLO,45598747000121,05/2025,Vencidos Over 360 d / Crédito,0.0,ratio,Visão Executiva canônica; cache IME local 515ee8393a35855dd0afbec2f255c4e303ff92cdf606f6b59b9d23f5ec53f218,.cache/fundonet-ime/515ee8393a35855dd0afbec2f255c4e303ff92cdf606f6b59b9d23f5ec53f218
Carteiras selecionadas,SUMUP SOLO,SUMUP SOLO,45598747000121,04/2025,Vencidos Over 360 d / Crédito,0.0,ratio,Visão Executiva canônica; cache IME local 515ee8393a35855dd0afbec2f255c4e303ff92cdf606f6b59b9d23f5ec53f218,.cache/fundonet-ime/515ee8393a35855dd0afbec2f255c4e303ff92cdf606f6b59b9d23f5ec53f218
Carteiras selecionadas,SUMUP SOLO,SUMUP SOLO,45598747000121,03/2025,Vencidos Over 360 d / Crédito,0.0,ratio,Visão Executiva canônica; cache IME local 515ee8393a35855dd0afbec2f255c4e303ff92cdf606f6b59b9d23f5ec53f218,.cache/fundonet-ime/515ee8393a35855dd0afbec2f255c4e303ff92cdf606f6b59b9d23f5ec53f218
Carteiras selecionadas,SUMUP SOLO,SUMUP SOLO,45598747000121,02/2025,Vencidos Over 360 d / Crédito,0.0,ratio,Visão Executiva canônica; cache IME local 515ee8393a35855dd0afbec2f255c4e303ff92cdf606f6b59b9d23f5ec53f218,.cache/fundonet-ime/515ee8393a35855dd0afbec2f255c4e303ff92cdf606f6b59b9d23f5ec53f218
Carteiras selecionadas,SUMUP SOLO,SUMUP SOLO,45598747000121,01/2025,Vencidos Over 360 d / Crédito,0.0,ratio,Visão Executiva canônica; cache IME local 515ee8393a35855dd0afbec2f255c4e303ff92cdf606f6b59b9d23f5ec53f218,.cache/fundonet-ime/515ee8393a35855dd0afbec2f255c4e303ff92cdf606f6b59b9d23f5ec53f218
Carteiras selecionadas,SUMUP SOLO,SUMUP SOLO,45598747000121,06/2026,PDD (R$ MM),0.0,R$ MM,Visão Executiva canônica; cache IME local 515ee8393a35855dd0afbec2f255c4e303ff92cdf606f6b59b9d23f5ec53f218,.cache/fundonet-ime/515ee8393a35855dd0afbec2f255c4e303ff92cdf606f6b59b9d23f5ec53f218
Carteiras selecionadas,SUMUP SOLO,SUMUP SOLO,45598747000121,05/2026,PDD (R$ MM),0.0,R$ MM,Visão Executiva canônica; cache IME local 515ee8393a35855dd0afbec2f255c4e303ff92cdf606f6b59b9d23f5ec53f218,.cache/fundonet-ime/515ee8393a35855dd0afbec2f255c4e303ff92cdf606f6b59b9d23f5ec53f218
Carteiras selecionadas,SUMUP SOLO,SUMUP SOLO,45598747000121,04/2026,PDD (R$ MM),0.0,R$ MM,Visão Executiva canônica; cache IME local 515ee8393a35855dd0afbec2f255c4e303ff92cdf606f6b59b9d23f5ec53f218,.cache/fundonet-ime/515ee8393a35855dd0afbec2f255c4e303ff92cdf606f6b59b9d23f5ec53f218
Carteiras selecionadas,SUMUP SOLO,SUMUP SOLO,45598747000121,03/2026,PDD (R$ MM),0.0,R$ MM,Visão Executiva canônica; cache IME local 515ee8393a35855dd0afbec2f255c4e303ff92cdf606f6b59b9d23f5ec53f218,.cache/fundonet-ime/515ee8393a35855dd0afbec2f255c4e303ff92cdf606f6b59b9d23f5ec53f218
Carteiras selecionadas,SUMUP SOLO,SUMUP SOLO,45598747000121,02/2026,PDD (R$ MM),0.0,R$ MM,Visão Executiva canônica; cache IME local 515ee8393a35855dd0afbec2f255c4e303ff92cdf606f6b59b9d23f5ec53f218,.cache/fundonet-ime/515ee8393a35855dd0afbec2f255c4e303ff92cdf606f6b59b9d23f5ec53f218
Carteiras selecionadas,SUMUP SOLO,SUMUP SOLO,45598747000121,01/2026,PDD (R$ MM),0.0,R$ MM,Visão Executiva canônica; cache IME local 515ee8393a35855dd0afbec2f255c4e303ff92cdf606f6b59b9d23f5ec53f218,.cache/fundonet-ime/515ee8393a35855dd0afbec2f255c4e303ff92cdf606f6b59b9d23f5ec53f218
Carteiras selecionadas,SUMUP SOLO,SUMUP SOLO,45598747000121,12/2025,PDD (R$ MM),0.0,R$ MM,Visão Executiva canônica; cache IME local 515ee8393a35855dd0afbec2f255c4e303ff92cdf606f6b59b9d23f5ec53f218,.cache/fundonet-ime/515ee8393a35855dd0afbec2f255c4e303ff92cdf606f6b59b9d23f5ec53f218
Carteiras selecionadas,SUMUP SOLO,SUMUP SOLO,45598747000121,10/2025,PDD (R$ MM),0.0,R$ MM,Visão Executiva canônica; cache IME local 515ee8393a35855dd0afbec2f255c4e303ff92cdf606f6b59b9d23f5ec53f218,.cache/fundonet-ime/515ee8393a35855dd0afbec2f255c4e303ff92cdf606f6b59b9d23f5ec53f218
Carteiras selecionadas,SUMUP SOLO,SUMUP SOLO,45598747000121,09/2025,PDD (R$ MM),0.0,R$ MM,Visão Executiva canônica; cache IME local 515ee8393a35855dd0afbec2f255c4e303ff92cdf606f6b59b9d23f5ec53f218,.cache/fundonet-ime/515ee8393a35855dd0afbec2f255c4e303ff92cdf606f6b59b9d23f5ec53f218
Carteiras selecionadas,SUMUP SOLO,SUMUP SOLO,45598747000121,08/2025,PDD (R$ MM),0.0,R$ MM,Visão Executiva canônica; cache IME local 515ee8393a35855dd0afbec2f255c4e303ff92cdf606f6b59b9d23f5ec53f218,.cache/fundonet-ime/515ee8393a35855dd0afbec2f255c4e303ff92cdf606f6b59b9d23f5ec53f218
Carteiras selecionadas,SUMUP SOLO,SUMUP SOLO,45598747000121,07/2025,PDD (R$ MM),0.0,R$ MM,Visão Executiva canônica; cache IME local 515ee8393a35855dd0afbec2f255c4e303ff92cdf606f6b59b9d23f5ec53f218,.cache/fundonet-ime/515ee8393a35855dd0afbec2f255c4e303ff92cdf606f6b59b9d23f5ec53f218
Carteiras selecionadas,SUMUP SOLO,SUMUP SOLO,45598747000121,06/2025,PDD (R$ MM),0.0,R$ MM,Visão Executiva canônica; cache IME local 515ee8393a35855dd0afbec2f255c4e303ff92cdf606f6b59b9d23f5ec53f218,.cache/fundonet-ime/515ee8393a35855dd0afbec2f255c4e303ff92cdf606f6b59b9d23f5ec53f218
Carteiras selecionadas,SUMUP SOLO,SUMUP SOLO,45598747000121,05/2025,PDD (R$ MM),0.0,R$ MM,Visão Executiva canônica; cache IME local 515ee8393a35855dd0afbec2f255c4e303ff92cdf606f6b59b9d23f5ec53f218,.cache/fundonet-ime/515ee8393a35855dd0afbec2f255c4e303ff92cdf606f6b59b9d23f5ec53f218
Carteiras selecionadas,SUMUP SOLO,SUMUP SOLO,45598747000121,04/2025,PDD (R$ MM),0.0,R$ MM,Visão Executiva canônica; cache IME local 515ee8393a35855dd0afbec2f255c4e303ff92cdf606f6b59b9d23f5ec53f218,.cache/fundonet-ime/515ee8393a35855dd0afbec2f255c4e303ff92cdf606f6b59b9d23f5ec53f218
Carteiras selecionadas,SUMUP SOLO,SUMUP SOLO,45598747000121,03/2025,PDD (R$ MM),0.0,R$ MM,Visão Executiva canônica; cache IME local 515ee8393a35855dd0afbec2f255c4e303ff92cdf606f6b59b9d23f5ec53f218,.cache/fundonet-ime/515ee8393a35855dd0afbec2f255c4e303ff92cdf606f6b59b9d23f5ec53f218
Carteiras selecionadas,SUMUP SOLO,SUMUP SOLO,45598747000121,02/2025,PDD (R$ MM),0.0,R$ MM,Visão Executiva canônica; cache IME local 515ee8393a35855dd0afbec2f255c4e303ff92cdf606f6b59b9d23f5ec53f218,.cache/fundonet-ime/515ee8393a35855dd0afbec2f255c4e303ff92cdf606f6b59b9d23f5ec53f218
Carteiras selecionadas,SUMUP SOLO,SUMUP SOLO,45598747000121,01/2025,PDD (R$ MM),0.0,R$ MM,Visão Executiva canônica; cache IME local 515ee8393a35855dd0afbec2f255c4e303ff92cdf606f6b59b9d23f5ec53f218,.cache/fundonet-ime/515ee8393a35855dd0afbec2f255c4e303ff92cdf606f6b59b9d23f5ec53f218
Carteiras selecionadas,SUMUP SOLO,SUMUP SOLO,45598747000121,06/2026,PDD / Crédito,0.0,ratio,Visão Executiva canônica; cache IME local 515ee8393a35855dd0afbec2f255c4e303ff92cdf606f6b59b9d23f5ec53f218,.cache/fundonet-ime/515ee8393a35855dd0afbec2f255c4e303ff92cdf606f6b59b9d23f5ec53f218
Carteiras selecionadas,SUMUP SOLO,SUMUP SOLO,45598747000121,05/2026,PDD / Crédito,0.0,ratio,Visão Executiva canônica; cache IME local 515ee8393a35855dd0afbec2f255c4e303ff92cdf606f6b59b9d23f5ec53f218,.cache/fundonet-ime/515ee8393a35855dd0afbec2f255c4e303ff92cdf606f6b59b9d23f5ec53f218
Carteiras selecionadas,SUMUP SOLO,SUMUP SOLO,45598747000121,04/2026,PDD / Crédito,0.0,ratio,Visão Executiva canônica; cache IME local 515ee8393a35855dd0afbec2f255c4e303ff92cdf606f6b59b9d23f5ec53f218,.cache/fundonet-ime/515ee8393a35855dd0afbec2f255c4e303ff92cdf606f6b59b9d23f5ec53f218
Carteiras selecionadas,SUMUP SOLO,SUMUP SOLO,45598747000121,03/2026,PDD / Crédito,0.0,ratio,Visão Executiva canônica; cache IME local 515ee8393a35855dd0afbec2f255c4e303ff92cdf606f6b59b9d23f5ec53f218,.cache/fundonet-ime/515ee8393a35855dd0afbec2f255c4e303ff92cdf606f6b59b9d23f5ec53f218
Carteiras selecionadas,SUMUP SOLO,SUMUP SOLO,45598747000121,02/2026,PDD / Crédito,0.0,ratio,Visão Executiva canônica; cache IME local 515ee8393a35855dd0afbec2f255c4e303ff92cdf606f6b59b9d23f5ec53f218,.cache/fundonet-ime/515ee8393a35855dd0afbec2f255c4e303ff92cdf606f6b59b9d23f5ec53f218
Carteiras selecionadas,SUMUP SOLO,SUMUP SOLO,45598747000121,01/2026,PDD / Crédito,0.0,ratio,Visão Executiva canônica; cache IME local 515ee8393a35855dd0afbec2f255c4e303ff92cdf606f6b59b9d23f5ec53f218,.cache/fundonet-ime/515ee8393a35855dd0afbec2f255c4e303ff92cdf606f6b59b9d23f5ec53f218
Carteiras selecionadas,SUMUP SOLO,SUMUP SOLO,45598747000121,12/2025,PDD / Crédito,0.0,ratio,Visão Executiva canônica; cache IME local 515ee8393a35855dd0afbec2f255c4e303ff92cdf606f6b59b9d23f5ec53f218,.cache/fundonet-ime/515ee8393a35855dd0afbec2f255c4e303ff92cdf606f6b59b9d23f5ec53f218
Carteiras selecionadas,SUMUP SOLO,SUMUP SOLO,45598747000121,10/2025,PDD / Crédito,0.0,ratio,Visão Executiva canônica; cache IME local 515ee8393a35855dd0afbec2f255c4e303ff92cdf606f6b59b9d23f5ec53f218,.cache/fundonet-ime/515ee8393a35855dd0afbec2f255c4e303ff92cdf606f6b59b9d23f5ec53f218
Carteiras selecionadas,SUMUP SOLO,SUMUP SOLO,45598747000121,09/2025,PDD / Crédito,0.0,ratio,Visão Executiva canônica; cache IME local 515ee8393a35855dd0afbec2f255c4e303ff92cdf606f6b59b9d23f5ec53f218,.cache/fundonet-ime/515ee8393a35855dd0afbec2f255c4e303ff92cdf606f6b59b9d23f5ec53f218
Carteiras selecionadas,SUMUP SOLO,SUMUP SOLO,45598747000121,08/2025,PDD / Crédito,0.0,ratio,Visão Executiva canônica; cache IME local 515ee8393a35855dd0afbec2f255c4e303ff92cdf606f6b59b9d23f5ec53f218,.cache/fundonet-ime/515ee8393a35855dd0afbec2f255c4e303ff92cdf606f6b59b9d23f5ec53f218
Carteiras selecionadas,SUMUP SOLO,SUMUP SOLO,45598747000121,07/2025,PDD / Crédito,0.0,ratio,Visão Executiva canônica; cache IME local 515ee8393a35855dd0afbec2f255c4e303ff92cdf606f6b59b9d23f5ec53f218,.cache/fundonet-ime/515ee8393a35855dd0afbec2f255c4e303ff92cdf606f6b59b9d23f5ec53f218
Carteiras selecionadas,SUMUP SOLO,SUMUP SOLO,45598747000121,06/2025,PDD / Crédito,0.0,ratio,Visão Executiva canônica; cache IME local 515ee8393a35855dd0afbec2f255c4e303ff92cdf606f6b59b9d23f5ec53f218,.cache/fundonet-ime/515ee8393a35855dd0afbec2f255c4e303ff92cdf606f6b59b9d23f5ec53f218
Carteiras selecionadas,SUMUP SOLO,SUMUP SOLO,45598747000121,05/2025,PDD / Crédito,0.0,ratio,Visão Executiva canônica; cache IME local 515ee8393a35855dd0afbec2f255c4e303ff92cdf606f6b59b9d23f5ec53f218,.cache/fundonet-ime/515ee8393a35855dd0afbec2f255c4e303ff92cdf606f6b59b9d23f5ec53f218
Carteiras selecionadas,SUMUP SOLO,SUMUP SOLO,45598747000121,04/2025,PDD / Crédito,0.0,ratio,Visão Executiva canônica; cache IME local 515ee8393a35855dd0afbec2f255c4e303ff92cdf606f6b59b9d23f5ec53f218,.cache/fundonet-ime/515ee8393a35855dd0afbec2f255c4e303ff92cdf606f6b59b9d23f5ec53f218
Carteiras selecionadas,SUMUP SOLO,SUMUP SOLO,45598747000121,03/2025,PDD / Crédito,0.0,ratio,Visão Executiva canônica; cache IME local 515ee8393a35855dd0afbec2f255c4e303ff92cdf606f6b59b9d23f5ec53f218,.cache/fundonet-ime/515ee8393a35855dd0afbec2f255c4e303ff92cdf606f6b59b9d23f5ec53f218
Carteiras selecionadas,SUMUP SOLO,SUMUP SOLO,45598747000121,02/2025,PDD / Crédito,0.0,ratio,Visão Executiva canônica; cache IME local 515ee8393a35855dd0afbec2f255c4e303ff92cdf606f6b59b9d23f5ec53f218,.cache/fundonet-ime/515ee8393a35855dd0afbec2f255c4e303ff92cdf606f6b59b9d23f5ec53f218
Carteiras selecionadas,SUMUP SOLO,SUMUP SOLO,45598747000121,01/2025,PDD / Crédito,0.0,ratio,Visão Executiva canônica; cache IME local 515ee8393a35855dd0afbec2f255c4e303ff92cdf606f6b59b9d23f5ec53f218,.cache/fundonet-ime/515ee8393a35855dd0afbec2f255c4e303ff92cdf606f6b59b9d23f5ec53f218
Carteiras selecionadas,SUMUP SOLO,SUMUP SOLO,45598747000121,06/2026,Recompras (R$ MM),0.0,R$ MM,Visão Executiva canônica; cache IME local 515ee8393a35855dd0afbec2f255c4e303ff92cdf606f6b59b9d23f5ec53f218,.cache/fundonet-ime/515ee8393a35855dd0afbec2f255c4e303ff92cdf606f6b59b9d23f5ec53f218
Carteiras selecionadas,SUMUP SOLO,SUMUP SOLO,45598747000121,05/2026,Recompras (R$ MM),0.0,R$ MM,Visão Executiva canônica; cache IME local 515ee8393a35855dd0afbec2f255c4e303ff92cdf606f6b59b9d23f5ec53f218,.cache/fundonet-ime/515ee8393a35855dd0afbec2f255c4e303ff92cdf606f6b59b9d23f5ec53f218
Carteiras selecionadas,SUMUP SOLO,SUMUP SOLO,45598747000121,04/2026,Recompras (R$ MM),0.0,R$ MM,Visão Executiva canônica; cache IME local 515ee8393a35855dd0afbec2f255c4e303ff92cdf606f6b59b9d23f5ec53f218,.cache/fundonet-ime/515ee8393a35855dd0afbec2f255c4e303ff92cdf606f6b59b9d23f5ec53f218
Carteiras selecionadas,SUMUP SOLO,SUMUP SOLO,45598747000121,03/2026,Recompras (R$ MM),0.0,R$ MM,Visão Executiva canônica; cache IME local 515ee8393a35855dd0afbec2f255c4e303ff92cdf606f6b59b9d23f5ec53f218,.cache/fundonet-ime/515ee8393a35855dd0afbec2f255c4e303ff92cdf606f6b59b9d23f5ec53f218
Carteiras selecionadas,SUMUP SOLO,SUMUP SOLO,45598747000121,02/2026,Recompras (R$ MM),0.0,R$ MM,Visão Executiva canônica; cache IME local 515ee8393a35855dd0afbec2f255c4e303ff92cdf606f6b59b9d23f5ec53f218,.cache/fundonet-ime/515ee8393a35855dd0afbec2f255c4e303ff92cdf606f6b59b9d23f5ec53f218
Carteiras selecionadas,SUMUP SOLO,SUMUP SOLO,45598747000121,01/2026,Recompras (R$ MM),0.0,R$ MM,Visão Executiva canônica; cache IME local 515ee8393a35855dd0afbec2f255c4e303ff92cdf606f6b59b9d23f5ec53f218,.cache/fundonet-ime/515ee8393a35855dd0afbec2f255c4e303ff92cdf606f6b59b9d23f5ec53f218
Carteiras selecionadas,SUMUP SOLO,SUMUP SOLO,45598747000121,12/2025,Recompras (R$ MM),0.0,R$ MM,Visão Executiva canônica; cache IME local 515ee8393a35855dd0afbec2f255c4e303ff92cdf606f6b59b9d23f5ec53f218,.cache/fundonet-ime/515ee8393a35855dd0afbec2f255c4e303ff92cdf606f6b59b9d23f5ec53f218
Carteiras selecionadas,SUMUP SOLO,SUMUP SOLO,45598747000121,10/2025,Recompras (R$ MM),0.0,R$ MM,Visão Executiva canônica; cache IME local 515ee8393a35855dd0afbec2f255c4e303ff92cdf606f6b59b9d23f5ec53f218,.cache/fundonet-ime/515ee8393a35855dd0afbec2f255c4e303ff92cdf606f6b59b9d23f5ec53f218
Carteiras selecionadas,SUMUP SOLO,SUMUP SOLO,45598747000121,09/2025,Recompras (R$ MM),0.0,R$ MM,Visão Executiva canônica; cache IME local 515ee8393a35855dd0afbec2f255c4e303ff92cdf606f6b59b9d23f5ec53f218,.cache/fundonet-ime/515ee8393a35855dd0afbec2f255c4e303ff92cdf606f6b59b9d23f5ec53f218
Carteiras selecionadas,SUMUP SOLO,SUMUP SOLO,45598747000121,08/2025,Recompras (R$ MM),0.0,R$ MM,Visão Executiva canônica; cache IME local 515ee8393a35855dd0afbec2f255c4e303ff92cdf606f6b59b9d23f5ec53f218,.cache/fundonet-ime/515ee8393a35855dd0afbec2f255c4e303ff92cdf606f6b59b9d23f5ec53f218
Carteiras selecionadas,SUMUP SOLO,SUMUP SOLO,45598747000121,07/2025,Recompras (R$ MM),0.0,R$ MM,Visão Executiva canônica; cache IME local 515ee8393a35855dd0afbec2f255c4e303ff92cdf606f6b59b9d23f5ec53f218,.cache/fundonet-ime/515ee8393a35855dd0afbec2f255c4e303ff92cdf606f6b59b9d23f5ec53f218
Carteiras selecionadas,SUMUP SOLO,SUMUP SOLO,45598747000121,06/2025,Recompras (R$ MM),0.0,R$ MM,Visão Executiva canônica; cache IME local 515ee8393a35855dd0afbec2f255c4e303ff92cdf606f6b59b9d23f5ec53f218,.cache/fundonet-ime/515ee8393a35855dd0afbec2f255c4e303ff92cdf606f6b59b9d23f5ec53f218
Carteiras selecionadas,SUMUP SOLO,SUMUP SOLO,45598747000121,05/2025,Recompras (R$ MM),0.0,R$ MM,Visão Executiva canônica; cache IME local 515ee8393a35855dd0afbec2f255c4e303ff92cdf606f6b59b9d23f5ec53f218,.cache/fundonet-ime/515ee8393a35855dd0afbec2f255c4e303ff92cdf606f6b59b9d23f5ec53f218
Carteiras selecionadas,SUMUP SOLO,SUMUP SOLO,45598747000121,04/2025,Recompras (R$ MM),0.0,R$ MM,Visão Executiva canônica; cache IME local 515ee8393a35855dd0afbec2f255c4e303ff92cdf606f6b59b9d23f5ec53f218,.cache/fundonet-ime/515ee8393a35855dd0afbec2f255c4e303ff92cdf606f6b59b9d23f5ec53f218
Carteiras selecionadas,SUMUP SOLO,SUMUP SOLO,45598747000121,03/2025,Recompras (R$ MM),0.0,R$ MM,Visão Executiva canônica; cache IME local 515ee8393a35855dd0afbec2f255c4e303ff92cdf606f6b59b9d23f5ec53f218,.cache/fundonet-ime/515ee8393a35855dd0afbec2f255c4e303ff92cdf606f6b59b9d23f5ec53f218
Carteiras selecionadas,SUMUP SOLO,SUMUP SOLO,45598747000121,02/2025,Recompras (R$ MM),0.0,R$ MM,Visão Executiva canônica; cache IME local 515ee8393a35855dd0afbec2f255c4e303ff92cdf606f6b59b9d23f5ec53f218,.cache/fundonet-ime/515ee8393a35855dd0afbec2f255c4e303ff92cdf606f6b59b9d23f5ec53f218
Carteiras selecionadas,SUMUP SOLO,SUMUP SOLO,45598747000121,01/2025,Recompras (R$ MM),0.0,R$ MM,Visão Executiva canônica; cache IME local 515ee8393a35855dd0afbec2f255c4e303ff92cdf606f6b59b9d23f5ec53f218,.cache/fundonet-ime/515ee8393a35855dd0afbec2f255c4e303ff92cdf606f6b59b9d23f5ec53f218
Carteiras selecionadas,SUMUP SOLO,SUMUP SOLO,45598747000121,06/2026,Recompras / Crédito,0.0,ratio,Visão Executiva canônica; cache IME local 515ee8393a35855dd0afbec2f255c4e303ff92cdf606f6b59b9d23f5ec53f218,.cache/fundonet-ime/515ee8393a35855dd0afbec2f255c4e303ff92cdf606f6b59b9d23f5ec53f218
Carteiras selecionadas,SUMUP SOLO,SUMUP SOLO,45598747000121,05/2026,Recompras / Crédito,0.0,ratio,Visão Executiva canônica; cache IME local 515ee8393a35855dd0afbec2f255c4e303ff92cdf606f6b59b9d23f5ec53f218,.cache/fundonet-ime/515ee8393a35855dd0afbec2f255c4e303ff92cdf606f6b59b9d23f5ec53f218
Carteiras selecionadas,SUMUP SOLO,SUMUP SOLO,45598747000121,04/2026,Recompras / Crédito,0.0,ratio,Visão Executiva canônica; cache IME local 515ee8393a35855dd0afbec2f255c4e303ff92cdf606f6b59b9d23f5ec53f218,.cache/fundonet-ime/515ee8393a35855dd0afbec2f255c4e303ff92cdf606f6b59b9d23f5ec53f218
Carteiras selecionadas,SUMUP SOLO,SUMUP SOLO,45598747000121,03/2026,Recompras / Crédito,0.0,ratio,Visão Executiva canônica; cache IME local 515ee8393a35855dd0afbec2f255c4e303ff92cdf606f6b59b9d23f5ec53f218,.cache/fundonet-ime/515ee8393a35855dd0afbec2f255c4e303ff92cdf606f6b59b9d23f5ec53f218
Carteiras selecionadas,SUMUP SOLO,SUMUP SOLO,45598747000121,02/2026,Recompras / Crédito,0.0,ratio,Visão Executiva canônica; cache IME local 515ee8393a35855dd0afbec2f255c4e303ff92cdf606f6b59b9d23f5ec53f218,.cache/fundonet-ime/515ee8393a35855dd0afbec2f255c4e303ff92cdf606f6b59b9d23f5ec53f218
Carteiras selecionadas,SUMUP SOLO,SUMUP SOLO,45598747000121,01/2026,Recompras / Crédito,0.0,ratio,Visão Executiva canônica; cache IME local 515ee8393a35855dd0afbec2f255c4e303ff92cdf606f6b59b9d23f5ec53f218,.cache/fundonet-ime/515ee8393a35855dd0afbec2f255c4e303ff92cdf606f6b59b9d23f5ec53f218
Carteiras selecionadas,SUMUP SOLO,SUMUP SOLO,45598747000121,12/2025,Recompras / Crédito,0.0,ratio,Visão Executiva canônica; cache IME local 515ee8393a35855dd0afbec2f255c4e303ff92cdf606f6b59b9d23f5ec53f218,.cache/fundonet-ime/515ee8393a35855dd0afbec2f255c4e303ff92cdf606f6b59b9d23f5ec53f218
Carteiras selecionadas,SUMUP SOLO,SUMUP SOLO,45598747000121,10/2025,Recompras / Crédito,0.0,ratio,Visão Executiva canônica; cache IME local 515ee8393a35855dd0afbec2f255c4e303ff92cdf606f6b59b9d23f5ec53f218,.cache/fundonet-ime/515ee8393a35855dd0afbec2f255c4e303ff92cdf606f6b59b9d23f5ec53f218
Carteiras selecionadas,SUMUP SOLO,SUMUP SOLO,45598747000121,09/2025,Recompras / Crédito,0.0,ratio,Visão Executiva canônica; cache IME local 515ee8393a35855dd0afbec2f255c4e303ff92cdf606f6b59b9d23f5ec53f218,.cache/fundonet-ime/515ee8393a35855dd0afbec2f255c4e303ff92cdf606f6b59b9d23f5ec53f218
Carteiras selecionadas,SUMUP SOLO,SUMUP SOLO,45598747000121,08/2025,Recompras / Crédito,0.0,ratio,Visão Executiva canônica; cache IME local 515ee8393a35855dd0afbec2f255c4e303ff92cdf606f6b59b9d23f5ec53f218,.cache/fundonet-ime/515ee8393a35855dd0afbec2f255c4e303ff92cdf606f6b59b9d23f5ec53f218
Carteiras selecionadas,SUMUP SOLO,SUMUP SOLO,45598747000121,07/2025,Recompras / Crédito,0.0,ratio,Visão Executiva canônica; cache IME local 515ee8393a35855dd0afbec2f255c4e303ff92cdf606f6b59b9d23f5ec53f218,.cache/fundonet-ime/515ee8393a35855dd0afbec2f255c4e303ff92cdf606f6b59b9d23f5ec53f218
Carteiras selecionadas,SUMUP SOLO,SUMUP SOLO,45598747000121,06/2025,Recompras / Crédito,0.0,ratio,Visão Executiva canônica; cache IME local 515ee8393a35855dd0afbec2f255c4e303ff92cdf606f6b59b9d23f5ec53f218,.cache/fundonet-ime/515ee8393a35855dd0afbec2f255c4e303ff92cdf606f6b59b9d23f5ec53f218
Carteiras selecionadas,SUMUP SOLO,SUMUP SOLO,45598747000121,05/2025,Recompras / Crédito,0.0,ratio,Visão Executiva canônica; cache IME local 515ee8393a35855dd0afbec2f255c4e303ff92cdf606f6b59b9d23f5ec53f218,.cache/fundonet-ime/515ee8393a35855dd0afbec2f255c4e303ff92cdf606f6b59b9d23f5ec53f218
Carteiras selecionadas,SUMUP SOLO,SUMUP SOLO,45598747000121,04/2025,Recompras / Crédito,0.0,ratio,Visão Executiva canônica; cache IME local 515ee8393a35855dd0afbec2f255c4e303ff92cdf606f6b59b9d23f5ec53f218,.cache/fundonet-ime/515ee8393a35855dd0afbec2f255c4e303ff92cdf606f6b59b9d23f5ec53f218
Carteiras selecionadas,SUMUP SOLO,SUMUP SOLO,45598747000121,03/2025,Recompras / Crédito,0.0,ratio,Visão Executiva canônica; cache IME local 515ee8393a35855dd0afbec2f255c4e303ff92cdf606f6b59b9d23f5ec53f218,.cache/fundonet-ime/515ee8393a35855dd0afbec2f255c4e303ff92cdf606f6b59b9d23f5ec53f218
Carteiras selecionadas,SUMUP SOLO,SUMUP SOLO,45598747000121,02/2025,Recompras / Crédito,0.0,ratio,Visão Executiva canônica; cache IME local 515ee8393a35855dd0afbec2f255c4e303ff92cdf606f6b59b9d23f5ec53f218,.cache/fundonet-ime/515ee8393a35855dd0afbec2f255c4e303ff92cdf606f6b59b9d23f5ec53f218
Carteiras selecionadas,SUMUP SOLO,SUMUP SOLO,45598747000121,01/2025,Recompras / Crédito,0.0,ratio,Visão Executiva canônica; cache IME local 515ee8393a35855dd0afbec2f255c4e303ff92cdf606f6b59b9d23f5ec53f218,.cache/fundonet-ime/515ee8393a35855dd0afbec2f255c4e303ff92cdf606f6b59b9d23f5ec53f218
Carteiras selecionadas,SUMUP SOLO,SUMUP SOLO,45598747000121,06/2026,Recompras / PL,0.0,ratio,Visão Executiva canônica; cache IME local 515ee8393a35855dd0afbec2f255c4e303ff92cdf606f6b59b9d23f5ec53f218,.cache/fundonet-ime/515ee8393a35855dd0afbec2f255c4e303ff92cdf606f6b59b9d23f5ec53f218
Carteiras selecionadas,SUMUP SOLO,SUMUP SOLO,45598747000121,05/2026,Recompras / PL,0.0,ratio,Visão Executiva canônica; cache IME local 515ee8393a35855dd0afbec2f255c4e303ff92cdf606f6b59b9d23f5ec53f218,.cache/fundonet-ime/515ee8393a35855dd0afbec2f255c4e303ff92cdf606f6b59b9d23f5ec53f218
Carteiras selecionadas,SUMUP SOLO,SUMUP SOLO,45598747000121,04/2026,Recompras / PL,0.0,ratio,Visão Executiva canônica; cache IME local 515ee8393a35855dd0afbec2f255c4e303ff92cdf606f6b59b9d23f5ec53f218,.cache/fundonet-ime/515ee8393a35855dd0afbec2f255c4e303ff92cdf606f6b59b9d23f5ec53f218
Carteiras selecionadas,SUMUP SOLO,SUMUP SOLO,45598747000121,03/2026,Recompras / PL,0.0,ratio,Visão Executiva canônica; cache IME local 515ee8393a35855dd0afbec2f255c4e303ff92cdf606f6b59b9d23f5ec53f218,.cache/fundonet-ime/515ee8393a35855dd0afbec2f255c4e303ff92cdf606f6b59b9d23f5ec53f218
Carteiras selecionadas,SUMUP SOLO,SUMUP SOLO,45598747000121,02/2026,Recompras / PL,0.0,ratio,Visão Executiva canônica; cache IME local 515ee8393a35855dd0afbec2f255c4e303ff92cdf606f6b59b9d23f5ec53f218,.cache/fundonet-ime/515ee8393a35855dd0afbec2f255c4e303ff92cdf606f6b59b9d23f5ec53f218
Carteiras selecionadas,SUMUP SOLO,SUMUP SOLO,45598747000121,01/2026,Recompras / PL,0.0,ratio,Visão Executiva canônica; cache IME local 515ee8393a35855dd0afbec2f255c4e303ff92cdf606f6b59b9d23f5ec53f218,.cache/fundonet-ime/515ee8393a35855dd0afbec2f255c4e303ff92cdf606f6b59b9d23f5ec53f218
Carteiras selecionadas,SUMUP SOLO,SUMUP SOLO,45598747000121,12/2025,Recompras / PL,0.0,ratio,Visão Executiva canônica; cache IME local 515ee8393a35855dd0afbec2f255c4e303ff92cdf606f6b59b9d23f5ec53f218,.cache/fundonet-ime/515ee8393a35855dd0afbec2f255c4e303ff92cdf606f6b59b9d23f5ec53f218
Carteiras selecionadas,SUMUP SOLO,SUMUP SOLO,45598747000121,10/2025,Recompras / PL,0.0,ratio,Visão Executiva canônica; cache IME local 515ee8393a35855dd0afbec2f255c4e303ff92cdf606f6b59b9d23f5ec53f218,.cache/fundonet-ime/515ee8393a35855dd0afbec2f255c4e303ff92cdf606f6b59b9d23f5ec53f218
Carteiras selecionadas,SUMUP SOLO,SUMUP SOLO,45598747000121,09/2025,Recompras / PL,0.0,ratio,Visão Executiva canônica; cache IME local 515ee8393a35855dd0afbec2f255c4e303ff92cdf606f6b59b9d23f5ec53f218,.cache/fundonet-ime/515ee8393a35855dd0afbec2f255c4e303ff92cdf606f6b59b9d23f5ec53f218
Carteiras selecionadas,SUMUP SOLO,SUMUP SOLO,45598747000121,08/2025,Recompras / PL,0.0,ratio,Visão Executiva canônica; cache IME local 515ee8393a35855dd0afbec2f255c4e303ff92cdf606f6b59b9d23f5ec53f218,.cache/fundonet-ime/515ee8393a35855dd0afbec2f255c4e303ff92cdf606f6b59b9d23f5ec53f218
Carteiras selecionadas,SUMUP SOLO,SUMUP SOLO,45598747000121,07/2025,Recompras / PL,0.0,ratio,Visão Executiva canônica; cache IME local 515ee8393a35855dd0afbec2f255c4e303ff92cdf606f6b59b9d23f5ec53f218,.cache/fundonet-ime/515ee8393a35855dd0afbec2f255c4e303ff92cdf606f6b59b9d23f5ec53f218
Carteiras selecionadas,SUMUP SOLO,SUMUP SOLO,45598747000121,06/2025,Recompras / PL,0.0,ratio,Visão Executiva canônica; cache IME local 515ee8393a35855dd0afbec2f255c4e303ff92cdf606f6b59b9d23f5ec53f218,.cache/fundonet-ime/515ee8393a35855dd0afbec2f255c4e303ff92cdf606f6b59b9d23f5ec53f218
Carteiras selecionadas,SUMUP SOLO,SUMUP SOLO,45598747000121,05/2025,Recompras / PL,0.0,ratio,Visão Executiva canônica; cache IME local 515ee8393a35855dd0afbec2f255c4e303ff92cdf606f6b59b9d23f5ec53f218,.cache/fundonet-ime/515ee8393a35855dd0afbec2f255c4e303ff92cdf606f6b59b9d23f5ec53f218
Carteiras selecionadas,SUMUP SOLO,SUMUP SOLO,45598747000121,04/2025,Recompras / PL,0.0,ratio,Visão Executiva canônica; cache IME local 515ee8393a35855dd0afbec2f255c4e303ff92cdf606f6b59b9d23f5ec53f218,.cache/fundonet-ime/515ee8393a35855dd0afbec2f255c4e303ff92cdf606f6b59b9d23f5ec53f218
Carteiras selecionadas,SUMUP SOLO,SUMUP SOLO,45598747000121,03/2025,Recompras / PL,0.0,ratio,Visão Executiva canônica; cache IME local 515ee8393a35855dd0afbec2f255c4e303ff92cdf606f6b59b9d23f5ec53f218,.cache/fundonet-ime/515ee8393a35855dd0afbec2f255c4e303ff92cdf606f6b59b9d23f5ec53f218
Carteiras selecionadas,SUMUP SOLO,SUMUP SOLO,45598747000121,02/2025,Recompras / PL,0.0,ratio,Visão Executiva canônica; cache IME local 515ee8393a35855dd0afbec2f255c4e303ff92cdf606f6b59b9d23f5ec53f218,.cache/fundonet-ime/515ee8393a35855dd0afbec2f255c4e303ff92cdf606f6b59b9d23f5ec53f218
Carteiras selecionadas,SUMUP SOLO,SUMUP SOLO,45598747000121,01/2025,Recompras / PL,0.0,ratio,Visão Executiva canônica; cache IME local 515ee8393a35855dd0afbec2f255c4e303ff92cdf606f6b59b9d23f5ec53f218,.cache/fundonet-ime/515ee8393a35855dd0afbec2f255c4e303ff92cdf606f6b59b9d23f5ec53f218
Carteiras selecionadas,SUMUP SOLO,SUMUP SOLO,45598747000121,06/2026,Cotas SR / PL %,89.83304301233572,%,Visão Executiva canônica; cache IME local 515ee8393a35855dd0afbec2f255c4e303ff92cdf606f6b59b9d23f5ec53f218,.cache/fundonet-ime/515ee8393a35855dd0afbec2f255c4e303ff92cdf606f6b59b9d23f5ec53f218
Carteiras selecionadas,SUMUP SOLO,SUMUP SOLO,45598747000121,05/2026,Cotas SR / PL %,92.52814262328968,%,Visão Executiva canônica; cache IME local 515ee8393a35855dd0afbec2f255c4e303ff92cdf606f6b59b9d23f5ec53f218,.cache/fundonet-ime/515ee8393a35855dd0afbec2f255c4e303ff92cdf606f6b59b9d23f5ec53f218
Carteiras selecionadas,SUMUP SOLO,SUMUP SOLO,45598747000121,04/2026,Cotas SR / PL %,93.05759547771216,%,Visão Executiva canônica; cache IME local 515ee8393a35855dd0afbec2f255c4e303ff92cdf606f6b59b9d23f5ec53f218,.cache/fundonet-ime/515ee8393a35855dd0afbec2f255c4e303ff92cdf606f6b59b9d23f5ec53f218
Carteiras selecionadas,SUMUP SOLO,SUMUP SOLO,45598747000121,03/2026,Cotas SR / PL %,93.14252887072111,%,Visão Executiva canônica; cache IME local 515ee8393a35855dd0afbec2f255c4e303ff92cdf606f6b59b9d23f5ec53f218,.cache/fundonet-ime/515ee8393a35855dd0afbec2f255c4e303ff92cdf606f6b59b9d23f5ec53f218
Carteiras selecionadas,SUMUP SOLO,SUMUP SOLO,45598747000121,02/2026,Cotas SR / PL %,93.2360793822102,%,Visão Executiva canônica; cache IME local 515ee8393a35855dd0afbec2f255c4e303ff92cdf606f6b59b9d23f5ec53f218,.cache/fundonet-ime/515ee8393a35855dd0afbec2f255c4e303ff92cdf606f6b59b9d23f5ec53f218
Carteiras selecionadas,SUMUP SOLO,SUMUP SOLO,45598747000121,01/2026,Cotas SR / PL %,93.29559498957306,%,Visão Executiva canônica; cache IME local 515ee8393a35855dd0afbec2f255c4e303ff92cdf606f6b59b9d23f5ec53f218,.cache/fundonet-ime/515ee8393a35855dd0afbec2f255c4e303ff92cdf606f6b59b9d23f5ec53f218
Carteiras selecionadas,SUMUP SOLO,SUMUP SOLO,45598747000121,12/2025,Cotas SR / PL %,93.38760479737029,%,Visão Executiva canônica; cache IME local 515ee8393a35855dd0afbec2f255c4e303ff92cdf606f6b59b9d23f5ec53f218,.cache/fundonet-ime/515ee8393a35855dd0afbec2f255c4e303ff92cdf606f6b59b9d23f5ec53f218
Carteiras selecionadas,SUMUP SOLO,SUMUP SOLO,45598747000121,10/2025,Cotas SR / PL %,93.87099990708833,%,Visão Executiva canônica; cache IME local 515ee8393a35855dd0afbec2f255c4e303ff92cdf606f6b59b9d23f5ec53f218,.cache/fundonet-ime/515ee8393a35855dd0afbec2f255c4e303ff92cdf606f6b59b9d23f5ec53f218
Carteiras selecionadas,SUMUP SOLO,SUMUP SOLO,45598747000121,09/2025,Cotas SR / PL %,93.96849679910524,%,Visão Executiva canônica; cache IME local 515ee8393a35855dd0afbec2f255c4e303ff92cdf606f6b59b9d23f5ec53f218,.cache/fundonet-ime/515ee8393a35855dd0afbec2f255c4e303ff92cdf606f6b59b9d23f5ec53f218
Carteiras selecionadas,SUMUP SOLO,SUMUP SOLO,45598747000121,08/2025,Cotas SR / PL %,94.08144392851166,%,Visão Executiva canônica; cache IME local 515ee8393a35855dd0afbec2f255c4e303ff92cdf606f6b59b9d23f5ec53f218,.cache/fundonet-ime/515ee8393a35855dd0afbec2f255c4e303ff92cdf606f6b59b9d23f5ec53f218
Carteiras selecionadas,SUMUP SOLO,SUMUP SOLO,45598747000121,07/2025,Cotas SR / PL %,94.23865524125516,%,Visão Executiva canônica; cache IME local 515ee8393a35855dd0afbec2f255c4e303ff92cdf606f6b59b9d23f5ec53f218,.cache/fundonet-ime/515ee8393a35855dd0afbec2f255c4e303ff92cdf606f6b59b9d23f5ec53f218
Carteiras selecionadas,SUMUP SOLO,SUMUP SOLO,45598747000121,06/2025,Cotas SR / PL %,94.30920337667605,%,Visão Executiva canônica; cache IME local 515ee8393a35855dd0afbec2f255c4e303ff92cdf606f6b59b9d23f5ec53f218,.cache/fundonet-ime/515ee8393a35855dd0afbec2f255c4e303ff92cdf606f6b59b9d23f5ec53f218
Carteiras selecionadas,SUMUP SOLO,SUMUP SOLO,45598747000121,05/2025,Cotas SR / PL %,94.41732175770086,%,Visão Executiva canônica; cache IME local 515ee8393a35855dd0afbec2f255c4e303ff92cdf606f6b59b9d23f5ec53f218,.cache/fundonet-ime/515ee8393a35855dd0afbec2f255c4e303ff92cdf606f6b59b9d23f5ec53f218
Carteiras selecionadas,SUMUP SOLO,SUMUP SOLO,45598747000121,04/2025,Cotas SR / PL %,91.18083137920426,%,Visão Executiva canônica; cache IME local 515ee8393a35855dd0afbec2f255c4e303ff92cdf606f6b59b9d23f5ec53f218,.cache/fundonet-ime/515ee8393a35855dd0afbec2f255c4e303ff92cdf606f6b59b9d23f5ec53f218
Carteiras selecionadas,SUMUP SOLO,SUMUP SOLO,45598747000121,03/2025,Cotas SR / PL %,85.55444591206948,%,Visão Executiva canônica; cache IME local 515ee8393a35855dd0afbec2f255c4e303ff92cdf606f6b59b9d23f5ec53f218,.cache/fundonet-ime/515ee8393a35855dd0afbec2f255c4e303ff92cdf606f6b59b9d23f5ec53f218
Carteiras selecionadas,SUMUP SOLO,SUMUP SOLO,45598747000121,02/2025,Cotas SR / PL %,89.96299817683344,%,Visão Executiva canônica; cache IME local 515ee8393a35855dd0afbec2f255c4e303ff92cdf606f6b59b9d23f5ec53f218,.cache/fundonet-ime/515ee8393a35855dd0afbec2f255c4e303ff92cdf606f6b59b9d23f5ec53f218
Carteiras selecionadas,SUMUP SOLO,SUMUP SOLO,45598747000121,01/2025,Cotas SR / PL %,88.74445828428797,%,Visão Executiva canônica; cache IME local 515ee8393a35855dd0afbec2f255c4e303ff92cdf606f6b59b9d23f5ec53f218,.cache/fundonet-ime/515ee8393a35855dd0afbec2f255c4e303ff92cdf606f6b59b9d23f5ec53f218
Carteiras selecionadas,SUMUP SOLO,SUMUP SOLO,45598747000121,06/2026,Cotas Sub / PL %,10.166957005488541,%,Visão Executiva canônica; cache IME local 515ee8393a35855dd0afbec2f255c4e303ff92cdf606f6b59b9d23f5ec53f218,.cache/fundonet-ime/515ee8393a35855dd0afbec2f255c4e303ff92cdf606f6b59b9d23f5ec53f218
Carteiras selecionadas,SUMUP SOLO,SUMUP SOLO,45598747000121,05/2026,Cotas Sub / PL %,7.471857395473512,%,Visão Executiva canônica; cache IME local 515ee8393a35855dd0afbec2f255c4e303ff92cdf606f6b59b9d23f5ec53f218,.cache/fundonet-ime/515ee8393a35855dd0afbec2f255c4e303ff92cdf606f6b59b9d23f5ec53f218
Carteiras selecionadas,SUMUP SOLO,SUMUP SOLO,45598747000121,04/2026,Cotas Sub / PL %,6.942404537978099,%,Visão Executiva canônica; cache IME local 515ee8393a35855dd0afbec2f255c4e303ff92cdf606f6b59b9d23f5ec53f218,.cache/fundonet-ime/515ee8393a35855dd0afbec2f255c4e303ff92cdf606f6b59b9d23f5ec53f218
Carteiras selecionadas,SUMUP SOLO,SUMUP SOLO,45598747000121,03/2026,Cotas Sub / PL %,6.857471150079079,%,Visão Executiva canônica; cache IME local 515ee8393a35855dd0afbec2f255c4e303ff92cdf606f6b59b9d23f5ec53f218,.cache/fundonet-ime/515ee8393a35855dd0afbec2f255c4e303ff92cdf606f6b59b9d23f5ec53f218
Carteiras selecionadas,SUMUP SOLO,SUMUP SOLO,45598747000121,02/2026,Cotas Sub / PL %,6.763920639348203,%,Visão Executiva canônica; cache IME local 515ee8393a35855dd0afbec2f255c4e303ff92cdf606f6b59b9d23f5ec53f218,.cache/fundonet-ime/515ee8393a35855dd0afbec2f255c4e303ff92cdf606f6b59b9d23f5ec53f218
Carteiras selecionadas,SUMUP SOLO,SUMUP SOLO,45598747000121,01/2026,Cotas Sub / PL %,6.704405028707473,%,Visão Executiva canônica; cache IME local 515ee8393a35855dd0afbec2f255c4e303ff92cdf606f6b59b9d23f5ec53f218,.cache/fundonet-ime/515ee8393a35855dd0afbec2f255c4e303ff92cdf606f6b59b9d23f5ec53f218
Carteiras selecionadas,SUMUP SOLO,SUMUP SOLO,45598747000121,12/2025,Cotas Sub / PL %,6.612395221786051,%,Visão Executiva canônica; cache IME local 515ee8393a35855dd0afbec2f255c4e303ff92cdf606f6b59b9d23f5ec53f218,.cache/fundonet-ime/515ee8393a35855dd0afbec2f255c4e303ff92cdf606f6b59b9d23f5ec53f218
Carteiras selecionadas,SUMUP SOLO,SUMUP SOLO,45598747000121,10/2025,Cotas Sub / PL %,6.12900012651953,%,Visão Executiva canônica; cache IME local 515ee8393a35855dd0afbec2f255c4e303ff92cdf606f6b59b9d23f5ec53f218,.cache/fundonet-ime/515ee8393a35855dd0afbec2f255c4e303ff92cdf606f6b59b9d23f5ec53f218
Carteiras selecionadas,SUMUP SOLO,SUMUP SOLO,45598747000121,09/2025,Cotas Sub / PL %,6.031503218101987,%,Visão Executiva canônica; cache IME local 515ee8393a35855dd0afbec2f255c4e303ff92cdf606f6b59b9d23f5ec53f218,.cache/fundonet-ime/515ee8393a35855dd0afbec2f255c4e303ff92cdf606f6b59b9d23f5ec53f218
Carteiras selecionadas,SUMUP SOLO,SUMUP SOLO,45598747000121,08/2025,Cotas Sub / PL %,5.9185561057516995,%,Visão Executiva canônica; cache IME local 515ee8393a35855dd0afbec2f255c4e303ff92cdf606f6b59b9d23f5ec53f218,.cache/fundonet-ime/515ee8393a35855dd0afbec2f255c4e303ff92cdf606f6b59b9d23f5ec53f218
Carteiras selecionadas,SUMUP SOLO,SUMUP SOLO,45598747000121,07/2025,Cotas Sub / PL %,5.761344791476845,%,Visão Executiva canônica; cache IME local 515ee8393a35855dd0afbec2f255c4e303ff92cdf606f6b59b9d23f5ec53f218,.cache/fundonet-ime/515ee8393a35855dd0afbec2f255c4e303ff92cdf606f6b59b9d23f5ec53f218
Carteiras selecionadas,SUMUP SOLO,SUMUP SOLO,45598747000121,06/2025,Cotas Sub / PL %,5.69079665619968,%,Visão Executiva canônica; cache IME local 515ee8393a35855dd0afbec2f255c4e303ff92cdf606f6b59b9d23f5ec53f218,.cache/fundonet-ime/515ee8393a35855dd0afbec2f255c4e303ff92cdf606f6b59b9d23f5ec53f218
Carteiras selecionadas,SUMUP SOLO,SUMUP SOLO,45598747000121,05/2025,Cotas Sub / PL %,5.58267827233867,%,Visão Executiva canônica; cache IME local 515ee8393a35855dd0afbec2f255c4e303ff92cdf606f6b59b9d23f5ec53f218,.cache/fundonet-ime/515ee8393a35855dd0afbec2f255c4e303ff92cdf606f6b59b9d23f5ec53f218
Carteiras selecionadas,SUMUP SOLO,SUMUP SOLO,45598747000121,04/2025,Cotas Sub / PL %,8.819168620776942,%,Visão Executiva canônica; cache IME local 515ee8393a35855dd0afbec2f255c4e303ff92cdf606f6b59b9d23f5ec53f218,.cache/fundonet-ime/515ee8393a35855dd0afbec2f255c4e303ff92cdf606f6b59b9d23f5ec53f218
Carteiras selecionadas,SUMUP SOLO,SUMUP SOLO,45598747000121,03/2025,Cotas Sub / PL %,14.445554087987949,%,Visão Executiva canônica; cache IME local 515ee8393a35855dd0afbec2f255c4e303ff92cdf606f6b59b9d23f5ec53f218,.cache/fundonet-ime/515ee8393a35855dd0afbec2f255c4e303ff92cdf606f6b59b9d23f5ec53f218
Carteiras selecionadas,SUMUP SOLO,SUMUP SOLO,45598747000121,02/2025,Cotas Sub / PL %,10.037001832118596,%,Visão Executiva canônica; cache IME local 515ee8393a35855dd0afbec2f255c4e303ff92cdf606f6b59b9d23f5ec53f218,.cache/fundonet-ime/515ee8393a35855dd0afbec2f255c4e303ff92cdf606f6b59b9d23f5ec53f218
Carteiras selecionadas,SUMUP SOLO,SUMUP SOLO,45598747000121,01/2025,Cotas Sub / PL %,11.255541715693365,%,Visão Executiva canônica; cache IME local 515ee8393a35855dd0afbec2f255c4e303ff92cdf606f6b59b9d23f5ec53f218,.cache/fundonet-ime/515ee8393a35855dd0afbec2f255c4e303ff92cdf606f6b59b9d23f5ec53f218
Carteiras selecionadas,SUMUP SOLO,SUMUP SOLO,45598747000121,06/2026,Rentabilidade SR % a.m.,1.02,%,Visão Executiva canônica; cache IME local 515ee8393a35855dd0afbec2f255c4e303ff92cdf606f6b59b9d23f5ec53f218,.cache/fundonet-ime/515ee8393a35855dd0afbec2f255c4e303ff92cdf606f6b59b9d23f5ec53f218
Carteiras selecionadas,SUMUP SOLO,SUMUP SOLO,45598747000121,05/2026,Rentabilidade SR % a.m.,0.9900000000000001,%,Visão Executiva canônica; cache IME local 515ee8393a35855dd0afbec2f255c4e303ff92cdf606f6b59b9d23f5ec53f218,.cache/fundonet-ime/515ee8393a35855dd0afbec2f255c4e303ff92cdf606f6b59b9d23f5ec53f218
Carteiras selecionadas,SUMUP SOLO,SUMUP SOLO,45598747000121,04/2026,Rentabilidade SR % a.m.,1.06,%,Visão Executiva canônica; cache IME local 515ee8393a35855dd0afbec2f255c4e303ff92cdf606f6b59b9d23f5ec53f218,.cache/fundonet-ime/515ee8393a35855dd0afbec2f255c4e303ff92cdf606f6b59b9d23f5ec53f218
Carteiras selecionadas,SUMUP SOLO,SUMUP SOLO,45598747000121,03/2026,Rentabilidade SR % a.m.,1.18,%,Visão Executiva canônica; cache IME local 515ee8393a35855dd0afbec2f255c4e303ff92cdf606f6b59b9d23f5ec53f218,.cache/fundonet-ime/515ee8393a35855dd0afbec2f255c4e303ff92cdf606f6b59b9d23f5ec53f218
Carteiras selecionadas,SUMUP SOLO,SUMUP SOLO,45598747000121,02/2026,Rentabilidade SR % a.m.,0.96,%,Visão Executiva canônica; cache IME local 515ee8393a35855dd0afbec2f255c4e303ff92cdf606f6b59b9d23f5ec53f218,.cache/fundonet-ime/515ee8393a35855dd0afbec2f255c4e303ff92cdf606f6b59b9d23f5ec53f218
Carteiras selecionadas,SUMUP SOLO,SUMUP SOLO,45598747000121,01/2026,Rentabilidade SR % a.m.,1.13,%,Visão Executiva canônica; cache IME local 515ee8393a35855dd0afbec2f255c4e303ff92cdf606f6b59b9d23f5ec53f218,.cache/fundonet-ime/515ee8393a35855dd0afbec2f255c4e303ff92cdf606f6b59b9d23f5ec53f218
Carteiras selecionadas,SUMUP SOLO,SUMUP SOLO,45598747000121,12/2025,Rentabilidade SR % a.m.,1.18,%,Visão Executiva canônica; cache IME local 515ee8393a35855dd0afbec2f255c4e303ff92cdf606f6b59b9d23f5ec53f218,.cache/fundonet-ime/515ee8393a35855dd0afbec2f255c4e303ff92cdf606f6b59b9d23f5ec53f218
Carteiras selecionadas,SUMUP SOLO,SUMUP SOLO,45598747000121,10/2025,Rentabilidade SR % a.m.,1.34,%,Visão Executiva canônica; cache IME local 515ee8393a35855dd0afbec2f255c4e303ff92cdf606f6b59b9d23f5ec53f218,.cache/fundonet-ime/515ee8393a35855dd0afbec2f255c4e303ff92cdf606f6b59b9d23f5ec53f218
Carteiras selecionadas,SUMUP SOLO,SUMUP SOLO,45598747000121,09/2025,Rentabilidade SR % a.m.,1.28,%,Visão Executiva canônica; cache IME local 515ee8393a35855dd0afbec2f255c4e303ff92cdf606f6b59b9d23f5ec53f218,.cache/fundonet-ime/515ee8393a35855dd0afbec2f255c4e303ff92cdf606f6b59b9d23f5ec53f218
Carteiras selecionadas,SUMUP SOLO,SUMUP SOLO,45598747000121,08/2025,Rentabilidade SR % a.m.,1.22,%,Visão Executiva canônica; cache IME local 515ee8393a35855dd0afbec2f255c4e303ff92cdf606f6b59b9d23f5ec53f218,.cache/fundonet-ime/515ee8393a35855dd0afbec2f255c4e303ff92cdf606f6b59b9d23f5ec53f218
Carteiras selecionadas,SUMUP SOLO,SUMUP SOLO,45598747000121,07/2025,Rentabilidade SR % a.m.,1.34,%,Visão Executiva canônica; cache IME local 515ee8393a35855dd0afbec2f255c4e303ff92cdf606f6b59b9d23f5ec53f218,.cache/fundonet-ime/515ee8393a35855dd0afbec2f255c4e303ff92cdf606f6b59b9d23f5ec53f218
Carteiras selecionadas,SUMUP SOLO,SUMUP SOLO,45598747000121,06/2025,Rentabilidade SR % a.m.,1.15,%,Visão Executiva canônica; cache IME local 515ee8393a35855dd0afbec2f255c4e303ff92cdf606f6b59b9d23f5ec53f218,.cache/fundonet-ime/515ee8393a35855dd0afbec2f255c4e303ff92cdf606f6b59b9d23f5ec53f218
Carteiras selecionadas,SUMUP SOLO,SUMUP SOLO,45598747000121,05/2025,Rentabilidade SR % a.m.,1.19,%,Visão Executiva canônica; cache IME local 515ee8393a35855dd0afbec2f255c4e303ff92cdf606f6b59b9d23f5ec53f218,.cache/fundonet-ime/515ee8393a35855dd0afbec2f255c4e303ff92cdf606f6b59b9d23f5ec53f218
Carteiras selecionadas,SUMUP SOLO,SUMUP SOLO,45598747000121,04/2025,Rentabilidade SR % a.m.,0.043608575740776395,%,Visão Executiva canônica; cache IME local 515ee8393a35855dd0afbec2f255c4e303ff92cdf606f6b59b9d23f5ec53f218,.cache/fundonet-ime/515ee8393a35855dd0afbec2f255c4e303ff92cdf606f6b59b9d23f5ec53f218
Carteiras selecionadas,SUMUP SOLO,SUMUP SOLO,45598747000121,03/2025,Rentabilidade SR % a.m.,0.37,%,Visão Executiva canônica; cache IME local 515ee8393a35855dd0afbec2f255c4e303ff92cdf606f6b59b9d23f5ec53f218,.cache/fundonet-ime/515ee8393a35855dd0afbec2f255c4e303ff92cdf606f6b59b9d23f5ec53f218
Carteiras selecionadas,SUMUP SOLO,SUMUP SOLO,45598747000121,02/2025,Rentabilidade SR % a.m.,0.56,%,Visão Executiva canônica; cache IME local 515ee8393a35855dd0afbec2f255c4e303ff92cdf606f6b59b9d23f5ec53f218,.cache/fundonet-ime/515ee8393a35855dd0afbec2f255c4e303ff92cdf606f6b59b9d23f5ec53f218
Carteiras selecionadas,SUMUP SOLO,SUMUP SOLO,45598747000121,01/2025,Rentabilidade SR % a.m.,0.72,%,Visão Executiva canônica; cache IME local 515ee8393a35855dd0afbec2f255c4e303ff92cdf606f6b59b9d23f5ec53f218,.cache/fundonet-ime/515ee8393a35855dd0afbec2f255c4e303ff92cdf606f6b59b9d23f5ec53f218
Carteiras selecionadas,SUMUP SOLO,SUMUP SOLO,45598747000121,06/2026,Rentabilidade Sub % a.m.,17.64,%,Visão Executiva canônica; cache IME local 515ee8393a35855dd0afbec2f255c4e303ff92cdf606f6b59b9d23f5ec53f218,.cache/fundonet-ime/515ee8393a35855dd0afbec2f255c4e303ff92cdf606f6b59b9d23f5ec53f218
Carteiras selecionadas,SUMUP SOLO,SUMUP SOLO,45598747000121,05/2026,Rentabilidade Sub % a.m.,1.05,%,Visão Executiva canônica; cache IME local 515ee8393a35855dd0afbec2f255c4e303ff92cdf606f6b59b9d23f5ec53f218,.cache/fundonet-ime/515ee8393a35855dd0afbec2f255c4e303ff92cdf606f6b59b9d23f5ec53f218
Carteiras selecionadas,SUMUP SOLO,SUMUP SOLO,45598747000121,04/2026,Rentabilidade Sub % a.m.,1.02,%,Visão Executiva canônica; cache IME local 515ee8393a35855dd0afbec2f255c4e303ff92cdf606f6b59b9d23f5ec53f218,.cache/fundonet-ime/515ee8393a35855dd0afbec2f255c4e303ff92cdf606f6b59b9d23f5ec53f218
Carteiras selecionadas,SUMUP SOLO,SUMUP SOLO,45598747000121,03/2026,Rentabilidade Sub % a.m.,1.12,%,Visão Executiva canônica; cache IME local 515ee8393a35855dd0afbec2f255c4e303ff92cdf606f6b59b9d23f5ec53f218,.cache/fundonet-ime/515ee8393a35855dd0afbec2f255c4e303ff92cdf606f6b59b9d23f5ec53f218
Carteiras selecionadas,SUMUP SOLO,SUMUP SOLO,45598747000121,02/2026,Rentabilidade Sub % a.m.,0.8,%,Visão Executiva canônica; cache IME local 515ee8393a35855dd0afbec2f255c4e303ff92cdf606f6b59b9d23f5ec53f218,.cache/fundonet-ime/515ee8393a35855dd0afbec2f255c4e303ff92cdf606f6b59b9d23f5ec53f218
Carteiras selecionadas,SUMUP SOLO,SUMUP SOLO,45598747000121,01/2026,Rentabilidade Sub % a.m.,1.07,%,Visão Executiva canônica; cache IME local 515ee8393a35855dd0afbec2f255c4e303ff92cdf606f6b59b9d23f5ec53f218,.cache/fundonet-ime/515ee8393a35855dd0afbec2f255c4e303ff92cdf606f6b59b9d23f5ec53f218
Carteiras selecionadas,SUMUP SOLO,SUMUP SOLO,45598747000121,12/2025,Rentabilidade Sub % a.m.,0.9600000000000001,%,Visão Executiva canônica; cache IME local 515ee8393a35855dd0afbec2f255c4e303ff92cdf606f6b59b9d23f5ec53f218,.cache/fundonet-ime/515ee8393a35855dd0afbec2f255c4e303ff92cdf606f6b59b9d23f5ec53f218
Carteiras selecionadas,SUMUP SOLO,SUMUP SOLO,45598747000121,10/2025,Rentabilidade Sub % a.m.,2.12,%,Visão Executiva canônica; cache IME local 515ee8393a35855dd0afbec2f255c4e303ff92cdf606f6b59b9d23f5ec53f218,.cache/fundonet-ime/515ee8393a35855dd0afbec2f255c4e303ff92cdf606f6b59b9d23f5ec53f218
Carteiras selecionadas,SUMUP SOLO,SUMUP SOLO,45598747000121,09/2025,Rentabilidade Sub % a.m.,2.27,%,Visão Executiva canônica; cache IME local 515ee8393a35855dd0afbec2f255c4e303ff92cdf606f6b59b9d23f5ec53f218,.cache/fundonet-ime/515ee8393a35855dd0afbec2f255c4e303ff92cdf606f6b59b9d23f5ec53f218
Carteiras selecionadas,SUMUP SOLO,SUMUP SOLO,45598747000121,08/2025,Rentabilidade Sub % a.m.,2.8,%,Visão Executiva canônica; cache IME local 515ee8393a35855dd0afbec2f255c4e303ff92cdf606f6b59b9d23f5ec53f218,.cache/fundonet-ime/515ee8393a35855dd0afbec2f255c4e303ff92cdf606f6b59b9d23f5ec53f218
Carteiras selecionadas,SUMUP SOLO,SUMUP SOLO,45598747000121,07/2025,Rentabilidade Sub % a.m.,1.7799999999999998,%,Visão Executiva canônica; cache IME local 515ee8393a35855dd0afbec2f255c4e303ff92cdf606f6b59b9d23f5ec53f218,.cache/fundonet-ime/515ee8393a35855dd0afbec2f255c4e303ff92cdf606f6b59b9d23f5ec53f218
Carteiras selecionadas,SUMUP SOLO,SUMUP SOLO,45598747000121,06/2025,Rentabilidade Sub % a.m.,2.13,%,Visão Executiva canônica; cache IME local 515ee8393a35855dd0afbec2f255c4e303ff92cdf606f6b59b9d23f5ec53f218,.cache/fundonet-ime/515ee8393a35855dd0afbec2f255c4e303ff92cdf606f6b59b9d23f5ec53f218
Carteiras selecionadas,SUMUP SOLO,SUMUP SOLO,45598747000121,05/2025,Rentabilidade Sub % a.m.,1.94,%,Visão Executiva canônica; cache IME local 515ee8393a35855dd0afbec2f255c4e303ff92cdf606f6b59b9d23f5ec53f218,.cache/fundonet-ime/515ee8393a35855dd0afbec2f255c4e303ff92cdf606f6b59b9d23f5ec53f218
Carteiras selecionadas,SUMUP SOLO,SUMUP SOLO,45598747000121,04/2025,Rentabilidade Sub % a.m.,-0.02,%,Visão Executiva canônica; cache IME local 515ee8393a35855dd0afbec2f255c4e303ff92cdf606f6b59b9d23f5ec53f218,.cache/fundonet-ime/515ee8393a35855dd0afbec2f255c4e303ff92cdf606f6b59b9d23f5ec53f218
Carteiras selecionadas,SUMUP SOLO,SUMUP SOLO,45598747000121,03/2025,Rentabilidade Sub % a.m.,0.63,%,Visão Executiva canônica; cache IME local 515ee8393a35855dd0afbec2f255c4e303ff92cdf606f6b59b9d23f5ec53f218,.cache/fundonet-ime/515ee8393a35855dd0afbec2f255c4e303ff92cdf606f6b59b9d23f5ec53f218
Carteiras selecionadas,SUMUP SOLO,SUMUP SOLO,45598747000121,02/2025,Rentabilidade Sub % a.m.,0.93,%,Visão Executiva canônica; cache IME local 515ee8393a35855dd0afbec2f255c4e303ff92cdf606f6b59b9d23f5ec53f218,.cache/fundonet-ime/515ee8393a35855dd0afbec2f255c4e303ff92cdf606f6b59b9d23f5ec53f218
Carteiras selecionadas,SUMUP SOLO,SUMUP SOLO,45598747000121,01/2025,Rentabilidade Sub % a.m.,1.37,%,Visão Executiva canônica; cache IME local 515ee8393a35855dd0afbec2f255c4e303ff92cdf606f6b59b9d23f5ec53f218,.cache/fundonet-ime/515ee8393a35855dd0afbec2f255c4e303ff92cdf606f6b59b9d23f5ec53f218
Carteiras selecionadas,SUMUP SOLO,SUMUP SOLO,45598747000121,06/2026,Cotas MZ / PL %,0.0,%,Visão Executiva canônica; cache IME local 515ee8393a35855dd0afbec2f255c4e303ff92cdf606f6b59b9d23f5ec53f218,.cache/fundonet-ime/515ee8393a35855dd0afbec2f255c4e303ff92cdf606f6b59b9d23f5ec53f218
Carteiras selecionadas,SUMUP SOLO,SUMUP SOLO,45598747000121,05/2026,Cotas MZ / PL %,0.0,%,Visão Executiva canônica; cache IME local 515ee8393a35855dd0afbec2f255c4e303ff92cdf606f6b59b9d23f5ec53f218,.cache/fundonet-ime/515ee8393a35855dd0afbec2f255c4e303ff92cdf606f6b59b9d23f5ec53f218
Carteiras selecionadas,SUMUP SOLO,SUMUP SOLO,45598747000121,04/2026,Cotas MZ / PL %,0.0,%,Visão Executiva canônica; cache IME local 515ee8393a35855dd0afbec2f255c4e303ff92cdf606f6b59b9d23f5ec53f218,.cache/fundonet-ime/515ee8393a35855dd0afbec2f255c4e303ff92cdf606f6b59b9d23f5ec53f218
Carteiras selecionadas,SUMUP SOLO,SUMUP SOLO,45598747000121,03/2026,Cotas MZ / PL %,0.0,%,Visão Executiva canônica; cache IME local 515ee8393a35855dd0afbec2f255c4e303ff92cdf606f6b59b9d23f5ec53f218,.cache/fundonet-ime/515ee8393a35855dd0afbec2f255c4e303ff92cdf606f6b59b9d23f5ec53f218
Carteiras selecionadas,SUMUP SOLO,SUMUP SOLO,45598747000121,02/2026,Cotas MZ / PL %,0.0,%,Visão Executiva canônica; cache IME local 515ee8393a35855dd0afbec2f255c4e303ff92cdf606f6b59b9d23f5ec53f218,.cache/fundonet-ime/515ee8393a35855dd0afbec2f255c4e303ff92cdf606f6b59b9d23f5ec53f218
Carteiras selecionadas,SUMUP SOLO,SUMUP SOLO,45598747000121,01/2026,Cotas MZ / PL %,0.0,%,Visão Executiva canônica; cache IME local 515ee8393a35855dd0afbec2f255c4e303ff92cdf606f6b59b9d23f5ec53f218,.cache/fundonet-ime/515ee8393a35855dd0afbec2f255c4e303ff92cdf606f6b59b9d23f5ec53f218
Carteiras selecionadas,SUMUP SOLO,SUMUP SOLO,45598747000121,12/2025,Cotas MZ / PL %,0.0,%,Visão Executiva canônica; cache IME local 515ee8393a35855dd0afbec2f255c4e303ff92cdf606f6b59b9d23f5ec53f218,.cache/fundonet-ime/515ee8393a35855dd0afbec2f255c4e303ff92cdf606f6b59b9d23f5ec53f218
Carteiras selecionadas,SUMUP SOLO,SUMUP SOLO,45598747000121,10/2025,Cotas MZ / PL %,0.0,%,Visão Executiva canônica; cache IME local 515ee8393a35855dd0afbec2f255c4e303ff92cdf606f6b59b9d23f5ec53f218,.cache/fundonet-ime/515ee8393a35855dd0afbec2f255c4e303ff92cdf606f6b59b9d23f5ec53f218
Carteiras selecionadas,SUMUP SOLO,SUMUP SOLO,45598747000121,09/2025,Cotas MZ / PL %,0.0,%,Visão Executiva canônica; cache IME local 515ee8393a35855dd0afbec2f255c4e303ff92cdf606f6b59b9d23f5ec53f218,.cache/fundonet-ime/515ee8393a35855dd0afbec2f255c4e303ff92cdf606f6b59b9d23f5ec53f218
Carteiras selecionadas,SUMUP SOLO,SUMUP SOLO,45598747000121,08/2025,Cotas MZ / PL %,0.0,%,Visão Executiva canônica; cache IME local 515ee8393a35855dd0afbec2f255c4e303ff92cdf606f6b59b9d23f5ec53f218,.cache/fundonet-ime/515ee8393a35855dd0afbec2f255c4e303ff92cdf606f6b59b9d23f5ec53f218
Carteiras selecionadas,SUMUP SOLO,SUMUP SOLO,45598747000121,07/2025,Cotas MZ / PL %,0.0,%,Visão Executiva canônica; cache IME local 515ee8393a35855dd0afbec2f255c4e303ff92cdf606f6b59b9d23f5ec53f218,.cache/fundonet-ime/515ee8393a35855dd0afbec2f255c4e303ff92cdf606f6b59b9d23f5ec53f218
Carteiras selecionadas,SUMUP SOLO,SUMUP SOLO,45598747000121,06/2025,Cotas MZ / PL %,0.0,%,Visão Executiva canônica; cache IME local 515ee8393a35855dd0afbec2f255c4e303ff92cdf606f6b59b9d23f5ec53f218,.cache/fundonet-ime/515ee8393a35855dd0afbec2f255c4e303ff92cdf606f6b59b9d23f5ec53f218
Carteiras selecionadas,SUMUP SOLO,SUMUP SOLO,45598747000121,05/2025,Cotas MZ / PL %,0.0,%,Visão Executiva canônica; cache IME local 515ee8393a35855dd0afbec2f255c4e303ff92cdf606f6b59b9d23f5ec53f218,.cache/fundonet-ime/515ee8393a35855dd0afbec2f255c4e303ff92cdf606f6b59b9d23f5ec53f218
Carteiras selecionadas,SUMUP SOLO,SUMUP SOLO,45598747000121,04/2025,Cotas MZ / PL %,0.0,%,Visão Executiva canônica; cache IME local 515ee8393a35855dd0afbec2f255c4e303ff92cdf606f6b59b9d23f5ec53f218,.cache/fundonet-ime/515ee8393a35855dd0afbec2f255c4e303ff92cdf606f6b59b9d23f5ec53f218
Carteiras selecionadas,SUMUP SOLO,SUMUP SOLO,45598747000121,03/2025,Cotas MZ / PL %,0.0,%,Visão Executiva canônica; cache IME local 515ee8393a35855dd0afbec2f255c4e303ff92cdf606f6b59b9d23f5ec53f218,.cache/fundonet-ime/515ee8393a35855dd0afbec2f255c4e303ff92cdf606f6b59b9d23f5ec53f218
Carteiras selecionadas,SUMUP SOLO,SUMUP SOLO,45598747000121,02/2025,Cotas MZ / PL %,0.0,%,Visão Executiva canônica; cache IME local 515ee8393a35855dd0afbec2f255c4e303ff92cdf606f6b59b9d23f5ec53f218,.cache/fundonet-ime/515ee8393a35855dd0afbec2f255c4e303ff92cdf606f6b59b9d23f5ec53f218
Carteiras selecionadas,SUMUP SOLO,SUMUP SOLO,45598747000121,01/2025,Cotas MZ / PL %,0.0,%,Visão Executiva canônica; cache IME local 515ee8393a35855dd0afbec2f255c4e303ff92cdf606f6b59b9d23f5ec53f218,.cache/fundonet-ime/515ee8393a35855dd0afbec2f255c4e303ff92cdf606f6b59b9d23f5ec53f218
Carteiras selecionadas,SUMUP SMART I,SUMUP SMART I,62626409000175,06/2026,PL (R$),459711342.54,R$ bruto,Visão Executiva canônica; cache IME local aa51fc0a123507c5b2ae24bd9ad54ae26ac464202a5f5d42c65f39e8a4b3ab36,.cache/fundonet-ime/aa51fc0a123507c5b2ae24bd9ad54ae26ac464202a5f5d42c65f39e8a4b3ab36
Carteiras selecionadas,SUMUP SMART I,SUMUP SMART I,62626409000175,05/2026,PL (R$),459022537.68,R$ bruto,Visão Executiva canônica; cache IME local aa51fc0a123507c5b2ae24bd9ad54ae26ac464202a5f5d42c65f39e8a4b3ab36,.cache/fundonet-ime/aa51fc0a123507c5b2ae24bd9ad54ae26ac464202a5f5d42c65f39e8a4b3ab36
Carteiras selecionadas,SUMUP SMART I,SUMUP SMART I,62626409000175,04/2026,PL (R$),457649412.92,R$ bruto,Visão Executiva canônica; cache IME local aa51fc0a123507c5b2ae24bd9ad54ae26ac464202a5f5d42c65f39e8a4b3ab36,.cache/fundonet-ime/aa51fc0a123507c5b2ae24bd9ad54ae26ac464202a5f5d42c65f39e8a4b3ab36
Carteiras selecionadas,SUMUP SMART I,SUMUP SMART I,62626409000175,03/2026,PL (R$),457282384.78,R$ bruto,Visão Executiva canônica; cache IME local aa51fc0a123507c5b2ae24bd9ad54ae26ac464202a5f5d42c65f39e8a4b3ab36,.cache/fundonet-ime/aa51fc0a123507c5b2ae24bd9ad54ae26ac464202a5f5d42c65f39e8a4b3ab36
Carteiras selecionadas,SUMUP SMART I,SUMUP SMART I,62626409000175,02/2026,PL (R$),455374383.71,R$ bruto,Visão Executiva canônica; cache IME local aa51fc0a123507c5b2ae24bd9ad54ae26ac464202a5f5d42c65f39e8a4b3ab36,.cache/fundonet-ime/aa51fc0a123507c5b2ae24bd9ad54ae26ac464202a5f5d42c65f39e8a4b3ab36
Carteiras selecionadas,SUMUP SMART I,SUMUP SMART I,62626409000175,01/2026,PL (R$),455677295.07,R$ bruto,Visão Executiva canônica; cache IME local aa51fc0a123507c5b2ae24bd9ad54ae26ac464202a5f5d42c65f39e8a4b3ab36,.cache/fundonet-ime/aa51fc0a123507c5b2ae24bd9ad54ae26ac464202a5f5d42c65f39e8a4b3ab36
Carteiras selecionadas,SUMUP SMART I,SUMUP SMART I,62626409000175,12/2025,PL (R$),454643047.89,R$ bruto,Visão Executiva canônica; cache IME local aa51fc0a123507c5b2ae24bd9ad54ae26ac464202a5f5d42c65f39e8a4b3ab36,.cache/fundonet-ime/aa51fc0a123507c5b2ae24bd9ad54ae26ac464202a5f5d42c65f39e8a4b3ab36
Carteiras selecionadas,SUMUP SMART I,SUMUP SMART I,62626409000175,11/2025,PL (R$),453680547.92,R$ bruto,Visão Executiva canônica; cache IME local aa51fc0a123507c5b2ae24bd9ad54ae26ac464202a5f5d42c65f39e8a4b3ab36,.cache/fundonet-ime/aa51fc0a123507c5b2ae24bd9ad54ae26ac464202a5f5d42c65f39e8a4b3ab36
Carteiras selecionadas,SUMUP SMART I,SUMUP SMART I,62626409000175,10/2025,PL (R$),452067239.49,R$ bruto,Visão Executiva canônica; cache IME local aa51fc0a123507c5b2ae24bd9ad54ae26ac464202a5f5d42c65f39e8a4b3ab36,.cache/fundonet-ime/aa51fc0a123507c5b2ae24bd9ad54ae26ac464202a5f5d42c65f39e8a4b3ab36
Carteiras selecionadas,SUMUP SMART I,SUMUP SMART I,62626409000175,06/2026,PL (R$ MM),459.71134254000003,R$ MM,Visão Executiva canônica; cache IME local aa51fc0a123507c5b2ae24bd9ad54ae26ac464202a5f5d42c65f39e8a4b3ab36,.cache/fundonet-ime/aa51fc0a123507c5b2ae24bd9ad54ae26ac464202a5f5d42c65f39e8a4b3ab36
Carteiras selecionadas,SUMUP SMART I,SUMUP SMART I,62626409000175,05/2026,PL (R$ MM),459.02253768,R$ MM,Visão Executiva canônica; cache IME local aa51fc0a123507c5b2ae24bd9ad54ae26ac464202a5f5d42c65f39e8a4b3ab36,.cache/fundonet-ime/aa51fc0a123507c5b2ae24bd9ad54ae26ac464202a5f5d42c65f39e8a4b3ab36
Carteiras selecionadas,SUMUP SMART I,SUMUP SMART I,62626409000175,04/2026,PL (R$ MM),457.64941292000003,R$ MM,Visão Executiva canônica; cache IME local aa51fc0a123507c5b2ae24bd9ad54ae26ac464202a5f5d42c65f39e8a4b3ab36,.cache/fundonet-ime/aa51fc0a123507c5b2ae24bd9ad54ae26ac464202a5f5d42c65f39e8a4b3ab36
Carteiras selecionadas,SUMUP SMART I,SUMUP SMART I,62626409000175,03/2026,PL (R$ MM),457.28238478,R$ MM,Visão Executiva canônica; cache IME local aa51fc0a123507c5b2ae24bd9ad54ae26ac464202a5f5d42c65f39e8a4b3ab36,.cache/fundonet-ime/aa51fc0a123507c5b2ae24bd9ad54ae26ac464202a5f5d42c65f39e8a4b3ab36
Carteiras selecionadas,SUMUP SMART I,SUMUP SMART I,62626409000175,02/2026,PL (R$ MM),455.37438370999996,R$ MM,Visão Executiva canônica; cache IME local aa51fc0a123507c5b2ae24bd9ad54ae26ac464202a5f5d42c65f39e8a4b3ab36,.cache/fundonet-ime/aa51fc0a123507c5b2ae24bd9ad54ae26ac464202a5f5d42c65f39e8a4b3ab36
Carteiras selecionadas,SUMUP SMART I,SUMUP SMART I,62626409000175,01/2026,PL (R$ MM),455.67729507,R$ MM,Visão Executiva canônica; cache IME local aa51fc0a123507c5b2ae24bd9ad54ae26ac464202a5f5d42c65f39e8a4b3ab36,.cache/fundonet-ime/aa51fc0a123507c5b2ae24bd9ad54ae26ac464202a5f5d42c65f39e8a4b3ab36
Carteiras selecionadas,SUMUP SMART I,SUMUP SMART I,62626409000175,12/2025,PL (R$ MM),454.64304789,R$ MM,Visão Executiva canônica; cache IME local aa51fc0a123507c5b2ae24bd9ad54ae26ac464202a5f5d42c65f39e8a4b3ab36,.cache/fundonet-ime/aa51fc0a123507c5b2ae24bd9ad54ae26ac464202a5f5d42c65f39e8a4b3ab36
Carteiras selecionadas,SUMUP SMART I,SUMUP SMART I,62626409000175,11/2025,PL (R$ MM),453.68054792000004,R$ MM,Visão Executiva canônica; cache IME local aa51fc0a123507c5b2ae24bd9ad54ae26ac464202a5f5d42c65f39e8a4b3ab36,.cache/fundonet-ime/aa51fc0a123507c5b2ae24bd9ad54ae26ac464202a5f5d42c65f39e8a4b3ab36
Carteiras selecionadas,SUMUP SMART I,SUMUP SMART I,62626409000175,10/2025,PL (R$ MM),452.06723949,R$ MM,Visão Executiva canônica; cache IME local aa51fc0a123507c5b2ae24bd9ad54ae26ac464202a5f5d42c65f39e8a4b3ab36,.cache/fundonet-ime/aa51fc0a123507c5b2ae24bd9ad54ae26ac464202a5f5d42c65f39e8a4b3ab36
Carteiras selecionadas,SUMUP SMART I,SUMUP SMART I,62626409000175,06/2026,Dir Cred (R$ MM),454.39687182,R$ MM,Visão Executiva canônica; cache IME local aa51fc0a123507c5b2ae24bd9ad54ae26ac464202a5f5d42c65f39e8a4b3ab36,.cache/fundonet-ime/aa51fc0a123507c5b2ae24bd9ad54ae26ac464202a5f5d42c65f39e8a4b3ab36
Carteiras selecionadas,SUMUP SMART I,SUMUP SMART I,62626409000175,05/2026,Dir Cred (R$ MM),452.94583565999994,R$ MM,Visão Executiva canônica; cache IME local aa51fc0a123507c5b2ae24bd9ad54ae26ac464202a5f5d42c65f39e8a4b3ab36,.cache/fundonet-ime/aa51fc0a123507c5b2ae24bd9ad54ae26ac464202a5f5d42c65f39e8a4b3ab36
Carteiras selecionadas,SUMUP SMART I,SUMUP SMART I,62626409000175,04/2026,Dir Cred (R$ MM),456.07979918,R$ MM,Visão Executiva canônica; cache IME local aa51fc0a123507c5b2ae24bd9ad54ae26ac464202a5f5d42c65f39e8a4b3ab36,.cache/fundonet-ime/aa51fc0a123507c5b2ae24bd9ad54ae26ac464202a5f5d42c65f39e8a4b3ab36
Carteiras selecionadas,SUMUP SMART I,SUMUP SMART I,62626409000175,03/2026,Dir Cred (R$ MM),452.26601308,R$ MM,Visão Executiva canônica; cache IME local aa51fc0a123507c5b2ae24bd9ad54ae26ac464202a5f5d42c65f39e8a4b3ab36,.cache/fundonet-ime/aa51fc0a123507c5b2ae24bd9ad54ae26ac464202a5f5d42c65f39e8a4b3ab36
Carteiras selecionadas,SUMUP SMART I,SUMUP SMART I,62626409000175,02/2026,Dir Cred (R$ MM),448.97341508999995,R$ MM,Visão Executiva canônica; cache IME local aa51fc0a123507c5b2ae24bd9ad54ae26ac464202a5f5d42c65f39e8a4b3ab36,.cache/fundonet-ime/aa51fc0a123507c5b2ae24bd9ad54ae26ac464202a5f5d42c65f39e8a4b3ab36
Carteiras selecionadas,SUMUP SMART I,SUMUP SMART I,62626409000175,01/2026,Dir Cred (R$ MM),448.36228739999996,R$ MM,Visão Executiva canônica; cache IME local aa51fc0a123507c5b2ae24bd9ad54ae26ac464202a5f5d42c65f39e8a4b3ab36,.cache/fundonet-ime/aa51fc0a123507c5b2ae24bd9ad54ae26ac464202a5f5d42c65f39e8a4b3ab36
Carteiras selecionadas,SUMUP SMART I,SUMUP SMART I,62626409000175,12/2025,Dir Cred (R$ MM),425.11106309,R$ MM,Visão Executiva canônica; cache IME local aa51fc0a123507c5b2ae24bd9ad54ae26ac464202a5f5d42c65f39e8a4b3ab36,.cache/fundonet-ime/aa51fc0a123507c5b2ae24bd9ad54ae26ac464202a5f5d42c65f39e8a4b3ab36
Carteiras selecionadas,SUMUP SMART I,SUMUP SMART I,62626409000175,11/2025,Dir Cred (R$ MM),411.42799464,R$ MM,Visão Executiva canônica; cache IME local aa51fc0a123507c5b2ae24bd9ad54ae26ac464202a5f5d42c65f39e8a4b3ab36,.cache/fundonet-ime/aa51fc0a123507c5b2ae24bd9ad54ae26ac464202a5f5d42c65f39e8a4b3ab36
Carteiras selecionadas,SUMUP SMART I,SUMUP SMART I,62626409000175,10/2025,Dir Cred (R$ MM),337.07938594999996,R$ MM,Visão Executiva canônica; cache IME local aa51fc0a123507c5b2ae24bd9ad54ae26ac464202a5f5d42c65f39e8a4b3ab36,.cache/fundonet-ime/aa51fc0a123507c5b2ae24bd9ad54ae26ac464202a5f5d42c65f39e8a4b3ab36
Carteiras selecionadas,SUMUP SMART I,SUMUP SMART I,62626409000175,06/2026,Dir Cred / PL,0.9884395484117566,ratio,Visão Executiva canônica; cache IME local aa51fc0a123507c5b2ae24bd9ad54ae26ac464202a5f5d42c65f39e8a4b3ab36,.cache/fundonet-ime/aa51fc0a123507c5b2ae24bd9ad54ae26ac464202a5f5d42c65f39e8a4b3ab36
Carteiras selecionadas,SUMUP SMART I,SUMUP SMART I,62626409000175,05/2026,Dir Cred / PL,0.9867616478033671,ratio,Visão Executiva canônica; cache IME local aa51fc0a123507c5b2ae24bd9ad54ae26ac464202a5f5d42c65f39e8a4b3ab36,.cache/fundonet-ime/aa51fc0a123507c5b2ae24bd9ad54ae26ac464202a5f5d42c65f39e8a4b3ab36
Carteiras selecionadas,SUMUP SMART I,SUMUP SMART I,62626409000175,04/2026,Dir Cred / PL,0.9965702703954427,ratio,Visão Executiva canônica; cache IME local aa51fc0a123507c5b2ae24bd9ad54ae26ac464202a5f5d42c65f39e8a4b3ab36,.cache/fundonet-ime/aa51fc0a123507c5b2ae24bd9ad54ae26ac464202a5f5d42c65f39e8a4b3ab36
Carteiras selecionadas,SUMUP SMART I,SUMUP SMART I,62626409000175,03/2026,Dir Cred / PL,0.9890300351227975,ratio,Visão Executiva canônica; cache IME local aa51fc0a123507c5b2ae24bd9ad54ae26ac464202a5f5d42c65f39e8a4b3ab36,.cache/fundonet-ime/aa51fc0a123507c5b2ae24bd9ad54ae26ac464202a5f5d42c65f39e8a4b3ab36
Carteiras selecionadas,SUMUP SMART I,SUMUP SMART I,62626409000175,02/2026,Dir Cred / PL,0.985943503084538,ratio,Visão Executiva canônica; cache IME local aa51fc0a123507c5b2ae24bd9ad54ae26ac464202a5f5d42c65f39e8a4b3ab36,.cache/fundonet-ime/aa51fc0a123507c5b2ae24bd9ad54ae26ac464202a5f5d42c65f39e8a4b3ab36
Carteiras selecionadas,SUMUP SMART I,SUMUP SMART I,62626409000175,01/2026,Dir Cred / PL,0.9839469559946447,ratio,Visão Executiva canônica; cache IME local aa51fc0a123507c5b2ae24bd9ad54ae26ac464202a5f5d42c65f39e8a4b3ab36,.cache/fundonet-ime/aa51fc0a123507c5b2ae24bd9ad54ae26ac464202a5f5d42c65f39e8a4b3ab36
Carteiras selecionadas,SUMUP SMART I,SUMUP SMART I,62626409000175,12/2025,Dir Cred / PL,0.9350435799314253,ratio,Visão Executiva canônica; cache IME local aa51fc0a123507c5b2ae24bd9ad54ae26ac464202a5f5d42c65f39e8a4b3ab36,.cache/fundonet-ime/aa51fc0a123507c5b2ae24bd9ad54ae26ac464202a5f5d42c65f39e8a4b3ab36
Carteiras selecionadas,SUMUP SMART I,SUMUP SMART I,62626409000175,11/2025,Dir Cred / PL,0.9068671701404958,ratio,Visão Executiva canônica; cache IME local aa51fc0a123507c5b2ae24bd9ad54ae26ac464202a5f5d42c65f39e8a4b3ab36,.cache/fundonet-ime/aa51fc0a123507c5b2ae24bd9ad54ae26ac464202a5f5d42c65f39e8a4b3ab36
Carteiras selecionadas,SUMUP SMART I,SUMUP SMART I,62626409000175,10/2025,Dir Cred / PL,0.7456399325248083,ratio,Visão Executiva canônica; cache IME local aa51fc0a123507c5b2ae24bd9ad54ae26ac464202a5f5d42c65f39e8a4b3ab36,.cache/fundonet-ime/aa51fc0a123507c5b2ae24bd9ad54ae26ac464202a5f5d42c65f39e8a4b3ab36
Carteiras selecionadas,SUMUP SMART I,SUMUP SMART I,62626409000175,06/2026,Vencidos <= 90 d (R$ MM),0.0,R$ MM,Visão Executiva canônica; cache IME local aa51fc0a123507c5b2ae24bd9ad54ae26ac464202a5f5d42c65f39e8a4b3ab36,.cache/fundonet-ime/aa51fc0a123507c5b2ae24bd9ad54ae26ac464202a5f5d42c65f39e8a4b3ab36
Carteiras selecionadas,SUMUP SMART I,SUMUP SMART I,62626409000175,05/2026,Vencidos <= 90 d (R$ MM),0.0,R$ MM,Visão Executiva canônica; cache IME local aa51fc0a123507c5b2ae24bd9ad54ae26ac464202a5f5d42c65f39e8a4b3ab36,.cache/fundonet-ime/aa51fc0a123507c5b2ae24bd9ad54ae26ac464202a5f5d42c65f39e8a4b3ab36
Carteiras selecionadas,SUMUP SMART I,SUMUP SMART I,62626409000175,04/2026,Vencidos <= 90 d (R$ MM),0.0,R$ MM,Visão Executiva canônica; cache IME local aa51fc0a123507c5b2ae24bd9ad54ae26ac464202a5f5d42c65f39e8a4b3ab36,.cache/fundonet-ime/aa51fc0a123507c5b2ae24bd9ad54ae26ac464202a5f5d42c65f39e8a4b3ab36
Carteiras selecionadas,SUMUP SMART I,SUMUP SMART I,62626409000175,03/2026,Vencidos <= 90 d (R$ MM),0.0,R$ MM,Visão Executiva canônica; cache IME local aa51fc0a123507c5b2ae24bd9ad54ae26ac464202a5f5d42c65f39e8a4b3ab36,.cache/fundonet-ime/aa51fc0a123507c5b2ae24bd9ad54ae26ac464202a5f5d42c65f39e8a4b3ab36
Carteiras selecionadas,SUMUP SMART I,SUMUP SMART I,62626409000175,02/2026,Vencidos <= 90 d (R$ MM),0.0,R$ MM,Visão Executiva canônica; cache IME local aa51fc0a123507c5b2ae24bd9ad54ae26ac464202a5f5d42c65f39e8a4b3ab36,.cache/fundonet-ime/aa51fc0a123507c5b2ae24bd9ad54ae26ac464202a5f5d42c65f39e8a4b3ab36
Carteiras selecionadas,SUMUP SMART I,SUMUP SMART I,62626409000175,01/2026,Vencidos <= 90 d (R$ MM),0.0,R$ MM,Visão Executiva canônica; cache IME local aa51fc0a123507c5b2ae24bd9ad54ae26ac464202a5f5d42c65f39e8a4b3ab36,.cache/fundonet-ime/aa51fc0a123507c5b2ae24bd9ad54ae26ac464202a5f5d42c65f39e8a4b3ab36
Carteiras selecionadas,SUMUP SMART I,SUMUP SMART I,62626409000175,12/2025,Vencidos <= 90 d (R$ MM),0.0,R$ MM,Visão Executiva canônica; cache IME local aa51fc0a123507c5b2ae24bd9ad54ae26ac464202a5f5d42c65f39e8a4b3ab36,.cache/fundonet-ime/aa51fc0a123507c5b2ae24bd9ad54ae26ac464202a5f5d42c65f39e8a4b3ab36
Carteiras selecionadas,SUMUP SMART I,SUMUP SMART I,62626409000175,11/2025,Vencidos <= 90 d (R$ MM),0.0,R$ MM,Visão Executiva canônica; cache IME local aa51fc0a123507c5b2ae24bd9ad54ae26ac464202a5f5d42c65f39e8a4b3ab36,.cache/fundonet-ime/aa51fc0a123507c5b2ae24bd9ad54ae26ac464202a5f5d42c65f39e8a4b3ab36
Carteiras selecionadas,SUMUP SMART I,SUMUP SMART I,62626409000175,10/2025,Vencidos <= 90 d (R$ MM),0.0,R$ MM,Visão Executiva canônica; cache IME local aa51fc0a123507c5b2ae24bd9ad54ae26ac464202a5f5d42c65f39e8a4b3ab36,.cache/fundonet-ime/aa51fc0a123507c5b2ae24bd9ad54ae26ac464202a5f5d42c65f39e8a4b3ab36
Carteiras selecionadas,SUMUP SMART I,SUMUP SMART I,62626409000175,06/2026,Vencidos > 90 d (R$ MM),0.0,R$ MM,Visão Executiva canônica; cache IME local aa51fc0a123507c5b2ae24bd9ad54ae26ac464202a5f5d42c65f39e8a4b3ab36,.cache/fundonet-ime/aa51fc0a123507c5b2ae24bd9ad54ae26ac464202a5f5d42c65f39e8a4b3ab36
Carteiras selecionadas,SUMUP SMART I,SUMUP SMART I,62626409000175,05/2026,Vencidos > 90 d (R$ MM),0.0,R$ MM,Visão Executiva canônica; cache IME local aa51fc0a123507c5b2ae24bd9ad54ae26ac464202a5f5d42c65f39e8a4b3ab36,.cache/fundonet-ime/aa51fc0a123507c5b2ae24bd9ad54ae26ac464202a5f5d42c65f39e8a4b3ab36
Carteiras selecionadas,SUMUP SMART I,SUMUP SMART I,62626409000175,04/2026,Vencidos > 90 d (R$ MM),0.0,R$ MM,Visão Executiva canônica; cache IME local aa51fc0a123507c5b2ae24bd9ad54ae26ac464202a5f5d42c65f39e8a4b3ab36,.cache/fundonet-ime/aa51fc0a123507c5b2ae24bd9ad54ae26ac464202a5f5d42c65f39e8a4b3ab36
Carteiras selecionadas,SUMUP SMART I,SUMUP SMART I,62626409000175,03/2026,Vencidos > 90 d (R$ MM),0.0,R$ MM,Visão Executiva canônica; cache IME local aa51fc0a123507c5b2ae24bd9ad54ae26ac464202a5f5d42c65f39e8a4b3ab36,.cache/fundonet-ime/aa51fc0a123507c5b2ae24bd9ad54ae26ac464202a5f5d42c65f39e8a4b3ab36
Carteiras selecionadas,SUMUP SMART I,SUMUP SMART I,62626409000175,02/2026,Vencidos > 90 d (R$ MM),0.0,R$ MM,Visão Executiva canônica; cache IME local aa51fc0a123507c5b2ae24bd9ad54ae26ac464202a5f5d42c65f39e8a4b3ab36,.cache/fundonet-ime/aa51fc0a123507c5b2ae24bd9ad54ae26ac464202a5f5d42c65f39e8a4b3ab36
Carteiras selecionadas,SUMUP SMART I,SUMUP SMART I,62626409000175,01/2026,Vencidos > 90 d (R$ MM),0.0,R$ MM,Visão Executiva canônica; cache IME local aa51fc0a123507c5b2ae24bd9ad54ae26ac464202a5f5d42c65f39e8a4b3ab36,.cache/fundonet-ime/aa51fc0a123507c5b2ae24bd9ad54ae26ac464202a5f5d42c65f39e8a4b3ab36
Carteiras selecionadas,SUMUP SMART I,SUMUP SMART I,62626409000175,12/2025,Vencidos > 90 d (R$ MM),0.0,R$ MM,Visão Executiva canônica; cache IME local aa51fc0a123507c5b2ae24bd9ad54ae26ac464202a5f5d42c65f39e8a4b3ab36,.cache/fundonet-ime/aa51fc0a123507c5b2ae24bd9ad54ae26ac464202a5f5d42c65f39e8a4b3ab36
Carteiras selecionadas,SUMUP SMART I,SUMUP SMART I,62626409000175,11/2025,Vencidos > 90 d (R$ MM),0.0,R$ MM,Visão Executiva canônica; cache IME local aa51fc0a123507c5b2ae24bd9ad54ae26ac464202a5f5d42c65f39e8a4b3ab36,.cache/fundonet-ime/aa51fc0a123507c5b2ae24bd9ad54ae26ac464202a5f5d42c65f39e8a4b3ab36
Carteiras selecionadas,SUMUP SMART I,SUMUP SMART I,62626409000175,10/2025,Vencidos > 90 d (R$ MM),0.0,R$ MM,Visão Executiva canônica; cache IME local aa51fc0a123507c5b2ae24bd9ad54ae26ac464202a5f5d42c65f39e8a4b3ab36,.cache/fundonet-ime/aa51fc0a123507c5b2ae24bd9ad54ae26ac464202a5f5d42c65f39e8a4b3ab36
Carteiras selecionadas,SUMUP SMART I,SUMUP SMART I,62626409000175,06/2026,Vencidos Total (R$ MM),0.0,R$ MM,Visão Executiva canônica; cache IME local aa51fc0a123507c5b2ae24bd9ad54ae26ac464202a5f5d42c65f39e8a4b3ab36,.cache/fundonet-ime/aa51fc0a123507c5b2ae24bd9ad54ae26ac464202a5f5d42c65f39e8a4b3ab36
Carteiras selecionadas,SUMUP SMART I,SUMUP SMART I,62626409000175,05/2026,Vencidos Total (R$ MM),0.0,R$ MM,Visão Executiva canônica; cache IME local aa51fc0a123507c5b2ae24bd9ad54ae26ac464202a5f5d42c65f39e8a4b3ab36,.cache/fundonet-ime/aa51fc0a123507c5b2ae24bd9ad54ae26ac464202a5f5d42c65f39e8a4b3ab36
Carteiras selecionadas,SUMUP SMART I,SUMUP SMART I,62626409000175,04/2026,Vencidos Total (R$ MM),0.0,R$ MM,Visão Executiva canônica; cache IME local aa51fc0a123507c5b2ae24bd9ad54ae26ac464202a5f5d42c65f39e8a4b3ab36,.cache/fundonet-ime/aa51fc0a123507c5b2ae24bd9ad54ae26ac464202a5f5d42c65f39e8a4b3ab36
Carteiras selecionadas,SUMUP SMART I,SUMUP SMART I,62626409000175,03/2026,Vencidos Total (R$ MM),0.0,R$ MM,Visão Executiva canônica; cache IME local aa51fc0a123507c5b2ae24bd9ad54ae26ac464202a5f5d42c65f39e8a4b3ab36,.cache/fundonet-ime/aa51fc0a123507c5b2ae24bd9ad54ae26ac464202a5f5d42c65f39e8a4b3ab36
Carteiras selecionadas,SUMUP SMART I,SUMUP SMART I,62626409000175,02/2026,Vencidos Total (R$ MM),0.0,R$ MM,Visão Executiva canônica; cache IME local aa51fc0a123507c5b2ae24bd9ad54ae26ac464202a5f5d42c65f39e8a4b3ab36,.cache/fundonet-ime/aa51fc0a123507c5b2ae24bd9ad54ae26ac464202a5f5d42c65f39e8a4b3ab36
Carteiras selecionadas,SUMUP SMART I,SUMUP SMART I,62626409000175,01/2026,Vencidos Total (R$ MM),0.0,R$ MM,Visão Executiva canônica; cache IME local aa51fc0a123507c5b2ae24bd9ad54ae26ac464202a5f5d42c65f39e8a4b3ab36,.cache/fundonet-ime/aa51fc0a123507c5b2ae24bd9ad54ae26ac464202a5f5d42c65f39e8a4b3ab36
Carteiras selecionadas,SUMUP SMART I,SUMUP SMART I,62626409000175,12/2025,Vencidos Total (R$ MM),0.0,R$ MM,Visão Executiva canônica; cache IME local aa51fc0a123507c5b2ae24bd9ad54ae26ac464202a5f5d42c65f39e8a4b3ab36,.cache/fundonet-ime/aa51fc0a123507c5b2ae24bd9ad54ae26ac464202a5f5d42c65f39e8a4b3ab36
Carteiras selecionadas,SUMUP SMART I,SUMUP SMART I,62626409000175,11/2025,Vencidos Total (R$ MM),0.0,R$ MM,Visão Executiva canônica; cache IME local aa51fc0a123507c5b2ae24bd9ad54ae26ac464202a5f5d42c65f39e8a4b3ab36,.cache/fundonet-ime/aa51fc0a123507c5b2ae24bd9ad54ae26ac464202a5f5d42c65f39e8a4b3ab36
Carteiras selecionadas,SUMUP SMART I,SUMUP SMART I,62626409000175,10/2025,Vencidos Total (R$ MM),0.0,R$ MM,Visão Executiva canônica; cache IME local aa51fc0a123507c5b2ae24bd9ad54ae26ac464202a5f5d42c65f39e8a4b3ab36,.cache/fundonet-ime/aa51fc0a123507c5b2ae24bd9ad54ae26ac464202a5f5d42c65f39e8a4b3ab36
Carteiras selecionadas,SUMUP SMART I,SUMUP SMART I,62626409000175,06/2026,Vencidos <= 90 d / Crédito,0.0,ratio,Visão Executiva canônica; cache IME local aa51fc0a123507c5b2ae24bd9ad54ae26ac464202a5f5d42c65f39e8a4b3ab36,.cache/fundonet-ime/aa51fc0a123507c5b2ae24bd9ad54ae26ac464202a5f5d42c65f39e8a4b3ab36
Carteiras selecionadas,SUMUP SMART I,SUMUP SMART I,62626409000175,05/2026,Vencidos <= 90 d / Crédito,0.0,ratio,Visão Executiva canônica; cache IME local aa51fc0a123507c5b2ae24bd9ad54ae26ac464202a5f5d42c65f39e8a4b3ab36,.cache/fundonet-ime/aa51fc0a123507c5b2ae24bd9ad54ae26ac464202a5f5d42c65f39e8a4b3ab36
Carteiras selecionadas,SUMUP SMART I,SUMUP SMART I,62626409000175,04/2026,Vencidos <= 90 d / Crédito,0.0,ratio,Visão Executiva canônica; cache IME local aa51fc0a123507c5b2ae24bd9ad54ae26ac464202a5f5d42c65f39e8a4b3ab36,.cache/fundonet-ime/aa51fc0a123507c5b2ae24bd9ad54ae26ac464202a5f5d42c65f39e8a4b3ab36
Carteiras selecionadas,SUMUP SMART I,SUMUP SMART I,62626409000175,03/2026,Vencidos <= 90 d / Crédito,0.0,ratio,Visão Executiva canônica; cache IME local aa51fc0a123507c5b2ae24bd9ad54ae26ac464202a5f5d42c65f39e8a4b3ab36,.cache/fundonet-ime/aa51fc0a123507c5b2ae24bd9ad54ae26ac464202a5f5d42c65f39e8a4b3ab36
Carteiras selecionadas,SUMUP SMART I,SUMUP SMART I,62626409000175,02/2026,Vencidos <= 90 d / Crédito,0.0,ratio,Visão Executiva canônica; cache IME local aa51fc0a123507c5b2ae24bd9ad54ae26ac464202a5f5d42c65f39e8a4b3ab36,.cache/fundonet-ime/aa51fc0a123507c5b2ae24bd9ad54ae26ac464202a5f5d42c65f39e8a4b3ab36
Carteiras selecionadas,SUMUP SMART I,SUMUP SMART I,62626409000175,01/2026,Vencidos <= 90 d / Crédito,0.0,ratio,Visão Executiva canônica; cache IME local aa51fc0a123507c5b2ae24bd9ad54ae26ac464202a5f5d42c65f39e8a4b3ab36,.cache/fundonet-ime/aa51fc0a123507c5b2ae24bd9ad54ae26ac464202a5f5d42c65f39e8a4b3ab36
Carteiras selecionadas,SUMUP SMART I,SUMUP SMART I,62626409000175,12/2025,Vencidos <= 90 d / Crédito,0.0,ratio,Visão Executiva canônica; cache IME local aa51fc0a123507c5b2ae24bd9ad54ae26ac464202a5f5d42c65f39e8a4b3ab36,.cache/fundonet-ime/aa51fc0a123507c5b2ae24bd9ad54ae26ac464202a5f5d42c65f39e8a4b3ab36
Carteiras selecionadas,SUMUP SMART I,SUMUP SMART I,62626409000175,11/2025,Vencidos <= 90 d / Crédito,0.0,ratio,Visão Executiva canônica; cache IME local aa51fc0a123507c5b2ae24bd9ad54ae26ac464202a5f5d42c65f39e8a4b3ab36,.cache/fundonet-ime/aa51fc0a123507c5b2ae24bd9ad54ae26ac464202a5f5d42c65f39e8a4b3ab36
Carteiras selecionadas,SUMUP SMART I,SUMUP SMART I,62626409000175,10/2025,Vencidos <= 90 d / Crédito,0.0,ratio,Visão Executiva canônica; cache IME local aa51fc0a123507c5b2ae24bd9ad54ae26ac464202a5f5d42c65f39e8a4b3ab36,.cache/fundonet-ime/aa51fc0a123507c5b2ae24bd9ad54ae26ac464202a5f5d42c65f39e8a4b3ab36
Carteiras selecionadas,SUMUP SMART I,SUMUP SMART I,62626409000175,06/2026,Vencidos > 90 d / Crédito,0.0,ratio,Visão Executiva canônica; cache IME local aa51fc0a123507c5b2ae24bd9ad54ae26ac464202a5f5d42c65f39e8a4b3ab36,.cache/fundonet-ime/aa51fc0a123507c5b2ae24bd9ad54ae26ac464202a5f5d42c65f39e8a4b3ab36
Carteiras selecionadas,SUMUP SMART I,SUMUP SMART I,62626409000175,05/2026,Vencidos > 90 d / Crédito,0.0,ratio,Visão Executiva canônica; cache IME local aa51fc0a123507c5b2ae24bd9ad54ae26ac464202a5f5d42c65f39e8a4b3ab36,.cache/fundonet-ime/aa51fc0a123507c5b2ae24bd9ad54ae26ac464202a5f5d42c65f39e8a4b3ab36
Carteiras selecionadas,SUMUP SMART I,SUMUP SMART I,62626409000175,04/2026,Vencidos > 90 d / Crédito,0.0,ratio,Visão Executiva canônica; cache IME local aa51fc0a123507c5b2ae24bd9ad54ae26ac464202a5f5d42c65f39e8a4b3ab36,.cache/fundonet-ime/aa51fc0a123507c5b2ae24bd9ad54ae26ac464202a5f5d42c65f39e8a4b3ab36
Carteiras selecionadas,SUMUP SMART I,SUMUP SMART I,62626409000175,03/2026,Vencidos > 90 d / Crédito,0.0,ratio,Visão Executiva canônica; cache IME local aa51fc0a123507c5b2ae24bd9ad54ae26ac464202a5f5d42c65f39e8a4b3ab36,.cache/fundonet-ime/aa51fc0a123507c5b2ae24bd9ad54ae26ac464202a5f5d42c65f39e8a4b3ab36
Carteiras selecionadas,SUMUP SMART I,SUMUP SMART I,62626409000175,02/2026,Vencidos > 90 d / Crédito,0.0,ratio,Visão Executiva canônica; cache IME local aa51fc0a123507c5b2ae24bd9ad54ae26ac464202a5f5d42c65f39e8a4b3ab36,.cache/fundonet-ime/aa51fc0a123507c5b2ae24bd9ad54ae26ac464202a5f5d42c65f39e8a4b3ab36
Carteiras selecionadas,SUMUP SMART I,SUMUP SMART I,62626409000175,01/2026,Vencidos > 90 d / Crédito,0.0,ratio,Visão Executiva canônica; cache IME local aa51fc0a123507c5b2ae24bd9ad54ae26ac464202a5f5d42c65f39e8a4b3ab36,.cache/fundonet-ime/aa51fc0a123507c5b2ae24bd9ad54ae26ac464202a5f5d42c65f39e8a4b3ab36
Carteiras selecionadas,SUMUP SMART I,SUMUP SMART I,62626409000175,12/2025,Vencidos > 90 d / Crédito,0.0,ratio,Visão Executiva canônica; cache IME local aa51fc0a123507c5b2ae24bd9ad54ae26ac464202a5f5d42c65f39e8a4b3ab36,.cache/fundonet-ime/aa51fc0a123507c5b2ae24bd9ad54ae26ac464202a5f5d42c65f39e8a4b3ab36
Carteiras selecionadas,SUMUP SMART I,SUMUP SMART I,62626409000175,11/2025,Vencidos > 90 d / Crédito,0.0,ratio,Visão Executiva canônica; cache IME local aa51fc0a123507c5b2ae24bd9ad54ae26ac464202a5f5d42c65f39e8a4b3ab36,.cache/fundonet-ime/aa51fc0a123507c5b2ae24bd9ad54ae26ac464202a5f5d42c65f39e8a4b3ab36
Carteiras selecionadas,SUMUP SMART I,SUMUP SMART I,62626409000175,10/2025,Vencidos > 90 d / Crédito,0.0,ratio,Visão Executiva canônica; cache IME local aa51fc0a123507c5b2ae24bd9ad54ae26ac464202a5f5d42c65f39e8a4b3ab36,.cache/fundonet-ime/aa51fc0a123507c5b2ae24bd9ad54ae26ac464202a5f5d42c65f39e8a4b3ab36
Carteiras selecionadas,SUMUP SMART I,SUMUP SMART I,62626409000175,06/2026,Vencidos Total / Crédito,0.0,ratio,Visão Executiva canônica; cache IME local aa51fc0a123507c5b2ae24bd9ad54ae26ac464202a5f5d42c65f39e8a4b3ab36,.cache/fundonet-ime/aa51fc0a123507c5b2ae24bd9ad54ae26ac464202a5f5d42c65f39e8a4b3ab36
Carteiras selecionadas,SUMUP SMART I,SUMUP SMART I,62626409000175,05/2026,Vencidos Total / Crédito,0.0,ratio,Visão Executiva canônica; cache IME local aa51fc0a123507c5b2ae24bd9ad54ae26ac464202a5f5d42c65f39e8a4b3ab36,.cache/fundonet-ime/aa51fc0a123507c5b2ae24bd9ad54ae26ac464202a5f5d42c65f39e8a4b3ab36
Carteiras selecionadas,SUMUP SMART I,SUMUP SMART I,62626409000175,04/2026,Vencidos Total / Crédito,0.0,ratio,Visão Executiva canônica; cache IME local aa51fc0a123507c5b2ae24bd9ad54ae26ac464202a5f5d42c65f39e8a4b3ab36,.cache/fundonet-ime/aa51fc0a123507c5b2ae24bd9ad54ae26ac464202a5f5d42c65f39e8a4b3ab36
Carteiras selecionadas,SUMUP SMART I,SUMUP SMART I,62626409000175,03/2026,Vencidos Total / Crédito,0.0,ratio,Visão Executiva canônica; cache IME local aa51fc0a123507c5b2ae24bd9ad54ae26ac464202a5f5d42c65f39e8a4b3ab36,.cache/fundonet-ime/aa51fc0a123507c5b2ae24bd9ad54ae26ac464202a5f5d42c65f39e8a4b3ab36
Carteiras selecionadas,SUMUP SMART I,SUMUP SMART I,62626409000175,02/2026,Vencidos Total / Crédito,0.0,ratio,Visão Executiva canônica; cache IME local aa51fc0a123507c5b2ae24bd9ad54ae26ac464202a5f5d42c65f39e8a4b3ab36,.cache/fundonet-ime/aa51fc0a123507c5b2ae24bd9ad54ae26ac464202a5f5d42c65f39e8a4b3ab36
Carteiras selecionadas,SUMUP SMART I,SUMUP SMART I,62626409000175,01/2026,Vencidos Total / Crédito,0.0,ratio,Visão Executiva canônica; cache IME local aa51fc0a123507c5b2ae24bd9ad54ae26ac464202a5f5d42c65f39e8a4b3ab36,.cache/fundonet-ime/aa51fc0a123507c5b2ae24bd9ad54ae26ac464202a5f5d42c65f39e8a4b3ab36
Carteiras selecionadas,SUMUP SMART I,SUMUP SMART I,62626409000175,12/2025,Vencidos Total / Crédito,0.0,ratio,Visão Executiva canônica; cache IME local aa51fc0a123507c5b2ae24bd9ad54ae26ac464202a5f5d42c65f39e8a4b3ab36,.cache/fundonet-ime/aa51fc0a123507c5b2ae24bd9ad54ae26ac464202a5f5d42c65f39e8a4b3ab36
Carteiras selecionadas,SUMUP SMART I,SUMUP SMART I,62626409000175,11/2025,Vencidos Total / Crédito,0.0,ratio,Visão Executiva canônica; cache IME local aa51fc0a123507c5b2ae24bd9ad54ae26ac464202a5f5d42c65f39e8a4b3ab36,.cache/fundonet-ime/aa51fc0a123507c5b2ae24bd9ad54ae26ac464202a5f5d42c65f39e8a4b3ab36
Carteiras selecionadas,SUMUP SMART I,SUMUP SMART I,62626409000175,10/2025,Vencidos Total / Crédito,0.0,ratio,Visão Executiva canônica; cache IME local aa51fc0a123507c5b2ae24bd9ad54ae26ac464202a5f5d42c65f39e8a4b3ab36,.cache/fundonet-ime/aa51fc0a123507c5b2ae24bd9ad54ae26ac464202a5f5d42c65f39e8a4b3ab36
Carteiras selecionadas,SUMUP SMART I,SUMUP SMART I,62626409000175,06/2026,Vencidos Over 30 d (R$ MM),0.0,R$ MM,Visão Executiva canônica; cache IME local aa51fc0a123507c5b2ae24bd9ad54ae26ac464202a5f5d42c65f39e8a4b3ab36,.cache/fundonet-ime/aa51fc0a123507c5b2ae24bd9ad54ae26ac464202a5f5d42c65f39e8a4b3ab36
Carteiras selecionadas,SUMUP SMART I,SUMUP SMART I,62626409000175,05/2026,Vencidos Over 30 d (R$ MM),0.0,R$ MM,Visão Executiva canônica; cache IME local aa51fc0a123507c5b2ae24bd9ad54ae26ac464202a5f5d42c65f39e8a4b3ab36,.cache/fundonet-ime/aa51fc0a123507c5b2ae24bd9ad54ae26ac464202a5f5d42c65f39e8a4b3ab36
Carteiras selecionadas,SUMUP SMART I,SUMUP SMART I,62626409000175,04/2026,Vencidos Over 30 d (R$ MM),0.0,R$ MM,Visão Executiva canônica; cache IME local aa51fc0a123507c5b2ae24bd9ad54ae26ac464202a5f5d42c65f39e8a4b3ab36,.cache/fundonet-ime/aa51fc0a123507c5b2ae24bd9ad54ae26ac464202a5f5d42c65f39e8a4b3ab36
Carteiras selecionadas,SUMUP SMART I,SUMUP SMART I,62626409000175,03/2026,Vencidos Over 30 d (R$ MM),0.0,R$ MM,Visão Executiva canônica; cache IME local aa51fc0a123507c5b2ae24bd9ad54ae26ac464202a5f5d42c65f39e8a4b3ab36,.cache/fundonet-ime/aa51fc0a123507c5b2ae24bd9ad54ae26ac464202a5f5d42c65f39e8a4b3ab36
Carteiras selecionadas,SUMUP SMART I,SUMUP SMART I,62626409000175,02/2026,Vencidos Over 30 d (R$ MM),0.0,R$ MM,Visão Executiva canônica; cache IME local aa51fc0a123507c5b2ae24bd9ad54ae26ac464202a5f5d42c65f39e8a4b3ab36,.cache/fundonet-ime/aa51fc0a123507c5b2ae24bd9ad54ae26ac464202a5f5d42c65f39e8a4b3ab36
Carteiras selecionadas,SUMUP SMART I,SUMUP SMART I,62626409000175,01/2026,Vencidos Over 30 d (R$ MM),0.0,R$ MM,Visão Executiva canônica; cache IME local aa51fc0a123507c5b2ae24bd9ad54ae26ac464202a5f5d42c65f39e8a4b3ab36,.cache/fundonet-ime/aa51fc0a123507c5b2ae24bd9ad54ae26ac464202a5f5d42c65f39e8a4b3ab36
Carteiras selecionadas,SUMUP SMART I,SUMUP SMART I,62626409000175,12/2025,Vencidos Over 30 d (R$ MM),0.0,R$ MM,Visão Executiva canônica; cache IME local aa51fc0a123507c5b2ae24bd9ad54ae26ac464202a5f5d42c65f39e8a4b3ab36,.cache/fundonet-ime/aa51fc0a123507c5b2ae24bd9ad54ae26ac464202a5f5d42c65f39e8a4b3ab36
Carteiras selecionadas,SUMUP SMART I,SUMUP SMART I,62626409000175,11/2025,Vencidos Over 30 d (R$ MM),0.0,R$ MM,Visão Executiva canônica; cache IME local aa51fc0a123507c5b2ae24bd9ad54ae26ac464202a5f5d42c65f39e8a4b3ab36,.cache/fundonet-ime/aa51fc0a123507c5b2ae24bd9ad54ae26ac464202a5f5d42c65f39e8a4b3ab36
Carteiras selecionadas,SUMUP SMART I,SUMUP SMART I,62626409000175,10/2025,Vencidos Over 30 d (R$ MM),0.0,R$ MM,Visão Executiva canônica; cache IME local aa51fc0a123507c5b2ae24bd9ad54ae26ac464202a5f5d42c65f39e8a4b3ab36,.cache/fundonet-ime/aa51fc0a123507c5b2ae24bd9ad54ae26ac464202a5f5d42c65f39e8a4b3ab36
Carteiras selecionadas,SUMUP SMART I,SUMUP SMART I,62626409000175,06/2026,Vencidos Over 30 d / Crédito,0.0,ratio,Visão Executiva canônica; cache IME local aa51fc0a123507c5b2ae24bd9ad54ae26ac464202a5f5d42c65f39e8a4b3ab36,.cache/fundonet-ime/aa51fc0a123507c5b2ae24bd9ad54ae26ac464202a5f5d42c65f39e8a4b3ab36
Carteiras selecionadas,SUMUP SMART I,SUMUP SMART I,62626409000175,05/2026,Vencidos Over 30 d / Crédito,0.0,ratio,Visão Executiva canônica; cache IME local aa51fc0a123507c5b2ae24bd9ad54ae26ac464202a5f5d42c65f39e8a4b3ab36,.cache/fundonet-ime/aa51fc0a123507c5b2ae24bd9ad54ae26ac464202a5f5d42c65f39e8a4b3ab36
Carteiras selecionadas,SUMUP SMART I,SUMUP SMART I,62626409000175,04/2026,Vencidos Over 30 d / Crédito,0.0,ratio,Visão Executiva canônica; cache IME local aa51fc0a123507c5b2ae24bd9ad54ae26ac464202a5f5d42c65f39e8a4b3ab36,.cache/fundonet-ime/aa51fc0a123507c5b2ae24bd9ad54ae26ac464202a5f5d42c65f39e8a4b3ab36
Carteiras selecionadas,SUMUP SMART I,SUMUP SMART I,62626409000175,03/2026,Vencidos Over 30 d / Crédito,0.0,ratio,Visão Executiva canônica; cache IME local aa51fc0a123507c5b2ae24bd9ad54ae26ac464202a5f5d42c65f39e8a4b3ab36,.cache/fundonet-ime/aa51fc0a123507c5b2ae24bd9ad54ae26ac464202a5f5d42c65f39e8a4b3ab36
Carteiras selecionadas,SUMUP SMART I,SUMUP SMART I,62626409000175,02/2026,Vencidos Over 30 d / Crédito,0.0,ratio,Visão Executiva canônica; cache IME local aa51fc0a123507c5b2ae24bd9ad54ae26ac464202a5f5d42c65f39e8a4b3ab36,.cache/fundonet-ime/aa51fc0a123507c5b2ae24bd9ad54ae26ac464202a5f5d42c65f39e8a4b3ab36
Carteiras selecionadas,SUMUP SMART I,SUMUP SMART I,62626409000175,01/2026,Vencidos Over 30 d / Crédito,0.0,ratio,Visão Executiva canônica; cache IME local aa51fc0a123507c5b2ae24bd9ad54ae26ac464202a5f5d42c65f39e8a4b3ab36,.cache/fundonet-ime/aa51fc0a123507c5b2ae24bd9ad54ae26ac464202a5f5d42c65f39e8a4b3ab36
Carteiras selecionadas,SUMUP SMART I,SUMUP SMART I,62626409000175,12/2025,Vencidos Over 30 d / Crédito,0.0,ratio,Visão Executiva canônica; cache IME local aa51fc0a123507c5b2ae24bd9ad54ae26ac464202a5f5d42c65f39e8a4b3ab36,.cache/fundonet-ime/aa51fc0a123507c5b2ae24bd9ad54ae26ac464202a5f5d42c65f39e8a4b3ab36
Carteiras selecionadas,SUMUP SMART I,SUMUP SMART I,62626409000175,11/2025,Vencidos Over 30 d / Crédito,0.0,ratio,Visão Executiva canônica; cache IME local aa51fc0a123507c5b2ae24bd9ad54ae26ac464202a5f5d42c65f39e8a4b3ab36,.cache/fundonet-ime/aa51fc0a123507c5b2ae24bd9ad54ae26ac464202a5f5d42c65f39e8a4b3ab36
Carteiras selecionadas,SUMUP SMART I,SUMUP SMART I,62626409000175,10/2025,Vencidos Over 30 d / Crédito,0.0,ratio,Visão Executiva canônica; cache IME local aa51fc0a123507c5b2ae24bd9ad54ae26ac464202a5f5d42c65f39e8a4b3ab36,.cache/fundonet-ime/aa51fc0a123507c5b2ae24bd9ad54ae26ac464202a5f5d42c65f39e8a4b3ab36
Carteiras selecionadas,SUMUP SMART I,SUMUP SMART I,62626409000175,06/2026,Vencidos Over 60 d (R$ MM),0.0,R$ MM,Visão Executiva canônica; cache IME local aa51fc0a123507c5b2ae24bd9ad54ae26ac464202a5f5d42c65f39e8a4b3ab36,.cache/fundonet-ime/aa51fc0a123507c5b2ae24bd9ad54ae26ac464202a5f5d42c65f39e8a4b3ab36
Carteiras selecionadas,SUMUP SMART I,SUMUP SMART I,62626409000175,05/2026,Vencidos Over 60 d (R$ MM),0.0,R$ MM,Visão Executiva canônica; cache IME local aa51fc0a123507c5b2ae24bd9ad54ae26ac464202a5f5d42c65f39e8a4b3ab36,.cache/fundonet-ime/aa51fc0a123507c5b2ae24bd9ad54ae26ac464202a5f5d42c65f39e8a4b3ab36
Carteiras selecionadas,SUMUP SMART I,SUMUP SMART I,62626409000175,04/2026,Vencidos Over 60 d (R$ MM),0.0,R$ MM,Visão Executiva canônica; cache IME local aa51fc0a123507c5b2ae24bd9ad54ae26ac464202a5f5d42c65f39e8a4b3ab36,.cache/fundonet-ime/aa51fc0a123507c5b2ae24bd9ad54ae26ac464202a5f5d42c65f39e8a4b3ab36
Carteiras selecionadas,SUMUP SMART I,SUMUP SMART I,62626409000175,03/2026,Vencidos Over 60 d (R$ MM),0.0,R$ MM,Visão Executiva canônica; cache IME local aa51fc0a123507c5b2ae24bd9ad54ae26ac464202a5f5d42c65f39e8a4b3ab36,.cache/fundonet-ime/aa51fc0a123507c5b2ae24bd9ad54ae26ac464202a5f5d42c65f39e8a4b3ab36
Carteiras selecionadas,SUMUP SMART I,SUMUP SMART I,62626409000175,02/2026,Vencidos Over 60 d (R$ MM),0.0,R$ MM,Visão Executiva canônica; cache IME local aa51fc0a123507c5b2ae24bd9ad54ae26ac464202a5f5d42c65f39e8a4b3ab36,.cache/fundonet-ime/aa51fc0a123507c5b2ae24bd9ad54ae26ac464202a5f5d42c65f39e8a4b3ab36
Carteiras selecionadas,SUMUP SMART I,SUMUP SMART I,62626409000175,01/2026,Vencidos Over 60 d (R$ MM),0.0,R$ MM,Visão Executiva canônica; cache IME local aa51fc0a123507c5b2ae24bd9ad54ae26ac464202a5f5d42c65f39e8a4b3ab36,.cache/fundonet-ime/aa51fc0a123507c5b2ae24bd9ad54ae26ac464202a5f5d42c65f39e8a4b3ab36
Carteiras selecionadas,SUMUP SMART I,SUMUP SMART I,62626409000175,12/2025,Vencidos Over 60 d (R$ MM),0.0,R$ MM,Visão Executiva canônica; cache IME local aa51fc0a123507c5b2ae24bd9ad54ae26ac464202a5f5d42c65f39e8a4b3ab36,.cache/fundonet-ime/aa51fc0a123507c5b2ae24bd9ad54ae26ac464202a5f5d42c65f39e8a4b3ab36
Carteiras selecionadas,SUMUP SMART I,SUMUP SMART I,62626409000175,11/2025,Vencidos Over 60 d (R$ MM),0.0,R$ MM,Visão Executiva canônica; cache IME local aa51fc0a123507c5b2ae24bd9ad54ae26ac464202a5f5d42c65f39e8a4b3ab36,.cache/fundonet-ime/aa51fc0a123507c5b2ae24bd9ad54ae26ac464202a5f5d42c65f39e8a4b3ab36
Carteiras selecionadas,SUMUP SMART I,SUMUP SMART I,62626409000175,10/2025,Vencidos Over 60 d (R$ MM),0.0,R$ MM,Visão Executiva canônica; cache IME local aa51fc0a123507c5b2ae24bd9ad54ae26ac464202a5f5d42c65f39e8a4b3ab36,.cache/fundonet-ime/aa51fc0a123507c5b2ae24bd9ad54ae26ac464202a5f5d42c65f39e8a4b3ab36
Carteiras selecionadas,SUMUP SMART I,SUMUP SMART I,62626409000175,06/2026,Vencidos Over 60 d / Crédito,0.0,ratio,Visão Executiva canônica; cache IME local aa51fc0a123507c5b2ae24bd9ad54ae26ac464202a5f5d42c65f39e8a4b3ab36,.cache/fundonet-ime/aa51fc0a123507c5b2ae24bd9ad54ae26ac464202a5f5d42c65f39e8a4b3ab36
Carteiras selecionadas,SUMUP SMART I,SUMUP SMART I,62626409000175,05/2026,Vencidos Over 60 d / Crédito,0.0,ratio,Visão Executiva canônica; cache IME local aa51fc0a123507c5b2ae24bd9ad54ae26ac464202a5f5d42c65f39e8a4b3ab36,.cache/fundonet-ime/aa51fc0a123507c5b2ae24bd9ad54ae26ac464202a5f5d42c65f39e8a4b3ab36
Carteiras selecionadas,SUMUP SMART I,SUMUP SMART I,62626409000175,04/2026,Vencidos Over 60 d / Crédito,0.0,ratio,Visão Executiva canônica; cache IME local aa51fc0a123507c5b2ae24bd9ad54ae26ac464202a5f5d42c65f39e8a4b3ab36,.cache/fundonet-ime/aa51fc0a123507c5b2ae24bd9ad54ae26ac464202a5f5d42c65f39e8a4b3ab36
Carteiras selecionadas,SUMUP SMART I,SUMUP SMART I,62626409000175,03/2026,Vencidos Over 60 d / Crédito,0.0,ratio,Visão Executiva canônica; cache IME local aa51fc0a123507c5b2ae24bd9ad54ae26ac464202a5f5d42c65f39e8a4b3ab36,.cache/fundonet-ime/aa51fc0a123507c5b2ae24bd9ad54ae26ac464202a5f5d42c65f39e8a4b3ab36
Carteiras selecionadas,SUMUP SMART I,SUMUP SMART I,62626409000175,02/2026,Vencidos Over 60 d / Crédito,0.0,ratio,Visão Executiva canônica; cache IME local aa51fc0a123507c5b2ae24bd9ad54ae26ac464202a5f5d42c65f39e8a4b3ab36,.cache/fundonet-ime/aa51fc0a123507c5b2ae24bd9ad54ae26ac464202a5f5d42c65f39e8a4b3ab36
Carteiras selecionadas,SUMUP SMART I,SUMUP SMART I,62626409000175,01/2026,Vencidos Over 60 d / Crédito,0.0,ratio,Visão Executiva canônica; cache IME local aa51fc0a123507c5b2ae24bd9ad54ae26ac464202a5f5d42c65f39e8a4b3ab36,.cache/fundonet-ime/aa51fc0a123507c5b2ae24bd9ad54ae26ac464202a5f5d42c65f39e8a4b3ab36
Carteiras selecionadas,SUMUP SMART I,SUMUP SMART I,62626409000175,12/2025,Vencidos Over 60 d / Crédito,0.0,ratio,Visão Executiva canônica; cache IME local aa51fc0a123507c5b2ae24bd9ad54ae26ac464202a5f5d42c65f39e8a4b3ab36,.cache/fundonet-ime/aa51fc0a123507c5b2ae24bd9ad54ae26ac464202a5f5d42c65f39e8a4b3ab36
Carteiras selecionadas,SUMUP SMART I,SUMUP SMART I,62626409000175,11/2025,Vencidos Over 60 d / Crédito,0.0,ratio,Visão Executiva canônica; cache IME local aa51fc0a123507c5b2ae24bd9ad54ae26ac464202a5f5d42c65f39e8a4b3ab36,.cache/fundonet-ime/aa51fc0a123507c5b2ae24bd9ad54ae26ac464202a5f5d42c65f39e8a4b3ab36
Carteiras selecionadas,SUMUP SMART I,SUMUP SMART I,62626409000175,10/2025,Vencidos Over 60 d / Crédito,0.0,ratio,Visão Executiva canônica; cache IME local aa51fc0a123507c5b2ae24bd9ad54ae26ac464202a5f5d42c65f39e8a4b3ab36,.cache/fundonet-ime/aa51fc0a123507c5b2ae24bd9ad54ae26ac464202a5f5d42c65f39e8a4b3ab36
Carteiras selecionadas,SUMUP SMART I,SUMUP SMART I,62626409000175,06/2026,Vencidos Over 90 d (R$ MM),0.0,R$ MM,Visão Executiva canônica; cache IME local aa51fc0a123507c5b2ae24bd9ad54ae26ac464202a5f5d42c65f39e8a4b3ab36,.cache/fundonet-ime/aa51fc0a123507c5b2ae24bd9ad54ae26ac464202a5f5d42c65f39e8a4b3ab36
Carteiras selecionadas,SUMUP SMART I,SUMUP SMART I,62626409000175,05/2026,Vencidos Over 90 d (R$ MM),0.0,R$ MM,Visão Executiva canônica; cache IME local aa51fc0a123507c5b2ae24bd9ad54ae26ac464202a5f5d42c65f39e8a4b3ab36,.cache/fundonet-ime/aa51fc0a123507c5b2ae24bd9ad54ae26ac464202a5f5d42c65f39e8a4b3ab36
Carteiras selecionadas,SUMUP SMART I,SUMUP SMART I,62626409000175,04/2026,Vencidos Over 90 d (R$ MM),0.0,R$ MM,Visão Executiva canônica; cache IME local aa51fc0a123507c5b2ae24bd9ad54ae26ac464202a5f5d42c65f39e8a4b3ab36,.cache/fundonet-ime/aa51fc0a123507c5b2ae24bd9ad54ae26ac464202a5f5d42c65f39e8a4b3ab36
Carteiras selecionadas,SUMUP SMART I,SUMUP SMART I,62626409000175,03/2026,Vencidos Over 90 d (R$ MM),0.0,R$ MM,Visão Executiva canônica; cache IME local aa51fc0a123507c5b2ae24bd9ad54ae26ac464202a5f5d42c65f39e8a4b3ab36,.cache/fundonet-ime/aa51fc0a123507c5b2ae24bd9ad54ae26ac464202a5f5d42c65f39e8a4b3ab36
Carteiras selecionadas,SUMUP SMART I,SUMUP SMART I,62626409000175,02/2026,Vencidos Over 90 d (R$ MM),0.0,R$ MM,Visão Executiva canônica; cache IME local aa51fc0a123507c5b2ae24bd9ad54ae26ac464202a5f5d42c65f39e8a4b3ab36,.cache/fundonet-ime/aa51fc0a123507c5b2ae24bd9ad54ae26ac464202a5f5d42c65f39e8a4b3ab36
Carteiras selecionadas,SUMUP SMART I,SUMUP SMART I,62626409000175,01/2026,Vencidos Over 90 d (R$ MM),0.0,R$ MM,Visão Executiva canônica; cache IME local aa51fc0a123507c5b2ae24bd9ad54ae26ac464202a5f5d42c65f39e8a4b3ab36,.cache/fundonet-ime/aa51fc0a123507c5b2ae24bd9ad54ae26ac464202a5f5d42c65f39e8a4b3ab36
Carteiras selecionadas,SUMUP SMART I,SUMUP SMART I,62626409000175,12/2025,Vencidos Over 90 d (R$ MM),0.0,R$ MM,Visão Executiva canônica; cache IME local aa51fc0a123507c5b2ae24bd9ad54ae26ac464202a5f5d42c65f39e8a4b3ab36,.cache/fundonet-ime/aa51fc0a123507c5b2ae24bd9ad54ae26ac464202a5f5d42c65f39e8a4b3ab36
Carteiras selecionadas,SUMUP SMART I,SUMUP SMART I,62626409000175,11/2025,Vencidos Over 90 d (R$ MM),0.0,R$ MM,Visão Executiva canônica; cache IME local aa51fc0a123507c5b2ae24bd9ad54ae26ac464202a5f5d42c65f39e8a4b3ab36,.cache/fundonet-ime/aa51fc0a123507c5b2ae24bd9ad54ae26ac464202a5f5d42c65f39e8a4b3ab36
Carteiras selecionadas,SUMUP SMART I,SUMUP SMART I,62626409000175,10/2025,Vencidos Over 90 d (R$ MM),0.0,R$ MM,Visão Executiva canônica; cache IME local aa51fc0a123507c5b2ae24bd9ad54ae26ac464202a5f5d42c65f39e8a4b3ab36,.cache/fundonet-ime/aa51fc0a123507c5b2ae24bd9ad54ae26ac464202a5f5d42c65f39e8a4b3ab36
Carteiras selecionadas,SUMUP SMART I,SUMUP SMART I,62626409000175,06/2026,Vencidos Over 90 d / Crédito,0.0,ratio,Visão Executiva canônica; cache IME local aa51fc0a123507c5b2ae24bd9ad54ae26ac464202a5f5d42c65f39e8a4b3ab36,.cache/fundonet-ime/aa51fc0a123507c5b2ae24bd9ad54ae26ac464202a5f5d42c65f39e8a4b3ab36
Carteiras selecionadas,SUMUP SMART I,SUMUP SMART I,62626409000175,05/2026,Vencidos Over 90 d / Crédito,0.0,ratio,Visão Executiva canônica; cache IME local aa51fc0a123507c5b2ae24bd9ad54ae26ac464202a5f5d42c65f39e8a4b3ab36,.cache/fundonet-ime/aa51fc0a123507c5b2ae24bd9ad54ae26ac464202a5f5d42c65f39e8a4b3ab36
Carteiras selecionadas,SUMUP SMART I,SUMUP SMART I,62626409000175,04/2026,Vencidos Over 90 d / Crédito,0.0,ratio,Visão Executiva canônica; cache IME local aa51fc0a123507c5b2ae24bd9ad54ae26ac464202a5f5d42c65f39e8a4b3ab36,.cache/fundonet-ime/aa51fc0a123507c5b2ae24bd9ad54ae26ac464202a5f5d42c65f39e8a4b3ab36
Carteiras selecionadas,SUMUP SMART I,SUMUP SMART I,62626409000175,03/2026,Vencidos Over 90 d / Crédito,0.0,ratio,Visão Executiva canônica; cache IME local aa51fc0a123507c5b2ae24bd9ad54ae26ac464202a5f5d42c65f39e8a4b3ab36,.cache/fundonet-ime/aa51fc0a123507c5b2ae24bd9ad54ae26ac464202a5f5d42c65f39e8a4b3ab36
Carteiras selecionadas,SUMUP SMART I,SUMUP SMART I,62626409000175,02/2026,Vencidos Over 90 d / Crédito,0.0,ratio,Visão Executiva canônica; cache IME local aa51fc0a123507c5b2ae24bd9ad54ae26ac464202a5f5d42c65f39e8a4b3ab36,.cache/fundonet-ime/aa51fc0a123507c5b2ae24bd9ad54ae26ac464202a5f5d42c65f39e8a4b3ab36
Carteiras selecionadas,SUMUP SMART I,SUMUP SMART I,62626409000175,01/2026,Vencidos Over 90 d / Crédito,0.0,ratio,Visão Executiva canônica; cache IME local aa51fc0a123507c5b2ae24bd9ad54ae26ac464202a5f5d42c65f39e8a4b3ab36,.cache/fundonet-ime/aa51fc0a123507c5b2ae24bd9ad54ae26ac464202a5f5d42c65f39e8a4b3ab36
Carteiras selecionadas,SUMUP SMART I,SUMUP SMART I,62626409000175,12/2025,Vencidos Over 90 d / Crédito,0.0,ratio,Visão Executiva canônica; cache IME local aa51fc0a123507c5b2ae24bd9ad54ae26ac464202a5f5d42c65f39e8a4b3ab36,.cache/fundonet-ime/aa51fc0a123507c5b2ae24bd9ad54ae26ac464202a5f5d42c65f39e8a4b3ab36
Carteiras selecionadas,SUMUP SMART I,SUMUP SMART I,62626409000175,11/2025,Vencidos Over 90 d / Crédito,0.0,ratio,Visão Executiva canônica; cache IME local aa51fc0a123507c5b2ae24bd9ad54ae26ac464202a5f5d42c65f39e8a4b3ab36,.cache/fundonet-ime/aa51fc0a123507c5b2ae24bd9ad54ae26ac464202a5f5d42c65f39e8a4b3ab36
Carteiras selecionadas,SUMUP SMART I,SUMUP SMART I,62626409000175,10/2025,Vencidos Over 90 d / Crédito,0.0,ratio,Visão Executiva canônica; cache IME local aa51fc0a123507c5b2ae24bd9ad54ae26ac464202a5f5d42c65f39e8a4b3ab36,.cache/fundonet-ime/aa51fc0a123507c5b2ae24bd9ad54ae26ac464202a5f5d42c65f39e8a4b3ab36
Carteiras selecionadas,SUMUP SMART I,SUMUP SMART I,62626409000175,06/2026,Vencidos Over 180 d (R$ MM),0.0,R$ MM,Visão Executiva canônica; cache IME local aa51fc0a123507c5b2ae24bd9ad54ae26ac464202a5f5d42c65f39e8a4b3ab36,.cache/fundonet-ime/aa51fc0a123507c5b2ae24bd9ad54ae26ac464202a5f5d42c65f39e8a4b3ab36
Carteiras selecionadas,SUMUP SMART I,SUMUP SMART I,62626409000175,05/2026,Vencidos Over 180 d (R$ MM),0.0,R$ MM,Visão Executiva canônica; cache IME local aa51fc0a123507c5b2ae24bd9ad54ae26ac464202a5f5d42c65f39e8a4b3ab36,.cache/fundonet-ime/aa51fc0a123507c5b2ae24bd9ad54ae26ac464202a5f5d42c65f39e8a4b3ab36
Carteiras selecionadas,SUMUP SMART I,SUMUP SMART I,62626409000175,04/2026,Vencidos Over 180 d (R$ MM),0.0,R$ MM,Visão Executiva canônica; cache IME local aa51fc0a123507c5b2ae24bd9ad54ae26ac464202a5f5d42c65f39e8a4b3ab36,.cache/fundonet-ime/aa51fc0a123507c5b2ae24bd9ad54ae26ac464202a5f5d42c65f39e8a4b3ab36
Carteiras selecionadas,SUMUP SMART I,SUMUP SMART I,62626409000175,03/2026,Vencidos Over 180 d (R$ MM),0.0,R$ MM,Visão Executiva canônica; cache IME local aa51fc0a123507c5b2ae24bd9ad54ae26ac464202a5f5d42c65f39e8a4b3ab36,.cache/fundonet-ime/aa51fc0a123507c5b2ae24bd9ad54ae26ac464202a5f5d42c65f39e8a4b3ab36
Carteiras selecionadas,SUMUP SMART I,SUMUP SMART I,62626409000175,02/2026,Vencidos Over 180 d (R$ MM),0.0,R$ MM,Visão Executiva canônica; cache IME local aa51fc0a123507c5b2ae24bd9ad54ae26ac464202a5f5d42c65f39e8a4b3ab36,.cache/fundonet-ime/aa51fc0a123507c5b2ae24bd9ad54ae26ac464202a5f5d42c65f39e8a4b3ab36
Carteiras selecionadas,SUMUP SMART I,SUMUP SMART I,62626409000175,01/2026,Vencidos Over 180 d (R$ MM),0.0,R$ MM,Visão Executiva canônica; cache IME local aa51fc0a123507c5b2ae24bd9ad54ae26ac464202a5f5d42c65f39e8a4b3ab36,.cache/fundonet-ime/aa51fc0a123507c5b2ae24bd9ad54ae26ac464202a5f5d42c65f39e8a4b3ab36
Carteiras selecionadas,SUMUP SMART I,SUMUP SMART I,62626409000175,12/2025,Vencidos Over 180 d (R$ MM),0.0,R$ MM,Visão Executiva canônica; cache IME local aa51fc0a123507c5b2ae24bd9ad54ae26ac464202a5f5d42c65f39e8a4b3ab36,.cache/fundonet-ime/aa51fc0a123507c5b2ae24bd9ad54ae26ac464202a5f5d42c65f39e8a4b3ab36
Carteiras selecionadas,SUMUP SMART I,SUMUP SMART I,62626409000175,11/2025,Vencidos Over 180 d (R$ MM),0.0,R$ MM,Visão Executiva canônica; cache IME local aa51fc0a123507c5b2ae24bd9ad54ae26ac464202a5f5d42c65f39e8a4b3ab36,.cache/fundonet-ime/aa51fc0a123507c5b2ae24bd9ad54ae26ac464202a5f5d42c65f39e8a4b3ab36
Carteiras selecionadas,SUMUP SMART I,SUMUP SMART I,62626409000175,10/2025,Vencidos Over 180 d (R$ MM),0.0,R$ MM,Visão Executiva canônica; cache IME local aa51fc0a123507c5b2ae24bd9ad54ae26ac464202a5f5d42c65f39e8a4b3ab36,.cache/fundonet-ime/aa51fc0a123507c5b2ae24bd9ad54ae26ac464202a5f5d42c65f39e8a4b3ab36
Carteiras selecionadas,SUMUP SMART I,SUMUP SMART I,62626409000175,06/2026,Vencidos Over 180 d / Crédito,0.0,ratio,Visão Executiva canônica; cache IME local aa51fc0a123507c5b2ae24bd9ad54ae26ac464202a5f5d42c65f39e8a4b3ab36,.cache/fundonet-ime/aa51fc0a123507c5b2ae24bd9ad54ae26ac464202a5f5d42c65f39e8a4b3ab36
Carteiras selecionadas,SUMUP SMART I,SUMUP SMART I,62626409000175,05/2026,Vencidos Over 180 d / Crédito,0.0,ratio,Visão Executiva canônica; cache IME local aa51fc0a123507c5b2ae24bd9ad54ae26ac464202a5f5d42c65f39e8a4b3ab36,.cache/fundonet-ime/aa51fc0a123507c5b2ae24bd9ad54ae26ac464202a5f5d42c65f39e8a4b3ab36
Carteiras selecionadas,SUMUP SMART I,SUMUP SMART I,62626409000175,04/2026,Vencidos Over 180 d / Crédito,0.0,ratio,Visão Executiva canônica; cache IME local aa51fc0a123507c5b2ae24bd9ad54ae26ac464202a5f5d42c65f39e8a4b3ab36,.cache/fundonet-ime/aa51fc0a123507c5b2ae24bd9ad54ae26ac464202a5f5d42c65f39e8a4b3ab36
Carteiras selecionadas,SUMUP SMART I,SUMUP SMART I,62626409000175,03/2026,Vencidos Over 180 d / Crédito,0.0,ratio,Visão Executiva canônica; cache IME local aa51fc0a123507c5b2ae24bd9ad54ae26ac464202a5f5d42c65f39e8a4b3ab36,.cache/fundonet-ime/aa51fc0a123507c5b2ae24bd9ad54ae26ac464202a5f5d42c65f39e8a4b3ab36
Carteiras selecionadas,SUMUP SMART I,SUMUP SMART I,62626409000175,02/2026,Vencidos Over 180 d / Crédito,0.0,ratio,Visão Executiva canônica; cache IME local aa51fc0a123507c5b2ae24bd9ad54ae26ac464202a5f5d42c65f39e8a4b3ab36,.cache/fundonet-ime/aa51fc0a123507c5b2ae24bd9ad54ae26ac464202a5f5d42c65f39e8a4b3ab36
Carteiras selecionadas,SUMUP SMART I,SUMUP SMART I,62626409000175,01/2026,Vencidos Over 180 d / Crédito,0.0,ratio,Visão Executiva canônica; cache IME local aa51fc0a123507c5b2ae24bd9ad54ae26ac464202a5f5d42c65f39e8a4b3ab36,.cache/fundonet-ime/aa51fc0a123507c5b2ae24bd9ad54ae26ac464202a5f5d42c65f39e8a4b3ab36
Carteiras selecionadas,SUMUP SMART I,SUMUP SMART I,62626409000175,12/2025,Vencidos Over 180 d / Crédito,0.0,ratio,Visão Executiva canônica; cache IME local aa51fc0a123507c5b2ae24bd9ad54ae26ac464202a5f5d42c65f39e8a4b3ab36,.cache/fundonet-ime/aa51fc0a123507c5b2ae24bd9ad54ae26ac464202a5f5d42c65f39e8a4b3ab36
Carteiras selecionadas,SUMUP SMART I,SUMUP SMART I,62626409000175,11/2025,Vencidos Over 180 d / Crédito,0.0,ratio,Visão Executiva canônica; cache IME local aa51fc0a123507c5b2ae24bd9ad54ae26ac464202a5f5d42c65f39e8a4b3ab36,.cache/fundonet-ime/aa51fc0a123507c5b2ae24bd9ad54ae26ac464202a5f5d42c65f39e8a4b3ab36
Carteiras selecionadas,SUMUP SMART I,SUMUP SMART I,62626409000175,10/2025,Vencidos Over 180 d / Crédito,0.0,ratio,Visão Executiva canônica; cache IME local aa51fc0a123507c5b2ae24bd9ad54ae26ac464202a5f5d42c65f39e8a4b3ab36,.cache/fundonet-ime/aa51fc0a123507c5b2ae24bd9ad54ae26ac464202a5f5d42c65f39e8a4b3ab36
Carteiras selecionadas,SUMUP SMART I,SUMUP SMART I,62626409000175,06/2026,Vencidos Over 360 d (R$ MM),0.0,R$ MM,Visão Executiva canônica; cache IME local aa51fc0a123507c5b2ae24bd9ad54ae26ac464202a5f5d42c65f39e8a4b3ab36,.cache/fundonet-ime/aa51fc0a123507c5b2ae24bd9ad54ae26ac464202a5f5d42c65f39e8a4b3ab36
Carteiras selecionadas,SUMUP SMART I,SUMUP SMART I,62626409000175,05/2026,Vencidos Over 360 d (R$ MM),0.0,R$ MM,Visão Executiva canônica; cache IME local aa51fc0a123507c5b2ae24bd9ad54ae26ac464202a5f5d42c65f39e8a4b3ab36,.cache/fundonet-ime/aa51fc0a123507c5b2ae24bd9ad54ae26ac464202a5f5d42c65f39e8a4b3ab36
Carteiras selecionadas,SUMUP SMART I,SUMUP SMART I,62626409000175,04/2026,Vencidos Over 360 d (R$ MM),0.0,R$ MM,Visão Executiva canônica; cache IME local aa51fc0a123507c5b2ae24bd9ad54ae26ac464202a5f5d42c65f39e8a4b3ab36,.cache/fundonet-ime/aa51fc0a123507c5b2ae24bd9ad54ae26ac464202a5f5d42c65f39e8a4b3ab36
Carteiras selecionadas,SUMUP SMART I,SUMUP SMART I,62626409000175,03/2026,Vencidos Over 360 d (R$ MM),0.0,R$ MM,Visão Executiva canônica; cache IME local aa51fc0a123507c5b2ae24bd9ad54ae26ac464202a5f5d42c65f39e8a4b3ab36,.cache/fundonet-ime/aa51fc0a123507c5b2ae24bd9ad54ae26ac464202a5f5d42c65f39e8a4b3ab36
Carteiras selecionadas,SUMUP SMART I,SUMUP SMART I,62626409000175,02/2026,Vencidos Over 360 d (R$ MM),0.0,R$ MM,Visão Executiva canônica; cache IME local aa51fc0a123507c5b2ae24bd9ad54ae26ac464202a5f5d42c65f39e8a4b3ab36,.cache/fundonet-ime/aa51fc0a123507c5b2ae24bd9ad54ae26ac464202a5f5d42c65f39e8a4b3ab36
Carteiras selecionadas,SUMUP SMART I,SUMUP SMART I,62626409000175,01/2026,Vencidos Over 360 d (R$ MM),0.0,R$ MM,Visão Executiva canônica; cache IME local aa51fc0a123507c5b2ae24bd9ad54ae26ac464202a5f5d42c65f39e8a4b3ab36,.cache/fundonet-ime/aa51fc0a123507c5b2ae24bd9ad54ae26ac464202a5f5d42c65f39e8a4b3ab36
Carteiras selecionadas,SUMUP SMART I,SUMUP SMART I,62626409000175,12/2025,Vencidos Over 360 d (R$ MM),0.0,R$ MM,Visão Executiva canônica; cache IME local aa51fc0a123507c5b2ae24bd9ad54ae26ac464202a5f5d42c65f39e8a4b3ab36,.cache/fundonet-ime/aa51fc0a123507c5b2ae24bd9ad54ae26ac464202a5f5d42c65f39e8a4b3ab36
Carteiras selecionadas,SUMUP SMART I,SUMUP SMART I,62626409000175,11/2025,Vencidos Over 360 d (R$ MM),0.0,R$ MM,Visão Executiva canônica; cache IME local aa51fc0a123507c5b2ae24bd9ad54ae26ac464202a5f5d42c65f39e8a4b3ab36,.cache/fundonet-ime/aa51fc0a123507c5b2ae24bd9ad54ae26ac464202a5f5d42c65f39e8a4b3ab36
Carteiras selecionadas,SUMUP SMART I,SUMUP SMART I,62626409000175,10/2025,Vencidos Over 360 d (R$ MM),0.0,R$ MM,Visão Executiva canônica; cache IME local aa51fc0a123507c5b2ae24bd9ad54ae26ac464202a5f5d42c65f39e8a4b3ab36,.cache/fundonet-ime/aa51fc0a123507c5b2ae24bd9ad54ae26ac464202a5f5d42c65f39e8a4b3ab36
Carteiras selecionadas,SUMUP SMART I,SUMUP SMART I,62626409000175,06/2026,Vencidos Over 360 d / Crédito,0.0,ratio,Visão Executiva canônica; cache IME local aa51fc0a123507c5b2ae24bd9ad54ae26ac464202a5f5d42c65f39e8a4b3ab36,.cache/fundonet-ime/aa51fc0a123507c5b2ae24bd9ad54ae26ac464202a5f5d42c65f39e8a4b3ab36
Carteiras selecionadas,SUMUP SMART I,SUMUP SMART I,62626409000175,05/2026,Vencidos Over 360 d / Crédito,0.0,ratio,Visão Executiva canônica; cache IME local aa51fc0a123507c5b2ae24bd9ad54ae26ac464202a5f5d42c65f39e8a4b3ab36,.cache/fundonet-ime/aa51fc0a123507c5b2ae24bd9ad54ae26ac464202a5f5d42c65f39e8a4b3ab36
Carteiras selecionadas,SUMUP SMART I,SUMUP SMART I,62626409000175,04/2026,Vencidos Over 360 d / Crédito,0.0,ratio,Visão Executiva canônica; cache IME local aa51fc0a123507c5b2ae24bd9ad54ae26ac464202a5f5d42c65f39e8a4b3ab36,.cache/fundonet-ime/aa51fc0a123507c5b2ae24bd9ad54ae26ac464202a5f5d42c65f39e8a4b3ab36
Carteiras selecionadas,SUMUP SMART I,SUMUP SMART I,62626409000175,03/2026,Vencidos Over 360 d / Crédito,0.0,ratio,Visão Executiva canônica; cache IME local aa51fc0a123507c5b2ae24bd9ad54ae26ac464202a5f5d42c65f39e8a4b3ab36,.cache/fundonet-ime/aa51fc0a123507c5b2ae24bd9ad54ae26ac464202a5f5d42c65f39e8a4b3ab36
Carteiras selecionadas,SUMUP SMART I,SUMUP SMART I,62626409000175,02/2026,Vencidos Over 360 d / Crédito,0.0,ratio,Visão Executiva canônica; cache IME local aa51fc0a123507c5b2ae24bd9ad54ae26ac464202a5f5d42c65f39e8a4b3ab36,.cache/fundonet-ime/aa51fc0a123507c5b2ae24bd9ad54ae26ac464202a5f5d42c65f39e8a4b3ab36
Carteiras selecionadas,SUMUP SMART I,SUMUP SMART I,62626409000175,01/2026,Vencidos Over 360 d / Crédito,0.0,ratio,Visão Executiva canônica; cache IME local aa51fc0a123507c5b2ae24bd9ad54ae26ac464202a5f5d42c65f39e8a4b3ab36,.cache/fundonet-ime/aa51fc0a123507c5b2ae24bd9ad54ae26ac464202a5f5d42c65f39e8a4b3ab36
Carteiras selecionadas,SUMUP SMART I,SUMUP SMART I,62626409000175,12/2025,Vencidos Over 360 d / Crédito,0.0,ratio,Visão Executiva canônica; cache IME local aa51fc0a123507c5b2ae24bd9ad54ae26ac464202a5f5d42c65f39e8a4b3ab36,.cache/fundonet-ime/aa51fc0a123507c5b2ae24bd9ad54ae26ac464202a5f5d42c65f39e8a4b3ab36
Carteiras selecionadas,SUMUP SMART I,SUMUP SMART I,62626409000175,11/2025,Vencidos Over 360 d / Crédito,0.0,ratio,Visão Executiva canônica; cache IME local aa51fc0a123507c5b2ae24bd9ad54ae26ac464202a5f5d42c65f39e8a4b3ab36,.cache/fundonet-ime/aa51fc0a123507c5b2ae24bd9ad54ae26ac464202a5f5d42c65f39e8a4b3ab36
Carteiras selecionadas,SUMUP SMART I,SUMUP SMART I,62626409000175,10/2025,Vencidos Over 360 d / Crédito,0.0,ratio,Visão Executiva canônica; cache IME local aa51fc0a123507c5b2ae24bd9ad54ae26ac464202a5f5d42c65f39e8a4b3ab36,.cache/fundonet-ime/aa51fc0a123507c5b2ae24bd9ad54ae26ac464202a5f5d42c65f39e8a4b3ab36
Carteiras selecionadas,SUMUP SMART I,SUMUP SMART I,62626409000175,06/2026,PDD (R$ MM),0.0,R$ MM,Visão Executiva canônica; cache IME local aa51fc0a123507c5b2ae24bd9ad54ae26ac464202a5f5d42c65f39e8a4b3ab36,.cache/fundonet-ime/aa51fc0a123507c5b2ae24bd9ad54ae26ac464202a5f5d42c65f39e8a4b3ab36
Carteiras selecionadas,SUMUP SMART I,SUMUP SMART I,62626409000175,05/2026,PDD (R$ MM),0.0,R$ MM,Visão Executiva canônica; cache IME local aa51fc0a123507c5b2ae24bd9ad54ae26ac464202a5f5d42c65f39e8a4b3ab36,.cache/fundonet-ime/aa51fc0a123507c5b2ae24bd9ad54ae26ac464202a5f5d42c65f39e8a4b3ab36
Carteiras selecionadas,SUMUP SMART I,SUMUP SMART I,62626409000175,04/2026,PDD (R$ MM),0.0,R$ MM,Visão Executiva canônica; cache IME local aa51fc0a123507c5b2ae24bd9ad54ae26ac464202a5f5d42c65f39e8a4b3ab36,.cache/fundonet-ime/aa51fc0a123507c5b2ae24bd9ad54ae26ac464202a5f5d42c65f39e8a4b3ab36
Carteiras selecionadas,SUMUP SMART I,SUMUP SMART I,62626409000175,03/2026,PDD (R$ MM),0.0,R$ MM,Visão Executiva canônica; cache IME local aa51fc0a123507c5b2ae24bd9ad54ae26ac464202a5f5d42c65f39e8a4b3ab36,.cache/fundonet-ime/aa51fc0a123507c5b2ae24bd9ad54ae26ac464202a5f5d42c65f39e8a4b3ab36
Carteiras selecionadas,SUMUP SMART I,SUMUP SMART I,62626409000175,02/2026,PDD (R$ MM),0.0,R$ MM,Visão Executiva canônica; cache IME local aa51fc0a123507c5b2ae24bd9ad54ae26ac464202a5f5d42c65f39e8a4b3ab36,.cache/fundonet-ime/aa51fc0a123507c5b2ae24bd9ad54ae26ac464202a5f5d42c65f39e8a4b3ab36
Carteiras selecionadas,SUMUP SMART I,SUMUP SMART I,62626409000175,01/2026,PDD (R$ MM),0.0,R$ MM,Visão Executiva canônica; cache IME local aa51fc0a123507c5b2ae24bd9ad54ae26ac464202a5f5d42c65f39e8a4b3ab36,.cache/fundonet-ime/aa51fc0a123507c5b2ae24bd9ad54ae26ac464202a5f5d42c65f39e8a4b3ab36
Carteiras selecionadas,SUMUP SMART I,SUMUP SMART I,62626409000175,12/2025,PDD (R$ MM),0.0,R$ MM,Visão Executiva canônica; cache IME local aa51fc0a123507c5b2ae24bd9ad54ae26ac464202a5f5d42c65f39e8a4b3ab36,.cache/fundonet-ime/aa51fc0a123507c5b2ae24bd9ad54ae26ac464202a5f5d42c65f39e8a4b3ab36
Carteiras selecionadas,SUMUP SMART I,SUMUP SMART I,62626409000175,11/2025,PDD (R$ MM),0.0,R$ MM,Visão Executiva canônica; cache IME local aa51fc0a123507c5b2ae24bd9ad54ae26ac464202a5f5d42c65f39e8a4b3ab36,.cache/fundonet-ime/aa51fc0a123507c5b2ae24bd9ad54ae26ac464202a5f5d42c65f39e8a4b3ab36
Carteiras selecionadas,SUMUP SMART I,SUMUP SMART I,62626409000175,10/2025,PDD (R$ MM),0.0,R$ MM,Visão Executiva canônica; cache IME local aa51fc0a123507c5b2ae24bd9ad54ae26ac464202a5f5d42c65f39e8a4b3ab36,.cache/fundonet-ime/aa51fc0a123507c5b2ae24bd9ad54ae26ac464202a5f5d42c65f39e8a4b3ab36
Carteiras selecionadas,SUMUP SMART I,SUMUP SMART I,62626409000175,06/2026,PDD / Crédito,0.0,ratio,Visão Executiva canônica; cache IME local aa51fc0a123507c5b2ae24bd9ad54ae26ac464202a5f5d42c65f39e8a4b3ab36,.cache/fundonet-ime/aa51fc0a123507c5b2ae24bd9ad54ae26ac464202a5f5d42c65f39e8a4b3ab36
Carteiras selecionadas,SUMUP SMART I,SUMUP SMART I,62626409000175,05/2026,PDD / Crédito,0.0,ratio,Visão Executiva canônica; cache IME local aa51fc0a123507c5b2ae24bd9ad54ae26ac464202a5f5d42c65f39e8a4b3ab36,.cache/fundonet-ime/aa51fc0a123507c5b2ae24bd9ad54ae26ac464202a5f5d42c65f39e8a4b3ab36
Carteiras selecionadas,SUMUP SMART I,SUMUP SMART I,62626409000175,04/2026,PDD / Crédito,0.0,ratio,Visão Executiva canônica; cache IME local aa51fc0a123507c5b2ae24bd9ad54ae26ac464202a5f5d42c65f39e8a4b3ab36,.cache/fundonet-ime/aa51fc0a123507c5b2ae24bd9ad54ae26ac464202a5f5d42c65f39e8a4b3ab36
Carteiras selecionadas,SUMUP SMART I,SUMUP SMART I,62626409000175,03/2026,PDD / Crédito,0.0,ratio,Visão Executiva canônica; cache IME local aa51fc0a123507c5b2ae24bd9ad54ae26ac464202a5f5d42c65f39e8a4b3ab36,.cache/fundonet-ime/aa51fc0a123507c5b2ae24bd9ad54ae26ac464202a5f5d42c65f39e8a4b3ab36
Carteiras selecionadas,SUMUP SMART I,SUMUP SMART I,62626409000175,02/2026,PDD / Crédito,0.0,ratio,Visão Executiva canônica; cache IME local aa51fc0a123507c5b2ae24bd9ad54ae26ac464202a5f5d42c65f39e8a4b3ab36,.cache/fundonet-ime/aa51fc0a123507c5b2ae24bd9ad54ae26ac464202a5f5d42c65f39e8a4b3ab36
Carteiras selecionadas,SUMUP SMART I,SUMUP SMART I,62626409000175,01/2026,PDD / Crédito,0.0,ratio,Visão Executiva canônica; cache IME local aa51fc0a123507c5b2ae24bd9ad54ae26ac464202a5f5d42c65f39e8a4b3ab36,.cache/fundonet-ime/aa51fc0a123507c5b2ae24bd9ad54ae26ac464202a5f5d42c65f39e8a4b3ab36
Carteiras selecionadas,SUMUP SMART I,SUMUP SMART I,62626409000175,12/2025,PDD / Crédito,0.0,ratio,Visão Executiva canônica; cache IME local aa51fc0a123507c5b2ae24bd9ad54ae26ac464202a5f5d42c65f39e8a4b3ab36,.cache/fundonet-ime/aa51fc0a123507c5b2ae24bd9ad54ae26ac464202a5f5d42c65f39e8a4b3ab36
Carteiras selecionadas,SUMUP SMART I,SUMUP SMART I,62626409000175,11/2025,PDD / Crédito,0.0,ratio,Visão Executiva canônica; cache IME local aa51fc0a123507c5b2ae24bd9ad54ae26ac464202a5f5d42c65f39e8a4b3ab36,.cache/fundonet-ime/aa51fc0a123507c5b2ae24bd9ad54ae26ac464202a5f5d42c65f39e8a4b3ab36
Carteiras selecionadas,SUMUP SMART I,SUMUP SMART I,62626409000175,10/2025,PDD / Crédito,0.0,ratio,Visão Executiva canônica; cache IME local aa51fc0a123507c5b2ae24bd9ad54ae26ac464202a5f5d42c65f39e8a4b3ab36,.cache/fundonet-ime/aa51fc0a123507c5b2ae24bd9ad54ae26ac464202a5f5d42c65f39e8a4b3ab36
Carteiras selecionadas,SUMUP SMART I,SUMUP SMART I,62626409000175,06/2026,Recompras (R$ MM),0.0,R$ MM,Visão Executiva canônica; cache IME local aa51fc0a123507c5b2ae24bd9ad54ae26ac464202a5f5d42c65f39e8a4b3ab36,.cache/fundonet-ime/aa51fc0a123507c5b2ae24bd9ad54ae26ac464202a5f5d42c65f39e8a4b3ab36
Carteiras selecionadas,SUMUP SMART I,SUMUP SMART I,62626409000175,05/2026,Recompras (R$ MM),0.0,R$ MM,Visão Executiva canônica; cache IME local aa51fc0a123507c5b2ae24bd9ad54ae26ac464202a5f5d42c65f39e8a4b3ab36,.cache/fundonet-ime/aa51fc0a123507c5b2ae24bd9ad54ae26ac464202a5f5d42c65f39e8a4b3ab36
Carteiras selecionadas,SUMUP SMART I,SUMUP SMART I,62626409000175,04/2026,Recompras (R$ MM),0.0,R$ MM,Visão Executiva canônica; cache IME local aa51fc0a123507c5b2ae24bd9ad54ae26ac464202a5f5d42c65f39e8a4b3ab36,.cache/fundonet-ime/aa51fc0a123507c5b2ae24bd9ad54ae26ac464202a5f5d42c65f39e8a4b3ab36
Carteiras selecionadas,SUMUP SMART I,SUMUP SMART I,62626409000175,03/2026,Recompras (R$ MM),0.0,R$ MM,Visão Executiva canônica; cache IME local aa51fc0a123507c5b2ae24bd9ad54ae26ac464202a5f5d42c65f39e8a4b3ab36,.cache/fundonet-ime/aa51fc0a123507c5b2ae24bd9ad54ae26ac464202a5f5d42c65f39e8a4b3ab36
Carteiras selecionadas,SUMUP SMART I,SUMUP SMART I,62626409000175,02/2026,Recompras (R$ MM),0.0,R$ MM,Visão Executiva canônica; cache IME local aa51fc0a123507c5b2ae24bd9ad54ae26ac464202a5f5d42c65f39e8a4b3ab36,.cache/fundonet-ime/aa51fc0a123507c5b2ae24bd9ad54ae26ac464202a5f5d42c65f39e8a4b3ab36
Carteiras selecionadas,SUMUP SMART I,SUMUP SMART I,62626409000175,01/2026,Recompras (R$ MM),0.0,R$ MM,Visão Executiva canônica; cache IME local aa51fc0a123507c5b2ae24bd9ad54ae26ac464202a5f5d42c65f39e8a4b3ab36,.cache/fundonet-ime/aa51fc0a123507c5b2ae24bd9ad54ae26ac464202a5f5d42c65f39e8a4b3ab36
Carteiras selecionadas,SUMUP SMART I,SUMUP SMART I,62626409000175,12/2025,Recompras (R$ MM),0.0,R$ MM,Visão Executiva canônica; cache IME local aa51fc0a123507c5b2ae24bd9ad54ae26ac464202a5f5d42c65f39e8a4b3ab36,.cache/fundonet-ime/aa51fc0a123507c5b2ae24bd9ad54ae26ac464202a5f5d42c65f39e8a4b3ab36
Carteiras selecionadas,SUMUP SMART I,SUMUP SMART I,62626409000175,11/2025,Recompras (R$ MM),0.0,R$ MM,Visão Executiva canônica; cache IME local aa51fc0a123507c5b2ae24bd9ad54ae26ac464202a5f5d42c65f39e8a4b3ab36,.cache/fundonet-ime/aa51fc0a123507c5b2ae24bd9ad54ae26ac464202a5f5d42c65f39e8a4b3ab36
Carteiras selecionadas,SUMUP SMART I,SUMUP SMART I,62626409000175,10/2025,Recompras (R$ MM),0.0,R$ MM,Visão Executiva canônica; cache IME local aa51fc0a123507c5b2ae24bd9ad54ae26ac464202a5f5d42c65f39e8a4b3ab36,.cache/fundonet-ime/aa51fc0a123507c5b2ae24bd9ad54ae26ac464202a5f5d42c65f39e8a4b3ab36
Carteiras selecionadas,SUMUP SMART I,SUMUP SMART I,62626409000175,06/2026,Recompras / Crédito,0.0,ratio,Visão Executiva canônica; cache IME local aa51fc0a123507c5b2ae24bd9ad54ae26ac464202a5f5d42c65f39e8a4b3ab36,.cache/fundonet-ime/aa51fc0a123507c5b2ae24bd9ad54ae26ac464202a5f5d42c65f39e8a4b3ab36
Carteiras selecionadas,SUMUP SMART I,SUMUP SMART I,62626409000175,05/2026,Recompras / Crédito,0.0,ratio,Visão Executiva canônica; cache IME local aa51fc0a123507c5b2ae24bd9ad54ae26ac464202a5f5d42c65f39e8a4b3ab36,.cache/fundonet-ime/aa51fc0a123507c5b2ae24bd9ad54ae26ac464202a5f5d42c65f39e8a4b3ab36
Carteiras selecionadas,SUMUP SMART I,SUMUP SMART I,62626409000175,04/2026,Recompras / Crédito,0.0,ratio,Visão Executiva canônica; cache IME local aa51fc0a123507c5b2ae24bd9ad54ae26ac464202a5f5d42c65f39e8a4b3ab36,.cache/fundonet-ime/aa51fc0a123507c5b2ae24bd9ad54ae26ac464202a5f5d42c65f39e8a4b3ab36
Carteiras selecionadas,SUMUP SMART I,SUMUP SMART I,62626409000175,03/2026,Recompras / Crédito,0.0,ratio,Visão Executiva canônica; cache IME local aa51fc0a123507c5b2ae24bd9ad54ae26ac464202a5f5d42c65f39e8a4b3ab36,.cache/fundonet-ime/aa51fc0a123507c5b2ae24bd9ad54ae26ac464202a5f5d42c65f39e8a4b3ab36
Carteiras selecionadas,SUMUP SMART I,SUMUP SMART I,62626409000175,02/2026,Recompras / Crédito,0.0,ratio,Visão Executiva canônica; cache IME local aa51fc0a123507c5b2ae24bd9ad54ae26ac464202a5f5d42c65f39e8a4b3ab36,.cache/fundonet-ime/aa51fc0a123507c5b2ae24bd9ad54ae26ac464202a5f5d42c65f39e8a4b3ab36
Carteiras selecionadas,SUMUP SMART I,SUMUP SMART I,62626409000175,01/2026,Recompras / Crédito,0.0,ratio,Visão Executiva canônica; cache IME local aa51fc0a123507c5b2ae24bd9ad54ae26ac464202a5f5d42c65f39e8a4b3ab36,.cache/fundonet-ime/aa51fc0a123507c5b2ae24bd9ad54ae26ac464202a5f5d42c65f39e8a4b3ab36
Carteiras selecionadas,SUMUP SMART I,SUMUP SMART I,62626409000175,12/2025,Recompras / Crédito,0.0,ratio,Visão Executiva canônica; cache IME local aa51fc0a123507c5b2ae24bd9ad54ae26ac464202a5f5d42c65f39e8a4b3ab36,.cache/fundonet-ime/aa51fc0a123507c5b2ae24bd9ad54ae26ac464202a5f5d42c65f39e8a4b3ab36
Carteiras selecionadas,SUMUP SMART I,SUMUP SMART I,62626409000175,11/2025,Recompras / Crédito,0.0,ratio,Visão Executiva canônica; cache IME local aa51fc0a123507c5b2ae24bd9ad54ae26ac464202a5f5d42c65f39e8a4b3ab36,.cache/fundonet-ime/aa51fc0a123507c5b2ae24bd9ad54ae26ac464202a5f5d42c65f39e8a4b3ab36
Carteiras selecionadas,SUMUP SMART I,SUMUP SMART I,62626409000175,10/2025,Recompras / Crédito,0.0,ratio,Visão Executiva canônica; cache IME local aa51fc0a123507c5b2ae24bd9ad54ae26ac464202a5f5d42c65f39e8a4b3ab36,.cache/fundonet-ime/aa51fc0a123507c5b2ae24bd9ad54ae26ac464202a5f5d42c65f39e8a4b3ab36
Carteiras selecionadas,SUMUP SMART I,SUMUP SMART I,62626409000175,06/2026,Recompras / PL,0.0,ratio,Visão Executiva canônica; cache IME local aa51fc0a123507c5b2ae24bd9ad54ae26ac464202a5f5d42c65f39e8a4b3ab36,.cache/fundonet-ime/aa51fc0a123507c5b2ae24bd9ad54ae26ac464202a5f5d42c65f39e8a4b3ab36
Carteiras selecionadas,SUMUP SMART I,SUMUP SMART I,62626409000175,05/2026,Recompras / PL,0.0,ratio,Visão Executiva canônica; cache IME local aa51fc0a123507c5b2ae24bd9ad54ae26ac464202a5f5d42c65f39e8a4b3ab36,.cache/fundonet-ime/aa51fc0a123507c5b2ae24bd9ad54ae26ac464202a5f5d42c65f39e8a4b3ab36
Carteiras selecionadas,SUMUP SMART I,SUMUP SMART I,62626409000175,04/2026,Recompras / PL,0.0,ratio,Visão Executiva canônica; cache IME local aa51fc0a123507c5b2ae24bd9ad54ae26ac464202a5f5d42c65f39e8a4b3ab36,.cache/fundonet-ime/aa51fc0a123507c5b2ae24bd9ad54ae26ac464202a5f5d42c65f39e8a4b3ab36
Carteiras selecionadas,SUMUP SMART I,SUMUP SMART I,62626409000175,03/2026,Recompras / PL,0.0,ratio,Visão Executiva canônica; cache IME local aa51fc0a123507c5b2ae24bd9ad54ae26ac464202a5f5d42c65f39e8a4b3ab36,.cache/fundonet-ime/aa51fc0a123507c5b2ae24bd9ad54ae26ac464202a5f5d42c65f39e8a4b3ab36
Carteiras selecionadas,SUMUP SMART I,SUMUP SMART I,62626409000175,02/2026,Recompras / PL,0.0,ratio,Visão Executiva canônica; cache IME local aa51fc0a123507c5b2ae24bd9ad54ae26ac464202a5f5d42c65f39e8a4b3ab36,.cache/fundonet-ime/aa51fc0a123507c5b2ae24bd9ad54ae26ac464202a5f5d42c65f39e8a4b3ab36
Carteiras selecionadas,SUMUP SMART I,SUMUP SMART I,62626409000175,01/2026,Recompras / PL,0.0,ratio,Visão Executiva canônica; cache IME local aa51fc0a123507c5b2ae24bd9ad54ae26ac464202a5f5d42c65f39e8a4b3ab36,.cache/fundonet-ime/aa51fc0a123507c5b2ae24bd9ad54ae26ac464202a5f5d42c65f39e8a4b3ab36
Carteiras selecionadas,SUMUP SMART I,SUMUP SMART I,62626409000175,12/2025,Recompras / PL,0.0,ratio,Visão Executiva canônica; cache IME local aa51fc0a123507c5b2ae24bd9ad54ae26ac464202a5f5d42c65f39e8a4b3ab36,.cache/fundonet-ime/aa51fc0a123507c5b2ae24bd9ad54ae26ac464202a5f5d42c65f39e8a4b3ab36
Carteiras selecionadas,SUMUP SMART I,SUMUP SMART I,62626409000175,11/2025,Recompras / PL,0.0,ratio,Visão Executiva canônica; cache IME local aa51fc0a123507c5b2ae24bd9ad54ae26ac464202a5f5d42c65f39e8a4b3ab36,.cache/fundonet-ime/aa51fc0a123507c5b2ae24bd9ad54ae26ac464202a5f5d42c65f39e8a4b3ab36
Carteiras selecionadas,SUMUP SMART I,SUMUP SMART I,62626409000175,10/2025,Recompras / PL,0.0,ratio,Visão Executiva canônica; cache IME local aa51fc0a123507c5b2ae24bd9ad54ae26ac464202a5f5d42c65f39e8a4b3ab36,.cache/fundonet-ime/aa51fc0a123507c5b2ae24bd9ad54ae26ac464202a5f5d42c65f39e8a4b3ab36
Carteiras selecionadas,SUMUP SMART I,SUMUP SMART I,62626409000175,06/2026,Cotas SR / PL %,96.12551370476024,%,Visão Executiva canônica; cache IME local aa51fc0a123507c5b2ae24bd9ad54ae26ac464202a5f5d42c65f39e8a4b3ab36,.cache/fundonet-ime/aa51fc0a123507c5b2ae24bd9ad54ae26ac464202a5f5d42c65f39e8a4b3ab36
Carteiras selecionadas,SUMUP SMART I,SUMUP SMART I,62626409000175,05/2026,Cotas SR / PL %,96.3299438801752,%,Visão Executiva canônica; cache IME local aa51fc0a123507c5b2ae24bd9ad54ae26ac464202a5f5d42c65f39e8a4b3ab36,.cache/fundonet-ime/aa51fc0a123507c5b2ae24bd9ad54ae26ac464202a5f5d42c65f39e8a4b3ab36
Carteiras selecionadas,SUMUP SMART I,SUMUP SMART I,62626409000175,04/2026,Cotas SR / PL %,96.52170573019883,%,Visão Executiva canônica; cache IME local aa51fc0a123507c5b2ae24bd9ad54ae26ac464202a5f5d42c65f39e8a4b3ab36,.cache/fundonet-ime/aa51fc0a123507c5b2ae24bd9ad54ae26ac464202a5f5d42c65f39e8a4b3ab36
Carteiras selecionadas,SUMUP SMART I,SUMUP SMART I,62626409000175,03/2026,Cotas SR / PL %,96.71327206456778,%,Visão Executiva canônica; cache IME local aa51fc0a123507c5b2ae24bd9ad54ae26ac464202a5f5d42c65f39e8a4b3ab36,.cache/fundonet-ime/aa51fc0a123507c5b2ae24bd9ad54ae26ac464202a5f5d42c65f39e8a4b3ab36
Carteiras selecionadas,SUMUP SMART I,SUMUP SMART I,62626409000175,02/2026,Cotas SR / PL %,96.90288602633463,%,Visão Executiva canônica; cache IME local aa51fc0a123507c5b2ae24bd9ad54ae26ac464202a5f5d42c65f39e8a4b3ab36,.cache/fundonet-ime/aa51fc0a123507c5b2ae24bd9ad54ae26ac464202a5f5d42c65f39e8a4b3ab36
Carteiras selecionadas,SUMUP SMART I,SUMUP SMART I,62626409000175,01/2026,Cotas SR / PL %,97.06064879339283,%,Visão Executiva canônica; cache IME local aa51fc0a123507c5b2ae24bd9ad54ae26ac464202a5f5d42c65f39e8a4b3ab36,.cache/fundonet-ime/aa51fc0a123507c5b2ae24bd9ad54ae26ac464202a5f5d42c65f39e8a4b3ab36
Carteiras selecionadas,SUMUP SMART I,SUMUP SMART I,62626409000175,12/2025,Cotas SR / PL %,97.22572879503225,%,Visão Executiva canônica; cache IME local aa51fc0a123507c5b2ae24bd9ad54ae26ac464202a5f5d42c65f39e8a4b3ab36,.cache/fundonet-ime/aa51fc0a123507c5b2ae24bd9ad54ae26ac464202a5f5d42c65f39e8a4b3ab36
Carteiras selecionadas,SUMUP SMART I,SUMUP SMART I,62626409000175,11/2025,Cotas SR / PL %,97.37619158040823,%,Visão Executiva canônica; cache IME local aa51fc0a123507c5b2ae24bd9ad54ae26ac464202a5f5d42c65f39e8a4b3ab36,.cache/fundonet-ime/aa51fc0a123507c5b2ae24bd9ad54ae26ac464202a5f5d42c65f39e8a4b3ab36
Carteiras selecionadas,SUMUP SMART I,SUMUP SMART I,62626409000175,10/2025,Cotas SR / PL %,97.5000047330072,%,Visão Executiva canônica; cache IME local aa51fc0a123507c5b2ae24bd9ad54ae26ac464202a5f5d42c65f39e8a4b3ab36,.cache/fundonet-ime/aa51fc0a123507c5b2ae24bd9ad54ae26ac464202a5f5d42c65f39e8a4b3ab36
Carteiras selecionadas,SUMUP SMART I,SUMUP SMART I,62626409000175,06/2026,Cotas Sub / PL %,3.8744862964633517,%,Visão Executiva canônica; cache IME local aa51fc0a123507c5b2ae24bd9ad54ae26ac464202a5f5d42c65f39e8a4b3ab36,.cache/fundonet-ime/aa51fc0a123507c5b2ae24bd9ad54ae26ac464202a5f5d42c65f39e8a4b3ab36
Carteiras selecionadas,SUMUP SMART I,SUMUP SMART I,62626409000175,05/2026,Cotas Sub / PL %,3.6700561163119136,%,Visão Executiva canônica; cache IME local aa51fc0a123507c5b2ae24bd9ad54ae26ac464202a5f5d42c65f39e8a4b3ab36,.cache/fundonet-ime/aa51fc0a123507c5b2ae24bd9ad54ae26ac464202a5f5d42c65f39e8a4b3ab36
Carteiras selecionadas,SUMUP SMART I,SUMUP SMART I,62626409000175,04/2026,Cotas Sub / PL %,3.478294255516206,%,Visão Executiva canônica; cache IME local aa51fc0a123507c5b2ae24bd9ad54ae26ac464202a5f5d42c65f39e8a4b3ab36,.cache/fundonet-ime/aa51fc0a123507c5b2ae24bd9ad54ae26ac464202a5f5d42c65f39e8a4b3ab36
Carteiras selecionadas,SUMUP SMART I,SUMUP SMART I,62626409000175,03/2026,Cotas Sub / PL %,3.2867279257008337,%,Visão Executiva canônica; cache IME local aa51fc0a123507c5b2ae24bd9ad54ae26ac464202a5f5d42c65f39e8a4b3ab36,.cache/fundonet-ime/aa51fc0a123507c5b2ae24bd9ad54ae26ac464202a5f5d42c65f39e8a4b3ab36
Carteiras selecionadas,SUMUP SMART I,SUMUP SMART I,62626409000175,02/2026,Cotas Sub / PL %,3.097113973555577,%,Visão Executiva canônica; cache IME local aa51fc0a123507c5b2ae24bd9ad54ae26ac464202a5f5d42c65f39e8a4b3ab36,.cache/fundonet-ime/aa51fc0a123507c5b2ae24bd9ad54ae26ac464202a5f5d42c65f39e8a4b3ab36
Carteiras selecionadas,SUMUP SMART I,SUMUP SMART I,62626409000175,01/2026,Cotas Sub / PL %,2.9393511908888184,%,Visão Executiva canônica; cache IME local aa51fc0a123507c5b2ae24bd9ad54ae26ac464202a5f5d42c65f39e8a4b3ab36,.cache/fundonet-ime/aa51fc0a123507c5b2ae24bd9ad54ae26ac464202a5f5d42c65f39e8a4b3ab36
Carteiras selecionadas,SUMUP SMART I,SUMUP SMART I,62626409000175,12/2025,Cotas Sub / PL %,2.774271201998386,%,Visão Executiva canônica; cache IME local aa51fc0a123507c5b2ae24bd9ad54ae26ac464202a5f5d42c65f39e8a4b3ab36,.cache/fundonet-ime/aa51fc0a123507c5b2ae24bd9ad54ae26ac464202a5f5d42c65f39e8a4b3ab36
Carteiras selecionadas,SUMUP SMART I,SUMUP SMART I,62626409000175,11/2025,Cotas Sub / PL %,2.6238084096453362,%,Visão Executiva canônica; cache IME local aa51fc0a123507c5b2ae24bd9ad54ae26ac464202a5f5d42c65f39e8a4b3ab36,.cache/fundonet-ime/aa51fc0a123507c5b2ae24bd9ad54ae26ac464202a5f5d42c65f39e8a4b3ab36
Carteiras selecionadas,SUMUP SMART I,SUMUP SMART I,62626409000175,10/2025,Cotas Sub / PL %,2.499995257951002,%,Visão Executiva canônica; cache IME local aa51fc0a123507c5b2ae24bd9ad54ae26ac464202a5f5d42c65f39e8a4b3ab36,.cache/fundonet-ime/aa51fc0a123507c5b2ae24bd9ad54ae26ac464202a5f5d42c65f39e8a4b3ab36
Carteiras selecionadas,SUMUP SMART I,SUMUP SMART I,62626409000175,06/2026,Rentabilidade SR % a.m.,1.16,%,Visão Executiva canônica; cache IME local aa51fc0a123507c5b2ae24bd9ad54ae26ac464202a5f5d42c65f39e8a4b3ab36,.cache/fundonet-ime/aa51fc0a123507c5b2ae24bd9ad54ae26ac464202a5f5d42c65f39e8a4b3ab36
Carteiras selecionadas,SUMUP SMART I,SUMUP SMART I,62626409000175,05/2026,Rentabilidade SR % a.m.,1.11,%,Visão Executiva canônica; cache IME local aa51fc0a123507c5b2ae24bd9ad54ae26ac464202a5f5d42c65f39e8a4b3ab36,.cache/fundonet-ime/aa51fc0a123507c5b2ae24bd9ad54ae26ac464202a5f5d42c65f39e8a4b3ab36
Carteiras selecionadas,SUMUP SMART I,SUMUP SMART I,62626409000175,04/2026,Rentabilidade SR % a.m.,1.13,%,Visão Executiva canônica; cache IME local aa51fc0a123507c5b2ae24bd9ad54ae26ac464202a5f5d42c65f39e8a4b3ab36,.cache/fundonet-ime/aa51fc0a123507c5b2ae24bd9ad54ae26ac464202a5f5d42c65f39e8a4b3ab36
Carteiras selecionadas,SUMUP SMART I,SUMUP SMART I,62626409000175,03/2026,Rentabilidade SR % a.m.,1.25,%,Visão Executiva canônica; cache IME local aa51fc0a123507c5b2ae24bd9ad54ae26ac464202a5f5d42c65f39e8a4b3ab36,.cache/fundonet-ime/aa51fc0a123507c5b2ae24bd9ad54ae26ac464202a5f5d42c65f39e8a4b3ab36
Carteiras selecionadas,SUMUP SMART I,SUMUP SMART I,62626409000175,02/2026,Rentabilidade SR % a.m.,1.03,%,Visão Executiva canônica; cache IME local aa51fc0a123507c5b2ae24bd9ad54ae26ac464202a5f5d42c65f39e8a4b3ab36,.cache/fundonet-ime/aa51fc0a123507c5b2ae24bd9ad54ae26ac464202a5f5d42c65f39e8a4b3ab36
Carteiras selecionadas,SUMUP SMART I,SUMUP SMART I,62626409000175,01/2026,Rentabilidade SR % a.m.,1.2,%,Visão Executiva canônica; cache IME local aa51fc0a123507c5b2ae24bd9ad54ae26ac464202a5f5d42c65f39e8a4b3ab36,.cache/fundonet-ime/aa51fc0a123507c5b2ae24bd9ad54ae26ac464202a5f5d42c65f39e8a4b3ab36
Carteiras selecionadas,SUMUP SMART I,SUMUP SMART I,62626409000175,12/2025,Rentabilidade SR % a.m.,1.26,%,Visão Executiva canônica; cache IME local aa51fc0a123507c5b2ae24bd9ad54ae26ac464202a5f5d42c65f39e8a4b3ab36,.cache/fundonet-ime/aa51fc0a123507c5b2ae24bd9ad54ae26ac464202a5f5d42c65f39e8a4b3ab36
Carteiras selecionadas,SUMUP SMART I,SUMUP SMART I,62626409000175,11/2025,Rentabilidade SR % a.m.,1.09,%,Visão Executiva canônica; cache IME local aa51fc0a123507c5b2ae24bd9ad54ae26ac464202a5f5d42c65f39e8a4b3ab36,.cache/fundonet-ime/aa51fc0a123507c5b2ae24bd9ad54ae26ac464202a5f5d42c65f39e8a4b3ab36
Carteiras selecionadas,SUMUP SMART I,SUMUP SMART I,62626409000175,10/2025,Rentabilidade SR % a.m.,0.46,%,Visão Executiva canônica; cache IME local aa51fc0a123507c5b2ae24bd9ad54ae26ac464202a5f5d42c65f39e8a4b3ab36,.cache/fundonet-ime/aa51fc0a123507c5b2ae24bd9ad54ae26ac464202a5f5d42c65f39e8a4b3ab36
Carteiras selecionadas,SUMUP SMART I,SUMUP SMART I,62626409000175,06/2026,Rentabilidade Sub % a.m.,5.73,%,Visão Executiva canônica; cache IME local aa51fc0a123507c5b2ae24bd9ad54ae26ac464202a5f5d42c65f39e8a4b3ab36,.cache/fundonet-ime/aa51fc0a123507c5b2ae24bd9ad54ae26ac464202a5f5d42c65f39e8a4b3ab36
Carteiras selecionadas,SUMUP SMART I,SUMUP SMART I,62626409000175,05/2026,Rentabilidade Sub % a.m.,5.83,%,Visão Executiva canônica; cache IME local aa51fc0a123507c5b2ae24bd9ad54ae26ac464202a5f5d42c65f39e8a4b3ab36,.cache/fundonet-ime/aa51fc0a123507c5b2ae24bd9ad54ae26ac464202a5f5d42c65f39e8a4b3ab36
Carteiras selecionadas,SUMUP SMART I,SUMUP SMART I,62626409000175,04/2026,Rentabilidade Sub % a.m.,5.91,%,Visão Executiva canônica; cache IME local aa51fc0a123507c5b2ae24bd9ad54ae26ac464202a5f5d42c65f39e8a4b3ab36,.cache/fundonet-ime/aa51fc0a123507c5b2ae24bd9ad54ae26ac464202a5f5d42c65f39e8a4b3ab36
Carteiras selecionadas,SUMUP SMART I,SUMUP SMART I,62626409000175,03/2026,Rentabilidade Sub % a.m.,6.57,%,Visão Executiva canônica; cache IME local aa51fc0a123507c5b2ae24bd9ad54ae26ac464202a5f5d42c65f39e8a4b3ab36,.cache/fundonet-ime/aa51fc0a123507c5b2ae24bd9ad54ae26ac464202a5f5d42c65f39e8a4b3ab36
Carteiras selecionadas,SUMUP SMART I,SUMUP SMART I,62626409000175,02/2026,Rentabilidade Sub % a.m.,5.03,%,Visão Executiva canônica; cache IME local aa51fc0a123507c5b2ae24bd9ad54ae26ac464202a5f5d42c65f39e8a4b3ab36,.cache/fundonet-ime/aa51fc0a123507c5b2ae24bd9ad54ae26ac464202a5f5d42c65f39e8a4b3ab36
Carteiras selecionadas,SUMUP SMART I,SUMUP SMART I,62626409000175,01/2026,Rentabilidade Sub % a.m.,6.190000000000001,%,Visão Executiva canônica; cache IME local aa51fc0a123507c5b2ae24bd9ad54ae26ac464202a5f5d42c65f39e8a4b3ab36,.cache/fundonet-ime/aa51fc0a123507c5b2ae24bd9ad54ae26ac464202a5f5d42c65f39e8a4b3ab36
Carteiras selecionadas,SUMUP SMART I,SUMUP SMART I,62626409000175,12/2025,Rentabilidade Sub % a.m.,5.96,%,Visão Executiva canônica; cache IME local aa51fc0a123507c5b2ae24bd9ad54ae26ac464202a5f5d42c65f39e8a4b3ab36,.cache/fundonet-ime/aa51fc0a123507c5b2ae24bd9ad54ae26ac464202a5f5d42c65f39e8a4b3ab36
Carteiras selecionadas,SUMUP SMART I,SUMUP SMART I,62626409000175,11/2025,Rentabilidade Sub % a.m.,5.33,%,Visão Executiva canônica; cache IME local aa51fc0a123507c5b2ae24bd9ad54ae26ac464202a5f5d42c65f39e8a4b3ab36,.cache/fundonet-ime/aa51fc0a123507c5b2ae24bd9ad54ae26ac464202a5f5d42c65f39e8a4b3ab36
Carteiras selecionadas,SUMUP SMART I,SUMUP SMART I,62626409000175,10/2025,Rentabilidade Sub % a.m.,-16.03,%,Visão Executiva canônica; cache IME local aa51fc0a123507c5b2ae24bd9ad54ae26ac464202a5f5d42c65f39e8a4b3ab36,.cache/fundonet-ime/aa51fc0a123507c5b2ae24bd9ad54ae26ac464202a5f5d42c65f39e8a4b3ab36
Carteiras selecionadas,SUMUP SMART I,SUMUP SMART I,62626409000175,06/2026,Cotas MZ / PL %,0.0,%,Visão Executiva canônica; cache IME local aa51fc0a123507c5b2ae24bd9ad54ae26ac464202a5f5d42c65f39e8a4b3ab36,.cache/fundonet-ime/aa51fc0a123507c5b2ae24bd9ad54ae26ac464202a5f5d42c65f39e8a4b3ab36
Carteiras selecionadas,SUMUP SMART I,SUMUP SMART I,62626409000175,05/2026,Cotas MZ / PL %,0.0,%,Visão Executiva canônica; cache IME local aa51fc0a123507c5b2ae24bd9ad54ae26ac464202a5f5d42c65f39e8a4b3ab36,.cache/fundonet-ime/aa51fc0a123507c5b2ae24bd9ad54ae26ac464202a5f5d42c65f39e8a4b3ab36
Carteiras selecionadas,SUMUP SMART I,SUMUP SMART I,62626409000175,04/2026,Cotas MZ / PL %,0.0,%,Visão Executiva canônica; cache IME local aa51fc0a123507c5b2ae24bd9ad54ae26ac464202a5f5d42c65f39e8a4b3ab36,.cache/fundonet-ime/aa51fc0a123507c5b2ae24bd9ad54ae26ac464202a5f5d42c65f39e8a4b3ab36
Carteiras selecionadas,SUMUP SMART I,SUMUP SMART I,62626409000175,03/2026,Cotas MZ / PL %,0.0,%,Visão Executiva canônica; cache IME local aa51fc0a123507c5b2ae24bd9ad54ae26ac464202a5f5d42c65f39e8a4b3ab36,.cache/fundonet-ime/aa51fc0a123507c5b2ae24bd9ad54ae26ac464202a5f5d42c65f39e8a4b3ab36
Carteiras selecionadas,SUMUP SMART I,SUMUP SMART I,62626409000175,02/2026,Cotas MZ / PL %,0.0,%,Visão Executiva canônica; cache IME local aa51fc0a123507c5b2ae24bd9ad54ae26ac464202a5f5d42c65f39e8a4b3ab36,.cache/fundonet-ime/aa51fc0a123507c5b2ae24bd9ad54ae26ac464202a5f5d42c65f39e8a4b3ab36
Carteiras selecionadas,SUMUP SMART I,SUMUP SMART I,62626409000175,01/2026,Cotas MZ / PL %,0.0,%,Visão Executiva canônica; cache IME local aa51fc0a123507c5b2ae24bd9ad54ae26ac464202a5f5d42c65f39e8a4b3ab36,.cache/fundonet-ime/aa51fc0a123507c5b2ae24bd9ad54ae26ac464202a5f5d42c65f39e8a4b3ab36
Carteiras selecionadas,SUMUP SMART I,SUMUP SMART I,62626409000175,12/2025,Cotas MZ / PL %,0.0,%,Visão Executiva canônica; cache IME local aa51fc0a123507c5b2ae24bd9ad54ae26ac464202a5f5d42c65f39e8a4b3ab36,.cache/fundonet-ime/aa51fc0a123507c5b2ae24bd9ad54ae26ac464202a5f5d42c65f39e8a4b3ab36
Carteiras selecionadas,SUMUP SMART I,SUMUP SMART I,62626409000175,11/2025,Cotas MZ / PL %,0.0,%,Visão Executiva canônica; cache IME local aa51fc0a123507c5b2ae24bd9ad54ae26ac464202a5f5d42c65f39e8a4b3ab36,.cache/fundonet-ime/aa51fc0a123507c5b2ae24bd9ad54ae26ac464202a5f5d42c65f39e8a4b3ab36
Carteiras selecionadas,SUMUP SMART I,SUMUP SMART I,62626409000175,10/2025,Cotas MZ / PL %,0.0,%,Visão Executiva canônica; cache IME local aa51fc0a123507c5b2ae24bd9ad54ae26ac464202a5f5d42c65f39e8a4b3ab36,.cache/fundonet-ime/aa51fc0a123507c5b2ae24bd9ad54ae26ac464202a5f5d42c65f39e8a4b3ab36
Carteiras selecionadas,SUMUP SMART II,SUMUP SMART II,62627051000103,06/2026,PL (R$),408290802.91,R$ bruto,Visão Executiva canônica; cache IME local e56da259d64a53b6bd130500755e02ffeeb678f05d93fd76ad1e36c3df54afa3,.cache/fundonet-ime/e56da259d64a53b6bd130500755e02ffeeb678f05d93fd76ad1e36c3df54afa3
Carteiras selecionadas,SUMUP SMART II,SUMUP SMART II,62627051000103,05/2026,PL (R$),407670161.73,R$ bruto,Visão Executiva canônica; cache IME local e56da259d64a53b6bd130500755e02ffeeb678f05d93fd76ad1e36c3df54afa3,.cache/fundonet-ime/e56da259d64a53b6bd130500755e02ffeeb678f05d93fd76ad1e36c3df54afa3
Carteiras selecionadas,SUMUP SMART II,SUMUP SMART II,62627051000103,04/2026,PL (R$),406442148.54,R$ bruto,Visão Executiva canônica; cache IME local e56da259d64a53b6bd130500755e02ffeeb678f05d93fd76ad1e36c3df54afa3,.cache/fundonet-ime/e56da259d64a53b6bd130500755e02ffeeb678f05d93fd76ad1e36c3df54afa3
Carteiras selecionadas,SUMUP SMART II,SUMUP SMART II,62627051000103,03/2026,PL (R$),406142263.81,R$ bruto,Visão Executiva canônica; cache IME local e56da259d64a53b6bd130500755e02ffeeb678f05d93fd76ad1e36c3df54afa3,.cache/fundonet-ime/e56da259d64a53b6bd130500755e02ffeeb678f05d93fd76ad1e36c3df54afa3
Carteiras selecionadas,SUMUP SMART II,SUMUP SMART II,62627051000103,02/2026,PL (R$),404467367.02,R$ bruto,Visão Executiva canônica; cache IME local e56da259d64a53b6bd130500755e02ffeeb678f05d93fd76ad1e36c3df54afa3,.cache/fundonet-ime/e56da259d64a53b6bd130500755e02ffeeb678f05d93fd76ad1e36c3df54afa3
Carteiras selecionadas,SUMUP SMART II,SUMUP SMART II,62627051000103,01/2026,PL (R$),404779512.56,R$ bruto,Visão Executiva canônica; cache IME local e56da259d64a53b6bd130500755e02ffeeb678f05d93fd76ad1e36c3df54afa3,.cache/fundonet-ime/e56da259d64a53b6bd130500755e02ffeeb678f05d93fd76ad1e36c3df54afa3
Carteiras selecionadas,SUMUP SMART II,SUMUP SMART II,62627051000103,12/2025,PL (R$),403908532.82,R$ bruto,Visão Executiva canônica; cache IME local e56da259d64a53b6bd130500755e02ffeeb678f05d93fd76ad1e36c3df54afa3,.cache/fundonet-ime/e56da259d64a53b6bd130500755e02ffeeb678f05d93fd76ad1e36c3df54afa3
Carteiras selecionadas,SUMUP SMART II,SUMUP SMART II,62627051000103,11/2025,PL (R$),403110595.99,R$ bruto,Visão Executiva canônica; cache IME local e56da259d64a53b6bd130500755e02ffeeb678f05d93fd76ad1e36c3df54afa3,.cache/fundonet-ime/e56da259d64a53b6bd130500755e02ffeeb678f05d93fd76ad1e36c3df54afa3
Carteiras selecionadas,SUMUP SMART II,SUMUP SMART II,62627051000103,10/2025,PL (R$),401811167.88,R$ bruto,Visão Executiva canônica; cache IME local e56da259d64a53b6bd130500755e02ffeeb678f05d93fd76ad1e36c3df54afa3,.cache/fundonet-ime/e56da259d64a53b6bd130500755e02ffeeb678f05d93fd76ad1e36c3df54afa3
Carteiras selecionadas,SUMUP SMART II,SUMUP SMART II,62627051000103,06/2026,PL (R$ MM),408.29080291,R$ MM,Visão Executiva canônica; cache IME local e56da259d64a53b6bd130500755e02ffeeb678f05d93fd76ad1e36c3df54afa3,.cache/fundonet-ime/e56da259d64a53b6bd130500755e02ffeeb678f05d93fd76ad1e36c3df54afa3
Carteiras selecionadas,SUMUP SMART II,SUMUP SMART II,62627051000103,05/2026,PL (R$ MM),407.67016173,R$ MM,Visão Executiva canônica; cache IME local e56da259d64a53b6bd130500755e02ffeeb678f05d93fd76ad1e36c3df54afa3,.cache/fundonet-ime/e56da259d64a53b6bd130500755e02ffeeb678f05d93fd76ad1e36c3df54afa3
Carteiras selecionadas,SUMUP SMART II,SUMUP SMART II,62627051000103,04/2026,PL (R$ MM),406.44214854,R$ MM,Visão Executiva canônica; cache IME local e56da259d64a53b6bd130500755e02ffeeb678f05d93fd76ad1e36c3df54afa3,.cache/fundonet-ime/e56da259d64a53b6bd130500755e02ffeeb678f05d93fd76ad1e36c3df54afa3
Carteiras selecionadas,SUMUP SMART II,SUMUP SMART II,62627051000103,03/2026,PL (R$ MM),406.14226381,R$ MM,Visão Executiva canônica; cache IME local e56da259d64a53b6bd130500755e02ffeeb678f05d93fd76ad1e36c3df54afa3,.cache/fundonet-ime/e56da259d64a53b6bd130500755e02ffeeb678f05d93fd76ad1e36c3df54afa3
Carteiras selecionadas,SUMUP SMART II,SUMUP SMART II,62627051000103,02/2026,PL (R$ MM),404.46736702,R$ MM,Visão Executiva canônica; cache IME local e56da259d64a53b6bd130500755e02ffeeb678f05d93fd76ad1e36c3df54afa3,.cache/fundonet-ime/e56da259d64a53b6bd130500755e02ffeeb678f05d93fd76ad1e36c3df54afa3
Carteiras selecionadas,SUMUP SMART II,SUMUP SMART II,62627051000103,01/2026,PL (R$ MM),404.77951256,R$ MM,Visão Executiva canônica; cache IME local e56da259d64a53b6bd130500755e02ffeeb678f05d93fd76ad1e36c3df54afa3,.cache/fundonet-ime/e56da259d64a53b6bd130500755e02ffeeb678f05d93fd76ad1e36c3df54afa3
Carteiras selecionadas,SUMUP SMART II,SUMUP SMART II,62627051000103,12/2025,PL (R$ MM),403.90853282,R$ MM,Visão Executiva canônica; cache IME local e56da259d64a53b6bd130500755e02ffeeb678f05d93fd76ad1e36c3df54afa3,.cache/fundonet-ime/e56da259d64a53b6bd130500755e02ffeeb678f05d93fd76ad1e36c3df54afa3
Carteiras selecionadas,SUMUP SMART II,SUMUP SMART II,62627051000103,11/2025,PL (R$ MM),403.11059599000004,R$ MM,Visão Executiva canônica; cache IME local e56da259d64a53b6bd130500755e02ffeeb678f05d93fd76ad1e36c3df54afa3,.cache/fundonet-ime/e56da259d64a53b6bd130500755e02ffeeb678f05d93fd76ad1e36c3df54afa3
Carteiras selecionadas,SUMUP SMART II,SUMUP SMART II,62627051000103,10/2025,PL (R$ MM),401.81116787999997,R$ MM,Visão Executiva canônica; cache IME local e56da259d64a53b6bd130500755e02ffeeb678f05d93fd76ad1e36c3df54afa3,.cache/fundonet-ime/e56da259d64a53b6bd130500755e02ffeeb678f05d93fd76ad1e36c3df54afa3
Carteiras selecionadas,SUMUP SMART II,SUMUP SMART II,62627051000103,06/2026,Dir Cred (R$ MM),403.25324802999995,R$ MM,Visão Executiva canônica; cache IME local e56da259d64a53b6bd130500755e02ffeeb678f05d93fd76ad1e36c3df54afa3,.cache/fundonet-ime/e56da259d64a53b6bd130500755e02ffeeb678f05d93fd76ad1e36c3df54afa3
Carteiras selecionadas,SUMUP SMART II,SUMUP SMART II,62627051000103,05/2026,Dir Cred (R$ MM),401.22432217,R$ MM,Visão Executiva canônica; cache IME local e56da259d64a53b6bd130500755e02ffeeb678f05d93fd76ad1e36c3df54afa3,.cache/fundonet-ime/e56da259d64a53b6bd130500755e02ffeeb678f05d93fd76ad1e36c3df54afa3
Carteiras selecionadas,SUMUP SMART II,SUMUP SMART II,62627051000103,04/2026,Dir Cred (R$ MM),402.13413481,R$ MM,Visão Executiva canônica; cache IME local e56da259d64a53b6bd130500755e02ffeeb678f05d93fd76ad1e36c3df54afa3,.cache/fundonet-ime/e56da259d64a53b6bd130500755e02ffeeb678f05d93fd76ad1e36c3df54afa3
Carteiras selecionadas,SUMUP SMART II,SUMUP SMART II,62627051000103,03/2026,Dir Cred (R$ MM),399.85288105,R$ MM,Visão Executiva canônica; cache IME local e56da259d64a53b6bd130500755e02ffeeb678f05d93fd76ad1e36c3df54afa3,.cache/fundonet-ime/e56da259d64a53b6bd130500755e02ffeeb678f05d93fd76ad1e36c3df54afa3
Carteiras selecionadas,SUMUP SMART II,SUMUP SMART II,62627051000103,02/2026,Dir Cred (R$ MM),396.54174188,R$ MM,Visão Executiva canônica; cache IME local e56da259d64a53b6bd130500755e02ffeeb678f05d93fd76ad1e36c3df54afa3,.cache/fundonet-ime/e56da259d64a53b6bd130500755e02ffeeb678f05d93fd76ad1e36c3df54afa3
Carteiras selecionadas,SUMUP SMART II,SUMUP SMART II,62627051000103,01/2026,Dir Cred (R$ MM),396.99349807,R$ MM,Visão Executiva canônica; cache IME local e56da259d64a53b6bd130500755e02ffeeb678f05d93fd76ad1e36c3df54afa3,.cache/fundonet-ime/e56da259d64a53b6bd130500755e02ffeeb678f05d93fd76ad1e36c3df54afa3
Carteiras selecionadas,SUMUP SMART II,SUMUP SMART II,62627051000103,12/2025,Dir Cred (R$ MM),385.44287323000003,R$ MM,Visão Executiva canônica; cache IME local e56da259d64a53b6bd130500755e02ffeeb678f05d93fd76ad1e36c3df54afa3,.cache/fundonet-ime/e56da259d64a53b6bd130500755e02ffeeb678f05d93fd76ad1e36c3df54afa3
Carteiras selecionadas,SUMUP SMART II,SUMUP SMART II,62627051000103,11/2025,Dir Cred (R$ MM),370.0817024,R$ MM,Visão Executiva canônica; cache IME local e56da259d64a53b6bd130500755e02ffeeb678f05d93fd76ad1e36c3df54afa3,.cache/fundonet-ime/e56da259d64a53b6bd130500755e02ffeeb678f05d93fd76ad1e36c3df54afa3
Carteiras selecionadas,SUMUP SMART II,SUMUP SMART II,62627051000103,10/2025,Dir Cred (R$ MM),193.94226187,R$ MM,Visão Executiva canônica; cache IME local e56da259d64a53b6bd130500755e02ffeeb678f05d93fd76ad1e36c3df54afa3,.cache/fundonet-ime/e56da259d64a53b6bd130500755e02ffeeb678f05d93fd76ad1e36c3df54afa3
Carteiras selecionadas,SUMUP SMART II,SUMUP SMART II,62627051000103,06/2026,Dir Cred / PL,0.9876618458116224,ratio,Visão Executiva canônica; cache IME local e56da259d64a53b6bd130500755e02ffeeb678f05d93fd76ad1e36c3df54afa3,.cache/fundonet-ime/e56da259d64a53b6bd130500755e02ffeeb678f05d93fd76ad1e36c3df54afa3
Carteiras selecionadas,SUMUP SMART II,SUMUP SMART II,62627051000103,05/2026,Dir Cred / PL,0.9841885912556213,ratio,Visão Executiva canônica; cache IME local e56da259d64a53b6bd130500755e02ffeeb678f05d93fd76ad1e36c3df54afa3,.cache/fundonet-ime/e56da259d64a53b6bd130500755e02ffeeb678f05d93fd76ad1e36c3df54afa3
Carteiras selecionadas,SUMUP SMART II,SUMUP SMART II,62627051000103,04/2026,Dir Cred / PL,0.9894006717918526,ratio,Visão Executiva canônica; cache IME local e56da259d64a53b6bd130500755e02ffeeb678f05d93fd76ad1e36c3df54afa3,.cache/fundonet-ime/e56da259d64a53b6bd130500755e02ffeeb678f05d93fd76ad1e36c3df54afa3
Carteiras selecionadas,SUMUP SMART II,SUMUP SMART II,62627051000103,03/2026,Dir Cred / PL,0.9845143356886831,ratio,Visão Executiva canônica; cache IME local e56da259d64a53b6bd130500755e02ffeeb678f05d93fd76ad1e36c3df54afa3,.cache/fundonet-ime/e56da259d64a53b6bd130500755e02ffeeb678f05d93fd76ad1e36c3df54afa3
Carteiras selecionadas,SUMUP SMART II,SUMUP SMART II,62627051000103,02/2026,Dir Cred / PL,0.9804047846964917,ratio,Visão Executiva canônica; cache IME local e56da259d64a53b6bd130500755e02ffeeb678f05d93fd76ad1e36c3df54afa3,.cache/fundonet-ime/e56da259d64a53b6bd130500755e02ffeeb678f05d93fd76ad1e36c3df54afa3
Carteiras selecionadas,SUMUP SMART II,SUMUP SMART II,62627051000103,01/2026,Dir Cred / PL,0.980764800963473,ratio,Visão Executiva canônica; cache IME local e56da259d64a53b6bd130500755e02ffeeb678f05d93fd76ad1e36c3df54afa3,.cache/fundonet-ime/e56da259d64a53b6bd130500755e02ffeeb678f05d93fd76ad1e36c3df54afa3
Carteiras selecionadas,SUMUP SMART II,SUMUP SMART II,62627051000103,12/2025,Dir Cred / PL,0.954282571202255,ratio,Visão Executiva canônica; cache IME local e56da259d64a53b6bd130500755e02ffeeb678f05d93fd76ad1e36c3df54afa3,.cache/fundonet-ime/e56da259d64a53b6bd130500755e02ffeeb678f05d93fd76ad1e36c3df54afa3
Carteiras selecionadas,SUMUP SMART II,SUMUP SMART II,62627051000103,11/2025,Dir Cred / PL,0.9180649332501808,ratio,Visão Executiva canônica; cache IME local e56da259d64a53b6bd130500755e02ffeeb678f05d93fd76ad1e36c3df54afa3,.cache/fundonet-ime/e56da259d64a53b6bd130500755e02ffeeb678f05d93fd76ad1e36c3df54afa3
Carteiras selecionadas,SUMUP SMART II,SUMUP SMART II,62627051000103,10/2025,Dir Cred / PL,0.4826701629356415,ratio,Visão Executiva canônica; cache IME local e56da259d64a53b6bd130500755e02ffeeb678f05d93fd76ad1e36c3df54afa3,.cache/fundonet-ime/e56da259d64a53b6bd130500755e02ffeeb678f05d93fd76ad1e36c3df54afa3
Carteiras selecionadas,SUMUP SMART II,SUMUP SMART II,62627051000103,06/2026,Vencidos <= 90 d (R$ MM),0.0,R$ MM,Visão Executiva canônica; cache IME local e56da259d64a53b6bd130500755e02ffeeb678f05d93fd76ad1e36c3df54afa3,.cache/fundonet-ime/e56da259d64a53b6bd130500755e02ffeeb678f05d93fd76ad1e36c3df54afa3
Carteiras selecionadas,SUMUP SMART II,SUMUP SMART II,62627051000103,05/2026,Vencidos <= 90 d (R$ MM),0.0,R$ MM,Visão Executiva canônica; cache IME local e56da259d64a53b6bd130500755e02ffeeb678f05d93fd76ad1e36c3df54afa3,.cache/fundonet-ime/e56da259d64a53b6bd130500755e02ffeeb678f05d93fd76ad1e36c3df54afa3
Carteiras selecionadas,SUMUP SMART II,SUMUP SMART II,62627051000103,04/2026,Vencidos <= 90 d (R$ MM),0.0,R$ MM,Visão Executiva canônica; cache IME local e56da259d64a53b6bd130500755e02ffeeb678f05d93fd76ad1e36c3df54afa3,.cache/fundonet-ime/e56da259d64a53b6bd130500755e02ffeeb678f05d93fd76ad1e36c3df54afa3
Carteiras selecionadas,SUMUP SMART II,SUMUP SMART II,62627051000103,03/2026,Vencidos <= 90 d (R$ MM),0.0,R$ MM,Visão Executiva canônica; cache IME local e56da259d64a53b6bd130500755e02ffeeb678f05d93fd76ad1e36c3df54afa3,.cache/fundonet-ime/e56da259d64a53b6bd130500755e02ffeeb678f05d93fd76ad1e36c3df54afa3
Carteiras selecionadas,SUMUP SMART II,SUMUP SMART II,62627051000103,02/2026,Vencidos <= 90 d (R$ MM),0.0,R$ MM,Visão Executiva canônica; cache IME local e56da259d64a53b6bd130500755e02ffeeb678f05d93fd76ad1e36c3df54afa3,.cache/fundonet-ime/e56da259d64a53b6bd130500755e02ffeeb678f05d93fd76ad1e36c3df54afa3
Carteiras selecionadas,SUMUP SMART II,SUMUP SMART II,62627051000103,01/2026,Vencidos <= 90 d (R$ MM),0.0,R$ MM,Visão Executiva canônica; cache IME local e56da259d64a53b6bd130500755e02ffeeb678f05d93fd76ad1e36c3df54afa3,.cache/fundonet-ime/e56da259d64a53b6bd130500755e02ffeeb678f05d93fd76ad1e36c3df54afa3
Carteiras selecionadas,SUMUP SMART II,SUMUP SMART II,62627051000103,12/2025,Vencidos <= 90 d (R$ MM),0.0,R$ MM,Visão Executiva canônica; cache IME local e56da259d64a53b6bd130500755e02ffeeb678f05d93fd76ad1e36c3df54afa3,.cache/fundonet-ime/e56da259d64a53b6bd130500755e02ffeeb678f05d93fd76ad1e36c3df54afa3
Carteiras selecionadas,SUMUP SMART II,SUMUP SMART II,62627051000103,11/2025,Vencidos <= 90 d (R$ MM),0.0,R$ MM,Visão Executiva canônica; cache IME local e56da259d64a53b6bd130500755e02ffeeb678f05d93fd76ad1e36c3df54afa3,.cache/fundonet-ime/e56da259d64a53b6bd130500755e02ffeeb678f05d93fd76ad1e36c3df54afa3
Carteiras selecionadas,SUMUP SMART II,SUMUP SMART II,62627051000103,10/2025,Vencidos <= 90 d (R$ MM),0.0,R$ MM,Visão Executiva canônica; cache IME local e56da259d64a53b6bd130500755e02ffeeb678f05d93fd76ad1e36c3df54afa3,.cache/fundonet-ime/e56da259d64a53b6bd130500755e02ffeeb678f05d93fd76ad1e36c3df54afa3
Carteiras selecionadas,SUMUP SMART II,SUMUP SMART II,62627051000103,06/2026,Vencidos > 90 d (R$ MM),0.0,R$ MM,Visão Executiva canônica; cache IME local e56da259d64a53b6bd130500755e02ffeeb678f05d93fd76ad1e36c3df54afa3,.cache/fundonet-ime/e56da259d64a53b6bd130500755e02ffeeb678f05d93fd76ad1e36c3df54afa3
Carteiras selecionadas,SUMUP SMART II,SUMUP SMART II,62627051000103,05/2026,Vencidos > 90 d (R$ MM),0.0,R$ MM,Visão Executiva canônica; cache IME local e56da259d64a53b6bd130500755e02ffeeb678f05d93fd76ad1e36c3df54afa3,.cache/fundonet-ime/e56da259d64a53b6bd130500755e02ffeeb678f05d93fd76ad1e36c3df54afa3
Carteiras selecionadas,SUMUP SMART II,SUMUP SMART II,62627051000103,04/2026,Vencidos > 90 d (R$ MM),0.0,R$ MM,Visão Executiva canônica; cache IME local e56da259d64a53b6bd130500755e02ffeeb678f05d93fd76ad1e36c3df54afa3,.cache/fundonet-ime/e56da259d64a53b6bd130500755e02ffeeb678f05d93fd76ad1e36c3df54afa3
Carteiras selecionadas,SUMUP SMART II,SUMUP SMART II,62627051000103,03/2026,Vencidos > 90 d (R$ MM),0.0,R$ MM,Visão Executiva canônica; cache IME local e56da259d64a53b6bd130500755e02ffeeb678f05d93fd76ad1e36c3df54afa3,.cache/fundonet-ime/e56da259d64a53b6bd130500755e02ffeeb678f05d93fd76ad1e36c3df54afa3
Carteiras selecionadas,SUMUP SMART II,SUMUP SMART II,62627051000103,02/2026,Vencidos > 90 d (R$ MM),0.0,R$ MM,Visão Executiva canônica; cache IME local e56da259d64a53b6bd130500755e02ffeeb678f05d93fd76ad1e36c3df54afa3,.cache/fundonet-ime/e56da259d64a53b6bd130500755e02ffeeb678f05d93fd76ad1e36c3df54afa3
Carteiras selecionadas,SUMUP SMART II,SUMUP SMART II,62627051000103,01/2026,Vencidos > 90 d (R$ MM),0.0,R$ MM,Visão Executiva canônica; cache IME local e56da259d64a53b6bd130500755e02ffeeb678f05d93fd76ad1e36c3df54afa3,.cache/fundonet-ime/e56da259d64a53b6bd130500755e02ffeeb678f05d93fd76ad1e36c3df54afa3
Carteiras selecionadas,SUMUP SMART II,SUMUP SMART II,62627051000103,12/2025,Vencidos > 90 d (R$ MM),0.0,R$ MM,Visão Executiva canônica; cache IME local e56da259d64a53b6bd130500755e02ffeeb678f05d93fd76ad1e36c3df54afa3,.cache/fundonet-ime/e56da259d64a53b6bd130500755e02ffeeb678f05d93fd76ad1e36c3df54afa3
Carteiras selecionadas,SUMUP SMART II,SUMUP SMART II,62627051000103,11/2025,Vencidos > 90 d (R$ MM),0.0,R$ MM,Visão Executiva canônica; cache IME local e56da259d64a53b6bd130500755e02ffeeb678f05d93fd76ad1e36c3df54afa3,.cache/fundonet-ime/e56da259d64a53b6bd130500755e02ffeeb678f05d93fd76ad1e36c3df54afa3
Carteiras selecionadas,SUMUP SMART II,SUMUP SMART II,62627051000103,10/2025,Vencidos > 90 d (R$ MM),0.0,R$ MM,Visão Executiva canônica; cache IME local e56da259d64a53b6bd130500755e02ffeeb678f05d93fd76ad1e36c3df54afa3,.cache/fundonet-ime/e56da259d64a53b6bd130500755e02ffeeb678f05d93fd76ad1e36c3df54afa3
Carteiras selecionadas,SUMUP SMART II,SUMUP SMART II,62627051000103,06/2026,Vencidos Total (R$ MM),0.0,R$ MM,Visão Executiva canônica; cache IME local e56da259d64a53b6bd130500755e02ffeeb678f05d93fd76ad1e36c3df54afa3,.cache/fundonet-ime/e56da259d64a53b6bd130500755e02ffeeb678f05d93fd76ad1e36c3df54afa3
Carteiras selecionadas,SUMUP SMART II,SUMUP SMART II,62627051000103,05/2026,Vencidos Total (R$ MM),0.0,R$ MM,Visão Executiva canônica; cache IME local e56da259d64a53b6bd130500755e02ffeeb678f05d93fd76ad1e36c3df54afa3,.cache/fundonet-ime/e56da259d64a53b6bd130500755e02ffeeb678f05d93fd76ad1e36c3df54afa3
Carteiras selecionadas,SUMUP SMART II,SUMUP SMART II,62627051000103,04/2026,Vencidos Total (R$ MM),0.0,R$ MM,Visão Executiva canônica; cache IME local e56da259d64a53b6bd130500755e02ffeeb678f05d93fd76ad1e36c3df54afa3,.cache/fundonet-ime/e56da259d64a53b6bd130500755e02ffeeb678f05d93fd76ad1e36c3df54afa3
Carteiras selecionadas,SUMUP SMART II,SUMUP SMART II,62627051000103,03/2026,Vencidos Total (R$ MM),0.0,R$ MM,Visão Executiva canônica; cache IME local e56da259d64a53b6bd130500755e02ffeeb678f05d93fd76ad1e36c3df54afa3,.cache/fundonet-ime/e56da259d64a53b6bd130500755e02ffeeb678f05d93fd76ad1e36c3df54afa3
Carteiras selecionadas,SUMUP SMART II,SUMUP SMART II,62627051000103,02/2026,Vencidos Total (R$ MM),0.0,R$ MM,Visão Executiva canônica; cache IME local e56da259d64a53b6bd130500755e02ffeeb678f05d93fd76ad1e36c3df54afa3,.cache/fundonet-ime/e56da259d64a53b6bd130500755e02ffeeb678f05d93fd76ad1e36c3df54afa3
Carteiras selecionadas,SUMUP SMART II,SUMUP SMART II,62627051000103,01/2026,Vencidos Total (R$ MM),0.0,R$ MM,Visão Executiva canônica; cache IME local e56da259d64a53b6bd130500755e02ffeeb678f05d93fd76ad1e36c3df54afa3,.cache/fundonet-ime/e56da259d64a53b6bd130500755e02ffeeb678f05d93fd76ad1e36c3df54afa3
Carteiras selecionadas,SUMUP SMART II,SUMUP SMART II,62627051000103,12/2025,Vencidos Total (R$ MM),0.0,R$ MM,Visão Executiva canônica; cache IME local e56da259d64a53b6bd130500755e02ffeeb678f05d93fd76ad1e36c3df54afa3,.cache/fundonet-ime/e56da259d64a53b6bd130500755e02ffeeb678f05d93fd76ad1e36c3df54afa3
Carteiras selecionadas,SUMUP SMART II,SUMUP SMART II,62627051000103,11/2025,Vencidos Total (R$ MM),0.0,R$ MM,Visão Executiva canônica; cache IME local e56da259d64a53b6bd130500755e02ffeeb678f05d93fd76ad1e36c3df54afa3,.cache/fundonet-ime/e56da259d64a53b6bd130500755e02ffeeb678f05d93fd76ad1e36c3df54afa3
Carteiras selecionadas,SUMUP SMART II,SUMUP SMART II,62627051000103,10/2025,Vencidos Total (R$ MM),0.0,R$ MM,Visão Executiva canônica; cache IME local e56da259d64a53b6bd130500755e02ffeeb678f05d93fd76ad1e36c3df54afa3,.cache/fundonet-ime/e56da259d64a53b6bd130500755e02ffeeb678f05d93fd76ad1e36c3df54afa3
Carteiras selecionadas,SUMUP SMART II,SUMUP SMART II,62627051000103,06/2026,Vencidos <= 90 d / Crédito,0.0,ratio,Visão Executiva canônica; cache IME local e56da259d64a53b6bd130500755e02ffeeb678f05d93fd76ad1e36c3df54afa3,.cache/fundonet-ime/e56da259d64a53b6bd130500755e02ffeeb678f05d93fd76ad1e36c3df54afa3
Carteiras selecionadas,SUMUP SMART II,SUMUP SMART II,62627051000103,05/2026,Vencidos <= 90 d / Crédito,0.0,ratio,Visão Executiva canônica; cache IME local e56da259d64a53b6bd130500755e02ffeeb678f05d93fd76ad1e36c3df54afa3,.cache/fundonet-ime/e56da259d64a53b6bd130500755e02ffeeb678f05d93fd76ad1e36c3df54afa3
Carteiras selecionadas,SUMUP SMART II,SUMUP SMART II,62627051000103,04/2026,Vencidos <= 90 d / Crédito,0.0,ratio,Visão Executiva canônica; cache IME local e56da259d64a53b6bd130500755e02ffeeb678f05d93fd76ad1e36c3df54afa3,.cache/fundonet-ime/e56da259d64a53b6bd130500755e02ffeeb678f05d93fd76ad1e36c3df54afa3
Carteiras selecionadas,SUMUP SMART II,SUMUP SMART II,62627051000103,03/2026,Vencidos <= 90 d / Crédito,0.0,ratio,Visão Executiva canônica; cache IME local e56da259d64a53b6bd130500755e02ffeeb678f05d93fd76ad1e36c3df54afa3,.cache/fundonet-ime/e56da259d64a53b6bd130500755e02ffeeb678f05d93fd76ad1e36c3df54afa3
Carteiras selecionadas,SUMUP SMART II,SUMUP SMART II,62627051000103,02/2026,Vencidos <= 90 d / Crédito,0.0,ratio,Visão Executiva canônica; cache IME local e56da259d64a53b6bd130500755e02ffeeb678f05d93fd76ad1e36c3df54afa3,.cache/fundonet-ime/e56da259d64a53b6bd130500755e02ffeeb678f05d93fd76ad1e36c3df54afa3
Carteiras selecionadas,SUMUP SMART II,SUMUP SMART II,62627051000103,01/2026,Vencidos <= 90 d / Crédito,0.0,ratio,Visão Executiva canônica; cache IME local e56da259d64a53b6bd130500755e02ffeeb678f05d93fd76ad1e36c3df54afa3,.cache/fundonet-ime/e56da259d64a53b6bd130500755e02ffeeb678f05d93fd76ad1e36c3df54afa3
Carteiras selecionadas,SUMUP SMART II,SUMUP SMART II,62627051000103,12/2025,Vencidos <= 90 d / Crédito,0.0,ratio,Visão Executiva canônica; cache IME local e56da259d64a53b6bd130500755e02ffeeb678f05d93fd76ad1e36c3df54afa3,.cache/fundonet-ime/e56da259d64a53b6bd130500755e02ffeeb678f05d93fd76ad1e36c3df54afa3
Carteiras selecionadas,SUMUP SMART II,SUMUP SMART II,62627051000103,11/2025,Vencidos <= 90 d / Crédito,0.0,ratio,Visão Executiva canônica; cache IME local e56da259d64a53b6bd130500755e02ffeeb678f05d93fd76ad1e36c3df54afa3,.cache/fundonet-ime/e56da259d64a53b6bd130500755e02ffeeb678f05d93fd76ad1e36c3df54afa3
Carteiras selecionadas,SUMUP SMART II,SUMUP SMART II,62627051000103,10/2025,Vencidos <= 90 d / Crédito,0.0,ratio,Visão Executiva canônica; cache IME local e56da259d64a53b6bd130500755e02ffeeb678f05d93fd76ad1e36c3df54afa3,.cache/fundonet-ime/e56da259d64a53b6bd130500755e02ffeeb678f05d93fd76ad1e36c3df54afa3
Carteiras selecionadas,SUMUP SMART II,SUMUP SMART II,62627051000103,06/2026,Vencidos > 90 d / Crédito,0.0,ratio,Visão Executiva canônica; cache IME local e56da259d64a53b6bd130500755e02ffeeb678f05d93fd76ad1e36c3df54afa3,.cache/fundonet-ime/e56da259d64a53b6bd130500755e02ffeeb678f05d93fd76ad1e36c3df54afa3
Carteiras selecionadas,SUMUP SMART II,SUMUP SMART II,62627051000103,05/2026,Vencidos > 90 d / Crédito,0.0,ratio,Visão Executiva canônica; cache IME local e56da259d64a53b6bd130500755e02ffeeb678f05d93fd76ad1e36c3df54afa3,.cache/fundonet-ime/e56da259d64a53b6bd130500755e02ffeeb678f05d93fd76ad1e36c3df54afa3
Carteiras selecionadas,SUMUP SMART II,SUMUP SMART II,62627051000103,04/2026,Vencidos > 90 d / Crédito,0.0,ratio,Visão Executiva canônica; cache IME local e56da259d64a53b6bd130500755e02ffeeb678f05d93fd76ad1e36c3df54afa3,.cache/fundonet-ime/e56da259d64a53b6bd130500755e02ffeeb678f05d93fd76ad1e36c3df54afa3
Carteiras selecionadas,SUMUP SMART II,SUMUP SMART II,62627051000103,03/2026,Vencidos > 90 d / Crédito,0.0,ratio,Visão Executiva canônica; cache IME local e56da259d64a53b6bd130500755e02ffeeb678f05d93fd76ad1e36c3df54afa3,.cache/fundonet-ime/e56da259d64a53b6bd130500755e02ffeeb678f05d93fd76ad1e36c3df54afa3
Carteiras selecionadas,SUMUP SMART II,SUMUP SMART II,62627051000103,02/2026,Vencidos > 90 d / Crédito,0.0,ratio,Visão Executiva canônica; cache IME local e56da259d64a53b6bd130500755e02ffeeb678f05d93fd76ad1e36c3df54afa3,.cache/fundonet-ime/e56da259d64a53b6bd130500755e02ffeeb678f05d93fd76ad1e36c3df54afa3
Carteiras selecionadas,SUMUP SMART II,SUMUP SMART II,62627051000103,01/2026,Vencidos > 90 d / Crédito,0.0,ratio,Visão Executiva canônica; cache IME local e56da259d64a53b6bd130500755e02ffeeb678f05d93fd76ad1e36c3df54afa3,.cache/fundonet-ime/e56da259d64a53b6bd130500755e02ffeeb678f05d93fd76ad1e36c3df54afa3
Carteiras selecionadas,SUMUP SMART II,SUMUP SMART II,62627051000103,12/2025,Vencidos > 90 d / Crédito,0.0,ratio,Visão Executiva canônica; cache IME local e56da259d64a53b6bd130500755e02ffeeb678f05d93fd76ad1e36c3df54afa3,.cache/fundonet-ime/e56da259d64a53b6bd130500755e02ffeeb678f05d93fd76ad1e36c3df54afa3
Carteiras selecionadas,SUMUP SMART II,SUMUP SMART II,62627051000103,11/2025,Vencidos > 90 d / Crédito,0.0,ratio,Visão Executiva canônica; cache IME local e56da259d64a53b6bd130500755e02ffeeb678f05d93fd76ad1e36c3df54afa3,.cache/fundonet-ime/e56da259d64a53b6bd130500755e02ffeeb678f05d93fd76ad1e36c3df54afa3
Carteiras selecionadas,SUMUP SMART II,SUMUP SMART II,62627051000103,10/2025,Vencidos > 90 d / Crédito,0.0,ratio,Visão Executiva canônica; cache IME local e56da259d64a53b6bd130500755e02ffeeb678f05d93fd76ad1e36c3df54afa3,.cache/fundonet-ime/e56da259d64a53b6bd130500755e02ffeeb678f05d93fd76ad1e36c3df54afa3
Carteiras selecionadas,SUMUP SMART II,SUMUP SMART II,62627051000103,06/2026,Vencidos Total / Crédito,0.0,ratio,Visão Executiva canônica; cache IME local e56da259d64a53b6bd130500755e02ffeeb678f05d93fd76ad1e36c3df54afa3,.cache/fundonet-ime/e56da259d64a53b6bd130500755e02ffeeb678f05d93fd76ad1e36c3df54afa3
Carteiras selecionadas,SUMUP SMART II,SUMUP SMART II,62627051000103,05/2026,Vencidos Total / Crédito,0.0,ratio,Visão Executiva canônica; cache IME local e56da259d64a53b6bd130500755e02ffeeb678f05d93fd76ad1e36c3df54afa3,.cache/fundonet-ime/e56da259d64a53b6bd130500755e02ffeeb678f05d93fd76ad1e36c3df54afa3
Carteiras selecionadas,SUMUP SMART II,SUMUP SMART II,62627051000103,04/2026,Vencidos Total / Crédito,0.0,ratio,Visão Executiva canônica; cache IME local e56da259d64a53b6bd130500755e02ffeeb678f05d93fd76ad1e36c3df54afa3,.cache/fundonet-ime/e56da259d64a53b6bd130500755e02ffeeb678f05d93fd76ad1e36c3df54afa3
Carteiras selecionadas,SUMUP SMART II,SUMUP SMART II,62627051000103,03/2026,Vencidos Total / Crédito,0.0,ratio,Visão Executiva canônica; cache IME local e56da259d64a53b6bd130500755e02ffeeb678f05d93fd76ad1e36c3df54afa3,.cache/fundonet-ime/e56da259d64a53b6bd130500755e02ffeeb678f05d93fd76ad1e36c3df54afa3
Carteiras selecionadas,SUMUP SMART II,SUMUP SMART II,62627051000103,02/2026,Vencidos Total / Crédito,0.0,ratio,Visão Executiva canônica; cache IME local e56da259d64a53b6bd130500755e02ffeeb678f05d93fd76ad1e36c3df54afa3,.cache/fundonet-ime/e56da259d64a53b6bd130500755e02ffeeb678f05d93fd76ad1e36c3df54afa3
Carteiras selecionadas,SUMUP SMART II,SUMUP SMART II,62627051000103,01/2026,Vencidos Total / Crédito,0.0,ratio,Visão Executiva canônica; cache IME local e56da259d64a53b6bd130500755e02ffeeb678f05d93fd76ad1e36c3df54afa3,.cache/fundonet-ime/e56da259d64a53b6bd130500755e02ffeeb678f05d93fd76ad1e36c3df54afa3
Carteiras selecionadas,SUMUP SMART II,SUMUP SMART II,62627051000103,12/2025,Vencidos Total / Crédito,0.0,ratio,Visão Executiva canônica; cache IME local e56da259d64a53b6bd130500755e02ffeeb678f05d93fd76ad1e36c3df54afa3,.cache/fundonet-ime/e56da259d64a53b6bd130500755e02ffeeb678f05d93fd76ad1e36c3df54afa3
Carteiras selecionadas,SUMUP SMART II,SUMUP SMART II,62627051000103,11/2025,Vencidos Total / Crédito,0.0,ratio,Visão Executiva canônica; cache IME local e56da259d64a53b6bd130500755e02ffeeb678f05d93fd76ad1e36c3df54afa3,.cache/fundonet-ime/e56da259d64a53b6bd130500755e02ffeeb678f05d93fd76ad1e36c3df54afa3
Carteiras selecionadas,SUMUP SMART II,SUMUP SMART II,62627051000103,10/2025,Vencidos Total / Crédito,0.0,ratio,Visão Executiva canônica; cache IME local e56da259d64a53b6bd130500755e02ffeeb678f05d93fd76ad1e36c3df54afa3,.cache/fundonet-ime/e56da259d64a53b6bd130500755e02ffeeb678f05d93fd76ad1e36c3df54afa3
Carteiras selecionadas,SUMUP SMART II,SUMUP SMART II,62627051000103,06/2026,Vencidos Over 30 d (R$ MM),0.0,R$ MM,Visão Executiva canônica; cache IME local e56da259d64a53b6bd130500755e02ffeeb678f05d93fd76ad1e36c3df54afa3,.cache/fundonet-ime/e56da259d64a53b6bd130500755e02ffeeb678f05d93fd76ad1e36c3df54afa3
Carteiras selecionadas,SUMUP SMART II,SUMUP SMART II,62627051000103,05/2026,Vencidos Over 30 d (R$ MM),0.0,R$ MM,Visão Executiva canônica; cache IME local e56da259d64a53b6bd130500755e02ffeeb678f05d93fd76ad1e36c3df54afa3,.cache/fundonet-ime/e56da259d64a53b6bd130500755e02ffeeb678f05d93fd76ad1e36c3df54afa3
Carteiras selecionadas,SUMUP SMART II,SUMUP SMART II,62627051000103,04/2026,Vencidos Over 30 d (R$ MM),0.0,R$ MM,Visão Executiva canônica; cache IME local e56da259d64a53b6bd130500755e02ffeeb678f05d93fd76ad1e36c3df54afa3,.cache/fundonet-ime/e56da259d64a53b6bd130500755e02ffeeb678f05d93fd76ad1e36c3df54afa3
Carteiras selecionadas,SUMUP SMART II,SUMUP SMART II,62627051000103,03/2026,Vencidos Over 30 d (R$ MM),0.0,R$ MM,Visão Executiva canônica; cache IME local e56da259d64a53b6bd130500755e02ffeeb678f05d93fd76ad1e36c3df54afa3,.cache/fundonet-ime/e56da259d64a53b6bd130500755e02ffeeb678f05d93fd76ad1e36c3df54afa3
Carteiras selecionadas,SUMUP SMART II,SUMUP SMART II,62627051000103,02/2026,Vencidos Over 30 d (R$ MM),0.0,R$ MM,Visão Executiva canônica; cache IME local e56da259d64a53b6bd130500755e02ffeeb678f05d93fd76ad1e36c3df54afa3,.cache/fundonet-ime/e56da259d64a53b6bd130500755e02ffeeb678f05d93fd76ad1e36c3df54afa3
Carteiras selecionadas,SUMUP SMART II,SUMUP SMART II,62627051000103,01/2026,Vencidos Over 30 d (R$ MM),0.0,R$ MM,Visão Executiva canônica; cache IME local e56da259d64a53b6bd130500755e02ffeeb678f05d93fd76ad1e36c3df54afa3,.cache/fundonet-ime/e56da259d64a53b6bd130500755e02ffeeb678f05d93fd76ad1e36c3df54afa3
Carteiras selecionadas,SUMUP SMART II,SUMUP SMART II,62627051000103,12/2025,Vencidos Over 30 d (R$ MM),0.0,R$ MM,Visão Executiva canônica; cache IME local e56da259d64a53b6bd130500755e02ffeeb678f05d93fd76ad1e36c3df54afa3,.cache/fundonet-ime/e56da259d64a53b6bd130500755e02ffeeb678f05d93fd76ad1e36c3df54afa3
Carteiras selecionadas,SUMUP SMART II,SUMUP SMART II,62627051000103,11/2025,Vencidos Over 30 d (R$ MM),0.0,R$ MM,Visão Executiva canônica; cache IME local e56da259d64a53b6bd130500755e02ffeeb678f05d93fd76ad1e36c3df54afa3,.cache/fundonet-ime/e56da259d64a53b6bd130500755e02ffeeb678f05d93fd76ad1e36c3df54afa3
Carteiras selecionadas,SUMUP SMART II,SUMUP SMART II,62627051000103,10/2025,Vencidos Over 30 d (R$ MM),0.0,R$ MM,Visão Executiva canônica; cache IME local e56da259d64a53b6bd130500755e02ffeeb678f05d93fd76ad1e36c3df54afa3,.cache/fundonet-ime/e56da259d64a53b6bd130500755e02ffeeb678f05d93fd76ad1e36c3df54afa3
Carteiras selecionadas,SUMUP SMART II,SUMUP SMART II,62627051000103,06/2026,Vencidos Over 30 d / Crédito,0.0,ratio,Visão Executiva canônica; cache IME local e56da259d64a53b6bd130500755e02ffeeb678f05d93fd76ad1e36c3df54afa3,.cache/fundonet-ime/e56da259d64a53b6bd130500755e02ffeeb678f05d93fd76ad1e36c3df54afa3
Carteiras selecionadas,SUMUP SMART II,SUMUP SMART II,62627051000103,05/2026,Vencidos Over 30 d / Crédito,0.0,ratio,Visão Executiva canônica; cache IME local e56da259d64a53b6bd130500755e02ffeeb678f05d93fd76ad1e36c3df54afa3,.cache/fundonet-ime/e56da259d64a53b6bd130500755e02ffeeb678f05d93fd76ad1e36c3df54afa3
Carteiras selecionadas,SUMUP SMART II,SUMUP SMART II,62627051000103,04/2026,Vencidos Over 30 d / Crédito,0.0,ratio,Visão Executiva canônica; cache IME local e56da259d64a53b6bd130500755e02ffeeb678f05d93fd76ad1e36c3df54afa3,.cache/fundonet-ime/e56da259d64a53b6bd130500755e02ffeeb678f05d93fd76ad1e36c3df54afa3
Carteiras selecionadas,SUMUP SMART II,SUMUP SMART II,62627051000103,03/2026,Vencidos Over 30 d / Crédito,0.0,ratio,Visão Executiva canônica; cache IME local e56da259d64a53b6bd130500755e02ffeeb678f05d93fd76ad1e36c3df54afa3,.cache/fundonet-ime/e56da259d64a53b6bd130500755e02ffeeb678f05d93fd76ad1e36c3df54afa3
Carteiras selecionadas,SUMUP SMART II,SUMUP SMART II,62627051000103,02/2026,Vencidos Over 30 d / Crédito,0.0,ratio,Visão Executiva canônica; cache IME local e56da259d64a53b6bd130500755e02ffeeb678f05d93fd76ad1e36c3df54afa3,.cache/fundonet-ime/e56da259d64a53b6bd130500755e02ffeeb678f05d93fd76ad1e36c3df54afa3
Carteiras selecionadas,SUMUP SMART II,SUMUP SMART II,62627051000103,01/2026,Vencidos Over 30 d / Crédito,0.0,ratio,Visão Executiva canônica; cache IME local e56da259d64a53b6bd130500755e02ffeeb678f05d93fd76ad1e36c3df54afa3,.cache/fundonet-ime/e56da259d64a53b6bd130500755e02ffeeb678f05d93fd76ad1e36c3df54afa3
Carteiras selecionadas,SUMUP SMART II,SUMUP SMART II,62627051000103,12/2025,Vencidos Over 30 d / Crédito,0.0,ratio,Visão Executiva canônica; cache IME local e56da259d64a53b6bd130500755e02ffeeb678f05d93fd76ad1e36c3df54afa3,.cache/fundonet-ime/e56da259d64a53b6bd130500755e02ffeeb678f05d93fd76ad1e36c3df54afa3
Carteiras selecionadas,SUMUP SMART II,SUMUP SMART II,62627051000103,11/2025,Vencidos Over 30 d / Crédito,0.0,ratio,Visão Executiva canônica; cache IME local e56da259d64a53b6bd130500755e02ffeeb678f05d93fd76ad1e36c3df54afa3,.cache/fundonet-ime/e56da259d64a53b6bd130500755e02ffeeb678f05d93fd76ad1e36c3df54afa3
Carteiras selecionadas,SUMUP SMART II,SUMUP SMART II,62627051000103,10/2025,Vencidos Over 30 d / Crédito,0.0,ratio,Visão Executiva canônica; cache IME local e56da259d64a53b6bd130500755e02ffeeb678f05d93fd76ad1e36c3df54afa3,.cache/fundonet-ime/e56da259d64a53b6bd130500755e02ffeeb678f05d93fd76ad1e36c3df54afa3
Carteiras selecionadas,SUMUP SMART II,SUMUP SMART II,62627051000103,06/2026,Vencidos Over 60 d (R$ MM),0.0,R$ MM,Visão Executiva canônica; cache IME local e56da259d64a53b6bd130500755e02ffeeb678f05d93fd76ad1e36c3df54afa3,.cache/fundonet-ime/e56da259d64a53b6bd130500755e02ffeeb678f05d93fd76ad1e36c3df54afa3
Carteiras selecionadas,SUMUP SMART II,SUMUP SMART II,62627051000103,05/2026,Vencidos Over 60 d (R$ MM),0.0,R$ MM,Visão Executiva canônica; cache IME local e56da259d64a53b6bd130500755e02ffeeb678f05d93fd76ad1e36c3df54afa3,.cache/fundonet-ime/e56da259d64a53b6bd130500755e02ffeeb678f05d93fd76ad1e36c3df54afa3
Carteiras selecionadas,SUMUP SMART II,SUMUP SMART II,62627051000103,04/2026,Vencidos Over 60 d (R$ MM),0.0,R$ MM,Visão Executiva canônica; cache IME local e56da259d64a53b6bd130500755e02ffeeb678f05d93fd76ad1e36c3df54afa3,.cache/fundonet-ime/e56da259d64a53b6bd130500755e02ffeeb678f05d93fd76ad1e36c3df54afa3
Carteiras selecionadas,SUMUP SMART II,SUMUP SMART II,62627051000103,03/2026,Vencidos Over 60 d (R$ MM),0.0,R$ MM,Visão Executiva canônica; cache IME local e56da259d64a53b6bd130500755e02ffeeb678f05d93fd76ad1e36c3df54afa3,.cache/fundonet-ime/e56da259d64a53b6bd130500755e02ffeeb678f05d93fd76ad1e36c3df54afa3
Carteiras selecionadas,SUMUP SMART II,SUMUP SMART II,62627051000103,02/2026,Vencidos Over 60 d (R$ MM),0.0,R$ MM,Visão Executiva canônica; cache IME local e56da259d64a53b6bd130500755e02ffeeb678f05d93fd76ad1e36c3df54afa3,.cache/fundonet-ime/e56da259d64a53b6bd130500755e02ffeeb678f05d93fd76ad1e36c3df54afa3
Carteiras selecionadas,SUMUP SMART II,SUMUP SMART II,62627051000103,01/2026,Vencidos Over 60 d (R$ MM),0.0,R$ MM,Visão Executiva canônica; cache IME local e56da259d64a53b6bd130500755e02ffeeb678f05d93fd76ad1e36c3df54afa3,.cache/fundonet-ime/e56da259d64a53b6bd130500755e02ffeeb678f05d93fd76ad1e36c3df54afa3
Carteiras selecionadas,SUMUP SMART II,SUMUP SMART II,62627051000103,12/2025,Vencidos Over 60 d (R$ MM),0.0,R$ MM,Visão Executiva canônica; cache IME local e56da259d64a53b6bd130500755e02ffeeb678f05d93fd76ad1e36c3df54afa3,.cache/fundonet-ime/e56da259d64a53b6bd130500755e02ffeeb678f05d93fd76ad1e36c3df54afa3
Carteiras selecionadas,SUMUP SMART II,SUMUP SMART II,62627051000103,11/2025,Vencidos Over 60 d (R$ MM),0.0,R$ MM,Visão Executiva canônica; cache IME local e56da259d64a53b6bd130500755e02ffeeb678f05d93fd76ad1e36c3df54afa3,.cache/fundonet-ime/e56da259d64a53b6bd130500755e02ffeeb678f05d93fd76ad1e36c3df54afa3
Carteiras selecionadas,SUMUP SMART II,SUMUP SMART II,62627051000103,10/2025,Vencidos Over 60 d (R$ MM),0.0,R$ MM,Visão Executiva canônica; cache IME local e56da259d64a53b6bd130500755e02ffeeb678f05d93fd76ad1e36c3df54afa3,.cache/fundonet-ime/e56da259d64a53b6bd130500755e02ffeeb678f05d93fd76ad1e36c3df54afa3
Carteiras selecionadas,SUMUP SMART II,SUMUP SMART II,62627051000103,06/2026,Vencidos Over 60 d / Crédito,0.0,ratio,Visão Executiva canônica; cache IME local e56da259d64a53b6bd130500755e02ffeeb678f05d93fd76ad1e36c3df54afa3,.cache/fundonet-ime/e56da259d64a53b6bd130500755e02ffeeb678f05d93fd76ad1e36c3df54afa3
Carteiras selecionadas,SUMUP SMART II,SUMUP SMART II,62627051000103,05/2026,Vencidos Over 60 d / Crédito,0.0,ratio,Visão Executiva canônica; cache IME local e56da259d64a53b6bd130500755e02ffeeb678f05d93fd76ad1e36c3df54afa3,.cache/fundonet-ime/e56da259d64a53b6bd130500755e02ffeeb678f05d93fd76ad1e36c3df54afa3
Carteiras selecionadas,SUMUP SMART II,SUMUP SMART II,62627051000103,04/2026,Vencidos Over 60 d / Crédito,0.0,ratio,Visão Executiva canônica; cache IME local e56da259d64a53b6bd130500755e02ffeeb678f05d93fd76ad1e36c3df54afa3,.cache/fundonet-ime/e56da259d64a53b6bd130500755e02ffeeb678f05d93fd76ad1e36c3df54afa3
Carteiras selecionadas,SUMUP SMART II,SUMUP SMART II,62627051000103,03/2026,Vencidos Over 60 d / Crédito,0.0,ratio,Visão Executiva canônica; cache IME local e56da259d64a53b6bd130500755e02ffeeb678f05d93fd76ad1e36c3df54afa3,.cache/fundonet-ime/e56da259d64a53b6bd130500755e02ffeeb678f05d93fd76ad1e36c3df54afa3
Carteiras selecionadas,SUMUP SMART II,SUMUP SMART II,62627051000103,02/2026,Vencidos Over 60 d / Crédito,0.0,ratio,Visão Executiva canônica; cache IME local e56da259d64a53b6bd130500755e02ffeeb678f05d93fd76ad1e36c3df54afa3,.cache/fundonet-ime/e56da259d64a53b6bd130500755e02ffeeb678f05d93fd76ad1e36c3df54afa3
Carteiras selecionadas,SUMUP SMART II,SUMUP SMART II,62627051000103,01/2026,Vencidos Over 60 d / Crédito,0.0,ratio,Visão Executiva canônica; cache IME local e56da259d64a53b6bd130500755e02ffeeb678f05d93fd76ad1e36c3df54afa3,.cache/fundonet-ime/e56da259d64a53b6bd130500755e02ffeeb678f05d93fd76ad1e36c3df54afa3
Carteiras selecionadas,SUMUP SMART II,SUMUP SMART II,62627051000103,12/2025,Vencidos Over 60 d / Crédito,0.0,ratio,Visão Executiva canônica; cache IME local e56da259d64a53b6bd130500755e02ffeeb678f05d93fd76ad1e36c3df54afa3,.cache/fundonet-ime/e56da259d64a53b6bd130500755e02ffeeb678f05d93fd76ad1e36c3df54afa3
Carteiras selecionadas,SUMUP SMART II,SUMUP SMART II,62627051000103,11/2025,Vencidos Over 60 d / Crédito,0.0,ratio,Visão Executiva canônica; cache IME local e56da259d64a53b6bd130500755e02ffeeb678f05d93fd76ad1e36c3df54afa3,.cache/fundonet-ime/e56da259d64a53b6bd130500755e02ffeeb678f05d93fd76ad1e36c3df54afa3
Carteiras selecionadas,SUMUP SMART II,SUMUP SMART II,62627051000103,10/2025,Vencidos Over 60 d / Crédito,0.0,ratio,Visão Executiva canônica; cache IME local e56da259d64a53b6bd130500755e02ffeeb678f05d93fd76ad1e36c3df54afa3,.cache/fundonet-ime/e56da259d64a53b6bd130500755e02ffeeb678f05d93fd76ad1e36c3df54afa3
Carteiras selecionadas,SUMUP SMART II,SUMUP SMART II,62627051000103,06/2026,Vencidos Over 90 d (R$ MM),0.0,R$ MM,Visão Executiva canônica; cache IME local e56da259d64a53b6bd130500755e02ffeeb678f05d93fd76ad1e36c3df54afa3,.cache/fundonet-ime/e56da259d64a53b6bd130500755e02ffeeb678f05d93fd76ad1e36c3df54afa3
Carteiras selecionadas,SUMUP SMART II,SUMUP SMART II,62627051000103,05/2026,Vencidos Over 90 d (R$ MM),0.0,R$ MM,Visão Executiva canônica; cache IME local e56da259d64a53b6bd130500755e02ffeeb678f05d93fd76ad1e36c3df54afa3,.cache/fundonet-ime/e56da259d64a53b6bd130500755e02ffeeb678f05d93fd76ad1e36c3df54afa3
Carteiras selecionadas,SUMUP SMART II,SUMUP SMART II,62627051000103,04/2026,Vencidos Over 90 d (R$ MM),0.0,R$ MM,Visão Executiva canônica; cache IME local e56da259d64a53b6bd130500755e02ffeeb678f05d93fd76ad1e36c3df54afa3,.cache/fundonet-ime/e56da259d64a53b6bd130500755e02ffeeb678f05d93fd76ad1e36c3df54afa3
Carteiras selecionadas,SUMUP SMART II,SUMUP SMART II,62627051000103,03/2026,Vencidos Over 90 d (R$ MM),0.0,R$ MM,Visão Executiva canônica; cache IME local e56da259d64a53b6bd130500755e02ffeeb678f05d93fd76ad1e36c3df54afa3,.cache/fundonet-ime/e56da259d64a53b6bd130500755e02ffeeb678f05d93fd76ad1e36c3df54afa3
Carteiras selecionadas,SUMUP SMART II,SUMUP SMART II,62627051000103,02/2026,Vencidos Over 90 d (R$ MM),0.0,R$ MM,Visão Executiva canônica; cache IME local e56da259d64a53b6bd130500755e02ffeeb678f05d93fd76ad1e36c3df54afa3,.cache/fundonet-ime/e56da259d64a53b6bd130500755e02ffeeb678f05d93fd76ad1e36c3df54afa3
Carteiras selecionadas,SUMUP SMART II,SUMUP SMART II,62627051000103,01/2026,Vencidos Over 90 d (R$ MM),0.0,R$ MM,Visão Executiva canônica; cache IME local e56da259d64a53b6bd130500755e02ffeeb678f05d93fd76ad1e36c3df54afa3,.cache/fundonet-ime/e56da259d64a53b6bd130500755e02ffeeb678f05d93fd76ad1e36c3df54afa3
Carteiras selecionadas,SUMUP SMART II,SUMUP SMART II,62627051000103,12/2025,Vencidos Over 90 d (R$ MM),0.0,R$ MM,Visão Executiva canônica; cache IME local e56da259d64a53b6bd130500755e02ffeeb678f05d93fd76ad1e36c3df54afa3,.cache/fundonet-ime/e56da259d64a53b6bd130500755e02ffeeb678f05d93fd76ad1e36c3df54afa3
Carteiras selecionadas,SUMUP SMART II,SUMUP SMART II,62627051000103,11/2025,Vencidos Over 90 d (R$ MM),0.0,R$ MM,Visão Executiva canônica; cache IME local e56da259d64a53b6bd130500755e02ffeeb678f05d93fd76ad1e36c3df54afa3,.cache/fundonet-ime/e56da259d64a53b6bd130500755e02ffeeb678f05d93fd76ad1e36c3df54afa3
Carteiras selecionadas,SUMUP SMART II,SUMUP SMART II,62627051000103,10/2025,Vencidos Over 90 d (R$ MM),0.0,R$ MM,Visão Executiva canônica; cache IME local e56da259d64a53b6bd130500755e02ffeeb678f05d93fd76ad1e36c3df54afa3,.cache/fundonet-ime/e56da259d64a53b6bd130500755e02ffeeb678f05d93fd76ad1e36c3df54afa3
Carteiras selecionadas,SUMUP SMART II,SUMUP SMART II,62627051000103,06/2026,Vencidos Over 90 d / Crédito,0.0,ratio,Visão Executiva canônica; cache IME local e56da259d64a53b6bd130500755e02ffeeb678f05d93fd76ad1e36c3df54afa3,.cache/fundonet-ime/e56da259d64a53b6bd130500755e02ffeeb678f05d93fd76ad1e36c3df54afa3
Carteiras selecionadas,SUMUP SMART II,SUMUP SMART II,62627051000103,05/2026,Vencidos Over 90 d / Crédito,0.0,ratio,Visão Executiva canônica; cache IME local e56da259d64a53b6bd130500755e02ffeeb678f05d93fd76ad1e36c3df54afa3,.cache/fundonet-ime/e56da259d64a53b6bd130500755e02ffeeb678f05d93fd76ad1e36c3df54afa3
Carteiras selecionadas,SUMUP SMART II,SUMUP SMART II,62627051000103,04/2026,Vencidos Over 90 d / Crédito,0.0,ratio,Visão Executiva canônica; cache IME local e56da259d64a53b6bd130500755e02ffeeb678f05d93fd76ad1e36c3df54afa3,.cache/fundonet-ime/e56da259d64a53b6bd130500755e02ffeeb678f05d93fd76ad1e36c3df54afa3
Carteiras selecionadas,SUMUP SMART II,SUMUP SMART II,62627051000103,03/2026,Vencidos Over 90 d / Crédito,0.0,ratio,Visão Executiva canônica; cache IME local e56da259d64a53b6bd130500755e02ffeeb678f05d93fd76ad1e36c3df54afa3,.cache/fundonet-ime/e56da259d64a53b6bd130500755e02ffeeb678f05d93fd76ad1e36c3df54afa3
Carteiras selecionadas,SUMUP SMART II,SUMUP SMART II,62627051000103,02/2026,Vencidos Over 90 d / Crédito,0.0,ratio,Visão Executiva canônica; cache IME local e56da259d64a53b6bd130500755e02ffeeb678f05d93fd76ad1e36c3df54afa3,.cache/fundonet-ime/e56da259d64a53b6bd130500755e02ffeeb678f05d93fd76ad1e36c3df54afa3
Carteiras selecionadas,SUMUP SMART II,SUMUP SMART II,62627051000103,01/2026,Vencidos Over 90 d / Crédito,0.0,ratio,Visão Executiva canônica; cache IME local e56da259d64a53b6bd130500755e02ffeeb678f05d93fd76ad1e36c3df54afa3,.cache/fundonet-ime/e56da259d64a53b6bd130500755e02ffeeb678f05d93fd76ad1e36c3df54afa3
Carteiras selecionadas,SUMUP SMART II,SUMUP SMART II,62627051000103,12/2025,Vencidos Over 90 d / Crédito,0.0,ratio,Visão Executiva canônica; cache IME local e56da259d64a53b6bd130500755e02ffeeb678f05d93fd76ad1e36c3df54afa3,.cache/fundonet-ime/e56da259d64a53b6bd130500755e02ffeeb678f05d93fd76ad1e36c3df54afa3
Carteiras selecionadas,SUMUP SMART II,SUMUP SMART II,62627051000103,11/2025,Vencidos Over 90 d / Crédito,0.0,ratio,Visão Executiva canônica; cache IME local e56da259d64a53b6bd130500755e02ffeeb678f05d93fd76ad1e36c3df54afa3,.cache/fundonet-ime/e56da259d64a53b6bd130500755e02ffeeb678f05d93fd76ad1e36c3df54afa3
Carteiras selecionadas,SUMUP SMART II,SUMUP SMART II,62627051000103,10/2025,Vencidos Over 90 d / Crédito,0.0,ratio,Visão Executiva canônica; cache IME local e56da259d64a53b6bd130500755e02ffeeb678f05d93fd76ad1e36c3df54afa3,.cache/fundonet-ime/e56da259d64a53b6bd130500755e02ffeeb678f05d93fd76ad1e36c3df54afa3
Carteiras selecionadas,SUMUP SMART II,SUMUP SMART II,62627051000103,06/2026,Vencidos Over 180 d (R$ MM),0.0,R$ MM,Visão Executiva canônica; cache IME local e56da259d64a53b6bd130500755e02ffeeb678f05d93fd76ad1e36c3df54afa3,.cache/fundonet-ime/e56da259d64a53b6bd130500755e02ffeeb678f05d93fd76ad1e36c3df54afa3
Carteiras selecionadas,SUMUP SMART II,SUMUP SMART II,62627051000103,05/2026,Vencidos Over 180 d (R$ MM),0.0,R$ MM,Visão Executiva canônica; cache IME local e56da259d64a53b6bd130500755e02ffeeb678f05d93fd76ad1e36c3df54afa3,.cache/fundonet-ime/e56da259d64a53b6bd130500755e02ffeeb678f05d93fd76ad1e36c3df54afa3
Carteiras selecionadas,SUMUP SMART II,SUMUP SMART II,62627051000103,04/2026,Vencidos Over 180 d (R$ MM),0.0,R$ MM,Visão Executiva canônica; cache IME local e56da259d64a53b6bd130500755e02ffeeb678f05d93fd76ad1e36c3df54afa3,.cache/fundonet-ime/e56da259d64a53b6bd130500755e02ffeeb678f05d93fd76ad1e36c3df54afa3
Carteiras selecionadas,SUMUP SMART II,SUMUP SMART II,62627051000103,03/2026,Vencidos Over 180 d (R$ MM),0.0,R$ MM,Visão Executiva canônica; cache IME local e56da259d64a53b6bd130500755e02ffeeb678f05d93fd76ad1e36c3df54afa3,.cache/fundonet-ime/e56da259d64a53b6bd130500755e02ffeeb678f05d93fd76ad1e36c3df54afa3
Carteiras selecionadas,SUMUP SMART II,SUMUP SMART II,62627051000103,02/2026,Vencidos Over 180 d (R$ MM),0.0,R$ MM,Visão Executiva canônica; cache IME local e56da259d64a53b6bd130500755e02ffeeb678f05d93fd76ad1e36c3df54afa3,.cache/fundonet-ime/e56da259d64a53b6bd130500755e02ffeeb678f05d93fd76ad1e36c3df54afa3
Carteiras selecionadas,SUMUP SMART II,SUMUP SMART II,62627051000103,01/2026,Vencidos Over 180 d (R$ MM),0.0,R$ MM,Visão Executiva canônica; cache IME local e56da259d64a53b6bd130500755e02ffeeb678f05d93fd76ad1e36c3df54afa3,.cache/fundonet-ime/e56da259d64a53b6bd130500755e02ffeeb678f05d93fd76ad1e36c3df54afa3
Carteiras selecionadas,SUMUP SMART II,SUMUP SMART II,62627051000103,12/2025,Vencidos Over 180 d (R$ MM),0.0,R$ MM,Visão Executiva canônica; cache IME local e56da259d64a53b6bd130500755e02ffeeb678f05d93fd76ad1e36c3df54afa3,.cache/fundonet-ime/e56da259d64a53b6bd130500755e02ffeeb678f05d93fd76ad1e36c3df54afa3
Carteiras selecionadas,SUMUP SMART II,SUMUP SMART II,62627051000103,11/2025,Vencidos Over 180 d (R$ MM),0.0,R$ MM,Visão Executiva canônica; cache IME local e56da259d64a53b6bd130500755e02ffeeb678f05d93fd76ad1e36c3df54afa3,.cache/fundonet-ime/e56da259d64a53b6bd130500755e02ffeeb678f05d93fd76ad1e36c3df54afa3
Carteiras selecionadas,SUMUP SMART II,SUMUP SMART II,62627051000103,10/2025,Vencidos Over 180 d (R$ MM),0.0,R$ MM,Visão Executiva canônica; cache IME local e56da259d64a53b6bd130500755e02ffeeb678f05d93fd76ad1e36c3df54afa3,.cache/fundonet-ime/e56da259d64a53b6bd130500755e02ffeeb678f05d93fd76ad1e36c3df54afa3
Carteiras selecionadas,SUMUP SMART II,SUMUP SMART II,62627051000103,06/2026,Vencidos Over 180 d / Crédito,0.0,ratio,Visão Executiva canônica; cache IME local e56da259d64a53b6bd130500755e02ffeeb678f05d93fd76ad1e36c3df54afa3,.cache/fundonet-ime/e56da259d64a53b6bd130500755e02ffeeb678f05d93fd76ad1e36c3df54afa3
Carteiras selecionadas,SUMUP SMART II,SUMUP SMART II,62627051000103,05/2026,Vencidos Over 180 d / Crédito,0.0,ratio,Visão Executiva canônica; cache IME local e56da259d64a53b6bd130500755e02ffeeb678f05d93fd76ad1e36c3df54afa3,.cache/fundonet-ime/e56da259d64a53b6bd130500755e02ffeeb678f05d93fd76ad1e36c3df54afa3
Carteiras selecionadas,SUMUP SMART II,SUMUP SMART II,62627051000103,04/2026,Vencidos Over 180 d / Crédito,0.0,ratio,Visão Executiva canônica; cache IME local e56da259d64a53b6bd130500755e02ffeeb678f05d93fd76ad1e36c3df54afa3,.cache/fundonet-ime/e56da259d64a53b6bd130500755e02ffeeb678f05d93fd76ad1e36c3df54afa3
Carteiras selecionadas,SUMUP SMART II,SUMUP SMART II,62627051000103,03/2026,Vencidos Over 180 d / Crédito,0.0,ratio,Visão Executiva canônica; cache IME local e56da259d64a53b6bd130500755e02ffeeb678f05d93fd76ad1e36c3df54afa3,.cache/fundonet-ime/e56da259d64a53b6bd130500755e02ffeeb678f05d93fd76ad1e36c3df54afa3
Carteiras selecionadas,SUMUP SMART II,SUMUP SMART II,62627051000103,02/2026,Vencidos Over 180 d / Crédito,0.0,ratio,Visão Executiva canônica; cache IME local e56da259d64a53b6bd130500755e02ffeeb678f05d93fd76ad1e36c3df54afa3,.cache/fundonet-ime/e56da259d64a53b6bd130500755e02ffeeb678f05d93fd76ad1e36c3df54afa3
Carteiras selecionadas,SUMUP SMART II,SUMUP SMART II,62627051000103,01/2026,Vencidos Over 180 d / Crédito,0.0,ratio,Visão Executiva canônica; cache IME local e56da259d64a53b6bd130500755e02ffeeb678f05d93fd76ad1e36c3df54afa3,.cache/fundonet-ime/e56da259d64a53b6bd130500755e02ffeeb678f05d93fd76ad1e36c3df54afa3
Carteiras selecionadas,SUMUP SMART II,SUMUP SMART II,62627051000103,12/2025,Vencidos Over 180 d / Crédito,0.0,ratio,Visão Executiva canônica; cache IME local e56da259d64a53b6bd130500755e02ffeeb678f05d93fd76ad1e36c3df54afa3,.cache/fundonet-ime/e56da259d64a53b6bd130500755e02ffeeb678f05d93fd76ad1e36c3df54afa3
Carteiras selecionadas,SUMUP SMART II,SUMUP SMART II,62627051000103,11/2025,Vencidos Over 180 d / Crédito,0.0,ratio,Visão Executiva canônica; cache IME local e56da259d64a53b6bd130500755e02ffeeb678f05d93fd76ad1e36c3df54afa3,.cache/fundonet-ime/e56da259d64a53b6bd130500755e02ffeeb678f05d93fd76ad1e36c3df54afa3
Carteiras selecionadas,SUMUP SMART II,SUMUP SMART II,62627051000103,10/2025,Vencidos Over 180 d / Crédito,0.0,ratio,Visão Executiva canônica; cache IME local e56da259d64a53b6bd130500755e02ffeeb678f05d93fd76ad1e36c3df54afa3,.cache/fundonet-ime/e56da259d64a53b6bd130500755e02ffeeb678f05d93fd76ad1e36c3df54afa3
Carteiras selecionadas,SUMUP SMART II,SUMUP SMART II,62627051000103,06/2026,Vencidos Over 360 d (R$ MM),0.0,R$ MM,Visão Executiva canônica; cache IME local e56da259d64a53b6bd130500755e02ffeeb678f05d93fd76ad1e36c3df54afa3,.cache/fundonet-ime/e56da259d64a53b6bd130500755e02ffeeb678f05d93fd76ad1e36c3df54afa3
Carteiras selecionadas,SUMUP SMART II,SUMUP SMART II,62627051000103,05/2026,Vencidos Over 360 d (R$ MM),0.0,R$ MM,Visão Executiva canônica; cache IME local e56da259d64a53b6bd130500755e02ffeeb678f05d93fd76ad1e36c3df54afa3,.cache/fundonet-ime/e56da259d64a53b6bd130500755e02ffeeb678f05d93fd76ad1e36c3df54afa3
Carteiras selecionadas,SUMUP SMART II,SUMUP SMART II,62627051000103,04/2026,Vencidos Over 360 d (R$ MM),0.0,R$ MM,Visão Executiva canônica; cache IME local e56da259d64a53b6bd130500755e02ffeeb678f05d93fd76ad1e36c3df54afa3,.cache/fundonet-ime/e56da259d64a53b6bd130500755e02ffeeb678f05d93fd76ad1e36c3df54afa3
Carteiras selecionadas,SUMUP SMART II,SUMUP SMART II,62627051000103,03/2026,Vencidos Over 360 d (R$ MM),0.0,R$ MM,Visão Executiva canônica; cache IME local e56da259d64a53b6bd130500755e02ffeeb678f05d93fd76ad1e36c3df54afa3,.cache/fundonet-ime/e56da259d64a53b6bd130500755e02ffeeb678f05d93fd76ad1e36c3df54afa3
Carteiras selecionadas,SUMUP SMART II,SUMUP SMART II,62627051000103,02/2026,Vencidos Over 360 d (R$ MM),0.0,R$ MM,Visão Executiva canônica; cache IME local e56da259d64a53b6bd130500755e02ffeeb678f05d93fd76ad1e36c3df54afa3,.cache/fundonet-ime/e56da259d64a53b6bd130500755e02ffeeb678f05d93fd76ad1e36c3df54afa3
Carteiras selecionadas,SUMUP SMART II,SUMUP SMART II,62627051000103,01/2026,Vencidos Over 360 d (R$ MM),0.0,R$ MM,Visão Executiva canônica; cache IME local e56da259d64a53b6bd130500755e02ffeeb678f05d93fd76ad1e36c3df54afa3,.cache/fundonet-ime/e56da259d64a53b6bd130500755e02ffeeb678f05d93fd76ad1e36c3df54afa3
Carteiras selecionadas,SUMUP SMART II,SUMUP SMART II,62627051000103,12/2025,Vencidos Over 360 d (R$ MM),0.0,R$ MM,Visão Executiva canônica; cache IME local e56da259d64a53b6bd130500755e02ffeeb678f05d93fd76ad1e36c3df54afa3,.cache/fundonet-ime/e56da259d64a53b6bd130500755e02ffeeb678f05d93fd76ad1e36c3df54afa3
Carteiras selecionadas,SUMUP SMART II,SUMUP SMART II,62627051000103,11/2025,Vencidos Over 360 d (R$ MM),0.0,R$ MM,Visão Executiva canônica; cache IME local e56da259d64a53b6bd130500755e02ffeeb678f05d93fd76ad1e36c3df54afa3,.cache/fundonet-ime/e56da259d64a53b6bd130500755e02ffeeb678f05d93fd76ad1e36c3df54afa3
Carteiras selecionadas,SUMUP SMART II,SUMUP SMART II,62627051000103,10/2025,Vencidos Over 360 d (R$ MM),0.0,R$ MM,Visão Executiva canônica; cache IME local e56da259d64a53b6bd130500755e02ffeeb678f05d93fd76ad1e36c3df54afa3,.cache/fundonet-ime/e56da259d64a53b6bd130500755e02ffeeb678f05d93fd76ad1e36c3df54afa3
Carteiras selecionadas,SUMUP SMART II,SUMUP SMART II,62627051000103,06/2026,Vencidos Over 360 d / Crédito,0.0,ratio,Visão Executiva canônica; cache IME local e56da259d64a53b6bd130500755e02ffeeb678f05d93fd76ad1e36c3df54afa3,.cache/fundonet-ime/e56da259d64a53b6bd130500755e02ffeeb678f05d93fd76ad1e36c3df54afa3
Carteiras selecionadas,SUMUP SMART II,SUMUP SMART II,62627051000103,05/2026,Vencidos Over 360 d / Crédito,0.0,ratio,Visão Executiva canônica; cache IME local e56da259d64a53b6bd130500755e02ffeeb678f05d93fd76ad1e36c3df54afa3,.cache/fundonet-ime/e56da259d64a53b6bd130500755e02ffeeb678f05d93fd76ad1e36c3df54afa3
Carteiras selecionadas,SUMUP SMART II,SUMUP SMART II,62627051000103,04/2026,Vencidos Over 360 d / Crédito,0.0,ratio,Visão Executiva canônica; cache IME local e56da259d64a53b6bd130500755e02ffeeb678f05d93fd76ad1e36c3df54afa3,.cache/fundonet-ime/e56da259d64a53b6bd130500755e02ffeeb678f05d93fd76ad1e36c3df54afa3
Carteiras selecionadas,SUMUP SMART II,SUMUP SMART II,62627051000103,03/2026,Vencidos Over 360 d / Crédito,0.0,ratio,Visão Executiva canônica; cache IME local e56da259d64a53b6bd130500755e02ffeeb678f05d93fd76ad1e36c3df54afa3,.cache/fundonet-ime/e56da259d64a53b6bd130500755e02ffeeb678f05d93fd76ad1e36c3df54afa3
Carteiras selecionadas,SUMUP SMART II,SUMUP SMART II,62627051000103,02/2026,Vencidos Over 360 d / Crédito,0.0,ratio,Visão Executiva canônica; cache IME local e56da259d64a53b6bd130500755e02ffeeb678f05d93fd76ad1e36c3df54afa3,.cache/fundonet-ime/e56da259d64a53b6bd130500755e02ffeeb678f05d93fd76ad1e36c3df54afa3
Carteiras selecionadas,SUMUP SMART II,SUMUP SMART II,62627051000103,01/2026,Vencidos Over 360 d / Crédito,0.0,ratio,Visão Executiva canônica; cache IME local e56da259d64a53b6bd130500755e02ffeeb678f05d93fd76ad1e36c3df54afa3,.cache/fundonet-ime/e56da259d64a53b6bd130500755e02ffeeb678f05d93fd76ad1e36c3df54afa3
Carteiras selecionadas,SUMUP SMART II,SUMUP SMART II,62627051000103,12/2025,Vencidos Over 360 d / Crédito,0.0,ratio,Visão Executiva canônica; cache IME local e56da259d64a53b6bd130500755e02ffeeb678f05d93fd76ad1e36c3df54afa3,.cache/fundonet-ime/e56da259d64a53b6bd130500755e02ffeeb678f05d93fd76ad1e36c3df54afa3
Carteiras selecionadas,SUMUP SMART II,SUMUP SMART II,62627051000103,11/2025,Vencidos Over 360 d / Crédito,0.0,ratio,Visão Executiva canônica; cache IME local e56da259d64a53b6bd130500755e02ffeeb678f05d93fd76ad1e36c3df54afa3,.cache/fundonet-ime/e56da259d64a53b6bd130500755e02ffeeb678f05d93fd76ad1e36c3df54afa3
Carteiras selecionadas,SUMUP SMART II,SUMUP SMART II,62627051000103,10/2025,Vencidos Over 360 d / Crédito,0.0,ratio,Visão Executiva canônica; cache IME local e56da259d64a53b6bd130500755e02ffeeb678f05d93fd76ad1e36c3df54afa3,.cache/fundonet-ime/e56da259d64a53b6bd130500755e02ffeeb678f05d93fd76ad1e36c3df54afa3
Carteiras selecionadas,SUMUP SMART II,SUMUP SMART II,62627051000103,06/2026,PDD (R$ MM),0.0,R$ MM,Visão Executiva canônica; cache IME local e56da259d64a53b6bd130500755e02ffeeb678f05d93fd76ad1e36c3df54afa3,.cache/fundonet-ime/e56da259d64a53b6bd130500755e02ffeeb678f05d93fd76ad1e36c3df54afa3
Carteiras selecionadas,SUMUP SMART II,SUMUP SMART II,62627051000103,05/2026,PDD (R$ MM),0.0,R$ MM,Visão Executiva canônica; cache IME local e56da259d64a53b6bd130500755e02ffeeb678f05d93fd76ad1e36c3df54afa3,.cache/fundonet-ime/e56da259d64a53b6bd130500755e02ffeeb678f05d93fd76ad1e36c3df54afa3
Carteiras selecionadas,SUMUP SMART II,SUMUP SMART II,62627051000103,04/2026,PDD (R$ MM),0.0,R$ MM,Visão Executiva canônica; cache IME local e56da259d64a53b6bd130500755e02ffeeb678f05d93fd76ad1e36c3df54afa3,.cache/fundonet-ime/e56da259d64a53b6bd130500755e02ffeeb678f05d93fd76ad1e36c3df54afa3
Carteiras selecionadas,SUMUP SMART II,SUMUP SMART II,62627051000103,03/2026,PDD (R$ MM),0.0,R$ MM,Visão Executiva canônica; cache IME local e56da259d64a53b6bd130500755e02ffeeb678f05d93fd76ad1e36c3df54afa3,.cache/fundonet-ime/e56da259d64a53b6bd130500755e02ffeeb678f05d93fd76ad1e36c3df54afa3
Carteiras selecionadas,SUMUP SMART II,SUMUP SMART II,62627051000103,02/2026,PDD (R$ MM),0.0,R$ MM,Visão Executiva canônica; cache IME local e56da259d64a53b6bd130500755e02ffeeb678f05d93fd76ad1e36c3df54afa3,.cache/fundonet-ime/e56da259d64a53b6bd130500755e02ffeeb678f05d93fd76ad1e36c3df54afa3
Carteiras selecionadas,SUMUP SMART II,SUMUP SMART II,62627051000103,01/2026,PDD (R$ MM),0.0,R$ MM,Visão Executiva canônica; cache IME local e56da259d64a53b6bd130500755e02ffeeb678f05d93fd76ad1e36c3df54afa3,.cache/fundonet-ime/e56da259d64a53b6bd130500755e02ffeeb678f05d93fd76ad1e36c3df54afa3
Carteiras selecionadas,SUMUP SMART II,SUMUP SMART II,62627051000103,12/2025,PDD (R$ MM),0.0,R$ MM,Visão Executiva canônica; cache IME local e56da259d64a53b6bd130500755e02ffeeb678f05d93fd76ad1e36c3df54afa3,.cache/fundonet-ime/e56da259d64a53b6bd130500755e02ffeeb678f05d93fd76ad1e36c3df54afa3
Carteiras selecionadas,SUMUP SMART II,SUMUP SMART II,62627051000103,11/2025,PDD (R$ MM),0.0,R$ MM,Visão Executiva canônica; cache IME local e56da259d64a53b6bd130500755e02ffeeb678f05d93fd76ad1e36c3df54afa3,.cache/fundonet-ime/e56da259d64a53b6bd130500755e02ffeeb678f05d93fd76ad1e36c3df54afa3
Carteiras selecionadas,SUMUP SMART II,SUMUP SMART II,62627051000103,10/2025,PDD (R$ MM),0.0,R$ MM,Visão Executiva canônica; cache IME local e56da259d64a53b6bd130500755e02ffeeb678f05d93fd76ad1e36c3df54afa3,.cache/fundonet-ime/e56da259d64a53b6bd130500755e02ffeeb678f05d93fd76ad1e36c3df54afa3
Carteiras selecionadas,SUMUP SMART II,SUMUP SMART II,62627051000103,06/2026,PDD / Crédito,0.0,ratio,Visão Executiva canônica; cache IME local e56da259d64a53b6bd130500755e02ffeeb678f05d93fd76ad1e36c3df54afa3,.cache/fundonet-ime/e56da259d64a53b6bd130500755e02ffeeb678f05d93fd76ad1e36c3df54afa3
Carteiras selecionadas,SUMUP SMART II,SUMUP SMART II,62627051000103,05/2026,PDD / Crédito,0.0,ratio,Visão Executiva canônica; cache IME local e56da259d64a53b6bd130500755e02ffeeb678f05d93fd76ad1e36c3df54afa3,.cache/fundonet-ime/e56da259d64a53b6bd130500755e02ffeeb678f05d93fd76ad1e36c3df54afa3
Carteiras selecionadas,SUMUP SMART II,SUMUP SMART II,62627051000103,04/2026,PDD / Crédito,0.0,ratio,Visão Executiva canônica; cache IME local e56da259d64a53b6bd130500755e02ffeeb678f05d93fd76ad1e36c3df54afa3,.cache/fundonet-ime/e56da259d64a53b6bd130500755e02ffeeb678f05d93fd76ad1e36c3df54afa3
Carteiras selecionadas,SUMUP SMART II,SUMUP SMART II,62627051000103,03/2026,PDD / Crédito,0.0,ratio,Visão Executiva canônica; cache IME local e56da259d64a53b6bd130500755e02ffeeb678f05d93fd76ad1e36c3df54afa3,.cache/fundonet-ime/e56da259d64a53b6bd130500755e02ffeeb678f05d93fd76ad1e36c3df54afa3
Carteiras selecionadas,SUMUP SMART II,SUMUP SMART II,62627051000103,02/2026,PDD / Crédito,0.0,ratio,Visão Executiva canônica; cache IME local e56da259d64a53b6bd130500755e02ffeeb678f05d93fd76ad1e36c3df54afa3,.cache/fundonet-ime/e56da259d64a53b6bd130500755e02ffeeb678f05d93fd76ad1e36c3df54afa3
Carteiras selecionadas,SUMUP SMART II,SUMUP SMART II,62627051000103,01/2026,PDD / Crédito,0.0,ratio,Visão Executiva canônica; cache IME local e56da259d64a53b6bd130500755e02ffeeb678f05d93fd76ad1e36c3df54afa3,.cache/fundonet-ime/e56da259d64a53b6bd130500755e02ffeeb678f05d93fd76ad1e36c3df54afa3
Carteiras selecionadas,SUMUP SMART II,SUMUP SMART II,62627051000103,12/2025,PDD / Crédito,0.0,ratio,Visão Executiva canônica; cache IME local e56da259d64a53b6bd130500755e02ffeeb678f05d93fd76ad1e36c3df54afa3,.cache/fundonet-ime/e56da259d64a53b6bd130500755e02ffeeb678f05d93fd76ad1e36c3df54afa3
Carteiras selecionadas,SUMUP SMART II,SUMUP SMART II,62627051000103,11/2025,PDD / Crédito,0.0,ratio,Visão Executiva canônica; cache IME local e56da259d64a53b6bd130500755e02ffeeb678f05d93fd76ad1e36c3df54afa3,.cache/fundonet-ime/e56da259d64a53b6bd130500755e02ffeeb678f05d93fd76ad1e36c3df54afa3
Carteiras selecionadas,SUMUP SMART II,SUMUP SMART II,62627051000103,10/2025,PDD / Crédito,0.0,ratio,Visão Executiva canônica; cache IME local e56da259d64a53b6bd130500755e02ffeeb678f05d93fd76ad1e36c3df54afa3,.cache/fundonet-ime/e56da259d64a53b6bd130500755e02ffeeb678f05d93fd76ad1e36c3df54afa3
Carteiras selecionadas,SUMUP SMART II,SUMUP SMART II,62627051000103,06/2026,Recompras (R$ MM),0.0,R$ MM,Visão Executiva canônica; cache IME local e56da259d64a53b6bd130500755e02ffeeb678f05d93fd76ad1e36c3df54afa3,.cache/fundonet-ime/e56da259d64a53b6bd130500755e02ffeeb678f05d93fd76ad1e36c3df54afa3
Carteiras selecionadas,SUMUP SMART II,SUMUP SMART II,62627051000103,05/2026,Recompras (R$ MM),0.0,R$ MM,Visão Executiva canônica; cache IME local e56da259d64a53b6bd130500755e02ffeeb678f05d93fd76ad1e36c3df54afa3,.cache/fundonet-ime/e56da259d64a53b6bd130500755e02ffeeb678f05d93fd76ad1e36c3df54afa3
Carteiras selecionadas,SUMUP SMART II,SUMUP SMART II,62627051000103,04/2026,Recompras (R$ MM),0.0,R$ MM,Visão Executiva canônica; cache IME local e56da259d64a53b6bd130500755e02ffeeb678f05d93fd76ad1e36c3df54afa3,.cache/fundonet-ime/e56da259d64a53b6bd130500755e02ffeeb678f05d93fd76ad1e36c3df54afa3
Carteiras selecionadas,SUMUP SMART II,SUMUP SMART II,62627051000103,03/2026,Recompras (R$ MM),0.0,R$ MM,Visão Executiva canônica; cache IME local e56da259d64a53b6bd130500755e02ffeeb678f05d93fd76ad1e36c3df54afa3,.cache/fundonet-ime/e56da259d64a53b6bd130500755e02ffeeb678f05d93fd76ad1e36c3df54afa3
Carteiras selecionadas,SUMUP SMART II,SUMUP SMART II,62627051000103,02/2026,Recompras (R$ MM),0.0,R$ MM,Visão Executiva canônica; cache IME local e56da259d64a53b6bd130500755e02ffeeb678f05d93fd76ad1e36c3df54afa3,.cache/fundonet-ime/e56da259d64a53b6bd130500755e02ffeeb678f05d93fd76ad1e36c3df54afa3
Carteiras selecionadas,SUMUP SMART II,SUMUP SMART II,62627051000103,01/2026,Recompras (R$ MM),0.0,R$ MM,Visão Executiva canônica; cache IME local e56da259d64a53b6bd130500755e02ffeeb678f05d93fd76ad1e36c3df54afa3,.cache/fundonet-ime/e56da259d64a53b6bd130500755e02ffeeb678f05d93fd76ad1e36c3df54afa3
Carteiras selecionadas,SUMUP SMART II,SUMUP SMART II,62627051000103,12/2025,Recompras (R$ MM),0.0,R$ MM,Visão Executiva canônica; cache IME local e56da259d64a53b6bd130500755e02ffeeb678f05d93fd76ad1e36c3df54afa3,.cache/fundonet-ime/e56da259d64a53b6bd130500755e02ffeeb678f05d93fd76ad1e36c3df54afa3
Carteiras selecionadas,SUMUP SMART II,SUMUP SMART II,62627051000103,11/2025,Recompras (R$ MM),0.0,R$ MM,Visão Executiva canônica; cache IME local e56da259d64a53b6bd130500755e02ffeeb678f05d93fd76ad1e36c3df54afa3,.cache/fundonet-ime/e56da259d64a53b6bd130500755e02ffeeb678f05d93fd76ad1e36c3df54afa3
Carteiras selecionadas,SUMUP SMART II,SUMUP SMART II,62627051000103,10/2025,Recompras (R$ MM),0.0,R$ MM,Visão Executiva canônica; cache IME local e56da259d64a53b6bd130500755e02ffeeb678f05d93fd76ad1e36c3df54afa3,.cache/fundonet-ime/e56da259d64a53b6bd130500755e02ffeeb678f05d93fd76ad1e36c3df54afa3
Carteiras selecionadas,SUMUP SMART II,SUMUP SMART II,62627051000103,06/2026,Recompras / Crédito,0.0,ratio,Visão Executiva canônica; cache IME local e56da259d64a53b6bd130500755e02ffeeb678f05d93fd76ad1e36c3df54afa3,.cache/fundonet-ime/e56da259d64a53b6bd130500755e02ffeeb678f05d93fd76ad1e36c3df54afa3
Carteiras selecionadas,SUMUP SMART II,SUMUP SMART II,62627051000103,05/2026,Recompras / Crédito,0.0,ratio,Visão Executiva canônica; cache IME local e56da259d64a53b6bd130500755e02ffeeb678f05d93fd76ad1e36c3df54afa3,.cache/fundonet-ime/e56da259d64a53b6bd130500755e02ffeeb678f05d93fd76ad1e36c3df54afa3
Carteiras selecionadas,SUMUP SMART II,SUMUP SMART II,62627051000103,04/2026,Recompras / Crédito,0.0,ratio,Visão Executiva canônica; cache IME local e56da259d64a53b6bd130500755e02ffeeb678f05d93fd76ad1e36c3df54afa3,.cache/fundonet-ime/e56da259d64a53b6bd130500755e02ffeeb678f05d93fd76ad1e36c3df54afa3
Carteiras selecionadas,SUMUP SMART II,SUMUP SMART II,62627051000103,03/2026,Recompras / Crédito,0.0,ratio,Visão Executiva canônica; cache IME local e56da259d64a53b6bd130500755e02ffeeb678f05d93fd76ad1e36c3df54afa3,.cache/fundonet-ime/e56da259d64a53b6bd130500755e02ffeeb678f05d93fd76ad1e36c3df54afa3
Carteiras selecionadas,SUMUP SMART II,SUMUP SMART II,62627051000103,02/2026,Recompras / Crédito,0.0,ratio,Visão Executiva canônica; cache IME local e56da259d64a53b6bd130500755e02ffeeb678f05d93fd76ad1e36c3df54afa3,.cache/fundonet-ime/e56da259d64a53b6bd130500755e02ffeeb678f05d93fd76ad1e36c3df54afa3
Carteiras selecionadas,SUMUP SMART II,SUMUP SMART II,62627051000103,01/2026,Recompras / Crédito,0.0,ratio,Visão Executiva canônica; cache IME local e56da259d64a53b6bd130500755e02ffeeb678f05d93fd76ad1e36c3df54afa3,.cache/fundonet-ime/e56da259d64a53b6bd130500755e02ffeeb678f05d93fd76ad1e36c3df54afa3
Carteiras selecionadas,SUMUP SMART II,SUMUP SMART II,62627051000103,12/2025,Recompras / Crédito,0.0,ratio,Visão Executiva canônica; cache IME local e56da259d64a53b6bd130500755e02ffeeb678f05d93fd76ad1e36c3df54afa3,.cache/fundonet-ime/e56da259d64a53b6bd130500755e02ffeeb678f05d93fd76ad1e36c3df54afa3
Carteiras selecionadas,SUMUP SMART II,SUMUP SMART II,62627051000103,11/2025,Recompras / Crédito,0.0,ratio,Visão Executiva canônica; cache IME local e56da259d64a53b6bd130500755e02ffeeb678f05d93fd76ad1e36c3df54afa3,.cache/fundonet-ime/e56da259d64a53b6bd130500755e02ffeeb678f05d93fd76ad1e36c3df54afa3
Carteiras selecionadas,SUMUP SMART II,SUMUP SMART II,62627051000103,10/2025,Recompras / Crédito,0.0,ratio,Visão Executiva canônica; cache IME local e56da259d64a53b6bd130500755e02ffeeb678f05d93fd76ad1e36c3df54afa3,.cache/fundonet-ime/e56da259d64a53b6bd130500755e02ffeeb678f05d93fd76ad1e36c3df54afa3
Carteiras selecionadas,SUMUP SMART II,SUMUP SMART II,62627051000103,06/2026,Recompras / PL,0.0,ratio,Visão Executiva canônica; cache IME local e56da259d64a53b6bd130500755e02ffeeb678f05d93fd76ad1e36c3df54afa3,.cache/fundonet-ime/e56da259d64a53b6bd130500755e02ffeeb678f05d93fd76ad1e36c3df54afa3
Carteiras selecionadas,SUMUP SMART II,SUMUP SMART II,62627051000103,05/2026,Recompras / PL,0.0,ratio,Visão Executiva canônica; cache IME local e56da259d64a53b6bd130500755e02ffeeb678f05d93fd76ad1e36c3df54afa3,.cache/fundonet-ime/e56da259d64a53b6bd130500755e02ffeeb678f05d93fd76ad1e36c3df54afa3
Carteiras selecionadas,SUMUP SMART II,SUMUP SMART II,62627051000103,04/2026,Recompras / PL,0.0,ratio,Visão Executiva canônica; cache IME local e56da259d64a53b6bd130500755e02ffeeb678f05d93fd76ad1e36c3df54afa3,.cache/fundonet-ime/e56da259d64a53b6bd130500755e02ffeeb678f05d93fd76ad1e36c3df54afa3
Carteiras selecionadas,SUMUP SMART II,SUMUP SMART II,62627051000103,03/2026,Recompras / PL,0.0,ratio,Visão Executiva canônica; cache IME local e56da259d64a53b6bd130500755e02ffeeb678f05d93fd76ad1e36c3df54afa3,.cache/fundonet-ime/e56da259d64a53b6bd130500755e02ffeeb678f05d93fd76ad1e36c3df54afa3
Carteiras selecionadas,SUMUP SMART II,SUMUP SMART II,62627051000103,02/2026,Recompras / PL,0.0,ratio,Visão Executiva canônica; cache IME local e56da259d64a53b6bd130500755e02ffeeb678f05d93fd76ad1e36c3df54afa3,.cache/fundonet-ime/e56da259d64a53b6bd130500755e02ffeeb678f05d93fd76ad1e36c3df54afa3
Carteiras selecionadas,SUMUP SMART II,SUMUP SMART II,62627051000103,01/2026,Recompras / PL,0.0,ratio,Visão Executiva canônica; cache IME local e56da259d64a53b6bd130500755e02ffeeb678f05d93fd76ad1e36c3df54afa3,.cache/fundonet-ime/e56da259d64a53b6bd130500755e02ffeeb678f05d93fd76ad1e36c3df54afa3
Carteiras selecionadas,SUMUP SMART II,SUMUP SMART II,62627051000103,12/2025,Recompras / PL,0.0,ratio,Visão Executiva canônica; cache IME local e56da259d64a53b6bd130500755e02ffeeb678f05d93fd76ad1e36c3df54afa3,.cache/fundonet-ime/e56da259d64a53b6bd130500755e02ffeeb678f05d93fd76ad1e36c3df54afa3
Carteiras selecionadas,SUMUP SMART II,SUMUP SMART II,62627051000103,11/2025,Recompras / PL,0.0,ratio,Visão Executiva canônica; cache IME local e56da259d64a53b6bd130500755e02ffeeb678f05d93fd76ad1e36c3df54afa3,.cache/fundonet-ime/e56da259d64a53b6bd130500755e02ffeeb678f05d93fd76ad1e36c3df54afa3
Carteiras selecionadas,SUMUP SMART II,SUMUP SMART II,62627051000103,10/2025,Recompras / PL,0.0,ratio,Visão Executiva canônica; cache IME local e56da259d64a53b6bd130500755e02ffeeb678f05d93fd76ad1e36c3df54afa3,.cache/fundonet-ime/e56da259d64a53b6bd130500755e02ffeeb678f05d93fd76ad1e36c3df54afa3
Carteiras selecionadas,SUMUP SMART II,SUMUP SMART II,62627051000103,06/2026,Cotas SR / PL %,95.72236293212563,%,Visão Executiva canônica; cache IME local e56da259d64a53b6bd130500755e02ffeeb678f05d93fd76ad1e36c3df54afa3,.cache/fundonet-ime/e56da259d64a53b6bd130500755e02ffeeb678f05d93fd76ad1e36c3df54afa3
Carteiras selecionadas,SUMUP SMART II,SUMUP SMART II,62627051000103,05/2026,Cotas SR / PL %,95.92878240851184,%,Visão Executiva canônica; cache IME local e56da259d64a53b6bd130500755e02ffeeb678f05d93fd76ad1e36c3df54afa3,.cache/fundonet-ime/e56da259d64a53b6bd130500755e02ffeeb678f05d93fd76ad1e36c3df54afa3
Carteiras selecionadas,SUMUP SMART II,SUMUP SMART II,62627051000103,04/2026,Cotas SR / PL %,96.12024069771195,%,Visão Executiva canônica; cache IME local e56da259d64a53b6bd130500755e02ffeeb678f05d93fd76ad1e36c3df54afa3,.cache/fundonet-ime/e56da259d64a53b6bd130500755e02ffeeb678f05d93fd76ad1e36c3df54afa3
Carteiras selecionadas,SUMUP SMART II,SUMUP SMART II,62627051000103,03/2026,Cotas SR / PL %,96.30634549074706,%,Visão Executiva canônica; cache IME local e56da259d64a53b6bd130500755e02ffeeb678f05d93fd76ad1e36c3df54afa3,.cache/fundonet-ime/e56da259d64a53b6bd130500755e02ffeeb678f05d93fd76ad1e36c3df54afa3
Carteiras selecionadas,SUMUP SMART II,SUMUP SMART II,62627051000103,02/2026,Cotas SR / PL %,96.48741283889598,%,Visão Executiva canônica; cache IME local e56da259d64a53b6bd130500755e02ffeeb678f05d93fd76ad1e36c3df54afa3,.cache/fundonet-ime/e56da259d64a53b6bd130500755e02ffeeb678f05d93fd76ad1e36c3df54afa3
Carteiras selecionadas,SUMUP SMART II,SUMUP SMART II,62627051000103,01/2026,Cotas SR / PL %,96.6372573969681,%,Visão Executiva canônica; cache IME local e56da259d64a53b6bd130500755e02ffeeb678f05d93fd76ad1e36c3df54afa3,.cache/fundonet-ime/e56da259d64a53b6bd130500755e02ffeeb678f05d93fd76ad1e36c3df54afa3
Carteiras selecionadas,SUMUP SMART II,SUMUP SMART II,62627051000103,12/2025,Cotas SR / PL %,96.78941136809827,%,Visão Executiva canônica; cache IME local e56da259d64a53b6bd130500755e02ffeeb678f05d93fd76ad1e36c3df54afa3,.cache/fundonet-ime/e56da259d64a53b6bd130500755e02ffeeb678f05d93fd76ad1e36c3df54afa3
Carteiras selecionadas,SUMUP SMART II,SUMUP SMART II,62627051000103,11/2025,Cotas SR / PL %,96.92468992109859,%,Visão Executiva canônica; cache IME local e56da259d64a53b6bd130500755e02ffeeb678f05d93fd76ad1e36c3df54afa3,.cache/fundonet-ime/e56da259d64a53b6bd130500755e02ffeeb678f05d93fd76ad1e36c3df54afa3
Carteiras selecionadas,SUMUP SMART II,SUMUP SMART II,62627051000103,10/2025,Cotas SR / PL %,97.01249218090797,%,Visão Executiva canônica; cache IME local e56da259d64a53b6bd130500755e02ffeeb678f05d93fd76ad1e36c3df54afa3,.cache/fundonet-ime/e56da259d64a53b6bd130500755e02ffeeb678f05d93fd76ad1e36c3df54afa3
Carteiras selecionadas,SUMUP SMART II,SUMUP SMART II,62627051000103,06/2026,Cotas Sub / PL %,4.2776370531789505,%,Visão Executiva canônica; cache IME local e56da259d64a53b6bd130500755e02ffeeb678f05d93fd76ad1e36c3df54afa3,.cache/fundonet-ime/e56da259d64a53b6bd130500755e02ffeeb678f05d93fd76ad1e36c3df54afa3
Carteiras selecionadas,SUMUP SMART II,SUMUP SMART II,62627051000103,05/2026,Cotas Sub / PL %,4.071217586582235,%,Visão Executiva canônica; cache IME local e56da259d64a53b6bd130500755e02ffeeb678f05d93fd76ad1e36c3df54afa3,.cache/fundonet-ime/e56da259d64a53b6bd130500755e02ffeeb678f05d93fd76ad1e36c3df54afa3
Carteiras selecionadas,SUMUP SMART II,SUMUP SMART II,62627051000103,04/2026,Cotas Sub / PL %,3.8797592931354394,%,Visão Executiva canônica; cache IME local e56da259d64a53b6bd130500755e02ffeeb678f05d93fd76ad1e36c3df54afa3,.cache/fundonet-ime/e56da259d64a53b6bd130500755e02ffeeb678f05d93fd76ad1e36c3df54afa3
Carteiras selecionadas,SUMUP SMART II,SUMUP SMART II,62627051000103,03/2026,Cotas Sub / PL %,3.693654506396789,%,Visão Executiva canônica; cache IME local e56da259d64a53b6bd130500755e02ffeeb678f05d93fd76ad1e36c3df54afa3,.cache/fundonet-ime/e56da259d64a53b6bd130500755e02ffeeb678f05d93fd76ad1e36c3df54afa3
Carteiras selecionadas,SUMUP SMART II,SUMUP SMART II,62627051000103,02/2026,Cotas Sub / PL %,3.5125871523023227,%,Visão Executiva canônica; cache IME local e56da259d64a53b6bd130500755e02ffeeb678f05d93fd76ad1e36c3df54afa3,.cache/fundonet-ime/e56da259d64a53b6bd130500755e02ffeeb678f05d93fd76ad1e36c3df54afa3
Carteiras selecionadas,SUMUP SMART II,SUMUP SMART II,62627051000103,01/2026,Cotas Sub / PL %,3.362742596015739,%,Visão Executiva canônica; cache IME local e56da259d64a53b6bd130500755e02ffeeb678f05d93fd76ad1e36c3df54afa3,.cache/fundonet-ime/e56da259d64a53b6bd130500755e02ffeeb678f05d93fd76ad1e36c3df54afa3
Carteiras selecionadas,SUMUP SMART II,SUMUP SMART II,62627051000103,12/2025,Cotas Sub / PL %,3.2105886198197897,%,Visão Executiva canônica; cache IME local e56da259d64a53b6bd130500755e02ffeeb678f05d93fd76ad1e36c3df54afa3,.cache/fundonet-ime/e56da259d64a53b6bd130500755e02ffeeb678f05d93fd76ad1e36c3df54afa3
Carteiras selecionadas,SUMUP SMART II,SUMUP SMART II,62627051000103,11/2025,Cotas Sub / PL %,3.0753100618341302,%,Visão Executiva canônica; cache IME local e56da259d64a53b6bd130500755e02ffeeb678f05d93fd76ad1e36c3df54afa3,.cache/fundonet-ime/e56da259d64a53b6bd130500755e02ffeeb678f05d93fd76ad1e36c3df54afa3
Carteiras selecionadas,SUMUP SMART II,SUMUP SMART II,62627051000103,10/2025,Cotas Sub / PL %,2.9875078168023967,%,Visão Executiva canônica; cache IME local e56da259d64a53b6bd130500755e02ffeeb678f05d93fd76ad1e36c3df54afa3,.cache/fundonet-ime/e56da259d64a53b6bd130500755e02ffeeb678f05d93fd76ad1e36c3df54afa3
Carteiras selecionadas,SUMUP SMART II,SUMUP SMART II,62627051000103,06/2026,Rentabilidade SR % a.m.,1.17,%,Visão Executiva canônica; cache IME local e56da259d64a53b6bd130500755e02ffeeb678f05d93fd76ad1e36c3df54afa3,.cache/fundonet-ime/e56da259d64a53b6bd130500755e02ffeeb678f05d93fd76ad1e36c3df54afa3
Carteiras selecionadas,SUMUP SMART II,SUMUP SMART II,62627051000103,05/2026,Rentabilidade SR % a.m.,1.13,%,Visão Executiva canônica; cache IME local e56da259d64a53b6bd130500755e02ffeeb678f05d93fd76ad1e36c3df54afa3,.cache/fundonet-ime/e56da259d64a53b6bd130500755e02ffeeb678f05d93fd76ad1e36c3df54afa3
Carteiras selecionadas,SUMUP SMART II,SUMUP SMART II,62627051000103,04/2026,Rentabilidade SR % a.m.,1.14,%,Visão Executiva canônica; cache IME local e56da259d64a53b6bd130500755e02ffeeb678f05d93fd76ad1e36c3df54afa3,.cache/fundonet-ime/e56da259d64a53b6bd130500755e02ffeeb678f05d93fd76ad1e36c3df54afa3
Carteiras selecionadas,SUMUP SMART II,SUMUP SMART II,62627051000103,03/2026,Rentabilidade SR % a.m.,1.27,%,Visão Executiva canônica; cache IME local e56da259d64a53b6bd130500755e02ffeeb678f05d93fd76ad1e36c3df54afa3,.cache/fundonet-ime/e56da259d64a53b6bd130500755e02ffeeb678f05d93fd76ad1e36c3df54afa3
Carteiras selecionadas,SUMUP SMART II,SUMUP SMART II,62627051000103,02/2026,Rentabilidade SR % a.m.,1.04,%,Visão Executiva canônica; cache IME local e56da259d64a53b6bd130500755e02ffeeb678f05d93fd76ad1e36c3df54afa3,.cache/fundonet-ime/e56da259d64a53b6bd130500755e02ffeeb678f05d93fd76ad1e36c3df54afa3
Carteiras selecionadas,SUMUP SMART II,SUMUP SMART II,62627051000103,01/2026,Rentabilidade SR % a.m.,1.22,%,Visão Executiva canônica; cache IME local e56da259d64a53b6bd130500755e02ffeeb678f05d93fd76ad1e36c3df54afa3,.cache/fundonet-ime/e56da259d64a53b6bd130500755e02ffeeb678f05d93fd76ad1e36c3df54afa3
Carteiras selecionadas,SUMUP SMART II,SUMUP SMART II,62627051000103,12/2025,Rentabilidade SR % a.m.,1.28,%,Visão Executiva canônica; cache IME local e56da259d64a53b6bd130500755e02ffeeb678f05d93fd76ad1e36c3df54afa3,.cache/fundonet-ime/e56da259d64a53b6bd130500755e02ffeeb678f05d93fd76ad1e36c3df54afa3
Carteiras selecionadas,SUMUP SMART II,SUMUP SMART II,62627051000103,11/2025,Rentabilidade SR % a.m.,1.1,%,Visão Executiva canônica; cache IME local e56da259d64a53b6bd130500755e02ffeeb678f05d93fd76ad1e36c3df54afa3,.cache/fundonet-ime/e56da259d64a53b6bd130500755e02ffeeb678f05d93fd76ad1e36c3df54afa3
Carteiras selecionadas,SUMUP SMART II,SUMUP SMART II,62627051000103,10/2025,Rentabilidade SR % a.m.,0.47,%,Visão Executiva canônica; cache IME local e56da259d64a53b6bd130500755e02ffeeb678f05d93fd76ad1e36c3df54afa3,.cache/fundonet-ime/e56da259d64a53b6bd130500755e02ffeeb678f05d93fd76ad1e36c3df54afa3
Carteiras selecionadas,SUMUP SMART II,SUMUP SMART II,62627051000103,06/2026,Rentabilidade Sub % a.m.,5.23,%,Visão Executiva canônica; cache IME local e56da259d64a53b6bd130500755e02ffeeb678f05d93fd76ad1e36c3df54afa3,.cache/fundonet-ime/e56da259d64a53b6bd130500755e02ffeeb678f05d93fd76ad1e36c3df54afa3
Carteiras selecionadas,SUMUP SMART II,SUMUP SMART II,62627051000103,05/2026,Rentabilidade Sub % a.m.,5.25,%,Visão Executiva canônica; cache IME local e56da259d64a53b6bd130500755e02ffeeb678f05d93fd76ad1e36c3df54afa3,.cache/fundonet-ime/e56da259d64a53b6bd130500755e02ffeeb678f05d93fd76ad1e36c3df54afa3
Carteiras selecionadas,SUMUP SMART II,SUMUP SMART II,62627051000103,04/2026,Rentabilidade Sub % a.m.,5.12,%,Visão Executiva canônica; cache IME local e56da259d64a53b6bd130500755e02ffeeb678f05d93fd76ad1e36c3df54afa3,.cache/fundonet-ime/e56da259d64a53b6bd130500755e02ffeeb678f05d93fd76ad1e36c3df54afa3
Carteiras selecionadas,SUMUP SMART II,SUMUP SMART II,62627051000103,03/2026,Rentabilidade Sub % a.m.,5.59,%,Visão Executiva canônica; cache IME local e56da259d64a53b6bd130500755e02ffeeb678f05d93fd76ad1e36c3df54afa3,.cache/fundonet-ime/e56da259d64a53b6bd130500755e02ffeeb678f05d93fd76ad1e36c3df54afa3
Carteiras selecionadas,SUMUP SMART II,SUMUP SMART II,62627051000103,02/2026,Rentabilidade Sub % a.m.,4.38,%,Visão Executiva canônica; cache IME local e56da259d64a53b6bd130500755e02ffeeb678f05d93fd76ad1e36c3df54afa3,.cache/fundonet-ime/e56da259d64a53b6bd130500755e02ffeeb678f05d93fd76ad1e36c3df54afa3
Carteiras selecionadas,SUMUP SMART II,SUMUP SMART II,62627051000103,01/2026,Rentabilidade Sub % a.m.,4.96,%,Visão Executiva canônica; cache IME local e56da259d64a53b6bd130500755e02ffeeb678f05d93fd76ad1e36c3df54afa3,.cache/fundonet-ime/e56da259d64a53b6bd130500755e02ffeeb678f05d93fd76ad1e36c3df54afa3
Carteiras selecionadas,SUMUP SMART II,SUMUP SMART II,62627051000103,12/2025,Rentabilidade Sub % a.m.,4.61,%,Visão Executiva canônica; cache IME local e56da259d64a53b6bd130500755e02ffeeb678f05d93fd76ad1e36c3df54afa3,.cache/fundonet-ime/e56da259d64a53b6bd130500755e02ffeeb678f05d93fd76ad1e36c3df54afa3
Carteiras selecionadas,SUMUP SMART II,SUMUP SMART II,62627051000103,11/2025,Rentabilidade Sub % a.m.,3.27,%,Visão Executiva canônica; cache IME local e56da259d64a53b6bd130500755e02ffeeb678f05d93fd76ad1e36c3df54afa3,.cache/fundonet-ime/e56da259d64a53b6bd130500755e02ffeeb678f05d93fd76ad1e36c3df54afa3
Carteiras selecionadas,SUMUP SMART II,SUMUP SMART II,62627051000103,10/2025,Rentabilidade Sub % a.m.,-14.029999999999998,%,Visão Executiva canônica; cache IME local e56da259d64a53b6bd130500755e02ffeeb678f05d93fd76ad1e36c3df54afa3,.cache/fundonet-ime/e56da259d64a53b6bd130500755e02ffeeb678f05d93fd76ad1e36c3df54afa3
Carteiras selecionadas,SUMUP SMART II,SUMUP SMART II,62627051000103,06/2026,Cotas MZ / PL %,0.0,%,Visão Executiva canônica; cache IME local e56da259d64a53b6bd130500755e02ffeeb678f05d93fd76ad1e36c3df54afa3,.cache/fundonet-ime/e56da259d64a53b6bd130500755e02ffeeb678f05d93fd76ad1e36c3df54afa3
Carteiras selecionadas,SUMUP SMART II,SUMUP SMART II,62627051000103,05/2026,Cotas MZ / PL %,0.0,%,Visão Executiva canônica; cache IME local e56da259d64a53b6bd130500755e02ffeeb678f05d93fd76ad1e36c3df54afa3,.cache/fundonet-ime/e56da259d64a53b6bd130500755e02ffeeb678f05d93fd76ad1e36c3df54afa3
Carteiras selecionadas,SUMUP SMART II,SUMUP SMART II,62627051000103,04/2026,Cotas MZ / PL %,0.0,%,Visão Executiva canônica; cache IME local e56da259d64a53b6bd130500755e02ffeeb678f05d93fd76ad1e36c3df54afa3,.cache/fundonet-ime/e56da259d64a53b6bd130500755e02ffeeb678f05d93fd76ad1e36c3df54afa3
Carteiras selecionadas,SUMUP SMART II,SUMUP SMART II,62627051000103,03/2026,Cotas MZ / PL %,0.0,%,Visão Executiva canônica; cache IME local e56da259d64a53b6bd130500755e02ffeeb678f05d93fd76ad1e36c3df54afa3,.cache/fundonet-ime/e56da259d64a53b6bd130500755e02ffeeb678f05d93fd76ad1e36c3df54afa3
Carteiras selecionadas,SUMUP SMART II,SUMUP SMART II,62627051000103,02/2026,Cotas MZ / PL %,0.0,%,Visão Executiva canônica; cache IME local e56da259d64a53b6bd130500755e02ffeeb678f05d93fd76ad1e36c3df54afa3,.cache/fundonet-ime/e56da259d64a53b6bd130500755e02ffeeb678f05d93fd76ad1e36c3df54afa3
Carteiras selecionadas,SUMUP SMART II,SUMUP SMART II,62627051000103,01/2026,Cotas MZ / PL %,0.0,%,Visão Executiva canônica; cache IME local e56da259d64a53b6bd130500755e02ffeeb678f05d93fd76ad1e36c3df54afa3,.cache/fundonet-ime/e56da259d64a53b6bd130500755e02ffeeb678f05d93fd76ad1e36c3df54afa3
Carteiras selecionadas,SUMUP SMART II,SUMUP SMART II,62627051000103,12/2025,Cotas MZ / PL %,0.0,%,Visão Executiva canônica; cache IME local e56da259d64a53b6bd130500755e02ffeeb678f05d93fd76ad1e36c3df54afa3,.cache/fundonet-ime/e56da259d64a53b6bd130500755e02ffeeb678f05d93fd76ad1e36c3df54afa3
Carteiras selecionadas,SUMUP SMART II,SUMUP SMART II,62627051000103,11/2025,Cotas MZ / PL %,0.0,%,Visão Executiva canônica; cache IME local e56da259d64a53b6bd130500755e02ffeeb678f05d93fd76ad1e36c3df54afa3,.cache/fundonet-ime/e56da259d64a53b6bd130500755e02ffeeb678f05d93fd76ad1e36c3df54afa3
Carteiras selecionadas,SUMUP SMART II,SUMUP SMART II,62627051000103,10/2025,Cotas MZ / PL %,0.0,%,Visão Executiva canônica; cache IME local e56da259d64a53b6bd130500755e02ffeeb678f05d93fd76ad1e36c3df54afa3,.cache/fundonet-ime/e56da259d64a53b6bd130500755e02ffeeb678f05d93fd76ad1e36c3df54afa3
Carteiras selecionadas,SUMUP SMART III,SUMUP SMART III,62627122000160,06/2026,PL (R$),204070143.04,R$ bruto,Visão Executiva canônica; cache IME local 3f837708ac49e7b72a27f63d7c7ec11adb0dac39099d0a0f95f816ea64b6fd2d,.cache/fundonet-ime/3f837708ac49e7b72a27f63d7c7ec11adb0dac39099d0a0f95f816ea64b6fd2d
Carteiras selecionadas,SUMUP SMART III,SUMUP SMART III,62627122000160,05/2026,PL (R$),203549058.93,R$ bruto,Visão Executiva canônica; cache IME local 3f837708ac49e7b72a27f63d7c7ec11adb0dac39099d0a0f95f816ea64b6fd2d,.cache/fundonet-ime/3f837708ac49e7b72a27f63d7c7ec11adb0dac39099d0a0f95f816ea64b6fd2d
Carteiras selecionadas,SUMUP SMART III,SUMUP SMART III,62627122000160,04/2026,PL (R$),203168031.45,R$ bruto,Visão Executiva canônica; cache IME local 3f837708ac49e7b72a27f63d7c7ec11adb0dac39099d0a0f95f816ea64b6fd2d,.cache/fundonet-ime/3f837708ac49e7b72a27f63d7c7ec11adb0dac39099d0a0f95f816ea64b6fd2d
Carteiras selecionadas,SUMUP SMART III,SUMUP SMART III,62627122000160,03/2026,PL (R$),203040295.87,R$ bruto,Visão Executiva canônica; cache IME local 3f837708ac49e7b72a27f63d7c7ec11adb0dac39099d0a0f95f816ea64b6fd2d,.cache/fundonet-ime/3f837708ac49e7b72a27f63d7c7ec11adb0dac39099d0a0f95f816ea64b6fd2d
Carteiras selecionadas,SUMUP SMART III,SUMUP SMART III,62627122000160,02/2026,PL (R$),202207376.01,R$ bruto,Visão Executiva canônica; cache IME local 3f837708ac49e7b72a27f63d7c7ec11adb0dac39099d0a0f95f816ea64b6fd2d,.cache/fundonet-ime/3f837708ac49e7b72a27f63d7c7ec11adb0dac39099d0a0f95f816ea64b6fd2d
Carteiras selecionadas,SUMUP SMART III,SUMUP SMART III,62627122000160,01/2026,PL (R$),202264115.83,R$ bruto,Visão Executiva canônica; cache IME local 3f837708ac49e7b72a27f63d7c7ec11adb0dac39099d0a0f95f816ea64b6fd2d,.cache/fundonet-ime/3f837708ac49e7b72a27f63d7c7ec11adb0dac39099d0a0f95f816ea64b6fd2d
Carteiras selecionadas,SUMUP SMART III,SUMUP SMART III,62627122000160,12/2025,PL (R$),201945171.44,R$ bruto,Visão Executiva canônica; cache IME local 3f837708ac49e7b72a27f63d7c7ec11adb0dac39099d0a0f95f816ea64b6fd2d,.cache/fundonet-ime/3f837708ac49e7b72a27f63d7c7ec11adb0dac39099d0a0f95f816ea64b6fd2d
Carteiras selecionadas,SUMUP SMART III,SUMUP SMART III,62627122000160,11/2025,PL (R$),200112346.7,R$ bruto,Visão Executiva canônica; cache IME local 3f837708ac49e7b72a27f63d7c7ec11adb0dac39099d0a0f95f816ea64b6fd2d,.cache/fundonet-ime/3f837708ac49e7b72a27f63d7c7ec11adb0dac39099d0a0f95f816ea64b6fd2d
Carteiras selecionadas,SUMUP SMART III,SUMUP SMART III,62627122000160,10/2025,PL (R$),202295186.4,R$ bruto,Visão Executiva canônica; cache IME local 3f837708ac49e7b72a27f63d7c7ec11adb0dac39099d0a0f95f816ea64b6fd2d,.cache/fundonet-ime/3f837708ac49e7b72a27f63d7c7ec11adb0dac39099d0a0f95f816ea64b6fd2d
Carteiras selecionadas,SUMUP SMART III,SUMUP SMART III,62627122000160,06/2026,PL (R$ MM),204.07014304,R$ MM,Visão Executiva canônica; cache IME local 3f837708ac49e7b72a27f63d7c7ec11adb0dac39099d0a0f95f816ea64b6fd2d,.cache/fundonet-ime/3f837708ac49e7b72a27f63d7c7ec11adb0dac39099d0a0f95f816ea64b6fd2d
Carteiras selecionadas,SUMUP SMART III,SUMUP SMART III,62627122000160,05/2026,PL (R$ MM),203.54905893,R$ MM,Visão Executiva canônica; cache IME local 3f837708ac49e7b72a27f63d7c7ec11adb0dac39099d0a0f95f816ea64b6fd2d,.cache/fundonet-ime/3f837708ac49e7b72a27f63d7c7ec11adb0dac39099d0a0f95f816ea64b6fd2d
Carteiras selecionadas,SUMUP SMART III,SUMUP SMART III,62627122000160,04/2026,PL (R$ MM),203.16803145,R$ MM,Visão Executiva canônica; cache IME local 3f837708ac49e7b72a27f63d7c7ec11adb0dac39099d0a0f95f816ea64b6fd2d,.cache/fundonet-ime/3f837708ac49e7b72a27f63d7c7ec11adb0dac39099d0a0f95f816ea64b6fd2d
Carteiras selecionadas,SUMUP SMART III,SUMUP SMART III,62627122000160,03/2026,PL (R$ MM),203.04029587,R$ MM,Visão Executiva canônica; cache IME local 3f837708ac49e7b72a27f63d7c7ec11adb0dac39099d0a0f95f816ea64b6fd2d,.cache/fundonet-ime/3f837708ac49e7b72a27f63d7c7ec11adb0dac39099d0a0f95f816ea64b6fd2d
Carteiras selecionadas,SUMUP SMART III,SUMUP SMART III,62627122000160,02/2026,PL (R$ MM),202.20737601,R$ MM,Visão Executiva canônica; cache IME local 3f837708ac49e7b72a27f63d7c7ec11adb0dac39099d0a0f95f816ea64b6fd2d,.cache/fundonet-ime/3f837708ac49e7b72a27f63d7c7ec11adb0dac39099d0a0f95f816ea64b6fd2d
Carteiras selecionadas,SUMUP SMART III,SUMUP SMART III,62627122000160,01/2026,PL (R$ MM),202.26411583,R$ MM,Visão Executiva canônica; cache IME local 3f837708ac49e7b72a27f63d7c7ec11adb0dac39099d0a0f95f816ea64b6fd2d,.cache/fundonet-ime/3f837708ac49e7b72a27f63d7c7ec11adb0dac39099d0a0f95f816ea64b6fd2d
Carteiras selecionadas,SUMUP SMART III,SUMUP SMART III,62627122000160,12/2025,PL (R$ MM),201.94517144,R$ MM,Visão Executiva canônica; cache IME local 3f837708ac49e7b72a27f63d7c7ec11adb0dac39099d0a0f95f816ea64b6fd2d,.cache/fundonet-ime/3f837708ac49e7b72a27f63d7c7ec11adb0dac39099d0a0f95f816ea64b6fd2d
Carteiras selecionadas,SUMUP SMART III,SUMUP SMART III,62627122000160,11/2025,PL (R$ MM),200.1123467,R$ MM,Visão Executiva canônica; cache IME local 3f837708ac49e7b72a27f63d7c7ec11adb0dac39099d0a0f95f816ea64b6fd2d,.cache/fundonet-ime/3f837708ac49e7b72a27f63d7c7ec11adb0dac39099d0a0f95f816ea64b6fd2d
Carteiras selecionadas,SUMUP SMART III,SUMUP SMART III,62627122000160,10/2025,PL (R$ MM),202.2951864,R$ MM,Visão Executiva canônica; cache IME local 3f837708ac49e7b72a27f63d7c7ec11adb0dac39099d0a0f95f816ea64b6fd2d,.cache/fundonet-ime/3f837708ac49e7b72a27f63d7c7ec11adb0dac39099d0a0f95f816ea64b6fd2d
Carteiras selecionadas,SUMUP SMART III,SUMUP SMART III,62627122000160,06/2026,Dir Cred (R$ MM),202.00690495999999,R$ MM,Visão Executiva canônica; cache IME local 3f837708ac49e7b72a27f63d7c7ec11adb0dac39099d0a0f95f816ea64b6fd2d,.cache/fundonet-ime/3f837708ac49e7b72a27f63d7c7ec11adb0dac39099d0a0f95f816ea64b6fd2d
Carteiras selecionadas,SUMUP SMART III,SUMUP SMART III,62627122000160,05/2026,Dir Cred (R$ MM),199.83148621,R$ MM,Visão Executiva canônica; cache IME local 3f837708ac49e7b72a27f63d7c7ec11adb0dac39099d0a0f95f816ea64b6fd2d,.cache/fundonet-ime/3f837708ac49e7b72a27f63d7c7ec11adb0dac39099d0a0f95f816ea64b6fd2d
Carteiras selecionadas,SUMUP SMART III,SUMUP SMART III,62627122000160,04/2026,Dir Cred (R$ MM),199.96571624,R$ MM,Visão Executiva canônica; cache IME local 3f837708ac49e7b72a27f63d7c7ec11adb0dac39099d0a0f95f816ea64b6fd2d,.cache/fundonet-ime/3f837708ac49e7b72a27f63d7c7ec11adb0dac39099d0a0f95f816ea64b6fd2d
Carteiras selecionadas,SUMUP SMART III,SUMUP SMART III,62627122000160,03/2026,Dir Cred (R$ MM),198.34033671,R$ MM,Visão Executiva canônica; cache IME local 3f837708ac49e7b72a27f63d7c7ec11adb0dac39099d0a0f95f816ea64b6fd2d,.cache/fundonet-ime/3f837708ac49e7b72a27f63d7c7ec11adb0dac39099d0a0f95f816ea64b6fd2d
Carteiras selecionadas,SUMUP SMART III,SUMUP SMART III,62627122000160,02/2026,Dir Cred (R$ MM),196.58050916,R$ MM,Visão Executiva canônica; cache IME local 3f837708ac49e7b72a27f63d7c7ec11adb0dac39099d0a0f95f816ea64b6fd2d,.cache/fundonet-ime/3f837708ac49e7b72a27f63d7c7ec11adb0dac39099d0a0f95f816ea64b6fd2d
Carteiras selecionadas,SUMUP SMART III,SUMUP SMART III,62627122000160,01/2026,Dir Cred (R$ MM),194.75673229,R$ MM,Visão Executiva canônica; cache IME local 3f837708ac49e7b72a27f63d7c7ec11adb0dac39099d0a0f95f816ea64b6fd2d,.cache/fundonet-ime/3f837708ac49e7b72a27f63d7c7ec11adb0dac39099d0a0f95f816ea64b6fd2d
Carteiras selecionadas,SUMUP SMART III,SUMUP SMART III,62627122000160,12/2025,Dir Cred (R$ MM),183.6616597,R$ MM,Visão Executiva canônica; cache IME local 3f837708ac49e7b72a27f63d7c7ec11adb0dac39099d0a0f95f816ea64b6fd2d,.cache/fundonet-ime/3f837708ac49e7b72a27f63d7c7ec11adb0dac39099d0a0f95f816ea64b6fd2d
Carteiras selecionadas,SUMUP SMART III,SUMUP SMART III,62627122000160,11/2025,Dir Cred (R$ MM),100.19522631,R$ MM,Visão Executiva canônica; cache IME local 3f837708ac49e7b72a27f63d7c7ec11adb0dac39099d0a0f95f816ea64b6fd2d,.cache/fundonet-ime/3f837708ac49e7b72a27f63d7c7ec11adb0dac39099d0a0f95f816ea64b6fd2d
Carteiras selecionadas,SUMUP SMART III,SUMUP SMART III,62627122000160,10/2025,Dir Cred (R$ MM),0.0,R$ MM,Visão Executiva canônica; cache IME local 3f837708ac49e7b72a27f63d7c7ec11adb0dac39099d0a0f95f816ea64b6fd2d,.cache/fundonet-ime/3f837708ac49e7b72a27f63d7c7ec11adb0dac39099d0a0f95f816ea64b6fd2d
Carteiras selecionadas,SUMUP SMART III,SUMUP SMART III,62627122000160,06/2026,Dir Cred / PL,0.9898895641995233,ratio,Visão Executiva canônica; cache IME local 3f837708ac49e7b72a27f63d7c7ec11adb0dac39099d0a0f95f816ea64b6fd2d,.cache/fundonet-ime/3f837708ac49e7b72a27f63d7c7ec11adb0dac39099d0a0f95f816ea64b6fd2d
Carteiras selecionadas,SUMUP SMART III,SUMUP SMART III,62627122000160,05/2026,Dir Cred / PL,0.9817362323385712,ratio,Visão Executiva canônica; cache IME local 3f837708ac49e7b72a27f63d7c7ec11adb0dac39099d0a0f95f816ea64b6fd2d,.cache/fundonet-ime/3f837708ac49e7b72a27f63d7c7ec11adb0dac39099d0a0f95f816ea64b6fd2d
Carteiras selecionadas,SUMUP SMART III,SUMUP SMART III,62627122000160,04/2026,Dir Cred / PL,0.9842380950037011,ratio,Visão Executiva canônica; cache IME local 3f837708ac49e7b72a27f63d7c7ec11adb0dac39099d0a0f95f816ea64b6fd2d,.cache/fundonet-ime/3f837708ac49e7b72a27f63d7c7ec11adb0dac39099d0a0f95f816ea64b6fd2d
Carteiras selecionadas,SUMUP SMART III,SUMUP SMART III,62627122000160,03/2026,Dir Cred / PL,0.9768520867256358,ratio,Visão Executiva canônica; cache IME local 3f837708ac49e7b72a27f63d7c7ec11adb0dac39099d0a0f95f816ea64b6fd2d,.cache/fundonet-ime/3f837708ac49e7b72a27f63d7c7ec11adb0dac39099d0a0f95f816ea64b6fd2d
Carteiras selecionadas,SUMUP SMART III,SUMUP SMART III,62627122000160,02/2026,Dir Cred / PL,0.9721727913143894,ratio,Visão Executiva canônica; cache IME local 3f837708ac49e7b72a27f63d7c7ec11adb0dac39099d0a0f95f816ea64b6fd2d,.cache/fundonet-ime/3f837708ac49e7b72a27f63d7c7ec11adb0dac39099d0a0f95f816ea64b6fd2d
Carteiras selecionadas,SUMUP SMART III,SUMUP SMART III,62627122000160,01/2026,Dir Cred / PL,0.9628832652337113,ratio,Visão Executiva canônica; cache IME local 3f837708ac49e7b72a27f63d7c7ec11adb0dac39099d0a0f95f816ea64b6fd2d,.cache/fundonet-ime/3f837708ac49e7b72a27f63d7c7ec11adb0dac39099d0a0f95f816ea64b6fd2d
Carteiras selecionadas,SUMUP SMART III,SUMUP SMART III,62627122000160,12/2025,Dir Cred / PL,0.9094629913177585,ratio,Visão Executiva canônica; cache IME local 3f837708ac49e7b72a27f63d7c7ec11adb0dac39099d0a0f95f816ea64b6fd2d,.cache/fundonet-ime/3f837708ac49e7b72a27f63d7c7ec11adb0dac39099d0a0f95f816ea64b6fd2d
Carteiras selecionadas,SUMUP SMART III,SUMUP SMART III,62627122000160,11/2025,Dir Cred / PL,0.5006948744657344,ratio,Visão Executiva canônica; cache IME local 3f837708ac49e7b72a27f63d7c7ec11adb0dac39099d0a0f95f816ea64b6fd2d,.cache/fundonet-ime/3f837708ac49e7b72a27f63d7c7ec11adb0dac39099d0a0f95f816ea64b6fd2d
Carteiras selecionadas,SUMUP SMART III,SUMUP SMART III,62627122000160,10/2025,Dir Cred / PL,0.0,ratio,Visão Executiva canônica; cache IME local 3f837708ac49e7b72a27f63d7c7ec11adb0dac39099d0a0f95f816ea64b6fd2d,.cache/fundonet-ime/3f837708ac49e7b72a27f63d7c7ec11adb0dac39099d0a0f95f816ea64b6fd2d
Carteiras selecionadas,SUMUP SMART III,SUMUP SMART III,62627122000160,06/2026,Vencidos <= 90 d (R$ MM),0.0,R$ MM,Visão Executiva canônica; cache IME local 3f837708ac49e7b72a27f63d7c7ec11adb0dac39099d0a0f95f816ea64b6fd2d,.cache/fundonet-ime/3f837708ac49e7b72a27f63d7c7ec11adb0dac39099d0a0f95f816ea64b6fd2d
Carteiras selecionadas,SUMUP SMART III,SUMUP SMART III,62627122000160,05/2026,Vencidos <= 90 d (R$ MM),0.0,R$ MM,Visão Executiva canônica; cache IME local 3f837708ac49e7b72a27f63d7c7ec11adb0dac39099d0a0f95f816ea64b6fd2d,.cache/fundonet-ime/3f837708ac49e7b72a27f63d7c7ec11adb0dac39099d0a0f95f816ea64b6fd2d
Carteiras selecionadas,SUMUP SMART III,SUMUP SMART III,62627122000160,04/2026,Vencidos <= 90 d (R$ MM),0.0,R$ MM,Visão Executiva canônica; cache IME local 3f837708ac49e7b72a27f63d7c7ec11adb0dac39099d0a0f95f816ea64b6fd2d,.cache/fundonet-ime/3f837708ac49e7b72a27f63d7c7ec11adb0dac39099d0a0f95f816ea64b6fd2d
Carteiras selecionadas,SUMUP SMART III,SUMUP SMART III,62627122000160,03/2026,Vencidos <= 90 d (R$ MM),0.0,R$ MM,Visão Executiva canônica; cache IME local 3f837708ac49e7b72a27f63d7c7ec11adb0dac39099d0a0f95f816ea64b6fd2d,.cache/fundonet-ime/3f837708ac49e7b72a27f63d7c7ec11adb0dac39099d0a0f95f816ea64b6fd2d
Carteiras selecionadas,SUMUP SMART III,SUMUP SMART III,62627122000160,02/2026,Vencidos <= 90 d (R$ MM),0.0,R$ MM,Visão Executiva canônica; cache IME local 3f837708ac49e7b72a27f63d7c7ec11adb0dac39099d0a0f95f816ea64b6fd2d,.cache/fundonet-ime/3f837708ac49e7b72a27f63d7c7ec11adb0dac39099d0a0f95f816ea64b6fd2d
Carteiras selecionadas,SUMUP SMART III,SUMUP SMART III,62627122000160,01/2026,Vencidos <= 90 d (R$ MM),0.0,R$ MM,Visão Executiva canônica; cache IME local 3f837708ac49e7b72a27f63d7c7ec11adb0dac39099d0a0f95f816ea64b6fd2d,.cache/fundonet-ime/3f837708ac49e7b72a27f63d7c7ec11adb0dac39099d0a0f95f816ea64b6fd2d
Carteiras selecionadas,SUMUP SMART III,SUMUP SMART III,62627122000160,12/2025,Vencidos <= 90 d (R$ MM),0.0,R$ MM,Visão Executiva canônica; cache IME local 3f837708ac49e7b72a27f63d7c7ec11adb0dac39099d0a0f95f816ea64b6fd2d,.cache/fundonet-ime/3f837708ac49e7b72a27f63d7c7ec11adb0dac39099d0a0f95f816ea64b6fd2d
Carteiras selecionadas,SUMUP SMART III,SUMUP SMART III,62627122000160,11/2025,Vencidos <= 90 d (R$ MM),0.0,R$ MM,Visão Executiva canônica; cache IME local 3f837708ac49e7b72a27f63d7c7ec11adb0dac39099d0a0f95f816ea64b6fd2d,.cache/fundonet-ime/3f837708ac49e7b72a27f63d7c7ec11adb0dac39099d0a0f95f816ea64b6fd2d
Carteiras selecionadas,SUMUP SMART III,SUMUP SMART III,62627122000160,10/2025,Vencidos <= 90 d (R$ MM),0.0,R$ MM,Visão Executiva canônica; cache IME local 3f837708ac49e7b72a27f63d7c7ec11adb0dac39099d0a0f95f816ea64b6fd2d,.cache/fundonet-ime/3f837708ac49e7b72a27f63d7c7ec11adb0dac39099d0a0f95f816ea64b6fd2d
Carteiras selecionadas,SUMUP SMART III,SUMUP SMART III,62627122000160,06/2026,Vencidos > 90 d (R$ MM),0.0,R$ MM,Visão Executiva canônica; cache IME local 3f837708ac49e7b72a27f63d7c7ec11adb0dac39099d0a0f95f816ea64b6fd2d,.cache/fundonet-ime/3f837708ac49e7b72a27f63d7c7ec11adb0dac39099d0a0f95f816ea64b6fd2d
Carteiras selecionadas,SUMUP SMART III,SUMUP SMART III,62627122000160,05/2026,Vencidos > 90 d (R$ MM),0.0,R$ MM,Visão Executiva canônica; cache IME local 3f837708ac49e7b72a27f63d7c7ec11adb0dac39099d0a0f95f816ea64b6fd2d,.cache/fundonet-ime/3f837708ac49e7b72a27f63d7c7ec11adb0dac39099d0a0f95f816ea64b6fd2d
Carteiras selecionadas,SUMUP SMART III,SUMUP SMART III,62627122000160,04/2026,Vencidos > 90 d (R$ MM),0.0,R$ MM,Visão Executiva canônica; cache IME local 3f837708ac49e7b72a27f63d7c7ec11adb0dac39099d0a0f95f816ea64b6fd2d,.cache/fundonet-ime/3f837708ac49e7b72a27f63d7c7ec11adb0dac39099d0a0f95f816ea64b6fd2d
Carteiras selecionadas,SUMUP SMART III,SUMUP SMART III,62627122000160,03/2026,Vencidos > 90 d (R$ MM),0.0,R$ MM,Visão Executiva canônica; cache IME local 3f837708ac49e7b72a27f63d7c7ec11adb0dac39099d0a0f95f816ea64b6fd2d,.cache/fundonet-ime/3f837708ac49e7b72a27f63d7c7ec11adb0dac39099d0a0f95f816ea64b6fd2d
Carteiras selecionadas,SUMUP SMART III,SUMUP SMART III,62627122000160,02/2026,Vencidos > 90 d (R$ MM),0.0,R$ MM,Visão Executiva canônica; cache IME local 3f837708ac49e7b72a27f63d7c7ec11adb0dac39099d0a0f95f816ea64b6fd2d,.cache/fundonet-ime/3f837708ac49e7b72a27f63d7c7ec11adb0dac39099d0a0f95f816ea64b6fd2d
Carteiras selecionadas,SUMUP SMART III,SUMUP SMART III,62627122000160,01/2026,Vencidos > 90 d (R$ MM),0.0,R$ MM,Visão Executiva canônica; cache IME local 3f837708ac49e7b72a27f63d7c7ec11adb0dac39099d0a0f95f816ea64b6fd2d,.cache/fundonet-ime/3f837708ac49e7b72a27f63d7c7ec11adb0dac39099d0a0f95f816ea64b6fd2d
Carteiras selecionadas,SUMUP SMART III,SUMUP SMART III,62627122000160,12/2025,Vencidos > 90 d (R$ MM),0.0,R$ MM,Visão Executiva canônica; cache IME local 3f837708ac49e7b72a27f63d7c7ec11adb0dac39099d0a0f95f816ea64b6fd2d,.cache/fundonet-ime/3f837708ac49e7b72a27f63d7c7ec11adb0dac39099d0a0f95f816ea64b6fd2d
Carteiras selecionadas,SUMUP SMART III,SUMUP SMART III,62627122000160,11/2025,Vencidos > 90 d (R$ MM),0.0,R$ MM,Visão Executiva canônica; cache IME local 3f837708ac49e7b72a27f63d7c7ec11adb0dac39099d0a0f95f816ea64b6fd2d,.cache/fundonet-ime/3f837708ac49e7b72a27f63d7c7ec11adb0dac39099d0a0f95f816ea64b6fd2d
Carteiras selecionadas,SUMUP SMART III,SUMUP SMART III,62627122000160,10/2025,Vencidos > 90 d (R$ MM),0.0,R$ MM,Visão Executiva canônica; cache IME local 3f837708ac49e7b72a27f63d7c7ec11adb0dac39099d0a0f95f816ea64b6fd2d,.cache/fundonet-ime/3f837708ac49e7b72a27f63d7c7ec11adb0dac39099d0a0f95f816ea64b6fd2d
Carteiras selecionadas,SUMUP SMART III,SUMUP SMART III,62627122000160,06/2026,Vencidos Total (R$ MM),0.0,R$ MM,Visão Executiva canônica; cache IME local 3f837708ac49e7b72a27f63d7c7ec11adb0dac39099d0a0f95f816ea64b6fd2d,.cache/fundonet-ime/3f837708ac49e7b72a27f63d7c7ec11adb0dac39099d0a0f95f816ea64b6fd2d
Carteiras selecionadas,SUMUP SMART III,SUMUP SMART III,62627122000160,05/2026,Vencidos Total (R$ MM),0.0,R$ MM,Visão Executiva canônica; cache IME local 3f837708ac49e7b72a27f63d7c7ec11adb0dac39099d0a0f95f816ea64b6fd2d,.cache/fundonet-ime/3f837708ac49e7b72a27f63d7c7ec11adb0dac39099d0a0f95f816ea64b6fd2d
Carteiras selecionadas,SUMUP SMART III,SUMUP SMART III,62627122000160,04/2026,Vencidos Total (R$ MM),0.0,R$ MM,Visão Executiva canônica; cache IME local 3f837708ac49e7b72a27f63d7c7ec11adb0dac39099d0a0f95f816ea64b6fd2d,.cache/fundonet-ime/3f837708ac49e7b72a27f63d7c7ec11adb0dac39099d0a0f95f816ea64b6fd2d
Carteiras selecionadas,SUMUP SMART III,SUMUP SMART III,62627122000160,03/2026,Vencidos Total (R$ MM),0.0,R$ MM,Visão Executiva canônica; cache IME local 3f837708ac49e7b72a27f63d7c7ec11adb0dac39099d0a0f95f816ea64b6fd2d,.cache/fundonet-ime/3f837708ac49e7b72a27f63d7c7ec11adb0dac39099d0a0f95f816ea64b6fd2d
Carteiras selecionadas,SUMUP SMART III,SUMUP SMART III,62627122000160,02/2026,Vencidos Total (R$ MM),0.0,R$ MM,Visão Executiva canônica; cache IME local 3f837708ac49e7b72a27f63d7c7ec11adb0dac39099d0a0f95f816ea64b6fd2d,.cache/fundonet-ime/3f837708ac49e7b72a27f63d7c7ec11adb0dac39099d0a0f95f816ea64b6fd2d
Carteiras selecionadas,SUMUP SMART III,SUMUP SMART III,62627122000160,01/2026,Vencidos Total (R$ MM),0.0,R$ MM,Visão Executiva canônica; cache IME local 3f837708ac49e7b72a27f63d7c7ec11adb0dac39099d0a0f95f816ea64b6fd2d,.cache/fundonet-ime/3f837708ac49e7b72a27f63d7c7ec11adb0dac39099d0a0f95f816ea64b6fd2d
Carteiras selecionadas,SUMUP SMART III,SUMUP SMART III,62627122000160,12/2025,Vencidos Total (R$ MM),0.0,R$ MM,Visão Executiva canônica; cache IME local 3f837708ac49e7b72a27f63d7c7ec11adb0dac39099d0a0f95f816ea64b6fd2d,.cache/fundonet-ime/3f837708ac49e7b72a27f63d7c7ec11adb0dac39099d0a0f95f816ea64b6fd2d
Carteiras selecionadas,SUMUP SMART III,SUMUP SMART III,62627122000160,11/2025,Vencidos Total (R$ MM),0.0,R$ MM,Visão Executiva canônica; cache IME local 3f837708ac49e7b72a27f63d7c7ec11adb0dac39099d0a0f95f816ea64b6fd2d,.cache/fundonet-ime/3f837708ac49e7b72a27f63d7c7ec11adb0dac39099d0a0f95f816ea64b6fd2d
Carteiras selecionadas,SUMUP SMART III,SUMUP SMART III,62627122000160,10/2025,Vencidos Total (R$ MM),0.0,R$ MM,Visão Executiva canônica; cache IME local 3f837708ac49e7b72a27f63d7c7ec11adb0dac39099d0a0f95f816ea64b6fd2d,.cache/fundonet-ime/3f837708ac49e7b72a27f63d7c7ec11adb0dac39099d0a0f95f816ea64b6fd2d
Carteiras selecionadas,SUMUP SMART III,SUMUP SMART III,62627122000160,06/2026,Vencidos <= 90 d / Crédito,0.0,ratio,Visão Executiva canônica; cache IME local 3f837708ac49e7b72a27f63d7c7ec11adb0dac39099d0a0f95f816ea64b6fd2d,.cache/fundonet-ime/3f837708ac49e7b72a27f63d7c7ec11adb0dac39099d0a0f95f816ea64b6fd2d
Carteiras selecionadas,SUMUP SMART III,SUMUP SMART III,62627122000160,05/2026,Vencidos <= 90 d / Crédito,0.0,ratio,Visão Executiva canônica; cache IME local 3f837708ac49e7b72a27f63d7c7ec11adb0dac39099d0a0f95f816ea64b6fd2d,.cache/fundonet-ime/3f837708ac49e7b72a27f63d7c7ec11adb0dac39099d0a0f95f816ea64b6fd2d
Carteiras selecionadas,SUMUP SMART III,SUMUP SMART III,62627122000160,04/2026,Vencidos <= 90 d / Crédito,0.0,ratio,Visão Executiva canônica; cache IME local 3f837708ac49e7b72a27f63d7c7ec11adb0dac39099d0a0f95f816ea64b6fd2d,.cache/fundonet-ime/3f837708ac49e7b72a27f63d7c7ec11adb0dac39099d0a0f95f816ea64b6fd2d
Carteiras selecionadas,SUMUP SMART III,SUMUP SMART III,62627122000160,03/2026,Vencidos <= 90 d / Crédito,0.0,ratio,Visão Executiva canônica; cache IME local 3f837708ac49e7b72a27f63d7c7ec11adb0dac39099d0a0f95f816ea64b6fd2d,.cache/fundonet-ime/3f837708ac49e7b72a27f63d7c7ec11adb0dac39099d0a0f95f816ea64b6fd2d
Carteiras selecionadas,SUMUP SMART III,SUMUP SMART III,62627122000160,02/2026,Vencidos <= 90 d / Crédito,0.0,ratio,Visão Executiva canônica; cache IME local 3f837708ac49e7b72a27f63d7c7ec11adb0dac39099d0a0f95f816ea64b6fd2d,.cache/fundonet-ime/3f837708ac49e7b72a27f63d7c7ec11adb0dac39099d0a0f95f816ea64b6fd2d
Carteiras selecionadas,SUMUP SMART III,SUMUP SMART III,62627122000160,01/2026,Vencidos <= 90 d / Crédito,0.0,ratio,Visão Executiva canônica; cache IME local 3f837708ac49e7b72a27f63d7c7ec11adb0dac39099d0a0f95f816ea64b6fd2d,.cache/fundonet-ime/3f837708ac49e7b72a27f63d7c7ec11adb0dac39099d0a0f95f816ea64b6fd2d
Carteiras selecionadas,SUMUP SMART III,SUMUP SMART III,62627122000160,12/2025,Vencidos <= 90 d / Crédito,0.0,ratio,Visão Executiva canônica; cache IME local 3f837708ac49e7b72a27f63d7c7ec11adb0dac39099d0a0f95f816ea64b6fd2d,.cache/fundonet-ime/3f837708ac49e7b72a27f63d7c7ec11adb0dac39099d0a0f95f816ea64b6fd2d
Carteiras selecionadas,SUMUP SMART III,SUMUP SMART III,62627122000160,11/2025,Vencidos <= 90 d / Crédito,0.0,ratio,Visão Executiva canônica; cache IME local 3f837708ac49e7b72a27f63d7c7ec11adb0dac39099d0a0f95f816ea64b6fd2d,.cache/fundonet-ime/3f837708ac49e7b72a27f63d7c7ec11adb0dac39099d0a0f95f816ea64b6fd2d
Carteiras selecionadas,SUMUP SMART III,SUMUP SMART III,62627122000160,06/2026,Vencidos > 90 d / Crédito,0.0,ratio,Visão Executiva canônica; cache IME local 3f837708ac49e7b72a27f63d7c7ec11adb0dac39099d0a0f95f816ea64b6fd2d,.cache/fundonet-ime/3f837708ac49e7b72a27f63d7c7ec11adb0dac39099d0a0f95f816ea64b6fd2d
Carteiras selecionadas,SUMUP SMART III,SUMUP SMART III,62627122000160,05/2026,Vencidos > 90 d / Crédito,0.0,ratio,Visão Executiva canônica; cache IME local 3f837708ac49e7b72a27f63d7c7ec11adb0dac39099d0a0f95f816ea64b6fd2d,.cache/fundonet-ime/3f837708ac49e7b72a27f63d7c7ec11adb0dac39099d0a0f95f816ea64b6fd2d
Carteiras selecionadas,SUMUP SMART III,SUMUP SMART III,62627122000160,04/2026,Vencidos > 90 d / Crédito,0.0,ratio,Visão Executiva canônica; cache IME local 3f837708ac49e7b72a27f63d7c7ec11adb0dac39099d0a0f95f816ea64b6fd2d,.cache/fundonet-ime/3f837708ac49e7b72a27f63d7c7ec11adb0dac39099d0a0f95f816ea64b6fd2d
Carteiras selecionadas,SUMUP SMART III,SUMUP SMART III,62627122000160,03/2026,Vencidos > 90 d / Crédito,0.0,ratio,Visão Executiva canônica; cache IME local 3f837708ac49e7b72a27f63d7c7ec11adb0dac39099d0a0f95f816ea64b6fd2d,.cache/fundonet-ime/3f837708ac49e7b72a27f63d7c7ec11adb0dac39099d0a0f95f816ea64b6fd2d
Carteiras selecionadas,SUMUP SMART III,SUMUP SMART III,62627122000160,02/2026,Vencidos > 90 d / Crédito,0.0,ratio,Visão Executiva canônica; cache IME local 3f837708ac49e7b72a27f63d7c7ec11adb0dac39099d0a0f95f816ea64b6fd2d,.cache/fundonet-ime/3f837708ac49e7b72a27f63d7c7ec11adb0dac39099d0a0f95f816ea64b6fd2d
Carteiras selecionadas,SUMUP SMART III,SUMUP SMART III,62627122000160,01/2026,Vencidos > 90 d / Crédito,0.0,ratio,Visão Executiva canônica; cache IME local 3f837708ac49e7b72a27f63d7c7ec11adb0dac39099d0a0f95f816ea64b6fd2d,.cache/fundonet-ime/3f837708ac49e7b72a27f63d7c7ec11adb0dac39099d0a0f95f816ea64b6fd2d
Carteiras selecionadas,SUMUP SMART III,SUMUP SMART III,62627122000160,12/2025,Vencidos > 90 d / Crédito,0.0,ratio,Visão Executiva canônica; cache IME local 3f837708ac49e7b72a27f63d7c7ec11adb0dac39099d0a0f95f816ea64b6fd2d,.cache/fundonet-ime/3f837708ac49e7b72a27f63d7c7ec11adb0dac39099d0a0f95f816ea64b6fd2d
Carteiras selecionadas,SUMUP SMART III,SUMUP SMART III,62627122000160,11/2025,Vencidos > 90 d / Crédito,0.0,ratio,Visão Executiva canônica; cache IME local 3f837708ac49e7b72a27f63d7c7ec11adb0dac39099d0a0f95f816ea64b6fd2d,.cache/fundonet-ime/3f837708ac49e7b72a27f63d7c7ec11adb0dac39099d0a0f95f816ea64b6fd2d
Carteiras selecionadas,SUMUP SMART III,SUMUP SMART III,62627122000160,06/2026,Vencidos Total / Crédito,0.0,ratio,Visão Executiva canônica; cache IME local 3f837708ac49e7b72a27f63d7c7ec11adb0dac39099d0a0f95f816ea64b6fd2d,.cache/fundonet-ime/3f837708ac49e7b72a27f63d7c7ec11adb0dac39099d0a0f95f816ea64b6fd2d
Carteiras selecionadas,SUMUP SMART III,SUMUP SMART III,62627122000160,05/2026,Vencidos Total / Crédito,0.0,ratio,Visão Executiva canônica; cache IME local 3f837708ac49e7b72a27f63d7c7ec11adb0dac39099d0a0f95f816ea64b6fd2d,.cache/fundonet-ime/3f837708ac49e7b72a27f63d7c7ec11adb0dac39099d0a0f95f816ea64b6fd2d
Carteiras selecionadas,SUMUP SMART III,SUMUP SMART III,62627122000160,04/2026,Vencidos Total / Crédito,0.0,ratio,Visão Executiva canônica; cache IME local 3f837708ac49e7b72a27f63d7c7ec11adb0dac39099d0a0f95f816ea64b6fd2d,.cache/fundonet-ime/3f837708ac49e7b72a27f63d7c7ec11adb0dac39099d0a0f95f816ea64b6fd2d
Carteiras selecionadas,SUMUP SMART III,SUMUP SMART III,62627122000160,03/2026,Vencidos Total / Crédito,0.0,ratio,Visão Executiva canônica; cache IME local 3f837708ac49e7b72a27f63d7c7ec11adb0dac39099d0a0f95f816ea64b6fd2d,.cache/fundonet-ime/3f837708ac49e7b72a27f63d7c7ec11adb0dac39099d0a0f95f816ea64b6fd2d
Carteiras selecionadas,SUMUP SMART III,SUMUP SMART III,62627122000160,02/2026,Vencidos Total / Crédito,0.0,ratio,Visão Executiva canônica; cache IME local 3f837708ac49e7b72a27f63d7c7ec11adb0dac39099d0a0f95f816ea64b6fd2d,.cache/fundonet-ime/3f837708ac49e7b72a27f63d7c7ec11adb0dac39099d0a0f95f816ea64b6fd2d
Carteiras selecionadas,SUMUP SMART III,SUMUP SMART III,62627122000160,01/2026,Vencidos Total / Crédito,0.0,ratio,Visão Executiva canônica; cache IME local 3f837708ac49e7b72a27f63d7c7ec11adb0dac39099d0a0f95f816ea64b6fd2d,.cache/fundonet-ime/3f837708ac49e7b72a27f63d7c7ec11adb0dac39099d0a0f95f816ea64b6fd2d
Carteiras selecionadas,SUMUP SMART III,SUMUP SMART III,62627122000160,12/2025,Vencidos Total / Crédito,0.0,ratio,Visão Executiva canônica; cache IME local 3f837708ac49e7b72a27f63d7c7ec11adb0dac39099d0a0f95f816ea64b6fd2d,.cache/fundonet-ime/3f837708ac49e7b72a27f63d7c7ec11adb0dac39099d0a0f95f816ea64b6fd2d
Carteiras selecionadas,SUMUP SMART III,SUMUP SMART III,62627122000160,11/2025,Vencidos Total / Crédito,0.0,ratio,Visão Executiva canônica; cache IME local 3f837708ac49e7b72a27f63d7c7ec11adb0dac39099d0a0f95f816ea64b6fd2d,.cache/fundonet-ime/3f837708ac49e7b72a27f63d7c7ec11adb0dac39099d0a0f95f816ea64b6fd2d
Carteiras selecionadas,SUMUP SMART III,SUMUP SMART III,62627122000160,06/2026,Vencidos Over 30 d (R$ MM),0.0,R$ MM,Visão Executiva canônica; cache IME local 3f837708ac49e7b72a27f63d7c7ec11adb0dac39099d0a0f95f816ea64b6fd2d,.cache/fundonet-ime/3f837708ac49e7b72a27f63d7c7ec11adb0dac39099d0a0f95f816ea64b6fd2d
Carteiras selecionadas,SUMUP SMART III,SUMUP SMART III,62627122000160,05/2026,Vencidos Over 30 d (R$ MM),0.0,R$ MM,Visão Executiva canônica; cache IME local 3f837708ac49e7b72a27f63d7c7ec11adb0dac39099d0a0f95f816ea64b6fd2d,.cache/fundonet-ime/3f837708ac49e7b72a27f63d7c7ec11adb0dac39099d0a0f95f816ea64b6fd2d
Carteiras selecionadas,SUMUP SMART III,SUMUP SMART III,62627122000160,04/2026,Vencidos Over 30 d (R$ MM),0.0,R$ MM,Visão Executiva canônica; cache IME local 3f837708ac49e7b72a27f63d7c7ec11adb0dac39099d0a0f95f816ea64b6fd2d,.cache/fundonet-ime/3f837708ac49e7b72a27f63d7c7ec11adb0dac39099d0a0f95f816ea64b6fd2d
Carteiras selecionadas,SUMUP SMART III,SUMUP SMART III,62627122000160,03/2026,Vencidos Over 30 d (R$ MM),0.0,R$ MM,Visão Executiva canônica; cache IME local 3f837708ac49e7b72a27f63d7c7ec11adb0dac39099d0a0f95f816ea64b6fd2d,.cache/fundonet-ime/3f837708ac49e7b72a27f63d7c7ec11adb0dac39099d0a0f95f816ea64b6fd2d
Carteiras selecionadas,SUMUP SMART III,SUMUP SMART III,62627122000160,02/2026,Vencidos Over 30 d (R$ MM),0.0,R$ MM,Visão Executiva canônica; cache IME local 3f837708ac49e7b72a27f63d7c7ec11adb0dac39099d0a0f95f816ea64b6fd2d,.cache/fundonet-ime/3f837708ac49e7b72a27f63d7c7ec11adb0dac39099d0a0f95f816ea64b6fd2d
Carteiras selecionadas,SUMUP SMART III,SUMUP SMART III,62627122000160,01/2026,Vencidos Over 30 d (R$ MM),0.0,R$ MM,Visão Executiva canônica; cache IME local 3f837708ac49e7b72a27f63d7c7ec11adb0dac39099d0a0f95f816ea64b6fd2d,.cache/fundonet-ime/3f837708ac49e7b72a27f63d7c7ec11adb0dac39099d0a0f95f816ea64b6fd2d
Carteiras selecionadas,SUMUP SMART III,SUMUP SMART III,62627122000160,12/2025,Vencidos Over 30 d (R$ MM),0.0,R$ MM,Visão Executiva canônica; cache IME local 3f837708ac49e7b72a27f63d7c7ec11adb0dac39099d0a0f95f816ea64b6fd2d,.cache/fundonet-ime/3f837708ac49e7b72a27f63d7c7ec11adb0dac39099d0a0f95f816ea64b6fd2d
Carteiras selecionadas,SUMUP SMART III,SUMUP SMART III,62627122000160,11/2025,Vencidos Over 30 d (R$ MM),0.0,R$ MM,Visão Executiva canônica; cache IME local 3f837708ac49e7b72a27f63d7c7ec11adb0dac39099d0a0f95f816ea64b6fd2d,.cache/fundonet-ime/3f837708ac49e7b72a27f63d7c7ec11adb0dac39099d0a0f95f816ea64b6fd2d
Carteiras selecionadas,SUMUP SMART III,SUMUP SMART III,62627122000160,10/2025,Vencidos Over 30 d (R$ MM),0.0,R$ MM,Visão Executiva canônica; cache IME local 3f837708ac49e7b72a27f63d7c7ec11adb0dac39099d0a0f95f816ea64b6fd2d,.cache/fundonet-ime/3f837708ac49e7b72a27f63d7c7ec11adb0dac39099d0a0f95f816ea64b6fd2d
Carteiras selecionadas,SUMUP SMART III,SUMUP SMART III,62627122000160,06/2026,Vencidos Over 30 d / Crédito,0.0,ratio,Visão Executiva canônica; cache IME local 3f837708ac49e7b72a27f63d7c7ec11adb0dac39099d0a0f95f816ea64b6fd2d,.cache/fundonet-ime/3f837708ac49e7b72a27f63d7c7ec11adb0dac39099d0a0f95f816ea64b6fd2d
Carteiras selecionadas,SUMUP SMART III,SUMUP SMART III,62627122000160,05/2026,Vencidos Over 30 d / Crédito,0.0,ratio,Visão Executiva canônica; cache IME local 3f837708ac49e7b72a27f63d7c7ec11adb0dac39099d0a0f95f816ea64b6fd2d,.cache/fundonet-ime/3f837708ac49e7b72a27f63d7c7ec11adb0dac39099d0a0f95f816ea64b6fd2d
Carteiras selecionadas,SUMUP SMART III,SUMUP SMART III,62627122000160,04/2026,Vencidos Over 30 d / Crédito,0.0,ratio,Visão Executiva canônica; cache IME local 3f837708ac49e7b72a27f63d7c7ec11adb0dac39099d0a0f95f816ea64b6fd2d,.cache/fundonet-ime/3f837708ac49e7b72a27f63d7c7ec11adb0dac39099d0a0f95f816ea64b6fd2d
Carteiras selecionadas,SUMUP SMART III,SUMUP SMART III,62627122000160,03/2026,Vencidos Over 30 d / Crédito,0.0,ratio,Visão Executiva canônica; cache IME local 3f837708ac49e7b72a27f63d7c7ec11adb0dac39099d0a0f95f816ea64b6fd2d,.cache/fundonet-ime/3f837708ac49e7b72a27f63d7c7ec11adb0dac39099d0a0f95f816ea64b6fd2d
Carteiras selecionadas,SUMUP SMART III,SUMUP SMART III,62627122000160,02/2026,Vencidos Over 30 d / Crédito,0.0,ratio,Visão Executiva canônica; cache IME local 3f837708ac49e7b72a27f63d7c7ec11adb0dac39099d0a0f95f816ea64b6fd2d,.cache/fundonet-ime/3f837708ac49e7b72a27f63d7c7ec11adb0dac39099d0a0f95f816ea64b6fd2d
Carteiras selecionadas,SUMUP SMART III,SUMUP SMART III,62627122000160,01/2026,Vencidos Over 30 d / Crédito,0.0,ratio,Visão Executiva canônica; cache IME local 3f837708ac49e7b72a27f63d7c7ec11adb0dac39099d0a0f95f816ea64b6fd2d,.cache/fundonet-ime/3f837708ac49e7b72a27f63d7c7ec11adb0dac39099d0a0f95f816ea64b6fd2d
Carteiras selecionadas,SUMUP SMART III,SUMUP SMART III,62627122000160,12/2025,Vencidos Over 30 d / Crédito,0.0,ratio,Visão Executiva canônica; cache IME local 3f837708ac49e7b72a27f63d7c7ec11adb0dac39099d0a0f95f816ea64b6fd2d,.cache/fundonet-ime/3f837708ac49e7b72a27f63d7c7ec11adb0dac39099d0a0f95f816ea64b6fd2d
Carteiras selecionadas,SUMUP SMART III,SUMUP SMART III,62627122000160,11/2025,Vencidos Over 30 d / Crédito,0.0,ratio,Visão Executiva canônica; cache IME local 3f837708ac49e7b72a27f63d7c7ec11adb0dac39099d0a0f95f816ea64b6fd2d,.cache/fundonet-ime/3f837708ac49e7b72a27f63d7c7ec11adb0dac39099d0a0f95f816ea64b6fd2d
Carteiras selecionadas,SUMUP SMART III,SUMUP SMART III,62627122000160,06/2026,Vencidos Over 60 d (R$ MM),0.0,R$ MM,Visão Executiva canônica; cache IME local 3f837708ac49e7b72a27f63d7c7ec11adb0dac39099d0a0f95f816ea64b6fd2d,.cache/fundonet-ime/3f837708ac49e7b72a27f63d7c7ec11adb0dac39099d0a0f95f816ea64b6fd2d
Carteiras selecionadas,SUMUP SMART III,SUMUP SMART III,62627122000160,05/2026,Vencidos Over 60 d (R$ MM),0.0,R$ MM,Visão Executiva canônica; cache IME local 3f837708ac49e7b72a27f63d7c7ec11adb0dac39099d0a0f95f816ea64b6fd2d,.cache/fundonet-ime/3f837708ac49e7b72a27f63d7c7ec11adb0dac39099d0a0f95f816ea64b6fd2d
Carteiras selecionadas,SUMUP SMART III,SUMUP SMART III,62627122000160,04/2026,Vencidos Over 60 d (R$ MM),0.0,R$ MM,Visão Executiva canônica; cache IME local 3f837708ac49e7b72a27f63d7c7ec11adb0dac39099d0a0f95f816ea64b6fd2d,.cache/fundonet-ime/3f837708ac49e7b72a27f63d7c7ec11adb0dac39099d0a0f95f816ea64b6fd2d
Carteiras selecionadas,SUMUP SMART III,SUMUP SMART III,62627122000160,03/2026,Vencidos Over 60 d (R$ MM),0.0,R$ MM,Visão Executiva canônica; cache IME local 3f837708ac49e7b72a27f63d7c7ec11adb0dac39099d0a0f95f816ea64b6fd2d,.cache/fundonet-ime/3f837708ac49e7b72a27f63d7c7ec11adb0dac39099d0a0f95f816ea64b6fd2d
Carteiras selecionadas,SUMUP SMART III,SUMUP SMART III,62627122000160,02/2026,Vencidos Over 60 d (R$ MM),0.0,R$ MM,Visão Executiva canônica; cache IME local 3f837708ac49e7b72a27f63d7c7ec11adb0dac39099d0a0f95f816ea64b6fd2d,.cache/fundonet-ime/3f837708ac49e7b72a27f63d7c7ec11adb0dac39099d0a0f95f816ea64b6fd2d
Carteiras selecionadas,SUMUP SMART III,SUMUP SMART III,62627122000160,01/2026,Vencidos Over 60 d (R$ MM),0.0,R$ MM,Visão Executiva canônica; cache IME local 3f837708ac49e7b72a27f63d7c7ec11adb0dac39099d0a0f95f816ea64b6fd2d,.cache/fundonet-ime/3f837708ac49e7b72a27f63d7c7ec11adb0dac39099d0a0f95f816ea64b6fd2d
Carteiras selecionadas,SUMUP SMART III,SUMUP SMART III,62627122000160,12/2025,Vencidos Over 60 d (R$ MM),0.0,R$ MM,Visão Executiva canônica; cache IME local 3f837708ac49e7b72a27f63d7c7ec11adb0dac39099d0a0f95f816ea64b6fd2d,.cache/fundonet-ime/3f837708ac49e7b72a27f63d7c7ec11adb0dac39099d0a0f95f816ea64b6fd2d
Carteiras selecionadas,SUMUP SMART III,SUMUP SMART III,62627122000160,11/2025,Vencidos Over 60 d (R$ MM),0.0,R$ MM,Visão Executiva canônica; cache IME local 3f837708ac49e7b72a27f63d7c7ec11adb0dac39099d0a0f95f816ea64b6fd2d,.cache/fundonet-ime/3f837708ac49e7b72a27f63d7c7ec11adb0dac39099d0a0f95f816ea64b6fd2d
Carteiras selecionadas,SUMUP SMART III,SUMUP SMART III,62627122000160,10/2025,Vencidos Over 60 d (R$ MM),0.0,R$ MM,Visão Executiva canônica; cache IME local 3f837708ac49e7b72a27f63d7c7ec11adb0dac39099d0a0f95f816ea64b6fd2d,.cache/fundonet-ime/3f837708ac49e7b72a27f63d7c7ec11adb0dac39099d0a0f95f816ea64b6fd2d
Carteiras selecionadas,SUMUP SMART III,SUMUP SMART III,62627122000160,06/2026,Vencidos Over 60 d / Crédito,0.0,ratio,Visão Executiva canônica; cache IME local 3f837708ac49e7b72a27f63d7c7ec11adb0dac39099d0a0f95f816ea64b6fd2d,.cache/fundonet-ime/3f837708ac49e7b72a27f63d7c7ec11adb0dac39099d0a0f95f816ea64b6fd2d
Carteiras selecionadas,SUMUP SMART III,SUMUP SMART III,62627122000160,05/2026,Vencidos Over 60 d / Crédito,0.0,ratio,Visão Executiva canônica; cache IME local 3f837708ac49e7b72a27f63d7c7ec11adb0dac39099d0a0f95f816ea64b6fd2d,.cache/fundonet-ime/3f837708ac49e7b72a27f63d7c7ec11adb0dac39099d0a0f95f816ea64b6fd2d
Carteiras selecionadas,SUMUP SMART III,SUMUP SMART III,62627122000160,04/2026,Vencidos Over 60 d / Crédito,0.0,ratio,Visão Executiva canônica; cache IME local 3f837708ac49e7b72a27f63d7c7ec11adb0dac39099d0a0f95f816ea64b6fd2d,.cache/fundonet-ime/3f837708ac49e7b72a27f63d7c7ec11adb0dac39099d0a0f95f816ea64b6fd2d
Carteiras selecionadas,SUMUP SMART III,SUMUP SMART III,62627122000160,03/2026,Vencidos Over 60 d / Crédito,0.0,ratio,Visão Executiva canônica; cache IME local 3f837708ac49e7b72a27f63d7c7ec11adb0dac39099d0a0f95f816ea64b6fd2d,.cache/fundonet-ime/3f837708ac49e7b72a27f63d7c7ec11adb0dac39099d0a0f95f816ea64b6fd2d
Carteiras selecionadas,SUMUP SMART III,SUMUP SMART III,62627122000160,02/2026,Vencidos Over 60 d / Crédito,0.0,ratio,Visão Executiva canônica; cache IME local 3f837708ac49e7b72a27f63d7c7ec11adb0dac39099d0a0f95f816ea64b6fd2d,.cache/fundonet-ime/3f837708ac49e7b72a27f63d7c7ec11adb0dac39099d0a0f95f816ea64b6fd2d
Carteiras selecionadas,SUMUP SMART III,SUMUP SMART III,62627122000160,01/2026,Vencidos Over 60 d / Crédito,0.0,ratio,Visão Executiva canônica; cache IME local 3f837708ac49e7b72a27f63d7c7ec11adb0dac39099d0a0f95f816ea64b6fd2d,.cache/fundonet-ime/3f837708ac49e7b72a27f63d7c7ec11adb0dac39099d0a0f95f816ea64b6fd2d
Carteiras selecionadas,SUMUP SMART III,SUMUP SMART III,62627122000160,12/2025,Vencidos Over 60 d / Crédito,0.0,ratio,Visão Executiva canônica; cache IME local 3f837708ac49e7b72a27f63d7c7ec11adb0dac39099d0a0f95f816ea64b6fd2d,.cache/fundonet-ime/3f837708ac49e7b72a27f63d7c7ec11adb0dac39099d0a0f95f816ea64b6fd2d
Carteiras selecionadas,SUMUP SMART III,SUMUP SMART III,62627122000160,11/2025,Vencidos Over 60 d / Crédito,0.0,ratio,Visão Executiva canônica; cache IME local 3f837708ac49e7b72a27f63d7c7ec11adb0dac39099d0a0f95f816ea64b6fd2d,.cache/fundonet-ime/3f837708ac49e7b72a27f63d7c7ec11adb0dac39099d0a0f95f816ea64b6fd2d
Carteiras selecionadas,SUMUP SMART III,SUMUP SMART III,62627122000160,06/2026,Vencidos Over 90 d (R$ MM),0.0,R$ MM,Visão Executiva canônica; cache IME local 3f837708ac49e7b72a27f63d7c7ec11adb0dac39099d0a0f95f816ea64b6fd2d,.cache/fundonet-ime/3f837708ac49e7b72a27f63d7c7ec11adb0dac39099d0a0f95f816ea64b6fd2d
Carteiras selecionadas,SUMUP SMART III,SUMUP SMART III,62627122000160,05/2026,Vencidos Over 90 d (R$ MM),0.0,R$ MM,Visão Executiva canônica; cache IME local 3f837708ac49e7b72a27f63d7c7ec11adb0dac39099d0a0f95f816ea64b6fd2d,.cache/fundonet-ime/3f837708ac49e7b72a27f63d7c7ec11adb0dac39099d0a0f95f816ea64b6fd2d
Carteiras selecionadas,SUMUP SMART III,SUMUP SMART III,62627122000160,04/2026,Vencidos Over 90 d (R$ MM),0.0,R$ MM,Visão Executiva canônica; cache IME local 3f837708ac49e7b72a27f63d7c7ec11adb0dac39099d0a0f95f816ea64b6fd2d,.cache/fundonet-ime/3f837708ac49e7b72a27f63d7c7ec11adb0dac39099d0a0f95f816ea64b6fd2d
Carteiras selecionadas,SUMUP SMART III,SUMUP SMART III,62627122000160,03/2026,Vencidos Over 90 d (R$ MM),0.0,R$ MM,Visão Executiva canônica; cache IME local 3f837708ac49e7b72a27f63d7c7ec11adb0dac39099d0a0f95f816ea64b6fd2d,.cache/fundonet-ime/3f837708ac49e7b72a27f63d7c7ec11adb0dac39099d0a0f95f816ea64b6fd2d
Carteiras selecionadas,SUMUP SMART III,SUMUP SMART III,62627122000160,02/2026,Vencidos Over 90 d (R$ MM),0.0,R$ MM,Visão Executiva canônica; cache IME local 3f837708ac49e7b72a27f63d7c7ec11adb0dac39099d0a0f95f816ea64b6fd2d,.cache/fundonet-ime/3f837708ac49e7b72a27f63d7c7ec11adb0dac39099d0a0f95f816ea64b6fd2d
Carteiras selecionadas,SUMUP SMART III,SUMUP SMART III,62627122000160,01/2026,Vencidos Over 90 d (R$ MM),0.0,R$ MM,Visão Executiva canônica; cache IME local 3f837708ac49e7b72a27f63d7c7ec11adb0dac39099d0a0f95f816ea64b6fd2d,.cache/fundonet-ime/3f837708ac49e7b72a27f63d7c7ec11adb0dac39099d0a0f95f816ea64b6fd2d
Carteiras selecionadas,SUMUP SMART III,SUMUP SMART III,62627122000160,12/2025,Vencidos Over 90 d (R$ MM),0.0,R$ MM,Visão Executiva canônica; cache IME local 3f837708ac49e7b72a27f63d7c7ec11adb0dac39099d0a0f95f816ea64b6fd2d,.cache/fundonet-ime/3f837708ac49e7b72a27f63d7c7ec11adb0dac39099d0a0f95f816ea64b6fd2d
Carteiras selecionadas,SUMUP SMART III,SUMUP SMART III,62627122000160,11/2025,Vencidos Over 90 d (R$ MM),0.0,R$ MM,Visão Executiva canônica; cache IME local 3f837708ac49e7b72a27f63d7c7ec11adb0dac39099d0a0f95f816ea64b6fd2d,.cache/fundonet-ime/3f837708ac49e7b72a27f63d7c7ec11adb0dac39099d0a0f95f816ea64b6fd2d
Carteiras selecionadas,SUMUP SMART III,SUMUP SMART III,62627122000160,10/2025,Vencidos Over 90 d (R$ MM),0.0,R$ MM,Visão Executiva canônica; cache IME local 3f837708ac49e7b72a27f63d7c7ec11adb0dac39099d0a0f95f816ea64b6fd2d,.cache/fundonet-ime/3f837708ac49e7b72a27f63d7c7ec11adb0dac39099d0a0f95f816ea64b6fd2d
Carteiras selecionadas,SUMUP SMART III,SUMUP SMART III,62627122000160,06/2026,Vencidos Over 90 d / Crédito,0.0,ratio,Visão Executiva canônica; cache IME local 3f837708ac49e7b72a27f63d7c7ec11adb0dac39099d0a0f95f816ea64b6fd2d,.cache/fundonet-ime/3f837708ac49e7b72a27f63d7c7ec11adb0dac39099d0a0f95f816ea64b6fd2d
Carteiras selecionadas,SUMUP SMART III,SUMUP SMART III,62627122000160,05/2026,Vencidos Over 90 d / Crédito,0.0,ratio,Visão Executiva canônica; cache IME local 3f837708ac49e7b72a27f63d7c7ec11adb0dac39099d0a0f95f816ea64b6fd2d,.cache/fundonet-ime/3f837708ac49e7b72a27f63d7c7ec11adb0dac39099d0a0f95f816ea64b6fd2d
Carteiras selecionadas,SUMUP SMART III,SUMUP SMART III,62627122000160,04/2026,Vencidos Over 90 d / Crédito,0.0,ratio,Visão Executiva canônica; cache IME local 3f837708ac49e7b72a27f63d7c7ec11adb0dac39099d0a0f95f816ea64b6fd2d,.cache/fundonet-ime/3f837708ac49e7b72a27f63d7c7ec11adb0dac39099d0a0f95f816ea64b6fd2d
Carteiras selecionadas,SUMUP SMART III,SUMUP SMART III,62627122000160,03/2026,Vencidos Over 90 d / Crédito,0.0,ratio,Visão Executiva canônica; cache IME local 3f837708ac49e7b72a27f63d7c7ec11adb0dac39099d0a0f95f816ea64b6fd2d,.cache/fundonet-ime/3f837708ac49e7b72a27f63d7c7ec11adb0dac39099d0a0f95f816ea64b6fd2d
Carteiras selecionadas,SUMUP SMART III,SUMUP SMART III,62627122000160,02/2026,Vencidos Over 90 d / Crédito,0.0,ratio,Visão Executiva canônica; cache IME local 3f837708ac49e7b72a27f63d7c7ec11adb0dac39099d0a0f95f816ea64b6fd2d,.cache/fundonet-ime/3f837708ac49e7b72a27f63d7c7ec11adb0dac39099d0a0f95f816ea64b6fd2d
Carteiras selecionadas,SUMUP SMART III,SUMUP SMART III,62627122000160,01/2026,Vencidos Over 90 d / Crédito,0.0,ratio,Visão Executiva canônica; cache IME local 3f837708ac49e7b72a27f63d7c7ec11adb0dac39099d0a0f95f816ea64b6fd2d,.cache/fundonet-ime/3f837708ac49e7b72a27f63d7c7ec11adb0dac39099d0a0f95f816ea64b6fd2d
Carteiras selecionadas,SUMUP SMART III,SUMUP SMART III,62627122000160,12/2025,Vencidos Over 90 d / Crédito,0.0,ratio,Visão Executiva canônica; cache IME local 3f837708ac49e7b72a27f63d7c7ec11adb0dac39099d0a0f95f816ea64b6fd2d,.cache/fundonet-ime/3f837708ac49e7b72a27f63d7c7ec11adb0dac39099d0a0f95f816ea64b6fd2d
Carteiras selecionadas,SUMUP SMART III,SUMUP SMART III,62627122000160,11/2025,Vencidos Over 90 d / Crédito,0.0,ratio,Visão Executiva canônica; cache IME local 3f837708ac49e7b72a27f63d7c7ec11adb0dac39099d0a0f95f816ea64b6fd2d,.cache/fundonet-ime/3f837708ac49e7b72a27f63d7c7ec11adb0dac39099d0a0f95f816ea64b6fd2d
Carteiras selecionadas,SUMUP SMART III,SUMUP SMART III,62627122000160,06/2026,Vencidos Over 180 d (R$ MM),0.0,R$ MM,Visão Executiva canônica; cache IME local 3f837708ac49e7b72a27f63d7c7ec11adb0dac39099d0a0f95f816ea64b6fd2d,.cache/fundonet-ime/3f837708ac49e7b72a27f63d7c7ec11adb0dac39099d0a0f95f816ea64b6fd2d
Carteiras selecionadas,SUMUP SMART III,SUMUP SMART III,62627122000160,05/2026,Vencidos Over 180 d (R$ MM),0.0,R$ MM,Visão Executiva canônica; cache IME local 3f837708ac49e7b72a27f63d7c7ec11adb0dac39099d0a0f95f816ea64b6fd2d,.cache/fundonet-ime/3f837708ac49e7b72a27f63d7c7ec11adb0dac39099d0a0f95f816ea64b6fd2d
Carteiras selecionadas,SUMUP SMART III,SUMUP SMART III,62627122000160,04/2026,Vencidos Over 180 d (R$ MM),0.0,R$ MM,Visão Executiva canônica; cache IME local 3f837708ac49e7b72a27f63d7c7ec11adb0dac39099d0a0f95f816ea64b6fd2d,.cache/fundonet-ime/3f837708ac49e7b72a27f63d7c7ec11adb0dac39099d0a0f95f816ea64b6fd2d
Carteiras selecionadas,SUMUP SMART III,SUMUP SMART III,62627122000160,03/2026,Vencidos Over 180 d (R$ MM),0.0,R$ MM,Visão Executiva canônica; cache IME local 3f837708ac49e7b72a27f63d7c7ec11adb0dac39099d0a0f95f816ea64b6fd2d,.cache/fundonet-ime/3f837708ac49e7b72a27f63d7c7ec11adb0dac39099d0a0f95f816ea64b6fd2d
Carteiras selecionadas,SUMUP SMART III,SUMUP SMART III,62627122000160,02/2026,Vencidos Over 180 d (R$ MM),0.0,R$ MM,Visão Executiva canônica; cache IME local 3f837708ac49e7b72a27f63d7c7ec11adb0dac39099d0a0f95f816ea64b6fd2d,.cache/fundonet-ime/3f837708ac49e7b72a27f63d7c7ec11adb0dac39099d0a0f95f816ea64b6fd2d
Carteiras selecionadas,SUMUP SMART III,SUMUP SMART III,62627122000160,01/2026,Vencidos Over 180 d (R$ MM),0.0,R$ MM,Visão Executiva canônica; cache IME local 3f837708ac49e7b72a27f63d7c7ec11adb0dac39099d0a0f95f816ea64b6fd2d,.cache/fundonet-ime/3f837708ac49e7b72a27f63d7c7ec11adb0dac39099d0a0f95f816ea64b6fd2d
Carteiras selecionadas,SUMUP SMART III,SUMUP SMART III,62627122000160,12/2025,Vencidos Over 180 d (R$ MM),0.0,R$ MM,Visão Executiva canônica; cache IME local 3f837708ac49e7b72a27f63d7c7ec11adb0dac39099d0a0f95f816ea64b6fd2d,.cache/fundonet-ime/3f837708ac49e7b72a27f63d7c7ec11adb0dac39099d0a0f95f816ea64b6fd2d
Carteiras selecionadas,SUMUP SMART III,SUMUP SMART III,62627122000160,11/2025,Vencidos Over 180 d (R$ MM),0.0,R$ MM,Visão Executiva canônica; cache IME local 3f837708ac49e7b72a27f63d7c7ec11adb0dac39099d0a0f95f816ea64b6fd2d,.cache/fundonet-ime/3f837708ac49e7b72a27f63d7c7ec11adb0dac39099d0a0f95f816ea64b6fd2d
Carteiras selecionadas,SUMUP SMART III,SUMUP SMART III,62627122000160,10/2025,Vencidos Over 180 d (R$ MM),0.0,R$ MM,Visão Executiva canônica; cache IME local 3f837708ac49e7b72a27f63d7c7ec11adb0dac39099d0a0f95f816ea64b6fd2d,.cache/fundonet-ime/3f837708ac49e7b72a27f63d7c7ec11adb0dac39099d0a0f95f816ea64b6fd2d
Carteiras selecionadas,SUMUP SMART III,SUMUP SMART III,62627122000160,06/2026,Vencidos Over 180 d / Crédito,0.0,ratio,Visão Executiva canônica; cache IME local 3f837708ac49e7b72a27f63d7c7ec11adb0dac39099d0a0f95f816ea64b6fd2d,.cache/fundonet-ime/3f837708ac49e7b72a27f63d7c7ec11adb0dac39099d0a0f95f816ea64b6fd2d
Carteiras selecionadas,SUMUP SMART III,SUMUP SMART III,62627122000160,05/2026,Vencidos Over 180 d / Crédito,0.0,ratio,Visão Executiva canônica; cache IME local 3f837708ac49e7b72a27f63d7c7ec11adb0dac39099d0a0f95f816ea64b6fd2d,.cache/fundonet-ime/3f837708ac49e7b72a27f63d7c7ec11adb0dac39099d0a0f95f816ea64b6fd2d
Carteiras selecionadas,SUMUP SMART III,SUMUP SMART III,62627122000160,04/2026,Vencidos Over 180 d / Crédito,0.0,ratio,Visão Executiva canônica; cache IME local 3f837708ac49e7b72a27f63d7c7ec11adb0dac39099d0a0f95f816ea64b6fd2d,.cache/fundonet-ime/3f837708ac49e7b72a27f63d7c7ec11adb0dac39099d0a0f95f816ea64b6fd2d
Carteiras selecionadas,SUMUP SMART III,SUMUP SMART III,62627122000160,03/2026,Vencidos Over 180 d / Crédito,0.0,ratio,Visão Executiva canônica; cache IME local 3f837708ac49e7b72a27f63d7c7ec11adb0dac39099d0a0f95f816ea64b6fd2d,.cache/fundonet-ime/3f837708ac49e7b72a27f63d7c7ec11adb0dac39099d0a0f95f816ea64b6fd2d
Carteiras selecionadas,SUMUP SMART III,SUMUP SMART III,62627122000160,02/2026,Vencidos Over 180 d / Crédito,0.0,ratio,Visão Executiva canônica; cache IME local 3f837708ac49e7b72a27f63d7c7ec11adb0dac39099d0a0f95f816ea64b6fd2d,.cache/fundonet-ime/3f837708ac49e7b72a27f63d7c7ec11adb0dac39099d0a0f95f816ea64b6fd2d
Carteiras selecionadas,SUMUP SMART III,SUMUP SMART III,62627122000160,01/2026,Vencidos Over 180 d / Crédito,0.0,ratio,Visão Executiva canônica; cache IME local 3f837708ac49e7b72a27f63d7c7ec11adb0dac39099d0a0f95f816ea64b6fd2d,.cache/fundonet-ime/3f837708ac49e7b72a27f63d7c7ec11adb0dac39099d0a0f95f816ea64b6fd2d
Carteiras selecionadas,SUMUP SMART III,SUMUP SMART III,62627122000160,12/2025,Vencidos Over 180 d / Crédito,0.0,ratio,Visão Executiva canônica; cache IME local 3f837708ac49e7b72a27f63d7c7ec11adb0dac39099d0a0f95f816ea64b6fd2d,.cache/fundonet-ime/3f837708ac49e7b72a27f63d7c7ec11adb0dac39099d0a0f95f816ea64b6fd2d
Carteiras selecionadas,SUMUP SMART III,SUMUP SMART III,62627122000160,11/2025,Vencidos Over 180 d / Crédito,0.0,ratio,Visão Executiva canônica; cache IME local 3f837708ac49e7b72a27f63d7c7ec11adb0dac39099d0a0f95f816ea64b6fd2d,.cache/fundonet-ime/3f837708ac49e7b72a27f63d7c7ec11adb0dac39099d0a0f95f816ea64b6fd2d
Carteiras selecionadas,SUMUP SMART III,SUMUP SMART III,62627122000160,06/2026,Vencidos Over 360 d (R$ MM),0.0,R$ MM,Visão Executiva canônica; cache IME local 3f837708ac49e7b72a27f63d7c7ec11adb0dac39099d0a0f95f816ea64b6fd2d,.cache/fundonet-ime/3f837708ac49e7b72a27f63d7c7ec11adb0dac39099d0a0f95f816ea64b6fd2d
Carteiras selecionadas,SUMUP SMART III,SUMUP SMART III,62627122000160,05/2026,Vencidos Over 360 d (R$ MM),0.0,R$ MM,Visão Executiva canônica; cache IME local 3f837708ac49e7b72a27f63d7c7ec11adb0dac39099d0a0f95f816ea64b6fd2d,.cache/fundonet-ime/3f837708ac49e7b72a27f63d7c7ec11adb0dac39099d0a0f95f816ea64b6fd2d
Carteiras selecionadas,SUMUP SMART III,SUMUP SMART III,62627122000160,04/2026,Vencidos Over 360 d (R$ MM),0.0,R$ MM,Visão Executiva canônica; cache IME local 3f837708ac49e7b72a27f63d7c7ec11adb0dac39099d0a0f95f816ea64b6fd2d,.cache/fundonet-ime/3f837708ac49e7b72a27f63d7c7ec11adb0dac39099d0a0f95f816ea64b6fd2d
Carteiras selecionadas,SUMUP SMART III,SUMUP SMART III,62627122000160,03/2026,Vencidos Over 360 d (R$ MM),0.0,R$ MM,Visão Executiva canônica; cache IME local 3f837708ac49e7b72a27f63d7c7ec11adb0dac39099d0a0f95f816ea64b6fd2d,.cache/fundonet-ime/3f837708ac49e7b72a27f63d7c7ec11adb0dac39099d0a0f95f816ea64b6fd2d
Carteiras selecionadas,SUMUP SMART III,SUMUP SMART III,62627122000160,02/2026,Vencidos Over 360 d (R$ MM),0.0,R$ MM,Visão Executiva canônica; cache IME local 3f837708ac49e7b72a27f63d7c7ec11adb0dac39099d0a0f95f816ea64b6fd2d,.cache/fundonet-ime/3f837708ac49e7b72a27f63d7c7ec11adb0dac39099d0a0f95f816ea64b6fd2d
Carteiras selecionadas,SUMUP SMART III,SUMUP SMART III,62627122000160,01/2026,Vencidos Over 360 d (R$ MM),0.0,R$ MM,Visão Executiva canônica; cache IME local 3f837708ac49e7b72a27f63d7c7ec11adb0dac39099d0a0f95f816ea64b6fd2d,.cache/fundonet-ime/3f837708ac49e7b72a27f63d7c7ec11adb0dac39099d0a0f95f816ea64b6fd2d
Carteiras selecionadas,SUMUP SMART III,SUMUP SMART III,62627122000160,12/2025,Vencidos Over 360 d (R$ MM),0.0,R$ MM,Visão Executiva canônica; cache IME local 3f837708ac49e7b72a27f63d7c7ec11adb0dac39099d0a0f95f816ea64b6fd2d,.cache/fundonet-ime/3f837708ac49e7b72a27f63d7c7ec11adb0dac39099d0a0f95f816ea64b6fd2d
Carteiras selecionadas,SUMUP SMART III,SUMUP SMART III,62627122000160,11/2025,Vencidos Over 360 d (R$ MM),0.0,R$ MM,Visão Executiva canônica; cache IME local 3f837708ac49e7b72a27f63d7c7ec11adb0dac39099d0a0f95f816ea64b6fd2d,.cache/fundonet-ime/3f837708ac49e7b72a27f63d7c7ec11adb0dac39099d0a0f95f816ea64b6fd2d
Carteiras selecionadas,SUMUP SMART III,SUMUP SMART III,62627122000160,10/2025,Vencidos Over 360 d (R$ MM),0.0,R$ MM,Visão Executiva canônica; cache IME local 3f837708ac49e7b72a27f63d7c7ec11adb0dac39099d0a0f95f816ea64b6fd2d,.cache/fundonet-ime/3f837708ac49e7b72a27f63d7c7ec11adb0dac39099d0a0f95f816ea64b6fd2d
Carteiras selecionadas,SUMUP SMART III,SUMUP SMART III,62627122000160,06/2026,Vencidos Over 360 d / Crédito,0.0,ratio,Visão Executiva canônica; cache IME local 3f837708ac49e7b72a27f63d7c7ec11adb0dac39099d0a0f95f816ea64b6fd2d,.cache/fundonet-ime/3f837708ac49e7b72a27f63d7c7ec11adb0dac39099d0a0f95f816ea64b6fd2d
Carteiras selecionadas,SUMUP SMART III,SUMUP SMART III,62627122000160,05/2026,Vencidos Over 360 d / Crédito,0.0,ratio,Visão Executiva canônica; cache IME local 3f837708ac49e7b72a27f63d7c7ec11adb0dac39099d0a0f95f816ea64b6fd2d,.cache/fundonet-ime/3f837708ac49e7b72a27f63d7c7ec11adb0dac39099d0a0f95f816ea64b6fd2d
Carteiras selecionadas,SUMUP SMART III,SUMUP SMART III,62627122000160,04/2026,Vencidos Over 360 d / Crédito,0.0,ratio,Visão Executiva canônica; cache IME local 3f837708ac49e7b72a27f63d7c7ec11adb0dac39099d0a0f95f816ea64b6fd2d,.cache/fundonet-ime/3f837708ac49e7b72a27f63d7c7ec11adb0dac39099d0a0f95f816ea64b6fd2d
Carteiras selecionadas,SUMUP SMART III,SUMUP SMART III,62627122000160,03/2026,Vencidos Over 360 d / Crédito,0.0,ratio,Visão Executiva canônica; cache IME local 3f837708ac49e7b72a27f63d7c7ec11adb0dac39099d0a0f95f816ea64b6fd2d,.cache/fundonet-ime/3f837708ac49e7b72a27f63d7c7ec11adb0dac39099d0a0f95f816ea64b6fd2d
Carteiras selecionadas,SUMUP SMART III,SUMUP SMART III,62627122000160,02/2026,Vencidos Over 360 d / Crédito,0.0,ratio,Visão Executiva canônica; cache IME local 3f837708ac49e7b72a27f63d7c7ec11adb0dac39099d0a0f95f816ea64b6fd2d,.cache/fundonet-ime/3f837708ac49e7b72a27f63d7c7ec11adb0dac39099d0a0f95f816ea64b6fd2d
Carteiras selecionadas,SUMUP SMART III,SUMUP SMART III,62627122000160,01/2026,Vencidos Over 360 d / Crédito,0.0,ratio,Visão Executiva canônica; cache IME local 3f837708ac49e7b72a27f63d7c7ec11adb0dac39099d0a0f95f816ea64b6fd2d,.cache/fundonet-ime/3f837708ac49e7b72a27f63d7c7ec11adb0dac39099d0a0f95f816ea64b6fd2d
Carteiras selecionadas,SUMUP SMART III,SUMUP SMART III,62627122000160,12/2025,Vencidos Over 360 d / Crédito,0.0,ratio,Visão Executiva canônica; cache IME local 3f837708ac49e7b72a27f63d7c7ec11adb0dac39099d0a0f95f816ea64b6fd2d,.cache/fundonet-ime/3f837708ac49e7b72a27f63d7c7ec11adb0dac39099d0a0f95f816ea64b6fd2d
Carteiras selecionadas,SUMUP SMART III,SUMUP SMART III,62627122000160,11/2025,Vencidos Over 360 d / Crédito,0.0,ratio,Visão Executiva canônica; cache IME local 3f837708ac49e7b72a27f63d7c7ec11adb0dac39099d0a0f95f816ea64b6fd2d,.cache/fundonet-ime/3f837708ac49e7b72a27f63d7c7ec11adb0dac39099d0a0f95f816ea64b6fd2d
Carteiras selecionadas,SUMUP SMART III,SUMUP SMART III,62627122000160,06/2026,PDD (R$ MM),0.0,R$ MM,Visão Executiva canônica; cache IME local 3f837708ac49e7b72a27f63d7c7ec11adb0dac39099d0a0f95f816ea64b6fd2d,.cache/fundonet-ime/3f837708ac49e7b72a27f63d7c7ec11adb0dac39099d0a0f95f816ea64b6fd2d
Carteiras selecionadas,SUMUP SMART III,SUMUP SMART III,62627122000160,05/2026,PDD (R$ MM),0.0,R$ MM,Visão Executiva canônica; cache IME local 3f837708ac49e7b72a27f63d7c7ec11adb0dac39099d0a0f95f816ea64b6fd2d,.cache/fundonet-ime/3f837708ac49e7b72a27f63d7c7ec11adb0dac39099d0a0f95f816ea64b6fd2d
Carteiras selecionadas,SUMUP SMART III,SUMUP SMART III,62627122000160,04/2026,PDD (R$ MM),0.0,R$ MM,Visão Executiva canônica; cache IME local 3f837708ac49e7b72a27f63d7c7ec11adb0dac39099d0a0f95f816ea64b6fd2d,.cache/fundonet-ime/3f837708ac49e7b72a27f63d7c7ec11adb0dac39099d0a0f95f816ea64b6fd2d
Carteiras selecionadas,SUMUP SMART III,SUMUP SMART III,62627122000160,03/2026,PDD (R$ MM),0.0,R$ MM,Visão Executiva canônica; cache IME local 3f837708ac49e7b72a27f63d7c7ec11adb0dac39099d0a0f95f816ea64b6fd2d,.cache/fundonet-ime/3f837708ac49e7b72a27f63d7c7ec11adb0dac39099d0a0f95f816ea64b6fd2d
Carteiras selecionadas,SUMUP SMART III,SUMUP SMART III,62627122000160,02/2026,PDD (R$ MM),0.0,R$ MM,Visão Executiva canônica; cache IME local 3f837708ac49e7b72a27f63d7c7ec11adb0dac39099d0a0f95f816ea64b6fd2d,.cache/fundonet-ime/3f837708ac49e7b72a27f63d7c7ec11adb0dac39099d0a0f95f816ea64b6fd2d
Carteiras selecionadas,SUMUP SMART III,SUMUP SMART III,62627122000160,01/2026,PDD (R$ MM),0.0,R$ MM,Visão Executiva canônica; cache IME local 3f837708ac49e7b72a27f63d7c7ec11adb0dac39099d0a0f95f816ea64b6fd2d,.cache/fundonet-ime/3f837708ac49e7b72a27f63d7c7ec11adb0dac39099d0a0f95f816ea64b6fd2d
Carteiras selecionadas,SUMUP SMART III,SUMUP SMART III,62627122000160,12/2025,PDD (R$ MM),0.0,R$ MM,Visão Executiva canônica; cache IME local 3f837708ac49e7b72a27f63d7c7ec11adb0dac39099d0a0f95f816ea64b6fd2d,.cache/fundonet-ime/3f837708ac49e7b72a27f63d7c7ec11adb0dac39099d0a0f95f816ea64b6fd2d
Carteiras selecionadas,SUMUP SMART III,SUMUP SMART III,62627122000160,11/2025,PDD (R$ MM),0.0,R$ MM,Visão Executiva canônica; cache IME local 3f837708ac49e7b72a27f63d7c7ec11adb0dac39099d0a0f95f816ea64b6fd2d,.cache/fundonet-ime/3f837708ac49e7b72a27f63d7c7ec11adb0dac39099d0a0f95f816ea64b6fd2d
Carteiras selecionadas,SUMUP SMART III,SUMUP SMART III,62627122000160,10/2025,PDD (R$ MM),0.0,R$ MM,Visão Executiva canônica; cache IME local 3f837708ac49e7b72a27f63d7c7ec11adb0dac39099d0a0f95f816ea64b6fd2d,.cache/fundonet-ime/3f837708ac49e7b72a27f63d7c7ec11adb0dac39099d0a0f95f816ea64b6fd2d
Carteiras selecionadas,SUMUP SMART III,SUMUP SMART III,62627122000160,06/2026,PDD / Crédito,0.0,ratio,Visão Executiva canônica; cache IME local 3f837708ac49e7b72a27f63d7c7ec11adb0dac39099d0a0f95f816ea64b6fd2d,.cache/fundonet-ime/3f837708ac49e7b72a27f63d7c7ec11adb0dac39099d0a0f95f816ea64b6fd2d
Carteiras selecionadas,SUMUP SMART III,SUMUP SMART III,62627122000160,05/2026,PDD / Crédito,0.0,ratio,Visão Executiva canônica; cache IME local 3f837708ac49e7b72a27f63d7c7ec11adb0dac39099d0a0f95f816ea64b6fd2d,.cache/fundonet-ime/3f837708ac49e7b72a27f63d7c7ec11adb0dac39099d0a0f95f816ea64b6fd2d
Carteiras selecionadas,SUMUP SMART III,SUMUP SMART III,62627122000160,04/2026,PDD / Crédito,0.0,ratio,Visão Executiva canônica; cache IME local 3f837708ac49e7b72a27f63d7c7ec11adb0dac39099d0a0f95f816ea64b6fd2d,.cache/fundonet-ime/3f837708ac49e7b72a27f63d7c7ec11adb0dac39099d0a0f95f816ea64b6fd2d
Carteiras selecionadas,SUMUP SMART III,SUMUP SMART III,62627122000160,03/2026,PDD / Crédito,0.0,ratio,Visão Executiva canônica; cache IME local 3f837708ac49e7b72a27f63d7c7ec11adb0dac39099d0a0f95f816ea64b6fd2d,.cache/fundonet-ime/3f837708ac49e7b72a27f63d7c7ec11adb0dac39099d0a0f95f816ea64b6fd2d
Carteiras selecionadas,SUMUP SMART III,SUMUP SMART III,62627122000160,02/2026,PDD / Crédito,0.0,ratio,Visão Executiva canônica; cache IME local 3f837708ac49e7b72a27f63d7c7ec11adb0dac39099d0a0f95f816ea64b6fd2d,.cache/fundonet-ime/3f837708ac49e7b72a27f63d7c7ec11adb0dac39099d0a0f95f816ea64b6fd2d
Carteiras selecionadas,SUMUP SMART III,SUMUP SMART III,62627122000160,01/2026,PDD / Crédito,0.0,ratio,Visão Executiva canônica; cache IME local 3f837708ac49e7b72a27f63d7c7ec11adb0dac39099d0a0f95f816ea64b6fd2d,.cache/fundonet-ime/3f837708ac49e7b72a27f63d7c7ec11adb0dac39099d0a0f95f816ea64b6fd2d
Carteiras selecionadas,SUMUP SMART III,SUMUP SMART III,62627122000160,12/2025,PDD / Crédito,0.0,ratio,Visão Executiva canônica; cache IME local 3f837708ac49e7b72a27f63d7c7ec11adb0dac39099d0a0f95f816ea64b6fd2d,.cache/fundonet-ime/3f837708ac49e7b72a27f63d7c7ec11adb0dac39099d0a0f95f816ea64b6fd2d
Carteiras selecionadas,SUMUP SMART III,SUMUP SMART III,62627122000160,11/2025,PDD / Crédito,0.0,ratio,Visão Executiva canônica; cache IME local 3f837708ac49e7b72a27f63d7c7ec11adb0dac39099d0a0f95f816ea64b6fd2d,.cache/fundonet-ime/3f837708ac49e7b72a27f63d7c7ec11adb0dac39099d0a0f95f816ea64b6fd2d
Carteiras selecionadas,SUMUP SMART III,SUMUP SMART III,62627122000160,06/2026,Recompras (R$ MM),0.0,R$ MM,Visão Executiva canônica; cache IME local 3f837708ac49e7b72a27f63d7c7ec11adb0dac39099d0a0f95f816ea64b6fd2d,.cache/fundonet-ime/3f837708ac49e7b72a27f63d7c7ec11adb0dac39099d0a0f95f816ea64b6fd2d
Carteiras selecionadas,SUMUP SMART III,SUMUP SMART III,62627122000160,05/2026,Recompras (R$ MM),0.0,R$ MM,Visão Executiva canônica; cache IME local 3f837708ac49e7b72a27f63d7c7ec11adb0dac39099d0a0f95f816ea64b6fd2d,.cache/fundonet-ime/3f837708ac49e7b72a27f63d7c7ec11adb0dac39099d0a0f95f816ea64b6fd2d
Carteiras selecionadas,SUMUP SMART III,SUMUP SMART III,62627122000160,04/2026,Recompras (R$ MM),0.0,R$ MM,Visão Executiva canônica; cache IME local 3f837708ac49e7b72a27f63d7c7ec11adb0dac39099d0a0f95f816ea64b6fd2d,.cache/fundonet-ime/3f837708ac49e7b72a27f63d7c7ec11adb0dac39099d0a0f95f816ea64b6fd2d
Carteiras selecionadas,SUMUP SMART III,SUMUP SMART III,62627122000160,03/2026,Recompras (R$ MM),0.0,R$ MM,Visão Executiva canônica; cache IME local 3f837708ac49e7b72a27f63d7c7ec11adb0dac39099d0a0f95f816ea64b6fd2d,.cache/fundonet-ime/3f837708ac49e7b72a27f63d7c7ec11adb0dac39099d0a0f95f816ea64b6fd2d
Carteiras selecionadas,SUMUP SMART III,SUMUP SMART III,62627122000160,02/2026,Recompras (R$ MM),0.0,R$ MM,Visão Executiva canônica; cache IME local 3f837708ac49e7b72a27f63d7c7ec11adb0dac39099d0a0f95f816ea64b6fd2d,.cache/fundonet-ime/3f837708ac49e7b72a27f63d7c7ec11adb0dac39099d0a0f95f816ea64b6fd2d
Carteiras selecionadas,SUMUP SMART III,SUMUP SMART III,62627122000160,01/2026,Recompras (R$ MM),0.0,R$ MM,Visão Executiva canônica; cache IME local 3f837708ac49e7b72a27f63d7c7ec11adb0dac39099d0a0f95f816ea64b6fd2d,.cache/fundonet-ime/3f837708ac49e7b72a27f63d7c7ec11adb0dac39099d0a0f95f816ea64b6fd2d
Carteiras selecionadas,SUMUP SMART III,SUMUP SMART III,62627122000160,12/2025,Recompras (R$ MM),0.0,R$ MM,Visão Executiva canônica; cache IME local 3f837708ac49e7b72a27f63d7c7ec11adb0dac39099d0a0f95f816ea64b6fd2d,.cache/fundonet-ime/3f837708ac49e7b72a27f63d7c7ec11adb0dac39099d0a0f95f816ea64b6fd2d
Carteiras selecionadas,SUMUP SMART III,SUMUP SMART III,62627122000160,11/2025,Recompras (R$ MM),0.0,R$ MM,Visão Executiva canônica; cache IME local 3f837708ac49e7b72a27f63d7c7ec11adb0dac39099d0a0f95f816ea64b6fd2d,.cache/fundonet-ime/3f837708ac49e7b72a27f63d7c7ec11adb0dac39099d0a0f95f816ea64b6fd2d
Carteiras selecionadas,SUMUP SMART III,SUMUP SMART III,62627122000160,10/2025,Recompras (R$ MM),0.0,R$ MM,Visão Executiva canônica; cache IME local 3f837708ac49e7b72a27f63d7c7ec11adb0dac39099d0a0f95f816ea64b6fd2d,.cache/fundonet-ime/3f837708ac49e7b72a27f63d7c7ec11adb0dac39099d0a0f95f816ea64b6fd2d
Carteiras selecionadas,SUMUP SMART III,SUMUP SMART III,62627122000160,06/2026,Recompras / Crédito,0.0,ratio,Visão Executiva canônica; cache IME local 3f837708ac49e7b72a27f63d7c7ec11adb0dac39099d0a0f95f816ea64b6fd2d,.cache/fundonet-ime/3f837708ac49e7b72a27f63d7c7ec11adb0dac39099d0a0f95f816ea64b6fd2d
Carteiras selecionadas,SUMUP SMART III,SUMUP SMART III,62627122000160,05/2026,Recompras / Crédito,0.0,ratio,Visão Executiva canônica; cache IME local 3f837708ac49e7b72a27f63d7c7ec11adb0dac39099d0a0f95f816ea64b6fd2d,.cache/fundonet-ime/3f837708ac49e7b72a27f63d7c7ec11adb0dac39099d0a0f95f816ea64b6fd2d
Carteiras selecionadas,SUMUP SMART III,SUMUP SMART III,62627122000160,04/2026,Recompras / Crédito,0.0,ratio,Visão Executiva canônica; cache IME local 3f837708ac49e7b72a27f63d7c7ec11adb0dac39099d0a0f95f816ea64b6fd2d,.cache/fundonet-ime/3f837708ac49e7b72a27f63d7c7ec11adb0dac39099d0a0f95f816ea64b6fd2d
Carteiras selecionadas,SUMUP SMART III,SUMUP SMART III,62627122000160,03/2026,Recompras / Crédito,0.0,ratio,Visão Executiva canônica; cache IME local 3f837708ac49e7b72a27f63d7c7ec11adb0dac39099d0a0f95f816ea64b6fd2d,.cache/fundonet-ime/3f837708ac49e7b72a27f63d7c7ec11adb0dac39099d0a0f95f816ea64b6fd2d
Carteiras selecionadas,SUMUP SMART III,SUMUP SMART III,62627122000160,02/2026,Recompras / Crédito,0.0,ratio,Visão Executiva canônica; cache IME local 3f837708ac49e7b72a27f63d7c7ec11adb0dac39099d0a0f95f816ea64b6fd2d,.cache/fundonet-ime/3f837708ac49e7b72a27f63d7c7ec11adb0dac39099d0a0f95f816ea64b6fd2d
Carteiras selecionadas,SUMUP SMART III,SUMUP SMART III,62627122000160,01/2026,Recompras / Crédito,0.0,ratio,Visão Executiva canônica; cache IME local 3f837708ac49e7b72a27f63d7c7ec11adb0dac39099d0a0f95f816ea64b6fd2d,.cache/fundonet-ime/3f837708ac49e7b72a27f63d7c7ec11adb0dac39099d0a0f95f816ea64b6fd2d
Carteiras selecionadas,SUMUP SMART III,SUMUP SMART III,62627122000160,12/2025,Recompras / Crédito,0.0,ratio,Visão Executiva canônica; cache IME local 3f837708ac49e7b72a27f63d7c7ec11adb0dac39099d0a0f95f816ea64b6fd2d,.cache/fundonet-ime/3f837708ac49e7b72a27f63d7c7ec11adb0dac39099d0a0f95f816ea64b6fd2d
Carteiras selecionadas,SUMUP SMART III,SUMUP SMART III,62627122000160,11/2025,Recompras / Crédito,0.0,ratio,Visão Executiva canônica; cache IME local 3f837708ac49e7b72a27f63d7c7ec11adb0dac39099d0a0f95f816ea64b6fd2d,.cache/fundonet-ime/3f837708ac49e7b72a27f63d7c7ec11adb0dac39099d0a0f95f816ea64b6fd2d
Carteiras selecionadas,SUMUP SMART III,SUMUP SMART III,62627122000160,06/2026,Recompras / PL,0.0,ratio,Visão Executiva canônica; cache IME local 3f837708ac49e7b72a27f63d7c7ec11adb0dac39099d0a0f95f816ea64b6fd2d,.cache/fundonet-ime/3f837708ac49e7b72a27f63d7c7ec11adb0dac39099d0a0f95f816ea64b6fd2d
Carteiras selecionadas,SUMUP SMART III,SUMUP SMART III,62627122000160,05/2026,Recompras / PL,0.0,ratio,Visão Executiva canônica; cache IME local 3f837708ac49e7b72a27f63d7c7ec11adb0dac39099d0a0f95f816ea64b6fd2d,.cache/fundonet-ime/3f837708ac49e7b72a27f63d7c7ec11adb0dac39099d0a0f95f816ea64b6fd2d
Carteiras selecionadas,SUMUP SMART III,SUMUP SMART III,62627122000160,04/2026,Recompras / PL,0.0,ratio,Visão Executiva canônica; cache IME local 3f837708ac49e7b72a27f63d7c7ec11adb0dac39099d0a0f95f816ea64b6fd2d,.cache/fundonet-ime/3f837708ac49e7b72a27f63d7c7ec11adb0dac39099d0a0f95f816ea64b6fd2d
Carteiras selecionadas,SUMUP SMART III,SUMUP SMART III,62627122000160,03/2026,Recompras / PL,0.0,ratio,Visão Executiva canônica; cache IME local 3f837708ac49e7b72a27f63d7c7ec11adb0dac39099d0a0f95f816ea64b6fd2d,.cache/fundonet-ime/3f837708ac49e7b72a27f63d7c7ec11adb0dac39099d0a0f95f816ea64b6fd2d
Carteiras selecionadas,SUMUP SMART III,SUMUP SMART III,62627122000160,02/2026,Recompras / PL,0.0,ratio,Visão Executiva canônica; cache IME local 3f837708ac49e7b72a27f63d7c7ec11adb0dac39099d0a0f95f816ea64b6fd2d,.cache/fundonet-ime/3f837708ac49e7b72a27f63d7c7ec11adb0dac39099d0a0f95f816ea64b6fd2d
Carteiras selecionadas,SUMUP SMART III,SUMUP SMART III,62627122000160,01/2026,Recompras / PL,0.0,ratio,Visão Executiva canônica; cache IME local 3f837708ac49e7b72a27f63d7c7ec11adb0dac39099d0a0f95f816ea64b6fd2d,.cache/fundonet-ime/3f837708ac49e7b72a27f63d7c7ec11adb0dac39099d0a0f95f816ea64b6fd2d
Carteiras selecionadas,SUMUP SMART III,SUMUP SMART III,62627122000160,12/2025,Recompras / PL,0.0,ratio,Visão Executiva canônica; cache IME local 3f837708ac49e7b72a27f63d7c7ec11adb0dac39099d0a0f95f816ea64b6fd2d,.cache/fundonet-ime/3f837708ac49e7b72a27f63d7c7ec11adb0dac39099d0a0f95f816ea64b6fd2d
Carteiras selecionadas,SUMUP SMART III,SUMUP SMART III,62627122000160,11/2025,Recompras / PL,0.0,ratio,Visão Executiva canônica; cache IME local 3f837708ac49e7b72a27f63d7c7ec11adb0dac39099d0a0f95f816ea64b6fd2d,.cache/fundonet-ime/3f837708ac49e7b72a27f63d7c7ec11adb0dac39099d0a0f95f816ea64b6fd2d
Carteiras selecionadas,SUMUP SMART III,SUMUP SMART III,62627122000160,10/2025,Recompras / PL,0.0,ratio,Visão Executiva canônica; cache IME local 3f837708ac49e7b72a27f63d7c7ec11adb0dac39099d0a0f95f816ea64b6fd2d,.cache/fundonet-ime/3f837708ac49e7b72a27f63d7c7ec11adb0dac39099d0a0f95f816ea64b6fd2d
Carteiras selecionadas,SUMUP SMART III,SUMUP SMART III,62627122000160,06/2026,Cotas SR / PL %,93.91670392098139,%,Visão Executiva canônica; cache IME local 3f837708ac49e7b72a27f63d7c7ec11adb0dac39099d0a0f95f816ea64b6fd2d,.cache/fundonet-ime/3f837708ac49e7b72a27f63d7c7ec11adb0dac39099d0a0f95f816ea64b6fd2d
Carteiras selecionadas,SUMUP SMART III,SUMUP SMART III,62627122000160,05/2026,Cotas SR / PL %,94.10877339937795,%,Visão Executiva canônica; cache IME local 3f837708ac49e7b72a27f63d7c7ec11adb0dac39099d0a0f95f816ea64b6fd2d,.cache/fundonet-ime/3f837708ac49e7b72a27f63d7c7ec11adb0dac39099d0a0f95f816ea64b6fd2d
Carteiras selecionadas,SUMUP SMART III,SUMUP SMART III,62627122000160,04/2026,Cotas SR / PL %,94.29670361261947,%,Visão Executiva canônica; cache IME local 3f837708ac49e7b72a27f63d7c7ec11adb0dac39099d0a0f95f816ea64b6fd2d,.cache/fundonet-ime/3f837708ac49e7b72a27f63d7c7ec11adb0dac39099d0a0f95f816ea64b6fd2d
Carteiras selecionadas,SUMUP SMART III,SUMUP SMART III,62627122000160,03/2026,Cotas SR / PL %,94.47430752800744,%,Visão Executiva canônica; cache IME local 3f837708ac49e7b72a27f63d7c7ec11adb0dac39099d0a0f95f816ea64b6fd2d,.cache/fundonet-ime/3f837708ac49e7b72a27f63d7c7ec11adb0dac39099d0a0f95f816ea64b6fd2d
Carteiras selecionadas,SUMUP SMART III,SUMUP SMART III,62627122000160,02/2026,Cotas SR / PL %,94.81307199719495,%,Visão Executiva canônica; cache IME local 3f837708ac49e7b72a27f63d7c7ec11adb0dac39099d0a0f95f816ea64b6fd2d,.cache/fundonet-ime/3f837708ac49e7b72a27f63d7c7ec11adb0dac39099d0a0f95f816ea64b6fd2d
Carteiras selecionadas,SUMUP SMART III,SUMUP SMART III,62627122000160,01/2026,Cotas SR / PL %,94.78647471068817,%,Visão Executiva canônica; cache IME local 3f837708ac49e7b72a27f63d7c7ec11adb0dac39099d0a0f95f816ea64b6fd2d,.cache/fundonet-ime/3f837708ac49e7b72a27f63d7c7ec11adb0dac39099d0a0f95f816ea64b6fd2d
Carteiras selecionadas,SUMUP SMART III,SUMUP SMART III,62627122000160,12/2025,Cotas SR / PL %,94.93617680131644,%,Visão Executiva canônica; cache IME local 3f837708ac49e7b72a27f63d7c7ec11adb0dac39099d0a0f95f816ea64b6fd2d,.cache/fundonet-ime/3f837708ac49e7b72a27f63d7c7ec11adb0dac39099d0a0f95f816ea64b6fd2d
Carteiras selecionadas,SUMUP SMART III,SUMUP SMART III,62627122000160,11/2025,Cotas SR / PL %,95.00369353921529,%,Visão Executiva canônica; cache IME local 3f837708ac49e7b72a27f63d7c7ec11adb0dac39099d0a0f95f816ea64b6fd2d,.cache/fundonet-ime/3f837708ac49e7b72a27f63d7c7ec11adb0dac39099d0a0f95f816ea64b6fd2d
Carteiras selecionadas,SUMUP SMART III,SUMUP SMART III,62627122000160,10/2025,Cotas SR / PL %,0.0,%,Visão Executiva canônica; cache IME local 3f837708ac49e7b72a27f63d7c7ec11adb0dac39099d0a0f95f816ea64b6fd2d,.cache/fundonet-ime/3f837708ac49e7b72a27f63d7c7ec11adb0dac39099d0a0f95f816ea64b6fd2d
Carteiras selecionadas,SUMUP SMART III,SUMUP SMART III,62627122000160,06/2026,Cotas Sub / PL %,6.083296083918892,%,Visão Executiva canônica; cache IME local 3f837708ac49e7b72a27f63d7c7ec11adb0dac39099d0a0f95f816ea64b6fd2d,.cache/fundonet-ime/3f837708ac49e7b72a27f63d7c7ec11adb0dac39099d0a0f95f816ea64b6fd2d
Carteiras selecionadas,SUMUP SMART III,SUMUP SMART III,62627122000160,05/2026,Cotas Sub / PL %,5.891226598165634,%,Visão Executiva canônica; cache IME local 3f837708ac49e7b72a27f63d7c7ec11adb0dac39099d0a0f95f816ea64b6fd2d,.cache/fundonet-ime/3f837708ac49e7b72a27f63d7c7ec11adb0dac39099d0a0f95f816ea64b6fd2d
Carteiras selecionadas,SUMUP SMART III,SUMUP SMART III,62627122000160,04/2026,Cotas Sub / PL %,5.703296378520874,%,Visão Executiva canônica; cache IME local 3f837708ac49e7b72a27f63d7c7ec11adb0dac39099d0a0f95f816ea64b6fd2d,.cache/fundonet-ime/3f837708ac49e7b72a27f63d7c7ec11adb0dac39099d0a0f95f816ea64b6fd2d
Carteiras selecionadas,SUMUP SMART III,SUMUP SMART III,62627122000160,03/2026,Cotas Sub / PL %,5.525692470022502,%,Visão Executiva canônica; cache IME local 3f837708ac49e7b72a27f63d7c7ec11adb0dac39099d0a0f95f816ea64b6fd2d,.cache/fundonet-ime/3f837708ac49e7b72a27f63d7c7ec11adb0dac39099d0a0f95f816ea64b6fd2d
Carteiras selecionadas,SUMUP SMART III,SUMUP SMART III,62627122000160,02/2026,Cotas Sub / PL %,5.357567050108124,%,Visão Executiva canônica; cache IME local 3f837708ac49e7b72a27f63d7c7ec11adb0dac39099d0a0f95f816ea64b6fd2d,.cache/fundonet-ime/3f837708ac49e7b72a27f63d7c7ec11adb0dac39099d0a0f95f816ea64b6fd2d
Carteiras selecionadas,SUMUP SMART III,SUMUP SMART III,62627122000160,01/2026,Cotas Sub / PL %,5.213525289311819,%,Visão Executiva canônica; cache IME local 3f837708ac49e7b72a27f63d7c7ec11adb0dac39099d0a0f95f816ea64b6fd2d,.cache/fundonet-ime/3f837708ac49e7b72a27f63d7c7ec11adb0dac39099d0a0f95f816ea64b6fd2d
Carteiras selecionadas,SUMUP SMART III,SUMUP SMART III,62627122000160,12/2025,Cotas Sub / PL %,5.063823208587234,%,Visão Executiva canônica; cache IME local 3f837708ac49e7b72a27f63d7c7ec11adb0dac39099d0a0f95f816ea64b6fd2d,.cache/fundonet-ime/3f837708ac49e7b72a27f63d7c7ec11adb0dac39099d0a0f95f816ea64b6fd2d
Carteiras selecionadas,SUMUP SMART III,SUMUP SMART III,62627122000160,11/2025,Cotas Sub / PL %,4.9963064622838695,%,Visão Executiva canônica; cache IME local 3f837708ac49e7b72a27f63d7c7ec11adb0dac39099d0a0f95f816ea64b6fd2d,.cache/fundonet-ime/3f837708ac49e7b72a27f63d7c7ec11adb0dac39099d0a0f95f816ea64b6fd2d
Carteiras selecionadas,SUMUP SMART III,SUMUP SMART III,62627122000160,10/2025,Cotas Sub / PL %,99.99999999613152,%,Visão Executiva canônica; cache IME local 3f837708ac49e7b72a27f63d7c7ec11adb0dac39099d0a0f95f816ea64b6fd2d,.cache/fundonet-ime/3f837708ac49e7b72a27f63d7c7ec11adb0dac39099d0a0f95f816ea64b6fd2d
Carteiras selecionadas,SUMUP SMART III,SUMUP SMART III,62627122000160,06/2026,Rentabilidade SR % a.m.,1.21,%,Visão Executiva canônica; cache IME local 3f837708ac49e7b72a27f63d7c7ec11adb0dac39099d0a0f95f816ea64b6fd2d,.cache/fundonet-ime/3f837708ac49e7b72a27f63d7c7ec11adb0dac39099d0a0f95f816ea64b6fd2d
Carteiras selecionadas,SUMUP SMART III,SUMUP SMART III,62627122000160,05/2026,Rentabilidade SR % a.m.,1.16,%,Visão Executiva canônica; cache IME local 3f837708ac49e7b72a27f63d7c7ec11adb0dac39099d0a0f95f816ea64b6fd2d,.cache/fundonet-ime/3f837708ac49e7b72a27f63d7c7ec11adb0dac39099d0a0f95f816ea64b6fd2d
Carteiras selecionadas,SUMUP SMART III,SUMUP SMART III,62627122000160,04/2026,Rentabilidade SR % a.m.,1.18,%,Visão Executiva canônica; cache IME local 3f837708ac49e7b72a27f63d7c7ec11adb0dac39099d0a0f95f816ea64b6fd2d,.cache/fundonet-ime/3f837708ac49e7b72a27f63d7c7ec11adb0dac39099d0a0f95f816ea64b6fd2d
Carteiras selecionadas,SUMUP SMART III,SUMUP SMART III,62627122000160,03/2026,Rentabilidade SR % a.m.,1.31,%,Visão Executiva canônica; cache IME local 3f837708ac49e7b72a27f63d7c7ec11adb0dac39099d0a0f95f816ea64b6fd2d,.cache/fundonet-ime/3f837708ac49e7b72a27f63d7c7ec11adb0dac39099d0a0f95f816ea64b6fd2d
Carteiras selecionadas,SUMUP SMART III,SUMUP SMART III,62627122000160,02/2026,Rentabilidade SR % a.m.,1.08,%,Visão Executiva canônica; cache IME local 3f837708ac49e7b72a27f63d7c7ec11adb0dac39099d0a0f95f816ea64b6fd2d,.cache/fundonet-ime/3f837708ac49e7b72a27f63d7c7ec11adb0dac39099d0a0f95f816ea64b6fd2d
Carteiras selecionadas,SUMUP SMART III,SUMUP SMART III,62627122000160,01/2026,Rentabilidade SR % a.m.,1.26,%,Visão Executiva canônica; cache IME local 3f837708ac49e7b72a27f63d7c7ec11adb0dac39099d0a0f95f816ea64b6fd2d,.cache/fundonet-ime/3f837708ac49e7b72a27f63d7c7ec11adb0dac39099d0a0f95f816ea64b6fd2d
Carteiras selecionadas,SUMUP SMART III,SUMUP SMART III,62627122000160,12/2025,Rentabilidade SR % a.m.,1.33,%,Visão Executiva canônica; cache IME local 3f837708ac49e7b72a27f63d7c7ec11adb0dac39099d0a0f95f816ea64b6fd2d,.cache/fundonet-ime/3f837708ac49e7b72a27f63d7c7ec11adb0dac39099d0a0f95f816ea64b6fd2d
Carteiras selecionadas,SUMUP SMART III,SUMUP SMART III,62627122000160,11/2025,Rentabilidade SR % a.m.,0.06,%,Visão Executiva canônica; cache IME local 3f837708ac49e7b72a27f63d7c7ec11adb0dac39099d0a0f95f816ea64b6fd2d,.cache/fundonet-ime/3f837708ac49e7b72a27f63d7c7ec11adb0dac39099d0a0f95f816ea64b6fd2d
Carteiras selecionadas,SUMUP SMART III,SUMUP SMART III,62627122000160,10/2025,Rentabilidade SR % a.m.,0.0,%,Visão Executiva canônica; cache IME local 3f837708ac49e7b72a27f63d7c7ec11adb0dac39099d0a0f95f816ea64b6fd2d,.cache/fundonet-ime/3f837708ac49e7b72a27f63d7c7ec11adb0dac39099d0a0f95f816ea64b6fd2d
Carteiras selecionadas,SUMUP SMART III,SUMUP SMART III,62627122000160,06/2026,Rentabilidade Sub % a.m.,3.52,%,Visão Executiva canônica; cache IME local 3f837708ac49e7b72a27f63d7c7ec11adb0dac39099d0a0f95f816ea64b6fd2d,.cache/fundonet-ime/3f837708ac49e7b72a27f63d7c7ec11adb0dac39099d0a0f95f816ea64b6fd2d
Carteiras selecionadas,SUMUP SMART III,SUMUP SMART III,62627122000160,05/2026,Rentabilidade Sub % a.m.,3.49,%,Visão Executiva canônica; cache IME local 3f837708ac49e7b72a27f63d7c7ec11adb0dac39099d0a0f95f816ea64b6fd2d,.cache/fundonet-ime/3f837708ac49e7b72a27f63d7c7ec11adb0dac39099d0a0f95f816ea64b6fd2d
Carteiras selecionadas,SUMUP SMART III,SUMUP SMART III,62627122000160,04/2026,Rentabilidade Sub % a.m.,3.28,%,Visão Executiva canônica; cache IME local 3f837708ac49e7b72a27f63d7c7ec11adb0dac39099d0a0f95f816ea64b6fd2d,.cache/fundonet-ime/3f837708ac49e7b72a27f63d7c7ec11adb0dac39099d0a0f95f816ea64b6fd2d
Carteiras selecionadas,SUMUP SMART III,SUMUP SMART III,62627122000160,03/2026,Rentabilidade Sub % a.m.,3.56,%,Visão Executiva canônica; cache IME local 3f837708ac49e7b72a27f63d7c7ec11adb0dac39099d0a0f95f816ea64b6fd2d,.cache/fundonet-ime/3f837708ac49e7b72a27f63d7c7ec11adb0dac39099d0a0f95f816ea64b6fd2d
Carteiras selecionadas,SUMUP SMART III,SUMUP SMART III,62627122000160,02/2026,Rentabilidade Sub % a.m.,2.73,%,Visão Executiva canônica; cache IME local 3f837708ac49e7b72a27f63d7c7ec11adb0dac39099d0a0f95f816ea64b6fd2d,.cache/fundonet-ime/3f837708ac49e7b72a27f63d7c7ec11adb0dac39099d0a0f95f816ea64b6fd2d
Carteiras selecionadas,SUMUP SMART III,SUMUP SMART III,62627122000160,01/2026,Rentabilidade Sub % a.m.,3.12,%,Visão Executiva canônica; cache IME local 3f837708ac49e7b72a27f63d7c7ec11adb0dac39099d0a0f95f816ea64b6fd2d,.cache/fundonet-ime/3f837708ac49e7b72a27f63d7c7ec11adb0dac39099d0a0f95f816ea64b6fd2d
Carteiras selecionadas,SUMUP SMART III,SUMUP SMART III,62627122000160,12/2025,Rentabilidade Sub % a.m.,2.28,%,Visão Executiva canônica; cache IME local 3f837708ac49e7b72a27f63d7c7ec11adb0dac39099d0a0f95f816ea64b6fd2d,.cache/fundonet-ime/3f837708ac49e7b72a27f63d7c7ec11adb0dac39099d0a0f95f816ea64b6fd2d
Carteiras selecionadas,SUMUP SMART III,SUMUP SMART III,62627122000160,11/2025,Rentabilidade Sub % a.m.,-25.42,%,Visão Executiva canônica; cache IME local 3f837708ac49e7b72a27f63d7c7ec11adb0dac39099d0a0f95f816ea64b6fd2d,.cache/fundonet-ime/3f837708ac49e7b72a27f63d7c7ec11adb0dac39099d0a0f95f816ea64b6fd2d
Carteiras selecionadas,SUMUP SMART III,SUMUP SMART III,62627122000160,10/2025,Rentabilidade Sub % a.m.,1.04,%,Visão Executiva canônica; cache IME local 3f837708ac49e7b72a27f63d7c7ec11adb0dac39099d0a0f95f816ea64b6fd2d,.cache/fundonet-ime/3f837708ac49e7b72a27f63d7c7ec11adb0dac39099d0a0f95f816ea64b6fd2d
Carteiras selecionadas,SUMUP SMART III,SUMUP SMART III,62627122000160,06/2026,Cotas MZ / PL %,0.0,%,Visão Executiva canônica; cache IME local 3f837708ac49e7b72a27f63d7c7ec11adb0dac39099d0a0f95f816ea64b6fd2d,.cache/fundonet-ime/3f837708ac49e7b72a27f63d7c7ec11adb0dac39099d0a0f95f816ea64b6fd2d
Carteiras selecionadas,SUMUP SMART III,SUMUP SMART III,62627122000160,05/2026,Cotas MZ / PL %,0.0,%,Visão Executiva canônica; cache IME local 3f837708ac49e7b72a27f63d7c7ec11adb0dac39099d0a0f95f816ea64b6fd2d,.cache/fundonet-ime/3f837708ac49e7b72a27f63d7c7ec11adb0dac39099d0a0f95f816ea64b6fd2d
Carteiras selecionadas,SUMUP SMART III,SUMUP SMART III,62627122000160,04/2026,Cotas MZ / PL %,0.0,%,Visão Executiva canônica; cache IME local 3f837708ac49e7b72a27f63d7c7ec11adb0dac39099d0a0f95f816ea64b6fd2d,.cache/fundonet-ime/3f837708ac49e7b72a27f63d7c7ec11adb0dac39099d0a0f95f816ea64b6fd2d
Carteiras selecionadas,SUMUP SMART III,SUMUP SMART III,62627122000160,03/2026,Cotas MZ / PL %,0.0,%,Visão Executiva canônica; cache IME local 3f837708ac49e7b72a27f63d7c7ec11adb0dac39099d0a0f95f816ea64b6fd2d,.cache/fundonet-ime/3f837708ac49e7b72a27f63d7c7ec11adb0dac39099d0a0f95f816ea64b6fd2d
Carteiras selecionadas,SUMUP SMART III,SUMUP SMART III,62627122000160,02/2026,Cotas MZ / PL %,0.0,%,Visão Executiva canônica; cache IME local 3f837708ac49e7b72a27f63d7c7ec11adb0dac39099d0a0f95f816ea64b6fd2d,.cache/fundonet-ime/3f837708ac49e7b72a27f63d7c7ec11adb0dac39099d0a0f95f816ea64b6fd2d
Carteiras selecionadas,SUMUP SMART III,SUMUP SMART III,62627122000160,01/2026,Cotas MZ / PL %,0.0,%,Visão Executiva canônica; cache IME local 3f837708ac49e7b72a27f63d7c7ec11adb0dac39099d0a0f95f816ea64b6fd2d,.cache/fundonet-ime/3f837708ac49e7b72a27f63d7c7ec11adb0dac39099d0a0f95f816ea64b6fd2d
Carteiras selecionadas,SUMUP SMART III,SUMUP SMART III,62627122000160,12/2025,Cotas MZ / PL %,0.0,%,Visão Executiva canônica; cache IME local 3f837708ac49e7b72a27f63d7c7ec11adb0dac39099d0a0f95f816ea64b6fd2d,.cache/fundonet-ime/3f837708ac49e7b72a27f63d7c7ec11adb0dac39099d0a0f95f816ea64b6fd2d
Carteiras selecionadas,SUMUP SMART III,SUMUP SMART III,62627122000160,11/2025,Cotas MZ / PL %,0.0,%,Visão Executiva canônica; cache IME local 3f837708ac49e7b72a27f63d7c7ec11adb0dac39099d0a0f95f816ea64b6fd2d,.cache/fundonet-ime/3f837708ac49e7b72a27f63d7c7ec11adb0dac39099d0a0f95f816ea64b6fd2d
Carteiras selecionadas,SUMUP SMART III,SUMUP SMART III,62627122000160,10/2025,Cotas MZ / PL %,0.0,%,Visão Executiva canônica; cache IME local 3f837708ac49e7b72a27f63d7c7ec11adb0dac39099d0a0f95f816ea64b6fd2d,.cache/fundonet-ime/3f837708ac49e7b72a27f63d7c7ec11adb0dac39099d0a0f95f816ea64b6fd2d
