Fundo,CNPJ,Cota/Classe,Tipo,Data deliberação,Data emissão / 1ª integralização,Data encerramento/oferta,Quantidade,Volume,VNU,Remuneração,Juros/remuneração,Amortização principal,Status/evidência,Fonte,Status curadoria
IS GREEN SOLFÁCIL II FUNDO DE INVESTIMENTO EM DIREITOS CREDITÓRIOS DE RESPONSABILIDADE LIMITADA,42.462.306/0001-00,Séries sênior não individualizadas,Sênior,Não localizado no corpus acessível desta revisão.,Não localizado no corpus acessível desta revisão.,Não localizado no corpus acessível desta revisão.,Não informado nas fontes consultadas,Não localizado no corpus acessível desta revisão.,Não localizado no corpus acessível desta revisão.,Spread final não localizado; ato/suplemento preenchido não localizado.,Não localizado no corpus acessível desta revisão.,Não localizado no corpus acessível desta revisão.,Não informado nas fontes consultadas,Fundos.NET ID 896879; referência 05/05/2025; data/raw/42462306000100/896879_regulamento_05-05-2025.txt; capítulo de cotas e modelos de apêndices; https://fnet.bmfbovespa.com.br/fnet/publico/exibirDocumento?id=896879&cvm=true,parcial — termos/suplemento final não localizado
IS GREEN SOLFÁCIL II FUNDO DE INVESTIMENTO EM DIREITOS CREDITÓRIOS DE RESPONSABILIDADE LIMITADA,42.462.306/0001-00,Séries mezanino não individualizadas,Mezanino,Não localizado no corpus acessível desta revisão.,Não localizado no corpus acessível desta revisão.,Não localizado no corpus acessível desta revisão.,Não informado nas fontes consultadas,Não localizado no corpus acessível desta revisão.,Não localizado no corpus acessível desta revisão.,Spread final não localizado; ato/suplemento preenchido não localizado.,Não localizado no corpus acessível desta revisão.,Não localizado no corpus acessível desta revisão.,Não informado nas fontes consultadas,Fundos.NET ID 896879; referência 05/05/2025; data/raw/42462306000100/896879_regulamento_05-05-2025.txt; capítulo de cotas e modelos de apêndices; https://fnet.bmfbovespa.com.br/fnet/publico/exibirDocumento?id=896879&cvm=true,parcial — termos/suplemento final não localizado
IS GREEN SOLFÁCIL II FUNDO DE INVESTIMENTO EM DIREITOS CREDITÓRIOS DE RESPONSABILIDADE LIMITADA,42.462.306/0001-00,Séries júnior não individualizadas,Júnior,Não localizado no corpus acessível desta revisão.,Não localizado no corpus acessível desta revisão.,Não localizado no corpus acessível desta revisão.,Não informado nas fontes consultadas,Não localizado no corpus acessível desta revisão.,Não localizado no corpus acessível desta revisão.,Spread final não localizado; ato/suplemento preenchido não localizado.,Não localizado no corpus acessível desta revisão.,Não localizado no corpus acessível desta revisão.,Não informado nas fontes consultadas,Fundos.NET ID 896879; referência 05/05/2025; data/raw/42462306000100/896879_regulamento_05-05-2025.txt; capítulo de cotas e modelos de apêndices; https://fnet.bmfbovespa.com.br/fnet/publico/exibirDocumento?id=896879&cvm=true,parcial — termos/suplemento final não localizado
ANGÁ FGTS III FUNDO DE INVESTIMENTO EM DIREITOS CREDITÓRIOS,54.810.968/0001-02,1ª série,Sênior,Data de deliberação não localizada,Primeira integralização não localizada,Início 21/05/2024; encerramento não localizado,Não informado nas fontes consultadas,"Até R$ 1,35 bi ofertados",R$ 1.000,Spread final não localizado no anúncio,Periodicidade não localizada no corpus,Cronograma fechado não identificado,Não informado nas fontes consultadas,Fundos.NET ID 666840 · 21/05/2024 · p. 1-2 · data/raw/54810968000102/666840_documentary_review.pdf · https://fnet.bmfbovespa.com.br/fnet/publico/exibirDocumento?id=666840,Curado nas fontes acessíveis; lacunas explícitas
ANGÁ FGTS III FUNDO DE INVESTIMENTO EM DIREITOS CREDITÓRIOS,54.810.968/0001-02,1ª emissão,Subordinada júnior,Data de deliberação não localizada,Primeira integralização não localizada,Início 21/05/2024; encerramento não localizado,Não informado nas fontes consultadas,Até R$ 170 mi ofertados,R$ 1.000,Resultado residual; benchmark não localizado,Periodicidade não localizada no corpus,Cronograma fechado não identificado,Não informado nas fontes consultadas,Fundos.NET ID 666840 · 21/05/2024 · p. 1-2 · data/raw/54810968000102/666840_documentary_review.pdf · https://fnet.bmfbovespa.com.br/fnet/publico/exibirDocumento?id=666840,Curado nas fontes acessíveis; lacunas explícitas
ANGÁ FGTS +AG FUNDO DE INVESTIMENTO EM DIREITOS CREDITÓRIOS - RESPONSABILIDADE LIMITADA,53.270.983/0001-42,Não localizado no corpus acessível,Não informado nas fontes consultadas,Não informado nas fontes consultadas,Não informado nas fontes consultadas,Não informado nas fontes consultadas,Não informado nas fontes consultadas,Não localizado no corpus acessível,Não informado nas fontes consultadas,Não localizado no corpus acessível,Não localizado no corpus acessível,Não localizado no corpus acessível,Resumo documental; individualização por série não localizada nesta leitura,Corpus acessível CNPJ 53270983000142: não obtido; consulta Fundos.NET em 07/10/2026,Não informado nas fontes consultadas
MCPO FUNDO DE INVESTIMENTO EM DIREITOS CREDITÓRIOS,52.968.533/0001-65,Não localizado nas fontes acessíveis desta leitura,Não informado nas fontes consultadas,Não informado nas fontes consultadas,Não informado nas fontes consultadas,Não informado nas fontes consultadas,Não informado nas fontes consultadas,"Encerramento 1ª sênior: R$ 215,966 mi/215.966 cotas; VNU R$ 1 mil",Não informado nas fontes consultadas,Spread final por série não localizado; metas remetidas aos apêndices,Não localizado nas fontes acessíveis desta leitura,Não localizado nas fontes acessíveis desta leitura,Resumo documental; individualização por série não localizada nesta leitura,data/raw/52968533000165/access_status_20261007.txt | Consulta Fundos.NET por CNPJ 52968533000165 em 07/10/2026; inventário completo com 75 registros; Fundos.NET ID 1049185 | 14/10/2025 | regulamento | p. 91; 5.3 | data/raw/52968533000165/1049185_regulamento_review_20261007.pdf | https://fnet.bmfbovespa.com.br/fnet/publico/visualizarDocumento?id=1049185; Fundos.NET ID 674475 | 05/06/2024 | emissao | p. 2; Quadro da oferta | data/raw/52968533000165/674475_emissao_review_20261007.pdf | https://fnet.bmfbovespa.com.br/fnet/publico/visualizarDocumento?id=674475,Não informado nas fontes consultadas
SOTREQ FUNDO DE INVESTIMENTO EM DIREITOS CREDITÓRIOS - RESPONSABILIDADE LIMITADA,52.100.879/0001-47,Não localizado nas fontes acessíveis desta leitura,Não informado nas fontes consultadas,Não informado nas fontes consultadas,Não informado nas fontes consultadas,Não informado nas fontes consultadas,Não informado nas fontes consultadas,Não localizado nas fontes acessíveis desta leitura,Não informado nas fontes consultadas,DI + sobretaxa da série; spread final não localizado nos modelos em branco.,Regime pro rata/sequencial; cronograma fechado não identificado nos modelos em branco.,Regime pro rata/sequencial; cronograma fechado não identificado nos modelos em branco.,Resumo documental; individualização por série não localizada nesta leitura,"Fundos.NET ID 1271365; referência 30/07/2026 10:00; data/raw/52100879000147/1271365_documentary_review.txt; Inventário das fontes consultadas; https://fnet.bmfbovespa.com.br/fnet/publico/exibirDocumento?id=1271365&cvm=true; Fundos.NET ID 1117315; referência 06/02/2026; data/raw/52100879000147/1117315_documentary_review.txt; Inventário das fontes consultadas; https://fnet.bmfbovespa.com.br/fnet/publico/exibirDocumento?id=1117315&cvm=true; Fundos.NET ID 1117315; referência 06/02/2026; data/raw/52100879000147/1117315_documentary_review.txt; pp.174,176, modelos de suplemento; https://fnet.bmfbovespa.com.br/fnet/publico/exibirDocumento?id=1117315&cvm=true; Fundos.NET ID 1117315; referência 06/02/2026; data/raw/52100879000147/1117315_documentary_review.txt; pp.110–111,174,176; https://fnet.bmfbovespa.com.br/fnet/publico/exibirDocumento?id=1117315&cvm=true",Não informado nas fontes consultadas
PNEUCASH FUNDO DE INVESTIMENTO EM DIREITOS CREDITÓRIOS DE CLASSE ÚNICA FECHADA - RESP LTDA,53.662.209/0001-87,Sênior 2 — 2ªemissão,Sênior,Não informado nas fontes consultadas,Não informado nas fontes consultadas,13/06/2025,100.000,"R$ 100.000.000,00 distribuídos","R$ 1.000,00",Spread final não localizado; obter suplemento preenchido,Não informado nas fontes consultadas,Não informado nas fontes consultadas,Encerramento; total numéricoR$ 165 mi versus extenso cento e um milhões,Fundos.NET ID 924981; 13/06/2025; data/raw/53662209000187/924981_documentary_review.txt; pp.1–3; https://fnet.bmfbovespa.com.br/fnet/publico/exibirDocumento?id=924981&cvm=true,Não informado nas fontes consultadas
PNEUCASH FUNDO DE INVESTIMENTO EM DIREITOS CREDITÓRIOS DE CLASSE ÚNICA FECHADA - RESP LTDA,53.662.209/0001-87,Mezanino A.2 — 2ªemissão,Mezanino A,Não informado nas fontes consultadas,Não informado nas fontes consultadas,13/06/2025,55.000,"R$ 55.000.000,00 distribuídos","R$ 1.000,00",Spread final não localizado; obter suplemento preenchido,Não informado nas fontes consultadas,Não informado nas fontes consultadas,Encerramento; total numéricoR$ 165 mi versus extenso cento e um milhões,Fundos.NET ID 924981; 13/06/2025; data/raw/53662209000187/924981_documentary_review.txt; pp.1–3; https://fnet.bmfbovespa.com.br/fnet/publico/exibirDocumento?id=924981&cvm=true,Não informado nas fontes consultadas
PNEUCASH FUNDO DE INVESTIMENTO EM DIREITOS CREDITÓRIOS DE CLASSE ÚNICA FECHADA - RESP LTDA,53.662.209/0001-87,Mezanino B.2 — 2ªemissão,Mezanino B,Não informado nas fontes consultadas,Não informado nas fontes consultadas,13/06/2025,10.000,"R$ 10.000.000,00 distribuídos","R$ 1.000,00",Spread final não localizado; obter suplemento preenchido,Não informado nas fontes consultadas,Não informado nas fontes consultadas,Encerramento; total numéricoR$ 165 mi versus extenso cento e um milhões,Fundos.NET ID 924981; 13/06/2025; data/raw/53662209000187/924981_documentary_review.txt; pp.1–3; https://fnet.bmfbovespa.com.br/fnet/publico/exibirDocumento?id=924981&cvm=true,Não informado nas fontes consultadas
ANGÁ FGTS II FUNDO DE INVESTIMENTO EM DIREITOS CREDITÓRIOS - RESPONSABILIDADE LIMITADA,53.577.135/0001-80,2ª série,Sênior,Data de deliberação não localizada,Primeira integralização não localizada,Encerramento conforme ID 856958; data documental no inventário,Não informado nas fontes consultadas,R$ 90 mi conforme anúncio de encerramento,R$ 1.000,Spread final não localizado no anúncio,Periodicidade não localizada no corpus,Cronograma fechado não identificado,Não informado nas fontes consultadas,Fundos.NET ID 856958 · 12/03/2025 · p. 1-3 · data/raw/53577135000180/856958_documentary_review.pdf · https://fnet.bmfbovespa.com.br/fnet/publico/exibirDocumento?id=856958,Curado nas fontes acessíveis; lacunas explícitas
SUMUP SMART IV FIDC SEGMENTO MEIOS DE PAGAMENTO DE RESPONSABILIDADE LIMITADA,62.626.887/0001-85,Não localizado na documentação acessível,Não informado nas fontes consultadas,Não informado nas fontes consultadas,Não informado nas fontes consultadas,Não informado nas fontes consultadas,Não informado nas fontes consultadas,Não localizado na documentação acessível; Não localizado na documentação acessível,Não informado nas fontes consultadas,Não localizado na documentação acessível,Não localizado na documentação acessível; Não localizado na documentação acessível,Não localizado na documentação acessível; Não localizado na documentação acessível,Resumo documental; individualização por série não localizada nesta leitura,"Inventário por CNPJ 62626887000185, consulta Fundos.NET em 07/10/2026: 27 documentos listados; Falha de rede ao acessar pesquisarGerenciadorDocumentosDados: The read operation timed out; inventário local anterior preservado.  PDFs efetivamente revistos: nenhum. ID1152823: Falha de rede ao acessar downloadDocumento: The read operation timed out",Não informado nas fontes consultadas
CHEMICAL XIII - FUNDO DE INVESTIMENTO EM DIREITOS CREDITÓRIOS - INDÚSTRIA PETROQUÍMICA,50.098.465/0001-03,"Sênior, mezanino e júnior; suplementos preenchidos no regulamento de 2024",Não informado nas fontes consultadas,Não informado nas fontes consultadas,Não informado nas fontes consultadas,Não informado nas fontes consultadas,Não informado nas fontes consultadas,"Sênior R$ 408,6 mi/408,6 mil cotas; mezanino R$ 32,4 mi/32,4 mil cotas",Não informado nas fontes consultadas,"DI +2,00% a.a. sênior; DI +4,50% a.a. mezanino","3 pagamentos semestrais de rendimentos; depois 6 mensais com principal (5 × 16,66% +16,70%)","3 pagamentos semestrais de rendimentos; depois 6 mensais com principal (5 × 16,66% +16,70%)",Resumo documental; individualização por série não localizada nesta leitura,"Fundos.NET ID 690567 | 01/07/2024 | regulamento | p. 107,114; Suplementos | data/raw/50098465000103/690567_regulamento_review_20261007.pdf | https://fnet.bmfbovespa.com.br/fnet/publico/visualizarDocumento?id=690567; Fundos.NET ID 690567 | 01/07/2024 | regulamento | p. 107,114; Fator Spread;Definições | data/raw/50098465000103/690567_regulamento_review_20261007.pdf | https://fnet.bmfbovespa.com.br/fnet/publico/visualizarDocumento?id=690567; Fundos.NET ID 690567 | 01/07/2024 | regulamento | p. 107–108,114–115; Suplementos | data/raw/50098465000103/690567_regulamento_review_20261007.pdf | https://fnet.bmfbovespa.com.br/fnet/publico/visualizarDocumento?id=690567",Não informado nas fontes consultadas
SOULPAY FUNDO DE INVESTIMENTO EM DIREITOS CREDITÓRIOS,48.967.719/0001-22,"Sênior 3, 1ª emissão",Sênior,Não informado nas fontes consultadas,Não informado nas fontes consultadas,Anúncio divulgado 01/10/2026; registro 21/08/2026; data efetiva final não individualizada,"30.000 anunciadas; 29.886,43 na tabela de colocação",R$ 30 milhões declarados; conciliação com quantidade/VNU pendente,R$ 1 declarado; incompatível com quantidade/volume informados,Spread final não localizado; suplemento específico não acessível,Cronograma fechado não identificado,Prazo remetido ao suplemento não localizado,Encerramento com divergência interna; não certificar volume colocado,data/raw/48967719000122/1337273_documentary_review.pdf | Fundos.NET ID 1337273 | 01/10/2026 | emissao | p. 1-2,Leitura dirigida; lacunas e divergências explícitas
UBYFOL AGRO III FUNDO DE INVESTIMENTO NAS CADEIAS PRODUTIVAS DO AGRONEGÓCIO - RESP LIMITADA,37.645.417/0001-11,Não localizado nas cláusulas revisadas; requer documento aplicável,Não informado nas fontes consultadas,Não informado nas fontes consultadas,Não informado nas fontes consultadas,Não informado nas fontes consultadas,Não informado nas fontes consultadas,Não localizado nas cláusulas revisadas; requer documento aplicável,Não informado nas fontes consultadas,Spread final não localizado nas cláusulas revisadas; requer suplemento ou ato específico,Não localizado nas cláusulas revisadas; requer documento aplicável,Não localizado nas cláusulas revisadas; requer documento aplicável,Resumo documental; individualização por série não localizada nesta leitura,data/raw/37645417000111/1016909_regulamento.pdf | Fundos.NET ID 1016909 | 16/10/2025,Não informado nas fontes consultadas
BOASAFRA FUNDO DE INVESTIMENTO EM DIREITOS CREDITÓRIOS DO AGRONEGÓCIO RESPONSABILIDADE LIMITADA,50.832.746/0001-30,Sênior e mezanino,Sênior/mezanino,Não informado nas fontes consultadas,Não informado nas fontes consultadas,Encerramento 18/03/2024,56.000/8.000,R$ 64 milhões no anúncio de encerramento,R$ 1.000,Spread final não localizado; requer suplemento aplicável,Cronograma fechado não identificado,Cronograma fechado não identificado,Condições específicas do documento citado; não certifica vigência atual nem saldo vivo,data/raw/50832746000130/622509_emissao.pdf | Fundos.NET ID 622509 | 18/03/2024 | emissao | p. 1,Leitura dirigida com fonte por página
WORKCAP AGRO FUNDO DE INVESTIMENTO EM DIREITOS CREDITORIOS RESPONSABILIDADE LIMITADA,33.076.242/0001-18,Júnior4ªemissão,Subordinada júnior,28/09/2026,Data da disponibilidade dos recursos/créditos; efetiva integralização não comprovada,Não localizado nas fontes consultadas,Não localizado nas fontes consultadas,Até R$3.000.000,Cota patrimonial atualizada no dia da integralização,Residual patrimonial; ato não estabelece spread prometido,Rendimentos apenas por amortização/resgate nas condições,Prazo da classe; calendário fechado não identificado,Emissão para recomposição de razão de garantia; destinada a cotista profissional; integralização por direitos creditórios,"Fundos.NET ID 1332614; referência 28/09/2026; data/raw/33076242000118/1332614_documentary_review.txt; Ato/Apêndice,pp1–4",Termos primários identificados; conferir execução/vigência
WORKCAP AGRO FUNDO DE INVESTIMENTO EM DIREITOS CREDITORIOS RESPONSABILIDADE LIMITADA,33.076.242/0001-18,Júnior5ªemissão,Subordinada júnior,05/10/2026,Data da disponibilidade dos recursos/créditos; efetiva integralização não comprovada,Não localizado nas fontes consultadas,Não localizado nas fontes consultadas,Até R$10.000.000,Cota patrimonial atualizada no dia da integralização,Residual patrimonial; ato não estabelece spread prometido,Rendimentos apenas por amortização/resgate nas condições,Prazo da classe; calendário fechado não identificado,Emissão para recomposição de razão de garantia; destinada a cotista profissional; integralização por direitos creditórios,"Fundos.NET ID 1340277; referência 05/10/2026; data/raw/33076242000118/1340277_documentary_review.txt; Ato/Apêndice,pp1–4",Termos primários identificados; conferir execução/vigência
MT INSS RECEIVABLES III FUNDO DE INVESTIMENTO EM DIREITOS CREDITÓRIOS RESPONSABILIDADE,44.173.467/0001-09,3ª emissão,Subordinada júnior,30/12/2025,Primeira integralização não localizada,Privada; até 180 dias; resultado não comprovado,Não informado nas fontes consultadas,Até R$ 500 mil; até 500 cotas,R$ 1.000,Residual; benchmark não localizado no ato,Periodicidade não localizada no corpus,Para recompor razão de garantia; termos do regulamento,Não informado nas fontes consultadas,Fundos.NET ID 1078471 · 30/12/2025 · p. 1 · data/raw/44173467000109/1078471_documentary_review.pdf · https://fnet.bmfbovespa.com.br/fnet/publico/exibirDocumento?id=1078471,Curado nas fontes acessíveis; lacunas explícitas
J17 FGTS FUNDO DE INVESTIMENTO EM DIREITOS CREDITÓRIOS FINANCEIRO - RESPONSABILIDADE LIMITADA,54.252.144/0001-64,1ª série,Sênior,Data de deliberação não localizada,Primeira integralização não localizada,Resultado da colocação não localizado,Não informado nas fontes consultadas,Até R$ 85 mi aprovados por série,R$ 1.000,"DI + 2,50% a.a.","Mensal, 5º DU, após carência; atraso de meta acrescenta 1% a.m.",Conforme caixa e período de investimento; prazo final não localizado,Não informado nas fontes consultadas,Fundos.NET ID 1072289 · 29/12/2025 · p. 155-157 · data/raw/54252144000164/1072289_documentary_review.pdf · https://fnet.bmfbovespa.com.br/fnet/publico/exibirDocumento?id=1072289,Suplemento efetivo em regulamento; marco de carência das séries 1 e 3 remete à 2ª série e requer validação
J17 FGTS FUNDO DE INVESTIMENTO EM DIREITOS CREDITÓRIOS FINANCEIRO - RESPONSABILIDADE LIMITADA,54.252.144/0001-64,2ª série,Sênior,Data de deliberação não localizada,Primeira integralização não localizada,Resultado da colocação não localizado,Não informado nas fontes consultadas,Até R$ 85 mi aprovados por série,R$ 1.000,"DI + 2,00% a.a.","Mensal, 5º DU, após carência; atraso de meta acrescenta 1% a.m.",Conforme caixa e período de investimento; prazo final não localizado,Não informado nas fontes consultadas,Fundos.NET ID 1072289 · 29/12/2025 · p. 158-160 · data/raw/54252144000164/1072289_documentary_review.pdf · https://fnet.bmfbovespa.com.br/fnet/publico/exibirDocumento?id=1072289,Suplemento efetivo em regulamento; marco de carência das séries 1 e 3 remete à 2ª série e requer validação
J17 FGTS FUNDO DE INVESTIMENTO EM DIREITOS CREDITÓRIOS FINANCEIRO - RESPONSABILIDADE LIMITADA,54.252.144/0001-64,3ª série,Sênior,Data de deliberação não localizada,Primeira integralização não localizada,Resultado da colocação não localizado,Não informado nas fontes consultadas,Até R$ 85 mi aprovados por série,R$ 1.000,"DI + 2,00% a.a.","Mensal, 5º DU, após carência; atraso de meta acrescenta 1% a.m.",Conforme caixa e período de investimento; prazo final não localizado,Não informado nas fontes consultadas,Fundos.NET ID 1072289 · 29/12/2025 · p. 161-163 · data/raw/54252144000164/1072289_documentary_review.pdf · https://fnet.bmfbovespa.com.br/fnet/publico/exibirDocumento?id=1072289,Suplemento efetivo em regulamento; marco de carência das séries 1 e 3 remete à 2ª série e requer validação
J17 FGTS FUNDO DE INVESTIMENTO EM DIREITOS CREDITÓRIOS FINANCEIRO - RESPONSABILIDADE LIMITADA,54.252.144/0001-64,4ª série,Sênior,Data de deliberação não localizada,Primeira integralização não localizada,Resultado da colocação não localizado,Não informado nas fontes consultadas,Até R$ 85 mi aprovados por série,R$ 1.000,"DI + 1,40% a.a.","Mensal, 5º DU, após carência; atraso de meta acrescenta 1% a.m.",Conforme caixa e período de investimento; prazo final não localizado,Não informado nas fontes consultadas,Fundos.NET ID 1072289 · 29/12/2025 · p. 164-166 · data/raw/54252144000164/1072289_documentary_review.pdf · https://fnet.bmfbovespa.com.br/fnet/publico/exibirDocumento?id=1072289,Suplemento efetivo em regulamento; marco de carência das séries 1 e 3 remete à 2ª série e requer validação
J17 FGTS FUNDO DE INVESTIMENTO EM DIREITOS CREDITÓRIOS FINANCEIRO - RESPONSABILIDADE LIMITADA,54.252.144/0001-64,1ª série,Subordinada mezanino,Data de deliberação não localizada,Primeira integralização não localizada,Resultado da colocação não localizado,Não informado nas fontes consultadas,Até R$ 10 mi aprovados por série,R$ 1.000,"DI + 5,00% a.a.","Mensal, 5º DU, após carência; atraso de meta acrescenta 1% a.m.",Conforme caixa e subordinação; prazo final não localizado,Não informado nas fontes consultadas,Fundos.NET ID 1072289 · 29/12/2025 · p. 169-171 · data/raw/54252144000164/1072289_documentary_review.pdf · https://fnet.bmfbovespa.com.br/fnet/publico/exibirDocumento?id=1072289,Suplemento efetivo em regulamento; referências de investimento/carência requerem validação por série
J17 FGTS FUNDO DE INVESTIMENTO EM DIREITOS CREDITÓRIOS FINANCEIRO - RESPONSABILIDADE LIMITADA,54.252.144/0001-64,2ª série,Subordinada mezanino,Data de deliberação não localizada,Primeira integralização não localizada,Resultado da colocação não localizado,Não informado nas fontes consultadas,Até R$ 10 mi aprovados por série,R$ 1.000,"DI + 4,25% a.a.","Mensal, 5º DU, após carência; atraso de meta acrescenta 1% a.m.",Conforme caixa e subordinação; prazo final não localizado,Não informado nas fontes consultadas,Fundos.NET ID 1072289 · 29/12/2025 · p. 172-174 · data/raw/54252144000164/1072289_documentary_review.pdf · https://fnet.bmfbovespa.com.br/fnet/publico/exibirDocumento?id=1072289,Suplemento efetivo em regulamento; referências de investimento/carência requerem validação por série
J17 FGTS FUNDO DE INVESTIMENTO EM DIREITOS CREDITÓRIOS FINANCEIRO - RESPONSABILIDADE LIMITADA,54.252.144/0001-64,3ª série,Subordinada mezanino,Data de deliberação não localizada,Primeira integralização não localizada,Resultado da colocação não localizado,Não informado nas fontes consultadas,Até R$ 10 mi aprovados por série,R$ 1.000,"DI + 4,25% a.a.","Mensal, 5º DU, após carência; atraso de meta acrescenta 1% a.m.",Conforme caixa e subordinação; prazo final não localizado,Não informado nas fontes consultadas,Fundos.NET ID 1072289 · 29/12/2025 · p. 175-177 · data/raw/54252144000164/1072289_documentary_review.pdf · https://fnet.bmfbovespa.com.br/fnet/publico/exibirDocumento?id=1072289,Suplemento efetivo em regulamento; referências de investimento/carência requerem validação por série
J17 FGTS FUNDO DE INVESTIMENTO EM DIREITOS CREDITÓRIOS FINANCEIRO - RESPONSABILIDADE LIMITADA,54.252.144/0001-64,4ª série,Subordinada mezanino,Data de deliberação não localizada,Primeira integralização não localizada,Resultado da colocação não localizado,Não informado nas fontes consultadas,Até R$ 10 mi aprovados por série,R$ 1.000,"DI + 3,90% a.a.","Mensal, 5º DU, após carência; atraso de meta acrescenta 1% a.m.",Conforme caixa e subordinação; prazo final não localizado,Não informado nas fontes consultadas,Fundos.NET ID 1072289 · 29/12/2025 · p. 178-180 · data/raw/54252144000164/1072289_documentary_review.pdf · https://fnet.bmfbovespa.com.br/fnet/publico/exibirDocumento?id=1072289,Suplemento efetivo em regulamento; referências de investimento/carência requerem validação por série
IBBA AGRO BR FUNDO DE INVESTIMENTO EM DIREITOS CREDITÓRIOS,48.313.595/0001-61,"Sênior, mezanino e júnior; plano de novembro trata mezanino e liquidação",Não informado nas fontes consultadas,Não informado nas fontes consultadas,Não informado nas fontes consultadas,Não informado nas fontes consultadas,Não informado nas fontes consultadas,Suplementos sênior e mezanino repetemR$ 400 mi/400 mil cotas/80%; VNU R$ 1 mil; volume conciliado pendente,Não informado nas fontes consultadas,"1ª sênior e 1ª mezanino:DI+3,50% a.a., conforme suplementos de agosto 2025",Calendário fixo excluído em agosto; pagamentos conforme caixa. Plano posterior prioriza mezanino após despesas,Calendário fixo excluído em agosto; pagamentos conforme caixa. Plano posterior prioriza mezanino após despesas,Resumo documental; individualização por série não localizada nesta leitura,"Fundos.NET ID 976737 | 22/08/2025 | regulamento | p. 47; 9.3 | data/raw/48313595000161/976737_documentary_review.pdf | https://fnet.bmfbovespa.com.br/fnet/publico/visualizarDocumento?id=976737; Fundos.NET ID 976737 | 22/08/2025 | regulamento | p. 6, 8; Suplementos(x) | data/raw/48313595000161/976737_documentary_review.pdf | https://fnet.bmfbovespa.com.br/fnet/publico/visualizarDocumento?id=976737; Fundos.NET ID 976737 | 22/08/2025 | regulamento | p. 5, 7; Suplementos(ii)–(v) | data/raw/48313595000161/976737_documentary_review.pdf | https://fnet.bmfbovespa.com.br/fnet/publico/visualizarDocumento?id=976737; Fundos.NET ID 976737 | 22/08/2025 | regulamento | p. 2, 5, 8; Deliberações(ii); Suplementos(viii) | data/raw/48313595000161/976737_documentary_review.pdf | https://fnet.bmfbovespa.com.br/fnet/publico/visualizarDocumento?id=976737",Não informado nas fontes consultadas
COBUCCIO FUNDO DE INVESTIMENTO EM DIREITOS CREDITÓRIOS DE CLASSE ÚNICA FECHADA DE RESPONS LIMITADA,32.526.025/0001-10,"Anúncio recente:8ª série sênior,1ª emissão",Não informado nas fontes consultadas,Não informado nas fontes consultadas,Não informado nas fontes consultadas,Não informado nas fontes consultadas,Não informado nas fontes consultadas,8ª sênior:R$ 100 mi;100 mil cotas; VNU R$ 1 mil,Não informado nas fontes consultadas,Spread final não localizado no anúncio; requer suplemento da 8ª série,Não localizado nas fontes acessíveis desta leitura,Não localizado nas fontes acessíveis desta leitura,Resumo documental; individualização por série não localizada nesta leitura,Fundos.NET ID 1138542 | 13/03/2026 | emissao | p. 1; Anúncio início | data/raw/32526025000110/1138542_emissao_review_20261007.pdf | https://fnet.bmfbovespa.com.br/fnet/publico/visualizarDocumento?id=1138542; Fundos.NET ID 1138542 | 13/03/2026 | emissao | p. 1–3; Anúncio início | data/raw/32526025000110/1138542_emissao_review_20261007.pdf | https://fnet.bmfbovespa.com.br/fnet/publico/visualizarDocumento?id=1138542; data/raw/32526025000110/access_status_20261007.txt | Consulta Fundos.NET por CNPJ 32526025000110 em 07/10/2026; inventário completo com 173 registros,Não informado nas fontes consultadas
VIXTRA FUNDO DE INVESTIMENTO EM DIREITOS CREDITÓRIOS RESPONSABILIDADE LIMITADA,45.523.699/0001-02,Sênior; suplemento anexo ao regulamento,Sênior,Não informado nas fontes consultadas,Não informado nas fontes consultadas,Encerramento 13/11/2025,Quantidade não individualizada nesta leitura,R$ 100 milhões no encerramento,R$ 1.000,Spread final não localizado; requer suplemento aplicável,Cronograma fechado não identificado,Cronograma fechado não identificado,Condições específicas do documento citado; não certifica vigência atual nem saldo vivo,data/raw/45523699000102/1038504_emissao.pdf | Fundos.NET ID 1038504 | 13/11/2025 | emissao | p. 1,Leitura dirigida com fonte por página
PERNAMBUCANAS FIDC DE RESPONSABILIDADE LIMITADA,54.083.697/0001-30,Sem acesso documental nesta consulta; dado não certificado,Não informado nas fontes consultadas,Não informado nas fontes consultadas,Não informado nas fontes consultadas,Não informado nas fontes consultadas,Não informado nas fontes consultadas,Sem acesso documental nesta consulta; dado não certificado,Não informado nas fontes consultadas,Spread final não localizado; inventário e documentos inacessíveis,Cronograma fechado não identificado; documentos inacessíveis,Cronograma fechado não identificado; documentos inacessíveis,Resumo documental; individualização por série não localizada nesta leitura,CNPJ 54083697000130; inventário documental em data/regulatory_knowledge/54083697000130.json; acesso em data/raw/54083697000130/access_status_20261007.txt,Não informado nas fontes consultadas
FATOR TARKEN FIAGRO,56.936.116/0001-91,Não localizado nas fontes acessíveis desta leitura,Não informado nas fontes consultadas,Não informado nas fontes consultadas,Não informado nas fontes consultadas,Não informado nas fontes consultadas,Não informado nas fontes consultadas,"Oferta 3: até R$ 200 mi sênior 2; R$ 30 mi mezz 2; R$ 7.999.774,40 júnior; VNU R$ 1 mil S/M.",Não informado nas fontes consultadas,Spread final não localizado no anúncio; obter apêndices preenchidos da série 2.,Não localizado nas fontes acessíveis desta leitura,Não localizado nas fontes acessíveis desta leitura,Resumo documental; individualização por série não localizada nesta leitura,Fundos.NET ID 1030090; referência 06/11/2025; data/raw/56936116000191/1030090_documentary_review.txt; Inventário das fontes consultadas; https://fnet.bmfbovespa.com.br/fnet/publico/exibirDocumento?id=1030090&cvm=true; Fundos.NET ID 1023213; referência 27/10/2025; data/raw/56936116000191/1023213_documentary_review.txt; Inventário das fontes consultadas; https://fnet.bmfbovespa.com.br/fnet/publico/exibirDocumento?id=1023213&cvm=true; Fundos.NET ID 1030090; referência 06/11/2025; data/raw/56936116000191/1030090_documentary_review.txt; pp.1–5; https://fnet.bmfbovespa.com.br/fnet/publico/exibirDocumento?id=1030090&cvm=true; Fundos.NET ID 1030090; referência 06/11/2025; data/raw/56936116000191/1030090_documentary_review.txt; pp.1–2; https://fnet.bmfbovespa.com.br/fnet/publico/exibirDocumento?id=1030090&cvm=true,Não informado nas fontes consultadas
AGRICONNECTION FIAGRO,50.089.559/0001-08,Não localizado nas cláusulas revisadas; requer documento aplicável,Não informado nas fontes consultadas,Não informado nas fontes consultadas,Não informado nas fontes consultadas,Não informado nas fontes consultadas,Não informado nas fontes consultadas,Não localizado nas cláusulas revisadas; requer documento aplicável,Não informado nas fontes consultadas,"Suplemento sênior diverge 1,90% numérico/3,90% extenso; identificação usa CNPJ do administrador",Calendário do suplemento termina30/11/2029; atribuição ao fundo pendente por CNPJ divergente,Calendário do suplemento termina30/11/2029; atribuição ao fundo pendente por CNPJ divergente,Resumo documental; individualização por série não localizada nesta leitura,data/raw/50089559000108/999633_regulamento.pdf | Fundos.NET ID 999633 | 26/09/2025; data/raw/50089559000108/998644_emissao.pdf | Fundos.NET ID 998644 | 23/09/2025; data/raw/50089559000108/998644_emissao.pdf | Fundos.NET ID 998644 | 23/09/2025 | emissao | p. 4-5; data/raw/50089559000108/998644_emissao.pdf | Fundos.NET ID 998644 | 23/09/2025 | emissao | p. 4-7,Não informado nas fontes consultadas
PONTO RURAL FIAGRO RESPONSABILIDADE LIMITADA,57.131.490/0001-82,Não localizado nas fontes acessíveis desta leitura,Não informado nas fontes consultadas,Não informado nas fontes consultadas,Não informado nas fontes consultadas,Não informado nas fontes consultadas,Não informado nas fontes consultadas,Oferta total R$ 120 mi: sênior 1 R$ 45 mi; sênior 2 R$ 25 mi; mezanino 1 R$ 50 mi,Não informado nas fontes consultadas,Spreads finais não localizados no comunicado de modificação da oferta,Não localizado nas fontes acessíveis desta leitura,Não localizado nas fontes acessíveis desta leitura,Resumo documental; individualização por série não localizada nesta leitura,data/raw/57131490000182/access_status_20261007.txt | Consulta Fundos.NET por CNPJ 57131490000182 em 07/10/2026; inventário completo com 30 registros; Fundos.NET ID 772640 | 06/11/2024 | emissao | p. 1–2; Comunicado | data/raw/57131490000182/772640_emissao_review_20261007.pdf | https://fnet.bmfbovespa.com.br/fnet/publico/visualizarDocumento?id=772640,Não informado nas fontes consultadas
FARM TECH IBBA I FUNDO DE INVESTIMENTO EM DIREITOS CREDITÓRIOS RESPONSABILIDADE LIMITADA,47.151.680/0001-08,"Sênior, mezanino e júnior; sênior 1 com amortização integral aprovada",Não informado nas fontes consultadas,Não informado nas fontes consultadas,Não informado nas fontes consultadas,Não informado nas fontes consultadas,Não informado nas fontes consultadas,"Volume, quantidade e VNU finais não localizados; modelos de emissão sem valores preenchidos",Não informado nas fontes consultadas,Índice DI + sobretaxa remetida ao apêndice; spread final não localizado,"Ata 23/10/2025: sênior 1 integral em até 3 DU; subordinadas com disponibilidades após reservas, em caixa","Ata 23/10/2025: sênior 1 integral em até 3 DU; subordinadas com disponibilidades após reservas, em caixa",Resumo documental; individualização por série não localizada nesta leitura,Fundos.NET ID 1023631 | 23/10/2025 17:00 | assembleia | p. 1–2; Deliberação5 | data/raw/47151680000108/1023631_documentary_review.pdf | https://fnet.bmfbovespa.com.br/fnet/publico/visualizarDocumento?id=1023631; Fundos.NET ID 993922 | 22/07/2025 | regulamento | p. 147–151; Modelos de apêndice | data/raw/47151680000108/993922_documentary_review.pdf | https://fnet.bmfbovespa.com.br/fnet/publico/visualizarDocumento?id=993922; Fundos.NET ID 1023631 | 23/10/2025 17:00 | assembleia | p. 1–2; Deliberações5(i)–(ii) | data/raw/47151680000108/1023631_documentary_review.pdf | https://fnet.bmfbovespa.com.br/fnet/publico/visualizarDocumento?id=1023631,Não informado nas fontes consultadas
FUNDO DE INVESTIMENTO EM DIREITOS CREDITÓRIOS LIVERPOOL RESPONSABILIDADE LIMITADA,43.309.233/0001-83,Não localizado nas fontes acessíveis desta leitura,Não informado nas fontes consultadas,Não informado nas fontes consultadas,Não informado nas fontes consultadas,Não informado nas fontes consultadas,Não informado nas fontes consultadas,Não localizado nas fontes acessíveis desta leitura,Não informado nas fontes consultadas,DI +sobretaxa por classe/série; modelos de apêndice sem spread final preenchido,Metas e datas remetidas ao apêndice; cronograma fechado não identificado,Metas e datas remetidas ao apêndice; cronograma fechado não identificado,Resumo documental; individualização por série não localizada nesta leitura,data/raw/43309233000183/access_status_20261007.txt | Consulta Fundos.NET por CNPJ 43309233000183 em 07/10/2026; inventário completo com 105 registros; Fundos.NET ID 943032 | 09/07/2025 | regulamento | p. 153–156; Modelos apêndices | data/raw/43309233000183/943032_regulamento_review_20261007.pdf | https://fnet.bmfbovespa.com.br/fnet/publico/visualizarDocumento?id=943032,Não informado nas fontes consultadas
TALÓ 1 FUNDO DE INVESTIMENTO EM DIREITOS CREDITÓRIOS RESPONSABILIDADE LIMITADA,43.616.659/0001-80,"Sênior, mezanino e júnior; VNU inicial R$ 1 mil",Não informado nas fontes consultadas,Não informado nas fontes consultadas,Não informado nas fontes consultadas,Não informado nas fontes consultadas,Não informado nas fontes consultadas,VNU inicial R$ 1 mil; volumes finais por emissão não localizados,Não informado nas fontes consultadas,Índice/sobretaxa remetidos ao apêndice; spread final não localizado nos modelos gerais,Metas e datas por apêndice; pagamentos pro rata/sequenciais conforme fase,Metas e datas por apêndice; pagamentos pro rata/sequenciais conforme fase,Resumo documental; individualização por série não localizada nesta leitura,"Fundos.NET ID 791844; referência 28/11/2024; data/raw/43616659000180/791844_documentary_review.txt; Anexo,6; https://fnet.bmfbovespa.com.br/fnet/publico/exibirDocumento?id=791844&cvm=true; Fundos.NET ID 791844; referência 28/11/2024; data/raw/43616659000180/791844_documentary_review.txt; Apêndices de séries; https://fnet.bmfbovespa.com.br/fnet/publico/exibirDocumento?id=791844&cvm=true; Fundos.NET ID 791844; referência 28/11/2024; data/raw/43616659000180/791844_documentary_review.txt; Anexo,6 e Apêndices; https://fnet.bmfbovespa.com.br/fnet/publico/exibirDocumento?id=791844&cvm=true; Fundos.NET ID 791844; referência 28/11/2024; data/raw/43616659000180/791844_documentary_review.txt; Anexo,8; https://fnet.bmfbovespa.com.br/fnet/publico/exibirDocumento?id=791844&cvm=true",Não informado nas fontes consultadas
FARMTECH SYNGENTA FUNDO DE INVESTIMENTO EM DIREITOS CREDITÓRIOS RESPONSABILIDADE LIMITADA,52.343.195/0001-76,Sênior 1ª série,Sênior,Não informado nas fontes consultadas,Não informado nas fontes consultadas,Início 18/07/2024; liquidação 19/07/2024 apenas prevista,170.000,Até R$ 170 milhões ofertados,R$ 1.000,Spread final não localizado; requer suplemento aplicável,Cronograma fechado não identificado,Cronograma fechado não identificado,Condições específicas do documento citado; não certifica vigência atual nem saldo vivo,data/raw/52343195000176/701245_emissao.pdf | Fundos.NET ID 701245 | 18/07/2024 | emissao | p. 1-2,Leitura dirigida com fonte por página
FUNDO DE INVESTIMENTO EM DIREITOS CREDITORIOS UPL 02 - RESPONSABILIDADE LIMITADA,44.574.361/0001-17,Não localizado nas fontes acessíveis desta leitura,Não informado nas fontes consultadas,Não informado nas fontes consultadas,Não informado nas fontes consultadas,Não informado nas fontes consultadas,Não informado nas fontes consultadas,Não localizado nas fontes acessíveis desta leitura,Não informado nas fontes consultadas,DI +sobretaxa por subclasse; modelos sem spread final e datas preenchidos,Carência e metas no apêndice; cronograma fechado não identificado,Carência e metas no apêndice; cronograma fechado não identificado,Resumo documental; individualização por série não localizada nesta leitura,data/raw/44574361000117/access_status_20261007.txt | Consulta Fundos.NET por CNPJ 44574361000117 em 07/10/2026; inventário completo com 124 registros; Fundos.NET ID 928360 | 12/06/2025 | regulamento | p. 151–154; Apêndices modelo | data/raw/44574361000117/928360_regulamento_review_20261007.pdf | https://fnet.bmfbovespa.com.br/fnet/publico/visualizarDocumento?id=928360,Não informado nas fontes consultadas
CANAÃ FUNDO DE INVESTIMENTO NAS CADEIAS PRODUTIVAS DO AGRONEGÓCIO - FIAGRO - IMOBILIÁRIO - RESPONSABILIDADE LIMITADA,45.123.558/0001-00,Subclasse A da Classe I identificada; FIAGRO imobiliário,Não informado nas fontes consultadas,Não informado nas fontes consultadas,Não informado nas fontes consultadas,Não informado nas fontes consultadas,Não informado nas fontes consultadas,Não localizado nas fontes acessíveis desta leitura,Não informado nas fontes consultadas,Spread/meta final não localizados; comunicado de rendimentos não define remuneração contratual,"Rendimento anunciado R$ 7, 42542501 por cota; competência jul/2026; pagamento 17/07/2026","Rendimento anunciado R$ 7, 42542501 por cota; competência jul/2026; pagamento 17/07/2026",Resumo documental; individualização por série não localizada nesta leitura,"Fundos.NET ID 1251347; referência 16/07/2026; data/raw/45123558000100/1251347_documentary_review.txt; Comunicado, p1; https://fnet.bmfbovespa.com.br/fnet/publico/exibirDocumento?id=1251347&cvm=true; Fundos.NET ID 1251347; referência 16/07/2026; data/raw/45123558000100/1251347_documentary_review.txt; Inventário das fontes consultadas; https://fnet.bmfbovespa.com.br/fnet/publico/exibirDocumento?id=1251347&cvm=true",Não informado nas fontes consultadas
LEO MADEIRAS FIDC SEGMENTO MEIOS DE PAGAMENTO DE RESPONSABILIDADE LIMITADA,50.857.998/0001-13,Não localizado nas fontes acessíveis desta leitura,Não informado nas fontes consultadas,Não informado nas fontes consultadas,Não informado nas fontes consultadas,Não informado nas fontes consultadas,Não informado nas fontes consultadas,3ª sênior: R$ 60 mi;60 mil cotas; VNU R$ 1 mil,Não informado nas fontes consultadas,Spread final não localizado; benchmark remetido ao apêndice de cada série,Não localizado nas fontes acessíveis desta leitura,Não localizado nas fontes acessíveis desta leitura,Resumo documental; individualização por série não localizada nesta leitura,data/raw/50857998000113/access_status_20261007.txt | Consulta Fundos.NET por CNPJ 50857998000113 em 07/10/2026; inventário completo com 87 registros; Fundos.NET ID 1338023 | 01/10/2026 | regulamento | p. 37; 9.11(vii) | data/raw/50857998000113/1338023_regulamento_review_20261007.pdf | https://fnet.bmfbovespa.com.br/fnet/publico/visualizarDocumento?id=1338023; Fundos.NET ID 1076194 | 05/01/2026 | emissao | p. 1–2; Anúncio encerramento | data/raw/50857998000113/1076194_emissao_review_20261007.pdf | https://fnet.bmfbovespa.com.br/fnet/publico/visualizarDocumento?id=1076194,Não informado nas fontes consultadas
HOTFUND FUNDO DE INVESTIMENTO EM DIREITOS CREDITÓRIOS SEGMENTO MEIOS DE PAGAMENTO DE RESPONSABILIDAD,38.376.526/0001-43,"Sênior, mezanino e júnior; oferta localizada:2ª série sênior",Não informado nas fontes consultadas,Não informado nas fontes consultadas,Não informado nas fontes consultadas,Não informado nas fontes consultadas,Não informado nas fontes consultadas,2ª sênior:100 mil cotas e VNU R$ 1 mil; ofertaR$ 100 mi,Não informado nas fontes consultadas,Benchmarks remetidos a apêndices; spread final não localizado,Não localizado nas fontes acessíveis desta leitura,Não localizado nas fontes acessíveis desta leitura,Resumo documental; individualização por série não localizada nesta leitura,"Fundos.NET ID 1337960 | 01/10/2026 | regulamento | p. 18,38; 2.5;9.1 | data/raw/38376526000143/1337960_regulamento_review_20261007.pdf | https://fnet.bmfbovespa.com.br/fnet/publico/visualizarDocumento?id=1337960; Fundos.NET ID 1337960 | 01/10/2026 | regulamento | p. 38–39; 9.2–9.3 | data/raw/38376526000143/1337960_regulamento_review_20261007.pdf | https://fnet.bmfbovespa.com.br/fnet/publico/visualizarDocumento?id=1337960; Fundos.NET ID 631728 | 01/04/2024 | emissao | p. 1; Anúncio encerramento | data/raw/38376526000143/631728_emissao_review_20261007.pdf | https://fnet.bmfbovespa.com.br/fnet/publico/visualizarDocumento?id=631728; data/raw/38376526000143/access_status_20261007.txt | Consulta Fundos.NET por CNPJ 38376526000143 em 07/10/2026; inventário completo com 134 registros",Não informado nas fontes consultadas
SUMUP SOLO FUNDO DE INVESTIMENTO EM DIREITOS CREDITÓRIOS SEGMENTO MEIOS DE PAGAMENTO DE RESPONSABILI,45.598.747/0001-21,Não localizado na documentação acessível,Não informado nas fontes consultadas,Não informado nas fontes consultadas,Não informado nas fontes consultadas,Não informado nas fontes consultadas,Não informado nas fontes consultadas,Não localizado na documentação acessível; Não localizado na documentação acessível,Não informado nas fontes consultadas,Não localizado na documentação acessível,Não localizado na documentação acessível; Não localizado na documentação acessível,Não localizado na documentação acessível; Não localizado na documentação acessível,Resumo documental; individualização por série não localizada nesta leitura,"Inventário por CNPJ 45598747000121, consulta Fundos.NET em 07/10/2026: 40 documentos listados; Falha de rede ao acessar pesquisarGerenciadorDocumentosDados: The read operation timed out; inventário local anterior preservado.  PDFs efetivamente revistos: nenhum. ID883977: Fundos.NET respondeu HTTP 520 em downloadDocumento.; ID903840: Falha de rede ao acessar downloadDocumento: The read operation timed out",Não informado nas fontes consultadas
IFOOD PAGO CRÉDITO I FUNDO DE INVESTIMENTO EM DIREITOS CREDITÓRIOS FINANCEIRO DE RESP LIMITADA,41.197.066/0001-09,6ª série sênior,Sênior,Não informado nas fontes consultadas,Não informado nas fontes consultadas,Ato de 24/02/2025; data civil de integralização não localizada,60.000,R$ 60 milhões aprovados,VNU implícito não certificado; montante e quantidade explícitos,"DI + 3,39% a.a.",10º DU mensal; carência 15 meses; 24 fatores sobre remanescente; final 39º Mês Completo,10º DU mensal; carência 15 meses; 24 fatores sobre remanescente; final 39º Mês Completo,Condições específicas do documento citado; não certifica vigência atual nem saldo vivo,data/raw/41197066000109/847509_emissao.pdf | Fundos.NET ID 847509 | 24/02/2025 | emissao | p. 2-3,Leitura dirigida com fonte por página
CLOUDWALK AKIRA II FIDC SEGMENTO MEIOS DE PAGAMENTO,44.124.617/0001-94,Sênior 1ª,Sênior,Data não localizada,Primeira integralização; data efetiva não localizada,Encerramento não localizado,Não informado nas fontes consultadas,"R$ 1.500.000.000,00","R$ 1.000,00","CDI + 1,35% a.a.",Mensal dia 27,"27/02/2025–27/01/2026, conformequantidades",Não informado nas fontes consultadas,"Fundos.NET ID 1337401 | 01/10/2026 | Regulamento | p. 116, apêndice1ªsérie | data/raw/44124617000194/1337401_review_20261007.pdf | https://fnet.bmfbovespa.com.br/fnet/publico/visualizarDocumento?id=1337401",Revisão documental com lacunas identificadas
CLOUDWALK KICK ASS I FUNDO DE INVESTIMENTO EM DIREITOS CREDITÓRIOS SEGMENTO MEIOS DE PAGAMENTO,42.085.816/0001-05,Subordinadas emissão 2021,Subordinada,01/09/2021,Primeira integralização; data efetiva não localizada,Encerramento não localizado,Não informado nas fontes consultadas,"R$ 5.600.000,00 aprovados; 5.600 cotas","R$ 1.000,00",Residual; taxa fixa não localizada,Conforme prioridades do regulamento,2ºDU após remuneração conforme instrumento; cronograma fechado não identificado,Não informado nas fontes consultadas,"Fundos.NET ID 211003 | 01/09/2021 | Instrumento Particular de Emissão de Cotas | p. 3, suplementosubordinadas | data/raw/42085816000105/211003_review_20261007.pdf | https://fnet.bmfbovespa.com.br/fnet/publico/visualizarDocumento?id=211003",Revisão documental com lacunas identificadas
ESTRATÉGIA EDUCACIONAL FUNDO DE INVESTIMENTO EM DIREITOS CREDITÓRIOS,38.385.876/0001-76,"Sênior, mezanino e júnior",Não informado nas fontes consultadas,Não informado nas fontes consultadas,Não informado nas fontes consultadas,Não informado nas fontes consultadas,Não informado nas fontes consultadas,VNU inicialR$ 1.000; volumes históricos requerem suplemento por emissão,Não informado nas fontes consultadas,"Sênior: DI + 5, 00% a.a.; mezanino: DI + 7, 00% a.a.",Pro rata ou sequencial conforme fase/suplemento,Pro rata ou sequencial conforme fase/suplemento,Resumo documental; individualização por série não localizada nesta leitura,"Fundos.NET ID 1337409; referência 01/10/2026; data/raw/38385876000176/1337409_documentary_review.txt; Apêndices de subclasses; https://fnet.bmfbovespa.com.br/fnet/publico/exibirDocumento?id=1337409&cvm=true; Fundos.NET ID 1337409; referência 01/10/2026; data/raw/38385876000176/1337409_documentary_review.txt; Apêndices,pp64 e67; https://fnet.bmfbovespa.com.br/fnet/publico/exibirDocumento?id=1337409&cvm=true; Fundos.NET ID 1337409; referência 01/10/2026; data/raw/38385876000176/1337409_documentary_review.txt; Anexo,6.1; https://fnet.bmfbovespa.com.br/fnet/publico/exibirDocumento?id=1337409&cvm=true; Fundos.NET ID 1337409; referência 01/10/2026; data/raw/38385876000176/1337409_documentary_review.txt; Apêndice sênior,3.9–3.11; https://fnet.bmfbovespa.com.br/fnet/publico/exibirDocumento?id=1337409&cvm=true",Não informado nas fontes consultadas
RECARGAPAY I FUNDO DE INVESTIMENTO EM DIREITOS CREDITÓRIOS,40.919.667/0001-07,Anúncio localizado:3ª emissão de cotas sênior,Não informado nas fontes consultadas,Não informado nas fontes consultadas,Não informado nas fontes consultadas,Não informado nas fontes consultadas,Não informado nas fontes consultadas,Oferta sêniorR$ 10 mi;10 mil cotas; VNU R$ 1 mil,Não informado nas fontes consultadas,Spread final não localizado; requer apêndice da emissão,Não localizado nas fontes acessíveis desta leitura,Não localizado nas fontes acessíveis desta leitura,Resumo documental; individualização por série não localizada nesta leitura,Fundos.NET ID 577066 | 28/12/2023 | emissao | p. 1; Anúncio encerramento | data/raw/40919667000107/577066_emissao_review_20261007.pdf | https://fnet.bmfbovespa.com.br/fnet/publico/visualizarDocumento?id=577066; Fundos.NET ID 577066 | 28/12/2023 | emissao | p. 1–4; Anúncio encerramento | data/raw/40919667000107/577066_emissao_review_20261007.pdf | https://fnet.bmfbovespa.com.br/fnet/publico/visualizarDocumento?id=577066; data/raw/40919667000107/access_status_20261007.txt | Consulta Fundos.NET por CNPJ 40919667000107 em 07/10/2026; inventário completo com 95 registros,Não informado nas fontes consultadas
CLOUDWALK KICK ASS II FUNDO DE INVESTIMENTO EM DIREITOS CREDITÓRIOS SEGMENTO MEIOS DE PAGAMENTO,42.102.603/0001-44,Sênior 1ª,Sênior,Data não localizada,Primeira integralização; data efetiva não localizada,Encerramento não localizado,Não informado nas fontes consultadas,"R$ 950.000.000,00","R$ 1.000,00","CDI + 1,37% a.a.",Mensal dia 27,Cronograma divergente; confirmar apêndice,Não informado nas fontes consultadas,"Fundos.NET ID 733239 | 05/09/2024 | Regulamento | p. 113, apêndice1ªsérie | data/raw/42102603000144/733239_review_20261007.pdf | https://fnet.bmfbovespa.com.br/fnet/publico/visualizarDocumento?id=733239",Revisão documental com lacunas identificadas
FUNDO DE INVESTIMENTO EM DIREITOS CREDITÓRIOS PAGSEGURO I,28.169.275/0001-72,4ª série sênior,Sênior,25/03/2026,Na integralização; 31/03/2026 era data prevista no anúncio de início,Não informado nas fontes consultadas,1.000.000 aprovadas,"R$ 1.000.000.000,00 aprovado","R$ 1.000,00","DI + 0,75% a.a.","Pagos nas três datas de amortização, conforme disponibilidade de caixa",31/01/2029: regime de caixa; 28/02/2029: regime de caixa; 31/03/2029: resgate integral; DU seguinte se necessário,Termos identificados na fonte; datas efetivas requerem documentos de integralização,data/raw/28169275000172/1147067_assembleia.pdf · ID 1147067 · 25/03/2026 09:00 · p. 2 e 4–5 · https://fnet.bmfbovespa.com.br/fnet/publico/visualizarDocumento?id=1147067,Leitura documental verificada com ressalvas explícitas
FUNDO DE INVESTIMENTO EM DIREITOS CREDITÓRIOS FORNECEDORES MADEIRA MADEIRA I,38.658.727/0001-33,Não confirmado na revisão dirigida; conferir documento ou cláusula específica.,Não informado nas fontes consultadas,Não informado nas fontes consultadas,Não informado nas fontes consultadas,Não informado nas fontes consultadas,Não informado nas fontes consultadas,Não confirmado na revisão dirigida; conferir documento ou cláusula específica.,Não informado nas fontes consultadas,Spread final não localizado nesta revisão; conferir suplemento preenchido.,Cronograma fechado não identificado nesta revisão; conferir série/suplemento.,Cronograma fechado não identificado nesta revisão; conferir série/suplemento.,Resumo documental; individualização por série não localizada nesta leitura,Fundos.NET ID 1216296; 05/06/2026; data/raw/38658727000133/1216296_regulamento_cache_integral.txt; regulamento; https://fnet.bmfbovespa.com.br/fnet/publico/exibirDocumento?id=1216296&cvm=true; Fundos.NET ID 1216296; 05/06/2026; data/raw/38658727000133/1216296_regulamento_cache_integral.txt; regulamento; https://fnet.bmfbovespa.com.br/fnet/publico/exibirDocumento?id=1216296&cvm=true; escopo e condições da revisão,Não informado nas fontes consultadas
KIWIFY FUNDO DE INVESTIMENTO EM DIREITOS CREDITÓRIOS SEGMENTO MEIOS DE PAGAMENTO DE RESPONSABILIDADE,52.271.464/0001-36,Sênior e júnior; encerramento da 3ª sênior,Não informado nas fontes consultadas,Não informado nas fontes consultadas,Não informado nas fontes consultadas,Não informado nas fontes consultadas,Não informado nas fontes consultadas,3ª sênior: R$ 75 mi;75 mil cotas; VNU R$ 1 mil,Não informado nas fontes consultadas,Spread final da 3ª sênior não localizado no anúncio de encerramento,Não localizado nas fontes acessíveis desta leitura,Não localizado nas fontes acessíveis desta leitura,Resumo documental; individualização por série não localizada nesta leitura,"Fundos.NET ID 1155755 | 18/03/2026 | regulamento | p. 65,95; 2.3;12.1 | data/raw/52271464000136/1155755_regulamento_review_20261007.pdf | https://fnet.bmfbovespa.com.br/fnet/publico/visualizarDocumento?id=1155755; Fundos.NET ID 1072777 | 29/12/2025 | emissao | p. 1–3; Anúncio encerramento | data/raw/52271464000136/1072777_emissao_review_20261007.pdf | https://fnet.bmfbovespa.com.br/fnet/publico/visualizarDocumento?id=1072777; Fundos.NET ID 1072777 | 29/12/2025 | emissao | p. 1–2; Anúncio encerramento | data/raw/52271464000136/1072777_emissao_review_20261007.pdf | https://fnet.bmfbovespa.com.br/fnet/publico/visualizarDocumento?id=1072777; data/raw/52271464000136/access_status_20261007.txt | Consulta Fundos.NET por CNPJ 52271464000136 em 07/10/2026; inventário completo com 102 registros",Não informado nas fontes consultadas
INVESTCRED FUNDO DE INVESTIMENTO EM DIREITOS CREDITÓRIOS,29.226.654/0001-10,Sênior — séries a confirmar,Sênior,Não localizado no corpus acessível desta revisão.,Não localizado no corpus acessível desta revisão.,Não localizado no corpus acessível desta revisão.,Não informado nas fontes consultadas,Não localizado no corpus acessível desta revisão.,Não localizado no corpus acessível desta revisão.,Spread final não localizado; ato/suplemento preenchido não localizado.,Não localizado no corpus acessível desta revisão.,Não localizado no corpus acessível desta revisão.,Não informado nas fontes consultadas,"Fundos.NET ID 1023849; referência 29/10/2025; data/raw/29226654000110/1023849_regulamento.txt; p.59, 9.1.4–9.1.8; https://fnet.bmfbovespa.com.br/fnet/publico/exibirDocumento?id=1023849&cvm=true",parcial — termos/suplemento final não localizado
INVESTCRED FUNDO DE INVESTIMENTO EM DIREITOS CREDITÓRIOS,29.226.654/0001-10,Subordinada residual,Subordinada,Não localizado no corpus acessível desta revisão.,Não localizado no corpus acessível desta revisão.,Não localizado no corpus acessível desta revisão.,Não informado nas fontes consultadas,Não localizado no corpus acessível desta revisão.,Não localizado no corpus acessível desta revisão.,Residual; sem parâmetro de remuneração definido.,Não localizado no corpus acessível desta revisão.,Não localizado no corpus acessível desta revisão.,Não informado nas fontes consultadas,"Fundos.NET ID 1023849; referência 29/10/2025; data/raw/29226654000110/1023849_regulamento.txt; p.59, 9.1.4–9.1.8; https://fnet.bmfbovespa.com.br/fnet/publico/exibirDocumento?id=1023849&cvm=true",parcial — termos/suplemento final não localizado
INDIE MERX RAIZ I CRÉDITO AGRO FIDC DO AGRONEGÓCIO - RESPONSABILIDADE LIMITADA,54.857.414/0001-60,Não localizado nas fontes acessíveis desta leitura,Não informado nas fontes consultadas,Não informado nas fontes consultadas,Não informado nas fontes consultadas,Não informado nas fontes consultadas,Não informado nas fontes consultadas,Não localizado nas fontes acessíveis desta leitura,Não informado nas fontes consultadas,"Spread final não localizado nesta revisão; DI + 5,80% é taxa mínima dos créditos.",Não localizado nas fontes acessíveis desta leitura,Não localizado nas fontes acessíveis desta leitura,Resumo documental; individualização por série não localizada nesta leitura,"Fundos.NET ID 1263627; referência 01/06/2026; data/raw/54857414000160/1263627_documentary_review.txt; Inventário das fontes consultadas; https://fnet.bmfbovespa.com.br/fnet/publico/exibirDocumento?id=1263627&cvm=true; Fundos.NET ID 1263627; referência 01/06/2026; data/raw/54857414000160/1263627_documentary_review.txt; p.80, glossário; modelos de suplemento; https://fnet.bmfbovespa.com.br/fnet/publico/exibirDocumento?id=1263627&cvm=true",Não informado nas fontes consultadas
TMAQ 21 FUNDO DE INVESTIMENTO EM DIREITOS CREDITÓRIOS DE ARRANJOS DE PAGAMENTO DE RESPONSABILIDADE L,44.124.465/0001-20,Não localizado nas fontes acessíveis desta leitura,Não informado nas fontes consultadas,Não informado nas fontes consultadas,Não informado nas fontes consultadas,Não informado nas fontes consultadas,Não informado nas fontes consultadas,Não localizado nas fontes acessíveis desta leitura,Não informado nas fontes consultadas,Spread final não localizado; atoID 242313 pertence a outro veículo e foi excluído,Não localizado nas fontes acessíveis desta leitura,Não localizado nas fontes acessíveis desta leitura,Resumo documental; individualização por série não localizada nesta leitura,data/raw/44124465000120/access_status_20261007.txt | Consulta Fundos.NET por CNPJ 44124465000120 em 07/10/2026; inventário completo com 125 registros; Fundos.NET ID 1338077 | 01/10/2026 | regulamento | p. 1–99; Regulamento e verificação de identidade | data/raw/44124465000120/1338077_regulamento_review_20261007.pdf | https://fnet.bmfbovespa.com.br/fnet/publico/visualizarDocumento?id=1338077,Não informado nas fontes consultadas
QUATÁ FDC FGTS FUNDO DE INVESTIMENTO EM DIREITOS CREDITÓRIOS,55.401.645/0001-28,Sênior; mezanino; júnior,Não informado nas fontes consultadas,Não informado nas fontes consultadas,Não informado nas fontes consultadas,Não informado nas fontes consultadas,Não informado nas fontes consultadas,Não localizado no corpus acessível,Não informado nas fontes consultadas,Não localizado no corpus acessível,Após carência: sênior conforme suplemento; subordinadas em regime de caixa,Após carência: sênior conforme suplemento; subordinadas em regime de caixa,Resumo documental; individualização por série não localizada nesta leitura,"Fundos.NET ID 1051890 · 01/12/2025 · Regulamento · p. 42-43 · data/raw/55401645000128/1051890_documentary_review.pdf · https://fnet.bmfbovespa.com.br/fnet/publico/exibirDocumento?id=1051890; Corpus acessível CNPJ 55401645000128: ID 1051890 (01/12/2025), data/raw/55401645000128/1051890_documentary_review.pdf; ID 984906 (04/09/2025), data/raw/55401645000128/984906_documentary_review.pdf; ID 987420 (09/09/2025), data/raw/55401645000128/987420_documentary_review.pdf; ID 984909 (04/09/2025), data/raw/55401645000128/984909_documentary_review.pdf; ID 798348 (10/12/2024), data/raw/55401645000128/798348_documentary_review.pdf; ID 678447 (12/06/2024), data/raw/55401645000128/678447_documentary_review.pdf; ID 1051889 (01/12/2025), data/raw/55401645000128/1051889_documentary_review.pdf; ID 885831 (23/04/2025), data/raw/55401645000128/885831_documentary_review.pdf; Fundos.NET ID 1051890 · 01/12/2025 · Regulamento · p. 43, 49 · data/raw/55401645000128/1051890_documentary_review.pdf · https://fnet.bmfbovespa.com.br/fnet/publico/exibirDocumento?id=1051890",Não informado nas fontes consultadas
DESBRAVA UNO ARTIGOS ESPORTIVOS FUNDO DE INVESTIMENTO EM DIREITOS CREDITÓRIOS RESP LIMITADA,63.622.842/0001-03,Sênior 1ª série,Sênior,Não localizado nas fontes consultadas,Não localizado nas fontes consultadas,10/12/2025 (corpo do anúncio; referência índice09/12/2025),158.500 aprovado/distribuído,R$ 158.500.000 aprovado/distribuído,R$ 1.000,"Taxa fixa 14, 70% a.a.","Anual: 17/12/2026, 17/12/2027, 19/12/2028, 19/12/2029, 18/12/2030, 17/12/2031, 17/12/2032","17/12/2027: 16, 6667%; 19/12/2028: 20%; 19/12/2029: 25%; 18/12/2030: 33, 3333%; 17/12/2031: 50%; 17/12/2032: 100% sobre saldo",Fonte primária local por CNPJ; condição contratual não é saldo de emissão,"Fundos.NET ID 1051646; referência 01/12/2025; data/raw/63622842000103/1051646_documentary_review.txt; Suplemento,pp67–68; https://fnet.bmfbovespa.com.br/fnet/publico/exibirDocumento?id=1051646&cvm=true; Fundos.NET ID1058151;data/raw/63622842000103/1058151_documentary_review.txt;pp1–2",Termos documentais identificados; confirmar execução e vigência
DESBRAVA UNO ARTIGOS ESPORTIVOS FUNDO DE INVESTIMENTO EM DIREITOS CREDITÓRIOS RESP LIMITADA,63.622.842/0001-03,Subordinada,Subordinada,Não localizado nas fontes consultadas,Não localizado nas fontes consultadas,10/12/2025 (corpo do anúncio; referência índice09/12/2025),158.500 aprovado; 158.477 distribuído,R$ 158.500.000 aprovado; R$ 158.477.000 distribuído,R$ 1.000,Excedente patrimonial da carteira,Anual conforme suplemento; disponível se resultados permitirem,Principal 100% em 17/12/2032; extraordinária apenas por condições e excesso de subordinação,Fonte primária local por CNPJ; condição contratual não é saldo de emissão,"Fundos.NET ID 1051646; referência 01/12/2025; data/raw/63622842000103/1051646_documentary_review.txt; Suplemento,pp71–72; https://fnet.bmfbovespa.com.br/fnet/publico/exibirDocumento?id=1051646&cvm=true; Fundos.NET ID1058151;data/raw/63622842000103/1058151_documentary_review.txt;pp1–2",Termos documentais identificados; confirmar execução e vigência
LAVORO AGRO FIAGRO - DIREITOS CREDITÓRIOS - RESPONSABILIDADE LIMITADA,44.272.584/0001-20,"Sênior, mezanino A/B e júnior",Não informado nas fontes consultadas,Não informado nas fontes consultadas,Não informado nas fontes consultadas,Não informado nas fontes consultadas,Não informado nas fontes consultadas,"Primeira emissão até R$ 160 mi; VNU R$ 1 mil; capital autorizado R$ 1, 5 bi",Não informado nas fontes consultadas,Índice/sobretaxa por apêndice; spread final não localizado nos modelos gerais,Cronograma por apêndice; pro rata/sequencial conforme fase,Cronograma por apêndice; pro rata/sequencial conforme fase,Resumo documental; individualização por série não localizada nesta leitura,"Fundos.NET ID 1003378; referência 30/09/2025; data/raw/44272584000120/1003378_documentary_review.txt; Anexo,14; https://fnet.bmfbovespa.com.br/fnet/publico/exibirDocumento?id=1003378&cvm=true; Fundos.NET ID 1003378; referência 30/09/2025; data/raw/44272584000120/1003378_documentary_review.txt; Modelos de Apêndices, pp146–154; https://fnet.bmfbovespa.com.br/fnet/publico/exibirDocumento?id=1003378&cvm=true; Fundos.NET ID 1003378; referência 30/09/2025; data/raw/44272584000120/1003378_documentary_review.txt; Anexo,14.1.2,14.17 e19.1, pp112,116 e133; https://fnet.bmfbovespa.com.br/fnet/publico/exibirDocumento?id=1003378&cvm=true; Fundos.NET ID 1003378; referência 30/09/2025; data/raw/44272584000120/1003378_documentary_review.txt; Anexo,15.8.2, p124; https://fnet.bmfbovespa.com.br/fnet/publico/exibirDocumento?id=1003378&cvm=true",Não informado nas fontes consultadas
ENDURANCE FUNDO DE INVESTIMENTO EM DIREITOS CREDITÓRIOS RESPONSABILIDADE LIMITADA,62.838.025/0001-16,Sênior — apêndice,Sênior,Não informado nas fontes consultadas,Não informado nas fontes consultadas,Não informado nas fontes consultadas,Não informado nas fontes consultadas,Não informado nas fontes consultadas,Não informado nas fontes consultadas,"CDI + 0,80% a.a.","Mensal de 15/01/2026 a 15/12/2029, com ajuste de dia útil; ID1058234 p.57",15/07/2029: 1ª parcela; 15/08/2029: 2ª; 15/09/2029: 3ª; 15/10/2029: 4ª; 15/11/2029: 5ª; 15/12/2029: última; conforme calendário e dias úteis,Termos identificados na fonte; datas efetivas requerem documentos de integralização,data/raw/62838025000116/1058234_regulamento.pdf · ID 1058234 · 10/12/2025 · p. 56–57 · https://fnet.bmfbovespa.com.br/fnet/publico/visualizarDocumento?id=1058234,Leitura documental verificada com ressalvas explícitas
FIDC AGRO CAPITAL FINANCE RESPONSABILIDADE LIMITADA,47.280.025/0001-50,Sênior 2ª série; denominação anterior Albaugh I,Sênior,Não informado nas fontes consultadas,Não informado nas fontes consultadas,Anúncio encerramento04/12/2025,80.000,R$ 80 milhões no anúncio de encerramento,R$ 1.000,Spread final não localizado; requer suplemento aplicável,Cronograma fechado não identificado,Cronograma fechado não identificado,Condições específicas do documento citado; não certifica vigência atual nem saldo vivo,data/raw/47280025000150/1053778_emissao.pdf | Fundos.NET ID 1053778 | 04/12/2025 | emissao | p. 1,Leitura dirigida com fonte por página
MOBILITAS FUNDO DE INVESTIMENTO EM DIREITOS CREDITÓRIOS - RESPONSABILIDADE LIMITADA,57.270.666/0001-87,1ª emissão sênior e júnior,Sênior/júnior,Não informado nas fontes consultadas,Não informado nas fontes consultadas,Aviso29/10/2024; cronograma da oferta apenas previsto,45.000 sênior; mínimo 5.000 júnior,Até R$ 45 mi sênior e R$ 5 mi júnior,R$ 1.000,Spread final não localizado; requer suplemento aplicável,Cronograma fechado não identificado,Cronograma fechado não identificado,Condições específicas do documento citado; não certifica vigência atual nem saldo vivo,data/raw/57270666000187/768055_emissao.pdf | Fundos.NET ID 768055 | 29/10/2024 | emissao | p. 1-2,Leitura dirigida com fonte por página
ALTOMAX FUNDO DE INVESTIMENTO EM DIREITOS CREDITÓRIOS SEGMENTO RECEBÍVEIS COMERCIAIS DE RESP LTDA,58.288.437/0001-52,Sênior 2,Sênior,Não informado nas fontes consultadas,Não informado nas fontes consultadas,02/09/2025,15.000,"R$ 15.000.000,00 distribuídos","R$ 1.000,00",Spread final não localizado no anúncio; conferir suplemento da série 2,Não informado nas fontes consultadas,Não informado nas fontes consultadas,"Encerramento, melhores esforços de colocação",Fundos.NET ID 982590; 02/09/2025; data/raw/58288437000152/982590_emissao.full.txt; emissao; pp.1–2; https://fnet.bmfbovespa.com.br/fnet/publico/exibirDocumento?id=982590&cvm=true,Leitura documental dirigida; termos finais e qualificações descritos por critério
LAVORO AGRO II FIAGRO - DIREITOS CREDITÓRIOS - RESPONSABILIDADE LIMITADA,55.476.342/0001-74,Não localizado nas fontes acessíveis desta leitura,Não informado nas fontes consultadas,Não informado nas fontes consultadas,Não informado nas fontes consultadas,Não informado nas fontes consultadas,Não informado nas fontes consultadas,"2ª emissão subordinadas B: atéR$ 10 mi, mínimo R$ 6 mi;10 mil cotas e VNU R$ 1 mil inicial",Não informado nas fontes consultadas,Ato subordinadas B registra sobretaxa 0%; benchmark completo e spread sênior não reconciliados,Não localizado nas fontes acessíveis desta leitura,Não localizado nas fontes acessíveis desta leitura,Resumo documental; individualização por série não localizada nesta leitura,data/raw/55476342000174/access_status_20261007.txt | Consulta Fundos.NET por CNPJ 55476342000174 em 07/10/2026; inventário completo com 61 registros; Fundos.NET ID 763709 | 24/10/2024 | emissao | p. 2; Suplemento | data/raw/55476342000174/763709_emissao_review_20261007.pdf | https://fnet.bmfbovespa.com.br/fnet/publico/visualizarDocumento?id=763709; Fundos.NET ID 763709 | 24/10/2024 | emissao | p. 1–2; Ato emissão | data/raw/55476342000174/763709_emissao_review_20261007.pdf | https://fnet.bmfbovespa.com.br/fnet/publico/visualizarDocumento?id=763709,Não informado nas fontes consultadas
BLUE HEALTH FIDC RECEBÍVEIS COMERCIAIS DE RESPONSABILIDADE LIMITADA,63.679.792/0001-92,Sênior 1ª série e júnior 1ª emissão; mezanino permitido pelo regulamento,Não informado nas fontes consultadas,Não informado nas fontes consultadas,Não informado nas fontes consultadas,Não informado nas fontes consultadas,Não informado nas fontes consultadas,"Sênior 1ª: R$ 210 mi; 210 mil cotas; VNU R$ 1 mil; júnior aprovada R$ 52,5 mi",Não informado nas fontes consultadas,"Sênior 1ª série: DI +2,00% a.a.",Principal e juros mensais dia 5 desde primeiro mês; remuneração sem carência,Principal e juros mensais dia 5 desde primeiro mês; remuneração sem carência,Resumo documental; individualização por série não localizada nesta leitura,"Fundos.NET ID 1060943 | 05/12/2025 | emissao | p. 1–2; Ato emissão | data/raw/63679792000192/1060943_emissao_review_20261007.pdf | https://fnet.bmfbovespa.com.br/fnet/publico/visualizarDocumento?id=1060943; Fundos.NET ID 1060943 | 05/12/2025 | emissao | p. 3; Benchmark | data/raw/63679792000192/1060943_emissao_review_20261007.pdf | https://fnet.bmfbovespa.com.br/fnet/publico/visualizarDocumento?id=1060943; Fundos.NET ID 1060943 | 05/12/2025 | emissao | p. 1–3,5; Emissões e apêndices | data/raw/63679792000192/1060943_emissao_review_20261007.pdf | https://fnet.bmfbovespa.com.br/fnet/publico/visualizarDocumento?id=1060943; Fundos.NET ID 1060943 | 05/12/2025 | emissao | p. 3; Datas de pagamento | data/raw/63679792000192/1060943_emissao_review_20261007.pdf | https://fnet.bmfbovespa.com.br/fnet/publico/visualizarDocumento?id=1060943",Não informado nas fontes consultadas
MULTIPLIKE PLUS FUNDO DE INVESTIMENTO EM DIREITOS CREDITÓRIOS,42.154.687/0001-60,21ª sênior,Sênior,Não localizado no corpus acessível desta revisão.,13/04/2026 no prospecto; efetiva integralização não confirmada,Não localizado no corpus acessível desta revisão.,Não informado nas fontes consultadas,R$ 200 milhões ofertados,"R$ 1.000,00","CDI + 2,00% a.a.",Mensal; carência principal de 24 meses,Desde 15/05/2028; divergência entre 24 parcelas e meses 25–36,Não informado nas fontes consultadas,"Fundos.NET ID 1160029; prospecto 01/04/2026; data/raw/42154687000160/1160029_prospecto_ou_l_mina.txt; pp.6–7,12; https://fnet.bmfbovespa.com.br/fnet/publico/exibirDocumento?id=1160029&cvm=true","Documentado no prospecto; calendário divergente, distribuição efetiva não confirmada"
MULTIPLIKE PLUS FUNDO DE INVESTIMENTO EM DIREITOS CREDITÓRIOS,42.154.687/0001-60,22ª sênior,Sênior,Não localizado no corpus acessível desta revisão.,13/04/2026 no prospecto; efetiva integralização não confirmada,Não localizado no corpus acessível desta revisão.,Não informado nas fontes consultadas,R$ 10 milhões ofertados,"R$ 1.000,00","CDI + 1,25% a.a.",Mensal; carência principal de 24 meses,Desde 15/05/2028; divergência entre 24 parcelas e meses 25–36,Não informado nas fontes consultadas,"Fundos.NET ID 1160029; prospecto 01/04/2026; data/raw/42154687000160/1160029_prospecto_ou_l_mina.txt; pp.6–7,12; https://fnet.bmfbovespa.com.br/fnet/publico/exibirDocumento?id=1160029&cvm=true","Documentado no prospecto; calendário divergente, distribuição efetiva não confirmada"
MULTIPLIKE PLUS FUNDO DE INVESTIMENTO EM DIREITOS CREDITÓRIOS,42.154.687/0001-60,5ª emissão júnior,Júnior,30/06/2026,Data da efetiva integralização; data real não localizada,Saldo não colocado cancelável; encerramento real não localizado,Não informado nas fontes consultadas,R$ 100 milhões aprovados,"R$ 1.000,00 na primeira integralização",Residual; sem benchmark definido no termo,Conforme regulamento; periodicidade específica não localizada no termo,Conforme regulamento; cronograma fechado não identificado,Não informado nas fontes consultadas,Fundos.NET ID 1237432; 30/06/2026; data/raw/42154687000160/1237432_instrumento_de_emiss_o.txt; pp.1–2; https://fnet.bmfbovespa.com.br/fnet/publico/exibirDocumento?id=1237432&cvm=true,Aprovação documentada; distribuição e integralização não confirmadas
MULTIPLIKE PLUS FUNDO DE INVESTIMENTO EM DIREITOS CREDITÓRIOS,42.154.687/0001-60,7ª sênior — posição histórica maio/2026,Sênior,Não localizado no corpus acessível desta revisão.,Não localizado no corpus acessível desta revisão.,Não localizado no corpus acessível desta revisão.,Não informado nas fontes consultadas,"Volume de emissão não confirmado; relatório informa PL da série, que não é volume ofertado",Não localizado no corpus acessível desta revisão.,Spread final não localizado; ato/suplemento preenchido não localizado.,Não localizado no corpus acessível desta revisão.,Vencimento indicado 09/2027; cronograma de parcelas não localizado,Não informado nas fontes consultadas,Fundos.NET ID 1237281; comunicado S&P 30/06/2026; data/raw/42154687000160/1237281_relat_rio_de_rating.txt; pp.1–2; https://fnet.bmfbovespa.com.br/fnet/publico/exibirDocumento?id=1237281&cvm=true,Série histórica identificada; spread/termo de emissão não localizado
MULTIPLIKE PLUS FUNDO DE INVESTIMENTO EM DIREITOS CREDITÓRIOS,42.154.687/0001-60,10ª sênior — posição histórica maio/2026,Sênior,Não localizado no corpus acessível desta revisão.,Não localizado no corpus acessível desta revisão.,Não localizado no corpus acessível desta revisão.,Não informado nas fontes consultadas,"Volume de emissão não confirmado; relatório informa PL da série, que não é volume ofertado",Não localizado no corpus acessível desta revisão.,Spread final não localizado; ato/suplemento preenchido não localizado.,Não localizado no corpus acessível desta revisão.,Vencimento indicado 09/2027; cronograma de parcelas não localizado,Não informado nas fontes consultadas,Fundos.NET ID 1237281; comunicado S&P 30/06/2026; data/raw/42154687000160/1237281_relat_rio_de_rating.txt; pp.1–2; https://fnet.bmfbovespa.com.br/fnet/publico/exibirDocumento?id=1237281&cvm=true,Série histórica identificada; spread/termo de emissão não localizado
MULTIPLIKE PLUS FUNDO DE INVESTIMENTO EM DIREITOS CREDITÓRIOS,42.154.687/0001-60,11ª sênior — posição histórica maio/2026,Sênior,Não localizado no corpus acessível desta revisão.,Não localizado no corpus acessível desta revisão.,Não localizado no corpus acessível desta revisão.,Não informado nas fontes consultadas,"Volume de emissão não confirmado; relatório informa PL da série, que não é volume ofertado",Não localizado no corpus acessível desta revisão.,Spread final não localizado; ato/suplemento preenchido não localizado.,Não localizado no corpus acessível desta revisão.,Vencimento indicado 09/2027; cronograma de parcelas não localizado,Não informado nas fontes consultadas,Fundos.NET ID 1237281; comunicado S&P 30/06/2026; data/raw/42154687000160/1237281_relat_rio_de_rating.txt; pp.1–2; https://fnet.bmfbovespa.com.br/fnet/publico/exibirDocumento?id=1237281&cvm=true,Série histórica identificada; spread/termo de emissão não localizado
MULTIPLIKE PLUS FUNDO DE INVESTIMENTO EM DIREITOS CREDITÓRIOS,42.154.687/0001-60,12ª sênior — posição histórica maio/2026,Sênior,Não localizado no corpus acessível desta revisão.,Não localizado no corpus acessível desta revisão.,Não localizado no corpus acessível desta revisão.,Não informado nas fontes consultadas,"Volume de emissão não confirmado; relatório informa PL da série, que não é volume ofertado",Não localizado no corpus acessível desta revisão.,Spread final não localizado; ato/suplemento preenchido não localizado.,Não localizado no corpus acessível desta revisão.,Vencimento indicado 11/2027; cronograma de parcelas não localizado,Não informado nas fontes consultadas,Fundos.NET ID 1237281; comunicado S&P 30/06/2026; data/raw/42154687000160/1237281_relat_rio_de_rating.txt; pp.1–2; https://fnet.bmfbovespa.com.br/fnet/publico/exibirDocumento?id=1237281&cvm=true,Série histórica identificada; spread/termo de emissão não localizado
MULTIPLIKE PLUS FUNDO DE INVESTIMENTO EM DIREITOS CREDITÓRIOS,42.154.687/0001-60,13ª sênior — posição histórica maio/2026,Sênior,Não localizado no corpus acessível desta revisão.,Não localizado no corpus acessível desta revisão.,Não localizado no corpus acessível desta revisão.,Não informado nas fontes consultadas,"Volume de emissão não confirmado; relatório informa PL da série, que não é volume ofertado",Não localizado no corpus acessível desta revisão.,Spread final não localizado; ato/suplemento preenchido não localizado.,Não localizado no corpus acessível desta revisão.,Vencimento indicado 12/2027; cronograma de parcelas não localizado,Não informado nas fontes consultadas,Fundos.NET ID 1237281; comunicado S&P 30/06/2026; data/raw/42154687000160/1237281_relat_rio_de_rating.txt; pp.1–2; https://fnet.bmfbovespa.com.br/fnet/publico/exibirDocumento?id=1237281&cvm=true,Série histórica identificada; spread/termo de emissão não localizado
MULTIPLIKE PLUS FUNDO DE INVESTIMENTO EM DIREITOS CREDITÓRIOS,42.154.687/0001-60,14ª sênior — posição histórica maio/2026,Sênior,Não localizado no corpus acessível desta revisão.,Não localizado no corpus acessível desta revisão.,Não localizado no corpus acessível desta revisão.,Não informado nas fontes consultadas,"Volume de emissão não confirmado; relatório informa PL da série, que não é volume ofertado",Não localizado no corpus acessível desta revisão.,Spread final não localizado; ato/suplemento preenchido não localizado.,Não localizado no corpus acessível desta revisão.,Vencimento indicado 03/2028; cronograma de parcelas não localizado,Não informado nas fontes consultadas,Fundos.NET ID 1237281; comunicado S&P 30/06/2026; data/raw/42154687000160/1237281_relat_rio_de_rating.txt; pp.1–2; https://fnet.bmfbovespa.com.br/fnet/publico/exibirDocumento?id=1237281&cvm=true,Série histórica identificada; spread/termo de emissão não localizado
MULTIPLIKE PLUS FUNDO DE INVESTIMENTO EM DIREITOS CREDITÓRIOS,42.154.687/0001-60,15ª sênior — posição histórica maio/2026,Sênior,Não localizado no corpus acessível desta revisão.,Não localizado no corpus acessível desta revisão.,Não localizado no corpus acessível desta revisão.,Não informado nas fontes consultadas,"Volume de emissão não confirmado; relatório informa PL da série, que não é volume ofertado",Não localizado no corpus acessível desta revisão.,Spread final não localizado; ato/suplemento preenchido não localizado.,Não localizado no corpus acessível desta revisão.,Vencimento indicado 05/2028; cronograma de parcelas não localizado,Não informado nas fontes consultadas,Fundos.NET ID 1237281; comunicado S&P 30/06/2026; data/raw/42154687000160/1237281_relat_rio_de_rating.txt; pp.1–2; https://fnet.bmfbovespa.com.br/fnet/publico/exibirDocumento?id=1237281&cvm=true,Série histórica identificada; spread/termo de emissão não localizado
MULTIPLIKE PLUS FUNDO DE INVESTIMENTO EM DIREITOS CREDITÓRIOS,42.154.687/0001-60,16ª sênior — posição histórica maio/2026,Sênior,Não localizado no corpus acessível desta revisão.,Não localizado no corpus acessível desta revisão.,Não localizado no corpus acessível desta revisão.,Não informado nas fontes consultadas,"Volume de emissão não confirmado; relatório informa PL da série, que não é volume ofertado",Não localizado no corpus acessível desta revisão.,Spread final não localizado; ato/suplemento preenchido não localizado.,Não localizado no corpus acessível desta revisão.,Vencimento indicado 10/2028; cronograma de parcelas não localizado,Não informado nas fontes consultadas,Fundos.NET ID 1237281; comunicado S&P 30/06/2026; data/raw/42154687000160/1237281_relat_rio_de_rating.txt; pp.1–2; https://fnet.bmfbovespa.com.br/fnet/publico/exibirDocumento?id=1237281&cvm=true,Série histórica identificada; spread/termo de emissão não localizado
MULTIPLIKE PLUS FUNDO DE INVESTIMENTO EM DIREITOS CREDITÓRIOS,42.154.687/0001-60,17ª sênior — posição histórica maio/2026,Sênior,Não localizado no corpus acessível desta revisão.,Não localizado no corpus acessível desta revisão.,Não localizado no corpus acessível desta revisão.,Não informado nas fontes consultadas,"Volume de emissão não confirmado; relatório informa PL da série, que não é volume ofertado",Não localizado no corpus acessível desta revisão.,Spread final não localizado; ato/suplemento preenchido não localizado.,Não localizado no corpus acessível desta revisão.,Vencimento indicado 12/2028; cronograma de parcelas não localizado,Não informado nas fontes consultadas,Fundos.NET ID 1237281; comunicado S&P 30/06/2026; data/raw/42154687000160/1237281_relat_rio_de_rating.txt; pp.1–2; https://fnet.bmfbovespa.com.br/fnet/publico/exibirDocumento?id=1237281&cvm=true,Série histórica identificada; spread/termo de emissão não localizado
MULTIPLIKE PLUS FUNDO DE INVESTIMENTO EM DIREITOS CREDITÓRIOS,42.154.687/0001-60,18ª sênior — posição histórica maio/2026,Sênior,Não localizado no corpus acessível desta revisão.,Não localizado no corpus acessível desta revisão.,Não localizado no corpus acessível desta revisão.,Não informado nas fontes consultadas,"Volume de emissão não confirmado; relatório informa PL da série, que não é volume ofertado",Não localizado no corpus acessível desta revisão.,Spread final não localizado; ato/suplemento preenchido não localizado.,Não localizado no corpus acessível desta revisão.,Vencimento indicado 02/2029; cronograma de parcelas não localizado,Não informado nas fontes consultadas,Fundos.NET ID 1237281; comunicado S&P 30/06/2026; data/raw/42154687000160/1237281_relat_rio_de_rating.txt; pp.1–2; https://fnet.bmfbovespa.com.br/fnet/publico/exibirDocumento?id=1237281&cvm=true,Série histórica identificada; spread/termo de emissão não localizado
MULTIPLIKE PLUS FUNDO DE INVESTIMENTO EM DIREITOS CREDITÓRIOS,42.154.687/0001-60,19ª sênior — posição histórica maio/2026,Sênior,Não localizado no corpus acessível desta revisão.,Não localizado no corpus acessível desta revisão.,Não localizado no corpus acessível desta revisão.,Não informado nas fontes consultadas,"Volume de emissão não confirmado; relatório informa PL da série, que não é volume ofertado",Não localizado no corpus acessível desta revisão.,Spread final não localizado; ato/suplemento preenchido não localizado.,Não localizado no corpus acessível desta revisão.,Vencimento indicado 03/2029; cronograma de parcelas não localizado,Não informado nas fontes consultadas,Fundos.NET ID 1237281; comunicado S&P 30/06/2026; data/raw/42154687000160/1237281_relat_rio_de_rating.txt; pp.1–2; https://fnet.bmfbovespa.com.br/fnet/publico/exibirDocumento?id=1237281&cvm=true,Série histórica identificada; spread/termo de emissão não localizado
MULTIPLIKE PLUS FUNDO DE INVESTIMENTO EM DIREITOS CREDITÓRIOS,42.154.687/0001-60,20ª sênior — posição histórica maio/2026,Sênior,Não localizado no corpus acessível desta revisão.,Não localizado no corpus acessível desta revisão.,Não localizado no corpus acessível desta revisão.,Não informado nas fontes consultadas,"Volume de emissão não confirmado; relatório informa PL da série, que não é volume ofertado",Não localizado no corpus acessível desta revisão.,Spread final não localizado; ato/suplemento preenchido não localizado.,Não localizado no corpus acessível desta revisão.,Vencimento indicado 03/2029; cronograma de parcelas não localizado,Não informado nas fontes consultadas,Fundos.NET ID 1237281; comunicado S&P 30/06/2026; data/raw/42154687000160/1237281_relat_rio_de_rating.txt; pp.1–2; https://fnet.bmfbovespa.com.br/fnet/publico/exibirDocumento?id=1237281&cvm=true,Série histórica identificada; spread/termo de emissão não localizado
MULTIPLIKE PLUS FUNDO DE INVESTIMENTO EM DIREITOS CREDITÓRIOS,42.154.687/0001-60,3ª mezanino — posição histórica maio/2026,Mezanino,Não localizado no corpus acessível desta revisão.,Não localizado no corpus acessível desta revisão.,Não localizado no corpus acessível desta revisão.,Não informado nas fontes consultadas,Volume de emissão não confirmado; PL da série não equivale à oferta,Não localizado no corpus acessível desta revisão.,Spread final não localizado; ato/suplemento preenchido não localizado.,Não localizado no corpus acessível desta revisão.,Vencimento indicado 09/2027; cronograma de parcelas não localizado,Não informado nas fontes consultadas,Fundos.NET ID 1237281; comunicado S&P 30/06/2026; data/raw/42154687000160/1237281_relat_rio_de_rating.txt; pp.1–2; https://fnet.bmfbovespa.com.br/fnet/publico/exibirDocumento?id=1237281&cvm=true,Série histórica identificada; spread/termo de emissão não localizado
MULTIPLIKE PLUS FUNDO DE INVESTIMENTO EM DIREITOS CREDITÓRIOS,42.154.687/0001-60,4ª mezanino — posição histórica maio/2026,Mezanino,Não localizado no corpus acessível desta revisão.,Não localizado no corpus acessível desta revisão.,Não localizado no corpus acessível desta revisão.,Não informado nas fontes consultadas,Volume de emissão não confirmado; PL da série não equivale à oferta,Não localizado no corpus acessível desta revisão.,Spread final não localizado; ato/suplemento preenchido não localizado.,Não localizado no corpus acessível desta revisão.,Vencimento indicado 09/2027; cronograma de parcelas não localizado,Não informado nas fontes consultadas,Fundos.NET ID 1237281; comunicado S&P 30/06/2026; data/raw/42154687000160/1237281_relat_rio_de_rating.txt; pp.1–2; https://fnet.bmfbovespa.com.br/fnet/publico/exibirDocumento?id=1237281&cvm=true,Série histórica identificada; spread/termo de emissão não localizado
MULTIPLIKE PLUS FUNDO DE INVESTIMENTO EM DIREITOS CREDITÓRIOS,42.154.687/0001-60,5ª mezanino — posição histórica maio/2026,Mezanino,Não localizado no corpus acessível desta revisão.,Não localizado no corpus acessível desta revisão.,Não localizado no corpus acessível desta revisão.,Não informado nas fontes consultadas,Volume de emissão não confirmado; PL da série não equivale à oferta,Não localizado no corpus acessível desta revisão.,Spread final não localizado; ato/suplemento preenchido não localizado.,Não localizado no corpus acessível desta revisão.,Vencimento indicado 10/2027; cronograma de parcelas não localizado,Não informado nas fontes consultadas,Fundos.NET ID 1237281; comunicado S&P 30/06/2026; data/raw/42154687000160/1237281_relat_rio_de_rating.txt; pp.1–2; https://fnet.bmfbovespa.com.br/fnet/publico/exibirDocumento?id=1237281&cvm=true,Série histórica identificada; spread/termo de emissão não localizado
MULTIPLIKE PLUS FUNDO DE INVESTIMENTO EM DIREITOS CREDITÓRIOS,42.154.687/0001-60,7ª mezanino — posição histórica maio/2026,Mezanino,Não localizado no corpus acessível desta revisão.,Não localizado no corpus acessível desta revisão.,Não localizado no corpus acessível desta revisão.,Não informado nas fontes consultadas,Volume de emissão não confirmado; PL da série não equivale à oferta,Não localizado no corpus acessível desta revisão.,Spread final não localizado; ato/suplemento preenchido não localizado.,Não localizado no corpus acessível desta revisão.,Vencimento indicado 12/2027; cronograma de parcelas não localizado,Não informado nas fontes consultadas,Fundos.NET ID 1237281; comunicado S&P 30/06/2026; data/raw/42154687000160/1237281_relat_rio_de_rating.txt; pp.1–2; https://fnet.bmfbovespa.com.br/fnet/publico/exibirDocumento?id=1237281&cvm=true,Série histórica identificada; spread/termo de emissão não localizado
MULTIPLIKE PLUS FUNDO DE INVESTIMENTO EM DIREITOS CREDITÓRIOS,42.154.687/0001-60,8ª mezanino — posição histórica maio/2026,Mezanino,Não localizado no corpus acessível desta revisão.,Não localizado no corpus acessível desta revisão.,Não localizado no corpus acessível desta revisão.,Não informado nas fontes consultadas,Volume de emissão não confirmado; PL da série não equivale à oferta,Não localizado no corpus acessível desta revisão.,Spread final não localizado; ato/suplemento preenchido não localizado.,Não localizado no corpus acessível desta revisão.,Vencimento indicado 03/2028; cronograma de parcelas não localizado,Não informado nas fontes consultadas,Fundos.NET ID 1237281; comunicado S&P 30/06/2026; data/raw/42154687000160/1237281_relat_rio_de_rating.txt; pp.1–2; https://fnet.bmfbovespa.com.br/fnet/publico/exibirDocumento?id=1237281&cvm=true,Série histórica identificada; spread/termo de emissão não localizado
MULTIPLIKE PLUS FUNDO DE INVESTIMENTO EM DIREITOS CREDITÓRIOS,42.154.687/0001-60,9ª mezanino — posição histórica maio/2026,Mezanino,Não localizado no corpus acessível desta revisão.,Não localizado no corpus acessível desta revisão.,Não localizado no corpus acessível desta revisão.,Não informado nas fontes consultadas,Volume de emissão não confirmado; PL da série não equivale à oferta,Não localizado no corpus acessível desta revisão.,Spread final não localizado; ato/suplemento preenchido não localizado.,Não localizado no corpus acessível desta revisão.,Vencimento indicado 05/2028; cronograma de parcelas não localizado,Não informado nas fontes consultadas,Fundos.NET ID 1237281; comunicado S&P 30/06/2026; data/raw/42154687000160/1237281_relat_rio_de_rating.txt; pp.1–2; https://fnet.bmfbovespa.com.br/fnet/publico/exibirDocumento?id=1237281&cvm=true,Série histórica identificada; spread/termo de emissão não localizado
MULTIPLIKE PLUS FUNDO DE INVESTIMENTO EM DIREITOS CREDITÓRIOS,42.154.687/0001-60,10ª mezanino — posição histórica maio/2026,Mezanino,Não localizado no corpus acessível desta revisão.,Não localizado no corpus acessível desta revisão.,Não localizado no corpus acessível desta revisão.,Não informado nas fontes consultadas,Volume de emissão não confirmado; PL da série não equivale à oferta,Não localizado no corpus acessível desta revisão.,Spread final não localizado; ato/suplemento preenchido não localizado.,Não localizado no corpus acessível desta revisão.,Vencimento indicado 10/2028; cronograma de parcelas não localizado,Não informado nas fontes consultadas,Fundos.NET ID 1237281; comunicado S&P 30/06/2026; data/raw/42154687000160/1237281_relat_rio_de_rating.txt; pp.1–2; https://fnet.bmfbovespa.com.br/fnet/publico/exibirDocumento?id=1237281&cvm=true,Série histórica identificada; spread/termo de emissão não localizado
MULTIPLIKE PLUS FUNDO DE INVESTIMENTO EM DIREITOS CREDITÓRIOS,42.154.687/0001-60,11ª mezanino — posição histórica maio/2026,Mezanino,Não localizado no corpus acessível desta revisão.,Não localizado no corpus acessível desta revisão.,Não localizado no corpus acessível desta revisão.,Não informado nas fontes consultadas,Volume de emissão não confirmado; PL da série não equivale à oferta,Não localizado no corpus acessível desta revisão.,Spread final não localizado; ato/suplemento preenchido não localizado.,Não localizado no corpus acessível desta revisão.,Vencimento indicado 10/2028; cronograma de parcelas não localizado,Não informado nas fontes consultadas,Fundos.NET ID 1237281; comunicado S&P 30/06/2026; data/raw/42154687000160/1237281_relat_rio_de_rating.txt; pp.1–2; https://fnet.bmfbovespa.com.br/fnet/publico/exibirDocumento?id=1237281&cvm=true,Série histórica identificada; spread/termo de emissão não localizado
MULTIPLIKE PLUS FUNDO DE INVESTIMENTO EM DIREITOS CREDITÓRIOS,42.154.687/0001-60,12ª mezanino — posição histórica maio/2026,Mezanino,Não localizado no corpus acessível desta revisão.,Não localizado no corpus acessível desta revisão.,Não localizado no corpus acessível desta revisão.,Não informado nas fontes consultadas,Volume de emissão não confirmado; PL da série não equivale à oferta,Não localizado no corpus acessível desta revisão.,Spread final não localizado; ato/suplemento preenchido não localizado.,Não localizado no corpus acessível desta revisão.,Vencimento indicado 11/2028; cronograma de parcelas não localizado,Não informado nas fontes consultadas,Fundos.NET ID 1237281; comunicado S&P 30/06/2026; data/raw/42154687000160/1237281_relat_rio_de_rating.txt; pp.1–2; https://fnet.bmfbovespa.com.br/fnet/publico/exibirDocumento?id=1237281&cvm=true,Série histórica identificada; spread/termo de emissão não localizado
MULTIPLIKE PLUS FUNDO DE INVESTIMENTO EM DIREITOS CREDITÓRIOS,42.154.687/0001-60,13ª mezanino — posição histórica maio/2026,Mezanino,Não localizado no corpus acessível desta revisão.,Não localizado no corpus acessível desta revisão.,Não localizado no corpus acessível desta revisão.,Não informado nas fontes consultadas,Volume de emissão não confirmado; PL da série não equivale à oferta,Não localizado no corpus acessível desta revisão.,Spread final não localizado; ato/suplemento preenchido não localizado.,Não localizado no corpus acessível desta revisão.,Vencimento indicado 11/2028; cronograma de parcelas não localizado,Não informado nas fontes consultadas,Fundos.NET ID 1237281; comunicado S&P 30/06/2026; data/raw/42154687000160/1237281_relat_rio_de_rating.txt; pp.1–2; https://fnet.bmfbovespa.com.br/fnet/publico/exibirDocumento?id=1237281&cvm=true,Série histórica identificada; spread/termo de emissão não localizado
MULTIPLIKE PLUS FUNDO DE INVESTIMENTO EM DIREITOS CREDITÓRIOS,42.154.687/0001-60,14ª mezanino — posição histórica maio/2026,Mezanino,Não localizado no corpus acessível desta revisão.,Não localizado no corpus acessível desta revisão.,Não localizado no corpus acessível desta revisão.,Não informado nas fontes consultadas,Volume de emissão não confirmado; PL da série não equivale à oferta,Não localizado no corpus acessível desta revisão.,Spread final não localizado; ato/suplemento preenchido não localizado.,Não localizado no corpus acessível desta revisão.,Vencimento indicado 03/2029; cronograma de parcelas não localizado,Não informado nas fontes consultadas,Fundos.NET ID 1237281; comunicado S&P 30/06/2026; data/raw/42154687000160/1237281_relat_rio_de_rating.txt; pp.1–2; https://fnet.bmfbovespa.com.br/fnet/publico/exibirDocumento?id=1237281&cvm=true,Série histórica identificada; spread/termo de emissão não localizado
MULTIPLIKE PLUS FUNDO DE INVESTIMENTO EM DIREITOS CREDITÓRIOS,42.154.687/0001-60,15ª mezanino — posição histórica maio/2026,Mezanino,Não localizado no corpus acessível desta revisão.,Não localizado no corpus acessível desta revisão.,Não localizado no corpus acessível desta revisão.,Não informado nas fontes consultadas,Volume de emissão não confirmado; PL da série não equivale à oferta,Não localizado no corpus acessível desta revisão.,Spread final não localizado; ato/suplemento preenchido não localizado.,Não localizado no corpus acessível desta revisão.,Vencimento indicado 03/2029; cronograma de parcelas não localizado,Não informado nas fontes consultadas,Fundos.NET ID 1237281; comunicado S&P 30/06/2026; data/raw/42154687000160/1237281_relat_rio_de_rating.txt; pp.1–2; https://fnet.bmfbovespa.com.br/fnet/publico/exibirDocumento?id=1237281&cvm=true,Série histórica identificada; spread/termo de emissão não localizado
MULTIPLIKE PLUS FUNDO DE INVESTIMENTO EM DIREITOS CREDITÓRIOS,42.154.687/0001-60,F mezanino — posição histórica maio/2026,Mezanino,Não localizado no corpus acessível desta revisão.,Não localizado no corpus acessível desta revisão.,Não localizado no corpus acessível desta revisão.,Não informado nas fontes consultadas,Volume de emissão não confirmado; PL da série não equivale à oferta,Não localizado no corpus acessível desta revisão.,Spread final não localizado; ato/suplemento preenchido não localizado.,Não localizado no corpus acessível desta revisão.,Vencimento indicado 11/2027; cronograma de parcelas não localizado,Não informado nas fontes consultadas,Fundos.NET ID 1237281; comunicado S&P 30/06/2026; data/raw/42154687000160/1237281_relat_rio_de_rating.txt; pp.1–2; https://fnet.bmfbovespa.com.br/fnet/publico/exibirDocumento?id=1237281&cvm=true,Série histórica identificada; spread/termo de emissão não localizado
NAGRO OIKOS FUNDO DE INVESTIMENTO NAS CADEIAS PRODUTIVAS DO AGRONEGÓCIO,48.946.335/0001-23,2ª emissão Sênior A,Sênior,Não informado nas fontes consultadas,Não informado nas fontes consultadas,Emissão documental 26/08/2024; encerramento final não certificado,39.850,"R$ 39,85 milhões aprovados",R$ 1.000 inicial; pode variar com cotização,"DI + 3,25% a.a.",Prazo 36 meses; calendário consta de tabelas não transcritas nesta linha,Prazo 36 meses; calendário consta de tabelas não transcritas nesta linha,Condições específicas do documento citado; não certifica vigência atual nem saldo vivo,data/raw/48946335000123/737336_emissao.pdf | Fundos.NET ID 737336 | 12/09/2024 | emissao | p. 4,Leitura dirigida com fonte por página
NAGRO OIKOS FUNDO DE INVESTIMENTO NAS CADEIAS PRODUTIVAS DO AGRONEGÓCIO,48.946.335/0001-23,2ª emissão Sênior B,Sênior,Não informado nas fontes consultadas,Não informado nas fontes consultadas,Emissão documental 26/08/2024; encerramento final não certificado,20.700,"R$ 20,7 milhões aprovados",R$ 1.000 inicial; pode variar com cotização,"DI + 4,50% a.a.",Prazo 60 meses; calendário consta de tabelas não transcritas nesta linha,Prazo 60 meses; calendário consta de tabelas não transcritas nesta linha,Condições específicas do documento citado; não certifica vigência atual nem saldo vivo,data/raw/48946335000123/737336_emissao.pdf | Fundos.NET ID 737336 | 12/09/2024 | emissao | p. 8,Leitura dirigida com fonte por página
NAGRO OIKOS FUNDO DE INVESTIMENTO NAS CADEIAS PRODUTIVAS DO AGRONEGÓCIO,48.946.335/0001-23,2ª emissão Mezanino,Mezanino,Não informado nas fontes consultadas,Não informado nas fontes consultadas,Emissão documental 26/08/2024; encerramento final não certificado,7.400,"R$ 7,4 milhões aprovados",R$ 1.000 inicial; pode variar com cotização,DI + 6%; período da sobretaxa não explicitado,Prazo 60 meses; calendário consta de tabelas não transcritas nesta linha,Prazo 60 meses; calendário consta de tabelas não transcritas nesta linha,Condições específicas do documento citado; não certifica vigência atual nem saldo vivo,data/raw/48946335000123/737336_emissao.pdf | Fundos.NET ID 737336 | 12/09/2024 | emissao | p. 13,Leitura dirigida com fonte por página
NAGRO OIKOS FUNDO DE INVESTIMENTO NAS CADEIAS PRODUTIVAS DO AGRONEGÓCIO,48.946.335/0001-23,2ª emissão Júnior A,Júnior,Não informado nas fontes consultadas,Não informado nas fontes consultadas,Emissão documental 26/08/2024; encerramento final não certificado,5.000,R$ 5 milhões aprovados,R$ 1.000 inicial; pode variar com cotização,"DI + 10,75%; período da sobretaxa não explicitado",Prazo 72 meses; calendário consta de tabelas não transcritas nesta linha,Prazo 72 meses; calendário consta de tabelas não transcritas nesta linha,Condições específicas do documento citado; não certifica vigência atual nem saldo vivo,data/raw/48946335000123/737336_emissao.pdf | Fundos.NET ID 737336 | 12/09/2024 | emissao | p. 19,Leitura dirigida com fonte por página
FUNDO DE INVESTIMENTO EM DIREITOS CREDITÓRIOS BLUE II SEGMENTO CRÉDITO CORPORATIVO DE RESP LTDA,55.374.251/0001-28,Sênior 1ª série; mezz I/II1ª série,Sênior/mezanino,Não informado nas fontes consultadas,Não informado nas fontes consultadas,Início 24/06/2024; liquidação 26/06/2024 prevista,180.000/180.000/210.000,Até R$ 180 mi/180 mi/210 mi; total R$ 570 mi,R$ 1.000,Spread final não localizado; requer suplemento aplicável,Cronograma fechado não identificado,Cronograma fechado não identificado,Condições específicas do documento citado; não certifica vigência atual nem saldo vivo,data/raw/55374251000128/686288_emissao.pdf | Fundos.NET ID 686288 | 24/06/2024 | emissao | p. 1-3,Leitura dirigida com fonte por página
FUNDO DE INVESTIMENTO EM DIREITOS CREDITÓRIOS BV - CRÉDITO DE VEÍCULOS RESPONSABILIDADE LIMITADA,35.868.110/0001-54,Cotas seniores por subclasses/séries; subordinadas do cedente,Não informado nas fontes consultadas,Não informado nas fontes consultadas,Não informado nas fontes consultadas,Não informado nas fontes consultadas,Não informado nas fontes consultadas,Volumes e VNU de séries efetivas não localizados,Não informado nas fontes consultadas,Sênior: taxa DI/sobretaxa do apêndice; spread final não localizado,Calendário e prazos remetidos aos apêndices; cronograma fechado não identificado,Calendário e prazos remetidos aos apêndices; cronograma fechado não identificado,Resumo documental; individualização por série não localizada nesta leitura,"Fundos.NET ID 792021 · 27/11/2024 · regulamento · p. 43-45 · data/raw/35868110000154/792021_regulamento.pdf · https://fnet.bmfbovespa.com.br/fnet/publico/exibirDocumento?id=792021; Fundos.NET ID 792021 · 27/11/2024 · regulamento · p. 43, 94-99 · data/raw/35868110000154/792021_regulamento.pdf · https://fnet.bmfbovespa.com.br/fnet/publico/exibirDocumento?id=792021; Fundos.NET ID 792021 · 27/11/2024 · regulamento · p. 94-99 · data/raw/35868110000154/792021_regulamento.pdf · https://fnet.bmfbovespa.com.br/fnet/publico/exibirDocumento?id=792021; Fundos.NET ID 792021 · 27/11/2024 · regulamento · p. 43-47, 94-99 · data/raw/35868110000154/792021_regulamento.pdf · https://fnet.bmfbovespa.com.br/fnet/publico/exibirDocumento?id=792021",Não informado nas fontes consultadas
FUNDO DE INVESTIMENTO EM DIREITOS CREDITORIOS ASAAS II - RESPONSABILIDADE LIMITADA,48.953.864/0001-54,Não localizado nas fontes acessíveis desta leitura,Não informado nas fontes consultadas,Não informado nas fontes consultadas,Não informado nas fontes consultadas,Não informado nas fontes consultadas,Não informado nas fontes consultadas,Não localizado nas fontes acessíveis desta leitura,Não informado nas fontes consultadas,Spread final não localizado; suplementos históricos requerem reconciliação após liquidação aprovada,Não localizado nas fontes acessíveis desta leitura,Não localizado nas fontes acessíveis desta leitura,Resumo documental; individualização por série não localizada nesta leitura,data/raw/48953864000154/access_status_20261007.txt | Consulta Fundos.NET por CNPJ 48953864000154 em 07/10/2026; inventário completo com 61 registros; Fundos.NET ID 774314 | 05/11/2024 | regulamento | p. 31; 4.1.10 | data/raw/48953864000154/774314_regulamento_review_20261007.pdf | https://fnet.bmfbovespa.com.br/fnet/publico/visualizarDocumento?id=774314,Não informado nas fontes consultadas
FUNDO DE INVESTIMENTO EM DIREITOS CREDITÓRIOS AGIBANK II RESPONSABILIDADE LIMITADA,65.976.848/0001-04,Classe A; sênior 1ª série e subordinada; sêniorAAA.br(sf) Moody’s em 27/04/2026,Não informado nas fontes consultadas,Não informado nas fontes consultadas,Não informado nas fontes consultadas,Não informado nas fontes consultadas,Não informado nas fontes consultadas,"Sênior 1ª: R$ 2,5 bi;2,5 milhões de cotas; VNU R$ 1 mil; distribuição final 69 investidores",Não informado nas fontes consultadas,"Spread final não localizado; sobretaxa e prazo remetidos ao suplemento específico, ausente nas fontes acessíveis",AGE 22/06/2026 aprovou 108 parcelas e alteração do resgate; data final e cronograma fechado não localizados,AGE 22/06/2026 aprovou 108 parcelas e alteração do resgate; data final e cronograma fechado não localizados,Resumo documental; individualização por série não localizada nesta leitura,Fundos.NET ID 1170775 | 27/04/2026 | emissao | p. 1–2; Anúncio encerramento | data/raw/65976848000104/1170775_emissao_review_20261007.pdf | https://fnet.bmfbovespa.com.br/fnet/publico/visualizarDocumento?id=1170775; Fundos.NET ID 1239452 | 22/06/2026 | regulamento | p. 113; Modelo de Suplemento | data/raw/65976848000104/1239452_regulamento_review_20261007.pdf | https://fnet.bmfbovespa.com.br/fnet/publico/visualizarDocumento?id=1239452; Fundos.NET ID 1170775 | 27/04/2026 | emissao | p. 2–3; Anúncio encerramento | data/raw/65976848000104/1170775_emissao_review_20261007.pdf | https://fnet.bmfbovespa.com.br/fnet/publico/visualizarDocumento?id=1170775; Fundos.NET ID 1238848 | 22/06/2026 11:00 | assembleia | p. 1; DeliberaçãoI | data/raw/65976848000104/1238848_assembleia_review_20261007.pdf | https://fnet.bmfbovespa.com.br/fnet/publico/visualizarDocumento?id=1238848,Não informado nas fontes consultadas
MAQNELSON FUNDO DE INVESTIMENTO EM DIREITOS CREDITÓRIOS - RESPONSABILIDADE LIMITADA,50.536.324/0001-17,Sênior 2,Sênior,Não informado nas fontes consultadas,Não informado nas fontes consultadas,02/07/2025,30.000,"R$ 30.000.000,00 distribuídos","R$ 1.000,00",Spread final não localizado; obter apêndice da 2ª série,Não informado nas fontes consultadas,Não informado nas fontes consultadas,Encerramento declara garantia firme de colocação; comunicado anterior declara melhores esforços,Fundos.NET ID 938955; 02/07/2025; data/raw/50536324000117/938955_documentary_review.txt; pp.1–3; https://fnet.bmfbovespa.com.br/fnet/publico/exibirDocumento?id=938955&cvm=true,Não informado nas fontes consultadas
NATURA PAY FUNDO DE INVESTIMENTO EM DIREITOS CREDITÓRIOS CRÉDITO PESSOAL SOCIAL E IS RESP LTDA,57.816.252/0001-00,Sênior 3,Sênior,30/03/2026,Não informado nas fontes consultadas,13/04/2026; registro 02/04/2026,160.000,"R$ 160.000.000,00 distribuídos","R$ 1.000,00",Spread final não localizado; obter suplemento da 3ªsérie,Não informado nas fontes consultadas,Não informado nas fontes consultadas,"Encerramento, garantia firme de colocação; quadro rotula 2ªsérie em vez da 3ª do título",Fundos.NET ID 1182510; 13/04/2026; data/raw/57816252000100/1182510_documentary_review.txt; pp.1–2; https://fnet.bmfbovespa.com.br/fnet/publico/exibirDocumento?id=1182510&cvm=true,Não informado nas fontes consultadas
NATURA PAY FUNDO DE INVESTIMENTO EM DIREITOS CREDITÓRIOS CRÉDITO PESSOAL SOCIAL E IS RESP LTDA,57.816.252/0001-00,Júnior — 4ªemissão,Subordinada Júnior,30/03/2026,Não informado nas fontes consultadas,Não informado nas fontes consultadas,Não informado nas fontes consultadas,"AtéR$ 40.000.000,00 aprovados",Não informado nas fontes consultadas,Remuneração específica não localizada no ato; obter anexoII,Não informado nas fontes consultadas,Não informado nas fontes consultadas,Aprovação de colocação privada; integralização não comprovada,Fundos.NET ID 1151234; 30/03/2026 18:00; data/raw/57816252000100/1151234_documentary_review.txt; p.3; https://fnet.bmfbovespa.com.br/fnet/publico/exibirDocumento?id=1151234&cvm=true,Não informado nas fontes consultadas
SELLER FIDC SEGMENTO MEIOS DE PAGAMENTO DE RESPONSABILIDADE LIMITADA,50.473.039/0001-02,Sênior 5ª,Sênior,26/05/2025,Primeira integralização; data efetiva não localizada,Encerramento não localizado,Não informado nas fontes consultadas,"R$ 1.500.000.000,00;1.500.000 cotas","R$ 1.000,00","DI +0,85%a.a.",Semestral a partir 6ºmês,15/12/2027–15/05/2028;percentuaisdosaldoconformeato,Não informado nas fontes consultadas,"Fundos.NET ID 912093 | 26/05/2025 | Instrumento Particular de Emissão de Cotas | p. 3–5, adendo5ªsérie | data/raw/50473039000102/912093_review_20261007.pdf | https://fnet.bmfbovespa.com.br/fnet/publico/visualizarDocumento?id=912093",Revisão documental com lacunas identificadas
VTK FUNDO DE INVESTIMENTO EM DIREITOS CREDITÓRIOS RESPONSABILIDADE LIMITADA,62.588.266/0001-54,Sênior — 1ª emissão,Sênior,Não informado nas fontes consultadas,Não informado nas fontes consultadas,27/02/2026,2.550.000,"R$ 2.550.000.000,00 distribuído","R$ 1.000,00",Sobretaxa definida em suplemento não localizado,Não informado nas fontes consultadas,Cronograma fechado não identificado; modelo em aberto (ID 1002580 pp.131–134),Termos identificados na fonte; datas efetivas requerem documentos de integralização,data/raw/62588266000154/1126575_instrumento_de_emiss_o.pdf · ID 1126575 · 27/02/2026 · p. 1–4 · https://fnet.bmfbovespa.com.br/fnet/publico/visualizarDocumento?id=1126575,Leitura documental verificada com ressalvas explícitas
VTK FUNDO DE INVESTIMENTO EM DIREITOS CREDITÓRIOS RESPONSABILIDADE LIMITADA,62.588.266/0001-54,Mezanino — 1ª emissão,Mezanino,Não informado nas fontes consultadas,Não informado nas fontes consultadas,27/02/2026,300.000,"R$ 300.000.000,00 distribuído","R$ 1.000,00",Sobretaxa definida em suplemento não localizado,Não informado nas fontes consultadas,Cronograma fechado não identificado; modelo em aberto (ID 1002580 pp.131–134),Termos identificados na fonte; datas efetivas requerem documentos de integralização,data/raw/62588266000154/1126575_instrumento_de_emiss_o.pdf · ID 1126575 · 27/02/2026 · p. 1–4 · https://fnet.bmfbovespa.com.br/fnet/publico/visualizarDocumento?id=1126575,Leitura documental verificada com ressalvas explícitas
CARTÃO DE COMPRA SUPPLIER FUNDO DE INVESTIMENTO EM DIREITOS CREDITÓRIOS II-RESPONSABILIDADE LIMITADA,50.988.212/0001-05,Subclasses sênior e subordinada; séries concretas não individualizadas,Não informado nas fontes consultadas,Não informado nas fontes consultadas,Não informado nas fontes consultadas,Não informado nas fontes consultadas,Não informado nas fontes consultadas,VNU inicial de R$ 1.000; volume efetivo não localizado,Não informado nas fontes consultadas,Benchmark sênior remetido ao apêndice; spread final não localizado,Datas e parcelas da sênior remetidas ao apêndice; cronograma fechado não identificado,Datas e parcelas da sênior remetidas ao apêndice; cronograma fechado não identificado,Resumo documental; individualização por série não localizada nesta leitura,"Fundos.NET ID 1013021 · 14/11/2024 · regulamento · p. 60-62 · data/raw/50988212000105/1013021_regulamento.pdf · https://fnet.bmfbovespa.com.br/fnet/publico/exibirDocumento?id=1013021; Fundos.NET ID 1013021 · 14/11/2024 · regulamento · p. 60, 103-105 · data/raw/50988212000105/1013021_regulamento.pdf · https://fnet.bmfbovespa.com.br/fnet/publico/exibirDocumento?id=1013021; Fundos.NET ID 1013021 · 14/11/2024 · regulamento · p. 60-61, 103-105 · data/raw/50988212000105/1013021_regulamento.pdf · https://fnet.bmfbovespa.com.br/fnet/publico/exibirDocumento?id=1013021; Fundos.NET ID 1013021 · 14/11/2024 · regulamento · p. 60-62, 103-105 · data/raw/50988212000105/1013021_regulamento.pdf · https://fnet.bmfbovespa.com.br/fnet/publico/exibirDocumento?id=1013021",Não informado nas fontes consultadas
SAGA FUNDO DE INVESTIMENTO EM DIREITOS CREDITÓRIOS CRÉDITO PRIVADO - RESPONSABILIDADE LIMITADA,58.476.088/0001-00,1ª série sênior,Sênior,Não informado nas fontes consultadas,Não informado nas fontes consultadas,Início 07/02/2025; encerramento não localizado,100.000 ofertadas,R$ 100 milhões ofertados; distribuição final não localizada,R$ 1.000,DI + sobretaxa; spread final não localizado no apêndice-modelo,Cronograma fechado não identificado,Prazo remetido a apêndice preenchido não localizado,"Oferta inicial; leitura dirigida, condições econômicas finais pendentes",data/raw/58476088000100/833533_documentary_review.pdf | Fundos.NET ID 833533 | 07/02/2025 | emissao | p. 2; data/raw/58476088000100/852325_documentary_review.pdf | Fundos.NET ID 852325 | 25/02/2025 | regulamento | p. 119-120,Fontes acessíveis revisadas; lacunas explícitas
VOLKSWAGEN TERA FUNDO DE INVESTIMENTO EM DIREITOS CREDITÓRIOS RECEBÍVEIS COMERCIAIS RESP LTDA,58.349.979/0001-98,Sênior 1ª série e subordinadas,Não informado nas fontes consultadas,Não informado nas fontes consultadas,Não informado nas fontes consultadas,Não informado nas fontes consultadas,Não informado nas fontes consultadas,1ª oferta: R$ 1 bi; 750 mil seniores/250 mil subordinadas; VNU R$ 1 mil,Não informado nas fontes consultadas,DI + sobretaxa remetida ao apêndice; spread final não localizado; modelos não preenchidos,"Data de referência dia 15; cronograma, carência e resgate remetidos ao apêndice não preenchido","Data de referência dia 15; cronograma, carência e resgate remetidos ao apêndice não preenchido",Resumo documental; individualização por série não localizada nesta leitura,"Fundos.NET ID 843410 | 17/02/2025 | emissao | p. 1; Anúncio encerramento | data/raw/58349979000198/843410_emissao_review_20261007.pdf | https://fnet.bmfbovespa.com.br/fnet/publico/visualizarDocumento?id=843410; Fundos.NET ID 826213 | 28/01/2025 | regulamento | p. 107–110; Modelos de apêndices | data/raw/58349979000198/826213_regulamento_review_20261007.pdf | https://fnet.bmfbovespa.com.br/fnet/publico/visualizarDocumento?id=826213; Fundos.NET ID 843410 | 17/02/2025 | emissao | p. 1–2; Quantidade e quadro distribuição | data/raw/58349979000198/843410_emissao_review_20261007.pdf | https://fnet.bmfbovespa.com.br/fnet/publico/visualizarDocumento?id=843410; Fundos.NET ID 826213 | 28/01/2025 | regulamento | p. 88,107–110; Data de referência; Modelos | data/raw/58349979000198/826213_regulamento_review_20261007.pdf | https://fnet.bmfbovespa.com.br/fnet/publico/visualizarDocumento?id=826213",Não informado nas fontes consultadas
ESTRATÉGIA VINCULADA I FUNDO DE INVESTIMENTO EM DIREITOS CREDITÓRIOS - RESPONSABILIDADE LIMITADA,54.559.035/0001-94,1ª série sênior,Sênior,Data não localizada no corpus acessível,Data inicial específica não explicitada no suplemento,Início 05/04/2024; encerramento 23/04/2024,Não informado nas fontes consultadas,R$ 224.292.564 distribuídos,"R$ 1,00","DI + 1,10% a.a.",Mensal de 23/05/2024 a 23/04/2027; datas úteis do suplemento,36 parcelas de R$ 6.230.349 no regime pro rata; sequencial em evento,Não informado nas fontes consultadas,Fundos.NET ID 634437 · 05/04/2024 · regulamento · p. 126-127 · data/raw/54559035000194/634437_regulamento.pdf · https://fnet.bmfbovespa.com.br/fnet/publico/exibirDocumento?id=634437; Fundos.NET ID 664160 · 23/04/2024 · emissao · p. 1-3 · data/raw/54559035000194/664160_emissao.pdf · https://fnet.bmfbovespa.com.br/fnet/publico/exibirDocumento?id=664160,Curado documentalmente; alteração de quóruns posterior sem anexo consolidado
ESTRATÉGIA VINCULADA I FUNDO DE INVESTIMENTO EM DIREITOS CREDITÓRIOS - RESPONSABILIDADE LIMITADA,54.559.035/0001-94,Subclasse júnior da 1ª emissão,Subordinada júnior,Data não localizada no corpus acessível,05/04/2024 indicada na tabela do suplemento,Início 05/04/2024; encerramento 23/04/2024,Não informado nas fontes consultadas,R$ 28.921.427 distribuídos,"R$ 1,00","DI + 2,80% a.a. + prêmio de saldo remanescente",Mensal de 23/05/2024 a 23/04/2027; datas úteis do suplemento,"36 parcelas variáveis de R$698.393,02 a R$904.746,85; sujeitas ao regime",Não informado nas fontes consultadas,Fundos.NET ID 634437 · 05/04/2024 · regulamento · p. 129-130 · data/raw/54559035000194/634437_regulamento.pdf · https://fnet.bmfbovespa.com.br/fnet/publico/exibirDocumento?id=634437; Fundos.NET ID 664160 · 23/04/2024 · emissao · p. 1-3 · data/raw/54559035000194/664160_emissao.pdf · https://fnet.bmfbovespa.com.br/fnet/publico/exibirDocumento?id=664160,Curado documentalmente; alteração de quóruns posterior sem anexo consolidado
ESTRATÉGIA VINCULADA II FUNDO DE INVESTIMENTO EM DIREITOS CREDITÓRIOS - RESPONSABILIDADE LIMITADA,55.070.804/0001-59,1ª série sênior,Sênior,Data não localizada no corpus acessível,23/05/2024 conforme suplemento,Encerramento de oferta 07/10/2024,Não informado nas fontes consultadas,R$689.269.880 distribuídos; R$740 mi aprovados,"R$ 1,00","DI + 1,10% a.a.",Mensal de 24/06/2024 a 23/06/2026 no cronograma; encerramento confirmado,Tabela variável no suplemento; amortização integral em 23/06/2026,Não informado nas fontes consultadas,Fundos.NET ID 667195 · 22/05/2024 · regulamento · p. 137-138 · data/raw/55070804000159/667195_regulamento.pdf · https://fnet.bmfbovespa.com.br/fnet/publico/exibirDocumento?id=667195; Fundos.NET ID 758570 · 07/10/2024 · emissao · p. 1-3 · data/raw/55070804000159/758570_emissao.pdf · https://fnet.bmfbovespa.com.br/fnet/publico/exibirDocumento?id=758570; Fundos.NET ID 1248767 · 23/06/2026 · emissao · p. 1 (visual) · data/raw/55070804000159/1248767_emissao.pdf · https://fnet.bmfbovespa.com.br/fnet/publico/exibirDocumento?id=1248767,Curado; encerrado documentalmente em 23/06/2026
ESTRATÉGIA VINCULADA II FUNDO DE INVESTIMENTO EM DIREITOS CREDITÓRIOS - RESPONSABILIDADE LIMITADA,55.070.804/0001-59,Subclasse júnior da 1ª emissão,Subordinada júnior,Data não localizada no corpus acessível,23/05/2024 conforme suplemento,Encerramento de oferta 07/10/2024,Não informado nas fontes consultadas,R$86.580.627 distribuídos; R$110 mi aprovados,"R$ 1,00","DI + 2,70% a.a. + prêmio de saldo remanescente",Mensal de 24/06/2024 a 23/06/2026 no cronograma; encerramento confirmado,Tabela variável no suplemento; amortização integral em 23/06/2026,Não informado nas fontes consultadas,Fundos.NET ID 667195 · 22/05/2024 · regulamento · p. 140-141 · data/raw/55070804000159/667195_regulamento.pdf · https://fnet.bmfbovespa.com.br/fnet/publico/exibirDocumento?id=667195; Fundos.NET ID 758570 · 07/10/2024 · emissao · p. 1-3 · data/raw/55070804000159/758570_emissao.pdf · https://fnet.bmfbovespa.com.br/fnet/publico/exibirDocumento?id=758570; Fundos.NET ID 1248767 · 23/06/2026 · emissao · p. 1 (visual) · data/raw/55070804000159/1248767_emissao.pdf · https://fnet.bmfbovespa.com.br/fnet/publico/exibirDocumento?id=1248767,Curado; encerrado documentalmente em 23/06/2026
FUNDO DE INVESTIMENTO EM DIREITOS CREDITÓRIOS OPEA AGRO SUMITOMO CHEMICAL RESP LIMITADA,43.866.348/0001-79,9ª emissão júnior; número por extenso diverge oitava,Júnior,Não informado nas fontes consultadas,Não informado nas fontes consultadas,Ato23/01/2026; colocação privada,Até 22.142.857,"Até R$ 18,6 milhões aprovados",VNU conforme documento citado; individualização pendente,Spread final não localizado; requer suplemento aplicável,Cronograma fechado não identificado,Cronograma fechado não identificado,Condições específicas do documento citado; não certifica vigência atual nem saldo vivo,"data/raw/43866348000179/1098853_emissao.pdf | Fundos.NET ID 1098853 | 23/01/2026 | emissao | p. 1,3",Leitura dirigida com fonte por página
FUNDO DE INVESTIMENTO NAS CADEIAS PRODUTIVAS AGROINDUSTRIAIS OPEA AGRO INSUMOS RESPONSABILIDADE LIMI,47.936.340/0001-92,Não localizado nas fontes acessíveis desta leitura,Não informado nas fontes consultadas,Não informado nas fontes consultadas,Não informado nas fontes consultadas,Não informado nas fontes consultadas,Não informado nas fontes consultadas,4ª sênior R$ 975 mi/975 mil cotas;5ª sênior R$ 150 mi/150 mil cotas; VNU R$ 1 mil,Não informado nas fontes consultadas,Remuneração por apêndice; spread final das séries 4/5 não reconciliado nesta revisão,Não localizado nas fontes acessíveis desta leitura,Não localizado nas fontes acessíveis desta leitura,Resumo documental; individualização por série não localizada nesta leitura,data/raw/47936340000192/access_status_20261007.txt | Consulta Fundos.NET por CNPJ 47936340000192 em 07/10/2026; inventário completo com 84 registros; Fundos.NET ID 1038524 | 07/11/2025 23:59 | assembleia | p. 47; 5.2 | data/raw/47936340000192/1038524_assembleia_review_20261007.pdf | https://fnet.bmfbovespa.com.br/fnet/publico/visualizarDocumento?id=1038524; Fundos.NET ID 1030080 | 06/11/2025 | emissao | p. 1–4; Anúncio início | data/raw/47936340000192/1030080_emissao_review_20261007.pdf | https://fnet.bmfbovespa.com.br/fnet/publico/visualizarDocumento?id=1030080,Não informado nas fontes consultadas
HELM FUNDO DE INVESTIMENTO NAS CADEIAS PRODUTIVAS DO AGRONEGÓCIO - RESPONSABILIDADE LIMITADA,58.291.962/0001-27,1ª emissão sênior 1ª série,Sênior,Não informado nas fontes consultadas,Não informado nas fontes consultadas,Encerramento 18/12/2024; garantia firme,96.000,R$ 96 milhões no encerramento,R$ 1.000,Spread final não localizado; requer suplemento aplicável,Cronograma fechado não identificado,Cronograma fechado não identificado,Condições específicas do documento citado; não certifica vigência atual nem saldo vivo,data/raw/58291962000127/803735_emissao.pdf | Fundos.NET ID 803735 | 18/12/2024 | emissao | p. 1,Leitura dirigida com fonte por página
TRÊS TENTOS FIAGRO RESPONSABILIDADE LIMITADA,57.259.989/0001-70,Sênior 2 — 1ªemissão,Sênior,Não informado nas fontes consultadas,Não informado nas fontes consultadas,29/10/2025,276.000,"R$ 276.000.000,00 distribuídos","R$ 1.000,00",Spread final não localizado; obter suplemento série 2,Não informado nas fontes consultadas,Não informado nas fontes consultadas,"Encerramento, melhores esforços",Fundos.NET ID 1024476; 29/10/2025; data/raw/57259989000170/1024476_documentary_review.txt; pp.1–4; https://fnet.bmfbovespa.com.br/fnet/publico/exibirDocumento?id=1024476&cvm=true,Não informado nas fontes consultadas
FRIMESA FUNDO DE INVESTIMENTO EM DIREITOS CREDITÓRIOS DE RESPONSABILIDADE LIMITADA,58.171.340/0001-65,Mezanino 1ªsérie — 1ªemissão,Mezanino,20/05/2026 (retificação),Não informado nas fontes consultadas,Não informado nas fontes consultadas,38.000,"R$ 38.000.000,00 aprovados","R$ 1.000,00",Taxa DI; sobretaxa não aplicável no suplemento,Mensais no dia 10; próximoDU quando necessário,10/12/2028; condicionado ao resgate sênior e recursos disponíveis; regime pro rata,Suplemento retificado de colocação privada,Fundos.NET ID 1206367; 20/05/2026 23:59; data/raw/58171340000165/1206367_documentary_review.txt; pp.5–7; https://fnet.bmfbovespa.com.br/fnet/publico/exibirDocumento?id=1206367&cvm=true,Não informado nas fontes consultadas
FRIMESA FUNDO DE INVESTIMENTO EM DIREITOS CREDITÓRIOS DE RESPONSABILIDADE LIMITADA,58.171.340/0001-65,Mezanino 1ªsérie — 2ªemissão,Mezanino,20/05/2026 (retificação),Não informado nas fontes consultadas,Não informado nas fontes consultadas,28.500,"R$ 28.500.000,00 aprovados","R$ 1.000,00",Taxa DI; sobretaxa não aplicável no suplemento,Mensais no dia 10; próximoDU quando necessário,10/12/2028; condicionado ao resgate sênior e recursos disponíveis; regime pro rata,Suplemento retificado de colocação privada,Fundos.NET ID 1206367; 20/05/2026 23:59; data/raw/58171340000165/1206367_documentary_review.txt; pp.8–10; https://fnet.bmfbovespa.com.br/fnet/publico/exibirDocumento?id=1206367&cvm=true,Não informado nas fontes consultadas
CLASSE ÚNICA DO FIDC CRÉDITO NITRO AGRO - RESPONSABILIDADE LIMITADA,51.554.551/0001-38,1ª emissão da 3ª série sênior,Sênior,Não informado nas fontes consultadas,Não informado nas fontes consultadas,Ato de 23/02/2026; encerramento efetivo não localizado,187.500 aprovadas,"R$ 187,5 milhões aprovados; mínimo R$ 70 milhões",R$ 1.000,"DI + 1,85%; base de 252 DU","Dia10 maio–nov/2026, próximo DU se necessário; principal no desinvestimento; final10/11/2026","Dia10 maio–nov/2026, próximo DU se necessário; principal no desinvestimento; final10/11/2026",Condições específicas do documento citado; não certifica vigência atual nem saldo vivo,data/raw/51554551000138/1126481_emissao.pdf | Fundos.NET ID 1126481 | 23/02/2026 | emissao | p. 5-6,Leitura dirigida com fonte por página
AGROMERCANTIL CRÉDITO AGRO FUNDO DE INVESTIMENTO EM DIREITOS CREDITÓRIOS - RESPONSABILIDADE LIMITADA,57.752.597/0001-48,Sênior e júnior; ato retifica a 1ª emissão sênior da 2ª série,Não informado nas fontes consultadas,Não informado nas fontes consultadas,Não informado nas fontes consultadas,Não informado nas fontes consultadas,Não informado nas fontes consultadas,Sênior 2ª série: até R$ 20 mi; 20 mil cotas; VNU R$ 1 mil,Não informado nas fontes consultadas,"Sênior 2ª série: CDI + 3,85% a.a.",Principal e remuneração 100% no vencimento; dia 25 ou próximo DU do mês devido,Principal e remuneração 100% no vencimento; dia 25 ou próximo DU do mês devido,Resumo documental; individualização por série não localizada nesta leitura,Fundos.NET ID 1200727 | 21/05/2026 | emissao | p. 1–3; Rerratificação | data/raw/57752597000148/1200727_emissao_review_20261007.pdf | https://fnet.bmfbovespa.com.br/fnet/publico/visualizarDocumento?id=1200727; Fundos.NET ID 1200727 | 21/05/2026 | emissao | p. 4; Item xii | data/raw/57752597000148/1200727_emissao_review_20261007.pdf | https://fnet.bmfbovespa.com.br/fnet/publico/visualizarDocumento?id=1200727; Fundos.NET ID 1200727 | 21/05/2026 | emissao | p. 3; Itens ii–iv | data/raw/57752597000148/1200727_emissao_review_20261007.pdf | https://fnet.bmfbovespa.com.br/fnet/publico/visualizarDocumento?id=1200727; Fundos.NET ID 1200727 | 21/05/2026 | emissao | p. 4; Itens xiv–xvi | data/raw/57752597000148/1200727_emissao_review_20261007.pdf | https://fnet.bmfbovespa.com.br/fnet/publico/visualizarDocumento?id=1200727,Não informado nas fontes consultadas
CEREALIS FUNDO DE INVESTIMENTO EM DIREITOS CREDITÓRIOS,47.425.750/0001-79,"Sênior, mezanino e júnior; anúncio 5ª série sênior",Não informado nas fontes consultadas,Não informado nas fontes consultadas,Não informado nas fontes consultadas,Não informado nas fontes consultadas,Não informado nas fontes consultadas,5ª sênior: R$ 50 mi;50 mil cotas; VNU R$ 1 mil,Não informado nas fontes consultadas,Spread final da 5ª série não localizado nas fontes acessíveis,Não localizado nas fontes acessíveis desta leitura,Não localizado nas fontes acessíveis desta leitura,Resumo documental; individualização por série não localizada nesta leitura,Fundos.NET ID 824155 | 20/01/2025 | emissao | p. 1–4; Anúncio início | data/raw/47425750000179/824155_emissao_review_20261007.pdf | https://fnet.bmfbovespa.com.br/fnet/publico/visualizarDocumento?id=824155; Fundos.NET ID 824155 | 20/01/2025 | emissao | p. 1; Anúncio início | data/raw/47425750000179/824155_emissao_review_20261007.pdf | https://fnet.bmfbovespa.com.br/fnet/publico/visualizarDocumento?id=824155; data/raw/47425750000179/access_status_20261007.txt | Consulta Fundos.NET por CNPJ 47425750000179 em 07/10/2026; inventário completo com 119 registros,Não informado nas fontes consultadas
CD CASH FUNDO DE INVESTIMENTO EM DIREITOS CREDITÓRIOS RESPONSABILIDADE LIMITADA,37.035.970/0001-32,Oferta recente:4ª série sênior,Não informado nas fontes consultadas,Não informado nas fontes consultadas,Não informado nas fontes consultadas,Não informado nas fontes consultadas,Não informado nas fontes consultadas,4ª sênior:R$ 50 mi;50 mil cotas; VNU R$ 1 mil,Não informado nas fontes consultadas,Spread final não localizado; requer suplemento da 4ª série,Não localizado nas fontes acessíveis desta leitura,Não localizado nas fontes acessíveis desta leitura,Resumo documental; individualização por série não localizada nesta leitura,Fundos.NET ID 1203784 | 26/05/2026 | emissao | p. 1; Anúncio início | data/raw/37035970000132/1203784_emissao_review_20261007.pdf | https://fnet.bmfbovespa.com.br/fnet/publico/visualizarDocumento?id=1203784; Fundos.NET ID 1203784 | 26/05/2026 | emissao | p. 1–2; Anúncio início | data/raw/37035970000132/1203784_emissao_review_20261007.pdf | https://fnet.bmfbovespa.com.br/fnet/publico/visualizarDocumento?id=1203784; data/raw/37035970000132/access_status_20261007.txt | Consulta Fundos.NET por CNPJ 37035970000132 em 07/10/2026; inventário completo com 126 registros,Não informado nas fontes consultadas
VALOREM FUNDO DE INVESTIMENTO EM DIREITOS CREDITÓRIOS MULTISETORIAL RESPONSABILIDADE LIMITADA,17.468.142/0001-80,Sênior 31,Sênior,25/09/2026,Emissão na primeira integralização; data efetiva não identificada,Não informado nas fontes consultadas,400,"R$ 40.000.000,00","R$ 100.000,00","DI + 2,00% a.a.",Principal + juros mensal após carência,Carência 12 meses; principal + juros nos meses 13–18; vencimento mês 18,Aprovação e suplementos preenchidos; distribuição efetiva não confirmada,Fundos.NET ID 1339315; 25/09/2026 11:00; data/raw/17468142000180/1339315_assembleia.full.txt; assembleia; pp.3–4 e 8–9; https://fnet.bmfbovespa.com.br/fnet/publico/exibirDocumento?id=1339315&cvm=true,Leitura documental dirigida; termos finais e qualificações descritos por critério
VALOREM FUNDO DE INVESTIMENTO EM DIREITOS CREDITÓRIOS MULTISETORIAL RESPONSABILIDADE LIMITADA,17.468.142/0001-80,Mezanino XXIII — 1ª série,Mezanino,25/09/2026,Emissão na primeira integralização; data efetiva não identificada,Não informado nas fontes consultadas,100,"R$ 10.000.000,00","R$ 100.000,00","DI + 3,00% a.a.",Principal + juros mensal após carência,Carência 18 meses; principal + juros nos meses 19–24; vencimento mês 24,Aprovação e suplementos preenchidos; distribuição efetiva não confirmada,Fundos.NET ID 1339315; 25/09/2026 11:00; data/raw/17468142000180/1339315_assembleia.full.txt; assembleia; pp.3–4 e 8–9; https://fnet.bmfbovespa.com.br/fnet/publico/exibirDocumento?id=1339315&cvm=true,Leitura documental dirigida; termos finais e qualificações descritos por critério
VALOREM FUNDO DE INVESTIMENTO EM DIREITOS CREDITÓRIOS MULTISETORIAL RESPONSABILIDADE LIMITADA,17.468.142/0001-80,Mezanino XXII,Mezanino,Não informado nas fontes consultadas,Não informado nas fontes consultadas,Início 25/09/2026; encerramento estimado 22/03/2027,55,"R$ 5.500.000,00 ofertados","R$ 100.000,00",Spread final não localizado no anúncio; conferir suplemento XXII,Não informado nas fontes consultadas,Não informado nas fontes consultadas,Anúncio de início; datas estimadas,Fundos.NET ID 1328279; 23/09/2026; data/raw/17468142000180/1328279_emissao.full.txt; emissao; p.1; https://fnet.bmfbovespa.com.br/fnet/publico/exibirDocumento?id=1328279&cvm=true,Leitura documental dirigida; termos finais e qualificações descritos por critério
VALOREM FUNDO DE INVESTIMENTO EM DIREITOS CREDITÓRIOS MULTISETORIAL RESPONSABILIDADE LIMITADA,17.468.142/0001-80,Sênior 29,Sênior,Não informado nas fontes consultadas,Não informado nas fontes consultadas,28/09/2026 (documento); referência Fundos.NET 29/09/2026,"100 conforme texto; total do quadro 98,81","R$ 10.000.000,00 declarados; quantidade × preço divergente","R$ 100,00 conforme texto; inconsistente com volume",Spread final não localizado no anúncio de encerramento,Não informado nas fontes consultadas,Não informado nas fontes consultadas,Encerramento com divergência numérica; obter retificação,Fundos.NET ID 1333217; 29/09/2026; data/raw/17468142000180/1333217_emissao.full.txt; emissao; pp.1–3; https://fnet.bmfbovespa.com.br/fnet/publico/exibirDocumento?id=1333217&cvm=true,Leitura documental dirigida; termos finais e qualificações descritos por critério
GAZIN FUNDO DE INVESTIMENTO EM DIREITOS CREDITÓRIOS MULTISSEGMENTOS - RESPONSABILIDADE LIMITADA,29.492.605/0001-29,Sênior3ªsérie,Sênior,02/03/2026 (retificação da deliberação12/02/2026),Primeira integralização; data efetiva não localizada,Colocação privada; período de distribuição não aplicável,12.500,R$250.000.000 por série,R$20.000 inicial,"DI +0,80% a.a.","Trimestral desde16/05/2026, nos meses fev/mai/ago/nov, até16/02/2031","Anual:16/02/2027,16/02/2028,16/02/2029,16/02/2030,16/02/2031; percentuais de principal não explicitados no calendário","Sem classificação de risco para esta série, conforme apêndice; prazo final2031","Fundos.NET ID 1125598; referência 02/03/2026 10:00; data/raw/29492605000129/1125598_documentary_review.txt; Anexo I,pp4–5",Termos primários identificados; conferir execução/vigência
GAZIN FUNDO DE INVESTIMENTO EM DIREITOS CREDITÓRIOS MULTISSEGMENTOS - RESPONSABILIDADE LIMITADA,29.492.605/0001-29,Sênior4ªsérie,Sênior,02/03/2026 (retificação da deliberação12/02/2026),Primeira integralização; data efetiva não localizada,Colocação privada; período de distribuição não aplicável,12.500,R$250.000.000 por série,R$20.000 inicial,"DI +0,80% a.a.","Trimestral desde15/05/2026, nos meses fev/mai/ago/nov, até15/02/2031","Anual:15/02/2027,15/02/2028,15/02/2029,15/02/2030,15/02/2031; percentuais de principal não explicitados no calendário","Sem classificação de risco para esta série, conforme apêndice; prazo final2031","Fundos.NET ID 1125598; referência 02/03/2026 10:00; data/raw/29492605000129/1125598_documentary_review.txt; Anexo II,pp6–7",Termos primários identificados; conferir execução/vigência
LF III FUNDO DE INVESTIMENTO EM DIREITOS CREDITÓRIOS DE RESPONSABILIDADE LIMITADA,31.739.396/0001-17,5ª série sênior; mezz B eC,Sênior/mezanino,Não informado nas fontes consultadas,Não informado nas fontes consultadas,Encerramento 20/01/2026,525.000/50.000/25.000,R$ 525 mi sênior; R$ 50 mi mezz B; R$ 25 mi mezz C,R$ 1.000,Spread final não localizado; requer suplemento aplicável,Cronograma fechado não identificado,Cronograma fechado não identificado,Condições específicas do documento citado; não certifica vigência atual nem saldo vivo,data/raw/31739396000117/1088682_emissao.pdf | Fundos.NET ID 1088682 | 20/01/2026 | emissao | p. 2-3,Leitura dirigida com fonte por página
PRAVALER CRÉDITO UNIVERSITÁRIO II FUNDO DE INVESTIMENTO EM DIREITOS CREDITÓRIOS - RESP LIMITADAL,26.749.095/0001-34,Sênior — série não individualizada,Sênior,Não localizado no corpus acessível desta revisão.,Não localizado no corpus acessível desta revisão.,Não localizado no corpus acessível desta revisão.,Não informado nas fontes consultadas,Não localizado no corpus acessível desta revisão.,Não localizado no corpus acessível desta revisão.,Spread final não localizado; ato/suplemento preenchido não localizado.,Não localizado no corpus acessível desta revisão.,Não localizado no corpus acessível desta revisão.,Não informado nas fontes consultadas,Fundos.NET ID 1061833; referência 19/11/2025; data/raw/26749095000134/1061833_regulamento_cache_integral.txt; valoração das cotas e suplementos/apêndices; https://fnet.bmfbovespa.com.br/fnet/publico/exibirDocumento?id=1061833&cvm=true,parcial — termos/suplemento final não localizado
PRAVALER CRÉDITO UNIVERSITÁRIO II FUNDO DE INVESTIMENTO EM DIREITOS CREDITÓRIOS - RESP LIMITADAL,26.749.095/0001-34,Mezanino — série não individualizada,Mezanino,Não localizado no corpus acessível desta revisão.,Não localizado no corpus acessível desta revisão.,Não localizado no corpus acessível desta revisão.,Não informado nas fontes consultadas,Não localizado no corpus acessível desta revisão.,Não localizado no corpus acessível desta revisão.,Spread final não localizado; ato/suplemento preenchido não localizado.,Não localizado no corpus acessível desta revisão.,Não localizado no corpus acessível desta revisão.,Não informado nas fontes consultadas,Fundos.NET ID 1061833; referência 19/11/2025; data/raw/26749095000134/1061833_regulamento_cache_integral.txt; valoração das cotas e suplementos/apêndices; https://fnet.bmfbovespa.com.br/fnet/publico/exibirDocumento?id=1061833&cvm=true,parcial — termos/suplemento final não localizado
PRAVALER CRÉDITO UNIVERSITÁRIO II FUNDO DE INVESTIMENTO EM DIREITOS CREDITÓRIOS - RESP LIMITADAL,26.749.095/0001-34,Júnior — série não individualizada,Júnior,Não localizado no corpus acessível desta revisão.,Não localizado no corpus acessível desta revisão.,Não localizado no corpus acessível desta revisão.,Não informado nas fontes consultadas,Não localizado no corpus acessível desta revisão.,Não localizado no corpus acessível desta revisão.,Spread final não localizado; ato/suplemento preenchido não localizado.,Não localizado no corpus acessível desta revisão.,Não localizado no corpus acessível desta revisão.,Não informado nas fontes consultadas,Fundos.NET ID 1061833; referência 19/11/2025; data/raw/26749095000134/1061833_regulamento_cache_integral.txt; valoração das cotas e suplementos/apêndices; https://fnet.bmfbovespa.com.br/fnet/publico/exibirDocumento?id=1061833&cvm=true,parcial — termos/suplemento final não localizado
FUNDO DE INVESTIMENTO EM DIREITOS CREDITÓRIOS COMERCIAIS MEDICI I - RESPONSABILIDADE LIMITADA,62.393.829/0001-59,Sênior e subordinada; oferta da sênior 3ª série,Não informado nas fontes consultadas,Não informado nas fontes consultadas,Não informado nas fontes consultadas,Não informado nas fontes consultadas,Não informado nas fontes consultadas,Oferta sênior 3ª: R$ 285 mi; 285 mil cotas; VNU R$ 1 mil,Não informado nas fontes consultadas,"Spread final não localizado; DI+2% é taxa mínima média de cessão, sem equivalência automática ao spread da cota","Cronograma fechado não identificado; aviso traz calendário da oferta, sem datas completas de pagamentos","Cronograma fechado não identificado; aviso traz calendário da oferta, sem datas completas de pagamentos",Resumo documental; individualização por série não localizada nesta leitura,Fundos.NET ID 1300278 | 25/08/2026 | emissao | p. 1; Aviso ao mercado | data/raw/62393829000159/1300278_emissao_review_20261007.pdf | https://fnet.bmfbovespa.com.br/fnet/publico/visualizarDocumento?id=1300278; Fundos.NET ID 1287845 | 12/08/2026 | regulamento | p. 52; 10.1(m) | data/raw/62393829000159/1287845_regulamento_review_20261007.pdf | https://fnet.bmfbovespa.com.br/fnet/publico/visualizarDocumento?id=1287845; Fundos.NET ID 1300278 | 25/08/2026 | emissao | p. 1; Aviso | data/raw/62393829000159/1300278_emissao_review_20261007.pdf | https://fnet.bmfbovespa.com.br/fnet/publico/visualizarDocumento?id=1300278; Fundos.NET ID 1300278 | 25/08/2026 | emissao | p. 1–2; Cronograma oferta | data/raw/62393829000159/1300278_emissao_review_20261007.pdf | https://fnet.bmfbovespa.com.br/fnet/publico/visualizarDocumento?id=1300278,Não informado nas fontes consultadas
SOL AGORA GREEN ESG FIDC IS SEGMENTO FINANCEIRO DE RESPONSABILIDADE LIMITADA,47.640.584/0001-23,Séries não identificadas por falha de acesso,Tipo não confirmado,Não localizado no corpus acessível desta revisão.,Não localizado no corpus acessível desta revisão.,Não localizado no corpus acessível desta revisão.,Não informado nas fontes consultadas,Não localizado no corpus acessível desta revisão.,Não localizado no corpus acessível desta revisão.,Spread final não localizado; ato/suplemento preenchido não localizado.,Não localizado no corpus acessível desta revisão.,Não localizado no corpus acessível desta revisão.,Não informado nas fontes consultadas,CNPJ 47640584000123; falha Fundos.NET registrada em data/raw/47640584000123/access_status_20261007.txt; revisão 2026-10-07T14:53:15-03:00,parcial — termos/suplemento final não localizado
IS GREEN SOLFÁCIL VI FUNDO DE INVESTIMENTO EM DIREITOS CREDITÓRIOS RESPONSABILIDADE LIMITADA,57.028.406/0001-08,Séries sênior não individualizadas,Sênior,Não localizado no corpus acessível desta revisão.,Não localizado no corpus acessível desta revisão.,Não localizado no corpus acessível desta revisão.,Não informado nas fontes consultadas,Não localizado no corpus acessível desta revisão.,Não localizado no corpus acessível desta revisão.,Spread final não localizado; ato/suplemento preenchido não localizado.,Não localizado no corpus acessível desta revisão.,Não localizado no corpus acessível desta revisão.,Não informado nas fontes consultadas,Fundos.NET ID 1202319; referência 21/05/2026; data/raw/57028406000108/1202319_regulamento_21-05-2026.txt; capítulo de cotas e modelos de apêndices; https://fnet.bmfbovespa.com.br/fnet/publico/exibirDocumento?id=1202319&cvm=true,parcial — termos/suplemento final não localizado
IS GREEN SOLFÁCIL VI FUNDO DE INVESTIMENTO EM DIREITOS CREDITÓRIOS RESPONSABILIDADE LIMITADA,57.028.406/0001-08,Séries mezanino não individualizadas,Mezanino,Não localizado no corpus acessível desta revisão.,Não localizado no corpus acessível desta revisão.,Não localizado no corpus acessível desta revisão.,Não informado nas fontes consultadas,Não localizado no corpus acessível desta revisão.,Não localizado no corpus acessível desta revisão.,Spread final não localizado; ato/suplemento preenchido não localizado.,Não localizado no corpus acessível desta revisão.,Não localizado no corpus acessível desta revisão.,Não informado nas fontes consultadas,Fundos.NET ID 1202319; referência 21/05/2026; data/raw/57028406000108/1202319_regulamento_21-05-2026.txt; capítulo de cotas e modelos de apêndices; https://fnet.bmfbovespa.com.br/fnet/publico/exibirDocumento?id=1202319&cvm=true,parcial — termos/suplemento final não localizado
IS GREEN SOLFÁCIL VI FUNDO DE INVESTIMENTO EM DIREITOS CREDITÓRIOS RESPONSABILIDADE LIMITADA,57.028.406/0001-08,Séries júnior não individualizadas,Júnior,Não localizado no corpus acessível desta revisão.,Não localizado no corpus acessível desta revisão.,Não localizado no corpus acessível desta revisão.,Não informado nas fontes consultadas,Não localizado no corpus acessível desta revisão.,Não localizado no corpus acessível desta revisão.,Spread final não localizado; ato/suplemento preenchido não localizado.,Não localizado no corpus acessível desta revisão.,Não localizado no corpus acessível desta revisão.,Não informado nas fontes consultadas,Fundos.NET ID 1202319; referência 21/05/2026; data/raw/57028406000108/1202319_regulamento_21-05-2026.txt; capítulo de cotas e modelos de apêndices; https://fnet.bmfbovespa.com.br/fnet/publico/exibirDocumento?id=1202319&cvm=true,parcial — termos/suplemento final não localizado
FUNDO DE INVESTIMENTO EM DIREITOS CREDITÓRIOS TRADEPAY VAREJO I - RESPONSABILIDADE LIMITADA,31.570.767/0001-80,Sênior; mezaninoA/B e júnior,Não informado nas fontes consultadas,Não informado nas fontes consultadas,Não informado nas fontes consultadas,Não informado nas fontes consultadas,Não informado nas fontes consultadas,VNU sênior inicialR$ 1.000; volume atualizado por emissão,Não informado nas fontes consultadas,Spread por série remetido aos suplementos; spread final não localizado nesta leitura,Conforme suplementos; júnior sujeita asubordinação eeventos,Conforme suplementos; júnior sujeita asubordinação eeventos,Resumo documental; individualização por série não localizada nesta leitura,"Fundos.NET ID 1203635; referência 25/05/2026; data/raw/31570767000180/1203635_documentary_review.txt; Anexo,13 eapêndices; https://fnet.bmfbovespa.com.br/fnet/publico/exibirDocumento?id=1203635&cvm=true; Fundos.NET ID 1203635; referência 25/05/2026; data/raw/31570767000180/1203635_documentary_review.txt; Anexo,modelos desuplemento; https://fnet.bmfbovespa.com.br/fnet/publico/exibirDocumento?id=1203635&cvm=true; Fundos.NET ID 1203635; referência 25/05/2026; data/raw/31570767000180/1203635_documentary_review.txt; Anexo,apêndice sênior,1.9; https://fnet.bmfbovespa.com.br/fnet/publico/exibirDocumento?id=1203635&cvm=true",Não informado nas fontes consultadas
FUNDO DE INVESTIMENTO EM DIREITOS CREDITÓRIOS MT FGTS RECEIVABLES II,54.464.892/0001-00,2ª série,Sênior,Data de deliberação não localizada,Primeira integralização não localizada,Registro 14/10/2024; encerrada 21/01/2025,Não informado nas fontes consultadas,R$ 400 mi distribuídos,R$ 1.000,Spread final não localizado no anúncio,Periodicidade não localizada no corpus,Cronograma fechado não identificado,Não informado nas fontes consultadas,Fundos.NET ID 823583 · 21/01/2025 · p. 1-3 · data/raw/54464892000100/823583_documentary_review.pdf · https://fnet.bmfbovespa.com.br/fnet/publico/exibirDocumento?id=823583,Curado nas fontes acessíveis; lacunas explícitas
FUNDO DE INVESTIMENTO EM DIREITOS CREDITÓRIOS MT FGTS RECEIVABLES II,54.464.892/0001-00,2ª emissão,Subordinada mezanino,Data de deliberação não localizada,Primeira integralização não localizada,Registro 14/10/2024; encerrada 21/01/2025,Não informado nas fontes consultadas,"R$ 47,06 mi distribuídos",R$ 1.000,Spread final não localizado no anúncio,Periodicidade não localizada no corpus,Cronograma fechado não identificado,Não informado nas fontes consultadas,Fundos.NET ID 823583 · 21/01/2025 · p. 1-3 · data/raw/54464892000100/823583_documentary_review.pdf · https://fnet.bmfbovespa.com.br/fnet/publico/exibirDocumento?id=823583,Curado nas fontes acessíveis; lacunas explícitas
ATLANTA FUNDO DE INVESTIMENTO EM DIREITOS CREDITÓRIOS DE RESPONSABILIDADE LIMITADA,11.468.186/0001-24,"Sênior, mezanino e júnior",Não informado nas fontes consultadas,Não informado nas fontes consultadas,Não informado nas fontes consultadas,Não informado nas fontes consultadas,Não informado nas fontes consultadas,Oferta sênior 17:R$ 200 mi/200 cotas; sênior 18:R$ 50 mi/50 cotas; VNU R$ 1 mi,Não informado nas fontes consultadas,Spread final não localizado; remuneração remetida ao suplemento da série,Prazos e valores remetidos aos suplementos; cronograma fechado não identificado,Prazos e valores remetidos aos suplementos; cronograma fechado não identificado,Resumo documental; individualização por série não localizada nesta leitura,"Fundos.NET ID 1130308 | 06/03/2026 | regulamento | p. 44; 4.1 | data/raw/11468186000124/1130308_regulamento_review_20261007.pdf | https://fnet.bmfbovespa.com.br/fnet/publico/visualizarDocumento?id=1130308; Fundos.NET ID 1130308 | 06/03/2026 | regulamento | p. 44; 4.4–4.5 | data/raw/11468186000124/1130308_regulamento_review_20261007.pdf | https://fnet.bmfbovespa.com.br/fnet/publico/visualizarDocumento?id=1130308; Fundos.NET ID 1299529 | 24/08/2026 | emissao | p. 1,4; Anúncio encerramento | data/raw/11468186000124/1299529_emissao_review_20261007.pdf | https://fnet.bmfbovespa.com.br/fnet/publico/visualizarDocumento?id=1299529; Fundos.NET ID 1130308 | 06/03/2026 | regulamento | p. 45; 4.9 | data/raw/11468186000124/1130308_regulamento_review_20261007.pdf | https://fnet.bmfbovespa.com.br/fnet/publico/visualizarDocumento?id=1130308",Não informado nas fontes consultadas
RESIDENCE CLUB FUNDO DE INVESTIMENTO EM DIREITOS CREDITÓRIOS,43.193.260/0001-33,Sênior 3ª série; mezaninoB,Sênior/mezanino,Não informado nas fontes consultadas,Não informado nas fontes consultadas,Início 03/05/2023; encerramento final não confirmado,190.000/60.000,Até R$ 190 mi sênior e R$ 60 mi mezaninoB,R$ 1.000,Spread final não localizado; requer suplemento aplicável,Cronograma fechado não identificado,Cronograma fechado não identificado,Condições específicas do documento citado; não certifica vigência atual nem saldo vivo,data/raw/43193260000133/455909_emissao.pdf | Fundos.NET ID 455909 | 03/05/2023 | emissao | p. 1-2,Leitura dirigida com fonte por página
MONEE II FUNDO DE INVESTIMENTO EM DIREITOS CREDITÓRIOS SEGMENTO FINANCEIRO - RESP. LIMITADA,58.152.340/0001-18,Sênior 1ª série,Sênior,Não informado nas fontes consultadas,Não informado nas fontes consultadas,Início 29/01/2026; fechamento não localizado,Quantidade não individualizada nesta leitura,Até R$ 250 milhões ofertados,R$ 1.000,Spread final não localizado; requer suplemento aplicável,Cronograma fechado não identificado,Cronograma fechado não identificado,Condições específicas do documento citado; não certifica vigência atual nem saldo vivo,data/raw/58152340000118/1096182_emissao.pdf | Fundos.NET ID 1096182 | 29/01/2026 | emissao | p. 1-2,Leitura dirigida com fonte por página
INOVA CREDTECH III FIDC SEGMENTO MULTICARTEIRA DE RESPONSABILIDADE LIMITADA,52.340.225/0001-90,Júnior — 2ª emissão,Subordinada Júnior,03/12/2025; efeitos desde 05/11/2025,Não informado nas fontes consultadas,Não informado nas fontes consultadas,Necessária para atender ao montante; quantidade fechada não localizada,"R$ 12.000.000,00 aprovados; anterior R$ 3.500.000,00",Valor da cota no dia da integralização,Meta específica não localizada no apêndice; posição residual a confirmar no regulamento,Não informado nas fontes consultadas,Remetida ao item 15.2 do regulamento,Retificação de emissão privada; sem rating aplicável,Fundos.NET ID 1055501; 03/12/2025; data/raw/52340225000190/1055501_emissao.full.txt; emissao; pp.1–3; https://fnet.bmfbovespa.com.br/fnet/publico/exibirDocumento?id=1055501&cvm=true,Leitura documental dirigida; termos finais e qualificações descritos por critério
PINE INSS III FUNDO DE INVESTIMENTO EM DIREITOS CREDITÓRIOS RESPONSABILIDADE LIMITADA,63.546.406/0001-94,Sênior — 1ª emissão,Sênior,Não informado nas fontes consultadas,Não informado nas fontes consultadas,"22/04/2026, ID 1172101",1.068.750,"R$ 1.068.750.000,00 distribuído; anúncio ID 1172101 p.2","R$ 1.000,00","CDI + sobretaxa em bookbuilding; piso 1,10% e teto 1,25%; spread final não localizado",Não informado nas fontes consultadas,Calendário fechado não identificado; fórmula de fluxo/estoque e suplemento,Termos identificados na fonte; datas efetivas requerem documentos de integralização,data/raw/63546406000194/1130481_regulamento.pdf · ID 1130481 · 05/03/2026 · p. 163; data/raw/63546406000194/1172101_emissao.pdf · ID 1172101 · 22/04/2026 · p.2,Leitura documental verificada com ressalvas explícitas
PINE INSS III FUNDO DE INVESTIMENTO EM DIREITOS CREDITÓRIOS RESPONSABILIDADE LIMITADA,63.546.406/0001-94,MZ A — 1ª emissão,Mezanino,Não informado nas fontes consultadas,Não informado nas fontes consultadas,"22/04/2026, ID 1172101",62.500,"R$ 62.500.000,00 distribuído; anúncio ID 1172101 p.2","R$ 1.000,00","CDI + 3,50% a.a.",Não informado nas fontes consultadas,Calendário fechado não identificado; fórmula de fluxo/estoque e suplemento,Termos identificados na fonte; datas efetivas requerem documentos de integralização,data/raw/63546406000194/1130481_regulamento.pdf · ID 1130481 · 05/03/2026 · p. 165; data/raw/63546406000194/1172101_emissao.pdf · ID 1172101 · 22/04/2026 · p.2,Leitura documental verificada com ressalvas explícitas
PINE INSS III FUNDO DE INVESTIMENTO EM DIREITOS CREDITÓRIOS RESPONSABILIDADE LIMITADA,63.546.406/0001-94,MZ B — 1ª emissão,Mezanino,Não informado nas fontes consultadas,Não informado nas fontes consultadas,"22/04/2026, ID 1172101",62.500,"R$ 62.500.000,00 distribuído; anúncio ID 1172101 p.2","R$ 1.000,00","CDI + 4,75% a.a.",Não informado nas fontes consultadas,Calendário fechado não identificado; fórmula de fluxo/estoque e suplemento,Termos identificados na fonte; datas efetivas requerem documentos de integralização,data/raw/63546406000194/1130481_regulamento.pdf · ID 1130481 · 05/03/2026 · p. 167; data/raw/63546406000194/1172101_emissao.pdf · ID 1172101 · 22/04/2026 · p.2,Leitura documental verificada com ressalvas explícitas
PINE INSS III FUNDO DE INVESTIMENTO EM DIREITOS CREDITÓRIOS RESPONSABILIDADE LIMITADA,63.546.406/0001-94,MZ C — 1ª emissão,Mezanino,Não informado nas fontes consultadas,Não informado nas fontes consultadas,"22/04/2026, ID 1172101",31.250,"R$ 31.250.000,00 distribuído; anúncio ID 1172101 p.2","R$ 1.000,00","CDI + 7,50% a.a.",Não informado nas fontes consultadas,Calendário fechado não identificado; fórmula de fluxo/estoque e suplemento,Termos identificados na fonte; datas efetivas requerem documentos de integralização,data/raw/63546406000194/1130481_regulamento.pdf · ID 1130481 · 05/03/2026 · p. 169; data/raw/63546406000194/1172101_emissao.pdf · ID 1172101 · 22/04/2026 · p.2,Leitura documental verificada com ressalvas explícitas
GALLERIA HOME EQUITY FIDC,37.294.759/0001-34,Sênior9ªsérie/9ªemissão,Sênior,Suplemento10/07/2026; conciliar com anúncio06/07/2026,Primeira integralização por chamadas; data efetiva não localizada,Início06/07/2026; subscrição07/07–07/09/2026; encerramento02/01/2027 estimado,Até7.000.000; mínimo6.000.000,Até R$7.000.000; mínimo R$6.000.000,"R$1,00 na data do anúncio; atualizado na integralização","IPCA +11,70% a.a.; principal corrigido com regra de IPCA negativo/defasagem",Mensal em Data de Referência; sem carência,Percentuais do mês1 ao95; saída no96ºmês; data de resgate328ºmês no texto; reconciliar divergência,"Melhores esforços, profissionais; datas do anúncio estimadas; final depende de primeira integralização","Fundos.NET ID 1245602; referência 10/07/2026; data/raw/37294759000134/1245602_documentary_review.txt; Suplemento,pp3–8; Fundos.NET ID 1245765; referência 06/07/2026; data/raw/37294759000134/1245765_documentary_review.txt; Anúncio,pp1–2",Termos primários identificados; conferir execução/vigência
GALLERIA HOME EQUITY FIDC,37.294.759/0001-34,Subordinada mezanino C,Mezanino,Não localizado nas fontes consultadas,Não localizado nas fontes consultadas,Não localizado nas fontes consultadas,Não localizado nas fontes consultadas,R$40.000.000 no anúncio,R$1 inicial no anúncio,Spread final não localizado nas fontes consultadas desta subclasse,Calendário remetido ao suplemento da subclasse não localizado,Não localizado nas fontes consultadas,Volume aprovado/ofertado distinto do efetivamente distribuído,"Fundos.NET ID 1243617; referência 10/07/2026; data/raw/37294759000134/1243617_documentary_review.txt; Anúncio de início,pp1–3",Termos primários identificados; conferir execução/vigência
CLOUDWALK AKIRA I FUNDO DE INVESTIMENTO EM DIREITOS CREDITÓRIOS SEGMENTO MEIOS DE PAGAMENTO,42.085.830/0001-09,Sênior 1ª,Sênior,Data não localizada,Primeira integralização; data efetiva não localizada,Encerramento não localizado,Não informado nas fontes consultadas,"R$ 500.000.000,00","R$ 1.000,00","CDI + 1,14% a.a.",Mensal dia 27,Mensal 27/02/2026–27/01/2027,Não informado nas fontes consultadas,"Fundos.NET ID 966441 | 24/07/2025 | Regulamento | p. 114, apêndice1ªsérie | data/raw/42085830000109/966441_review_20261007.pdf | https://fnet.bmfbovespa.com.br/fnet/publico/visualizarDocumento?id=966441",Revisão documental com lacunas identificadas
IFOOD PAGO CRÉDITO III FUNDO DE INVESTIMENTO EM DIREITOS CREDITÓRIOS FINANCEIRO RESP. LIMITADA,61.288.838/0001-17,2ª série sênior da 2ª emissão,Sênior,03/07/2026,Data civil não individualizada; emissão coincide com 1ª integralização,Início 10/07/2026; encerramento 14/07/2026,600.000 subscritas; 100.000 integralizadas no encerramento,R$ 600 milhões subscritos; R$ 100 milhões integralizados até 14/07/2026,R$ 1.000,"DI + 2,50% a.a.",10º DU mensal; capitalização composta/252 DU,"Carência até 24º mês; 13 fatores sobre remanescente; final 36º Mês Completo de Alocação, conciliar datas-base",Apêndice preenchido e encerramento reconciliados; primeira integralização civil não localizada,data/raw/61288838000117/1240845_documentary_review.pdf | Fundos.NET ID 1240845 | 03/07/2026 10:00 | assembleia | p. 4-5; data/raw/61288838000117/1247950_documentary_review.pdf | Fundos.NET ID 1247950 | 14/07/2026 | emissao | p. 1-2,Leitura dirigida com fontes por página
VIA INVEST II FUNDO DE INVESTIMENTO EM DIREITOS CREDITÓRIOS RESPONSABILIDADE LIMITADA,30.035.329/0001-59,Sênior; oferta encerrada2025,Sênior,Não informado nas fontes consultadas,Não informado nas fontes consultadas,Anúncio encerramento30/09/2025,100.000,R$ 100 milhões no anúncio de encerramento,R$ 1.000,Spread final não localizado; requer suplemento aplicável,Cronograma fechado não identificado,Cronograma fechado não identificado,Condições específicas do documento citado; não certifica vigência atual nem saldo vivo,data/raw/30035329000159/1003989_emissao.pdf | Fundos.NET ID 1003989 | 30/09/2025 | emissao | p. 2,Leitura dirigida com fonte por página
MSV3 FUNDO DE INVESTIMENTO EM DIREITOS CREDITÓRIOS RECEBÍVEIS COMERCIAIS RESPONSABILIDADE LIMITADA,63.657.457/0001-93,1ª série sênior e mezanino,Sênior/mezanino,Não informado nas fontes consultadas,Não informado nas fontes consultadas,Encerramento 30/03/2026,Quantidade não individualizada nesta leitura,R$ 225 milhões no encerramento,R$ 1.000,Spread final não localizado; requer suplemento aplicável,Cronograma fechado não identificado,Cronograma fechado não identificado,Condições específicas do documento citado; não certifica vigência atual nem saldo vivo,data/raw/63657457000193/1149289_emissao.pdf | Fundos.NET ID 1149289 | 30/03/2026 | emissao | p. 2,Leitura dirigida com fonte por página
FUNDO DE INVESTIMENTO EM DIREITOS CREDITÓRIOS INCLUSÃO CREDIÁRIA RESPONSABILIDADE LIMITADA,63.066.147/0001-02,Sênior 1ª série/1ª emissão,Sênior,18/05/2026 (alteração de termos),Primeira integralização; data efetiva não localizada,Encerramento não localizado,99.000,R$ 99.000.000,R$ 1.000 inicial; deságio admitido,"CDI + 3, 25% a.a.;+5, 00% sob gatilho de rating","Mensal após 12 meses, último dia útil","31/08/2027: 16, 6667%; 30/09: 20%; 29/10: 25%; 30/11: 33, 3333%; 30/12: 50%; 31/01/2028: 100% sobre saldo",Termos revistos desde 19/05/2026; vencimento 31/01/2028; step-up por rating conforme suplemento,"Fundos.NET ID 1198394; referência 18/05/2026 13:00; data/raw/63066147000102/1198394_documentary_review.txt; Suplemento,p141–143; https://fnet.bmfbovespa.com.br/fnet/publico/exibirDocumento?id=1198394&cvm=true",Termos documentais identificados; confirmar execução e vigência
FUNDO DE INVESTIMENTO EM DIREITOS CREDITÓRIOS INCLUSÃO CREDIÁRIA RESPONSABILIDADE LIMITADA,63.066.147/0001-02,Mezanino A 1ª série/1ª emissão,Mezanino A,18/05/2026 (alteração de termos),Primeira integralização; data efetiva não localizada,Encerramento não localizado,36.000,R$ 36.000.000,R$ 1.000 inicial; deságio admitido,"CDI + 5, 25% a.a.;+6, 00% sob gatilho de rating","Mensal após 12 meses, último dia útil","31/08/2027: 16, 6667%; 30/09: 20%; 29/10: 25%; 30/11: 33, 3333%; 30/12: 50%; 31/01/2028: 100% sobre saldo",Termos revistos desde 19/05/2026; vencimento 31/01/2028; step-up por rating conforme suplemento,"Fundos.NET ID 1198394; referência 18/05/2026 13:00; data/raw/63066147000102/1198394_documentary_review.txt; Suplemento,p144–146; https://fnet.bmfbovespa.com.br/fnet/publico/exibirDocumento?id=1198394&cvm=true",Termos documentais identificados; confirmar execução e vigência
FUNDO DE INVESTIMENTO EM DIREITOS CREDITÓRIOS INCLUSÃO CREDIÁRIA RESPONSABILIDADE LIMITADA,63.066.147/0001-02,Mezanino B 1ª série/1ª emissão,Mezanino B,18/05/2026 (alteração de termos),Primeira integralização; data efetiva não localizada,Encerramento não localizado,10.350,R$ 10.350.000,R$ 1.000 inicial; deságio admitido,"CDI + 8, 00% a.a.;+9, 00% sob gatilho de rating","Mensal após 12 meses, último dia útil","31/08/2027: 16, 6667%; 30/09: 20%; 29/10: 25%; 30/11: 33, 3333%; 30/12: 50%; 31/01/2028: 100% sobre saldo",Termos revistos desde 19/05/2026; vencimento 31/01/2028; step-up por rating conforme suplemento,"Fundos.NET ID 1198394; referência 18/05/2026 13:00; data/raw/63066147000102/1198394_documentary_review.txt; Suplemento,p147–149; https://fnet.bmfbovespa.com.br/fnet/publico/exibirDocumento?id=1198394&cvm=true",Termos documentais identificados; confirmar execução e vigência
FUNDO DE INVESTIMENTO EM DIREITOS CREDITÓRIOS INCLUSÃO CREDIÁRIA RESPONSABILIDADE LIMITADA,63.066.147/0001-02,Mezanino C 1ª série/1ª emissão,Mezanino C,18/05/2026 (alteração de termos),Primeira integralização; data efetiva não localizada,Encerramento não localizado,12.150,R$ 12.150.000,R$ 1.000 inicial; deságio admitido,"CDI + 10, 00% a.a.;+11, 00% sob gatilho de rating","Mensal após 12 meses, último dia útil","31/08/2027: 16, 6667%; 30/09: 20%; 29/10: 25%; 30/11: 33, 3333%; 30/12: 50%; 31/01/2028: 100% sobre saldo",Termos revistos desde 19/05/2026; vencimento 31/01/2028; step-up por rating conforme suplemento,"Fundos.NET ID 1198394; referência 18/05/2026 13:00; data/raw/63066147000102/1198394_documentary_review.txt; Suplemento,p138–140; https://fnet.bmfbovespa.com.br/fnet/publico/exibirDocumento?id=1198394&cvm=true",Termos documentais identificados; confirmar execução e vigência
PNEUCASH II FUNDO DE INVESTIMENTO EM DIREITOS CREDITÓRIOS DE CLASSE ÚNICA FECHADA RESP LIMITADA,65.836.995/0001-70,Sênior 3ª série,Sênior 3ª série,22/09/2026 (retificação de14/09/2026),Não localizado nas fontes consultadas,Não localizado nas fontes consultadas,250.000,R$ 250.000.000,R$ 1.000,"CDI + 1, 25% a.a.",Mensal dia 15; 15/10/2026–15/09/2029; sem carência,"15/04, 15/05, 15/06, 15/07, 15/08 e 15/09/2029; percentuais não localizados",Fonte primária local por CNPJ; condição contratual não é saldo de emissão,"Fundos.NET ID 1326561; referência 22/09/2026 10:00; data/raw/65836995000170/1326561_documentary_review.txt; Anexo A,p6; https://fnet.bmfbovespa.com.br/fnet/publico/exibirDocumento?id=1326561&cvm=true",Termos documentais identificados; confirmar execução e vigência
PNEUCASH II FUNDO DE INVESTIMENTO EM DIREITOS CREDITÓRIOS DE CLASSE ÚNICA FECHADA RESP LIMITADA,65.836.995/0001-70,Mezanino A,Mezanino A,22/09/2026 (retificação de14/09/2026),Não localizado nas fontes consultadas,Não localizado nas fontes consultadas,Até 30.000,Até R$ 30.000.000,R$ 1.000,"CDI + 3, 00% a.a.",Mensal dia 15; 15/10/2026–15/09/2029; sem carência,"15/04, 15/05, 15/06, 15/07, 15/08 e 15/09/2029; percentuais não localizados",Fonte primária local por CNPJ; condição contratual não é saldo de emissão,"Fundos.NET ID 1326561; referência 22/09/2026 10:00; data/raw/65836995000170/1326561_documentary_review.txt; Anexo A,p8; https://fnet.bmfbovespa.com.br/fnet/publico/exibirDocumento?id=1326561&cvm=true",Termos documentais identificados; confirmar execução e vigência
PNEUCASH II FUNDO DE INVESTIMENTO EM DIREITOS CREDITÓRIOS DE CLASSE ÚNICA FECHADA RESP LIMITADA,65.836.995/0001-70,Mezanino B,Mezanino B,22/09/2026 (retificação de14/09/2026),Não localizado nas fontes consultadas,Não localizado nas fontes consultadas,Até 30.000,Até R$ 30.000.000,R$ 1.000,"CDI + 5, 00% a.a.",Mensal dia 15; 15/10/2026–15/09/2029; sem carência,"15/04, 15/05, 15/06, 15/07, 15/08 e 15/09/2029; percentuais não localizados",Fonte primária local por CNPJ; condição contratual não é saldo de emissão,"Fundos.NET ID 1326561; referência 22/09/2026 10:00; data/raw/65836995000170/1326561_documentary_review.txt; Anexo A,p10; https://fnet.bmfbovespa.com.br/fnet/publico/exibirDocumento?id=1326561&cvm=true",Termos documentais identificados; confirmar execução e vigência
PNEUCASH II FUNDO DE INVESTIMENTO EM DIREITOS CREDITÓRIOS DE CLASSE ÚNICA FECHADA RESP LIMITADA,65.836.995/0001-70,Mezanino C 2ª emissão,Mezanino C,22/09/2026 (retificação de14/09/2026),Não localizado nas fontes consultadas,Não localizado nas fontes consultadas,16.500,R$ 16.500.000,R$ 1.000,"CDI + 2, 75% a.a.",Trimestral 15/12/2026–15/09/2029,"15/04, 15/05, 15/06, 15/07, 15/08 e 15/09/2029; percentuais não localizados",Fonte primária local por CNPJ; condição contratual não é saldo de emissão,"Fundos.NET ID 1326561; referência 22/09/2026 10:00; data/raw/65836995000170/1326561_documentary_review.txt; Anexo A,p12; https://fnet.bmfbovespa.com.br/fnet/publico/exibirDocumento?id=1326561&cvm=true",Termos documentais identificados; confirmar execução e vigência
PNEUCASH II FUNDO DE INVESTIMENTO EM DIREITOS CREDITÓRIOS DE CLASSE ÚNICA FECHADA RESP LIMITADA,65.836.995/0001-70,Júnior 2ª emissão,Júnior,22/09/2026 (retificação de14/09/2026),Não localizado nas fontes consultadas,Não localizado nas fontes consultadas,Valor integralizado/VNU atualizado,R$ 6.500.000,Cota patrimonial atualizada,100% CDI,Datas específicas da júnior não localizadas,Por regras do regulamento; calendário fechado não localizado,Fonte primária local por CNPJ; condição contratual não é saldo de emissão,"Fundos.NET ID 1326561; referência 22/09/2026 10:00; data/raw/65836995000170/1326561_documentary_review.txt; Anexo A,p13; https://fnet.bmfbovespa.com.br/fnet/publico/exibirDocumento?id=1326561&cvm=true",Termos documentais identificados; confirmar execução e vigência
ARCELORMITTAL VÉRTICE FUNDO DE INVESTIMENTO EM DIREITOS CREDITÓRIOS COMERCIAIS - RESP LIMITADA,65.873.297/0001-45,1ª série sênior/1ª emissão; documento com CNPJ divergente,Sênior,Não informado nas fontes consultadas,Não informado nas fontes consultadas,Início 07/04/2026; liquidação 08/04/2026 apenas prevista,128.000 ofertadas no anúncio; atribuição pendente,R$ 128 milhões declarados no anúncio; atribuição ao CNPJ da carteira pendente,R$ 1.000 declarado no anúncio; atribuição pendente,Spread final não localizado; requer suplemento aplicável,Cronograma fechado não identificado,Cronograma fechado não identificado,"Anúncio ID 1155908 contém CNPJ 65.897.273/0001-45, diverso do CNPJ cadastrado 65.873.297/0001-45, e administrador 33.113.876/0001-91, diferente do 36.113.876/0001-91 no regulamento. Vínculo retornado pela consulta exata não resolve a divergência do documento; oferta não atribuída definitivamente ao fundo.",data/raw/65873297000145/1155908_emissao.pdf | Fundos.NET ID 1155908 | 07/04/2026 | emissao | p. 1-2,Divergência de identidade; condições não atribuídas definitivamente ao fundo
ICRED INSS III FUNDO DE INVESTIMENTO EM DIREITOS CREDITÓRIOS RESPONSABILIDADE LIMITADA,65.347.578/0001-64,"Sênior, mezaninos A/B e júnior; oferta 2ª série; capital autorizadoR$ 800 mi aprovado 15/09/2026",Não informado nas fontes consultadas,Não informado nas fontes consultadas,Não informado nas fontes consultadas,Não informado nas fontes consultadas,Não informado nas fontes consultadas,"2ª série: sêniorR$ 172 mi, mezaninoAR$ 20 mi, BR$ 3 mi; totalR$ 195 mi; VNU R$ 1 mil",Não informado nas fontes consultadas,Spread final da 2ª série não localizado; atos 1325817/1324299 inacessíveisHTTP 520,"Calendário fechado não identificado; anúncio traz cronograma da oferta, sem parâmetros completos de pagamento","Calendário fechado não identificado; anúncio traz cronograma da oferta, sem parâmetros completos de pagamento",Resumo documental; individualização por série não localizada nesta leitura,Fundos.NET ID 1324293 | 15/09/2026 10:00 | assembleia | p. 1–3; Deliberações6.1–6.2 | data/raw/65347578000164/1324293_assembleia_review_20261007.pdf | https://fnet.bmfbovespa.com.br/fnet/publico/visualizarDocumento?id=1324293; Fundos.NET ID 1325824 | 21/09/2026 | emissao | p. 1–4; Anúncio de início | data/raw/65347578000164/1325824_emissao_review_20261007.pdf | https://fnet.bmfbovespa.com.br/fnet/publico/visualizarDocumento?id=1325824; Fundos.NET ID 1325824 | 21/09/2026 | emissao | p. 1–2; Anúncio de início | data/raw/65347578000164/1325824_emissao_review_20261007.pdf | https://fnet.bmfbovespa.com.br/fnet/publico/visualizarDocumento?id=1325824; Fundos.NET ID 1325824 | 21/09/2026 | emissao | p. 2–3; Cronograma oferta | data/raw/65347578000164/1325824_emissao_review_20261007.pdf | https://fnet.bmfbovespa.com.br/fnet/publico/visualizarDocumento?id=1325824,Não informado nas fontes consultadas
GAVEA SUL FUNDO DE INVESTIMENTO EM DIREITOS CREDITÓRIOS MULTISSETORIAL LP,18.185.812/0001-14,Sênior 14,Sênior,Não informado nas fontes consultadas,11/06/2026 prevista no anúncio de início; data efetiva não comprovada,15/06/2026; início 08/06/2026,100.000,"R$ 100.000.000,00 distribuídos","R$ 1.000,00",Spread final não localizado; suplemento de 29/05/2026 não acessível nesta leitura,Não informado nas fontes consultadas,Não informado nas fontes consultadas,"Distribuição encerrada, garantia firme de colocação; sem rating da oferta",Fundos.NET ID 1222432; 15/06/2026; data/raw/18185812000114/1222432_emissao.full.txt; emissao; pp.1–3; início ID1214708 pp.1–2; https://fnet.bmfbovespa.com.br/fnet/publico/exibirDocumento?id=1222432&cvm=true,Leitura documental dirigida; termos finais e qualificações descritos por critério
FUNDO DE INVESTIMENTO EM DIREITOS CREDITÓRIOS CAP - RESPONSABILIDADE LIMITADA,49.113.994/0001-41,Sênior 4ª série; mezz PreferencialD e HYIV,Sênior/mezanino,Não informado nas fontes consultadas,Não informado nas fontes consultadas,Encerramento 08/09/2026,"Tabelas: sênior 16.348,83; preferencial D 4.352,54; HY IV 2.897,95; divergência com corpo textual","R$ 24.589.994,31 declarados no encerramento; conciliação com quantidade/VNU pendente; aprovado R$ 52,7 milhões",R$ 1.000,Spread final não localizado; requer suplemento aplicável,Cronograma fechado não identificado,Cronograma fechado não identificado,"Corpo: 16.348 sênior, 4.352 pref. D e 2.897 HY IV; tabelas: 16.348,83/4.352,54/2.897,95. Volume declarado de R$ 24.589.994,31 não concilia com essas quantidades e VNU R$ 1.000; não certificado o valor distribuído reconciliado.",data/raw/49113994000141/1315226_emissao.pdf | Fundos.NET ID 1315226 | 08/09/2026 | emissao | p. 1-4,Leitura dirigida com fonte por página
