competencia,stock_recebiveis_a_vencer,duration_days,calendar_days,tpv_estimado_mes
01/2026,11708116385.43,96.20951869960804,31,3772512458.7886405
02/2026,11901694407.820002,99.80012161013207,28,3339148670.7880683
03/2026,14297018714.480001,98.76303768831443,31,4487585543.364874
04/2026,6897706515.740001,108.93296011247364,30,1899619685.892524
