cnpj,fundo,competencia,indicador,valor,unidade,observacao,cache_folder,grupo,nome_curto
55401645000128,Quatá FGTS,03/2026,PL (R$),246621877.31,R$ bruto,Visão Executiva canônica; cache IME local bc17e56789257c833f39a9dbfc4c4cdb9a335bb2b5d2625dcccd1175289781af,.cache/fundonet-ime/bc17e56789257c833f39a9dbfc4c4cdb9a335bb2b5d2625dcccd1175289781af,Carteiras selecionadas,Quatá FGTS
55401645000128,Quatá FGTS,02/2026,PL (R$),258344862.47,R$ bruto,Visão Executiva canônica; cache IME local bc17e56789257c833f39a9dbfc4c4cdb9a335bb2b5d2625dcccd1175289781af,.cache/fundonet-ime/bc17e56789257c833f39a9dbfc4c4cdb9a335bb2b5d2625dcccd1175289781af,Carteiras selecionadas,Quatá FGTS
55401645000128,Quatá FGTS,01/2026,PL (R$),263247818.16,R$ bruto,Visão Executiva canônica; cache IME local bc17e56789257c833f39a9dbfc4c4cdb9a335bb2b5d2625dcccd1175289781af,.cache/fundonet-ime/bc17e56789257c833f39a9dbfc4c4cdb9a335bb2b5d2625dcccd1175289781af,Carteiras selecionadas,Quatá FGTS
55401645000128,Quatá FGTS,12/2025,PL (R$),268360042.1,R$ bruto,Visão Executiva canônica; cache IME local bc17e56789257c833f39a9dbfc4c4cdb9a335bb2b5d2625dcccd1175289781af,.cache/fundonet-ime/bc17e56789257c833f39a9dbfc4c4cdb9a335bb2b5d2625dcccd1175289781af,Carteiras selecionadas,Quatá FGTS
55401645000128,Quatá FGTS,11/2025,PL (R$),277517351.13,R$ bruto,Visão Executiva canônica; cache IME local bc17e56789257c833f39a9dbfc4c4cdb9a335bb2b5d2625dcccd1175289781af,.cache/fundonet-ime/bc17e56789257c833f39a9dbfc4c4cdb9a335bb2b5d2625dcccd1175289781af,Carteiras selecionadas,Quatá FGTS
55401645000128,Quatá FGTS,10/2025,PL (R$),281985250.92,R$ bruto,Visão Executiva canônica; cache IME local bc17e56789257c833f39a9dbfc4c4cdb9a335bb2b5d2625dcccd1175289781af,.cache/fundonet-ime/bc17e56789257c833f39a9dbfc4c4cdb9a335bb2b5d2625dcccd1175289781af,Carteiras selecionadas,Quatá FGTS
55401645000128,Quatá FGTS,09/2025,PL (R$),288707307.36,R$ bruto,Visão Executiva canônica; cache IME local bc17e56789257c833f39a9dbfc4c4cdb9a335bb2b5d2625dcccd1175289781af,.cache/fundonet-ime/bc17e56789257c833f39a9dbfc4c4cdb9a335bb2b5d2625dcccd1175289781af,Carteiras selecionadas,Quatá FGTS
55401645000128,Quatá FGTS,08/2025,PL (R$),162795484.68,R$ bruto,Visão Executiva canônica; cache IME local bc17e56789257c833f39a9dbfc4c4cdb9a335bb2b5d2625dcccd1175289781af,.cache/fundonet-ime/bc17e56789257c833f39a9dbfc4c4cdb9a335bb2b5d2625dcccd1175289781af,Carteiras selecionadas,Quatá FGTS
55401645000128,Quatá FGTS,07/2025,PL (R$),166894842.8,R$ bruto,Visão Executiva canônica; cache IME local bc17e56789257c833f39a9dbfc4c4cdb9a335bb2b5d2625dcccd1175289781af,.cache/fundonet-ime/bc17e56789257c833f39a9dbfc4c4cdb9a335bb2b5d2625dcccd1175289781af,Carteiras selecionadas,Quatá FGTS
55401645000128,Quatá FGTS,06/2025,PL (R$),168696913.6,R$ bruto,Visão Executiva canônica; cache IME local bc17e56789257c833f39a9dbfc4c4cdb9a335bb2b5d2625dcccd1175289781af,.cache/fundonet-ime/bc17e56789257c833f39a9dbfc4c4cdb9a335bb2b5d2625dcccd1175289781af,Carteiras selecionadas,Quatá FGTS
55401645000128,Quatá FGTS,05/2025,PL (R$),173151826.53,R$ bruto,Visão Executiva canônica; cache IME local bc17e56789257c833f39a9dbfc4c4cdb9a335bb2b5d2625dcccd1175289781af,.cache/fundonet-ime/bc17e56789257c833f39a9dbfc4c4cdb9a335bb2b5d2625dcccd1175289781af,Carteiras selecionadas,Quatá FGTS
55401645000128,Quatá FGTS,04/2025,PL (R$),176448793.32,R$ bruto,Visão Executiva canônica; cache IME local bc17e56789257c833f39a9dbfc4c4cdb9a335bb2b5d2625dcccd1175289781af,.cache/fundonet-ime/bc17e56789257c833f39a9dbfc4c4cdb9a335bb2b5d2625dcccd1175289781af,Carteiras selecionadas,Quatá FGTS
55401645000128,Quatá FGTS,03/2025,PL (R$),188946428.4,R$ bruto,Visão Executiva canônica; cache IME local bc17e56789257c833f39a9dbfc4c4cdb9a335bb2b5d2625dcccd1175289781af,.cache/fundonet-ime/bc17e56789257c833f39a9dbfc4c4cdb9a335bb2b5d2625dcccd1175289781af,Carteiras selecionadas,Quatá FGTS
55401645000128,Quatá FGTS,02/2025,PL (R$),187382844.3,R$ bruto,Visão Executiva canônica; cache IME local bc17e56789257c833f39a9dbfc4c4cdb9a335bb2b5d2625dcccd1175289781af,.cache/fundonet-ime/bc17e56789257c833f39a9dbfc4c4cdb9a335bb2b5d2625dcccd1175289781af,Carteiras selecionadas,Quatá FGTS
55401645000128,Quatá FGTS,03/2026,PL (R$ MM),246.62187731,R$ MM,Visão Executiva canônica; cache IME local bc17e56789257c833f39a9dbfc4c4cdb9a335bb2b5d2625dcccd1175289781af,.cache/fundonet-ime/bc17e56789257c833f39a9dbfc4c4cdb9a335bb2b5d2625dcccd1175289781af,Carteiras selecionadas,Quatá FGTS
55401645000128,Quatá FGTS,02/2026,PL (R$ MM),258.34486247,R$ MM,Visão Executiva canônica; cache IME local bc17e56789257c833f39a9dbfc4c4cdb9a335bb2b5d2625dcccd1175289781af,.cache/fundonet-ime/bc17e56789257c833f39a9dbfc4c4cdb9a335bb2b5d2625dcccd1175289781af,Carteiras selecionadas,Quatá FGTS
55401645000128,Quatá FGTS,01/2026,PL (R$ MM),263.24781816,R$ MM,Visão Executiva canônica; cache IME local bc17e56789257c833f39a9dbfc4c4cdb9a335bb2b5d2625dcccd1175289781af,.cache/fundonet-ime/bc17e56789257c833f39a9dbfc4c4cdb9a335bb2b5d2625dcccd1175289781af,Carteiras selecionadas,Quatá FGTS
55401645000128,Quatá FGTS,12/2025,PL (R$ MM),268.3600421,R$ MM,Visão Executiva canônica; cache IME local bc17e56789257c833f39a9dbfc4c4cdb9a335bb2b5d2625dcccd1175289781af,.cache/fundonet-ime/bc17e56789257c833f39a9dbfc4c4cdb9a335bb2b5d2625dcccd1175289781af,Carteiras selecionadas,Quatá FGTS
55401645000128,Quatá FGTS,11/2025,PL (R$ MM),277.51735113,R$ MM,Visão Executiva canônica; cache IME local bc17e56789257c833f39a9dbfc4c4cdb9a335bb2b5d2625dcccd1175289781af,.cache/fundonet-ime/bc17e56789257c833f39a9dbfc4c4cdb9a335bb2b5d2625dcccd1175289781af,Carteiras selecionadas,Quatá FGTS
55401645000128,Quatá FGTS,10/2025,PL (R$ MM),281.98525092,R$ MM,Visão Executiva canônica; cache IME local bc17e56789257c833f39a9dbfc4c4cdb9a335bb2b5d2625dcccd1175289781af,.cache/fundonet-ime/bc17e56789257c833f39a9dbfc4c4cdb9a335bb2b5d2625dcccd1175289781af,Carteiras selecionadas,Quatá FGTS
55401645000128,Quatá FGTS,09/2025,PL (R$ MM),288.70730736,R$ MM,Visão Executiva canônica; cache IME local bc17e56789257c833f39a9dbfc4c4cdb9a335bb2b5d2625dcccd1175289781af,.cache/fundonet-ime/bc17e56789257c833f39a9dbfc4c4cdb9a335bb2b5d2625dcccd1175289781af,Carteiras selecionadas,Quatá FGTS
55401645000128,Quatá FGTS,08/2025,PL (R$ MM),162.79548468000002,R$ MM,Visão Executiva canônica; cache IME local bc17e56789257c833f39a9dbfc4c4cdb9a335bb2b5d2625dcccd1175289781af,.cache/fundonet-ime/bc17e56789257c833f39a9dbfc4c4cdb9a335bb2b5d2625dcccd1175289781af,Carteiras selecionadas,Quatá FGTS
55401645000128,Quatá FGTS,07/2025,PL (R$ MM),166.89484280000002,R$ MM,Visão Executiva canônica; cache IME local bc17e56789257c833f39a9dbfc4c4cdb9a335bb2b5d2625dcccd1175289781af,.cache/fundonet-ime/bc17e56789257c833f39a9dbfc4c4cdb9a335bb2b5d2625dcccd1175289781af,Carteiras selecionadas,Quatá FGTS
55401645000128,Quatá FGTS,06/2025,PL (R$ MM),168.6969136,R$ MM,Visão Executiva canônica; cache IME local bc17e56789257c833f39a9dbfc4c4cdb9a335bb2b5d2625dcccd1175289781af,.cache/fundonet-ime/bc17e56789257c833f39a9dbfc4c4cdb9a335bb2b5d2625dcccd1175289781af,Carteiras selecionadas,Quatá FGTS
55401645000128,Quatá FGTS,05/2025,PL (R$ MM),173.15182653,R$ MM,Visão Executiva canônica; cache IME local bc17e56789257c833f39a9dbfc4c4cdb9a335bb2b5d2625dcccd1175289781af,.cache/fundonet-ime/bc17e56789257c833f39a9dbfc4c4cdb9a335bb2b5d2625dcccd1175289781af,Carteiras selecionadas,Quatá FGTS
55401645000128,Quatá FGTS,04/2025,PL (R$ MM),176.44879332,R$ MM,Visão Executiva canônica; cache IME local bc17e56789257c833f39a9dbfc4c4cdb9a335bb2b5d2625dcccd1175289781af,.cache/fundonet-ime/bc17e56789257c833f39a9dbfc4c4cdb9a335bb2b5d2625dcccd1175289781af,Carteiras selecionadas,Quatá FGTS
55401645000128,Quatá FGTS,03/2025,PL (R$ MM),188.9464284,R$ MM,Visão Executiva canônica; cache IME local bc17e56789257c833f39a9dbfc4c4cdb9a335bb2b5d2625dcccd1175289781af,.cache/fundonet-ime/bc17e56789257c833f39a9dbfc4c4cdb9a335bb2b5d2625dcccd1175289781af,Carteiras selecionadas,Quatá FGTS
55401645000128,Quatá FGTS,02/2025,PL (R$ MM),187.38284430000002,R$ MM,Visão Executiva canônica; cache IME local bc17e56789257c833f39a9dbfc4c4cdb9a335bb2b5d2625dcccd1175289781af,.cache/fundonet-ime/bc17e56789257c833f39a9dbfc4c4cdb9a335bb2b5d2625dcccd1175289781af,Carteiras selecionadas,Quatá FGTS
55401645000128,Quatá FGTS,03/2026,Dir Cred (R$ MM),246.20164415,R$ MM,Visão Executiva canônica; cache IME local bc17e56789257c833f39a9dbfc4c4cdb9a335bb2b5d2625dcccd1175289781af,.cache/fundonet-ime/bc17e56789257c833f39a9dbfc4c4cdb9a335bb2b5d2625dcccd1175289781af,Carteiras selecionadas,Quatá FGTS
55401645000128,Quatá FGTS,02/2026,Dir Cred (R$ MM),253.79657225,R$ MM,Visão Executiva canônica; cache IME local bc17e56789257c833f39a9dbfc4c4cdb9a335bb2b5d2625dcccd1175289781af,.cache/fundonet-ime/bc17e56789257c833f39a9dbfc4c4cdb9a335bb2b5d2625dcccd1175289781af,Carteiras selecionadas,Quatá FGTS
55401645000128,Quatá FGTS,01/2026,Dir Cred (R$ MM),260.35381394,R$ MM,Visão Executiva canônica; cache IME local bc17e56789257c833f39a9dbfc4c4cdb9a335bb2b5d2625dcccd1175289781af,.cache/fundonet-ime/bc17e56789257c833f39a9dbfc4c4cdb9a335bb2b5d2625dcccd1175289781af,Carteiras selecionadas,Quatá FGTS
55401645000128,Quatá FGTS,12/2025,Dir Cred (R$ MM),267.62875055,R$ MM,Visão Executiva canônica; cache IME local bc17e56789257c833f39a9dbfc4c4cdb9a335bb2b5d2625dcccd1175289781af,.cache/fundonet-ime/bc17e56789257c833f39a9dbfc4c4cdb9a335bb2b5d2625dcccd1175289781af,Carteiras selecionadas,Quatá FGTS
55401645000128,Quatá FGTS,11/2025,Dir Cred (R$ MM),274.67324195,R$ MM,Visão Executiva canônica; cache IME local bc17e56789257c833f39a9dbfc4c4cdb9a335bb2b5d2625dcccd1175289781af,.cache/fundonet-ime/bc17e56789257c833f39a9dbfc4c4cdb9a335bb2b5d2625dcccd1175289781af,Carteiras selecionadas,Quatá FGTS
55401645000128,Quatá FGTS,10/2025,Dir Cred (R$ MM),281.8574415,R$ MM,Visão Executiva canônica; cache IME local bc17e56789257c833f39a9dbfc4c4cdb9a335bb2b5d2625dcccd1175289781af,.cache/fundonet-ime/bc17e56789257c833f39a9dbfc4c4cdb9a335bb2b5d2625dcccd1175289781af,Carteiras selecionadas,Quatá FGTS
55401645000128,Quatá FGTS,09/2025,Dir Cred (R$ MM),289.40456762,R$ MM,Visão Executiva canônica; cache IME local bc17e56789257c833f39a9dbfc4c4cdb9a335bb2b5d2625dcccd1175289781af,.cache/fundonet-ime/bc17e56789257c833f39a9dbfc4c4cdb9a335bb2b5d2625dcccd1175289781af,Carteiras selecionadas,Quatá FGTS
55401645000128,Quatá FGTS,08/2025,Dir Cred (R$ MM),155.83694841,R$ MM,Visão Executiva canônica; cache IME local bc17e56789257c833f39a9dbfc4c4cdb9a335bb2b5d2625dcccd1175289781af,.cache/fundonet-ime/bc17e56789257c833f39a9dbfc4c4cdb9a335bb2b5d2625dcccd1175289781af,Carteiras selecionadas,Quatá FGTS
55401645000128,Quatá FGTS,07/2025,Dir Cred (R$ MM),159.80035372,R$ MM,Visão Executiva canônica; cache IME local bc17e56789257c833f39a9dbfc4c4cdb9a335bb2b5d2625dcccd1175289781af,.cache/fundonet-ime/bc17e56789257c833f39a9dbfc4c4cdb9a335bb2b5d2625dcccd1175289781af,Carteiras selecionadas,Quatá FGTS
55401645000128,Quatá FGTS,06/2025,Dir Cred (R$ MM),163.96943607,R$ MM,Visão Executiva canônica; cache IME local bc17e56789257c833f39a9dbfc4c4cdb9a335bb2b5d2625dcccd1175289781af,.cache/fundonet-ime/bc17e56789257c833f39a9dbfc4c4cdb9a335bb2b5d2625dcccd1175289781af,Carteiras selecionadas,Quatá FGTS
55401645000128,Quatá FGTS,05/2025,Dir Cred (R$ MM),168.20092121,R$ MM,Visão Executiva canônica; cache IME local bc17e56789257c833f39a9dbfc4c4cdb9a335bb2b5d2625dcccd1175289781af,.cache/fundonet-ime/bc17e56789257c833f39a9dbfc4c4cdb9a335bb2b5d2625dcccd1175289781af,Carteiras selecionadas,Quatá FGTS
55401645000128,Quatá FGTS,04/2025,Dir Cred (R$ MM),170.43030164,R$ MM,Visão Executiva canônica; cache IME local bc17e56789257c833f39a9dbfc4c4cdb9a335bb2b5d2625dcccd1175289781af,.cache/fundonet-ime/bc17e56789257c833f39a9dbfc4c4cdb9a335bb2b5d2625dcccd1175289781af,Carteiras selecionadas,Quatá FGTS
55401645000128,Quatá FGTS,03/2025,Dir Cred (R$ MM),172.05435818,R$ MM,Visão Executiva canônica; cache IME local bc17e56789257c833f39a9dbfc4c4cdb9a335bb2b5d2625dcccd1175289781af,.cache/fundonet-ime/bc17e56789257c833f39a9dbfc4c4cdb9a335bb2b5d2625dcccd1175289781af,Carteiras selecionadas,Quatá FGTS
55401645000128,Quatá FGTS,02/2025,Dir Cred (R$ MM),171.74040123000003,R$ MM,Visão Executiva canônica; cache IME local bc17e56789257c833f39a9dbfc4c4cdb9a335bb2b5d2625dcccd1175289781af,.cache/fundonet-ime/bc17e56789257c833f39a9dbfc4c4cdb9a335bb2b5d2625dcccd1175289781af,Carteiras selecionadas,Quatá FGTS
55401645000128,Quatá FGTS,03/2026,Dir Cred / PL,0.9982960426520808,ratio,Visão Executiva canônica; cache IME local bc17e56789257c833f39a9dbfc4c4cdb9a335bb2b5d2625dcccd1175289781af,.cache/fundonet-ime/bc17e56789257c833f39a9dbfc4c4cdb9a335bb2b5d2625dcccd1175289781af,Carteiras selecionadas,Quatá FGTS
55401645000128,Quatá FGTS,02/2026,Dir Cred / PL,0.982394500991758,ratio,Visão Executiva canônica; cache IME local bc17e56789257c833f39a9dbfc4c4cdb9a335bb2b5d2625dcccd1175289781af,.cache/fundonet-ime/bc17e56789257c833f39a9dbfc4c4cdb9a335bb2b5d2625dcccd1175289781af,Carteiras selecionadas,Quatá FGTS
55401645000128,Quatá FGTS,01/2026,Dir Cred / PL,0.9890065405281306,ratio,Visão Executiva canônica; cache IME local bc17e56789257c833f39a9dbfc4c4cdb9a335bb2b5d2625dcccd1175289781af,.cache/fundonet-ime/bc17e56789257c833f39a9dbfc4c4cdb9a335bb2b5d2625dcccd1175289781af,Carteiras selecionadas,Quatá FGTS
55401645000128,Quatá FGTS,12/2025,Dir Cred / PL,0.9972749611146375,ratio,Visão Executiva canônica; cache IME local bc17e56789257c833f39a9dbfc4c4cdb9a335bb2b5d2625dcccd1175289781af,.cache/fundonet-ime/bc17e56789257c833f39a9dbfc4c4cdb9a335bb2b5d2625dcccd1175289781af,Carteiras selecionadas,Quatá FGTS
55401645000128,Quatá FGTS,11/2025,Dir Cred / PL,0.9897515987075427,ratio,Visão Executiva canônica; cache IME local bc17e56789257c833f39a9dbfc4c4cdb9a335bb2b5d2625dcccd1175289781af,.cache/fundonet-ime/bc17e56789257c833f39a9dbfc4c4cdb9a335bb2b5d2625dcccd1175289781af,Carteiras selecionadas,Quatá FGTS
55401645000128,Quatá FGTS,10/2025,Dir Cred / PL,0.9995467514007097,ratio,Visão Executiva canônica; cache IME local bc17e56789257c833f39a9dbfc4c4cdb9a335bb2b5d2625dcccd1175289781af,.cache/fundonet-ime/bc17e56789257c833f39a9dbfc4c4cdb9a335bb2b5d2625dcccd1175289781af,Carteiras selecionadas,Quatá FGTS
55401645000128,Quatá FGTS,09/2025,Dir Cred / PL,1.002415111229348,ratio,Visão Executiva canônica; cache IME local bc17e56789257c833f39a9dbfc4c4cdb9a335bb2b5d2625dcccd1175289781af,.cache/fundonet-ime/bc17e56789257c833f39a9dbfc4c4cdb9a335bb2b5d2625dcccd1175289781af,Carteiras selecionadas,Quatá FGTS
55401645000128,Quatá FGTS,08/2025,Dir Cred / PL,0.9572559626965201,ratio,Visão Executiva canônica; cache IME local bc17e56789257c833f39a9dbfc4c4cdb9a335bb2b5d2625dcccd1175289781af,.cache/fundonet-ime/bc17e56789257c833f39a9dbfc4c4cdb9a335bb2b5d2625dcccd1175289781af,Carteiras selecionadas,Quatá FGTS
55401645000128,Quatá FGTS,07/2025,Dir Cred / PL,0.9574912623962757,ratio,Visão Executiva canônica; cache IME local bc17e56789257c833f39a9dbfc4c4cdb9a335bb2b5d2625dcccd1175289781af,.cache/fundonet-ime/bc17e56789257c833f39a9dbfc4c4cdb9a335bb2b5d2625dcccd1175289781af,Carteiras selecionadas,Quatá FGTS
55401645000128,Quatá FGTS,06/2025,Dir Cred / PL,0.9719765025386926,ratio,Visão Executiva canônica; cache IME local bc17e56789257c833f39a9dbfc4c4cdb9a335bb2b5d2625dcccd1175289781af,.cache/fundonet-ime/bc17e56789257c833f39a9dbfc4c4cdb9a335bb2b5d2625dcccd1175289781af,Carteiras selecionadas,Quatá FGTS
55401645000128,Quatá FGTS,05/2025,Dir Cred / PL,0.9714071435501592,ratio,Visão Executiva canônica; cache IME local bc17e56789257c833f39a9dbfc4c4cdb9a335bb2b5d2625dcccd1175289781af,.cache/fundonet-ime/bc17e56789257c833f39a9dbfc4c4cdb9a335bb2b5d2625dcccd1175289781af,Carteiras selecionadas,Quatá FGTS
55401645000128,Quatá FGTS,04/2025,Dir Cred / PL,0.9658910011978087,ratio,Visão Executiva canônica; cache IME local bc17e56789257c833f39a9dbfc4c4cdb9a335bb2b5d2625dcccd1175289781af,.cache/fundonet-ime/bc17e56789257c833f39a9dbfc4c4cdb9a335bb2b5d2625dcccd1175289781af,Carteiras selecionadas,Quatá FGTS
55401645000128,Quatá FGTS,03/2025,Dir Cred / PL,0.9105986264834842,ratio,Visão Executiva canônica; cache IME local bc17e56789257c833f39a9dbfc4c4cdb9a335bb2b5d2625dcccd1175289781af,.cache/fundonet-ime/bc17e56789257c833f39a9dbfc4c4cdb9a335bb2b5d2625dcccd1175289781af,Carteiras selecionadas,Quatá FGTS
55401645000128,Quatá FGTS,02/2025,Dir Cred / PL,0.9165214770411082,ratio,Visão Executiva canônica; cache IME local bc17e56789257c833f39a9dbfc4c4cdb9a335bb2b5d2625dcccd1175289781af,.cache/fundonet-ime/bc17e56789257c833f39a9dbfc4c4cdb9a335bb2b5d2625dcccd1175289781af,Carteiras selecionadas,Quatá FGTS
55401645000128,Quatá FGTS,03/2026,Vencidos <= 90 d (R$ MM),0.04565835999999999,R$ MM,Visão Executiva canônica; cache IME local bc17e56789257c833f39a9dbfc4c4cdb9a335bb2b5d2625dcccd1175289781af,.cache/fundonet-ime/bc17e56789257c833f39a9dbfc4c4cdb9a335bb2b5d2625dcccd1175289781af,Carteiras selecionadas,Quatá FGTS
55401645000128,Quatá FGTS,02/2026,Vencidos <= 90 d (R$ MM),0.07945695999999998,R$ MM,Visão Executiva canônica; cache IME local bc17e56789257c833f39a9dbfc4c4cdb9a335bb2b5d2625dcccd1175289781af,.cache/fundonet-ime/bc17e56789257c833f39a9dbfc4c4cdb9a335bb2b5d2625dcccd1175289781af,Carteiras selecionadas,Quatá FGTS
55401645000128,Quatá FGTS,01/2026,Vencidos <= 90 d (R$ MM),0.12601575,R$ MM,Visão Executiva canônica; cache IME local bc17e56789257c833f39a9dbfc4c4cdb9a335bb2b5d2625dcccd1175289781af,.cache/fundonet-ime/bc17e56789257c833f39a9dbfc4c4cdb9a335bb2b5d2625dcccd1175289781af,Carteiras selecionadas,Quatá FGTS
55401645000128,Quatá FGTS,12/2025,Vencidos <= 90 d (R$ MM),0.09770935,R$ MM,Visão Executiva canônica; cache IME local bc17e56789257c833f39a9dbfc4c4cdb9a335bb2b5d2625dcccd1175289781af,.cache/fundonet-ime/bc17e56789257c833f39a9dbfc4c4cdb9a335bb2b5d2625dcccd1175289781af,Carteiras selecionadas,Quatá FGTS
55401645000128,Quatá FGTS,11/2025,Vencidos <= 90 d (R$ MM),0.11438794000000001,R$ MM,Visão Executiva canônica; cache IME local bc17e56789257c833f39a9dbfc4c4cdb9a335bb2b5d2625dcccd1175289781af,.cache/fundonet-ime/bc17e56789257c833f39a9dbfc4c4cdb9a335bb2b5d2625dcccd1175289781af,Carteiras selecionadas,Quatá FGTS
55401645000128,Quatá FGTS,10/2025,Vencidos <= 90 d (R$ MM),0.037528490000000005,R$ MM,Visão Executiva canônica; cache IME local bc17e56789257c833f39a9dbfc4c4cdb9a335bb2b5d2625dcccd1175289781af,.cache/fundonet-ime/bc17e56789257c833f39a9dbfc4c4cdb9a335bb2b5d2625dcccd1175289781af,Carteiras selecionadas,Quatá FGTS
55401645000128,Quatá FGTS,09/2025,Vencidos <= 90 d (R$ MM),0.0008553100000000004,R$ MM,Visão Executiva canônica; cache IME local bc17e56789257c833f39a9dbfc4c4cdb9a335bb2b5d2625dcccd1175289781af,.cache/fundonet-ime/bc17e56789257c833f39a9dbfc4c4cdb9a335bb2b5d2625dcccd1175289781af,Carteiras selecionadas,Quatá FGTS
55401645000128,Quatá FGTS,08/2025,Vencidos <= 90 d (R$ MM),0.0009178200000000002,R$ MM,Visão Executiva canônica; cache IME local bc17e56789257c833f39a9dbfc4c4cdb9a335bb2b5d2625dcccd1175289781af,.cache/fundonet-ime/bc17e56789257c833f39a9dbfc4c4cdb9a335bb2b5d2625dcccd1175289781af,Carteiras selecionadas,Quatá FGTS
55401645000128,Quatá FGTS,07/2025,Vencidos <= 90 d (R$ MM),0.00025809000000000015,R$ MM,Visão Executiva canônica; cache IME local bc17e56789257c833f39a9dbfc4c4cdb9a335bb2b5d2625dcccd1175289781af,.cache/fundonet-ime/bc17e56789257c833f39a9dbfc4c4cdb9a335bb2b5d2625dcccd1175289781af,Carteiras selecionadas,Quatá FGTS
55401645000128,Quatá FGTS,06/2025,Vencidos <= 90 d (R$ MM),0.0028793,R$ MM,Visão Executiva canônica; cache IME local bc17e56789257c833f39a9dbfc4c4cdb9a335bb2b5d2625dcccd1175289781af,.cache/fundonet-ime/bc17e56789257c833f39a9dbfc4c4cdb9a335bb2b5d2625dcccd1175289781af,Carteiras selecionadas,Quatá FGTS
55401645000128,Quatá FGTS,05/2025,Vencidos <= 90 d (R$ MM),0.00236736,R$ MM,Visão Executiva canônica; cache IME local bc17e56789257c833f39a9dbfc4c4cdb9a335bb2b5d2625dcccd1175289781af,.cache/fundonet-ime/bc17e56789257c833f39a9dbfc4c4cdb9a335bb2b5d2625dcccd1175289781af,Carteiras selecionadas,Quatá FGTS
55401645000128,Quatá FGTS,04/2025,Vencidos <= 90 d (R$ MM),0.0006669,R$ MM,Visão Executiva canônica; cache IME local bc17e56789257c833f39a9dbfc4c4cdb9a335bb2b5d2625dcccd1175289781af,.cache/fundonet-ime/bc17e56789257c833f39a9dbfc4c4cdb9a335bb2b5d2625dcccd1175289781af,Carteiras selecionadas,Quatá FGTS
55401645000128,Quatá FGTS,03/2025,Vencidos <= 90 d (R$ MM),0.00102581,R$ MM,Visão Executiva canônica; cache IME local bc17e56789257c833f39a9dbfc4c4cdb9a335bb2b5d2625dcccd1175289781af,.cache/fundonet-ime/bc17e56789257c833f39a9dbfc4c4cdb9a335bb2b5d2625dcccd1175289781af,Carteiras selecionadas,Quatá FGTS
55401645000128,Quatá FGTS,02/2025,Vencidos <= 90 d (R$ MM),0.00092959,R$ MM,Visão Executiva canônica; cache IME local bc17e56789257c833f39a9dbfc4c4cdb9a335bb2b5d2625dcccd1175289781af,.cache/fundonet-ime/bc17e56789257c833f39a9dbfc4c4cdb9a335bb2b5d2625dcccd1175289781af,Carteiras selecionadas,Quatá FGTS
55401645000128,Quatá FGTS,03/2026,Vencidos > 90 d (R$ MM),0.13449289,R$ MM,Visão Executiva canônica; cache IME local bc17e56789257c833f39a9dbfc4c4cdb9a335bb2b5d2625dcccd1175289781af,.cache/fundonet-ime/bc17e56789257c833f39a9dbfc4c4cdb9a335bb2b5d2625dcccd1175289781af,Carteiras selecionadas,Quatá FGTS
55401645000128,Quatá FGTS,02/2026,Vencidos > 90 d (R$ MM),0.09061140000000001,R$ MM,Visão Executiva canônica; cache IME local bc17e56789257c833f39a9dbfc4c4cdb9a335bb2b5d2625dcccd1175289781af,.cache/fundonet-ime/bc17e56789257c833f39a9dbfc4c4cdb9a335bb2b5d2625dcccd1175289781af,Carteiras selecionadas,Quatá FGTS
55401645000128,Quatá FGTS,01/2026,Vencidos > 90 d (R$ MM),0.04155297,R$ MM,Visão Executiva canônica; cache IME local bc17e56789257c833f39a9dbfc4c4cdb9a335bb2b5d2625dcccd1175289781af,.cache/fundonet-ime/bc17e56789257c833f39a9dbfc4c4cdb9a335bb2b5d2625dcccd1175289781af,Carteiras selecionadas,Quatá FGTS
55401645000128,Quatá FGTS,12/2025,Vencidos > 90 d (R$ MM),0.04155297000000001,R$ MM,Visão Executiva canônica; cache IME local bc17e56789257c833f39a9dbfc4c4cdb9a335bb2b5d2625dcccd1175289781af,.cache/fundonet-ime/bc17e56789257c833f39a9dbfc4c4cdb9a335bb2b5d2625dcccd1175289781af,Carteiras selecionadas,Quatá FGTS
55401645000128,Quatá FGTS,11/2025,Vencidos > 90 d (R$ MM),0.00408731,R$ MM,Visão Executiva canônica; cache IME local bc17e56789257c833f39a9dbfc4c4cdb9a335bb2b5d2625dcccd1175289781af,.cache/fundonet-ime/bc17e56789257c833f39a9dbfc4c4cdb9a335bb2b5d2625dcccd1175289781af,Carteiras selecionadas,Quatá FGTS
55401645000128,Quatá FGTS,10/2025,Vencidos > 90 d (R$ MM),0.004087309999999999,R$ MM,Visão Executiva canônica; cache IME local bc17e56789257c833f39a9dbfc4c4cdb9a335bb2b5d2625dcccd1175289781af,.cache/fundonet-ime/bc17e56789257c833f39a9dbfc4c4cdb9a335bb2b5d2625dcccd1175289781af,Carteiras selecionadas,Quatá FGTS
55401645000128,Quatá FGTS,09/2025,Vencidos > 90 d (R$ MM),0.00342758,R$ MM,Visão Executiva canônica; cache IME local bc17e56789257c833f39a9dbfc4c4cdb9a335bb2b5d2625dcccd1175289781af,.cache/fundonet-ime/bc17e56789257c833f39a9dbfc4c4cdb9a335bb2b5d2625dcccd1175289781af,Carteiras selecionadas,Quatá FGTS
55401645000128,Quatá FGTS,08/2025,Vencidos > 90 d (R$ MM),0.00319663,R$ MM,Visão Executiva canônica; cache IME local bc17e56789257c833f39a9dbfc4c4cdb9a335bb2b5d2625dcccd1175289781af,.cache/fundonet-ime/bc17e56789257c833f39a9dbfc4c4cdb9a335bb2b5d2625dcccd1175289781af,Carteiras selecionadas,Quatá FGTS
55401645000128,Quatá FGTS,07/2025,Vencidos > 90 d (R$ MM),0.00319663,R$ MM,Visão Executiva canônica; cache IME local bc17e56789257c833f39a9dbfc4c4cdb9a335bb2b5d2625dcccd1175289781af,.cache/fundonet-ime/bc17e56789257c833f39a9dbfc4c4cdb9a335bb2b5d2625dcccd1175289781af,Carteiras selecionadas,Quatá FGTS
55401645000128,Quatá FGTS,06/2025,Vencidos > 90 d (R$ MM),0.0009143599999999999,R$ MM,Visão Executiva canônica; cache IME local bc17e56789257c833f39a9dbfc4c4cdb9a335bb2b5d2625dcccd1175289781af,.cache/fundonet-ime/bc17e56789257c833f39a9dbfc4c4cdb9a335bb2b5d2625dcccd1175289781af,Carteiras selecionadas,Quatá FGTS
55401645000128,Quatá FGTS,05/2025,Vencidos > 90 d (R$ MM),0.00082927,R$ MM,Visão Executiva canônica; cache IME local bc17e56789257c833f39a9dbfc4c4cdb9a335bb2b5d2625dcccd1175289781af,.cache/fundonet-ime/bc17e56789257c833f39a9dbfc4c4cdb9a335bb2b5d2625dcccd1175289781af,Carteiras selecionadas,Quatá FGTS
55401645000128,Quatá FGTS,04/2025,Vencidos > 90 d (R$ MM),0.00061335,R$ MM,Visão Executiva canônica; cache IME local bc17e56789257c833f39a9dbfc4c4cdb9a335bb2b5d2625dcccd1175289781af,.cache/fundonet-ime/bc17e56789257c833f39a9dbfc4c4cdb9a335bb2b5d2625dcccd1175289781af,Carteiras selecionadas,Quatá FGTS
55401645000128,Quatá FGTS,03/2025,Vencidos > 90 d (R$ MM),0.00011903,R$ MM,Visão Executiva canônica; cache IME local bc17e56789257c833f39a9dbfc4c4cdb9a335bb2b5d2625dcccd1175289781af,.cache/fundonet-ime/bc17e56789257c833f39a9dbfc4c4cdb9a335bb2b5d2625dcccd1175289781af,Carteiras selecionadas,Quatá FGTS
55401645000128,Quatá FGTS,02/2025,Vencidos > 90 d (R$ MM),5.274e-05,R$ MM,Visão Executiva canônica; cache IME local bc17e56789257c833f39a9dbfc4c4cdb9a335bb2b5d2625dcccd1175289781af,.cache/fundonet-ime/bc17e56789257c833f39a9dbfc4c4cdb9a335bb2b5d2625dcccd1175289781af,Carteiras selecionadas,Quatá FGTS
55401645000128,Quatá FGTS,03/2026,Vencidos Total (R$ MM),0.18015125,R$ MM,Visão Executiva canônica; cache IME local bc17e56789257c833f39a9dbfc4c4cdb9a335bb2b5d2625dcccd1175289781af,.cache/fundonet-ime/bc17e56789257c833f39a9dbfc4c4cdb9a335bb2b5d2625dcccd1175289781af,Carteiras selecionadas,Quatá FGTS
55401645000128,Quatá FGTS,02/2026,Vencidos Total (R$ MM),0.17006835999999997,R$ MM,Visão Executiva canônica; cache IME local bc17e56789257c833f39a9dbfc4c4cdb9a335bb2b5d2625dcccd1175289781af,.cache/fundonet-ime/bc17e56789257c833f39a9dbfc4c4cdb9a335bb2b5d2625dcccd1175289781af,Carteiras selecionadas,Quatá FGTS
55401645000128,Quatá FGTS,01/2026,Vencidos Total (R$ MM),0.16756872,R$ MM,Visão Executiva canônica; cache IME local bc17e56789257c833f39a9dbfc4c4cdb9a335bb2b5d2625dcccd1175289781af,.cache/fundonet-ime/bc17e56789257c833f39a9dbfc4c4cdb9a335bb2b5d2625dcccd1175289781af,Carteiras selecionadas,Quatá FGTS
55401645000128,Quatá FGTS,12/2025,Vencidos Total (R$ MM),0.13926232,R$ MM,Visão Executiva canônica; cache IME local bc17e56789257c833f39a9dbfc4c4cdb9a335bb2b5d2625dcccd1175289781af,.cache/fundonet-ime/bc17e56789257c833f39a9dbfc4c4cdb9a335bb2b5d2625dcccd1175289781af,Carteiras selecionadas,Quatá FGTS
55401645000128,Quatá FGTS,11/2025,Vencidos Total (R$ MM),0.11847525,R$ MM,Visão Executiva canônica; cache IME local bc17e56789257c833f39a9dbfc4c4cdb9a335bb2b5d2625dcccd1175289781af,.cache/fundonet-ime/bc17e56789257c833f39a9dbfc4c4cdb9a335bb2b5d2625dcccd1175289781af,Carteiras selecionadas,Quatá FGTS
55401645000128,Quatá FGTS,10/2025,Vencidos Total (R$ MM),0.0416158,R$ MM,Visão Executiva canônica; cache IME local bc17e56789257c833f39a9dbfc4c4cdb9a335bb2b5d2625dcccd1175289781af,.cache/fundonet-ime/bc17e56789257c833f39a9dbfc4c4cdb9a335bb2b5d2625dcccd1175289781af,Carteiras selecionadas,Quatá FGTS
55401645000128,Quatá FGTS,09/2025,Vencidos Total (R$ MM),0.00428289,R$ MM,Visão Executiva canônica; cache IME local bc17e56789257c833f39a9dbfc4c4cdb9a335bb2b5d2625dcccd1175289781af,.cache/fundonet-ime/bc17e56789257c833f39a9dbfc4c4cdb9a335bb2b5d2625dcccd1175289781af,Carteiras selecionadas,Quatá FGTS
55401645000128,Quatá FGTS,08/2025,Vencidos Total (R$ MM),0.0041144499999999995,R$ MM,Visão Executiva canônica; cache IME local bc17e56789257c833f39a9dbfc4c4cdb9a335bb2b5d2625dcccd1175289781af,.cache/fundonet-ime/bc17e56789257c833f39a9dbfc4c4cdb9a335bb2b5d2625dcccd1175289781af,Carteiras selecionadas,Quatá FGTS
55401645000128,Quatá FGTS,07/2025,Vencidos Total (R$ MM),0.0034547199999999997,R$ MM,Visão Executiva canônica; cache IME local bc17e56789257c833f39a9dbfc4c4cdb9a335bb2b5d2625dcccd1175289781af,.cache/fundonet-ime/bc17e56789257c833f39a9dbfc4c4cdb9a335bb2b5d2625dcccd1175289781af,Carteiras selecionadas,Quatá FGTS
55401645000128,Quatá FGTS,06/2025,Vencidos Total (R$ MM),0.00379366,R$ MM,Visão Executiva canônica; cache IME local bc17e56789257c833f39a9dbfc4c4cdb9a335bb2b5d2625dcccd1175289781af,.cache/fundonet-ime/bc17e56789257c833f39a9dbfc4c4cdb9a335bb2b5d2625dcccd1175289781af,Carteiras selecionadas,Quatá FGTS
55401645000128,Quatá FGTS,05/2025,Vencidos Total (R$ MM),0.0031966300000000002,R$ MM,Visão Executiva canônica; cache IME local bc17e56789257c833f39a9dbfc4c4cdb9a335bb2b5d2625dcccd1175289781af,.cache/fundonet-ime/bc17e56789257c833f39a9dbfc4c4cdb9a335bb2b5d2625dcccd1175289781af,Carteiras selecionadas,Quatá FGTS
55401645000128,Quatá FGTS,04/2025,Vencidos Total (R$ MM),0.00128025,R$ MM,Visão Executiva canônica; cache IME local bc17e56789257c833f39a9dbfc4c4cdb9a335bb2b5d2625dcccd1175289781af,.cache/fundonet-ime/bc17e56789257c833f39a9dbfc4c4cdb9a335bb2b5d2625dcccd1175289781af,Carteiras selecionadas,Quatá FGTS
55401645000128,Quatá FGTS,03/2025,Vencidos Total (R$ MM),0.0011448399999999998,R$ MM,Visão Executiva canônica; cache IME local bc17e56789257c833f39a9dbfc4c4cdb9a335bb2b5d2625dcccd1175289781af,.cache/fundonet-ime/bc17e56789257c833f39a9dbfc4c4cdb9a335bb2b5d2625dcccd1175289781af,Carteiras selecionadas,Quatá FGTS
55401645000128,Quatá FGTS,02/2025,Vencidos Total (R$ MM),0.00098233,R$ MM,Visão Executiva canônica; cache IME local bc17e56789257c833f39a9dbfc4c4cdb9a335bb2b5d2625dcccd1175289781af,.cache/fundonet-ime/bc17e56789257c833f39a9dbfc4c4cdb9a335bb2b5d2625dcccd1175289781af,Carteiras selecionadas,Quatá FGTS
55401645000128,Quatá FGTS,03/2026,Vencidos <= 90 d / Crédito,0.00018545107672872534,ratio,Visão Executiva canônica; cache IME local bc17e56789257c833f39a9dbfc4c4cdb9a335bb2b5d2625dcccd1175289781af,.cache/fundonet-ime/bc17e56789257c833f39a9dbfc4c4cdb9a335bb2b5d2625dcccd1175289781af,Carteiras selecionadas,Quatá FGTS
55401645000128,Quatá FGTS,02/2026,Vencidos <= 90 d / Crédito,0.0003130734166170362,ratio,Visão Executiva canônica; cache IME local bc17e56789257c833f39a9dbfc4c4cdb9a335bb2b5d2625dcccd1175289781af,.cache/fundonet-ime/bc17e56789257c833f39a9dbfc4c4cdb9a335bb2b5d2625dcccd1175289781af,Carteiras selecionadas,Quatá FGTS
55401645000128,Quatá FGTS,01/2026,Vencidos <= 90 d / Crédito,0.00048401729973904294,ratio,Visão Executiva canônica; cache IME local bc17e56789257c833f39a9dbfc4c4cdb9a335bb2b5d2625dcccd1175289781af,.cache/fundonet-ime/bc17e56789257c833f39a9dbfc4c4cdb9a335bb2b5d2625dcccd1175289781af,Carteiras selecionadas,Quatá FGTS
55401645000128,Quatá FGTS,12/2025,Vencidos <= 90 d / Crédito,0.00036509287510851855,ratio,Visão Executiva canônica; cache IME local bc17e56789257c833f39a9dbfc4c4cdb9a335bb2b5d2625dcccd1175289781af,.cache/fundonet-ime/bc17e56789257c833f39a9dbfc4c4cdb9a335bb2b5d2625dcccd1175289781af,Carteiras selecionadas,Quatá FGTS
55401645000128,Quatá FGTS,11/2025,Vencidos <= 90 d / Crédito,0.0004164509771243846,ratio,Visão Executiva canônica; cache IME local bc17e56789257c833f39a9dbfc4c4cdb9a335bb2b5d2625dcccd1175289781af,.cache/fundonet-ime/bc17e56789257c833f39a9dbfc4c4cdb9a335bb2b5d2625dcccd1175289781af,Carteiras selecionadas,Quatá FGTS
55401645000128,Quatá FGTS,10/2025,Vencidos <= 90 d / Crédito,0.00013314706115360805,ratio,Visão Executiva canônica; cache IME local bc17e56789257c833f39a9dbfc4c4cdb9a335bb2b5d2625dcccd1175289781af,.cache/fundonet-ime/bc17e56789257c833f39a9dbfc4c4cdb9a335bb2b5d2625dcccd1175289781af,Carteiras selecionadas,Quatá FGTS
55401645000128,Quatá FGTS,09/2025,Vencidos <= 90 d / Crédito,2.955412926042886e-06,ratio,Visão Executiva canônica; cache IME local bc17e56789257c833f39a9dbfc4c4cdb9a335bb2b5d2625dcccd1175289781af,.cache/fundonet-ime/bc17e56789257c833f39a9dbfc4c4cdb9a335bb2b5d2625dcccd1175289781af,Carteiras selecionadas,Quatá FGTS
55401645000128,Quatá FGTS,08/2025,Vencidos <= 90 d / Crédito,5.889617381272489e-06,ratio,Visão Executiva canônica; cache IME local bc17e56789257c833f39a9dbfc4c4cdb9a335bb2b5d2625dcccd1175289781af,.cache/fundonet-ime/bc17e56789257c833f39a9dbfc4c4cdb9a335bb2b5d2625dcccd1175289781af,Carteiras selecionadas,Quatá FGTS
55401645000128,Quatá FGTS,07/2025,Vencidos <= 90 d / Crédito,1.6150777766876657e-06,ratio,Visão Executiva canônica; cache IME local bc17e56789257c833f39a9dbfc4c4cdb9a335bb2b5d2625dcccd1175289781af,.cache/fundonet-ime/bc17e56789257c833f39a9dbfc4c4cdb9a335bb2b5d2625dcccd1175289781af,Carteiras selecionadas,Quatá FGTS
55401645000128,Quatá FGTS,06/2025,Vencidos <= 90 d / Crédito,1.755997989022053e-05,ratio,Visão Executiva canônica; cache IME local bc17e56789257c833f39a9dbfc4c4cdb9a335bb2b5d2625dcccd1175289781af,.cache/fundonet-ime/bc17e56789257c833f39a9dbfc4c4cdb9a335bb2b5d2625dcccd1175289781af,Carteiras selecionadas,Quatá FGTS
55401645000128,Quatá FGTS,05/2025,Vencidos <= 90 d / Crédito,1.4074595923552257e-05,ratio,Visão Executiva canônica; cache IME local bc17e56789257c833f39a9dbfc4c4cdb9a335bb2b5d2625dcccd1175289781af,.cache/fundonet-ime/bc17e56789257c833f39a9dbfc4c4cdb9a335bb2b5d2625dcccd1175289781af,Carteiras selecionadas,Quatá FGTS
55401645000128,Quatá FGTS,04/2025,Vencidos <= 90 d / Crédito,3.913036552670622e-06,ratio,Visão Executiva canônica; cache IME local bc17e56789257c833f39a9dbfc4c4cdb9a335bb2b5d2625dcccd1175289781af,.cache/fundonet-ime/bc17e56789257c833f39a9dbfc4c4cdb9a335bb2b5d2625dcccd1175289781af,Carteiras selecionadas,Quatá FGTS
55401645000128,Quatá FGTS,03/2025,Vencidos <= 90 d / Crédito,5.96212738143382e-06,ratio,Visão Executiva canônica; cache IME local bc17e56789257c833f39a9dbfc4c4cdb9a335bb2b5d2625dcccd1175289781af,.cache/fundonet-ime/bc17e56789257c833f39a9dbfc4c4cdb9a335bb2b5d2625dcccd1175289781af,Carteiras selecionadas,Quatá FGTS
55401645000128,Quatá FGTS,02/2025,Vencidos <= 90 d / Crédito,5.412762479546467e-06,ratio,Visão Executiva canônica; cache IME local bc17e56789257c833f39a9dbfc4c4cdb9a335bb2b5d2625dcccd1175289781af,.cache/fundonet-ime/bc17e56789257c833f39a9dbfc4c4cdb9a335bb2b5d2625dcccd1175289781af,Carteiras selecionadas,Quatá FGTS
55401645000128,Quatá FGTS,03/2026,Vencidos > 90 d / Crédito,0.0005462712910156656,ratio,Visão Executiva canônica; cache IME local bc17e56789257c833f39a9dbfc4c4cdb9a335bb2b5d2625dcccd1175289781af,.cache/fundonet-ime/bc17e56789257c833f39a9dbfc4c4cdb9a335bb2b5d2625dcccd1175289781af,Carteiras selecionadas,Quatá FGTS
55401645000128,Quatá FGTS,02/2026,Vencidos > 90 d / Crédito,0.00035702373438969883,ratio,Visão Executiva canônica; cache IME local bc17e56789257c833f39a9dbfc4c4cdb9a335bb2b5d2625dcccd1175289781af,.cache/fundonet-ime/bc17e56789257c833f39a9dbfc4c4cdb9a335bb2b5d2625dcccd1175289781af,Carteiras selecionadas,Quatá FGTS
55401645000128,Quatá FGTS,01/2026,Vencidos > 90 d / Crédito,0.00015960192543818896,ratio,Visão Executiva canônica; cache IME local bc17e56789257c833f39a9dbfc4c4cdb9a335bb2b5d2625dcccd1175289781af,.cache/fundonet-ime/bc17e56789257c833f39a9dbfc4c4cdb9a335bb2b5d2625dcccd1175289781af,Carteiras selecionadas,Quatá FGTS
55401645000128,Quatá FGTS,12/2025,Vencidos > 90 d / Crédito,0.00015526347567144821,ratio,Visão Executiva canônica; cache IME local bc17e56789257c833f39a9dbfc4c4cdb9a335bb2b5d2625dcccd1175289781af,.cache/fundonet-ime/bc17e56789257c833f39a9dbfc4c4cdb9a335bb2b5d2625dcccd1175289781af,Carteiras selecionadas,Quatá FGTS
55401645000128,Quatá FGTS,11/2025,Vencidos > 90 d / Crédito,1.4880626780325517e-05,ratio,Visão Executiva canônica; cache IME local bc17e56789257c833f39a9dbfc4c4cdb9a335bb2b5d2625dcccd1175289781af,.cache/fundonet-ime/bc17e56789257c833f39a9dbfc4c4cdb9a335bb2b5d2625dcccd1175289781af,Carteiras selecionadas,Quatá FGTS
55401645000128,Quatá FGTS,10/2025,Vencidos > 90 d / Crédito,1.4501337904183025e-05,ratio,Visão Executiva canônica; cache IME local bc17e56789257c833f39a9dbfc4c4cdb9a335bb2b5d2625dcccd1175289781af,.cache/fundonet-ime/bc17e56789257c833f39a9dbfc4c4cdb9a335bb2b5d2625dcccd1175289781af,Carteiras selecionadas,Quatá FGTS
55401645000128,Quatá FGTS,09/2025,Vencidos > 90 d / Crédito,1.1843558753020623e-05,ratio,Visão Executiva canônica; cache IME local bc17e56789257c833f39a9dbfc4c4cdb9a335bb2b5d2625dcccd1175289781af,.cache/fundonet-ime/bc17e56789257c833f39a9dbfc4c4cdb9a335bb2b5d2625dcccd1175289781af,Carteiras selecionadas,Quatá FGTS
55401645000128,Quatá FGTS,08/2025,Vencidos > 90 d / Crédito,2.0512657829963468e-05,ratio,Visão Executiva canônica; cache IME local bc17e56789257c833f39a9dbfc4c4cdb9a335bb2b5d2625dcccd1175289781af,.cache/fundonet-ime/bc17e56789257c833f39a9dbfc4c4cdb9a335bb2b5d2625dcccd1175289781af,Carteiras selecionadas,Quatá FGTS
55401645000128,Quatá FGTS,07/2025,Vencidos > 90 d / Crédito,2.00038981490685e-05,ratio,Visão Executiva canônica; cache IME local bc17e56789257c833f39a9dbfc4c4cdb9a335bb2b5d2625dcccd1175289781af,.cache/fundonet-ime/bc17e56789257c833f39a9dbfc4c4cdb9a335bb2b5d2625dcccd1175289781af,Carteiras selecionadas,Quatá FGTS
55401645000128,Quatá FGTS,06/2025,Vencidos > 90 d / Crédito,5.576405102775688e-06,ratio,Visão Executiva canônica; cache IME local bc17e56789257c833f39a9dbfc4c4cdb9a335bb2b5d2625dcccd1175289781af,.cache/fundonet-ime/bc17e56789257c833f39a9dbfc4c4cdb9a335bb2b5d2625dcccd1175289781af,Carteiras selecionadas,Quatá FGTS
55401645000128,Quatá FGTS,05/2025,Vencidos > 90 d / Crédito,4.930234591073677e-06,ratio,Visão Executiva canônica; cache IME local bc17e56789257c833f39a9dbfc4c4cdb9a335bb2b5d2625dcccd1175289781af,.cache/fundonet-ime/bc17e56789257c833f39a9dbfc4c4cdb9a335bb2b5d2625dcccd1175289781af,Carteiras selecionadas,Quatá FGTS
55401645000128,Quatá FGTS,04/2025,Vencidos > 90 d / Crédito,3.598831863218663e-06,ratio,Visão Executiva canônica; cache IME local bc17e56789257c833f39a9dbfc4c4cdb9a335bb2b5d2625dcccd1175289781af,.cache/fundonet-ime/bc17e56789257c833f39a9dbfc4c4cdb9a335bb2b5d2625dcccd1175289781af,Carteiras selecionadas,Quatá FGTS
55401645000128,Quatá FGTS,03/2025,Vencidos > 90 d / Crédito,6.918162449304136e-07,ratio,Visão Executiva canônica; cache IME local bc17e56789257c833f39a9dbfc4c4cdb9a335bb2b5d2625dcccd1175289781af,.cache/fundonet-ime/bc17e56789257c833f39a9dbfc4c4cdb9a335bb2b5d2625dcccd1175289781af,Carteiras selecionadas,Quatá FGTS
55401645000128,Quatá FGTS,02/2025,Vencidos > 90 d / Crédito,3.070913985426701e-07,ratio,Visão Executiva canônica; cache IME local bc17e56789257c833f39a9dbfc4c4cdb9a335bb2b5d2625dcccd1175289781af,.cache/fundonet-ime/bc17e56789257c833f39a9dbfc4c4cdb9a335bb2b5d2625dcccd1175289781af,Carteiras selecionadas,Quatá FGTS
55401645000128,Quatá FGTS,03/2026,Vencidos Total / Crédito,0.000731722367744391,ratio,Visão Executiva canônica; cache IME local bc17e56789257c833f39a9dbfc4c4cdb9a335bb2b5d2625dcccd1175289781af,.cache/fundonet-ime/bc17e56789257c833f39a9dbfc4c4cdb9a335bb2b5d2625dcccd1175289781af,Carteiras selecionadas,Quatá FGTS
55401645000128,Quatá FGTS,02/2026,Vencidos Total / Crédito,0.000670097151006735,ratio,Visão Executiva canônica; cache IME local bc17e56789257c833f39a9dbfc4c4cdb9a335bb2b5d2625dcccd1175289781af,.cache/fundonet-ime/bc17e56789257c833f39a9dbfc4c4cdb9a335bb2b5d2625dcccd1175289781af,Carteiras selecionadas,Quatá FGTS
55401645000128,Quatá FGTS,01/2026,Vencidos Total / Crédito,0.0006436192251772319,ratio,Visão Executiva canônica; cache IME local bc17e56789257c833f39a9dbfc4c4cdb9a335bb2b5d2625dcccd1175289781af,.cache/fundonet-ime/bc17e56789257c833f39a9dbfc4c4cdb9a335bb2b5d2625dcccd1175289781af,Carteiras selecionadas,Quatá FGTS
55401645000128,Quatá FGTS,12/2025,Vencidos Total / Crédito,0.0005203563507799667,ratio,Visão Executiva canônica; cache IME local bc17e56789257c833f39a9dbfc4c4cdb9a335bb2b5d2625dcccd1175289781af,.cache/fundonet-ime/bc17e56789257c833f39a9dbfc4c4cdb9a335bb2b5d2625dcccd1175289781af,Carteiras selecionadas,Quatá FGTS
55401645000128,Quatá FGTS,11/2025,Vencidos Total / Crédito,0.0004313316039047101,ratio,Visão Executiva canônica; cache IME local bc17e56789257c833f39a9dbfc4c4cdb9a335bb2b5d2625dcccd1175289781af,.cache/fundonet-ime/bc17e56789257c833f39a9dbfc4c4cdb9a335bb2b5d2625dcccd1175289781af,Carteiras selecionadas,Quatá FGTS
55401645000128,Quatá FGTS,10/2025,Vencidos Total / Crédito,0.00014764839905779108,ratio,Visão Executiva canônica; cache IME local bc17e56789257c833f39a9dbfc4c4cdb9a335bb2b5d2625dcccd1175289781af,.cache/fundonet-ime/bc17e56789257c833f39a9dbfc4c4cdb9a335bb2b5d2625dcccd1175289781af,Carteiras selecionadas,Quatá FGTS
55401645000128,Quatá FGTS,09/2025,Vencidos Total / Crédito,1.479897167906351e-05,ratio,Visão Executiva canônica; cache IME local bc17e56789257c833f39a9dbfc4c4cdb9a335bb2b5d2625dcccd1175289781af,.cache/fundonet-ime/bc17e56789257c833f39a9dbfc4c4cdb9a335bb2b5d2625dcccd1175289781af,Carteiras selecionadas,Quatá FGTS
55401645000128,Quatá FGTS,08/2025,Vencidos Total / Crédito,2.6402275211235958e-05,ratio,Visão Executiva canônica; cache IME local bc17e56789257c833f39a9dbfc4c4cdb9a335bb2b5d2625dcccd1175289781af,.cache/fundonet-ime/bc17e56789257c833f39a9dbfc4c4cdb9a335bb2b5d2625dcccd1175289781af,Carteiras selecionadas,Quatá FGTS
55401645000128,Quatá FGTS,07/2025,Vencidos Total / Crédito,2.1618975925756165e-05,ratio,Visão Executiva canônica; cache IME local bc17e56789257c833f39a9dbfc4c4cdb9a335bb2b5d2625dcccd1175289781af,.cache/fundonet-ime/bc17e56789257c833f39a9dbfc4c4cdb9a335bb2b5d2625dcccd1175289781af,Carteiras selecionadas,Quatá FGTS
55401645000128,Quatá FGTS,06/2025,Vencidos Total / Crédito,2.3136384992996213e-05,ratio,Visão Executiva canônica; cache IME local bc17e56789257c833f39a9dbfc4c4cdb9a335bb2b5d2625dcccd1175289781af,.cache/fundonet-ime/bc17e56789257c833f39a9dbfc4c4cdb9a335bb2b5d2625dcccd1175289781af,Carteiras selecionadas,Quatá FGTS
55401645000128,Quatá FGTS,05/2025,Vencidos Total / Crédito,1.9004830514625933e-05,ratio,Visão Executiva canônica; cache IME local bc17e56789257c833f39a9dbfc4c4cdb9a335bb2b5d2625dcccd1175289781af,.cache/fundonet-ime/bc17e56789257c833f39a9dbfc4c4cdb9a335bb2b5d2625dcccd1175289781af,Carteiras selecionadas,Quatá FGTS
55401645000128,Quatá FGTS,04/2025,Vencidos Total / Crédito,7.511868415889286e-06,ratio,Visão Executiva canônica; cache IME local bc17e56789257c833f39a9dbfc4c4cdb9a335bb2b5d2625dcccd1175289781af,.cache/fundonet-ime/bc17e56789257c833f39a9dbfc4c4cdb9a335bb2b5d2625dcccd1175289781af,Carteiras selecionadas,Quatá FGTS
55401645000128,Quatá FGTS,03/2025,Vencidos Total / Crédito,6.653943626364233e-06,ratio,Visão Executiva canônica; cache IME local bc17e56789257c833f39a9dbfc4c4cdb9a335bb2b5d2625dcccd1175289781af,.cache/fundonet-ime/bc17e56789257c833f39a9dbfc4c4cdb9a335bb2b5d2625dcccd1175289781af,Carteiras selecionadas,Quatá FGTS
55401645000128,Quatá FGTS,02/2025,Vencidos Total / Crédito,5.719853878089137e-06,ratio,Visão Executiva canônica; cache IME local bc17e56789257c833f39a9dbfc4c4cdb9a335bb2b5d2625dcccd1175289781af,.cache/fundonet-ime/bc17e56789257c833f39a9dbfc4c4cdb9a335bb2b5d2625dcccd1175289781af,Carteiras selecionadas,Quatá FGTS
55401645000128,Quatá FGTS,03/2026,Vencidos Over 30 d (R$ MM),0.16942706,R$ MM,Visão Executiva canônica; cache IME local bc17e56789257c833f39a9dbfc4c4cdb9a335bb2b5d2625dcccd1175289781af,.cache/fundonet-ime/bc17e56789257c833f39a9dbfc4c4cdb9a335bb2b5d2625dcccd1175289781af,Carteiras selecionadas,Quatá FGTS
55401645000128,Quatá FGTS,02/2026,Vencidos Over 30 d (R$ MM),0.16643949,R$ MM,Visão Executiva canônica; cache IME local bc17e56789257c833f39a9dbfc4c4cdb9a335bb2b5d2625dcccd1175289781af,.cache/fundonet-ime/bc17e56789257c833f39a9dbfc4c4cdb9a335bb2b5d2625dcccd1175289781af,Carteiras selecionadas,Quatá FGTS
55401645000128,Quatá FGTS,01/2026,Vencidos Over 30 d (R$ MM),0.13449289,R$ MM,Visão Executiva canônica; cache IME local bc17e56789257c833f39a9dbfc4c4cdb9a335bb2b5d2625dcccd1175289781af,.cache/fundonet-ime/bc17e56789257c833f39a9dbfc4c4cdb9a335bb2b5d2625dcccd1175289781af,Carteiras selecionadas,Quatá FGTS
55401645000128,Quatá FGTS,12/2025,Vencidos Over 30 d (R$ MM),0.0906114,R$ MM,Visão Executiva canônica; cache IME local bc17e56789257c833f39a9dbfc4c4cdb9a335bb2b5d2625dcccd1175289781af,.cache/fundonet-ime/bc17e56789257c833f39a9dbfc4c4cdb9a335bb2b5d2625dcccd1175289781af,Carteiras selecionadas,Quatá FGTS
55401645000128,Quatá FGTS,11/2025,Vencidos Over 30 d (R$ MM),0.0416158,R$ MM,Visão Executiva canônica; cache IME local bc17e56789257c833f39a9dbfc4c4cdb9a335bb2b5d2625dcccd1175289781af,.cache/fundonet-ime/bc17e56789257c833f39a9dbfc4c4cdb9a335bb2b5d2625dcccd1175289781af,Carteiras selecionadas,Quatá FGTS
55401645000128,Quatá FGTS,10/2025,Vencidos Over 30 d (R$ MM),0.004282889999999999,R$ MM,Visão Executiva canônica; cache IME local bc17e56789257c833f39a9dbfc4c4cdb9a335bb2b5d2625dcccd1175289781af,.cache/fundonet-ime/bc17e56789257c833f39a9dbfc4c4cdb9a335bb2b5d2625dcccd1175289781af,Carteiras selecionadas,Quatá FGTS
55401645000128,Quatá FGTS,09/2025,Vencidos Over 30 d (R$ MM),0.00408731,R$ MM,Visão Executiva canônica; cache IME local bc17e56789257c833f39a9dbfc4c4cdb9a335bb2b5d2625dcccd1175289781af,.cache/fundonet-ime/bc17e56789257c833f39a9dbfc4c4cdb9a335bb2b5d2625dcccd1175289781af,Carteiras selecionadas,Quatá FGTS
55401645000128,Quatá FGTS,08/2025,Vencidos Over 30 d (R$ MM),0.00345472,R$ MM,Visão Executiva canônica; cache IME local bc17e56789257c833f39a9dbfc4c4cdb9a335bb2b5d2625dcccd1175289781af,.cache/fundonet-ime/bc17e56789257c833f39a9dbfc4c4cdb9a335bb2b5d2625dcccd1175289781af,Carteiras selecionadas,Quatá FGTS
55401645000128,Quatá FGTS,07/2025,Vencidos Over 30 d (R$ MM),0.0033902800000000003,R$ MM,Visão Executiva canônica; cache IME local bc17e56789257c833f39a9dbfc4c4cdb9a335bb2b5d2625dcccd1175289781af,.cache/fundonet-ime/bc17e56789257c833f39a9dbfc4c4cdb9a335bb2b5d2625dcccd1175289781af,Carteiras selecionadas,Quatá FGTS
55401645000128,Quatá FGTS,06/2025,Vencidos Over 30 d (R$ MM),0.00319663,R$ MM,Visão Executiva canônica; cache IME local bc17e56789257c833f39a9dbfc4c4cdb9a335bb2b5d2625dcccd1175289781af,.cache/fundonet-ime/bc17e56789257c833f39a9dbfc4c4cdb9a335bb2b5d2625dcccd1175289781af,Carteiras selecionadas,Quatá FGTS
55401645000128,Quatá FGTS,05/2025,Vencidos Over 30 d (R$ MM),0.00128025,R$ MM,Visão Executiva canônica; cache IME local bc17e56789257c833f39a9dbfc4c4cdb9a335bb2b5d2625dcccd1175289781af,.cache/fundonet-ime/bc17e56789257c833f39a9dbfc4c4cdb9a335bb2b5d2625dcccd1175289781af,Carteiras selecionadas,Quatá FGTS
55401645000128,Quatá FGTS,04/2025,Vencidos Over 30 d (R$ MM),0.00091436,R$ MM,Visão Executiva canônica; cache IME local bc17e56789257c833f39a9dbfc4c4cdb9a335bb2b5d2625dcccd1175289781af,.cache/fundonet-ime/bc17e56789257c833f39a9dbfc4c4cdb9a335bb2b5d2625dcccd1175289781af,Carteiras selecionadas,Quatá FGTS
55401645000128,Quatá FGTS,03/2025,Vencidos Over 30 d (R$ MM),0.00082927,R$ MM,Visão Executiva canônica; cache IME local bc17e56789257c833f39a9dbfc4c4cdb9a335bb2b5d2625dcccd1175289781af,.cache/fundonet-ime/bc17e56789257c833f39a9dbfc4c4cdb9a335bb2b5d2625dcccd1175289781af,Carteiras selecionadas,Quatá FGTS
55401645000128,Quatá FGTS,02/2025,Vencidos Over 30 d (R$ MM),0.00061335,R$ MM,Visão Executiva canônica; cache IME local bc17e56789257c833f39a9dbfc4c4cdb9a335bb2b5d2625dcccd1175289781af,.cache/fundonet-ime/bc17e56789257c833f39a9dbfc4c4cdb9a335bb2b5d2625dcccd1175289781af,Carteiras selecionadas,Quatá FGTS
55401645000128,Quatá FGTS,03/2026,Vencidos Over 30 d / Crédito,0.0006881638040433858,ratio,Visão Executiva canônica; cache IME local bc17e56789257c833f39a9dbfc4c4cdb9a335bb2b5d2625dcccd1175289781af,.cache/fundonet-ime/bc17e56789257c833f39a9dbfc4c4cdb9a335bb2b5d2625dcccd1175289781af,Carteiras selecionadas,Quatá FGTS
55401645000128,Quatá FGTS,02/2026,Vencidos Over 30 d / Crédito,0.0006557988097492912,ratio,Visão Executiva canônica; cache IME local bc17e56789257c833f39a9dbfc4c4cdb9a335bb2b5d2625dcccd1175289781af,.cache/fundonet-ime/bc17e56789257c833f39a9dbfc4c4cdb9a335bb2b5d2625dcccd1175289781af,Carteiras selecionadas,Quatá FGTS
55401645000128,Quatá FGTS,01/2026,Vencidos Over 30 d / Crédito,0.0005165773758589712,ratio,Visão Executiva canônica; cache IME local bc17e56789257c833f39a9dbfc4c4cdb9a335bb2b5d2625dcccd1175289781af,.cache/fundonet-ime/bc17e56789257c833f39a9dbfc4c4cdb9a335bb2b5d2625dcccd1175289781af,Carteiras selecionadas,Quatá FGTS
55401645000128,Quatá FGTS,12/2025,Vencidos Over 30 d / Crédito,0.00033857124772202466,ratio,Visão Executiva canônica; cache IME local bc17e56789257c833f39a9dbfc4c4cdb9a335bb2b5d2625dcccd1175289781af,.cache/fundonet-ime/bc17e56789257c833f39a9dbfc4c4cdb9a335bb2b5d2625dcccd1175289781af,Carteiras selecionadas,Quatá FGTS
55401645000128,Quatá FGTS,11/2025,Vencidos Over 30 d / Crédito,0.0001515102079276274,ratio,Visão Executiva canônica; cache IME local bc17e56789257c833f39a9dbfc4c4cdb9a335bb2b5d2625dcccd1175289781af,.cache/fundonet-ime/bc17e56789257c833f39a9dbfc4c4cdb9a335bb2b5d2625dcccd1175289781af,Carteiras selecionadas,Quatá FGTS
55401645000128,Quatá FGTS,10/2025,Vencidos Over 30 d / Crédito,1.5195234786802673e-05,ratio,Visão Executiva canônica; cache IME local bc17e56789257c833f39a9dbfc4c4cdb9a335bb2b5d2625dcccd1175289781af,.cache/fundonet-ime/bc17e56789257c833f39a9dbfc4c4cdb9a335bb2b5d2625dcccd1175289781af,Carteiras selecionadas,Quatá FGTS
55401645000128,Quatá FGTS,09/2025,Vencidos Over 30 d / Crédito,1.412317032040353e-05,ratio,Visão Executiva canônica; cache IME local bc17e56789257c833f39a9dbfc4c4cdb9a335bb2b5d2625dcccd1175289781af,.cache/fundonet-ime/bc17e56789257c833f39a9dbfc4c4cdb9a335bb2b5d2625dcccd1175289781af,Carteiras selecionadas,Quatá FGTS
55401645000128,Quatá FGTS,08/2025,Vencidos Over 30 d / Crédito,2.2168811923285276e-05,ratio,Visão Executiva canônica; cache IME local bc17e56789257c833f39a9dbfc4c4cdb9a335bb2b5d2625dcccd1175289781af,.cache/fundonet-ime/bc17e56789257c833f39a9dbfc4c4cdb9a335bb2b5d2625dcccd1175289781af,Carteiras selecionadas,Quatá FGTS
55401645000128,Quatá FGTS,07/2025,Vencidos Over 30 d / Crédito,2.1215722750779404e-05,ratio,Visão Executiva canônica; cache IME local bc17e56789257c833f39a9dbfc4c4cdb9a335bb2b5d2625dcccd1175289781af,.cache/fundonet-ime/bc17e56789257c833f39a9dbfc4c4cdb9a335bb2b5d2625dcccd1175289781af,Carteiras selecionadas,Quatá FGTS
55401645000128,Quatá FGTS,06/2025,Vencidos Over 30 d / Crédito,1.9495279587564904e-05,ratio,Visão Executiva canônica; cache IME local bc17e56789257c833f39a9dbfc4c4cdb9a335bb2b5d2625dcccd1175289781af,.cache/fundonet-ime/bc17e56789257c833f39a9dbfc4c4cdb9a335bb2b5d2625dcccd1175289781af,Carteiras selecionadas,Quatá FGTS
55401645000128,Quatá FGTS,05/2025,Vencidos Over 30 d / Crédito,7.611432748347432e-06,ratio,Visão Executiva canônica; cache IME local bc17e56789257c833f39a9dbfc4c4cdb9a335bb2b5d2625dcccd1175289781af,.cache/fundonet-ime/bc17e56789257c833f39a9dbfc4c4cdb9a335bb2b5d2625dcccd1175289781af,Carteiras selecionadas,Quatá FGTS
55401645000128,Quatá FGTS,04/2025,Vencidos Over 30 d / Crédito,5.365008400509687e-06,ratio,Visão Executiva canônica; cache IME local bc17e56789257c833f39a9dbfc4c4cdb9a335bb2b5d2625dcccd1175289781af,.cache/fundonet-ime/bc17e56789257c833f39a9dbfc4c4cdb9a335bb2b5d2625dcccd1175289781af,Carteiras selecionadas,Quatá FGTS
55401645000128,Quatá FGTS,03/2025,Vencidos Over 30 d / Crédito,4.819813974909217e-06,ratio,Visão Executiva canônica; cache IME local bc17e56789257c833f39a9dbfc4c4cdb9a335bb2b5d2625dcccd1175289781af,.cache/fundonet-ime/bc17e56789257c833f39a9dbfc4c4cdb9a335bb2b5d2625dcccd1175289781af,Carteiras selecionadas,Quatá FGTS
55401645000128,Quatá FGTS,02/2025,Vencidos Over 30 d / Crédito,3.5713786366353186e-06,ratio,Visão Executiva canônica; cache IME local bc17e56789257c833f39a9dbfc4c4cdb9a335bb2b5d2625dcccd1175289781af,.cache/fundonet-ime/bc17e56789257c833f39a9dbfc4c4cdb9a335bb2b5d2625dcccd1175289781af,Carteiras selecionadas,Quatá FGTS
55401645000128,Quatá FGTS,03/2026,Vencidos Over 60 d (R$ MM),0.16643949,R$ MM,Visão Executiva canônica; cache IME local bc17e56789257c833f39a9dbfc4c4cdb9a335bb2b5d2625dcccd1175289781af,.cache/fundonet-ime/bc17e56789257c833f39a9dbfc4c4cdb9a335bb2b5d2625dcccd1175289781af,Carteiras selecionadas,Quatá FGTS
55401645000128,Quatá FGTS,02/2026,Vencidos Over 60 d (R$ MM),0.13449289,R$ MM,Visão Executiva canônica; cache IME local bc17e56789257c833f39a9dbfc4c4cdb9a335bb2b5d2625dcccd1175289781af,.cache/fundonet-ime/bc17e56789257c833f39a9dbfc4c4cdb9a335bb2b5d2625dcccd1175289781af,Carteiras selecionadas,Quatá FGTS
55401645000128,Quatá FGTS,01/2026,Vencidos Over 60 d (R$ MM),0.0906114,R$ MM,Visão Executiva canônica; cache IME local bc17e56789257c833f39a9dbfc4c4cdb9a335bb2b5d2625dcccd1175289781af,.cache/fundonet-ime/bc17e56789257c833f39a9dbfc4c4cdb9a335bb2b5d2625dcccd1175289781af,Carteiras selecionadas,Quatá FGTS
55401645000128,Quatá FGTS,12/2025,Vencidos Over 60 d (R$ MM),0.04155297,R$ MM,Visão Executiva canônica; cache IME local bc17e56789257c833f39a9dbfc4c4cdb9a335bb2b5d2625dcccd1175289781af,.cache/fundonet-ime/bc17e56789257c833f39a9dbfc4c4cdb9a335bb2b5d2625dcccd1175289781af,Carteiras selecionadas,Quatá FGTS
55401645000128,Quatá FGTS,11/2025,Vencidos Over 60 d (R$ MM),0.00428289,R$ MM,Visão Executiva canônica; cache IME local bc17e56789257c833f39a9dbfc4c4cdb9a335bb2b5d2625dcccd1175289781af,.cache/fundonet-ime/bc17e56789257c833f39a9dbfc4c4cdb9a335bb2b5d2625dcccd1175289781af,Carteiras selecionadas,Quatá FGTS
55401645000128,Quatá FGTS,10/2025,Vencidos Over 60 d (R$ MM),0.004087309999999999,R$ MM,Visão Executiva canônica; cache IME local bc17e56789257c833f39a9dbfc4c4cdb9a335bb2b5d2625dcccd1175289781af,.cache/fundonet-ime/bc17e56789257c833f39a9dbfc4c4cdb9a335bb2b5d2625dcccd1175289781af,Carteiras selecionadas,Quatá FGTS
55401645000128,Quatá FGTS,09/2025,Vencidos Over 60 d (R$ MM),0.0034275800000000004,R$ MM,Visão Executiva canônica; cache IME local bc17e56789257c833f39a9dbfc4c4cdb9a335bb2b5d2625dcccd1175289781af,.cache/fundonet-ime/bc17e56789257c833f39a9dbfc4c4cdb9a335bb2b5d2625dcccd1175289781af,Carteiras selecionadas,Quatá FGTS
55401645000128,Quatá FGTS,08/2025,Vencidos Over 60 d (R$ MM),0.0033902800000000003,R$ MM,Visão Executiva canônica; cache IME local bc17e56789257c833f39a9dbfc4c4cdb9a335bb2b5d2625dcccd1175289781af,.cache/fundonet-ime/bc17e56789257c833f39a9dbfc4c4cdb9a335bb2b5d2625dcccd1175289781af,Carteiras selecionadas,Quatá FGTS
55401645000128,Quatá FGTS,07/2025,Vencidos Over 60 d (R$ MM),0.0031966300000000002,R$ MM,Visão Executiva canônica; cache IME local bc17e56789257c833f39a9dbfc4c4cdb9a335bb2b5d2625dcccd1175289781af,.cache/fundonet-ime/bc17e56789257c833f39a9dbfc4c4cdb9a335bb2b5d2625dcccd1175289781af,Carteiras selecionadas,Quatá FGTS
55401645000128,Quatá FGTS,06/2025,Vencidos Over 60 d (R$ MM),0.0012802499999999997,R$ MM,Visão Executiva canônica; cache IME local bc17e56789257c833f39a9dbfc4c4cdb9a335bb2b5d2625dcccd1175289781af,.cache/fundonet-ime/bc17e56789257c833f39a9dbfc4c4cdb9a335bb2b5d2625dcccd1175289781af,Carteiras selecionadas,Quatá FGTS
55401645000128,Quatá FGTS,05/2025,Vencidos Over 60 d (R$ MM),0.00091436,R$ MM,Visão Executiva canônica; cache IME local bc17e56789257c833f39a9dbfc4c4cdb9a335bb2b5d2625dcccd1175289781af,.cache/fundonet-ime/bc17e56789257c833f39a9dbfc4c4cdb9a335bb2b5d2625dcccd1175289781af,Carteiras selecionadas,Quatá FGTS
55401645000128,Quatá FGTS,04/2025,Vencidos Over 60 d (R$ MM),0.00082927,R$ MM,Visão Executiva canônica; cache IME local bc17e56789257c833f39a9dbfc4c4cdb9a335bb2b5d2625dcccd1175289781af,.cache/fundonet-ime/bc17e56789257c833f39a9dbfc4c4cdb9a335bb2b5d2625dcccd1175289781af,Carteiras selecionadas,Quatá FGTS
55401645000128,Quatá FGTS,03/2025,Vencidos Over 60 d (R$ MM),0.00061335,R$ MM,Visão Executiva canônica; cache IME local bc17e56789257c833f39a9dbfc4c4cdb9a335bb2b5d2625dcccd1175289781af,.cache/fundonet-ime/bc17e56789257c833f39a9dbfc4c4cdb9a335bb2b5d2625dcccd1175289781af,Carteiras selecionadas,Quatá FGTS
55401645000128,Quatá FGTS,02/2025,Vencidos Over 60 d (R$ MM),0.00011903,R$ MM,Visão Executiva canônica; cache IME local bc17e56789257c833f39a9dbfc4c4cdb9a335bb2b5d2625dcccd1175289781af,.cache/fundonet-ime/bc17e56789257c833f39a9dbfc4c4cdb9a335bb2b5d2625dcccd1175289781af,Carteiras selecionadas,Quatá FGTS
55401645000128,Quatá FGTS,03/2026,Vencidos Over 60 d / Crédito,0.0006760291572163328,ratio,Visão Executiva canônica; cache IME local bc17e56789257c833f39a9dbfc4c4cdb9a335bb2b5d2625dcccd1175289781af,.cache/fundonet-ime/bc17e56789257c833f39a9dbfc4c4cdb9a335bb2b5d2625dcccd1175289781af,Carteiras selecionadas,Quatá FGTS
55401645000128,Quatá FGTS,02/2026,Vencidos Over 60 d / Crédito,0.0005299239812723673,ratio,Visão Executiva canônica; cache IME local bc17e56789257c833f39a9dbfc4c4cdb9a335bb2b5d2625dcccd1175289781af,.cache/fundonet-ime/bc17e56789257c833f39a9dbfc4c4cdb9a335bb2b5d2625dcccd1175289781af,Carteiras selecionadas,Quatá FGTS
55401645000128,Quatá FGTS,01/2026,Vencidos Over 60 d / Crédito,0.00034803177502474344,ratio,Visão Executiva canônica; cache IME local bc17e56789257c833f39a9dbfc4c4cdb9a335bb2b5d2625dcccd1175289781af,.cache/fundonet-ime/bc17e56789257c833f39a9dbfc4c4cdb9a335bb2b5d2625dcccd1175289781af,Carteiras selecionadas,Quatá FGTS
55401645000128,Quatá FGTS,12/2025,Vencidos Over 60 d / Crédito,0.0001552634756714482,ratio,Visão Executiva canônica; cache IME local bc17e56789257c833f39a9dbfc4c4cdb9a335bb2b5d2625dcccd1175289781af,.cache/fundonet-ime/bc17e56789257c833f39a9dbfc4c4cdb9a335bb2b5d2625dcccd1175289781af,Carteiras selecionadas,Quatá FGTS
55401645000128,Quatá FGTS,11/2025,Vencidos Over 60 d / Crédito,1.5592672841352467e-05,ratio,Visão Executiva canônica; cache IME local bc17e56789257c833f39a9dbfc4c4cdb9a335bb2b5d2625dcccd1175289781af,.cache/fundonet-ime/bc17e56789257c833f39a9dbfc4c4cdb9a335bb2b5d2625dcccd1175289781af,Carteiras selecionadas,Quatá FGTS
55401645000128,Quatá FGTS,10/2025,Vencidos Over 60 d / Crédito,1.4501337904183025e-05,ratio,Visão Executiva canônica; cache IME local bc17e56789257c833f39a9dbfc4c4cdb9a335bb2b5d2625dcccd1175289781af,.cache/fundonet-ime/bc17e56789257c833f39a9dbfc4c4cdb9a335bb2b5d2625dcccd1175289781af,Carteiras selecionadas,Quatá FGTS
55401645000128,Quatá FGTS,09/2025,Vencidos Over 60 d / Crédito,1.1843558753020625e-05,ratio,Visão Executiva canônica; cache IME local bc17e56789257c833f39a9dbfc4c4cdb9a335bb2b5d2625dcccd1175289781af,.cache/fundonet-ime/bc17e56789257c833f39a9dbfc4c4cdb9a335bb2b5d2625dcccd1175289781af,Carteiras selecionadas,Quatá FGTS
55401645000128,Quatá FGTS,08/2025,Vencidos Over 60 d / Crédito,2.1755302799438336e-05,ratio,Visão Executiva canônica; cache IME local bc17e56789257c833f39a9dbfc4c4cdb9a335bb2b5d2625dcccd1175289781af,.cache/fundonet-ime/bc17e56789257c833f39a9dbfc4c4cdb9a335bb2b5d2625dcccd1175289781af,Carteiras selecionadas,Quatá FGTS
55401645000128,Quatá FGTS,07/2025,Vencidos Over 60 d / Crédito,2.0003898149068503e-05,ratio,Visão Executiva canônica; cache IME local bc17e56789257c833f39a9dbfc4c4cdb9a335bb2b5d2625dcccd1175289781af,.cache/fundonet-ime/bc17e56789257c833f39a9dbfc4c4cdb9a335bb2b5d2625dcccd1175289781af,Carteiras selecionadas,Quatá FGTS
55401645000128,Quatá FGTS,06/2025,Vencidos Over 60 d / Crédito,7.807857553730013e-06,ratio,Visão Executiva canônica; cache IME local bc17e56789257c833f39a9dbfc4c4cdb9a335bb2b5d2625dcccd1175289781af,.cache/fundonet-ime/bc17e56789257c833f39a9dbfc4c4cdb9a335bb2b5d2625dcccd1175289781af,Carteiras selecionadas,Quatá FGTS
55401645000128,Quatá FGTS,05/2025,Vencidos Over 60 d / Crédito,5.436117670594773e-06,ratio,Visão Executiva canônica; cache IME local bc17e56789257c833f39a9dbfc4c4cdb9a335bb2b5d2625dcccd1175289781af,.cache/fundonet-ime/bc17e56789257c833f39a9dbfc4c4cdb9a335bb2b5d2625dcccd1175289781af,Carteiras selecionadas,Quatá FGTS
55401645000128,Quatá FGTS,04/2025,Vencidos Over 60 d / Crédito,4.865742723096667e-06,ratio,Visão Executiva canônica; cache IME local bc17e56789257c833f39a9dbfc4c4cdb9a335bb2b5d2625dcccd1175289781af,.cache/fundonet-ime/bc17e56789257c833f39a9dbfc4c4cdb9a335bb2b5d2625dcccd1175289781af,Carteiras selecionadas,Quatá FGTS
55401645000128,Quatá FGTS,03/2025,Vencidos Over 60 d / Crédito,3.56486174769444e-06,ratio,Visão Executiva canônica; cache IME local bc17e56789257c833f39a9dbfc4c4cdb9a335bb2b5d2625dcccd1175289781af,.cache/fundonet-ime/bc17e56789257c833f39a9dbfc4c4cdb9a335bb2b5d2625dcccd1175289781af,Carteiras selecionadas,Quatá FGTS
55401645000128,Quatá FGTS,02/2025,Vencidos Over 60 d / Crédito,6.930809474503986e-07,ratio,Visão Executiva canônica; cache IME local bc17e56789257c833f39a9dbfc4c4cdb9a335bb2b5d2625dcccd1175289781af,.cache/fundonet-ime/bc17e56789257c833f39a9dbfc4c4cdb9a335bb2b5d2625dcccd1175289781af,Carteiras selecionadas,Quatá FGTS
55401645000128,Quatá FGTS,03/2026,Vencidos Over 90 d (R$ MM),0.13449289,R$ MM,Visão Executiva canônica; cache IME local bc17e56789257c833f39a9dbfc4c4cdb9a335bb2b5d2625dcccd1175289781af,.cache/fundonet-ime/bc17e56789257c833f39a9dbfc4c4cdb9a335bb2b5d2625dcccd1175289781af,Carteiras selecionadas,Quatá FGTS
55401645000128,Quatá FGTS,02/2026,Vencidos Over 90 d (R$ MM),0.09061140000000001,R$ MM,Visão Executiva canônica; cache IME local bc17e56789257c833f39a9dbfc4c4cdb9a335bb2b5d2625dcccd1175289781af,.cache/fundonet-ime/bc17e56789257c833f39a9dbfc4c4cdb9a335bb2b5d2625dcccd1175289781af,Carteiras selecionadas,Quatá FGTS
55401645000128,Quatá FGTS,01/2026,Vencidos Over 90 d (R$ MM),0.04155297,R$ MM,Visão Executiva canônica; cache IME local bc17e56789257c833f39a9dbfc4c4cdb9a335bb2b5d2625dcccd1175289781af,.cache/fundonet-ime/bc17e56789257c833f39a9dbfc4c4cdb9a335bb2b5d2625dcccd1175289781af,Carteiras selecionadas,Quatá FGTS
55401645000128,Quatá FGTS,12/2025,Vencidos Over 90 d (R$ MM),0.04155297000000001,R$ MM,Visão Executiva canônica; cache IME local bc17e56789257c833f39a9dbfc4c4cdb9a335bb2b5d2625dcccd1175289781af,.cache/fundonet-ime/bc17e56789257c833f39a9dbfc4c4cdb9a335bb2b5d2625dcccd1175289781af,Carteiras selecionadas,Quatá FGTS
55401645000128,Quatá FGTS,11/2025,Vencidos Over 90 d (R$ MM),0.00408731,R$ MM,Visão Executiva canônica; cache IME local bc17e56789257c833f39a9dbfc4c4cdb9a335bb2b5d2625dcccd1175289781af,.cache/fundonet-ime/bc17e56789257c833f39a9dbfc4c4cdb9a335bb2b5d2625dcccd1175289781af,Carteiras selecionadas,Quatá FGTS
55401645000128,Quatá FGTS,10/2025,Vencidos Over 90 d (R$ MM),0.004087309999999999,R$ MM,Visão Executiva canônica; cache IME local bc17e56789257c833f39a9dbfc4c4cdb9a335bb2b5d2625dcccd1175289781af,.cache/fundonet-ime/bc17e56789257c833f39a9dbfc4c4cdb9a335bb2b5d2625dcccd1175289781af,Carteiras selecionadas,Quatá FGTS
55401645000128,Quatá FGTS,09/2025,Vencidos Over 90 d (R$ MM),0.00342758,R$ MM,Visão Executiva canônica; cache IME local bc17e56789257c833f39a9dbfc4c4cdb9a335bb2b5d2625dcccd1175289781af,.cache/fundonet-ime/bc17e56789257c833f39a9dbfc4c4cdb9a335bb2b5d2625dcccd1175289781af,Carteiras selecionadas,Quatá FGTS
55401645000128,Quatá FGTS,08/2025,Vencidos Over 90 d (R$ MM),0.00319663,R$ MM,Visão Executiva canônica; cache IME local bc17e56789257c833f39a9dbfc4c4cdb9a335bb2b5d2625dcccd1175289781af,.cache/fundonet-ime/bc17e56789257c833f39a9dbfc4c4cdb9a335bb2b5d2625dcccd1175289781af,Carteiras selecionadas,Quatá FGTS
55401645000128,Quatá FGTS,07/2025,Vencidos Over 90 d (R$ MM),0.00319663,R$ MM,Visão Executiva canônica; cache IME local bc17e56789257c833f39a9dbfc4c4cdb9a335bb2b5d2625dcccd1175289781af,.cache/fundonet-ime/bc17e56789257c833f39a9dbfc4c4cdb9a335bb2b5d2625dcccd1175289781af,Carteiras selecionadas,Quatá FGTS
55401645000128,Quatá FGTS,06/2025,Vencidos Over 90 d (R$ MM),0.0009143599999999999,R$ MM,Visão Executiva canônica; cache IME local bc17e56789257c833f39a9dbfc4c4cdb9a335bb2b5d2625dcccd1175289781af,.cache/fundonet-ime/bc17e56789257c833f39a9dbfc4c4cdb9a335bb2b5d2625dcccd1175289781af,Carteiras selecionadas,Quatá FGTS
55401645000128,Quatá FGTS,05/2025,Vencidos Over 90 d (R$ MM),0.00082927,R$ MM,Visão Executiva canônica; cache IME local bc17e56789257c833f39a9dbfc4c4cdb9a335bb2b5d2625dcccd1175289781af,.cache/fundonet-ime/bc17e56789257c833f39a9dbfc4c4cdb9a335bb2b5d2625dcccd1175289781af,Carteiras selecionadas,Quatá FGTS
55401645000128,Quatá FGTS,04/2025,Vencidos Over 90 d (R$ MM),0.00061335,R$ MM,Visão Executiva canônica; cache IME local bc17e56789257c833f39a9dbfc4c4cdb9a335bb2b5d2625dcccd1175289781af,.cache/fundonet-ime/bc17e56789257c833f39a9dbfc4c4cdb9a335bb2b5d2625dcccd1175289781af,Carteiras selecionadas,Quatá FGTS
55401645000128,Quatá FGTS,03/2025,Vencidos Over 90 d (R$ MM),0.00011903,R$ MM,Visão Executiva canônica; cache IME local bc17e56789257c833f39a9dbfc4c4cdb9a335bb2b5d2625dcccd1175289781af,.cache/fundonet-ime/bc17e56789257c833f39a9dbfc4c4cdb9a335bb2b5d2625dcccd1175289781af,Carteiras selecionadas,Quatá FGTS
55401645000128,Quatá FGTS,02/2025,Vencidos Over 90 d (R$ MM),5.274e-05,R$ MM,Visão Executiva canônica; cache IME local bc17e56789257c833f39a9dbfc4c4cdb9a335bb2b5d2625dcccd1175289781af,.cache/fundonet-ime/bc17e56789257c833f39a9dbfc4c4cdb9a335bb2b5d2625dcccd1175289781af,Carteiras selecionadas,Quatá FGTS
55401645000128,Quatá FGTS,03/2026,Vencidos Over 90 d / Crédito,0.0005462712910156656,ratio,Visão Executiva canônica; cache IME local bc17e56789257c833f39a9dbfc4c4cdb9a335bb2b5d2625dcccd1175289781af,.cache/fundonet-ime/bc17e56789257c833f39a9dbfc4c4cdb9a335bb2b5d2625dcccd1175289781af,Carteiras selecionadas,Quatá FGTS
55401645000128,Quatá FGTS,02/2026,Vencidos Over 90 d / Crédito,0.00035702373438969883,ratio,Visão Executiva canônica; cache IME local bc17e56789257c833f39a9dbfc4c4cdb9a335bb2b5d2625dcccd1175289781af,.cache/fundonet-ime/bc17e56789257c833f39a9dbfc4c4cdb9a335bb2b5d2625dcccd1175289781af,Carteiras selecionadas,Quatá FGTS
55401645000128,Quatá FGTS,01/2026,Vencidos Over 90 d / Crédito,0.00015960192543818896,ratio,Visão Executiva canônica; cache IME local bc17e56789257c833f39a9dbfc4c4cdb9a335bb2b5d2625dcccd1175289781af,.cache/fundonet-ime/bc17e56789257c833f39a9dbfc4c4cdb9a335bb2b5d2625dcccd1175289781af,Carteiras selecionadas,Quatá FGTS
55401645000128,Quatá FGTS,12/2025,Vencidos Over 90 d / Crédito,0.00015526347567144821,ratio,Visão Executiva canônica; cache IME local bc17e56789257c833f39a9dbfc4c4cdb9a335bb2b5d2625dcccd1175289781af,.cache/fundonet-ime/bc17e56789257c833f39a9dbfc4c4cdb9a335bb2b5d2625dcccd1175289781af,Carteiras selecionadas,Quatá FGTS
55401645000128,Quatá FGTS,11/2025,Vencidos Over 90 d / Crédito,1.4880626780325517e-05,ratio,Visão Executiva canônica; cache IME local bc17e56789257c833f39a9dbfc4c4cdb9a335bb2b5d2625dcccd1175289781af,.cache/fundonet-ime/bc17e56789257c833f39a9dbfc4c4cdb9a335bb2b5d2625dcccd1175289781af,Carteiras selecionadas,Quatá FGTS
55401645000128,Quatá FGTS,10/2025,Vencidos Over 90 d / Crédito,1.4501337904183025e-05,ratio,Visão Executiva canônica; cache IME local bc17e56789257c833f39a9dbfc4c4cdb9a335bb2b5d2625dcccd1175289781af,.cache/fundonet-ime/bc17e56789257c833f39a9dbfc4c4cdb9a335bb2b5d2625dcccd1175289781af,Carteiras selecionadas,Quatá FGTS
55401645000128,Quatá FGTS,09/2025,Vencidos Over 90 d / Crédito,1.1843558753020623e-05,ratio,Visão Executiva canônica; cache IME local bc17e56789257c833f39a9dbfc4c4cdb9a335bb2b5d2625dcccd1175289781af,.cache/fundonet-ime/bc17e56789257c833f39a9dbfc4c4cdb9a335bb2b5d2625dcccd1175289781af,Carteiras selecionadas,Quatá FGTS
55401645000128,Quatá FGTS,08/2025,Vencidos Over 90 d / Crédito,2.0512657829963468e-05,ratio,Visão Executiva canônica; cache IME local bc17e56789257c833f39a9dbfc4c4cdb9a335bb2b5d2625dcccd1175289781af,.cache/fundonet-ime/bc17e56789257c833f39a9dbfc4c4cdb9a335bb2b5d2625dcccd1175289781af,Carteiras selecionadas,Quatá FGTS
55401645000128,Quatá FGTS,07/2025,Vencidos Over 90 d / Crédito,2.00038981490685e-05,ratio,Visão Executiva canônica; cache IME local bc17e56789257c833f39a9dbfc4c4cdb9a335bb2b5d2625dcccd1175289781af,.cache/fundonet-ime/bc17e56789257c833f39a9dbfc4c4cdb9a335bb2b5d2625dcccd1175289781af,Carteiras selecionadas,Quatá FGTS
55401645000128,Quatá FGTS,06/2025,Vencidos Over 90 d / Crédito,5.576405102775688e-06,ratio,Visão Executiva canônica; cache IME local bc17e56789257c833f39a9dbfc4c4cdb9a335bb2b5d2625dcccd1175289781af,.cache/fundonet-ime/bc17e56789257c833f39a9dbfc4c4cdb9a335bb2b5d2625dcccd1175289781af,Carteiras selecionadas,Quatá FGTS
55401645000128,Quatá FGTS,05/2025,Vencidos Over 90 d / Crédito,4.930234591073677e-06,ratio,Visão Executiva canônica; cache IME local bc17e56789257c833f39a9dbfc4c4cdb9a335bb2b5d2625dcccd1175289781af,.cache/fundonet-ime/bc17e56789257c833f39a9dbfc4c4cdb9a335bb2b5d2625dcccd1175289781af,Carteiras selecionadas,Quatá FGTS
55401645000128,Quatá FGTS,04/2025,Vencidos Over 90 d / Crédito,3.598831863218663e-06,ratio,Visão Executiva canônica; cache IME local bc17e56789257c833f39a9dbfc4c4cdb9a335bb2b5d2625dcccd1175289781af,.cache/fundonet-ime/bc17e56789257c833f39a9dbfc4c4cdb9a335bb2b5d2625dcccd1175289781af,Carteiras selecionadas,Quatá FGTS
55401645000128,Quatá FGTS,03/2025,Vencidos Over 90 d / Crédito,6.918162449304136e-07,ratio,Visão Executiva canônica; cache IME local bc17e56789257c833f39a9dbfc4c4cdb9a335bb2b5d2625dcccd1175289781af,.cache/fundonet-ime/bc17e56789257c833f39a9dbfc4c4cdb9a335bb2b5d2625dcccd1175289781af,Carteiras selecionadas,Quatá FGTS
55401645000128,Quatá FGTS,02/2025,Vencidos Over 90 d / Crédito,3.070913985426701e-07,ratio,Visão Executiva canônica; cache IME local bc17e56789257c833f39a9dbfc4c4cdb9a335bb2b5d2625dcccd1175289781af,.cache/fundonet-ime/bc17e56789257c833f39a9dbfc4c4cdb9a335bb2b5d2625dcccd1175289781af,Carteiras selecionadas,Quatá FGTS
55401645000128,Quatá FGTS,03/2026,Vencidos Over 180 d (R$ MM),0.04155297,R$ MM,Visão Executiva canônica; cache IME local bc17e56789257c833f39a9dbfc4c4cdb9a335bb2b5d2625dcccd1175289781af,.cache/fundonet-ime/bc17e56789257c833f39a9dbfc4c4cdb9a335bb2b5d2625dcccd1175289781af,Carteiras selecionadas,Quatá FGTS
55401645000128,Quatá FGTS,02/2026,Vencidos Over 180 d (R$ MM),0.00408731,R$ MM,Visão Executiva canônica; cache IME local bc17e56789257c833f39a9dbfc4c4cdb9a335bb2b5d2625dcccd1175289781af,.cache/fundonet-ime/bc17e56789257c833f39a9dbfc4c4cdb9a335bb2b5d2625dcccd1175289781af,Carteiras selecionadas,Quatá FGTS
55401645000128,Quatá FGTS,01/2026,Vencidos Over 180 d (R$ MM),0.00408731,R$ MM,Visão Executiva canônica; cache IME local bc17e56789257c833f39a9dbfc4c4cdb9a335bb2b5d2625dcccd1175289781af,.cache/fundonet-ime/bc17e56789257c833f39a9dbfc4c4cdb9a335bb2b5d2625dcccd1175289781af,Carteiras selecionadas,Quatá FGTS
55401645000128,Quatá FGTS,12/2025,Vencidos Over 180 d (R$ MM),0.00342758,R$ MM,Visão Executiva canônica; cache IME local bc17e56789257c833f39a9dbfc4c4cdb9a335bb2b5d2625dcccd1175289781af,.cache/fundonet-ime/bc17e56789257c833f39a9dbfc4c4cdb9a335bb2b5d2625dcccd1175289781af,Carteiras selecionadas,Quatá FGTS
55401645000128,Quatá FGTS,11/2025,Vencidos Over 180 d (R$ MM),0.0031966300000000002,R$ MM,Visão Executiva canônica; cache IME local bc17e56789257c833f39a9dbfc4c4cdb9a335bb2b5d2625dcccd1175289781af,.cache/fundonet-ime/bc17e56789257c833f39a9dbfc4c4cdb9a335bb2b5d2625dcccd1175289781af,Carteiras selecionadas,Quatá FGTS
55401645000128,Quatá FGTS,10/2025,Vencidos Over 180 d (R$ MM),0.00319663,R$ MM,Visão Executiva canônica; cache IME local bc17e56789257c833f39a9dbfc4c4cdb9a335bb2b5d2625dcccd1175289781af,.cache/fundonet-ime/bc17e56789257c833f39a9dbfc4c4cdb9a335bb2b5d2625dcccd1175289781af,Carteiras selecionadas,Quatá FGTS
55401645000128,Quatá FGTS,09/2025,Vencidos Over 180 d (R$ MM),0.00128025,R$ MM,Visão Executiva canônica; cache IME local bc17e56789257c833f39a9dbfc4c4cdb9a335bb2b5d2625dcccd1175289781af,.cache/fundonet-ime/bc17e56789257c833f39a9dbfc4c4cdb9a335bb2b5d2625dcccd1175289781af,Carteiras selecionadas,Quatá FGTS
55401645000128,Quatá FGTS,08/2025,Vencidos Over 180 d (R$ MM),0.00091436,R$ MM,Visão Executiva canônica; cache IME local bc17e56789257c833f39a9dbfc4c4cdb9a335bb2b5d2625dcccd1175289781af,.cache/fundonet-ime/bc17e56789257c833f39a9dbfc4c4cdb9a335bb2b5d2625dcccd1175289781af,Carteiras selecionadas,Quatá FGTS
55401645000128,Quatá FGTS,07/2025,Vencidos Over 180 d (R$ MM),0.00061335,R$ MM,Visão Executiva canônica; cache IME local bc17e56789257c833f39a9dbfc4c4cdb9a335bb2b5d2625dcccd1175289781af,.cache/fundonet-ime/bc17e56789257c833f39a9dbfc4c4cdb9a335bb2b5d2625dcccd1175289781af,Carteiras selecionadas,Quatá FGTS
55401645000128,Quatá FGTS,06/2025,Vencidos Over 180 d (R$ MM),0.00011903,R$ MM,Visão Executiva canônica; cache IME local bc17e56789257c833f39a9dbfc4c4cdb9a335bb2b5d2625dcccd1175289781af,.cache/fundonet-ime/bc17e56789257c833f39a9dbfc4c4cdb9a335bb2b5d2625dcccd1175289781af,Carteiras selecionadas,Quatá FGTS
55401645000128,Quatá FGTS,05/2025,Vencidos Over 180 d (R$ MM),5.274e-05,R$ MM,Visão Executiva canônica; cache IME local bc17e56789257c833f39a9dbfc4c4cdb9a335bb2b5d2625dcccd1175289781af,.cache/fundonet-ime/bc17e56789257c833f39a9dbfc4c4cdb9a335bb2b5d2625dcccd1175289781af,Carteiras selecionadas,Quatá FGTS
55401645000128,Quatá FGTS,04/2025,Vencidos Over 180 d (R$ MM),5.274e-05,R$ MM,Visão Executiva canônica; cache IME local bc17e56789257c833f39a9dbfc4c4cdb9a335bb2b5d2625dcccd1175289781af,.cache/fundonet-ime/bc17e56789257c833f39a9dbfc4c4cdb9a335bb2b5d2625dcccd1175289781af,Carteiras selecionadas,Quatá FGTS
55401645000128,Quatá FGTS,03/2025,Vencidos Over 180 d (R$ MM),5.274e-05,R$ MM,Visão Executiva canônica; cache IME local bc17e56789257c833f39a9dbfc4c4cdb9a335bb2b5d2625dcccd1175289781af,.cache/fundonet-ime/bc17e56789257c833f39a9dbfc4c4cdb9a335bb2b5d2625dcccd1175289781af,Carteiras selecionadas,Quatá FGTS
55401645000128,Quatá FGTS,02/2025,Vencidos Over 180 d (R$ MM),0.0,R$ MM,Visão Executiva canônica; cache IME local bc17e56789257c833f39a9dbfc4c4cdb9a335bb2b5d2625dcccd1175289781af,.cache/fundonet-ime/bc17e56789257c833f39a9dbfc4c4cdb9a335bb2b5d2625dcccd1175289781af,Carteiras selecionadas,Quatá FGTS
55401645000128,Quatá FGTS,03/2026,Vencidos Over 180 d / Crédito,0.00016877616777686332,ratio,Visão Executiva canônica; cache IME local bc17e56789257c833f39a9dbfc4c4cdb9a335bb2b5d2625dcccd1175289781af,.cache/fundonet-ime/bc17e56789257c833f39a9dbfc4c4cdb9a335bb2b5d2625dcccd1175289781af,Carteiras selecionadas,Quatá FGTS
55401645000128,Quatá FGTS,02/2026,Vencidos Over 180 d / Crédito,1.6104669829716345e-05,ratio,Visão Executiva canônica; cache IME local bc17e56789257c833f39a9dbfc4c4cdb9a335bb2b5d2625dcccd1175289781af,.cache/fundonet-ime/bc17e56789257c833f39a9dbfc4c4cdb9a335bb2b5d2625dcccd1175289781af,Carteiras selecionadas,Quatá FGTS
55401645000128,Quatá FGTS,01/2026,Vencidos Over 180 d / Crédito,1.569905943817648e-05,ratio,Visão Executiva canônica; cache IME local bc17e56789257c833f39a9dbfc4c4cdb9a335bb2b5d2625dcccd1175289781af,.cache/fundonet-ime/bc17e56789257c833f39a9dbfc4c4cdb9a335bb2b5d2625dcccd1175289781af,Carteiras selecionadas,Quatá FGTS
55401645000128,Quatá FGTS,12/2025,Vencidos Over 180 d / Crédito,1.2807218929042675e-05,ratio,Visão Executiva canônica; cache IME local bc17e56789257c833f39a9dbfc4c4cdb9a335bb2b5d2625dcccd1175289781af,.cache/fundonet-ime/bc17e56789257c833f39a9dbfc4c4cdb9a335bb2b5d2625dcccd1175289781af,Carteiras selecionadas,Quatá FGTS
55401645000128,Quatá FGTS,11/2025,Vencidos Over 180 d / Crédito,1.1637937417223543e-05,ratio,Visão Executiva canônica; cache IME local bc17e56789257c833f39a9dbfc4c4cdb9a335bb2b5d2625dcccd1175289781af,.cache/fundonet-ime/bc17e56789257c833f39a9dbfc4c4cdb9a335bb2b5d2625dcccd1175289781af,Carteiras selecionadas,Quatá FGTS
55401645000128,Quatá FGTS,10/2025,Vencidos Over 180 d / Crédito,1.1341300705023252e-05,ratio,Visão Executiva canônica; cache IME local bc17e56789257c833f39a9dbfc4c4cdb9a335bb2b5d2625dcccd1175289781af,.cache/fundonet-ime/bc17e56789257c833f39a9dbfc4c4cdb9a335bb2b5d2625dcccd1175289781af,Carteiras selecionadas,Quatá FGTS
55401645000128,Quatá FGTS,09/2025,Vencidos Over 180 d / Crédito,4.423738058208606e-06,ratio,Visão Executiva canônica; cache IME local bc17e56789257c833f39a9dbfc4c4cdb9a335bb2b5d2625dcccd1175289781af,.cache/fundonet-ime/bc17e56789257c833f39a9dbfc4c4cdb9a335bb2b5d2625dcccd1175289781af,Carteiras selecionadas,Quatá FGTS
55401645000128,Quatá FGTS,08/2025,Vencidos Over 180 d / Crédito,5.867414687782258e-06,ratio,Visão Executiva canônica; cache IME local bc17e56789257c833f39a9dbfc4c4cdb9a335bb2b5d2625dcccd1175289781af,.cache/fundonet-ime/bc17e56789257c833f39a9dbfc4c4cdb9a335bb2b5d2625dcccd1175289781af,Carteiras selecionadas,Quatá FGTS
55401645000128,Quatá FGTS,07/2025,Vencidos Over 180 d / Crédito,3.838226798137778e-06,ratio,Visão Executiva canônica; cache IME local bc17e56789257c833f39a9dbfc4c4cdb9a335bb2b5d2625dcccd1175289781af,.cache/fundonet-ime/bc17e56789257c833f39a9dbfc4c4cdb9a335bb2b5d2625dcccd1175289781af,Carteiras selecionadas,Quatá FGTS
55401645000128,Quatá FGTS,06/2025,Vencidos Over 180 d / Crédito,7.259279708029553e-07,ratio,Visão Executiva canônica; cache IME local bc17e56789257c833f39a9dbfc4c4cdb9a335bb2b5d2625dcccd1175289781af,.cache/fundonet-ime/bc17e56789257c833f39a9dbfc4c4cdb9a335bb2b5d2625dcccd1175289781af,Carteiras selecionadas,Quatá FGTS
55401645000128,Quatá FGTS,05/2025,Vencidos Over 180 d / Crédito,3.135535740268257e-07,ratio,Visão Executiva canônica; cache IME local bc17e56789257c833f39a9dbfc4c4cdb9a335bb2b5d2625dcccd1175289781af,.cache/fundonet-ime/bc17e56789257c833f39a9dbfc4c4cdb9a335bb2b5d2625dcccd1175289781af,Carteiras selecionadas,Quatá FGTS
55401645000128,Quatá FGTS,04/2025,Vencidos Over 180 d / Crédito,3.09452013477056e-07,ratio,Visão Executiva canônica; cache IME local bc17e56789257c833f39a9dbfc4c4cdb9a335bb2b5d2625dcccd1175289781af,.cache/fundonet-ime/bc17e56789257c833f39a9dbfc4c4cdb9a335bb2b5d2625dcccd1175289781af,Carteiras selecionadas,Quatá FGTS
55401645000128,Quatá FGTS,03/2025,Vencidos Over 180 d / Crédito,3.0653103215685135e-07,ratio,Visão Executiva canônica; cache IME local bc17e56789257c833f39a9dbfc4c4cdb9a335bb2b5d2625dcccd1175289781af,.cache/fundonet-ime/bc17e56789257c833f39a9dbfc4c4cdb9a335bb2b5d2625dcccd1175289781af,Carteiras selecionadas,Quatá FGTS
55401645000128,Quatá FGTS,02/2025,Vencidos Over 180 d / Crédito,0.0,ratio,Visão Executiva canônica; cache IME local bc17e56789257c833f39a9dbfc4c4cdb9a335bb2b5d2625dcccd1175289781af,.cache/fundonet-ime/bc17e56789257c833f39a9dbfc4c4cdb9a335bb2b5d2625dcccd1175289781af,Carteiras selecionadas,Quatá FGTS
55401645000128,Quatá FGTS,03/2026,Vencidos Over 360 d (R$ MM),0.00128025,R$ MM,Visão Executiva canônica; cache IME local bc17e56789257c833f39a9dbfc4c4cdb9a335bb2b5d2625dcccd1175289781af,.cache/fundonet-ime/bc17e56789257c833f39a9dbfc4c4cdb9a335bb2b5d2625dcccd1175289781af,Carteiras selecionadas,Quatá FGTS
55401645000128,Quatá FGTS,02/2026,Vencidos Over 360 d (R$ MM),0.00091436,R$ MM,Visão Executiva canônica; cache IME local bc17e56789257c833f39a9dbfc4c4cdb9a335bb2b5d2625dcccd1175289781af,.cache/fundonet-ime/bc17e56789257c833f39a9dbfc4c4cdb9a335bb2b5d2625dcccd1175289781af,Carteiras selecionadas,Quatá FGTS
55401645000128,Quatá FGTS,01/2026,Vencidos Over 360 d (R$ MM),0.00082927,R$ MM,Visão Executiva canônica; cache IME local bc17e56789257c833f39a9dbfc4c4cdb9a335bb2b5d2625dcccd1175289781af,.cache/fundonet-ime/bc17e56789257c833f39a9dbfc4c4cdb9a335bb2b5d2625dcccd1175289781af,Carteiras selecionadas,Quatá FGTS
55401645000128,Quatá FGTS,12/2025,Vencidos Over 360 d (R$ MM),0.00061335,R$ MM,Visão Executiva canônica; cache IME local bc17e56789257c833f39a9dbfc4c4cdb9a335bb2b5d2625dcccd1175289781af,.cache/fundonet-ime/bc17e56789257c833f39a9dbfc4c4cdb9a335bb2b5d2625dcccd1175289781af,Carteiras selecionadas,Quatá FGTS
55401645000128,Quatá FGTS,11/2025,Vencidos Over 360 d (R$ MM),0.00011903,R$ MM,Visão Executiva canônica; cache IME local bc17e56789257c833f39a9dbfc4c4cdb9a335bb2b5d2625dcccd1175289781af,.cache/fundonet-ime/bc17e56789257c833f39a9dbfc4c4cdb9a335bb2b5d2625dcccd1175289781af,Carteiras selecionadas,Quatá FGTS
55401645000128,Quatá FGTS,10/2025,Vencidos Over 360 d (R$ MM),5.274e-05,R$ MM,Visão Executiva canônica; cache IME local bc17e56789257c833f39a9dbfc4c4cdb9a335bb2b5d2625dcccd1175289781af,.cache/fundonet-ime/bc17e56789257c833f39a9dbfc4c4cdb9a335bb2b5d2625dcccd1175289781af,Carteiras selecionadas,Quatá FGTS
55401645000128,Quatá FGTS,09/2025,Vencidos Over 360 d (R$ MM),5.274e-05,R$ MM,Visão Executiva canônica; cache IME local bc17e56789257c833f39a9dbfc4c4cdb9a335bb2b5d2625dcccd1175289781af,.cache/fundonet-ime/bc17e56789257c833f39a9dbfc4c4cdb9a335bb2b5d2625dcccd1175289781af,Carteiras selecionadas,Quatá FGTS
55401645000128,Quatá FGTS,08/2025,Vencidos Over 360 d (R$ MM),5.274e-05,R$ MM,Visão Executiva canônica; cache IME local bc17e56789257c833f39a9dbfc4c4cdb9a335bb2b5d2625dcccd1175289781af,.cache/fundonet-ime/bc17e56789257c833f39a9dbfc4c4cdb9a335bb2b5d2625dcccd1175289781af,Carteiras selecionadas,Quatá FGTS
55401645000128,Quatá FGTS,07/2025,Vencidos Over 360 d (R$ MM),0.0,R$ MM,Visão Executiva canônica; cache IME local bc17e56789257c833f39a9dbfc4c4cdb9a335bb2b5d2625dcccd1175289781af,.cache/fundonet-ime/bc17e56789257c833f39a9dbfc4c4cdb9a335bb2b5d2625dcccd1175289781af,Carteiras selecionadas,Quatá FGTS
55401645000128,Quatá FGTS,06/2025,Vencidos Over 360 d (R$ MM),0.0,R$ MM,Visão Executiva canônica; cache IME local bc17e56789257c833f39a9dbfc4c4cdb9a335bb2b5d2625dcccd1175289781af,.cache/fundonet-ime/bc17e56789257c833f39a9dbfc4c4cdb9a335bb2b5d2625dcccd1175289781af,Carteiras selecionadas,Quatá FGTS
55401645000128,Quatá FGTS,05/2025,Vencidos Over 360 d (R$ MM),0.0,R$ MM,Visão Executiva canônica; cache IME local bc17e56789257c833f39a9dbfc4c4cdb9a335bb2b5d2625dcccd1175289781af,.cache/fundonet-ime/bc17e56789257c833f39a9dbfc4c4cdb9a335bb2b5d2625dcccd1175289781af,Carteiras selecionadas,Quatá FGTS
55401645000128,Quatá FGTS,04/2025,Vencidos Over 360 d (R$ MM),0.0,R$ MM,Visão Executiva canônica; cache IME local bc17e56789257c833f39a9dbfc4c4cdb9a335bb2b5d2625dcccd1175289781af,.cache/fundonet-ime/bc17e56789257c833f39a9dbfc4c4cdb9a335bb2b5d2625dcccd1175289781af,Carteiras selecionadas,Quatá FGTS
55401645000128,Quatá FGTS,03/2025,Vencidos Over 360 d (R$ MM),0.0,R$ MM,Visão Executiva canônica; cache IME local bc17e56789257c833f39a9dbfc4c4cdb9a335bb2b5d2625dcccd1175289781af,.cache/fundonet-ime/bc17e56789257c833f39a9dbfc4c4cdb9a335bb2b5d2625dcccd1175289781af,Carteiras selecionadas,Quatá FGTS
55401645000128,Quatá FGTS,02/2025,Vencidos Over 360 d (R$ MM),0.0,R$ MM,Visão Executiva canônica; cache IME local bc17e56789257c833f39a9dbfc4c4cdb9a335bb2b5d2625dcccd1175289781af,.cache/fundonet-ime/bc17e56789257c833f39a9dbfc4c4cdb9a335bb2b5d2625dcccd1175289781af,Carteiras selecionadas,Quatá FGTS
55401645000128,Quatá FGTS,03/2026,Vencidos Over 360 d / Crédito,5.200005891187303e-06,ratio,Visão Executiva canônica; cache IME local bc17e56789257c833f39a9dbfc4c4cdb9a335bb2b5d2625dcccd1175289781af,.cache/fundonet-ime/bc17e56789257c833f39a9dbfc4c4cdb9a335bb2b5d2625dcccd1175289781af,Carteiras selecionadas,Quatá FGTS
55401645000128,Quatá FGTS,02/2026,Vencidos Over 360 d / Crédito,3.6027279324297493e-06,ratio,Visão Executiva canônica; cache IME local bc17e56789257c833f39a9dbfc4c4cdb9a335bb2b5d2625dcccd1175289781af,.cache/fundonet-ime/bc17e56789257c833f39a9dbfc4c4cdb9a335bb2b5d2625dcccd1175289781af,Carteiras selecionadas,Quatá FGTS
55401645000128,Quatá FGTS,01/2026,Vencidos Over 360 d / Crédito,3.185165553945409e-06,ratio,Visão Executiva canônica; cache IME local bc17e56789257c833f39a9dbfc4c4cdb9a335bb2b5d2625dcccd1175289781af,.cache/fundonet-ime/bc17e56789257c833f39a9dbfc4c4cdb9a335bb2b5d2625dcccd1175289781af,Carteiras selecionadas,Quatá FGTS
55401645000128,Quatá FGTS,12/2025,Vencidos Over 360 d / Crédito,2.2917941317571947e-06,ratio,Visão Executiva canônica; cache IME local bc17e56789257c833f39a9dbfc4c4cdb9a335bb2b5d2625dcccd1175289781af,.cache/fundonet-ime/bc17e56789257c833f39a9dbfc4c4cdb9a335bb2b5d2625dcccd1175289781af,Carteiras selecionadas,Quatá FGTS
55401645000128,Quatá FGTS,11/2025,Vencidos Over 360 d / Crédito,4.3335127642927653e-07,ratio,Visão Executiva canônica; cache IME local bc17e56789257c833f39a9dbfc4c4cdb9a335bb2b5d2625dcccd1175289781af,.cache/fundonet-ime/bc17e56789257c833f39a9dbfc4c4cdb9a335bb2b5d2625dcccd1175289781af,Carteiras selecionadas,Quatá FGTS
55401645000128,Quatá FGTS,10/2025,Vencidos Over 360 d / Crédito,1.8711586864383002e-07,ratio,Visão Executiva canônica; cache IME local bc17e56789257c833f39a9dbfc4c4cdb9a335bb2b5d2625dcccd1175289781af,.cache/fundonet-ime/bc17e56789257c833f39a9dbfc4c4cdb9a335bb2b5d2625dcccd1175289781af,Carteiras selecionadas,Quatá FGTS
55401645000128,Quatá FGTS,09/2025,Vencidos Over 360 d / Crédito,1.822362391641647e-07,ratio,Visão Executiva canônica; cache IME local bc17e56789257c833f39a9dbfc4c4cdb9a335bb2b5d2625dcccd1175289781af,.cache/fundonet-ime/bc17e56789257c833f39a9dbfc4c4cdb9a335bb2b5d2625dcccd1175289781af,Carteiras selecionadas,Quatá FGTS
55401645000128,Quatá FGTS,08/2025,Vencidos Over 360 d / Crédito,3.3843065164009393e-07,ratio,Visão Executiva canônica; cache IME local bc17e56789257c833f39a9dbfc4c4cdb9a335bb2b5d2625dcccd1175289781af,.cache/fundonet-ime/bc17e56789257c833f39a9dbfc4c4cdb9a335bb2b5d2625dcccd1175289781af,Carteiras selecionadas,Quatá FGTS
55401645000128,Quatá FGTS,07/2025,Vencidos Over 360 d / Crédito,0.0,ratio,Visão Executiva canônica; cache IME local bc17e56789257c833f39a9dbfc4c4cdb9a335bb2b5d2625dcccd1175289781af,.cache/fundonet-ime/bc17e56789257c833f39a9dbfc4c4cdb9a335bb2b5d2625dcccd1175289781af,Carteiras selecionadas,Quatá FGTS
55401645000128,Quatá FGTS,06/2025,Vencidos Over 360 d / Crédito,0.0,ratio,Visão Executiva canônica; cache IME local bc17e56789257c833f39a9dbfc4c4cdb9a335bb2b5d2625dcccd1175289781af,.cache/fundonet-ime/bc17e56789257c833f39a9dbfc4c4cdb9a335bb2b5d2625dcccd1175289781af,Carteiras selecionadas,Quatá FGTS
55401645000128,Quatá FGTS,05/2025,Vencidos Over 360 d / Crédito,0.0,ratio,Visão Executiva canônica; cache IME local bc17e56789257c833f39a9dbfc4c4cdb9a335bb2b5d2625dcccd1175289781af,.cache/fundonet-ime/bc17e56789257c833f39a9dbfc4c4cdb9a335bb2b5d2625dcccd1175289781af,Carteiras selecionadas,Quatá FGTS
55401645000128,Quatá FGTS,04/2025,Vencidos Over 360 d / Crédito,0.0,ratio,Visão Executiva canônica; cache IME local bc17e56789257c833f39a9dbfc4c4cdb9a335bb2b5d2625dcccd1175289781af,.cache/fundonet-ime/bc17e56789257c833f39a9dbfc4c4cdb9a335bb2b5d2625dcccd1175289781af,Carteiras selecionadas,Quatá FGTS
55401645000128,Quatá FGTS,03/2025,Vencidos Over 360 d / Crédito,0.0,ratio,Visão Executiva canônica; cache IME local bc17e56789257c833f39a9dbfc4c4cdb9a335bb2b5d2625dcccd1175289781af,.cache/fundonet-ime/bc17e56789257c833f39a9dbfc4c4cdb9a335bb2b5d2625dcccd1175289781af,Carteiras selecionadas,Quatá FGTS
55401645000128,Quatá FGTS,02/2025,Vencidos Over 360 d / Crédito,0.0,ratio,Visão Executiva canônica; cache IME local bc17e56789257c833f39a9dbfc4c4cdb9a335bb2b5d2625dcccd1175289781af,.cache/fundonet-ime/bc17e56789257c833f39a9dbfc4c4cdb9a335bb2b5d2625dcccd1175289781af,Carteiras selecionadas,Quatá FGTS
55401645000128,Quatá FGTS,03/2026,PDD (R$ MM),0.34276431,R$ MM,Visão Executiva canônica; cache IME local bc17e56789257c833f39a9dbfc4c4cdb9a335bb2b5d2625dcccd1175289781af,.cache/fundonet-ime/bc17e56789257c833f39a9dbfc4c4cdb9a335bb2b5d2625dcccd1175289781af,Carteiras selecionadas,Quatá FGTS
55401645000128,Quatá FGTS,02/2026,PDD (R$ MM),0.24918251,R$ MM,Visão Executiva canônica; cache IME local bc17e56789257c833f39a9dbfc4c4cdb9a335bb2b5d2625dcccd1175289781af,.cache/fundonet-ime/bc17e56789257c833f39a9dbfc4c4cdb9a335bb2b5d2625dcccd1175289781af,Carteiras selecionadas,Quatá FGTS
55401645000128,Quatá FGTS,01/2026,PDD (R$ MM),0.17879841,R$ MM,Visão Executiva canônica; cache IME local bc17e56789257c833f39a9dbfc4c4cdb9a335bb2b5d2625dcccd1175289781af,.cache/fundonet-ime/bc17e56789257c833f39a9dbfc4c4cdb9a335bb2b5d2625dcccd1175289781af,Carteiras selecionadas,Quatá FGTS
55401645000128,Quatá FGTS,12/2025,PDD (R$ MM),0.10173386999999999,R$ MM,Visão Executiva canônica; cache IME local bc17e56789257c833f39a9dbfc4c4cdb9a335bb2b5d2625dcccd1175289781af,.cache/fundonet-ime/bc17e56789257c833f39a9dbfc4c4cdb9a335bb2b5d2625dcccd1175289781af,Carteiras selecionadas,Quatá FGTS
55401645000128,Quatá FGTS,11/2025,PDD (R$ MM),0.02791588,R$ MM,Visão Executiva canônica; cache IME local bc17e56789257c833f39a9dbfc4c4cdb9a335bb2b5d2625dcccd1175289781af,.cache/fundonet-ime/bc17e56789257c833f39a9dbfc4c4cdb9a335bb2b5d2625dcccd1175289781af,Carteiras selecionadas,Quatá FGTS
55401645000128,Quatá FGTS,10/2025,PDD (R$ MM),0.012752,R$ MM,Visão Executiva canônica; cache IME local bc17e56789257c833f39a9dbfc4c4cdb9a335bb2b5d2625dcccd1175289781af,.cache/fundonet-ime/bc17e56789257c833f39a9dbfc4c4cdb9a335bb2b5d2625dcccd1175289781af,Carteiras selecionadas,Quatá FGTS
55401645000128,Quatá FGTS,09/2025,PDD (R$ MM),0.01155745,R$ MM,Visão Executiva canônica; cache IME local bc17e56789257c833f39a9dbfc4c4cdb9a335bb2b5d2625dcccd1175289781af,.cache/fundonet-ime/bc17e56789257c833f39a9dbfc4c4cdb9a335bb2b5d2625dcccd1175289781af,Carteiras selecionadas,Quatá FGTS
55401645000128,Quatá FGTS,08/2025,PDD (R$ MM),0.00726423,R$ MM,Visão Executiva canônica; cache IME local bc17e56789257c833f39a9dbfc4c4cdb9a335bb2b5d2625dcccd1175289781af,.cache/fundonet-ime/bc17e56789257c833f39a9dbfc4c4cdb9a335bb2b5d2625dcccd1175289781af,Carteiras selecionadas,Quatá FGTS
55401645000128,Quatá FGTS,07/2025,PDD (R$ MM),0.0066338000000000005,R$ MM,Visão Executiva canônica; cache IME local bc17e56789257c833f39a9dbfc4c4cdb9a335bb2b5d2625dcccd1175289781af,.cache/fundonet-ime/bc17e56789257c833f39a9dbfc4c4cdb9a335bb2b5d2625dcccd1175289781af,Carteiras selecionadas,Quatá FGTS
55401645000128,Quatá FGTS,06/2025,PDD (R$ MM),0.0031221599999999997,R$ MM,Visão Executiva canônica; cache IME local bc17e56789257c833f39a9dbfc4c4cdb9a335bb2b5d2625dcccd1175289781af,.cache/fundonet-ime/bc17e56789257c833f39a9dbfc4c4cdb9a335bb2b5d2625dcccd1175289781af,Carteiras selecionadas,Quatá FGTS
55401645000128,Quatá FGTS,05/2025,PDD (R$ MM),0.00217167,R$ MM,Visão Executiva canônica; cache IME local bc17e56789257c833f39a9dbfc4c4cdb9a335bb2b5d2625dcccd1175289781af,.cache/fundonet-ime/bc17e56789257c833f39a9dbfc4c4cdb9a335bb2b5d2625dcccd1175289781af,Carteiras selecionadas,Quatá FGTS
55401645000128,Quatá FGTS,04/2025,PDD (R$ MM),0.00237172,R$ MM,Visão Executiva canônica; cache IME local bc17e56789257c833f39a9dbfc4c4cdb9a335bb2b5d2625dcccd1175289781af,.cache/fundonet-ime/bc17e56789257c833f39a9dbfc4c4cdb9a335bb2b5d2625dcccd1175289781af,Carteiras selecionadas,Quatá FGTS
55401645000128,Quatá FGTS,03/2025,PDD (R$ MM),0.0021360100000000003,R$ MM,Visão Executiva canônica; cache IME local bc17e56789257c833f39a9dbfc4c4cdb9a335bb2b5d2625dcccd1175289781af,.cache/fundonet-ime/bc17e56789257c833f39a9dbfc4c4cdb9a335bb2b5d2625dcccd1175289781af,Carteiras selecionadas,Quatá FGTS
55401645000128,Quatá FGTS,02/2025,PDD (R$ MM),0.00180593,R$ MM,Visão Executiva canônica; cache IME local bc17e56789257c833f39a9dbfc4c4cdb9a335bb2b5d2625dcccd1175289781af,.cache/fundonet-ime/bc17e56789257c833f39a9dbfc4c4cdb9a335bb2b5d2625dcccd1175289781af,Carteiras selecionadas,Quatá FGTS
55401645000128,Quatá FGTS,03/2026,PDD / Crédito,0.0013922096709929708,ratio,Visão Executiva canônica; cache IME local bc17e56789257c833f39a9dbfc4c4cdb9a335bb2b5d2625dcccd1175289781af,.cache/fundonet-ime/bc17e56789257c833f39a9dbfc4c4cdb9a335bb2b5d2625dcccd1175289781af,Carteiras selecionadas,Quatá FGTS
55401645000128,Quatá FGTS,02/2026,PDD / Crédito,0.0009818198401613757,ratio,Visão Executiva canônica; cache IME local bc17e56789257c833f39a9dbfc4c4cdb9a335bb2b5d2625dcccd1175289781af,.cache/fundonet-ime/bc17e56789257c833f39a9dbfc4c4cdb9a335bb2b5d2625dcccd1175289781af,Carteiras selecionadas,Quatá FGTS
55401645000128,Quatá FGTS,01/2026,PDD / Crédito,0.0006867516449795704,ratio,Visão Executiva canônica; cache IME local bc17e56789257c833f39a9dbfc4c4cdb9a335bb2b5d2625dcccd1175289781af,.cache/fundonet-ime/bc17e56789257c833f39a9dbfc4c4cdb9a335bb2b5d2625dcccd1175289781af,Carteiras selecionadas,Quatá FGTS
55401645000128,Quatá FGTS,12/2025,PDD / Crédito,0.0003801305718870943,ratio,Visão Executiva canônica; cache IME local bc17e56789257c833f39a9dbfc4c4cdb9a335bb2b5d2625dcccd1175289781af,.cache/fundonet-ime/bc17e56789257c833f39a9dbfc4c4cdb9a335bb2b5d2625dcccd1175289781af,Carteiras selecionadas,Quatá FGTS
55401645000128,Quatá FGTS,11/2025,PDD / Crédito,0.00010163305242919023,ratio,Visão Executiva canônica; cache IME local bc17e56789257c833f39a9dbfc4c4cdb9a335bb2b5d2625dcccd1175289781af,.cache/fundonet-ime/bc17e56789257c833f39a9dbfc4c4cdb9a335bb2b5d2625dcccd1175289781af,Carteiras selecionadas,Quatá FGTS
55401645000128,Quatá FGTS,10/2025,PDD / Crédito,4.524272955908457e-05,ratio,Visão Executiva canônica; cache IME local bc17e56789257c833f39a9dbfc4c4cdb9a335bb2b5d2625dcccd1175289781af,.cache/fundonet-ime/bc17e56789257c833f39a9dbfc4c4cdb9a335bb2b5d2625dcccd1175289781af,Carteiras selecionadas,Quatá FGTS
55401645000128,Quatá FGTS,09/2025,PDD / Crédito,3.9935271564806134e-05,ratio,Visão Executiva canônica; cache IME local bc17e56789257c833f39a9dbfc4c4cdb9a335bb2b5d2625dcccd1175289781af,.cache/fundonet-ime/bc17e56789257c833f39a9dbfc4c4cdb9a335bb2b5d2625dcccd1175289781af,Carteiras selecionadas,Quatá FGTS
55401645000128,Quatá FGTS,08/2025,PDD / Crédito,4.6614298304200214e-05,ratio,Visão Executiva canônica; cache IME local bc17e56789257c833f39a9dbfc4c4cdb9a335bb2b5d2625dcccd1175289781af,.cache/fundonet-ime/bc17e56789257c833f39a9dbfc4c4cdb9a335bb2b5d2625dcccd1175289781af,Carteiras selecionadas,Quatá FGTS
55401645000128,Quatá FGTS,07/2025,PDD / Crédito,4.151304953694692e-05,ratio,Visão Executiva canônica; cache IME local bc17e56789257c833f39a9dbfc4c4cdb9a335bb2b5d2625dcccd1175289781af,.cache/fundonet-ime/bc17e56789257c833f39a9dbfc4c4cdb9a335bb2b5d2625dcccd1175289781af,Carteiras selecionadas,Quatá FGTS
55401645000128,Quatá FGTS,06/2025,PDD / Crédito,1.904110958012396e-05,ratio,Visão Executiva canônica; cache IME local bc17e56789257c833f39a9dbfc4c4cdb9a335bb2b5d2625dcccd1175289781af,.cache/fundonet-ime/bc17e56789257c833f39a9dbfc4c4cdb9a335bb2b5d2625dcccd1175289781af,Carteiras selecionadas,Quatá FGTS
55401645000128,Quatá FGTS,05/2025,PDD / Crédito,1.2911165910254768e-05,ratio,Visão Executiva canônica; cache IME local bc17e56789257c833f39a9dbfc4c4cdb9a335bb2b5d2625dcccd1175289781af,.cache/fundonet-ime/bc17e56789257c833f39a9dbfc4c4cdb9a335bb2b5d2625dcccd1175289781af,Carteiras selecionadas,Quatá FGTS
55401645000128,Quatá FGTS,04/2025,PDD / Crédito,1.3916069954565854e-05,ratio,Visão Executiva canônica; cache IME local bc17e56789257c833f39a9dbfc4c4cdb9a335bb2b5d2625dcccd1175289781af,.cache/fundonet-ime/bc17e56789257c833f39a9dbfc4c4cdb9a335bb2b5d2625dcccd1175289781af,Carteiras selecionadas,Quatá FGTS
55401645000128,Quatá FGTS,03/2025,PDD / Crédito,1.2414739287018508e-05,ratio,Visão Executiva canônica; cache IME local bc17e56789257c833f39a9dbfc4c4cdb9a335bb2b5d2625dcccd1175289781af,.cache/fundonet-ime/bc17e56789257c833f39a9dbfc4c4cdb9a335bb2b5d2625dcccd1175289781af,Carteiras selecionadas,Quatá FGTS
55401645000128,Quatá FGTS,02/2025,PDD / Crédito,1.0515463962270841e-05,ratio,Visão Executiva canônica; cache IME local bc17e56789257c833f39a9dbfc4c4cdb9a335bb2b5d2625dcccd1175289781af,.cache/fundonet-ime/bc17e56789257c833f39a9dbfc4c4cdb9a335bb2b5d2625dcccd1175289781af,Carteiras selecionadas,Quatá FGTS
55401645000128,Quatá FGTS,03/2026,PDD / Venc > 90 d,2.548568255169474,ratio,Visão Executiva canônica; cache IME local bc17e56789257c833f39a9dbfc4c4cdb9a335bb2b5d2625dcccd1175289781af,.cache/fundonet-ime/bc17e56789257c833f39a9dbfc4c4cdb9a335bb2b5d2625dcccd1175289781af,Carteiras selecionadas,Quatá FGTS
55401645000128,Quatá FGTS,02/2026,PDD / Venc > 90 d,2.7500128019211707,ratio,Visão Executiva canônica; cache IME local bc17e56789257c833f39a9dbfc4c4cdb9a335bb2b5d2625dcccd1175289781af,.cache/fundonet-ime/bc17e56789257c833f39a9dbfc4c4cdb9a335bb2b5d2625dcccd1175289781af,Carteiras selecionadas,Quatá FGTS
55401645000128,Quatá FGTS,01/2026,PDD / Venc > 90 d,4.302903258178657,ratio,Visão Executiva canônica; cache IME local bc17e56789257c833f39a9dbfc4c4cdb9a335bb2b5d2625dcccd1175289781af,.cache/fundonet-ime/bc17e56789257c833f39a9dbfc4c4cdb9a335bb2b5d2625dcccd1175289781af,Carteiras selecionadas,Quatá FGTS
55401645000128,Quatá FGTS,12/2025,PDD / Venc > 90 d,2.44829358767857,ratio,Visão Executiva canônica; cache IME local bc17e56789257c833f39a9dbfc4c4cdb9a335bb2b5d2625dcccd1175289781af,.cache/fundonet-ime/bc17e56789257c833f39a9dbfc4c4cdb9a335bb2b5d2625dcccd1175289781af,Carteiras selecionadas,Quatá FGTS
55401645000128,Quatá FGTS,11/2025,PDD / Venc > 90 d,6.829890563720394,ratio,Visão Executiva canônica; cache IME local bc17e56789257c833f39a9dbfc4c4cdb9a335bb2b5d2625dcccd1175289781af,.cache/fundonet-ime/bc17e56789257c833f39a9dbfc4c4cdb9a335bb2b5d2625dcccd1175289781af,Carteiras selecionadas,Quatá FGTS
55401645000128,Quatá FGTS,10/2025,PDD / Venc > 90 d,3.119900374573987,ratio,Visão Executiva canônica; cache IME local bc17e56789257c833f39a9dbfc4c4cdb9a335bb2b5d2625dcccd1175289781af,.cache/fundonet-ime/bc17e56789257c833f39a9dbfc4c4cdb9a335bb2b5d2625dcccd1175289781af,Carteiras selecionadas,Quatá FGTS
55401645000128,Quatá FGTS,09/2025,PDD / Venc > 90 d,3.3718979571592786,ratio,Visão Executiva canônica; cache IME local bc17e56789257c833f39a9dbfc4c4cdb9a335bb2b5d2625dcccd1175289781af,.cache/fundonet-ime/bc17e56789257c833f39a9dbfc4c4cdb9a335bb2b5d2625dcccd1175289781af,Carteiras selecionadas,Quatá FGTS
55401645000128,Quatá FGTS,08/2025,PDD / Venc > 90 d,2.2724650647713376,ratio,Visão Executiva canônica; cache IME local bc17e56789257c833f39a9dbfc4c4cdb9a335bb2b5d2625dcccd1175289781af,.cache/fundonet-ime/bc17e56789257c833f39a9dbfc4c4cdb9a335bb2b5d2625dcccd1175289781af,Carteiras selecionadas,Quatá FGTS
55401645000128,Quatá FGTS,07/2025,PDD / Venc > 90 d,2.075247995545309,ratio,Visão Executiva canônica; cache IME local bc17e56789257c833f39a9dbfc4c4cdb9a335bb2b5d2625dcccd1175289781af,.cache/fundonet-ime/bc17e56789257c833f39a9dbfc4c4cdb9a335bb2b5d2625dcccd1175289781af,Carteiras selecionadas,Quatá FGTS
55401645000128,Quatá FGTS,06/2025,PDD / Venc > 90 d,3.414585064963472,ratio,Visão Executiva canônica; cache IME local bc17e56789257c833f39a9dbfc4c4cdb9a335bb2b5d2625dcccd1175289781af,.cache/fundonet-ime/bc17e56789257c833f39a9dbfc4c4cdb9a335bb2b5d2625dcccd1175289781af,Carteiras selecionadas,Quatá FGTS
55401645000128,Quatá FGTS,05/2025,PDD / Venc > 90 d,2.6187731378200105,ratio,Visão Executiva canônica; cache IME local bc17e56789257c833f39a9dbfc4c4cdb9a335bb2b5d2625dcccd1175289781af,.cache/fundonet-ime/bc17e56789257c833f39a9dbfc4c4cdb9a335bb2b5d2625dcccd1175289781af,Carteiras selecionadas,Quatá FGTS
55401645000128,Quatá FGTS,04/2025,PDD / Venc > 90 d,3.866829705714518,ratio,Visão Executiva canônica; cache IME local bc17e56789257c833f39a9dbfc4c4cdb9a335bb2b5d2625dcccd1175289781af,.cache/fundonet-ime/bc17e56789257c833f39a9dbfc4c4cdb9a335bb2b5d2625dcccd1175289781af,Carteiras selecionadas,Quatá FGTS
55401645000128,Quatá FGTS,03/2025,PDD / Venc > 90 d,17.945139880702346,ratio,Visão Executiva canônica; cache IME local bc17e56789257c833f39a9dbfc4c4cdb9a335bb2b5d2625dcccd1175289781af,.cache/fundonet-ime/bc17e56789257c833f39a9dbfc4c4cdb9a335bb2b5d2625dcccd1175289781af,Carteiras selecionadas,Quatá FGTS
55401645000128,Quatá FGTS,02/2025,PDD / Venc > 90 d,34.242131209708,ratio,Visão Executiva canônica; cache IME local bc17e56789257c833f39a9dbfc4c4cdb9a335bb2b5d2625dcccd1175289781af,.cache/fundonet-ime/bc17e56789257c833f39a9dbfc4c4cdb9a335bb2b5d2625dcccd1175289781af,Carteiras selecionadas,Quatá FGTS
55401645000128,Quatá FGTS,03/2026,PDD / Venc Total,1.9026474143254626,ratio,Visão Executiva canônica; cache IME local bc17e56789257c833f39a9dbfc4c4cdb9a335bb2b5d2625dcccd1175289781af,.cache/fundonet-ime/bc17e56789257c833f39a9dbfc4c4cdb9a335bb2b5d2625dcccd1175289781af,Carteiras selecionadas,Quatá FGTS
55401645000128,Quatá FGTS,02/2026,PDD / Venc Total,1.4651902917156374,ratio,Visão Executiva canônica; cache IME local bc17e56789257c833f39a9dbfc4c4cdb9a335bb2b5d2625dcccd1175289781af,.cache/fundonet-ime/bc17e56789257c833f39a9dbfc4c4cdb9a335bb2b5d2625dcccd1175289781af,Carteiras selecionadas,Quatá FGTS
55401645000128,Quatá FGTS,01/2026,PDD / Venc Total,1.0670154310422613,ratio,Visão Executiva canônica; cache IME local bc17e56789257c833f39a9dbfc4c4cdb9a335bb2b5d2625dcccd1175289781af,.cache/fundonet-ime/bc17e56789257c833f39a9dbfc4c4cdb9a335bb2b5d2625dcccd1175289781af,Carteiras selecionadas,Quatá FGTS
55401645000128,Quatá FGTS,12/2025,PDD / Venc Total,0.7305197127263139,ratio,Visão Executiva canônica; cache IME local bc17e56789257c833f39a9dbfc4c4cdb9a335bb2b5d2625dcccd1175289781af,.cache/fundonet-ime/bc17e56789257c833f39a9dbfc4c4cdb9a335bb2b5d2625dcccd1175289781af,Carteiras selecionadas,Quatá FGTS
55401645000128,Quatá FGTS,11/2025,PDD / Venc Total,0.2356262594930165,ratio,Visão Executiva canônica; cache IME local bc17e56789257c833f39a9dbfc4c4cdb9a335bb2b5d2625dcccd1175289781af,.cache/fundonet-ime/bc17e56789257c833f39a9dbfc4c4cdb9a335bb2b5d2625dcccd1175289781af,Carteiras selecionadas,Quatá FGTS
55401645000128,Quatá FGTS,10/2025,PDD / Venc Total,0.306422080075356,ratio,Visão Executiva canônica; cache IME local bc17e56789257c833f39a9dbfc4c4cdb9a335bb2b5d2625dcccd1175289781af,.cache/fundonet-ime/bc17e56789257c833f39a9dbfc4c4cdb9a335bb2b5d2625dcccd1175289781af,Carteiras selecionadas,Quatá FGTS
55401645000128,Quatá FGTS,09/2025,PDD / Venc Total,2.6985166558095117,ratio,Visão Executiva canônica; cache IME local bc17e56789257c833f39a9dbfc4c4cdb9a335bb2b5d2625dcccd1175289781af,.cache/fundonet-ime/bc17e56789257c833f39a9dbfc4c4cdb9a335bb2b5d2625dcccd1175289781af,Carteiras selecionadas,Quatá FGTS
55401645000128,Quatá FGTS,08/2025,PDD / Venc Total,1.7655409593019722,ratio,Visão Executiva canônica; cache IME local bc17e56789257c833f39a9dbfc4c4cdb9a335bb2b5d2625dcccd1175289781af,.cache/fundonet-ime/bc17e56789257c833f39a9dbfc4c4cdb9a335bb2b5d2625dcccd1175289781af,Carteiras selecionadas,Quatá FGTS
55401645000128,Quatá FGTS,07/2025,PDD / Venc Total,1.9202135050018527,ratio,Visão Executiva canônica; cache IME local bc17e56789257c833f39a9dbfc4c4cdb9a335bb2b5d2625dcccd1175289781af,.cache/fundonet-ime/bc17e56789257c833f39a9dbfc4c4cdb9a335bb2b5d2625dcccd1175289781af,Carteiras selecionadas,Quatá FGTS
55401645000128,Quatá FGTS,06/2025,PDD / Venc Total,0.8229941534033097,ratio,Visão Executiva canônica; cache IME local bc17e56789257c833f39a9dbfc4c4cdb9a335bb2b5d2625dcccd1175289781af,.cache/fundonet-ime/bc17e56789257c833f39a9dbfc4c4cdb9a335bb2b5d2625dcccd1175289781af,Carteiras selecionadas,Quatá FGTS
55401645000128,Quatá FGTS,05/2025,PDD / Venc Total,0.6793623284521512,ratio,Visão Executiva canônica; cache IME local bc17e56789257c833f39a9dbfc4c4cdb9a335bb2b5d2625dcccd1175289781af,.cache/fundonet-ime/bc17e56789257c833f39a9dbfc4c4cdb9a335bb2b5d2625dcccd1175289781af,Carteiras selecionadas,Quatá FGTS
55401645000128,Quatá FGTS,04/2025,PDD / Venc Total,1.8525444249170082,ratio,Visão Executiva canônica; cache IME local bc17e56789257c833f39a9dbfc4c4cdb9a335bb2b5d2625dcccd1175289781af,.cache/fundonet-ime/bc17e56789257c833f39a9dbfc4c4cdb9a335bb2b5d2625dcccd1175289781af,Carteiras selecionadas,Quatá FGTS
55401645000128,Quatá FGTS,03/2025,PDD / Venc Total,1.865771636211174,ratio,Visão Executiva canônica; cache IME local bc17e56789257c833f39a9dbfc4c4cdb9a335bb2b5d2625dcccd1175289781af,.cache/fundonet-ime/bc17e56789257c833f39a9dbfc4c4cdb9a335bb2b5d2625dcccd1175289781af,Carteiras selecionadas,Quatá FGTS
55401645000128,Quatá FGTS,02/2025,PDD / Venc Total,1.8384147893274154,ratio,Visão Executiva canônica; cache IME local bc17e56789257c833f39a9dbfc4c4cdb9a335bb2b5d2625dcccd1175289781af,.cache/fundonet-ime/bc17e56789257c833f39a9dbfc4c4cdb9a335bb2b5d2625dcccd1175289781af,Carteiras selecionadas,Quatá FGTS
55401645000128,Quatá FGTS,03/2026,Recompras (R$ MM),0.0,R$ MM,Visão Executiva canônica; cache IME local bc17e56789257c833f39a9dbfc4c4cdb9a335bb2b5d2625dcccd1175289781af,.cache/fundonet-ime/bc17e56789257c833f39a9dbfc4c4cdb9a335bb2b5d2625dcccd1175289781af,Carteiras selecionadas,Quatá FGTS
55401645000128,Quatá FGTS,02/2026,Recompras (R$ MM),0.0,R$ MM,Visão Executiva canônica; cache IME local bc17e56789257c833f39a9dbfc4c4cdb9a335bb2b5d2625dcccd1175289781af,.cache/fundonet-ime/bc17e56789257c833f39a9dbfc4c4cdb9a335bb2b5d2625dcccd1175289781af,Carteiras selecionadas,Quatá FGTS
55401645000128,Quatá FGTS,01/2026,Recompras (R$ MM),0.0,R$ MM,Visão Executiva canônica; cache IME local bc17e56789257c833f39a9dbfc4c4cdb9a335bb2b5d2625dcccd1175289781af,.cache/fundonet-ime/bc17e56789257c833f39a9dbfc4c4cdb9a335bb2b5d2625dcccd1175289781af,Carteiras selecionadas,Quatá FGTS
55401645000128,Quatá FGTS,12/2025,Recompras (R$ MM),0.0,R$ MM,Visão Executiva canônica; cache IME local bc17e56789257c833f39a9dbfc4c4cdb9a335bb2b5d2625dcccd1175289781af,.cache/fundonet-ime/bc17e56789257c833f39a9dbfc4c4cdb9a335bb2b5d2625dcccd1175289781af,Carteiras selecionadas,Quatá FGTS
55401645000128,Quatá FGTS,11/2025,Recompras (R$ MM),0.0,R$ MM,Visão Executiva canônica; cache IME local bc17e56789257c833f39a9dbfc4c4cdb9a335bb2b5d2625dcccd1175289781af,.cache/fundonet-ime/bc17e56789257c833f39a9dbfc4c4cdb9a335bb2b5d2625dcccd1175289781af,Carteiras selecionadas,Quatá FGTS
55401645000128,Quatá FGTS,10/2025,Recompras (R$ MM),0.0,R$ MM,Visão Executiva canônica; cache IME local bc17e56789257c833f39a9dbfc4c4cdb9a335bb2b5d2625dcccd1175289781af,.cache/fundonet-ime/bc17e56789257c833f39a9dbfc4c4cdb9a335bb2b5d2625dcccd1175289781af,Carteiras selecionadas,Quatá FGTS
55401645000128,Quatá FGTS,09/2025,Recompras (R$ MM),0.0,R$ MM,Visão Executiva canônica; cache IME local bc17e56789257c833f39a9dbfc4c4cdb9a335bb2b5d2625dcccd1175289781af,.cache/fundonet-ime/bc17e56789257c833f39a9dbfc4c4cdb9a335bb2b5d2625dcccd1175289781af,Carteiras selecionadas,Quatá FGTS
55401645000128,Quatá FGTS,08/2025,Recompras (R$ MM),0.0,R$ MM,Visão Executiva canônica; cache IME local bc17e56789257c833f39a9dbfc4c4cdb9a335bb2b5d2625dcccd1175289781af,.cache/fundonet-ime/bc17e56789257c833f39a9dbfc4c4cdb9a335bb2b5d2625dcccd1175289781af,Carteiras selecionadas,Quatá FGTS
55401645000128,Quatá FGTS,07/2025,Recompras (R$ MM),0.0,R$ MM,Visão Executiva canônica; cache IME local bc17e56789257c833f39a9dbfc4c4cdb9a335bb2b5d2625dcccd1175289781af,.cache/fundonet-ime/bc17e56789257c833f39a9dbfc4c4cdb9a335bb2b5d2625dcccd1175289781af,Carteiras selecionadas,Quatá FGTS
55401645000128,Quatá FGTS,06/2025,Recompras (R$ MM),0.0,R$ MM,Visão Executiva canônica; cache IME local bc17e56789257c833f39a9dbfc4c4cdb9a335bb2b5d2625dcccd1175289781af,.cache/fundonet-ime/bc17e56789257c833f39a9dbfc4c4cdb9a335bb2b5d2625dcccd1175289781af,Carteiras selecionadas,Quatá FGTS
55401645000128,Quatá FGTS,05/2025,Recompras (R$ MM),0.0,R$ MM,Visão Executiva canônica; cache IME local bc17e56789257c833f39a9dbfc4c4cdb9a335bb2b5d2625dcccd1175289781af,.cache/fundonet-ime/bc17e56789257c833f39a9dbfc4c4cdb9a335bb2b5d2625dcccd1175289781af,Carteiras selecionadas,Quatá FGTS
55401645000128,Quatá FGTS,04/2025,Recompras (R$ MM),0.0,R$ MM,Visão Executiva canônica; cache IME local bc17e56789257c833f39a9dbfc4c4cdb9a335bb2b5d2625dcccd1175289781af,.cache/fundonet-ime/bc17e56789257c833f39a9dbfc4c4cdb9a335bb2b5d2625dcccd1175289781af,Carteiras selecionadas,Quatá FGTS
55401645000128,Quatá FGTS,03/2025,Recompras (R$ MM),0.0,R$ MM,Visão Executiva canônica; cache IME local bc17e56789257c833f39a9dbfc4c4cdb9a335bb2b5d2625dcccd1175289781af,.cache/fundonet-ime/bc17e56789257c833f39a9dbfc4c4cdb9a335bb2b5d2625dcccd1175289781af,Carteiras selecionadas,Quatá FGTS
55401645000128,Quatá FGTS,02/2025,Recompras (R$ MM),0.0,R$ MM,Visão Executiva canônica; cache IME local bc17e56789257c833f39a9dbfc4c4cdb9a335bb2b5d2625dcccd1175289781af,.cache/fundonet-ime/bc17e56789257c833f39a9dbfc4c4cdb9a335bb2b5d2625dcccd1175289781af,Carteiras selecionadas,Quatá FGTS
55401645000128,Quatá FGTS,03/2026,Recompras / Crédito,0.0,ratio,Visão Executiva canônica; cache IME local bc17e56789257c833f39a9dbfc4c4cdb9a335bb2b5d2625dcccd1175289781af,.cache/fundonet-ime/bc17e56789257c833f39a9dbfc4c4cdb9a335bb2b5d2625dcccd1175289781af,Carteiras selecionadas,Quatá FGTS
55401645000128,Quatá FGTS,02/2026,Recompras / Crédito,0.0,ratio,Visão Executiva canônica; cache IME local bc17e56789257c833f39a9dbfc4c4cdb9a335bb2b5d2625dcccd1175289781af,.cache/fundonet-ime/bc17e56789257c833f39a9dbfc4c4cdb9a335bb2b5d2625dcccd1175289781af,Carteiras selecionadas,Quatá FGTS
55401645000128,Quatá FGTS,01/2026,Recompras / Crédito,0.0,ratio,Visão Executiva canônica; cache IME local bc17e56789257c833f39a9dbfc4c4cdb9a335bb2b5d2625dcccd1175289781af,.cache/fundonet-ime/bc17e56789257c833f39a9dbfc4c4cdb9a335bb2b5d2625dcccd1175289781af,Carteiras selecionadas,Quatá FGTS
55401645000128,Quatá FGTS,12/2025,Recompras / Crédito,0.0,ratio,Visão Executiva canônica; cache IME local bc17e56789257c833f39a9dbfc4c4cdb9a335bb2b5d2625dcccd1175289781af,.cache/fundonet-ime/bc17e56789257c833f39a9dbfc4c4cdb9a335bb2b5d2625dcccd1175289781af,Carteiras selecionadas,Quatá FGTS
55401645000128,Quatá FGTS,11/2025,Recompras / Crédito,0.0,ratio,Visão Executiva canônica; cache IME local bc17e56789257c833f39a9dbfc4c4cdb9a335bb2b5d2625dcccd1175289781af,.cache/fundonet-ime/bc17e56789257c833f39a9dbfc4c4cdb9a335bb2b5d2625dcccd1175289781af,Carteiras selecionadas,Quatá FGTS
55401645000128,Quatá FGTS,10/2025,Recompras / Crédito,0.0,ratio,Visão Executiva canônica; cache IME local bc17e56789257c833f39a9dbfc4c4cdb9a335bb2b5d2625dcccd1175289781af,.cache/fundonet-ime/bc17e56789257c833f39a9dbfc4c4cdb9a335bb2b5d2625dcccd1175289781af,Carteiras selecionadas,Quatá FGTS
55401645000128,Quatá FGTS,09/2025,Recompras / Crédito,0.0,ratio,Visão Executiva canônica; cache IME local bc17e56789257c833f39a9dbfc4c4cdb9a335bb2b5d2625dcccd1175289781af,.cache/fundonet-ime/bc17e56789257c833f39a9dbfc4c4cdb9a335bb2b5d2625dcccd1175289781af,Carteiras selecionadas,Quatá FGTS
55401645000128,Quatá FGTS,08/2025,Recompras / Crédito,0.0,ratio,Visão Executiva canônica; cache IME local bc17e56789257c833f39a9dbfc4c4cdb9a335bb2b5d2625dcccd1175289781af,.cache/fundonet-ime/bc17e56789257c833f39a9dbfc4c4cdb9a335bb2b5d2625dcccd1175289781af,Carteiras selecionadas,Quatá FGTS
55401645000128,Quatá FGTS,07/2025,Recompras / Crédito,0.0,ratio,Visão Executiva canônica; cache IME local bc17e56789257c833f39a9dbfc4c4cdb9a335bb2b5d2625dcccd1175289781af,.cache/fundonet-ime/bc17e56789257c833f39a9dbfc4c4cdb9a335bb2b5d2625dcccd1175289781af,Carteiras selecionadas,Quatá FGTS
55401645000128,Quatá FGTS,06/2025,Recompras / Crédito,0.0,ratio,Visão Executiva canônica; cache IME local bc17e56789257c833f39a9dbfc4c4cdb9a335bb2b5d2625dcccd1175289781af,.cache/fundonet-ime/bc17e56789257c833f39a9dbfc4c4cdb9a335bb2b5d2625dcccd1175289781af,Carteiras selecionadas,Quatá FGTS
55401645000128,Quatá FGTS,05/2025,Recompras / Crédito,0.0,ratio,Visão Executiva canônica; cache IME local bc17e56789257c833f39a9dbfc4c4cdb9a335bb2b5d2625dcccd1175289781af,.cache/fundonet-ime/bc17e56789257c833f39a9dbfc4c4cdb9a335bb2b5d2625dcccd1175289781af,Carteiras selecionadas,Quatá FGTS
55401645000128,Quatá FGTS,04/2025,Recompras / Crédito,0.0,ratio,Visão Executiva canônica; cache IME local bc17e56789257c833f39a9dbfc4c4cdb9a335bb2b5d2625dcccd1175289781af,.cache/fundonet-ime/bc17e56789257c833f39a9dbfc4c4cdb9a335bb2b5d2625dcccd1175289781af,Carteiras selecionadas,Quatá FGTS
55401645000128,Quatá FGTS,03/2025,Recompras / Crédito,0.0,ratio,Visão Executiva canônica; cache IME local bc17e56789257c833f39a9dbfc4c4cdb9a335bb2b5d2625dcccd1175289781af,.cache/fundonet-ime/bc17e56789257c833f39a9dbfc4c4cdb9a335bb2b5d2625dcccd1175289781af,Carteiras selecionadas,Quatá FGTS
55401645000128,Quatá FGTS,02/2025,Recompras / Crédito,0.0,ratio,Visão Executiva canônica; cache IME local bc17e56789257c833f39a9dbfc4c4cdb9a335bb2b5d2625dcccd1175289781af,.cache/fundonet-ime/bc17e56789257c833f39a9dbfc4c4cdb9a335bb2b5d2625dcccd1175289781af,Carteiras selecionadas,Quatá FGTS
55401645000128,Quatá FGTS,03/2026,Recompras / PL,0.0,ratio,Visão Executiva canônica; cache IME local bc17e56789257c833f39a9dbfc4c4cdb9a335bb2b5d2625dcccd1175289781af,.cache/fundonet-ime/bc17e56789257c833f39a9dbfc4c4cdb9a335bb2b5d2625dcccd1175289781af,Carteiras selecionadas,Quatá FGTS
55401645000128,Quatá FGTS,02/2026,Recompras / PL,0.0,ratio,Visão Executiva canônica; cache IME local bc17e56789257c833f39a9dbfc4c4cdb9a335bb2b5d2625dcccd1175289781af,.cache/fundonet-ime/bc17e56789257c833f39a9dbfc4c4cdb9a335bb2b5d2625dcccd1175289781af,Carteiras selecionadas,Quatá FGTS
55401645000128,Quatá FGTS,01/2026,Recompras / PL,0.0,ratio,Visão Executiva canônica; cache IME local bc17e56789257c833f39a9dbfc4c4cdb9a335bb2b5d2625dcccd1175289781af,.cache/fundonet-ime/bc17e56789257c833f39a9dbfc4c4cdb9a335bb2b5d2625dcccd1175289781af,Carteiras selecionadas,Quatá FGTS
55401645000128,Quatá FGTS,12/2025,Recompras / PL,0.0,ratio,Visão Executiva canônica; cache IME local bc17e56789257c833f39a9dbfc4c4cdb9a335bb2b5d2625dcccd1175289781af,.cache/fundonet-ime/bc17e56789257c833f39a9dbfc4c4cdb9a335bb2b5d2625dcccd1175289781af,Carteiras selecionadas,Quatá FGTS
55401645000128,Quatá FGTS,11/2025,Recompras / PL,0.0,ratio,Visão Executiva canônica; cache IME local bc17e56789257c833f39a9dbfc4c4cdb9a335bb2b5d2625dcccd1175289781af,.cache/fundonet-ime/bc17e56789257c833f39a9dbfc4c4cdb9a335bb2b5d2625dcccd1175289781af,Carteiras selecionadas,Quatá FGTS
55401645000128,Quatá FGTS,10/2025,Recompras / PL,0.0,ratio,Visão Executiva canônica; cache IME local bc17e56789257c833f39a9dbfc4c4cdb9a335bb2b5d2625dcccd1175289781af,.cache/fundonet-ime/bc17e56789257c833f39a9dbfc4c4cdb9a335bb2b5d2625dcccd1175289781af,Carteiras selecionadas,Quatá FGTS
55401645000128,Quatá FGTS,09/2025,Recompras / PL,0.0,ratio,Visão Executiva canônica; cache IME local bc17e56789257c833f39a9dbfc4c4cdb9a335bb2b5d2625dcccd1175289781af,.cache/fundonet-ime/bc17e56789257c833f39a9dbfc4c4cdb9a335bb2b5d2625dcccd1175289781af,Carteiras selecionadas,Quatá FGTS
55401645000128,Quatá FGTS,08/2025,Recompras / PL,0.0,ratio,Visão Executiva canônica; cache IME local bc17e56789257c833f39a9dbfc4c4cdb9a335bb2b5d2625dcccd1175289781af,.cache/fundonet-ime/bc17e56789257c833f39a9dbfc4c4cdb9a335bb2b5d2625dcccd1175289781af,Carteiras selecionadas,Quatá FGTS
55401645000128,Quatá FGTS,07/2025,Recompras / PL,0.0,ratio,Visão Executiva canônica; cache IME local bc17e56789257c833f39a9dbfc4c4cdb9a335bb2b5d2625dcccd1175289781af,.cache/fundonet-ime/bc17e56789257c833f39a9dbfc4c4cdb9a335bb2b5d2625dcccd1175289781af,Carteiras selecionadas,Quatá FGTS
55401645000128,Quatá FGTS,06/2025,Recompras / PL,0.0,ratio,Visão Executiva canônica; cache IME local bc17e56789257c833f39a9dbfc4c4cdb9a335bb2b5d2625dcccd1175289781af,.cache/fundonet-ime/bc17e56789257c833f39a9dbfc4c4cdb9a335bb2b5d2625dcccd1175289781af,Carteiras selecionadas,Quatá FGTS
55401645000128,Quatá FGTS,05/2025,Recompras / PL,0.0,ratio,Visão Executiva canônica; cache IME local bc17e56789257c833f39a9dbfc4c4cdb9a335bb2b5d2625dcccd1175289781af,.cache/fundonet-ime/bc17e56789257c833f39a9dbfc4c4cdb9a335bb2b5d2625dcccd1175289781af,Carteiras selecionadas,Quatá FGTS
55401645000128,Quatá FGTS,04/2025,Recompras / PL,0.0,ratio,Visão Executiva canônica; cache IME local bc17e56789257c833f39a9dbfc4c4cdb9a335bb2b5d2625dcccd1175289781af,.cache/fundonet-ime/bc17e56789257c833f39a9dbfc4c4cdb9a335bb2b5d2625dcccd1175289781af,Carteiras selecionadas,Quatá FGTS
55401645000128,Quatá FGTS,03/2025,Recompras / PL,0.0,ratio,Visão Executiva canônica; cache IME local bc17e56789257c833f39a9dbfc4c4cdb9a335bb2b5d2625dcccd1175289781af,.cache/fundonet-ime/bc17e56789257c833f39a9dbfc4c4cdb9a335bb2b5d2625dcccd1175289781af,Carteiras selecionadas,Quatá FGTS
55401645000128,Quatá FGTS,02/2025,Recompras / PL,0.0,ratio,Visão Executiva canônica; cache IME local bc17e56789257c833f39a9dbfc4c4cdb9a335bb2b5d2625dcccd1175289781af,.cache/fundonet-ime/bc17e56789257c833f39a9dbfc4c4cdb9a335bb2b5d2625dcccd1175289781af,Carteiras selecionadas,Quatá FGTS
55401645000128,Quatá FGTS,03/2026,Cotas SR / PL %,83.12511699499426,%,Visão Executiva canônica; cache IME local bc17e56789257c833f39a9dbfc4c4cdb9a335bb2b5d2625dcccd1175289781af,.cache/fundonet-ime/bc17e56789257c833f39a9dbfc4c4cdb9a335bb2b5d2625dcccd1175289781af,Carteiras selecionadas,Quatá FGTS
55401645000128,Quatá FGTS,02/2026,Cotas SR / PL %,83.21372096276235,%,Visão Executiva canônica; cache IME local bc17e56789257c833f39a9dbfc4c4cdb9a335bb2b5d2625dcccd1175289781af,.cache/fundonet-ime/bc17e56789257c833f39a9dbfc4c4cdb9a335bb2b5d2625dcccd1175289781af,Carteiras selecionadas,Quatá FGTS
55401645000128,Quatá FGTS,01/2026,Cotas SR / PL %,83.38655541338704,%,Visão Executiva canônica; cache IME local bc17e56789257c833f39a9dbfc4c4cdb9a335bb2b5d2625dcccd1175289781af,.cache/fundonet-ime/bc17e56789257c833f39a9dbfc4c4cdb9a335bb2b5d2625dcccd1175289781af,Carteiras selecionadas,Quatá FGTS
55401645000128,Quatá FGTS,12/2025,Cotas SR / PL %,83.46237511174986,%,Visão Executiva canônica; cache IME local bc17e56789257c833f39a9dbfc4c4cdb9a335bb2b5d2625dcccd1175289781af,.cache/fundonet-ime/bc17e56789257c833f39a9dbfc4c4cdb9a335bb2b5d2625dcccd1175289781af,Carteiras selecionadas,Quatá FGTS
55401645000128,Quatá FGTS,11/2025,Cotas SR / PL %,83.51069209660565,%,Visão Executiva canônica; cache IME local bc17e56789257c833f39a9dbfc4c4cdb9a335bb2b5d2625dcccd1175289781af,.cache/fundonet-ime/bc17e56789257c833f39a9dbfc4c4cdb9a335bb2b5d2625dcccd1175289781af,Carteiras selecionadas,Quatá FGTS
55401645000128,Quatá FGTS,10/2025,Cotas SR / PL %,83.56156629248038,%,Visão Executiva canônica; cache IME local bc17e56789257c833f39a9dbfc4c4cdb9a335bb2b5d2625dcccd1175289781af,.cache/fundonet-ime/bc17e56789257c833f39a9dbfc4c4cdb9a335bb2b5d2625dcccd1175289781af,Carteiras selecionadas,Quatá FGTS
55401645000128,Quatá FGTS,09/2025,Cotas SR / PL %,83.46143957057873,%,Visão Executiva canônica; cache IME local bc17e56789257c833f39a9dbfc4c4cdb9a335bb2b5d2625dcccd1175289781af,.cache/fundonet-ime/bc17e56789257c833f39a9dbfc4c4cdb9a335bb2b5d2625dcccd1175289781af,Carteiras selecionadas,Quatá FGTS
55401645000128,Quatá FGTS,08/2025,Cotas SR / PL %,81.87640939886862,%,Visão Executiva canônica; cache IME local bc17e56789257c833f39a9dbfc4c4cdb9a335bb2b5d2625dcccd1175289781af,.cache/fundonet-ime/bc17e56789257c833f39a9dbfc4c4cdb9a335bb2b5d2625dcccd1175289781af,Carteiras selecionadas,Quatá FGTS
55401645000128,Quatá FGTS,07/2025,Cotas SR / PL %,81.34498770046729,%,Visão Executiva canônica; cache IME local bc17e56789257c833f39a9dbfc4c4cdb9a335bb2b5d2625dcccd1175289781af,.cache/fundonet-ime/bc17e56789257c833f39a9dbfc4c4cdb9a335bb2b5d2625dcccd1175289781af,Carteiras selecionadas,Quatá FGTS
55401645000128,Quatá FGTS,06/2025,Cotas SR / PL %,82.04650346761512,%,Visão Executiva canônica; cache IME local bc17e56789257c833f39a9dbfc4c4cdb9a335bb2b5d2625dcccd1175289781af,.cache/fundonet-ime/bc17e56789257c833f39a9dbfc4c4cdb9a335bb2b5d2625dcccd1175289781af,Carteiras selecionadas,Quatá FGTS
55401645000128,Quatá FGTS,05/2025,Cotas SR / PL %,81.60007371432374,%,Visão Executiva canônica; cache IME local bc17e56789257c833f39a9dbfc4c4cdb9a335bb2b5d2625dcccd1175289781af,.cache/fundonet-ime/bc17e56789257c833f39a9dbfc4c4cdb9a335bb2b5d2625dcccd1175289781af,Carteiras selecionadas,Quatá FGTS
55401645000128,Quatá FGTS,04/2025,Cotas SR / PL %,81.7083500978013,%,Visão Executiva canônica; cache IME local bc17e56789257c833f39a9dbfc4c4cdb9a335bb2b5d2625dcccd1175289781af,.cache/fundonet-ime/bc17e56789257c833f39a9dbfc4c4cdb9a335bb2b5d2625dcccd1175289781af,Carteiras selecionadas,Quatá FGTS
55401645000128,Quatá FGTS,03/2025,Cotas SR / PL %,80.28156871150871,%,Visão Executiva canônica; cache IME local bc17e56789257c833f39a9dbfc4c4cdb9a335bb2b5d2625dcccd1175289781af,.cache/fundonet-ime/bc17e56789257c833f39a9dbfc4c4cdb9a335bb2b5d2625dcccd1175289781af,Carteiras selecionadas,Quatá FGTS
55401645000128,Quatá FGTS,02/2025,Cotas SR / PL %,80.05873159452015,%,Visão Executiva canônica; cache IME local bc17e56789257c833f39a9dbfc4c4cdb9a335bb2b5d2625dcccd1175289781af,.cache/fundonet-ime/bc17e56789257c833f39a9dbfc4c4cdb9a335bb2b5d2625dcccd1175289781af,Carteiras selecionadas,Quatá FGTS
55401645000128,Quatá FGTS,03/2026,Cotas Sub / PL %,3.467000981552606,%,Visão Executiva canônica; cache IME local bc17e56789257c833f39a9dbfc4c4cdb9a335bb2b5d2625dcccd1175289781af,.cache/fundonet-ime/bc17e56789257c833f39a9dbfc4c4cdb9a335bb2b5d2625dcccd1175289781af,Carteiras selecionadas,Quatá FGTS
55401645000128,Quatá FGTS,02/2026,Cotas Sub / PL %,3.413696357766531,%,Visão Executiva canônica; cache IME local bc17e56789257c833f39a9dbfc4c4cdb9a335bb2b5d2625dcccd1175289781af,.cache/fundonet-ime/bc17e56789257c833f39a9dbfc4c4cdb9a335bb2b5d2625dcccd1175289781af,Carteiras selecionadas,Quatá FGTS
55401645000128,Quatá FGTS,01/2026,Cotas Sub / PL %,3.2495384024873175,%,Visão Executiva canônica; cache IME local bc17e56789257c833f39a9dbfc4c4cdb9a335bb2b5d2625dcccd1175289781af,.cache/fundonet-ime/bc17e56789257c833f39a9dbfc4c4cdb9a335bb2b5d2625dcccd1175289781af,Carteiras selecionadas,Quatá FGTS
55401645000128,Quatá FGTS,12/2025,Cotas Sub / PL %,3.2020170630388165,%,Visão Executiva canônica; cache IME local bc17e56789257c833f39a9dbfc4c4cdb9a335bb2b5d2625dcccd1175289781af,.cache/fundonet-ime/bc17e56789257c833f39a9dbfc4c4cdb9a335bb2b5d2625dcccd1175289781af,Carteiras selecionadas,Quatá FGTS
55401645000128,Quatá FGTS,11/2025,Cotas Sub / PL %,3.18784088952982,%,Visão Executiva canônica; cache IME local bc17e56789257c833f39a9dbfc4c4cdb9a335bb2b5d2625dcccd1175289781af,.cache/fundonet-ime/bc17e56789257c833f39a9dbfc4c4cdb9a335bb2b5d2625dcccd1175289781af,Carteiras selecionadas,Quatá FGTS
55401645000128,Quatá FGTS,10/2025,Cotas Sub / PL %,3.1629608449814905,%,Visão Executiva canônica; cache IME local bc17e56789257c833f39a9dbfc4c4cdb9a335bb2b5d2625dcccd1175289781af,.cache/fundonet-ime/bc17e56789257c833f39a9dbfc4c4cdb9a335bb2b5d2625dcccd1175289781af,Carteiras selecionadas,Quatá FGTS
55401645000128,Quatá FGTS,09/2025,Cotas Sub / PL %,3.3187581597201414,%,Visão Executiva canônica; cache IME local bc17e56789257c833f39a9dbfc4c4cdb9a335bb2b5d2625dcccd1175289781af,.cache/fundonet-ime/bc17e56789257c833f39a9dbfc4c4cdb9a335bb2b5d2625dcccd1175289781af,Carteiras selecionadas,Quatá FGTS
55401645000128,Quatá FGTS,08/2025,Cotas Sub / PL %,3.7704789459516523,%,Visão Executiva canônica; cache IME local bc17e56789257c833f39a9dbfc4c4cdb9a335bb2b5d2625dcccd1175289781af,.cache/fundonet-ime/bc17e56789257c833f39a9dbfc4c4cdb9a335bb2b5d2625dcccd1175289781af,Carteiras selecionadas,Quatá FGTS
55401645000128,Quatá FGTS,07/2025,Cotas Sub / PL %,4.426152652063195,%,Visão Executiva canônica; cache IME local bc17e56789257c833f39a9dbfc4c4cdb9a335bb2b5d2625dcccd1175289781af,.cache/fundonet-ime/bc17e56789257c833f39a9dbfc4c4cdb9a335bb2b5d2625dcccd1175289781af,Carteiras selecionadas,Quatá FGTS
55401645000128,Quatá FGTS,06/2025,Cotas Sub / PL %,3.6362967652190776,%,Visão Executiva canônica; cache IME local bc17e56789257c833f39a9dbfc4c4cdb9a335bb2b5d2625dcccd1175289781af,.cache/fundonet-ime/bc17e56789257c833f39a9dbfc4c4cdb9a335bb2b5d2625dcccd1175289781af,Carteiras selecionadas,Quatá FGTS
55401645000128,Quatá FGTS,05/2025,Cotas Sub / PL %,4.190307861554067,%,Visão Executiva canônica; cache IME local bc17e56789257c833f39a9dbfc4c4cdb9a335bb2b5d2625dcccd1175289781af,.cache/fundonet-ime/bc17e56789257c833f39a9dbfc4c4cdb9a335bb2b5d2625dcccd1175289781af,Carteiras selecionadas,Quatá FGTS
55401645000128,Quatá FGTS,04/2025,Cotas Sub / PL %,4.094304511215239,%,Visão Executiva canônica; cache IME local bc17e56789257c833f39a9dbfc4c4cdb9a335bb2b5d2625dcccd1175289781af,.cache/fundonet-ime/bc17e56789257c833f39a9dbfc4c4cdb9a335bb2b5d2625dcccd1175289781af,Carteiras selecionadas,Quatá FGTS
55401645000128,Quatá FGTS,03/2025,Cotas Sub / PL %,5.798066057116852,%,Visão Executiva canônica; cache IME local bc17e56789257c833f39a9dbfc4c4cdb9a335bb2b5d2625dcccd1175289781af,.cache/fundonet-ime/bc17e56789257c833f39a9dbfc4c4cdb9a335bb2b5d2625dcccd1175289781af,Carteiras selecionadas,Quatá FGTS
55401645000128,Quatá FGTS,02/2025,Cotas Sub / PL %,6.086846529695973,%,Visão Executiva canônica; cache IME local bc17e56789257c833f39a9dbfc4c4cdb9a335bb2b5d2625dcccd1175289781af,.cache/fundonet-ime/bc17e56789257c833f39a9dbfc4c4cdb9a335bb2b5d2625dcccd1175289781af,Carteiras selecionadas,Quatá FGTS
55401645000128,Quatá FGTS,03/2026,Rentabilidade SR % a.m.,1.2956188897649277,%,Visão Executiva canônica; cache IME local bc17e56789257c833f39a9dbfc4c4cdb9a335bb2b5d2625dcccd1175289781af,.cache/fundonet-ime/bc17e56789257c833f39a9dbfc4c4cdb9a335bb2b5d2625dcccd1175289781af,Carteiras selecionadas,Quatá FGTS
55401645000128,Quatá FGTS,02/2026,Rentabilidade SR % a.m.,1.0604106782996432,%,Visão Executiva canônica; cache IME local bc17e56789257c833f39a9dbfc4c4cdb9a335bb2b5d2625dcccd1175289781af,.cache/fundonet-ime/bc17e56789257c833f39a9dbfc4c4cdb9a335bb2b5d2625dcccd1175289781af,Carteiras selecionadas,Quatá FGTS
55401645000128,Quatá FGTS,01/2026,Rentabilidade SR % a.m.,1.2356139446066814,%,Visão Executiva canônica; cache IME local bc17e56789257c833f39a9dbfc4c4cdb9a335bb2b5d2625dcccd1175289781af,.cache/fundonet-ime/bc17e56789257c833f39a9dbfc4c4cdb9a335bb2b5d2625dcccd1175289781af,Carteiras selecionadas,Quatá FGTS
55401645000128,Quatá FGTS,12/2025,Rentabilidade SR % a.m.,1.2956116406320417,%,Visão Executiva canônica; cache IME local bc17e56789257c833f39a9dbfc4c4cdb9a335bb2b5d2625dcccd1175289781af,.cache/fundonet-ime/bc17e56789257c833f39a9dbfc4c4cdb9a335bb2b5d2625dcccd1175289781af,Carteiras selecionadas,Quatá FGTS
55401645000128,Quatá FGTS,11/2025,Rentabilidade SR % a.m.,1.1156092504812103,%,Visão Executiva canônica; cache IME local bc17e56789257c833f39a9dbfc4c4cdb9a335bb2b5d2625dcccd1175289781af,.cache/fundonet-ime/bc17e56789257c833f39a9dbfc4c4cdb9a335bb2b5d2625dcccd1175289781af,Carteiras selecionadas,Quatá FGTS
55401645000128,Quatá FGTS,10/2025,Rentabilidade SR % a.m.,1.3556072994890591,%,Visão Executiva canônica; cache IME local bc17e56789257c833f39a9dbfc4c4cdb9a335bb2b5d2625dcccd1175289781af,.cache/fundonet-ime/bc17e56789257c833f39a9dbfc4c4cdb9a335bb2b5d2625dcccd1175289781af,Carteiras selecionadas,Quatá FGTS
55401645000128,Quatá FGTS,09/2025,Rentabilidade SR % a.m.,1.0856886002431831,%,Visão Executiva canônica; cache IME local bc17e56789257c833f39a9dbfc4c4cdb9a335bb2b5d2625dcccd1175289781af,.cache/fundonet-ime/bc17e56789257c833f39a9dbfc4c4cdb9a335bb2b5d2625dcccd1175289781af,Carteiras selecionadas,Quatá FGTS
55401645000128,Quatá FGTS,08/2025,Rentabilidade SR % a.m.,1.34,%,Visão Executiva canônica; cache IME local bc17e56789257c833f39a9dbfc4c4cdb9a335bb2b5d2625dcccd1175289781af,.cache/fundonet-ime/bc17e56789257c833f39a9dbfc4c4cdb9a335bb2b5d2625dcccd1175289781af,Carteiras selecionadas,Quatá FGTS
55401645000128,Quatá FGTS,07/2025,Rentabilidade SR % a.m.,1.46,%,Visão Executiva canônica; cache IME local bc17e56789257c833f39a9dbfc4c4cdb9a335bb2b5d2625dcccd1175289781af,.cache/fundonet-ime/bc17e56789257c833f39a9dbfc4c4cdb9a335bb2b5d2625dcccd1175289781af,Carteiras selecionadas,Quatá FGTS
55401645000128,Quatá FGTS,06/2025,Rentabilidade SR % a.m.,1.26,%,Visão Executiva canônica; cache IME local bc17e56789257c833f39a9dbfc4c4cdb9a335bb2b5d2625dcccd1175289781af,.cache/fundonet-ime/bc17e56789257c833f39a9dbfc4c4cdb9a335bb2b5d2625dcccd1175289781af,Carteiras selecionadas,Quatá FGTS
55401645000128,Quatá FGTS,05/2025,Rentabilidade SR % a.m.,1.31,%,Visão Executiva canônica; cache IME local bc17e56789257c833f39a9dbfc4c4cdb9a335bb2b5d2625dcccd1175289781af,.cache/fundonet-ime/bc17e56789257c833f39a9dbfc4c4cdb9a335bb2b5d2625dcccd1175289781af,Carteiras selecionadas,Quatá FGTS
55401645000128,Quatá FGTS,04/2025,Rentabilidade SR % a.m.,1.16,%,Visão Executiva canônica; cache IME local bc17e56789257c833f39a9dbfc4c4cdb9a335bb2b5d2625dcccd1175289781af,.cache/fundonet-ime/bc17e56789257c833f39a9dbfc4c4cdb9a335bb2b5d2625dcccd1175289781af,Carteiras selecionadas,Quatá FGTS
55401645000128,Quatá FGTS,03/2025,Rentabilidade SR % a.m.,1.12,%,Visão Executiva canônica; cache IME local bc17e56789257c833f39a9dbfc4c4cdb9a335bb2b5d2625dcccd1175289781af,.cache/fundonet-ime/bc17e56789257c833f39a9dbfc4c4cdb9a335bb2b5d2625dcccd1175289781af,Carteiras selecionadas,Quatá FGTS
55401645000128,Quatá FGTS,02/2025,Rentabilidade SR % a.m.,1.15,%,Visão Executiva canônica; cache IME local bc17e56789257c833f39a9dbfc4c4cdb9a335bb2b5d2625dcccd1175289781af,.cache/fundonet-ime/bc17e56789257c833f39a9dbfc4c4cdb9a335bb2b5d2625dcccd1175289781af,Carteiras selecionadas,Quatá FGTS
55401645000128,Quatá FGTS,03/2026,Rentabilidade Sub % a.m.,1.28,%,Visão Executiva canônica; cache IME local bc17e56789257c833f39a9dbfc4c4cdb9a335bb2b5d2625dcccd1175289781af,.cache/fundonet-ime/bc17e56789257c833f39a9dbfc4c4cdb9a335bb2b5d2625dcccd1175289781af,Carteiras selecionadas,Quatá FGTS
55401645000128,Quatá FGTS,02/2026,Rentabilidade Sub % a.m.,4.75,%,Visão Executiva canônica; cache IME local bc17e56789257c833f39a9dbfc4c4cdb9a335bb2b5d2625dcccd1175289781af,.cache/fundonet-ime/bc17e56789257c833f39a9dbfc4c4cdb9a335bb2b5d2625dcccd1175289781af,Carteiras selecionadas,Quatá FGTS
55401645000128,Quatá FGTS,01/2026,Rentabilidade Sub % a.m.,2.8,%,Visão Executiva canônica; cache IME local bc17e56789257c833f39a9dbfc4c4cdb9a335bb2b5d2625dcccd1175289781af,.cache/fundonet-ime/bc17e56789257c833f39a9dbfc4c4cdb9a335bb2b5d2625dcccd1175289781af,Carteiras selecionadas,Quatá FGTS
55401645000128,Quatá FGTS,12/2025,Rentabilidade Sub % a.m.,-1.15,%,Visão Executiva canônica; cache IME local bc17e56789257c833f39a9dbfc4c4cdb9a335bb2b5d2625dcccd1175289781af,.cache/fundonet-ime/bc17e56789257c833f39a9dbfc4c4cdb9a335bb2b5d2625dcccd1175289781af,Carteiras selecionadas,Quatá FGTS
55401645000128,Quatá FGTS,11/2025,Rentabilidade Sub % a.m.,2.07,%,Visão Executiva canônica; cache IME local bc17e56789257c833f39a9dbfc4c4cdb9a335bb2b5d2625dcccd1175289781af,.cache/fundonet-ime/bc17e56789257c833f39a9dbfc4c4cdb9a335bb2b5d2625dcccd1175289781af,Carteiras selecionadas,Quatá FGTS
55401645000128,Quatá FGTS,10/2025,Rentabilidade Sub % a.m.,-3.59,%,Visão Executiva canônica; cache IME local bc17e56789257c833f39a9dbfc4c4cdb9a335bb2b5d2625dcccd1175289781af,.cache/fundonet-ime/bc17e56789257c833f39a9dbfc4c4cdb9a335bb2b5d2625dcccd1175289781af,Carteiras selecionadas,Quatá FGTS
55401645000128,Quatá FGTS,09/2025,Rentabilidade Sub % a.m.,-7.910000000000001,%,Visão Executiva canônica; cache IME local bc17e56789257c833f39a9dbfc4c4cdb9a335bb2b5d2625dcccd1175289781af,.cache/fundonet-ime/bc17e56789257c833f39a9dbfc4c4cdb9a335bb2b5d2625dcccd1175289781af,Carteiras selecionadas,Quatá FGTS
55401645000128,Quatá FGTS,08/2025,Rentabilidade Sub % a.m.,-14.22,%,Visão Executiva canônica; cache IME local bc17e56789257c833f39a9dbfc4c4cdb9a335bb2b5d2625dcccd1175289781af,.cache/fundonet-ime/bc17e56789257c833f39a9dbfc4c4cdb9a335bb2b5d2625dcccd1175289781af,Carteiras selecionadas,Quatá FGTS
55401645000128,Quatá FGTS,07/2025,Rentabilidade Sub % a.m.,24.36,%,Visão Executiva canônica; cache IME local bc17e56789257c833f39a9dbfc4c4cdb9a335bb2b5d2625dcccd1175289781af,.cache/fundonet-ime/bc17e56789257c833f39a9dbfc4c4cdb9a335bb2b5d2625dcccd1175289781af,Carteiras selecionadas,Quatá FGTS
55401645000128,Quatá FGTS,06/2025,Rentabilidade Sub % a.m.,-14.81,%,Visão Executiva canônica; cache IME local bc17e56789257c833f39a9dbfc4c4cdb9a335bb2b5d2625dcccd1175289781af,.cache/fundonet-ime/bc17e56789257c833f39a9dbfc4c4cdb9a335bb2b5d2625dcccd1175289781af,Carteiras selecionadas,Quatá FGTS
55401645000128,Quatá FGTS,05/2025,Rentabilidade Sub % a.m.,2.54,%,Visão Executiva canônica; cache IME local bc17e56789257c833f39a9dbfc4c4cdb9a335bb2b5d2625dcccd1175289781af,.cache/fundonet-ime/bc17e56789257c833f39a9dbfc4c4cdb9a335bb2b5d2625dcccd1175289781af,Carteiras selecionadas,Quatá FGTS
55401645000128,Quatá FGTS,04/2025,Rentabilidade Sub % a.m.,-26.480000000000004,%,Visão Executiva canônica; cache IME local bc17e56789257c833f39a9dbfc4c4cdb9a335bb2b5d2625dcccd1175289781af,.cache/fundonet-ime/bc17e56789257c833f39a9dbfc4c4cdb9a335bb2b5d2625dcccd1175289781af,Carteiras selecionadas,Quatá FGTS
55401645000128,Quatá FGTS,03/2025,Rentabilidade Sub % a.m.,-4.67,%,Visão Executiva canônica; cache IME local bc17e56789257c833f39a9dbfc4c4cdb9a335bb2b5d2625dcccd1175289781af,.cache/fundonet-ime/bc17e56789257c833f39a9dbfc4c4cdb9a335bb2b5d2625dcccd1175289781af,Carteiras selecionadas,Quatá FGTS
55401645000128,Quatá FGTS,02/2025,Rentabilidade Sub % a.m.,6.170000000000001,%,Visão Executiva canônica; cache IME local bc17e56789257c833f39a9dbfc4c4cdb9a335bb2b5d2625dcccd1175289781af,.cache/fundonet-ime/bc17e56789257c833f39a9dbfc4c4cdb9a335bb2b5d2625dcccd1175289781af,Carteiras selecionadas,Quatá FGTS
55401645000128,Quatá FGTS,03/2026,Cotas MZ / PL %,13.407882109698118,%,Visão Executiva canônica; cache IME local bc17e56789257c833f39a9dbfc4c4cdb9a335bb2b5d2625dcccd1175289781af,.cache/fundonet-ime/bc17e56789257c833f39a9dbfc4c4cdb9a335bb2b5d2625dcccd1175289781af,Carteiras selecionadas,Quatá FGTS
55401645000128,Quatá FGTS,02/2026,Cotas MZ / PL %,13.372582836258854,%,Visão Executiva canônica; cache IME local bc17e56789257c833f39a9dbfc4c4cdb9a335bb2b5d2625dcccd1175289781af,.cache/fundonet-ime/bc17e56789257c833f39a9dbfc4c4cdb9a335bb2b5d2625dcccd1175289781af,Carteiras selecionadas,Quatá FGTS
55401645000128,Quatá FGTS,01/2026,Cotas MZ / PL %,13.363906209747139,%,Visão Executiva canônica; cache IME local bc17e56789257c833f39a9dbfc4c4cdb9a335bb2b5d2625dcccd1175289781af,.cache/fundonet-ime/bc17e56789257c833f39a9dbfc4c4cdb9a335bb2b5d2625dcccd1175289781af,Carteiras selecionadas,Quatá FGTS
55401645000128,Quatá FGTS,12/2025,Cotas MZ / PL %,13.335607881654282,%,Visão Executiva canônica; cache IME local bc17e56789257c833f39a9dbfc4c4cdb9a335bb2b5d2625dcccd1175289781af,.cache/fundonet-ime/bc17e56789257c833f39a9dbfc4c4cdb9a335bb2b5d2625dcccd1175289781af,Carteiras selecionadas,Quatá FGTS
55401645000128,Quatá FGTS,11/2025,Cotas MZ / PL %,13.301467218028293,%,Visão Executiva canônica; cache IME local bc17e56789257c833f39a9dbfc4c4cdb9a335bb2b5d2625dcccd1175289781af,.cache/fundonet-ime/bc17e56789257c833f39a9dbfc4c4cdb9a335bb2b5d2625dcccd1175289781af,Carteiras selecionadas,Quatá FGTS
55401645000128,Quatá FGTS,10/2025,Cotas MZ / PL %,13.275472981822567,%,Visão Executiva canônica; cache IME local bc17e56789257c833f39a9dbfc4c4cdb9a335bb2b5d2625dcccd1175289781af,.cache/fundonet-ime/bc17e56789257c833f39a9dbfc4c4cdb9a335bb2b5d2625dcccd1175289781af,Carteiras selecionadas,Quatá FGTS
55401645000128,Quatá FGTS,09/2025,Cotas MZ / PL %,13.21980244000111,%,Visão Executiva canônica; cache IME local bc17e56789257c833f39a9dbfc4c4cdb9a335bb2b5d2625dcccd1175289781af,.cache/fundonet-ime/bc17e56789257c833f39a9dbfc4c4cdb9a335bb2b5d2625dcccd1175289781af,Carteiras selecionadas,Quatá FGTS
55401645000128,Quatá FGTS,08/2025,Cotas MZ / PL %,14.353111654873132,%,Visão Executiva canônica; cache IME local bc17e56789257c833f39a9dbfc4c4cdb9a335bb2b5d2625dcccd1175289781af,.cache/fundonet-ime/bc17e56789257c833f39a9dbfc4c4cdb9a335bb2b5d2625dcccd1175289781af,Carteiras selecionadas,Quatá FGTS
55401645000128,Quatá FGTS,07/2025,Cotas MZ / PL %,14.228859647180423,%,Visão Executiva canônica; cache IME local bc17e56789257c833f39a9dbfc4c4cdb9a335bb2b5d2625dcccd1175289781af,.cache/fundonet-ime/bc17e56789257c833f39a9dbfc4c4cdb9a335bb2b5d2625dcccd1175289781af,Carteiras selecionadas,Quatá FGTS
55401645000128,Quatá FGTS,06/2025,Cotas MZ / PL %,14.317199761195559,%,Visão Executiva canônica; cache IME local bc17e56789257c833f39a9dbfc4c4cdb9a335bb2b5d2625dcccd1175289781af,.cache/fundonet-ime/bc17e56789257c833f39a9dbfc4c4cdb9a335bb2b5d2625dcccd1175289781af,Carteiras selecionadas,Quatá FGTS
55401645000128,Quatá FGTS,05/2025,Cotas MZ / PL %,14.209618424525406,%,Visão Executiva canônica; cache IME local bc17e56789257c833f39a9dbfc4c4cdb9a335bb2b5d2625dcccd1175289781af,.cache/fundonet-ime/bc17e56789257c833f39a9dbfc4c4cdb9a335bb2b5d2625dcccd1175289781af,Carteiras selecionadas,Quatá FGTS
55401645000128,Quatá FGTS,04/2025,Cotas MZ / PL %,14.197345390612181,%,Visão Executiva canônica; cache IME local bc17e56789257c833f39a9dbfc4c4cdb9a335bb2b5d2625dcccd1175289781af,.cache/fundonet-ime/bc17e56789257c833f39a9dbfc4c4cdb9a335bb2b5d2625dcccd1175289781af,Carteiras selecionadas,Quatá FGTS
55401645000128,Quatá FGTS,03/2025,Cotas MZ / PL %,13.92036523144843,%,Visão Executiva canônica; cache IME local bc17e56789257c833f39a9dbfc4c4cdb9a335bb2b5d2625dcccd1175289781af,.cache/fundonet-ime/bc17e56789257c833f39a9dbfc4c4cdb9a335bb2b5d2625dcccd1175289781af,Carteiras selecionadas,Quatá FGTS
55401645000128,Quatá FGTS,02/2025,Cotas MZ / PL %,13.854421875676891,%,Visão Executiva canônica; cache IME local bc17e56789257c833f39a9dbfc4c4cdb9a335bb2b5d2625dcccd1175289781af,.cache/fundonet-ime/bc17e56789257c833f39a9dbfc4c4cdb9a335bb2b5d2625dcccd1175289781af,Carteiras selecionadas,Quatá FGTS
55401645000128,Quatá FGTS,03/2026,Rentabilidade MZ % a.m.,1.5778986242181328,%,Visão Executiva canônica; cache IME local bc17e56789257c833f39a9dbfc4c4cdb9a335bb2b5d2625dcccd1175289781af,.cache/fundonet-ime/bc17e56789257c833f39a9dbfc4c4cdb9a335bb2b5d2625dcccd1175289781af,Carteiras selecionadas,Quatá FGTS
55401645000128,Quatá FGTS,02/2026,Rentabilidade MZ % a.m.,1.2962920870307988,%,Visão Executiva canônica; cache IME local bc17e56789257c833f39a9dbfc4c4cdb9a335bb2b5d2625dcccd1175289781af,.cache/fundonet-ime/bc17e56789257c833f39a9dbfc4c4cdb9a335bb2b5d2625dcccd1175289781af,Carteiras selecionadas,Quatá FGTS
55401645000128,Quatá FGTS,01/2026,Rentabilidade MZ % a.m.,1.5136249542348201,%,Visão Executiva canônica; cache IME local bc17e56789257c833f39a9dbfc4c4cdb9a335bb2b5d2625dcccd1175289781af,.cache/fundonet-ime/bc17e56789257c833f39a9dbfc4c4cdb9a335bb2b5d2625dcccd1175289781af,Carteiras selecionadas,Quatá FGTS
55401645000128,Quatá FGTS,12/2025,Rentabilidade MZ % a.m.,1.5835952870217505,%,Visão Executiva canônica; cache IME local bc17e56789257c833f39a9dbfc4c4cdb9a335bb2b5d2625dcccd1175289781af,.cache/fundonet-ime/bc17e56789257c833f39a9dbfc4c4cdb9a335bb2b5d2625dcccd1175289781af,Carteiras selecionadas,Quatá FGTS
55401645000128,Quatá FGTS,11/2025,Rentabilidade MZ % a.m.,1.372007313392373,%,Visão Executiva canônica; cache IME local bc17e56789257c833f39a9dbfc4c4cdb9a335bb2b5d2625dcccd1175289781af,.cache/fundonet-ime/bc17e56789257c833f39a9dbfc4c4cdb9a335bb2b5d2625dcccd1175289781af,Carteiras selecionadas,Quatá FGTS
55401645000128,Quatá FGTS,10/2025,Rentabilidade MZ % a.m.,1.6593156486528255,%,Visão Executiva canônica; cache IME local bc17e56789257c833f39a9dbfc4c4cdb9a335bb2b5d2625dcccd1175289781af,.cache/fundonet-ime/bc17e56789257c833f39a9dbfc4c4cdb9a335bb2b5d2625dcccd1175289781af,Carteiras selecionadas,Quatá FGTS
55401645000128,Quatá FGTS,09/2025,Rentabilidade MZ % a.m.,1.3510593419505785,%,Visão Executiva canônica; cache IME local bc17e56789257c833f39a9dbfc4c4cdb9a335bb2b5d2625dcccd1175289781af,.cache/fundonet-ime/bc17e56789257c833f39a9dbfc4c4cdb9a335bb2b5d2625dcccd1175289781af,Carteiras selecionadas,Quatá FGTS
55401645000128,Quatá FGTS,08/2025,Rentabilidade MZ % a.m.,1.56,%,Visão Executiva canônica; cache IME local bc17e56789257c833f39a9dbfc4c4cdb9a335bb2b5d2625dcccd1175289781af,.cache/fundonet-ime/bc17e56789257c833f39a9dbfc4c4cdb9a335bb2b5d2625dcccd1175289781af,Carteiras selecionadas,Quatá FGTS
55401645000128,Quatá FGTS,07/2025,Rentabilidade MZ % a.m.,1.71,%,Visão Executiva canônica; cache IME local bc17e56789257c833f39a9dbfc4c4cdb9a335bb2b5d2625dcccd1175289781af,.cache/fundonet-ime/bc17e56789257c833f39a9dbfc4c4cdb9a335bb2b5d2625dcccd1175289781af,Carteiras selecionadas,Quatá FGTS
55401645000128,Quatá FGTS,06/2025,Rentabilidade MZ % a.m.,1.4700000000000002,%,Visão Executiva canônica; cache IME local bc17e56789257c833f39a9dbfc4c4cdb9a335bb2b5d2625dcccd1175289781af,.cache/fundonet-ime/bc17e56789257c833f39a9dbfc4c4cdb9a335bb2b5d2625dcccd1175289781af,Carteiras selecionadas,Quatá FGTS
55401645000128,Quatá FGTS,05/2025,Rentabilidade MZ % a.m.,1.53,%,Visão Executiva canônica; cache IME local bc17e56789257c833f39a9dbfc4c4cdb9a335bb2b5d2625dcccd1175289781af,.cache/fundonet-ime/bc17e56789257c833f39a9dbfc4c4cdb9a335bb2b5d2625dcccd1175289781af,Carteiras selecionadas,Quatá FGTS
55401645000128,Quatá FGTS,04/2025,Rentabilidade MZ % a.m.,1.36,%,Visão Executiva canônica; cache IME local bc17e56789257c833f39a9dbfc4c4cdb9a335bb2b5d2625dcccd1175289781af,.cache/fundonet-ime/bc17e56789257c833f39a9dbfc4c4cdb9a335bb2b5d2625dcccd1175289781af,Carteiras selecionadas,Quatá FGTS
55401645000128,Quatá FGTS,03/2025,Rentabilidade MZ % a.m.,1.3100000000000003,%,Visão Executiva canônica; cache IME local bc17e56789257c833f39a9dbfc4c4cdb9a335bb2b5d2625dcccd1175289781af,.cache/fundonet-ime/bc17e56789257c833f39a9dbfc4c4cdb9a335bb2b5d2625dcccd1175289781af,Carteiras selecionadas,Quatá FGTS
55401645000128,Quatá FGTS,02/2025,Rentabilidade MZ % a.m.,1.36,%,Visão Executiva canônica; cache IME local bc17e56789257c833f39a9dbfc4c4cdb9a335bb2b5d2625dcccd1175289781af,.cache/fundonet-ime/bc17e56789257c833f39a9dbfc4c4cdb9a335bb2b5d2625dcccd1175289781af,Carteiras selecionadas,Quatá FGTS
