cnpj,fundo,competencia,indicador,valor,unidade,observacao,cache_folder,grupo,nome_curto
35689601000138,Ágis,06/2026,PL (R$),485279694.2,R$ bruto,Visão Executiva canônica; cache IME local 32634bb730b581966385d98457453556a55f4fbd71f5638bcb3e5ee1dee23788,.cache/fundonet-ime/32634bb730b581966385d98457453556a55f4fbd71f5638bcb3e5ee1dee23788,Carteiras selecionadas,Ágis
35689601000138,Ágis,05/2026,PL (R$),479786822.91,R$ bruto,Visão Executiva canônica; cache IME local 32634bb730b581966385d98457453556a55f4fbd71f5638bcb3e5ee1dee23788,.cache/fundonet-ime/32634bb730b581966385d98457453556a55f4fbd71f5638bcb3e5ee1dee23788,Carteiras selecionadas,Ágis
35689601000138,Ágis,04/2026,PL (R$),472338638.35,R$ bruto,Visão Executiva canônica; cache IME local 32634bb730b581966385d98457453556a55f4fbd71f5638bcb3e5ee1dee23788,.cache/fundonet-ime/32634bb730b581966385d98457453556a55f4fbd71f5638bcb3e5ee1dee23788,Carteiras selecionadas,Ágis
35689601000138,Ágis,03/2026,PL (R$),463868351.03,R$ bruto,Visão Executiva canônica; cache IME local 32634bb730b581966385d98457453556a55f4fbd71f5638bcb3e5ee1dee23788,.cache/fundonet-ime/32634bb730b581966385d98457453556a55f4fbd71f5638bcb3e5ee1dee23788,Carteiras selecionadas,Ágis
35689601000138,Ágis,02/2026,PL (R$),480488323.89,R$ bruto,Visão Executiva canônica; cache IME local 32634bb730b581966385d98457453556a55f4fbd71f5638bcb3e5ee1dee23788,.cache/fundonet-ime/32634bb730b581966385d98457453556a55f4fbd71f5638bcb3e5ee1dee23788,Carteiras selecionadas,Ágis
35689601000138,Ágis,01/2026,PL (R$),468524237.38,R$ bruto,Visão Executiva canônica; cache IME local 32634bb730b581966385d98457453556a55f4fbd71f5638bcb3e5ee1dee23788,.cache/fundonet-ime/32634bb730b581966385d98457453556a55f4fbd71f5638bcb3e5ee1dee23788,Carteiras selecionadas,Ágis
35689601000138,Ágis,12/2025,PL (R$),488601024.1,R$ bruto,Visão Executiva canônica; cache IME local 32634bb730b581966385d98457453556a55f4fbd71f5638bcb3e5ee1dee23788,.cache/fundonet-ime/32634bb730b581966385d98457453556a55f4fbd71f5638bcb3e5ee1dee23788,Carteiras selecionadas,Ágis
35689601000138,Ágis,11/2025,PL (R$),480696152.64,R$ bruto,Visão Executiva canônica; cache IME local 32634bb730b581966385d98457453556a55f4fbd71f5638bcb3e5ee1dee23788,.cache/fundonet-ime/32634bb730b581966385d98457453556a55f4fbd71f5638bcb3e5ee1dee23788,Carteiras selecionadas,Ágis
35689601000138,Ágis,10/2025,PL (R$),429151049.66,R$ bruto,Visão Executiva canônica; cache IME local 32634bb730b581966385d98457453556a55f4fbd71f5638bcb3e5ee1dee23788,.cache/fundonet-ime/32634bb730b581966385d98457453556a55f4fbd71f5638bcb3e5ee1dee23788,Carteiras selecionadas,Ágis
35689601000138,Ágis,09/2025,PL (R$),430788498.6,R$ bruto,Visão Executiva canônica; cache IME local 32634bb730b581966385d98457453556a55f4fbd71f5638bcb3e5ee1dee23788,.cache/fundonet-ime/32634bb730b581966385d98457453556a55f4fbd71f5638bcb3e5ee1dee23788,Carteiras selecionadas,Ágis
35689601000138,Ágis,08/2025,PL (R$),469786155.44,R$ bruto,Visão Executiva canônica; cache IME local 32634bb730b581966385d98457453556a55f4fbd71f5638bcb3e5ee1dee23788,.cache/fundonet-ime/32634bb730b581966385d98457453556a55f4fbd71f5638bcb3e5ee1dee23788,Carteiras selecionadas,Ágis
35689601000138,Ágis,07/2025,PL (R$),483642997.8,R$ bruto,Visão Executiva canônica; cache IME local 32634bb730b581966385d98457453556a55f4fbd71f5638bcb3e5ee1dee23788,.cache/fundonet-ime/32634bb730b581966385d98457453556a55f4fbd71f5638bcb3e5ee1dee23788,Carteiras selecionadas,Ágis
35689601000138,Ágis,06/2025,PL (R$),414181580.02,R$ bruto,Visão Executiva canônica; cache IME local 32634bb730b581966385d98457453556a55f4fbd71f5638bcb3e5ee1dee23788,.cache/fundonet-ime/32634bb730b581966385d98457453556a55f4fbd71f5638bcb3e5ee1dee23788,Carteiras selecionadas,Ágis
35689601000138,Ágis,05/2025,PL (R$),419557900.19,R$ bruto,Visão Executiva canônica; cache IME local 32634bb730b581966385d98457453556a55f4fbd71f5638bcb3e5ee1dee23788,.cache/fundonet-ime/32634bb730b581966385d98457453556a55f4fbd71f5638bcb3e5ee1dee23788,Carteiras selecionadas,Ágis
35689601000138,Ágis,04/2025,PL (R$),456078900.39,R$ bruto,Visão Executiva canônica; cache IME local 32634bb730b581966385d98457453556a55f4fbd71f5638bcb3e5ee1dee23788,.cache/fundonet-ime/32634bb730b581966385d98457453556a55f4fbd71f5638bcb3e5ee1dee23788,Carteiras selecionadas,Ágis
35689601000138,Ágis,03/2025,PL (R$),464937571.12,R$ bruto,Visão Executiva canônica; cache IME local 32634bb730b581966385d98457453556a55f4fbd71f5638bcb3e5ee1dee23788,.cache/fundonet-ime/32634bb730b581966385d98457453556a55f4fbd71f5638bcb3e5ee1dee23788,Carteiras selecionadas,Ágis
35689601000138,Ágis,02/2025,PL (R$),456481447.43,R$ bruto,Visão Executiva canônica; cache IME local 32634bb730b581966385d98457453556a55f4fbd71f5638bcb3e5ee1dee23788,.cache/fundonet-ime/32634bb730b581966385d98457453556a55f4fbd71f5638bcb3e5ee1dee23788,Carteiras selecionadas,Ágis
35689601000138,Ágis,01/2025,PL (R$),442589690.37,R$ bruto,Visão Executiva canônica; cache IME local 32634bb730b581966385d98457453556a55f4fbd71f5638bcb3e5ee1dee23788,.cache/fundonet-ime/32634bb730b581966385d98457453556a55f4fbd71f5638bcb3e5ee1dee23788,Carteiras selecionadas,Ágis
35689601000138,Ágis,12/2024,PL (R$),421736043.33,R$ bruto,Visão Executiva canônica; cache IME local 32634bb730b581966385d98457453556a55f4fbd71f5638bcb3e5ee1dee23788,.cache/fundonet-ime/32634bb730b581966385d98457453556a55f4fbd71f5638bcb3e5ee1dee23788,Carteiras selecionadas,Ágis
35689601000138,Ágis,11/2024,PL (R$),433450936.42,R$ bruto,Visão Executiva canônica; cache IME local 32634bb730b581966385d98457453556a55f4fbd71f5638bcb3e5ee1dee23788,.cache/fundonet-ime/32634bb730b581966385d98457453556a55f4fbd71f5638bcb3e5ee1dee23788,Carteiras selecionadas,Ágis
35689601000138,Ágis,10/2024,PL (R$),422906031.7,R$ bruto,Visão Executiva canônica; cache IME local 32634bb730b581966385d98457453556a55f4fbd71f5638bcb3e5ee1dee23788,.cache/fundonet-ime/32634bb730b581966385d98457453556a55f4fbd71f5638bcb3e5ee1dee23788,Carteiras selecionadas,Ágis
35689601000138,Ágis,09/2024,PL (R$),309295522.18,R$ bruto,Visão Executiva canônica; cache IME local 32634bb730b581966385d98457453556a55f4fbd71f5638bcb3e5ee1dee23788,.cache/fundonet-ime/32634bb730b581966385d98457453556a55f4fbd71f5638bcb3e5ee1dee23788,Carteiras selecionadas,Ágis
35689601000138,Ágis,08/2024,PL (R$),299361699.94,R$ bruto,Visão Executiva canônica; cache IME local 32634bb730b581966385d98457453556a55f4fbd71f5638bcb3e5ee1dee23788,.cache/fundonet-ime/32634bb730b581966385d98457453556a55f4fbd71f5638bcb3e5ee1dee23788,Carteiras selecionadas,Ágis
35689601000138,Ágis,07/2024,PL (R$),288351011.86,R$ bruto,Visão Executiva canônica; cache IME local 32634bb730b581966385d98457453556a55f4fbd71f5638bcb3e5ee1dee23788,.cache/fundonet-ime/32634bb730b581966385d98457453556a55f4fbd71f5638bcb3e5ee1dee23788,Carteiras selecionadas,Ágis
35689601000138,Ágis,06/2026,PL (R$ MM),485.2796942,R$ MM,Visão Executiva canônica; cache IME local 32634bb730b581966385d98457453556a55f4fbd71f5638bcb3e5ee1dee23788,.cache/fundonet-ime/32634bb730b581966385d98457453556a55f4fbd71f5638bcb3e5ee1dee23788,Carteiras selecionadas,Ágis
35689601000138,Ágis,05/2026,PL (R$ MM),479.78682291,R$ MM,Visão Executiva canônica; cache IME local 32634bb730b581966385d98457453556a55f4fbd71f5638bcb3e5ee1dee23788,.cache/fundonet-ime/32634bb730b581966385d98457453556a55f4fbd71f5638bcb3e5ee1dee23788,Carteiras selecionadas,Ágis
35689601000138,Ágis,04/2026,PL (R$ MM),472.33863835,R$ MM,Visão Executiva canônica; cache IME local 32634bb730b581966385d98457453556a55f4fbd71f5638bcb3e5ee1dee23788,.cache/fundonet-ime/32634bb730b581966385d98457453556a55f4fbd71f5638bcb3e5ee1dee23788,Carteiras selecionadas,Ágis
35689601000138,Ágis,03/2026,PL (R$ MM),463.86835103,R$ MM,Visão Executiva canônica; cache IME local 32634bb730b581966385d98457453556a55f4fbd71f5638bcb3e5ee1dee23788,.cache/fundonet-ime/32634bb730b581966385d98457453556a55f4fbd71f5638bcb3e5ee1dee23788,Carteiras selecionadas,Ágis
35689601000138,Ágis,02/2026,PL (R$ MM),480.48832389,R$ MM,Visão Executiva canônica; cache IME local 32634bb730b581966385d98457453556a55f4fbd71f5638bcb3e5ee1dee23788,.cache/fundonet-ime/32634bb730b581966385d98457453556a55f4fbd71f5638bcb3e5ee1dee23788,Carteiras selecionadas,Ágis
35689601000138,Ágis,01/2026,PL (R$ MM),468.52423738,R$ MM,Visão Executiva canônica; cache IME local 32634bb730b581966385d98457453556a55f4fbd71f5638bcb3e5ee1dee23788,.cache/fundonet-ime/32634bb730b581966385d98457453556a55f4fbd71f5638bcb3e5ee1dee23788,Carteiras selecionadas,Ágis
35689601000138,Ágis,12/2025,PL (R$ MM),488.6010241,R$ MM,Visão Executiva canônica; cache IME local 32634bb730b581966385d98457453556a55f4fbd71f5638bcb3e5ee1dee23788,.cache/fundonet-ime/32634bb730b581966385d98457453556a55f4fbd71f5638bcb3e5ee1dee23788,Carteiras selecionadas,Ágis
35689601000138,Ágis,11/2025,PL (R$ MM),480.69615264,R$ MM,Visão Executiva canônica; cache IME local 32634bb730b581966385d98457453556a55f4fbd71f5638bcb3e5ee1dee23788,.cache/fundonet-ime/32634bb730b581966385d98457453556a55f4fbd71f5638bcb3e5ee1dee23788,Carteiras selecionadas,Ágis
35689601000138,Ágis,10/2025,PL (R$ MM),429.15104966,R$ MM,Visão Executiva canônica; cache IME local 32634bb730b581966385d98457453556a55f4fbd71f5638bcb3e5ee1dee23788,.cache/fundonet-ime/32634bb730b581966385d98457453556a55f4fbd71f5638bcb3e5ee1dee23788,Carteiras selecionadas,Ágis
35689601000138,Ágis,09/2025,PL (R$ MM),430.7884986,R$ MM,Visão Executiva canônica; cache IME local 32634bb730b581966385d98457453556a55f4fbd71f5638bcb3e5ee1dee23788,.cache/fundonet-ime/32634bb730b581966385d98457453556a55f4fbd71f5638bcb3e5ee1dee23788,Carteiras selecionadas,Ágis
35689601000138,Ágis,08/2025,PL (R$ MM),469.78615544,R$ MM,Visão Executiva canônica; cache IME local 32634bb730b581966385d98457453556a55f4fbd71f5638bcb3e5ee1dee23788,.cache/fundonet-ime/32634bb730b581966385d98457453556a55f4fbd71f5638bcb3e5ee1dee23788,Carteiras selecionadas,Ágis
35689601000138,Ágis,07/2025,PL (R$ MM),483.6429978,R$ MM,Visão Executiva canônica; cache IME local 32634bb730b581966385d98457453556a55f4fbd71f5638bcb3e5ee1dee23788,.cache/fundonet-ime/32634bb730b581966385d98457453556a55f4fbd71f5638bcb3e5ee1dee23788,Carteiras selecionadas,Ágis
35689601000138,Ágis,06/2025,PL (R$ MM),414.18158001999996,R$ MM,Visão Executiva canônica; cache IME local 32634bb730b581966385d98457453556a55f4fbd71f5638bcb3e5ee1dee23788,.cache/fundonet-ime/32634bb730b581966385d98457453556a55f4fbd71f5638bcb3e5ee1dee23788,Carteiras selecionadas,Ágis
35689601000138,Ágis,05/2025,PL (R$ MM),419.55790019,R$ MM,Visão Executiva canônica; cache IME local 32634bb730b581966385d98457453556a55f4fbd71f5638bcb3e5ee1dee23788,.cache/fundonet-ime/32634bb730b581966385d98457453556a55f4fbd71f5638bcb3e5ee1dee23788,Carteiras selecionadas,Ágis
35689601000138,Ágis,04/2025,PL (R$ MM),456.07890039,R$ MM,Visão Executiva canônica; cache IME local 32634bb730b581966385d98457453556a55f4fbd71f5638bcb3e5ee1dee23788,.cache/fundonet-ime/32634bb730b581966385d98457453556a55f4fbd71f5638bcb3e5ee1dee23788,Carteiras selecionadas,Ágis
35689601000138,Ágis,03/2025,PL (R$ MM),464.93757112000003,R$ MM,Visão Executiva canônica; cache IME local 32634bb730b581966385d98457453556a55f4fbd71f5638bcb3e5ee1dee23788,.cache/fundonet-ime/32634bb730b581966385d98457453556a55f4fbd71f5638bcb3e5ee1dee23788,Carteiras selecionadas,Ágis
35689601000138,Ágis,02/2025,PL (R$ MM),456.48144743,R$ MM,Visão Executiva canônica; cache IME local 32634bb730b581966385d98457453556a55f4fbd71f5638bcb3e5ee1dee23788,.cache/fundonet-ime/32634bb730b581966385d98457453556a55f4fbd71f5638bcb3e5ee1dee23788,Carteiras selecionadas,Ágis
35689601000138,Ágis,01/2025,PL (R$ MM),442.58969037,R$ MM,Visão Executiva canônica; cache IME local 32634bb730b581966385d98457453556a55f4fbd71f5638bcb3e5ee1dee23788,.cache/fundonet-ime/32634bb730b581966385d98457453556a55f4fbd71f5638bcb3e5ee1dee23788,Carteiras selecionadas,Ágis
35689601000138,Ágis,12/2024,PL (R$ MM),421.73604333,R$ MM,Visão Executiva canônica; cache IME local 32634bb730b581966385d98457453556a55f4fbd71f5638bcb3e5ee1dee23788,.cache/fundonet-ime/32634bb730b581966385d98457453556a55f4fbd71f5638bcb3e5ee1dee23788,Carteiras selecionadas,Ágis
35689601000138,Ágis,11/2024,PL (R$ MM),433.45093642,R$ MM,Visão Executiva canônica; cache IME local 32634bb730b581966385d98457453556a55f4fbd71f5638bcb3e5ee1dee23788,.cache/fundonet-ime/32634bb730b581966385d98457453556a55f4fbd71f5638bcb3e5ee1dee23788,Carteiras selecionadas,Ágis
35689601000138,Ágis,10/2024,PL (R$ MM),422.90603169999997,R$ MM,Visão Executiva canônica; cache IME local 32634bb730b581966385d98457453556a55f4fbd71f5638bcb3e5ee1dee23788,.cache/fundonet-ime/32634bb730b581966385d98457453556a55f4fbd71f5638bcb3e5ee1dee23788,Carteiras selecionadas,Ágis
35689601000138,Ágis,09/2024,PL (R$ MM),309.29552218000003,R$ MM,Visão Executiva canônica; cache IME local 32634bb730b581966385d98457453556a55f4fbd71f5638bcb3e5ee1dee23788,.cache/fundonet-ime/32634bb730b581966385d98457453556a55f4fbd71f5638bcb3e5ee1dee23788,Carteiras selecionadas,Ágis
35689601000138,Ágis,08/2024,PL (R$ MM),299.36169994,R$ MM,Visão Executiva canônica; cache IME local 32634bb730b581966385d98457453556a55f4fbd71f5638bcb3e5ee1dee23788,.cache/fundonet-ime/32634bb730b581966385d98457453556a55f4fbd71f5638bcb3e5ee1dee23788,Carteiras selecionadas,Ágis
35689601000138,Ágis,07/2024,PL (R$ MM),288.35101186,R$ MM,Visão Executiva canônica; cache IME local 32634bb730b581966385d98457453556a55f4fbd71f5638bcb3e5ee1dee23788,.cache/fundonet-ime/32634bb730b581966385d98457453556a55f4fbd71f5638bcb3e5ee1dee23788,Carteiras selecionadas,Ágis
35689601000138,Ágis,06/2026,Dir Cred (R$ MM),576.7523415899999,R$ MM,Visão Executiva canônica; cache IME local 32634bb730b581966385d98457453556a55f4fbd71f5638bcb3e5ee1dee23788,.cache/fundonet-ime/32634bb730b581966385d98457453556a55f4fbd71f5638bcb3e5ee1dee23788,Carteiras selecionadas,Ágis
35689601000138,Ágis,05/2026,Dir Cred (R$ MM),572.78757978,R$ MM,Visão Executiva canônica; cache IME local 32634bb730b581966385d98457453556a55f4fbd71f5638bcb3e5ee1dee23788,.cache/fundonet-ime/32634bb730b581966385d98457453556a55f4fbd71f5638bcb3e5ee1dee23788,Carteiras selecionadas,Ágis
35689601000138,Ágis,04/2026,Dir Cred (R$ MM),568.1698275800001,R$ MM,Visão Executiva canônica; cache IME local 32634bb730b581966385d98457453556a55f4fbd71f5638bcb3e5ee1dee23788,.cache/fundonet-ime/32634bb730b581966385d98457453556a55f4fbd71f5638bcb3e5ee1dee23788,Carteiras selecionadas,Ágis
35689601000138,Ágis,03/2026,Dir Cred (R$ MM),562.65056879,R$ MM,Visão Executiva canônica; cache IME local 32634bb730b581966385d98457453556a55f4fbd71f5638bcb3e5ee1dee23788,.cache/fundonet-ime/32634bb730b581966385d98457453556a55f4fbd71f5638bcb3e5ee1dee23788,Carteiras selecionadas,Ágis
35689601000138,Ágis,02/2026,Dir Cred (R$ MM),541.68839903,R$ MM,Visão Executiva canônica; cache IME local 32634bb730b581966385d98457453556a55f4fbd71f5638bcb3e5ee1dee23788,.cache/fundonet-ime/32634bb730b581966385d98457453556a55f4fbd71f5638bcb3e5ee1dee23788,Carteiras selecionadas,Ágis
35689601000138,Ágis,01/2026,Dir Cred (R$ MM),542.99043191,R$ MM,Visão Executiva canônica; cache IME local 32634bb730b581966385d98457453556a55f4fbd71f5638bcb3e5ee1dee23788,.cache/fundonet-ime/32634bb730b581966385d98457453556a55f4fbd71f5638bcb3e5ee1dee23788,Carteiras selecionadas,Ágis
35689601000138,Ágis,12/2025,Dir Cred (R$ MM),541.8897282,R$ MM,Visão Executiva canônica; cache IME local 32634bb730b581966385d98457453556a55f4fbd71f5638bcb3e5ee1dee23788,.cache/fundonet-ime/32634bb730b581966385d98457453556a55f4fbd71f5638bcb3e5ee1dee23788,Carteiras selecionadas,Ágis
35689601000138,Ágis,11/2025,Dir Cred (R$ MM),534.76999678,R$ MM,Visão Executiva canônica; cache IME local 32634bb730b581966385d98457453556a55f4fbd71f5638bcb3e5ee1dee23788,.cache/fundonet-ime/32634bb730b581966385d98457453556a55f4fbd71f5638bcb3e5ee1dee23788,Carteiras selecionadas,Ágis
35689601000138,Ágis,10/2025,Dir Cred (R$ MM),529.7404208300001,R$ MM,Visão Executiva canônica; cache IME local 32634bb730b581966385d98457453556a55f4fbd71f5638bcb3e5ee1dee23788,.cache/fundonet-ime/32634bb730b581966385d98457453556a55f4fbd71f5638bcb3e5ee1dee23788,Carteiras selecionadas,Ágis
35689601000138,Ágis,09/2025,Dir Cred (R$ MM),519.4397113,R$ MM,Visão Executiva canônica; cache IME local 32634bb730b581966385d98457453556a55f4fbd71f5638bcb3e5ee1dee23788,.cache/fundonet-ime/32634bb730b581966385d98457453556a55f4fbd71f5638bcb3e5ee1dee23788,Carteiras selecionadas,Ágis
35689601000138,Ágis,08/2025,Dir Cred (R$ MM),506.28867747000004,R$ MM,Visão Executiva canônica; cache IME local 32634bb730b581966385d98457453556a55f4fbd71f5638bcb3e5ee1dee23788,.cache/fundonet-ime/32634bb730b581966385d98457453556a55f4fbd71f5638bcb3e5ee1dee23788,Carteiras selecionadas,Ágis
35689601000138,Ágis,07/2025,Dir Cred (R$ MM),446.90549182,R$ MM,Visão Executiva canônica; cache IME local 32634bb730b581966385d98457453556a55f4fbd71f5638bcb3e5ee1dee23788,.cache/fundonet-ime/32634bb730b581966385d98457453556a55f4fbd71f5638bcb3e5ee1dee23788,Carteiras selecionadas,Ágis
35689601000138,Ágis,06/2025,Dir Cred (R$ MM),455.7685994,R$ MM,Visão Executiva canônica; cache IME local 32634bb730b581966385d98457453556a55f4fbd71f5638bcb3e5ee1dee23788,.cache/fundonet-ime/32634bb730b581966385d98457453556a55f4fbd71f5638bcb3e5ee1dee23788,Carteiras selecionadas,Ágis
35689601000138,Ágis,05/2025,Dir Cred (R$ MM),469.98600209000006,R$ MM,Visão Executiva canônica; cache IME local 32634bb730b581966385d98457453556a55f4fbd71f5638bcb3e5ee1dee23788,.cache/fundonet-ime/32634bb730b581966385d98457453556a55f4fbd71f5638bcb3e5ee1dee23788,Carteiras selecionadas,Ágis
35689601000138,Ágis,04/2025,Dir Cred (R$ MM),463.06080754000004,R$ MM,Visão Executiva canônica; cache IME local 32634bb730b581966385d98457453556a55f4fbd71f5638bcb3e5ee1dee23788,.cache/fundonet-ime/32634bb730b581966385d98457453556a55f4fbd71f5638bcb3e5ee1dee23788,Carteiras selecionadas,Ágis
35689601000138,Ágis,03/2025,Dir Cred (R$ MM),465.42802338999996,R$ MM,Visão Executiva canônica; cache IME local 32634bb730b581966385d98457453556a55f4fbd71f5638bcb3e5ee1dee23788,.cache/fundonet-ime/32634bb730b581966385d98457453556a55f4fbd71f5638bcb3e5ee1dee23788,Carteiras selecionadas,Ágis
35689601000138,Ágis,02/2025,Dir Cred (R$ MM),456.08639428,R$ MM,Visão Executiva canônica; cache IME local 32634bb730b581966385d98457453556a55f4fbd71f5638bcb3e5ee1dee23788,.cache/fundonet-ime/32634bb730b581966385d98457453556a55f4fbd71f5638bcb3e5ee1dee23788,Carteiras selecionadas,Ágis
35689601000138,Ágis,01/2025,Dir Cred (R$ MM),461.67863267999996,R$ MM,Visão Executiva canônica; cache IME local 32634bb730b581966385d98457453556a55f4fbd71f5638bcb3e5ee1dee23788,.cache/fundonet-ime/32634bb730b581966385d98457453556a55f4fbd71f5638bcb3e5ee1dee23788,Carteiras selecionadas,Ágis
35689601000138,Ágis,12/2024,Dir Cred (R$ MM),454.19405757000004,R$ MM,Visão Executiva canônica; cache IME local 32634bb730b581966385d98457453556a55f4fbd71f5638bcb3e5ee1dee23788,.cache/fundonet-ime/32634bb730b581966385d98457453556a55f4fbd71f5638bcb3e5ee1dee23788,Carteiras selecionadas,Ágis
35689601000138,Ágis,11/2024,Dir Cred (R$ MM),450.45420065,R$ MM,Visão Executiva canônica; cache IME local 32634bb730b581966385d98457453556a55f4fbd71f5638bcb3e5ee1dee23788,.cache/fundonet-ime/32634bb730b581966385d98457453556a55f4fbd71f5638bcb3e5ee1dee23788,Carteiras selecionadas,Ágis
35689601000138,Ágis,10/2024,Dir Cred (R$ MM),456.91185325,R$ MM,Visão Executiva canônica; cache IME local 32634bb730b581966385d98457453556a55f4fbd71f5638bcb3e5ee1dee23788,.cache/fundonet-ime/32634bb730b581966385d98457453556a55f4fbd71f5638bcb3e5ee1dee23788,Carteiras selecionadas,Ágis
35689601000138,Ágis,09/2024,Dir Cred (R$ MM),323.2476811,R$ MM,Visão Executiva canônica; cache IME local 32634bb730b581966385d98457453556a55f4fbd71f5638bcb3e5ee1dee23788,.cache/fundonet-ime/32634bb730b581966385d98457453556a55f4fbd71f5638bcb3e5ee1dee23788,Carteiras selecionadas,Ágis
35689601000138,Ágis,08/2024,Dir Cred (R$ MM),320.5423968,R$ MM,Visão Executiva canônica; cache IME local 32634bb730b581966385d98457453556a55f4fbd71f5638bcb3e5ee1dee23788,.cache/fundonet-ime/32634bb730b581966385d98457453556a55f4fbd71f5638bcb3e5ee1dee23788,Carteiras selecionadas,Ágis
35689601000138,Ágis,07/2024,Dir Cred (R$ MM),319.96841466,R$ MM,Visão Executiva canônica; cache IME local 32634bb730b581966385d98457453556a55f4fbd71f5638bcb3e5ee1dee23788,.cache/fundonet-ime/32634bb730b581966385d98457453556a55f4fbd71f5638bcb3e5ee1dee23788,Carteiras selecionadas,Ágis
35689601000138,Ágis,06/2026,Dir Cred / PL,1.1884946938503076,ratio,Visão Executiva canônica; cache IME local 32634bb730b581966385d98457453556a55f4fbd71f5638bcb3e5ee1dee23788,.cache/fundonet-ime/32634bb730b581966385d98457453556a55f4fbd71f5638bcb3e5ee1dee23788,Carteiras selecionadas,Ágis
35689601000138,Ágis,05/2026,Dir Cred / PL,1.1938376637897896,ratio,Visão Executiva canônica; cache IME local 32634bb730b581966385d98457453556a55f4fbd71f5638bcb3e5ee1dee23788,.cache/fundonet-ime/32634bb730b581966385d98457453556a55f4fbd71f5638bcb3e5ee1dee23788,Carteiras selecionadas,Ágis
35689601000138,Ágis,04/2026,Dir Cred / PL,1.2028866187292298,ratio,Visão Executiva canônica; cache IME local 32634bb730b581966385d98457453556a55f4fbd71f5638bcb3e5ee1dee23788,.cache/fundonet-ime/32634bb730b581966385d98457453556a55f4fbd71f5638bcb3e5ee1dee23788,Carteiras selecionadas,Ágis
35689601000138,Ágis,03/2026,Dir Cred / PL,1.2129531310783723,ratio,Visão Executiva canônica; cache IME local 32634bb730b581966385d98457453556a55f4fbd71f5638bcb3e5ee1dee23788,.cache/fundonet-ime/32634bb730b581966385d98457453556a55f4fbd71f5638bcb3e5ee1dee23788,Carteiras selecionadas,Ágis
35689601000138,Ágis,02/2026,Dir Cred / PL,1.1273705771755875,ratio,Visão Executiva canônica; cache IME local 32634bb730b581966385d98457453556a55f4fbd71f5638bcb3e5ee1dee23788,.cache/fundonet-ime/32634bb730b581966385d98457453556a55f4fbd71f5638bcb3e5ee1dee23788,Carteiras selecionadas,Ágis
35689601000138,Ágis,01/2026,Dir Cred / PL,1.1589377637033613,ratio,Visão Executiva canônica; cache IME local 32634bb730b581966385d98457453556a55f4fbd71f5638bcb3e5ee1dee23788,.cache/fundonet-ime/32634bb730b581966385d98457453556a55f4fbd71f5638bcb3e5ee1dee23788,Carteiras selecionadas,Ágis
35689601000138,Ágis,12/2025,Dir Cred / PL,1.1090638403760154,ratio,Visão Executiva canônica; cache IME local 32634bb730b581966385d98457453556a55f4fbd71f5638bcb3e5ee1dee23788,.cache/fundonet-ime/32634bb730b581966385d98457453556a55f4fbd71f5638bcb3e5ee1dee23788,Carteiras selecionadas,Ágis
35689601000138,Ágis,11/2025,Dir Cred / PL,1.1124906946790079,ratio,Visão Executiva canônica; cache IME local 32634bb730b581966385d98457453556a55f4fbd71f5638bcb3e5ee1dee23788,.cache/fundonet-ime/32634bb730b581966385d98457453556a55f4fbd71f5638bcb3e5ee1dee23788,Carteiras selecionadas,Ágis
35689601000138,Ágis,10/2025,Dir Cred / PL,1.234391530091079,ratio,Visão Executiva canônica; cache IME local 32634bb730b581966385d98457453556a55f4fbd71f5638bcb3e5ee1dee23788,.cache/fundonet-ime/32634bb730b581966385d98457453556a55f4fbd71f5638bcb3e5ee1dee23788,Carteiras selecionadas,Ágis
35689601000138,Ágis,09/2025,Dir Cred / PL,1.205788253372835,ratio,Visão Executiva canônica; cache IME local 32634bb730b581966385d98457453556a55f4fbd71f5638bcb3e5ee1dee23788,.cache/fundonet-ime/32634bb730b581966385d98457453556a55f4fbd71f5638bcb3e5ee1dee23788,Carteiras selecionadas,Ágis
35689601000138,Ágis,08/2025,Dir Cred / PL,1.077700293223439,ratio,Visão Executiva canônica; cache IME local 32634bb730b581966385d98457453556a55f4fbd71f5638bcb3e5ee1dee23788,.cache/fundonet-ime/32634bb730b581966385d98457453556a55f4fbd71f5638bcb3e5ee1dee23788,Carteiras selecionadas,Ágis
35689601000138,Ágis,07/2025,Dir Cred / PL,0.9240400333570176,ratio,Visão Executiva canônica; cache IME local 32634bb730b581966385d98457453556a55f4fbd71f5638bcb3e5ee1dee23788,.cache/fundonet-ime/32634bb730b581966385d98457453556a55f4fbd71f5638bcb3e5ee1dee23788,Carteiras selecionadas,Ágis
35689601000138,Ágis,06/2025,Dir Cred / PL,1.100407698908271,ratio,Visão Executiva canônica; cache IME local 32634bb730b581966385d98457453556a55f4fbd71f5638bcb3e5ee1dee23788,.cache/fundonet-ime/32634bb730b581966385d98457453556a55f4fbd71f5638bcb3e5ee1dee23788,Carteiras selecionadas,Ágis
35689601000138,Ágis,05/2025,Dir Cred / PL,1.1201934271221285,ratio,Visão Executiva canônica; cache IME local 32634bb730b581966385d98457453556a55f4fbd71f5638bcb3e5ee1dee23788,.cache/fundonet-ime/32634bb730b581966385d98457453556a55f4fbd71f5638bcb3e5ee1dee23788,Carteiras selecionadas,Ágis
35689601000138,Ágis,04/2025,Dir Cred / PL,1.0153085510950621,ratio,Visão Executiva canônica; cache IME local 32634bb730b581966385d98457453556a55f4fbd71f5638bcb3e5ee1dee23788,.cache/fundonet-ime/32634bb730b581966385d98457453556a55f4fbd71f5638bcb3e5ee1dee23788,Carteiras selecionadas,Ágis
35689601000138,Ágis,03/2025,Dir Cred / PL,1.0010548776878119,ratio,Visão Executiva canônica; cache IME local 32634bb730b581966385d98457453556a55f4fbd71f5638bcb3e5ee1dee23788,.cache/fundonet-ime/32634bb730b581966385d98457453556a55f4fbd71f5638bcb3e5ee1dee23788,Carteiras selecionadas,Ágis
35689601000138,Ágis,02/2025,Dir Cred / PL,0.9991345690997429,ratio,Visão Executiva canônica; cache IME local 32634bb730b581966385d98457453556a55f4fbd71f5638bcb3e5ee1dee23788,.cache/fundonet-ime/32634bb730b581966385d98457453556a55f4fbd71f5638bcb3e5ee1dee23788,Carteiras selecionadas,Ágis
35689601000138,Ágis,01/2025,Dir Cred / PL,1.0431301106314559,ratio,Visão Executiva canônica; cache IME local 32634bb730b581966385d98457453556a55f4fbd71f5638bcb3e5ee1dee23788,.cache/fundonet-ime/32634bb730b581966385d98457453556a55f4fbd71f5638bcb3e5ee1dee23788,Carteiras selecionadas,Ágis
35689601000138,Ágis,12/2024,Dir Cred / PL,1.0769628651696774,ratio,Visão Executiva canônica; cache IME local 32634bb730b581966385d98457453556a55f4fbd71f5638bcb3e5ee1dee23788,.cache/fundonet-ime/32634bb730b581966385d98457453556a55f4fbd71f5638bcb3e5ee1dee23788,Carteiras selecionadas,Ágis
35689601000138,Ágis,11/2024,Dir Cred / PL,1.0392276560074711,ratio,Visão Executiva canônica; cache IME local 32634bb730b581966385d98457453556a55f4fbd71f5638bcb3e5ee1dee23788,.cache/fundonet-ime/32634bb730b581966385d98457453556a55f4fbd71f5638bcb3e5ee1dee23788,Carteiras selecionadas,Ágis
35689601000138,Ágis,10/2024,Dir Cred / PL,1.0804098759559027,ratio,Visão Executiva canônica; cache IME local 32634bb730b581966385d98457453556a55f4fbd71f5638bcb3e5ee1dee23788,.cache/fundonet-ime/32634bb730b581966385d98457453556a55f4fbd71f5638bcb3e5ee1dee23788,Carteiras selecionadas,Ágis
35689601000138,Ágis,09/2024,Dir Cred / PL,1.0451094759525175,ratio,Visão Executiva canônica; cache IME local 32634bb730b581966385d98457453556a55f4fbd71f5638bcb3e5ee1dee23788,.cache/fundonet-ime/32634bb730b581966385d98457453556a55f4fbd71f5638bcb3e5ee1dee23788,Carteiras selecionadas,Ágis
35689601000138,Ágis,08/2024,Dir Cred / PL,1.0707528613855586,ratio,Visão Executiva canônica; cache IME local 32634bb730b581966385d98457453556a55f4fbd71f5638bcb3e5ee1dee23788,.cache/fundonet-ime/32634bb730b581966385d98457453556a55f4fbd71f5638bcb3e5ee1dee23788,Carteiras selecionadas,Ágis
35689601000138,Ágis,07/2024,Dir Cred / PL,1.1096490093655398,ratio,Visão Executiva canônica; cache IME local 32634bb730b581966385d98457453556a55f4fbd71f5638bcb3e5ee1dee23788,.cache/fundonet-ime/32634bb730b581966385d98457453556a55f4fbd71f5638bcb3e5ee1dee23788,Carteiras selecionadas,Ágis
35689601000138,Ágis,06/2026,Vencidos <= 90 d (R$ MM),104.04561298,R$ MM,Visão Executiva canônica; cache IME local 32634bb730b581966385d98457453556a55f4fbd71f5638bcb3e5ee1dee23788,.cache/fundonet-ime/32634bb730b581966385d98457453556a55f4fbd71f5638bcb3e5ee1dee23788,Carteiras selecionadas,Ágis
35689601000138,Ágis,05/2026,Vencidos <= 90 d (R$ MM),89.10427415000001,R$ MM,Visão Executiva canônica; cache IME local 32634bb730b581966385d98457453556a55f4fbd71f5638bcb3e5ee1dee23788,.cache/fundonet-ime/32634bb730b581966385d98457453556a55f4fbd71f5638bcb3e5ee1dee23788,Carteiras selecionadas,Ágis
35689601000138,Ágis,04/2026,Vencidos <= 90 d (R$ MM),81.26100749000001,R$ MM,Visão Executiva canônica; cache IME local 32634bb730b581966385d98457453556a55f4fbd71f5638bcb3e5ee1dee23788,.cache/fundonet-ime/32634bb730b581966385d98457453556a55f4fbd71f5638bcb3e5ee1dee23788,Carteiras selecionadas,Ágis
35689601000138,Ágis,03/2026,Vencidos <= 90 d (R$ MM),79.60259686000002,R$ MM,Visão Executiva canônica; cache IME local 32634bb730b581966385d98457453556a55f4fbd71f5638bcb3e5ee1dee23788,.cache/fundonet-ime/32634bb730b581966385d98457453556a55f4fbd71f5638bcb3e5ee1dee23788,Carteiras selecionadas,Ágis
35689601000138,Ágis,02/2026,Vencidos <= 90 d (R$ MM),70.88312685000001,R$ MM,Visão Executiva canônica; cache IME local 32634bb730b581966385d98457453556a55f4fbd71f5638bcb3e5ee1dee23788,.cache/fundonet-ime/32634bb730b581966385d98457453556a55f4fbd71f5638bcb3e5ee1dee23788,Carteiras selecionadas,Ágis
35689601000138,Ágis,01/2026,Vencidos <= 90 d (R$ MM),66.78096723,R$ MM,Visão Executiva canônica; cache IME local 32634bb730b581966385d98457453556a55f4fbd71f5638bcb3e5ee1dee23788,.cache/fundonet-ime/32634bb730b581966385d98457453556a55f4fbd71f5638bcb3e5ee1dee23788,Carteiras selecionadas,Ágis
35689601000138,Ágis,12/2025,Vencidos <= 90 d (R$ MM),65.15135146000001,R$ MM,Visão Executiva canônica; cache IME local 32634bb730b581966385d98457453556a55f4fbd71f5638bcb3e5ee1dee23788,.cache/fundonet-ime/32634bb730b581966385d98457453556a55f4fbd71f5638bcb3e5ee1dee23788,Carteiras selecionadas,Ágis
35689601000138,Ágis,11/2025,Vencidos <= 90 d (R$ MM),67.86095627000002,R$ MM,Visão Executiva canônica; cache IME local 32634bb730b581966385d98457453556a55f4fbd71f5638bcb3e5ee1dee23788,.cache/fundonet-ime/32634bb730b581966385d98457453556a55f4fbd71f5638bcb3e5ee1dee23788,Carteiras selecionadas,Ágis
35689601000138,Ágis,10/2025,Vencidos <= 90 d (R$ MM),60.877677209999995,R$ MM,Visão Executiva canônica; cache IME local 32634bb730b581966385d98457453556a55f4fbd71f5638bcb3e5ee1dee23788,.cache/fundonet-ime/32634bb730b581966385d98457453556a55f4fbd71f5638bcb3e5ee1dee23788,Carteiras selecionadas,Ágis
35689601000138,Ágis,09/2025,Vencidos <= 90 d (R$ MM),48.69839233,R$ MM,Visão Executiva canônica; cache IME local 32634bb730b581966385d98457453556a55f4fbd71f5638bcb3e5ee1dee23788,.cache/fundonet-ime/32634bb730b581966385d98457453556a55f4fbd71f5638bcb3e5ee1dee23788,Carteiras selecionadas,Ágis
35689601000138,Ágis,08/2025,Vencidos <= 90 d (R$ MM),32.578242020000005,R$ MM,Visão Executiva canônica; cache IME local 32634bb730b581966385d98457453556a55f4fbd71f5638bcb3e5ee1dee23788,.cache/fundonet-ime/32634bb730b581966385d98457453556a55f4fbd71f5638bcb3e5ee1dee23788,Carteiras selecionadas,Ágis
35689601000138,Ágis,07/2025,Vencidos <= 90 d (R$ MM),26.38940705,R$ MM,Visão Executiva canônica; cache IME local 32634bb730b581966385d98457453556a55f4fbd71f5638bcb3e5ee1dee23788,.cache/fundonet-ime/32634bb730b581966385d98457453556a55f4fbd71f5638bcb3e5ee1dee23788,Carteiras selecionadas,Ágis
35689601000138,Ágis,06/2025,Vencidos <= 90 d (R$ MM),75.36913879000001,R$ MM,Visão Executiva canônica; cache IME local 32634bb730b581966385d98457453556a55f4fbd71f5638bcb3e5ee1dee23788,.cache/fundonet-ime/32634bb730b581966385d98457453556a55f4fbd71f5638bcb3e5ee1dee23788,Carteiras selecionadas,Ágis
35689601000138,Ágis,05/2025,Vencidos <= 90 d (R$ MM),70.65644316000001,R$ MM,Visão Executiva canônica; cache IME local 32634bb730b581966385d98457453556a55f4fbd71f5638bcb3e5ee1dee23788,.cache/fundonet-ime/32634bb730b581966385d98457453556a55f4fbd71f5638bcb3e5ee1dee23788,Carteiras selecionadas,Ágis
35689601000138,Ágis,04/2025,Vencidos <= 90 d (R$ MM),55.79604089,R$ MM,Visão Executiva canônica; cache IME local 32634bb730b581966385d98457453556a55f4fbd71f5638bcb3e5ee1dee23788,.cache/fundonet-ime/32634bb730b581966385d98457453556a55f4fbd71f5638bcb3e5ee1dee23788,Carteiras selecionadas,Ágis
35689601000138,Ágis,03/2025,Vencidos <= 90 d (R$ MM),57.92062248,R$ MM,Visão Executiva canônica; cache IME local 32634bb730b581966385d98457453556a55f4fbd71f5638bcb3e5ee1dee23788,.cache/fundonet-ime/32634bb730b581966385d98457453556a55f4fbd71f5638bcb3e5ee1dee23788,Carteiras selecionadas,Ágis
35689601000138,Ágis,02/2025,Vencidos <= 90 d (R$ MM),32.14373681,R$ MM,Visão Executiva canônica; cache IME local 32634bb730b581966385d98457453556a55f4fbd71f5638bcb3e5ee1dee23788,.cache/fundonet-ime/32634bb730b581966385d98457453556a55f4fbd71f5638bcb3e5ee1dee23788,Carteiras selecionadas,Ágis
35689601000138,Ágis,01/2025,Vencidos <= 90 d (R$ MM),47.46722814999999,R$ MM,Visão Executiva canônica; cache IME local 32634bb730b581966385d98457453556a55f4fbd71f5638bcb3e5ee1dee23788,.cache/fundonet-ime/32634bb730b581966385d98457453556a55f4fbd71f5638bcb3e5ee1dee23788,Carteiras selecionadas,Ágis
35689601000138,Ágis,12/2024,Vencidos <= 90 d (R$ MM),50.20918471999999,R$ MM,Visão Executiva canônica; cache IME local 32634bb730b581966385d98457453556a55f4fbd71f5638bcb3e5ee1dee23788,.cache/fundonet-ime/32634bb730b581966385d98457453556a55f4fbd71f5638bcb3e5ee1dee23788,Carteiras selecionadas,Ágis
35689601000138,Ágis,11/2024,Vencidos <= 90 d (R$ MM),33.658979339999995,R$ MM,Visão Executiva canônica; cache IME local 32634bb730b581966385d98457453556a55f4fbd71f5638bcb3e5ee1dee23788,.cache/fundonet-ime/32634bb730b581966385d98457453556a55f4fbd71f5638bcb3e5ee1dee23788,Carteiras selecionadas,Ágis
35689601000138,Ágis,10/2024,Vencidos <= 90 d (R$ MM),37.82959637,R$ MM,Visão Executiva canônica; cache IME local 32634bb730b581966385d98457453556a55f4fbd71f5638bcb3e5ee1dee23788,.cache/fundonet-ime/32634bb730b581966385d98457453556a55f4fbd71f5638bcb3e5ee1dee23788,Carteiras selecionadas,Ágis
35689601000138,Ágis,09/2024,Vencidos <= 90 d (R$ MM),30.393360539999996,R$ MM,Visão Executiva canônica; cache IME local 32634bb730b581966385d98457453556a55f4fbd71f5638bcb3e5ee1dee23788,.cache/fundonet-ime/32634bb730b581966385d98457453556a55f4fbd71f5638bcb3e5ee1dee23788,Carteiras selecionadas,Ágis
35689601000138,Ágis,08/2024,Vencidos <= 90 d (R$ MM),31.899083060000006,R$ MM,Visão Executiva canônica; cache IME local 32634bb730b581966385d98457453556a55f4fbd71f5638bcb3e5ee1dee23788,.cache/fundonet-ime/32634bb730b581966385d98457453556a55f4fbd71f5638bcb3e5ee1dee23788,Carteiras selecionadas,Ágis
35689601000138,Ágis,07/2024,Vencidos <= 90 d (R$ MM),46.192139420000004,R$ MM,Visão Executiva canônica; cache IME local 32634bb730b581966385d98457453556a55f4fbd71f5638bcb3e5ee1dee23788,.cache/fundonet-ime/32634bb730b581966385d98457453556a55f4fbd71f5638bcb3e5ee1dee23788,Carteiras selecionadas,Ágis
35689601000138,Ágis,06/2026,Vencidos > 90 d (R$ MM),37.906949579999996,R$ MM,Visão Executiva canônica; cache IME local 32634bb730b581966385d98457453556a55f4fbd71f5638bcb3e5ee1dee23788,.cache/fundonet-ime/32634bb730b581966385d98457453556a55f4fbd71f5638bcb3e5ee1dee23788,Carteiras selecionadas,Ágis
35689601000138,Ágis,05/2026,Vencidos > 90 d (R$ MM),38.33882658,R$ MM,Visão Executiva canônica; cache IME local 32634bb730b581966385d98457453556a55f4fbd71f5638bcb3e5ee1dee23788,.cache/fundonet-ime/32634bb730b581966385d98457453556a55f4fbd71f5638bcb3e5ee1dee23788,Carteiras selecionadas,Ágis
35689601000138,Ágis,04/2026,Vencidos > 90 d (R$ MM),40.66774918,R$ MM,Visão Executiva canônica; cache IME local 32634bb730b581966385d98457453556a55f4fbd71f5638bcb3e5ee1dee23788,.cache/fundonet-ime/32634bb730b581966385d98457453556a55f4fbd71f5638bcb3e5ee1dee23788,Carteiras selecionadas,Ágis
35689601000138,Ágis,03/2026,Vencidos > 90 d (R$ MM),40.75311374,R$ MM,Visão Executiva canônica; cache IME local 32634bb730b581966385d98457453556a55f4fbd71f5638bcb3e5ee1dee23788,.cache/fundonet-ime/32634bb730b581966385d98457453556a55f4fbd71f5638bcb3e5ee1dee23788,Carteiras selecionadas,Ágis
35689601000138,Ágis,02/2026,Vencidos > 90 d (R$ MM),39.35715145999999,R$ MM,Visão Executiva canônica; cache IME local 32634bb730b581966385d98457453556a55f4fbd71f5638bcb3e5ee1dee23788,.cache/fundonet-ime/32634bb730b581966385d98457453556a55f4fbd71f5638bcb3e5ee1dee23788,Carteiras selecionadas,Ágis
35689601000138,Ágis,01/2026,Vencidos > 90 d (R$ MM),36.61136431,R$ MM,Visão Executiva canônica; cache IME local 32634bb730b581966385d98457453556a55f4fbd71f5638bcb3e5ee1dee23788,.cache/fundonet-ime/32634bb730b581966385d98457453556a55f4fbd71f5638bcb3e5ee1dee23788,Carteiras selecionadas,Ágis
35689601000138,Ágis,12/2025,Vencidos > 90 d (R$ MM),34.53379947,R$ MM,Visão Executiva canônica; cache IME local 32634bb730b581966385d98457453556a55f4fbd71f5638bcb3e5ee1dee23788,.cache/fundonet-ime/32634bb730b581966385d98457453556a55f4fbd71f5638bcb3e5ee1dee23788,Carteiras selecionadas,Ágis
35689601000138,Ágis,11/2025,Vencidos > 90 d (R$ MM),32.56033265,R$ MM,Visão Executiva canônica; cache IME local 32634bb730b581966385d98457453556a55f4fbd71f5638bcb3e5ee1dee23788,.cache/fundonet-ime/32634bb730b581966385d98457453556a55f4fbd71f5638bcb3e5ee1dee23788,Carteiras selecionadas,Ágis
35689601000138,Ágis,10/2025,Vencidos > 90 d (R$ MM),26.32664834,R$ MM,Visão Executiva canônica; cache IME local 32634bb730b581966385d98457453556a55f4fbd71f5638bcb3e5ee1dee23788,.cache/fundonet-ime/32634bb730b581966385d98457453556a55f4fbd71f5638bcb3e5ee1dee23788,Carteiras selecionadas,Ágis
35689601000138,Ágis,09/2025,Vencidos > 90 d (R$ MM),23.055898999999997,R$ MM,Visão Executiva canônica; cache IME local 32634bb730b581966385d98457453556a55f4fbd71f5638bcb3e5ee1dee23788,.cache/fundonet-ime/32634bb730b581966385d98457453556a55f4fbd71f5638bcb3e5ee1dee23788,Carteiras selecionadas,Ágis
35689601000138,Ágis,08/2025,Vencidos > 90 d (R$ MM),19.04780882,R$ MM,Visão Executiva canônica; cache IME local 32634bb730b581966385d98457453556a55f4fbd71f5638bcb3e5ee1dee23788,.cache/fundonet-ime/32634bb730b581966385d98457453556a55f4fbd71f5638bcb3e5ee1dee23788,Carteiras selecionadas,Ágis
35689601000138,Ágis,07/2025,Vencidos > 90 d (R$ MM),16.052789269999998,R$ MM,Visão Executiva canônica; cache IME local 32634bb730b581966385d98457453556a55f4fbd71f5638bcb3e5ee1dee23788,.cache/fundonet-ime/32634bb730b581966385d98457453556a55f4fbd71f5638bcb3e5ee1dee23788,Carteiras selecionadas,Ágis
35689601000138,Ágis,06/2025,Vencidos > 90 d (R$ MM),15.65232644,R$ MM,Visão Executiva canônica; cache IME local 32634bb730b581966385d98457453556a55f4fbd71f5638bcb3e5ee1dee23788,.cache/fundonet-ime/32634bb730b581966385d98457453556a55f4fbd71f5638bcb3e5ee1dee23788,Carteiras selecionadas,Ágis
35689601000138,Ágis,05/2025,Vencidos > 90 d (R$ MM),17.0887478,R$ MM,Visão Executiva canônica; cache IME local 32634bb730b581966385d98457453556a55f4fbd71f5638bcb3e5ee1dee23788,.cache/fundonet-ime/32634bb730b581966385d98457453556a55f4fbd71f5638bcb3e5ee1dee23788,Carteiras selecionadas,Ágis
35689601000138,Ágis,04/2025,Vencidos > 90 d (R$ MM),15.099295280000002,R$ MM,Visão Executiva canônica; cache IME local 32634bb730b581966385d98457453556a55f4fbd71f5638bcb3e5ee1dee23788,.cache/fundonet-ime/32634bb730b581966385d98457453556a55f4fbd71f5638bcb3e5ee1dee23788,Carteiras selecionadas,Ágis
35689601000138,Ágis,03/2025,Vencidos > 90 d (R$ MM),9.955167099999999,R$ MM,Visão Executiva canônica; cache IME local 32634bb730b581966385d98457453556a55f4fbd71f5638bcb3e5ee1dee23788,.cache/fundonet-ime/32634bb730b581966385d98457453556a55f4fbd71f5638bcb3e5ee1dee23788,Carteiras selecionadas,Ágis
35689601000138,Ágis,02/2025,Vencidos > 90 d (R$ MM),15.57022632,R$ MM,Visão Executiva canônica; cache IME local 32634bb730b581966385d98457453556a55f4fbd71f5638bcb3e5ee1dee23788,.cache/fundonet-ime/32634bb730b581966385d98457453556a55f4fbd71f5638bcb3e5ee1dee23788,Carteiras selecionadas,Ágis
35689601000138,Ágis,01/2025,Vencidos > 90 d (R$ MM),13.76591863,R$ MM,Visão Executiva canônica; cache IME local 32634bb730b581966385d98457453556a55f4fbd71f5638bcb3e5ee1dee23788,.cache/fundonet-ime/32634bb730b581966385d98457453556a55f4fbd71f5638bcb3e5ee1dee23788,Carteiras selecionadas,Ágis
35689601000138,Ágis,12/2024,Vencidos > 90 d (R$ MM),12.56487263,R$ MM,Visão Executiva canônica; cache IME local 32634bb730b581966385d98457453556a55f4fbd71f5638bcb3e5ee1dee23788,.cache/fundonet-ime/32634bb730b581966385d98457453556a55f4fbd71f5638bcb3e5ee1dee23788,Carteiras selecionadas,Ágis
35689601000138,Ágis,11/2024,Vencidos > 90 d (R$ MM),12.53617646,R$ MM,Visão Executiva canônica; cache IME local 32634bb730b581966385d98457453556a55f4fbd71f5638bcb3e5ee1dee23788,.cache/fundonet-ime/32634bb730b581966385d98457453556a55f4fbd71f5638bcb3e5ee1dee23788,Carteiras selecionadas,Ágis
35689601000138,Ágis,10/2024,Vencidos > 90 d (R$ MM),12.307882130000001,R$ MM,Visão Executiva canônica; cache IME local 32634bb730b581966385d98457453556a55f4fbd71f5638bcb3e5ee1dee23788,.cache/fundonet-ime/32634bb730b581966385d98457453556a55f4fbd71f5638bcb3e5ee1dee23788,Carteiras selecionadas,Ágis
35689601000138,Ágis,09/2024,Vencidos > 90 d (R$ MM),5.37368837,R$ MM,Visão Executiva canônica; cache IME local 32634bb730b581966385d98457453556a55f4fbd71f5638bcb3e5ee1dee23788,.cache/fundonet-ime/32634bb730b581966385d98457453556a55f4fbd71f5638bcb3e5ee1dee23788,Carteiras selecionadas,Ágis
35689601000138,Ágis,08/2024,Vencidos > 90 d (R$ MM),4.00878031,R$ MM,Visão Executiva canônica; cache IME local 32634bb730b581966385d98457453556a55f4fbd71f5638bcb3e5ee1dee23788,.cache/fundonet-ime/32634bb730b581966385d98457453556a55f4fbd71f5638bcb3e5ee1dee23788,Carteiras selecionadas,Ágis
35689601000138,Ágis,07/2024,Vencidos > 90 d (R$ MM),0.40686083,R$ MM,Visão Executiva canônica; cache IME local 32634bb730b581966385d98457453556a55f4fbd71f5638bcb3e5ee1dee23788,.cache/fundonet-ime/32634bb730b581966385d98457453556a55f4fbd71f5638bcb3e5ee1dee23788,Carteiras selecionadas,Ágis
35689601000138,Ágis,06/2026,Vencidos Total (R$ MM),141.95256256,R$ MM,Visão Executiva canônica; cache IME local 32634bb730b581966385d98457453556a55f4fbd71f5638bcb3e5ee1dee23788,.cache/fundonet-ime/32634bb730b581966385d98457453556a55f4fbd71f5638bcb3e5ee1dee23788,Carteiras selecionadas,Ágis
35689601000138,Ágis,05/2026,Vencidos Total (R$ MM),127.44310073,R$ MM,Visão Executiva canônica; cache IME local 32634bb730b581966385d98457453556a55f4fbd71f5638bcb3e5ee1dee23788,.cache/fundonet-ime/32634bb730b581966385d98457453556a55f4fbd71f5638bcb3e5ee1dee23788,Carteiras selecionadas,Ágis
35689601000138,Ágis,04/2026,Vencidos Total (R$ MM),121.92875667,R$ MM,Visão Executiva canônica; cache IME local 32634bb730b581966385d98457453556a55f4fbd71f5638bcb3e5ee1dee23788,.cache/fundonet-ime/32634bb730b581966385d98457453556a55f4fbd71f5638bcb3e5ee1dee23788,Carteiras selecionadas,Ágis
35689601000138,Ágis,03/2026,Vencidos Total (R$ MM),120.35571060000001,R$ MM,Visão Executiva canônica; cache IME local 32634bb730b581966385d98457453556a55f4fbd71f5638bcb3e5ee1dee23788,.cache/fundonet-ime/32634bb730b581966385d98457453556a55f4fbd71f5638bcb3e5ee1dee23788,Carteiras selecionadas,Ágis
35689601000138,Ágis,02/2026,Vencidos Total (R$ MM),110.24027831000001,R$ MM,Visão Executiva canônica; cache IME local 32634bb730b581966385d98457453556a55f4fbd71f5638bcb3e5ee1dee23788,.cache/fundonet-ime/32634bb730b581966385d98457453556a55f4fbd71f5638bcb3e5ee1dee23788,Carteiras selecionadas,Ágis
35689601000138,Ágis,01/2026,Vencidos Total (R$ MM),103.39233154,R$ MM,Visão Executiva canônica; cache IME local 32634bb730b581966385d98457453556a55f4fbd71f5638bcb3e5ee1dee23788,.cache/fundonet-ime/32634bb730b581966385d98457453556a55f4fbd71f5638bcb3e5ee1dee23788,Carteiras selecionadas,Ágis
35689601000138,Ágis,12/2025,Vencidos Total (R$ MM),99.68515093,R$ MM,Visão Executiva canônica; cache IME local 32634bb730b581966385d98457453556a55f4fbd71f5638bcb3e5ee1dee23788,.cache/fundonet-ime/32634bb730b581966385d98457453556a55f4fbd71f5638bcb3e5ee1dee23788,Carteiras selecionadas,Ágis
35689601000138,Ágis,11/2025,Vencidos Total (R$ MM),100.42128892,R$ MM,Visão Executiva canônica; cache IME local 32634bb730b581966385d98457453556a55f4fbd71f5638bcb3e5ee1dee23788,.cache/fundonet-ime/32634bb730b581966385d98457453556a55f4fbd71f5638bcb3e5ee1dee23788,Carteiras selecionadas,Ágis
35689601000138,Ágis,10/2025,Vencidos Total (R$ MM),87.20432555,R$ MM,Visão Executiva canônica; cache IME local 32634bb730b581966385d98457453556a55f4fbd71f5638bcb3e5ee1dee23788,.cache/fundonet-ime/32634bb730b581966385d98457453556a55f4fbd71f5638bcb3e5ee1dee23788,Carteiras selecionadas,Ágis
35689601000138,Ágis,09/2025,Vencidos Total (R$ MM),71.75429133,R$ MM,Visão Executiva canônica; cache IME local 32634bb730b581966385d98457453556a55f4fbd71f5638bcb3e5ee1dee23788,.cache/fundonet-ime/32634bb730b581966385d98457453556a55f4fbd71f5638bcb3e5ee1dee23788,Carteiras selecionadas,Ágis
35689601000138,Ágis,08/2025,Vencidos Total (R$ MM),51.626050840000005,R$ MM,Visão Executiva canônica; cache IME local 32634bb730b581966385d98457453556a55f4fbd71f5638bcb3e5ee1dee23788,.cache/fundonet-ime/32634bb730b581966385d98457453556a55f4fbd71f5638bcb3e5ee1dee23788,Carteiras selecionadas,Ágis
35689601000138,Ágis,07/2025,Vencidos Total (R$ MM),42.44219632,R$ MM,Visão Executiva canônica; cache IME local 32634bb730b581966385d98457453556a55f4fbd71f5638bcb3e5ee1dee23788,.cache/fundonet-ime/32634bb730b581966385d98457453556a55f4fbd71f5638bcb3e5ee1dee23788,Carteiras selecionadas,Ágis
35689601000138,Ágis,06/2025,Vencidos Total (R$ MM),91.02146523,R$ MM,Visão Executiva canônica; cache IME local 32634bb730b581966385d98457453556a55f4fbd71f5638bcb3e5ee1dee23788,.cache/fundonet-ime/32634bb730b581966385d98457453556a55f4fbd71f5638bcb3e5ee1dee23788,Carteiras selecionadas,Ágis
35689601000138,Ágis,05/2025,Vencidos Total (R$ MM),87.74519096,R$ MM,Visão Executiva canônica; cache IME local 32634bb730b581966385d98457453556a55f4fbd71f5638bcb3e5ee1dee23788,.cache/fundonet-ime/32634bb730b581966385d98457453556a55f4fbd71f5638bcb3e5ee1dee23788,Carteiras selecionadas,Ágis
35689601000138,Ágis,04/2025,Vencidos Total (R$ MM),70.89533617000001,R$ MM,Visão Executiva canônica; cache IME local 32634bb730b581966385d98457453556a55f4fbd71f5638bcb3e5ee1dee23788,.cache/fundonet-ime/32634bb730b581966385d98457453556a55f4fbd71f5638bcb3e5ee1dee23788,Carteiras selecionadas,Ágis
35689601000138,Ágis,03/2025,Vencidos Total (R$ MM),67.87578958,R$ MM,Visão Executiva canônica; cache IME local 32634bb730b581966385d98457453556a55f4fbd71f5638bcb3e5ee1dee23788,.cache/fundonet-ime/32634bb730b581966385d98457453556a55f4fbd71f5638bcb3e5ee1dee23788,Carteiras selecionadas,Ágis
35689601000138,Ágis,02/2025,Vencidos Total (R$ MM),47.71396313,R$ MM,Visão Executiva canônica; cache IME local 32634bb730b581966385d98457453556a55f4fbd71f5638bcb3e5ee1dee23788,.cache/fundonet-ime/32634bb730b581966385d98457453556a55f4fbd71f5638bcb3e5ee1dee23788,Carteiras selecionadas,Ágis
35689601000138,Ágis,01/2025,Vencidos Total (R$ MM),61.23314677999999,R$ MM,Visão Executiva canônica; cache IME local 32634bb730b581966385d98457453556a55f4fbd71f5638bcb3e5ee1dee23788,.cache/fundonet-ime/32634bb730b581966385d98457453556a55f4fbd71f5638bcb3e5ee1dee23788,Carteiras selecionadas,Ágis
35689601000138,Ágis,12/2024,Vencidos Total (R$ MM),62.77405734999999,R$ MM,Visão Executiva canônica; cache IME local 32634bb730b581966385d98457453556a55f4fbd71f5638bcb3e5ee1dee23788,.cache/fundonet-ime/32634bb730b581966385d98457453556a55f4fbd71f5638bcb3e5ee1dee23788,Carteiras selecionadas,Ágis
35689601000138,Ágis,11/2024,Vencidos Total (R$ MM),46.195155799999995,R$ MM,Visão Executiva canônica; cache IME local 32634bb730b581966385d98457453556a55f4fbd71f5638bcb3e5ee1dee23788,.cache/fundonet-ime/32634bb730b581966385d98457453556a55f4fbd71f5638bcb3e5ee1dee23788,Carteiras selecionadas,Ágis
35689601000138,Ágis,10/2024,Vencidos Total (R$ MM),50.1374785,R$ MM,Visão Executiva canônica; cache IME local 32634bb730b581966385d98457453556a55f4fbd71f5638bcb3e5ee1dee23788,.cache/fundonet-ime/32634bb730b581966385d98457453556a55f4fbd71f5638bcb3e5ee1dee23788,Carteiras selecionadas,Ágis
35689601000138,Ágis,09/2024,Vencidos Total (R$ MM),35.76704891,R$ MM,Visão Executiva canônica; cache IME local 32634bb730b581966385d98457453556a55f4fbd71f5638bcb3e5ee1dee23788,.cache/fundonet-ime/32634bb730b581966385d98457453556a55f4fbd71f5638bcb3e5ee1dee23788,Carteiras selecionadas,Ágis
35689601000138,Ágis,08/2024,Vencidos Total (R$ MM),35.90786337000001,R$ MM,Visão Executiva canônica; cache IME local 32634bb730b581966385d98457453556a55f4fbd71f5638bcb3e5ee1dee23788,.cache/fundonet-ime/32634bb730b581966385d98457453556a55f4fbd71f5638bcb3e5ee1dee23788,Carteiras selecionadas,Ágis
35689601000138,Ágis,07/2024,Vencidos Total (R$ MM),46.59900025,R$ MM,Visão Executiva canônica; cache IME local 32634bb730b581966385d98457453556a55f4fbd71f5638bcb3e5ee1dee23788,.cache/fundonet-ime/32634bb730b581966385d98457453556a55f4fbd71f5638bcb3e5ee1dee23788,Carteiras selecionadas,Ágis
35689601000138,Ágis,06/2026,Vencidos <= 90 d / Crédito,0.18039911670434736,ratio,Visão Executiva canônica; cache IME local 32634bb730b581966385d98457453556a55f4fbd71f5638bcb3e5ee1dee23788,.cache/fundonet-ime/32634bb730b581966385d98457453556a55f4fbd71f5638bcb3e5ee1dee23788,Carteiras selecionadas,Ágis
35689601000138,Ágis,05/2026,Vencidos <= 90 d / Crédito,0.1555625109472935,ratio,Visão Executiva canônica; cache IME local 32634bb730b581966385d98457453556a55f4fbd71f5638bcb3e5ee1dee23788,.cache/fundonet-ime/32634bb730b581966385d98457453556a55f4fbd71f5638bcb3e5ee1dee23788,Carteiras selecionadas,Ágis
35689601000138,Ágis,04/2026,Vencidos <= 90 d / Crédito,0.14302239144960266,ratio,Visão Executiva canônica; cache IME local 32634bb730b581966385d98457453556a55f4fbd71f5638bcb3e5ee1dee23788,.cache/fundonet-ime/32634bb730b581966385d98457453556a55f4fbd71f5638bcb3e5ee1dee23788,Carteiras selecionadas,Ágis
35689601000138,Ágis,03/2026,Vencidos <= 90 d / Crédito,0.1414778572626137,ratio,Visão Executiva canônica; cache IME local 32634bb730b581966385d98457453556a55f4fbd71f5638bcb3e5ee1dee23788,.cache/fundonet-ime/32634bb730b581966385d98457453556a55f4fbd71f5638bcb3e5ee1dee23788,Carteiras selecionadas,Ágis
35689601000138,Ágis,02/2026,Vencidos <= 90 d / Crédito,0.13085590715424264,ratio,Visão Executiva canônica; cache IME local 32634bb730b581966385d98457453556a55f4fbd71f5638bcb3e5ee1dee23788,.cache/fundonet-ime/32634bb730b581966385d98457453556a55f4fbd71f5638bcb3e5ee1dee23788,Carteiras selecionadas,Ágis
35689601000138,Ágis,01/2026,Vencidos <= 90 d / Crédito,0.12298737382000291,ratio,Visão Executiva canônica; cache IME local 32634bb730b581966385d98457453556a55f4fbd71f5638bcb3e5ee1dee23788,.cache/fundonet-ime/32634bb730b581966385d98457453556a55f4fbd71f5638bcb3e5ee1dee23788,Carteiras selecionadas,Ágis
35689601000138,Ágis,12/2025,Vencidos <= 90 d / Crédito,0.12022990669414206,ratio,Visão Executiva canônica; cache IME local 32634bb730b581966385d98457453556a55f4fbd71f5638bcb3e5ee1dee23788,.cache/fundonet-ime/32634bb730b581966385d98457453556a55f4fbd71f5638bcb3e5ee1dee23788,Carteiras selecionadas,Ágis
35689601000138,Ágis,11/2025,Vencidos <= 90 d / Crédito,0.1268974637294722,ratio,Visão Executiva canônica; cache IME local 32634bb730b581966385d98457453556a55f4fbd71f5638bcb3e5ee1dee23788,.cache/fundonet-ime/32634bb730b581966385d98457453556a55f4fbd71f5638bcb3e5ee1dee23788,Carteiras selecionadas,Ágis
35689601000138,Ágis,10/2025,Vencidos <= 90 d / Crédito,0.11491982642105454,ratio,Visão Executiva canônica; cache IME local 32634bb730b581966385d98457453556a55f4fbd71f5638bcb3e5ee1dee23788,.cache/fundonet-ime/32634bb730b581966385d98457453556a55f4fbd71f5638bcb3e5ee1dee23788,Carteiras selecionadas,Ágis
35689601000138,Ágis,09/2025,Vencidos <= 90 d / Crédito,0.09375176997561988,ratio,Visão Executiva canônica; cache IME local 32634bb730b581966385d98457453556a55f4fbd71f5638bcb3e5ee1dee23788,.cache/fundonet-ime/32634bb730b581966385d98457453556a55f4fbd71f5638bcb3e5ee1dee23788,Carteiras selecionadas,Ágis
35689601000138,Ágis,08/2025,Vencidos <= 90 d / Crédito,0.06434716688273247,ratio,Visão Executiva canônica; cache IME local 32634bb730b581966385d98457453556a55f4fbd71f5638bcb3e5ee1dee23788,.cache/fundonet-ime/32634bb730b581966385d98457453556a55f4fbd71f5638bcb3e5ee1dee23788,Carteiras selecionadas,Ágis
35689601000138,Ágis,07/2025,Vencidos <= 90 d / Crédito,0.0590491894439034,ratio,Visão Executiva canônica; cache IME local 32634bb730b581966385d98457453556a55f4fbd71f5638bcb3e5ee1dee23788,.cache/fundonet-ime/32634bb730b581966385d98457453556a55f4fbd71f5638bcb3e5ee1dee23788,Carteiras selecionadas,Ágis
35689601000138,Ágis,06/2025,Vencidos <= 90 d / Crédito,0.1653671158768293,ratio,Visão Executiva canônica; cache IME local 32634bb730b581966385d98457453556a55f4fbd71f5638bcb3e5ee1dee23788,.cache/fundonet-ime/32634bb730b581966385d98457453556a55f4fbd71f5638bcb3e5ee1dee23788,Carteiras selecionadas,Ágis
35689601000138,Ágis,05/2025,Vencidos <= 90 d / Crédito,0.15033733525210322,ratio,Visão Executiva canônica; cache IME local 32634bb730b581966385d98457453556a55f4fbd71f5638bcb3e5ee1dee23788,.cache/fundonet-ime/32634bb730b581966385d98457453556a55f4fbd71f5638bcb3e5ee1dee23788,Carteiras selecionadas,Ágis
35689601000138,Ágis,04/2025,Vencidos <= 90 d / Crédito,0.12049398260763029,ratio,Visão Executiva canônica; cache IME local 32634bb730b581966385d98457453556a55f4fbd71f5638bcb3e5ee1dee23788,.cache/fundonet-ime/32634bb730b581966385d98457453556a55f4fbd71f5638bcb3e5ee1dee23788,Carteiras selecionadas,Ágis
35689601000138,Ágis,03/2025,Vencidos <= 90 d / Crédito,0.12444592841257882,ratio,Visão Executiva canônica; cache IME local 32634bb730b581966385d98457453556a55f4fbd71f5638bcb3e5ee1dee23788,.cache/fundonet-ime/32634bb730b581966385d98457453556a55f4fbd71f5638bcb3e5ee1dee23788,Carteiras selecionadas,Ágis
35689601000138,Ágis,02/2025,Vencidos <= 90 d / Crédito,0.07047729818983892,ratio,Visão Executiva canônica; cache IME local 32634bb730b581966385d98457453556a55f4fbd71f5638bcb3e5ee1dee23788,.cache/fundonet-ime/32634bb730b581966385d98457453556a55f4fbd71f5638bcb3e5ee1dee23788,Carteiras selecionadas,Ágis
35689601000138,Ágis,01/2025,Vencidos <= 90 d / Crédito,0.1028144358218558,ratio,Visão Executiva canônica; cache IME local 32634bb730b581966385d98457453556a55f4fbd71f5638bcb3e5ee1dee23788,.cache/fundonet-ime/32634bb730b581966385d98457453556a55f4fbd71f5638bcb3e5ee1dee23788,Carteiras selecionadas,Ágis
35689601000138,Ágis,12/2024,Vencidos <= 90 d / Crédito,0.11054566629212623,ratio,Visão Executiva canônica; cache IME local 32634bb730b581966385d98457453556a55f4fbd71f5638bcb3e5ee1dee23788,.cache/fundonet-ime/32634bb730b581966385d98457453556a55f4fbd71f5638bcb3e5ee1dee23788,Carteiras selecionadas,Ágis
35689601000138,Ágis,11/2024,Vencidos <= 90 d / Crédito,0.07472231203845028,ratio,Visão Executiva canônica; cache IME local 32634bb730b581966385d98457453556a55f4fbd71f5638bcb3e5ee1dee23788,.cache/fundonet-ime/32634bb730b581966385d98457453556a55f4fbd71f5638bcb3e5ee1dee23788,Carteiras selecionadas,Ágis
35689601000138,Ágis,10/2024,Vencidos <= 90 d / Crédito,0.08279407964779036,ratio,Visão Executiva canônica; cache IME local 32634bb730b581966385d98457453556a55f4fbd71f5638bcb3e5ee1dee23788,.cache/fundonet-ime/32634bb730b581966385d98457453556a55f4fbd71f5638bcb3e5ee1dee23788,Carteiras selecionadas,Ágis
35689601000138,Ágis,09/2024,Vencidos <= 90 d / Crédito,0.0940249917232894,ratio,Visão Executiva canônica; cache IME local 32634bb730b581966385d98457453556a55f4fbd71f5638bcb3e5ee1dee23788,.cache/fundonet-ime/32634bb730b581966385d98457453556a55f4fbd71f5638bcb3e5ee1dee23788,Carteiras selecionadas,Ágis
35689601000138,Ágis,08/2024,Vencidos <= 90 d / Crédito,0.09951595601221887,ratio,Visão Executiva canônica; cache IME local 32634bb730b581966385d98457453556a55f4fbd71f5638bcb3e5ee1dee23788,.cache/fundonet-ime/32634bb730b581966385d98457453556a55f4fbd71f5638bcb3e5ee1dee23788,Carteiras selecionadas,Ágis
35689601000138,Ágis,07/2024,Vencidos <= 90 d / Crédito,0.14436468508644515,ratio,Visão Executiva canônica; cache IME local 32634bb730b581966385d98457453556a55f4fbd71f5638bcb3e5ee1dee23788,.cache/fundonet-ime/32634bb730b581966385d98457453556a55f4fbd71f5638bcb3e5ee1dee23788,Carteiras selecionadas,Ágis
35689601000138,Ágis,06/2026,Vencidos > 90 d / Crédito,0.06572482995994004,ratio,Visão Executiva canônica; cache IME local 32634bb730b581966385d98457453556a55f4fbd71f5638bcb3e5ee1dee23788,.cache/fundonet-ime/32634bb730b581966385d98457453556a55f4fbd71f5638bcb3e5ee1dee23788,Carteiras selecionadas,Ágis
35689601000138,Ágis,05/2026,Vencidos > 90 d / Crédito,0.06693376032127903,ratio,Visão Executiva canônica; cache IME local 32634bb730b581966385d98457453556a55f4fbd71f5638bcb3e5ee1dee23788,.cache/fundonet-ime/32634bb730b581966385d98457453556a55f4fbd71f5638bcb3e5ee1dee23788,Carteiras selecionadas,Ágis
35689601000138,Ágis,04/2026,Vencidos > 90 d / Crédito,0.07157674907380374,ratio,Visão Executiva canônica; cache IME local 32634bb730b581966385d98457453556a55f4fbd71f5638bcb3e5ee1dee23788,.cache/fundonet-ime/32634bb730b581966385d98457453556a55f4fbd71f5638bcb3e5ee1dee23788,Carteiras selecionadas,Ágis
35689601000138,Ágis,03/2026,Vencidos > 90 d / Crédito,0.0724305919171841,ratio,Visão Executiva canônica; cache IME local 32634bb730b581966385d98457453556a55f4fbd71f5638bcb3e5ee1dee23788,.cache/fundonet-ime/32634bb730b581966385d98457453556a55f4fbd71f5638bcb3e5ee1dee23788,Carteiras selecionadas,Ágis
35689601000138,Ágis,02/2026,Vencidos > 90 d / Crédito,0.07265644147165926,ratio,Visão Executiva canônica; cache IME local 32634bb730b581966385d98457453556a55f4fbd71f5638bcb3e5ee1dee23788,.cache/fundonet-ime/32634bb730b581966385d98457453556a55f4fbd71f5638bcb3e5ee1dee23788,Carteiras selecionadas,Ágis
35689601000138,Ágis,01/2026,Vencidos > 90 d / Crédito,0.06742543175432655,ratio,Visão Executiva canônica; cache IME local 32634bb730b581966385d98457453556a55f4fbd71f5638bcb3e5ee1dee23788,.cache/fundonet-ime/32634bb730b581966385d98457453556a55f4fbd71f5638bcb3e5ee1dee23788,Carteiras selecionadas,Ágis
35689601000138,Ágis,12/2025,Vencidos > 90 d / Crédito,0.06372846295631258,ratio,Visão Executiva canônica; cache IME local 32634bb730b581966385d98457453556a55f4fbd71f5638bcb3e5ee1dee23788,.cache/fundonet-ime/32634bb730b581966385d98457453556a55f4fbd71f5638bcb3e5ee1dee23788,Carteiras selecionadas,Ágis
35689601000138,Ágis,11/2025,Vencidos > 90 d / Crédito,0.06088661077856814,ratio,Visão Executiva canônica; cache IME local 32634bb730b581966385d98457453556a55f4fbd71f5638bcb3e5ee1dee23788,.cache/fundonet-ime/32634bb730b581966385d98457453556a55f4fbd71f5638bcb3e5ee1dee23788,Carteiras selecionadas,Ágis
35689601000138,Ágis,10/2025,Vencidos > 90 d / Crédito,0.049697261724433395,ratio,Visão Executiva canônica; cache IME local 32634bb730b581966385d98457453556a55f4fbd71f5638bcb3e5ee1dee23788,.cache/fundonet-ime/32634bb730b581966385d98457453556a55f4fbd71f5638bcb3e5ee1dee23788,Carteiras selecionadas,Ágis
35689601000138,Ágis,09/2025,Vencidos > 90 d / Crédito,0.044386092357663755,ratio,Visão Executiva canônica; cache IME local 32634bb730b581966385d98457453556a55f4fbd71f5638bcb3e5ee1dee23788,.cache/fundonet-ime/32634bb730b581966385d98457453556a55f4fbd71f5638bcb3e5ee1dee23788,Carteiras selecionadas,Ágis
35689601000138,Ágis,08/2025,Vencidos > 90 d / Crédito,0.037622427021644526,ratio,Visão Executiva canônica; cache IME local 32634bb730b581966385d98457453556a55f4fbd71f5638bcb3e5ee1dee23788,.cache/fundonet-ime/32634bb730b581966385d98457453556a55f4fbd71f5638bcb3e5ee1dee23788,Carteiras selecionadas,Ágis
35689601000138,Ágis,07/2025,Vencidos > 90 d / Crédito,0.035919874702424956,ratio,Visão Executiva canônica; cache IME local 32634bb730b581966385d98457453556a55f4fbd71f5638bcb3e5ee1dee23788,.cache/fundonet-ime/32634bb730b581966385d98457453556a55f4fbd71f5638bcb3e5ee1dee23788,Carteiras selecionadas,Ágis
35689601000138,Ágis,06/2025,Vencidos > 90 d / Crédito,0.034342704742287254,ratio,Visão Executiva canônica; cache IME local 32634bb730b581966385d98457453556a55f4fbd71f5638bcb3e5ee1dee23788,.cache/fundonet-ime/32634bb730b581966385d98457453556a55f4fbd71f5638bcb3e5ee1dee23788,Carteiras selecionadas,Ágis
35689601000138,Ágis,05/2025,Vencidos > 90 d / Crédito,0.03636012077808136,ratio,Visão Executiva canônica; cache IME local 32634bb730b581966385d98457453556a55f4fbd71f5638bcb3e5ee1dee23788,.cache/fundonet-ime/32634bb730b581966385d98457453556a55f4fbd71f5638bcb3e5ee1dee23788,Carteiras selecionadas,Ágis
35689601000138,Ágis,04/2025,Vencidos > 90 d / Crédito,0.032607586377725775,ratio,Visão Executiva canônica; cache IME local 32634bb730b581966385d98457453556a55f4fbd71f5638bcb3e5ee1dee23788,.cache/fundonet-ime/32634bb730b581966385d98457453556a55f4fbd71f5638bcb3e5ee1dee23788,Carteiras selecionadas,Ágis
35689601000138,Ágis,03/2025,Vencidos > 90 d / Crédito,0.021389273098534903,ratio,Visão Executiva canônica; cache IME local 32634bb730b581966385d98457453556a55f4fbd71f5638bcb3e5ee1dee23788,.cache/fundonet-ime/32634bb730b581966385d98457453556a55f4fbd71f5638bcb3e5ee1dee23788,Carteiras selecionadas,Ágis
35689601000138,Ágis,02/2025,Vencidos > 90 d / Crédito,0.03413876518851195,ratio,Visão Executiva canônica; cache IME local 32634bb730b581966385d98457453556a55f4fbd71f5638bcb3e5ee1dee23788,.cache/fundonet-ime/32634bb730b581966385d98457453556a55f4fbd71f5638bcb3e5ee1dee23788,Carteiras selecionadas,Ágis
35689601000138,Ágis,01/2025,Vencidos > 90 d / Crédito,0.02981710145451213,ratio,Visão Executiva canônica; cache IME local 32634bb730b581966385d98457453556a55f4fbd71f5638bcb3e5ee1dee23788,.cache/fundonet-ime/32634bb730b581966385d98457453556a55f4fbd71f5638bcb3e5ee1dee23788,Carteiras selecionadas,Ágis
35689601000138,Ágis,12/2024,Vencidos > 90 d / Crédito,0.02766410616912026,ratio,Visão Executiva canônica; cache IME local 32634bb730b581966385d98457453556a55f4fbd71f5638bcb3e5ee1dee23788,.cache/fundonet-ime/32634bb730b581966385d98457453556a55f4fbd71f5638bcb3e5ee1dee23788,Carteiras selecionadas,Ágis
35689601000138,Ágis,11/2024,Vencidos > 90 d / Crédito,0.027830080043454913,ratio,Visão Executiva canônica; cache IME local 32634bb730b581966385d98457453556a55f4fbd71f5638bcb3e5ee1dee23788,.cache/fundonet-ime/32634bb730b581966385d98457453556a55f4fbd71f5638bcb3e5ee1dee23788,Carteiras selecionadas,Ágis
35689601000138,Ágis,10/2024,Vencidos > 90 d / Crédito,0.026937104044148587,ratio,Visão Executiva canônica; cache IME local 32634bb730b581966385d98457453556a55f4fbd71f5638bcb3e5ee1dee23788,.cache/fundonet-ime/32634bb730b581966385d98457453556a55f4fbd71f5638bcb3e5ee1dee23788,Carteiras selecionadas,Ágis
35689601000138,Ágis,09/2024,Vencidos > 90 d / Crédito,0.016624058529093034,ratio,Visão Executiva canônica; cache IME local 32634bb730b581966385d98457453556a55f4fbd71f5638bcb3e5ee1dee23788,.cache/fundonet-ime/32634bb730b581966385d98457453556a55f4fbd71f5638bcb3e5ee1dee23788,Carteiras selecionadas,Ágis
35689601000138,Ágis,08/2024,Vencidos > 90 d / Crédito,0.01250624051613755,ratio,Visão Executiva canônica; cache IME local 32634bb730b581966385d98457453556a55f4fbd71f5638bcb3e5ee1dee23788,.cache/fundonet-ime/32634bb730b581966385d98457453556a55f4fbd71f5638bcb3e5ee1dee23788,Carteiras selecionadas,Ágis
35689601000138,Ágis,07/2024,Vencidos > 90 d / Crédito,0.0012715656025996576,ratio,Visão Executiva canônica; cache IME local 32634bb730b581966385d98457453556a55f4fbd71f5638bcb3e5ee1dee23788,.cache/fundonet-ime/32634bb730b581966385d98457453556a55f4fbd71f5638bcb3e5ee1dee23788,Carteiras selecionadas,Ágis
35689601000138,Ágis,06/2026,Vencidos Total / Crédito,0.24612394666428739,ratio,Visão Executiva canônica; cache IME local 32634bb730b581966385d98457453556a55f4fbd71f5638bcb3e5ee1dee23788,.cache/fundonet-ime/32634bb730b581966385d98457453556a55f4fbd71f5638bcb3e5ee1dee23788,Carteiras selecionadas,Ágis
35689601000138,Ágis,05/2026,Vencidos Total / Crédito,0.22249627126857252,ratio,Visão Executiva canônica; cache IME local 32634bb730b581966385d98457453556a55f4fbd71f5638bcb3e5ee1dee23788,.cache/fundonet-ime/32634bb730b581966385d98457453556a55f4fbd71f5638bcb3e5ee1dee23788,Carteiras selecionadas,Ágis
35689601000138,Ágis,04/2026,Vencidos Total / Crédito,0.21459914052340637,ratio,Visão Executiva canônica; cache IME local 32634bb730b581966385d98457453556a55f4fbd71f5638bcb3e5ee1dee23788,.cache/fundonet-ime/32634bb730b581966385d98457453556a55f4fbd71f5638bcb3e5ee1dee23788,Carteiras selecionadas,Ágis
35689601000138,Ágis,03/2026,Vencidos Total / Crédito,0.21390844917979776,ratio,Visão Executiva canônica; cache IME local 32634bb730b581966385d98457453556a55f4fbd71f5638bcb3e5ee1dee23788,.cache/fundonet-ime/32634bb730b581966385d98457453556a55f4fbd71f5638bcb3e5ee1dee23788,Carteiras selecionadas,Ágis
35689601000138,Ágis,02/2026,Vencidos Total / Crédito,0.20351234862590187,ratio,Visão Executiva canônica; cache IME local 32634bb730b581966385d98457453556a55f4fbd71f5638bcb3e5ee1dee23788,.cache/fundonet-ime/32634bb730b581966385d98457453556a55f4fbd71f5638bcb3e5ee1dee23788,Carteiras selecionadas,Ágis
35689601000138,Ágis,01/2026,Vencidos Total / Crédito,0.19041280557432946,ratio,Visão Executiva canônica; cache IME local 32634bb730b581966385d98457453556a55f4fbd71f5638bcb3e5ee1dee23788,.cache/fundonet-ime/32634bb730b581966385d98457453556a55f4fbd71f5638bcb3e5ee1dee23788,Carteiras selecionadas,Ágis
35689601000138,Ágis,12/2025,Vencidos Total / Crédito,0.18395836965045465,ratio,Visão Executiva canônica; cache IME local 32634bb730b581966385d98457453556a55f4fbd71f5638bcb3e5ee1dee23788,.cache/fundonet-ime/32634bb730b581966385d98457453556a55f4fbd71f5638bcb3e5ee1dee23788,Carteiras selecionadas,Ágis
35689601000138,Ágis,11/2025,Vencidos Total / Crédito,0.1877840745080403,ratio,Visão Executiva canônica; cache IME local 32634bb730b581966385d98457453556a55f4fbd71f5638bcb3e5ee1dee23788,.cache/fundonet-ime/32634bb730b581966385d98457453556a55f4fbd71f5638bcb3e5ee1dee23788,Carteiras selecionadas,Ágis
35689601000138,Ágis,10/2025,Vencidos Total / Crédito,0.16461708814548795,ratio,Visão Executiva canônica; cache IME local 32634bb730b581966385d98457453556a55f4fbd71f5638bcb3e5ee1dee23788,.cache/fundonet-ime/32634bb730b581966385d98457453556a55f4fbd71f5638bcb3e5ee1dee23788,Carteiras selecionadas,Ágis
35689601000138,Ágis,09/2025,Vencidos Total / Crédito,0.13813786233328362,ratio,Visão Executiva canônica; cache IME local 32634bb730b581966385d98457453556a55f4fbd71f5638bcb3e5ee1dee23788,.cache/fundonet-ime/32634bb730b581966385d98457453556a55f4fbd71f5638bcb3e5ee1dee23788,Carteiras selecionadas,Ágis
35689601000138,Ágis,08/2025,Vencidos Total / Crédito,0.10196959390437699,ratio,Visão Executiva canônica; cache IME local 32634bb730b581966385d98457453556a55f4fbd71f5638bcb3e5ee1dee23788,.cache/fundonet-ime/32634bb730b581966385d98457453556a55f4fbd71f5638bcb3e5ee1dee23788,Carteiras selecionadas,Ágis
35689601000138,Ágis,07/2025,Vencidos Total / Crédito,0.09496906414632836,ratio,Visão Executiva canônica; cache IME local 32634bb730b581966385d98457453556a55f4fbd71f5638bcb3e5ee1dee23788,.cache/fundonet-ime/32634bb730b581966385d98457453556a55f4fbd71f5638bcb3e5ee1dee23788,Carteiras selecionadas,Ágis
35689601000138,Ágis,06/2025,Vencidos Total / Crédito,0.19970982061911657,ratio,Visão Executiva canônica; cache IME local 32634bb730b581966385d98457453556a55f4fbd71f5638bcb3e5ee1dee23788,.cache/fundonet-ime/32634bb730b581966385d98457453556a55f4fbd71f5638bcb3e5ee1dee23788,Carteiras selecionadas,Ágis
35689601000138,Ágis,05/2025,Vencidos Total / Crédito,0.18669745603018456,ratio,Visão Executiva canônica; cache IME local 32634bb730b581966385d98457453556a55f4fbd71f5638bcb3e5ee1dee23788,.cache/fundonet-ime/32634bb730b581966385d98457453556a55f4fbd71f5638bcb3e5ee1dee23788,Carteiras selecionadas,Ágis
35689601000138,Ágis,04/2025,Vencidos Total / Crédito,0.15310156898535607,ratio,Visão Executiva canônica; cache IME local 32634bb730b581966385d98457453556a55f4fbd71f5638bcb3e5ee1dee23788,.cache/fundonet-ime/32634bb730b581966385d98457453556a55f4fbd71f5638bcb3e5ee1dee23788,Carteiras selecionadas,Ágis
35689601000138,Ágis,03/2025,Vencidos Total / Crédito,0.14583520151111373,ratio,Visão Executiva canônica; cache IME local 32634bb730b581966385d98457453556a55f4fbd71f5638bcb3e5ee1dee23788,.cache/fundonet-ime/32634bb730b581966385d98457453556a55f4fbd71f5638bcb3e5ee1dee23788,Carteiras selecionadas,Ágis
35689601000138,Ágis,02/2025,Vencidos Total / Crédito,0.10461606337835087,ratio,Visão Executiva canônica; cache IME local 32634bb730b581966385d98457453556a55f4fbd71f5638bcb3e5ee1dee23788,.cache/fundonet-ime/32634bb730b581966385d98457453556a55f4fbd71f5638bcb3e5ee1dee23788,Carteiras selecionadas,Ágis
35689601000138,Ágis,01/2025,Vencidos Total / Crédito,0.13263153727636795,ratio,Visão Executiva canônica; cache IME local 32634bb730b581966385d98457453556a55f4fbd71f5638bcb3e5ee1dee23788,.cache/fundonet-ime/32634bb730b581966385d98457453556a55f4fbd71f5638bcb3e5ee1dee23788,Carteiras selecionadas,Ágis
35689601000138,Ágis,12/2024,Vencidos Total / Crédito,0.1382097724612465,ratio,Visão Executiva canônica; cache IME local 32634bb730b581966385d98457453556a55f4fbd71f5638bcb3e5ee1dee23788,.cache/fundonet-ime/32634bb730b581966385d98457453556a55f4fbd71f5638bcb3e5ee1dee23788,Carteiras selecionadas,Ágis
35689601000138,Ágis,11/2024,Vencidos Total / Crédito,0.1025523920819052,ratio,Visão Executiva canônica; cache IME local 32634bb730b581966385d98457453556a55f4fbd71f5638bcb3e5ee1dee23788,.cache/fundonet-ime/32634bb730b581966385d98457453556a55f4fbd71f5638bcb3e5ee1dee23788,Carteiras selecionadas,Ágis
35689601000138,Ágis,10/2024,Vencidos Total / Crédito,0.10973118369193895,ratio,Visão Executiva canônica; cache IME local 32634bb730b581966385d98457453556a55f4fbd71f5638bcb3e5ee1dee23788,.cache/fundonet-ime/32634bb730b581966385d98457453556a55f4fbd71f5638bcb3e5ee1dee23788,Carteiras selecionadas,Ágis
35689601000138,Ágis,09/2024,Vencidos Total / Crédito,0.11064905025238245,ratio,Visão Executiva canônica; cache IME local 32634bb730b581966385d98457453556a55f4fbd71f5638bcb3e5ee1dee23788,.cache/fundonet-ime/32634bb730b581966385d98457453556a55f4fbd71f5638bcb3e5ee1dee23788,Carteiras selecionadas,Ágis
35689601000138,Ágis,08/2024,Vencidos Total / Crédito,0.11202219652835642,ratio,Visão Executiva canônica; cache IME local 32634bb730b581966385d98457453556a55f4fbd71f5638bcb3e5ee1dee23788,.cache/fundonet-ime/32634bb730b581966385d98457453556a55f4fbd71f5638bcb3e5ee1dee23788,Carteiras selecionadas,Ágis
35689601000138,Ágis,07/2024,Vencidos Total / Crédito,0.1456362506890448,ratio,Visão Executiva canônica; cache IME local 32634bb730b581966385d98457453556a55f4fbd71f5638bcb3e5ee1dee23788,.cache/fundonet-ime/32634bb730b581966385d98457453556a55f4fbd71f5638bcb3e5ee1dee23788,Carteiras selecionadas,Ágis
35689601000138,Ágis,06/2026,Vencidos Over 30 d (R$ MM),95.91616112999999,R$ MM,Visão Executiva canônica; cache IME local 32634bb730b581966385d98457453556a55f4fbd71f5638bcb3e5ee1dee23788,.cache/fundonet-ime/32634bb730b581966385d98457453556a55f4fbd71f5638bcb3e5ee1dee23788,Carteiras selecionadas,Ágis
35689601000138,Ágis,05/2026,Vencidos Over 30 d (R$ MM),78.61686202000001,R$ MM,Visão Executiva canônica; cache IME local 32634bb730b581966385d98457453556a55f4fbd71f5638bcb3e5ee1dee23788,.cache/fundonet-ime/32634bb730b581966385d98457453556a55f4fbd71f5638bcb3e5ee1dee23788,Carteiras selecionadas,Ágis
35689601000138,Ágis,04/2026,Vencidos Over 30 d (R$ MM),74.26894206,R$ MM,Visão Executiva canônica; cache IME local 32634bb730b581966385d98457453556a55f4fbd71f5638bcb3e5ee1dee23788,.cache/fundonet-ime/32634bb730b581966385d98457453556a55f4fbd71f5638bcb3e5ee1dee23788,Carteiras selecionadas,Ágis
35689601000138,Ágis,03/2026,Vencidos Over 30 d (R$ MM),88.79042215000001,R$ MM,Visão Executiva canônica; cache IME local 32634bb730b581966385d98457453556a55f4fbd71f5638bcb3e5ee1dee23788,.cache/fundonet-ime/32634bb730b581966385d98457453556a55f4fbd71f5638bcb3e5ee1dee23788,Carteiras selecionadas,Ágis
35689601000138,Ágis,02/2026,Vencidos Over 30 d (R$ MM),52.6156761,R$ MM,Visão Executiva canônica; cache IME local 32634bb730b581966385d98457453556a55f4fbd71f5638bcb3e5ee1dee23788,.cache/fundonet-ime/32634bb730b581966385d98457453556a55f4fbd71f5638bcb3e5ee1dee23788,Carteiras selecionadas,Ágis
35689601000138,Ágis,01/2026,Vencidos Over 30 d (R$ MM),72.06155863,R$ MM,Visão Executiva canônica; cache IME local 32634bb730b581966385d98457453556a55f4fbd71f5638bcb3e5ee1dee23788,.cache/fundonet-ime/32634bb730b581966385d98457453556a55f4fbd71f5638bcb3e5ee1dee23788,Carteiras selecionadas,Ágis
35689601000138,Ágis,12/2025,Vencidos Over 30 d (R$ MM),51.12436211,R$ MM,Visão Executiva canônica; cache IME local 32634bb730b581966385d98457453556a55f4fbd71f5638bcb3e5ee1dee23788,.cache/fundonet-ime/32634bb730b581966385d98457453556a55f4fbd71f5638bcb3e5ee1dee23788,Carteiras selecionadas,Ágis
35689601000138,Ágis,11/2025,Vencidos Over 30 d (R$ MM),56.66105749,R$ MM,Visão Executiva canônica; cache IME local 32634bb730b581966385d98457453556a55f4fbd71f5638bcb3e5ee1dee23788,.cache/fundonet-ime/32634bb730b581966385d98457453556a55f4fbd71f5638bcb3e5ee1dee23788,Carteiras selecionadas,Ágis
35689601000138,Ágis,10/2025,Vencidos Over 30 d (R$ MM),51.38046851000001,R$ MM,Visão Executiva canônica; cache IME local 32634bb730b581966385d98457453556a55f4fbd71f5638bcb3e5ee1dee23788,.cache/fundonet-ime/32634bb730b581966385d98457453556a55f4fbd71f5638bcb3e5ee1dee23788,Carteiras selecionadas,Ágis
35689601000138,Ágis,09/2025,Vencidos Over 30 d (R$ MM),44.04385522,R$ MM,Visão Executiva canônica; cache IME local 32634bb730b581966385d98457453556a55f4fbd71f5638bcb3e5ee1dee23788,.cache/fundonet-ime/32634bb730b581966385d98457453556a55f4fbd71f5638bcb3e5ee1dee23788,Carteiras selecionadas,Ágis
35689601000138,Ágis,08/2025,Vencidos Over 30 d (R$ MM),30.15337381,R$ MM,Visão Executiva canônica; cache IME local 32634bb730b581966385d98457453556a55f4fbd71f5638bcb3e5ee1dee23788,.cache/fundonet-ime/32634bb730b581966385d98457453556a55f4fbd71f5638bcb3e5ee1dee23788,Carteiras selecionadas,Ágis
35689601000138,Ágis,07/2025,Vencidos Over 30 d (R$ MM),25.92010586,R$ MM,Visão Executiva canônica; cache IME local 32634bb730b581966385d98457453556a55f4fbd71f5638bcb3e5ee1dee23788,.cache/fundonet-ime/32634bb730b581966385d98457453556a55f4fbd71f5638bcb3e5ee1dee23788,Carteiras selecionadas,Ágis
35689601000138,Ágis,06/2025,Vencidos Over 30 d (R$ MM),41.220099039999994,R$ MM,Visão Executiva canônica; cache IME local 32634bb730b581966385d98457453556a55f4fbd71f5638bcb3e5ee1dee23788,.cache/fundonet-ime/32634bb730b581966385d98457453556a55f4fbd71f5638bcb3e5ee1dee23788,Carteiras selecionadas,Ágis
35689601000138,Ágis,05/2025,Vencidos Over 30 d (R$ MM),39.11274115,R$ MM,Visão Executiva canônica; cache IME local 32634bb730b581966385d98457453556a55f4fbd71f5638bcb3e5ee1dee23788,.cache/fundonet-ime/32634bb730b581966385d98457453556a55f4fbd71f5638bcb3e5ee1dee23788,Carteiras selecionadas,Ágis
35689601000138,Ágis,04/2025,Vencidos Over 30 d (R$ MM),24.957176760000003,R$ MM,Visão Executiva canônica; cache IME local 32634bb730b581966385d98457453556a55f4fbd71f5638bcb3e5ee1dee23788,.cache/fundonet-ime/32634bb730b581966385d98457453556a55f4fbd71f5638bcb3e5ee1dee23788,Carteiras selecionadas,Ágis
35689601000138,Ágis,03/2025,Vencidos Over 30 d (R$ MM),33.87114006,R$ MM,Visão Executiva canônica; cache IME local 32634bb730b581966385d98457453556a55f4fbd71f5638bcb3e5ee1dee23788,.cache/fundonet-ime/32634bb730b581966385d98457453556a55f4fbd71f5638bcb3e5ee1dee23788,Carteiras selecionadas,Ágis
35689601000138,Ágis,02/2025,Vencidos Over 30 d (R$ MM),26.694768800000002,R$ MM,Visão Executiva canônica; cache IME local 32634bb730b581966385d98457453556a55f4fbd71f5638bcb3e5ee1dee23788,.cache/fundonet-ime/32634bb730b581966385d98457453556a55f4fbd71f5638bcb3e5ee1dee23788,Carteiras selecionadas,Ágis
35689601000138,Ágis,01/2025,Vencidos Over 30 d (R$ MM),27.32154705,R$ MM,Visão Executiva canônica; cache IME local 32634bb730b581966385d98457453556a55f4fbd71f5638bcb3e5ee1dee23788,.cache/fundonet-ime/32634bb730b581966385d98457453556a55f4fbd71f5638bcb3e5ee1dee23788,Carteiras selecionadas,Ágis
35689601000138,Ágis,12/2024,Vencidos Over 30 d (R$ MM),24.57018039,R$ MM,Visão Executiva canônica; cache IME local 32634bb730b581966385d98457453556a55f4fbd71f5638bcb3e5ee1dee23788,.cache/fundonet-ime/32634bb730b581966385d98457453556a55f4fbd71f5638bcb3e5ee1dee23788,Carteiras selecionadas,Ágis
35689601000138,Ágis,11/2024,Vencidos Over 30 d (R$ MM),22.413463900000004,R$ MM,Visão Executiva canônica; cache IME local 32634bb730b581966385d98457453556a55f4fbd71f5638bcb3e5ee1dee23788,.cache/fundonet-ime/32634bb730b581966385d98457453556a55f4fbd71f5638bcb3e5ee1dee23788,Carteiras selecionadas,Ágis
35689601000138,Ágis,10/2024,Vencidos Over 30 d (R$ MM),19.620189,R$ MM,Visão Executiva canônica; cache IME local 32634bb730b581966385d98457453556a55f4fbd71f5638bcb3e5ee1dee23788,.cache/fundonet-ime/32634bb730b581966385d98457453556a55f4fbd71f5638bcb3e5ee1dee23788,Carteiras selecionadas,Ágis
35689601000138,Ágis,09/2024,Vencidos Over 30 d (R$ MM),17.399487649999998,R$ MM,Visão Executiva canônica; cache IME local 32634bb730b581966385d98457453556a55f4fbd71f5638bcb3e5ee1dee23788,.cache/fundonet-ime/32634bb730b581966385d98457453556a55f4fbd71f5638bcb3e5ee1dee23788,Carteiras selecionadas,Ágis
35689601000138,Ágis,08/2024,Vencidos Over 30 d (R$ MM),17.30950097,R$ MM,Visão Executiva canônica; cache IME local 32634bb730b581966385d98457453556a55f4fbd71f5638bcb3e5ee1dee23788,.cache/fundonet-ime/32634bb730b581966385d98457453556a55f4fbd71f5638bcb3e5ee1dee23788,Carteiras selecionadas,Ágis
35689601000138,Ágis,07/2024,Vencidos Over 30 d (R$ MM),13.88185297,R$ MM,Visão Executiva canônica; cache IME local 32634bb730b581966385d98457453556a55f4fbd71f5638bcb3e5ee1dee23788,.cache/fundonet-ime/32634bb730b581966385d98457453556a55f4fbd71f5638bcb3e5ee1dee23788,Carteiras selecionadas,Ágis
35689601000138,Ágis,06/2026,Vencidos Over 30 d / Crédito,0.16630389547370855,ratio,Visão Executiva canônica; cache IME local 32634bb730b581966385d98457453556a55f4fbd71f5638bcb3e5ee1dee23788,.cache/fundonet-ime/32634bb730b581966385d98457453556a55f4fbd71f5638bcb3e5ee1dee23788,Carteiras selecionadas,Ágis
35689601000138,Ágis,05/2026,Vencidos Over 30 d / Crédito,0.1372530843811168,ratio,Visão Executiva canônica; cache IME local 32634bb730b581966385d98457453556a55f4fbd71f5638bcb3e5ee1dee23788,.cache/fundonet-ime/32634bb730b581966385d98457453556a55f4fbd71f5638bcb3e5ee1dee23788,Carteiras selecionadas,Ágis
35689601000138,Ágis,04/2026,Vencidos Over 30 d / Crédito,0.13071609658741112,ratio,Visão Executiva canônica; cache IME local 32634bb730b581966385d98457453556a55f4fbd71f5638bcb3e5ee1dee23788,.cache/fundonet-ime/32634bb730b581966385d98457453556a55f4fbd71f5638bcb3e5ee1dee23788,Carteiras selecionadas,Ágis
35689601000138,Ágis,03/2026,Vencidos Over 30 d / Crédito,0.1578073978329871,ratio,Visão Executiva canônica; cache IME local 32634bb730b581966385d98457453556a55f4fbd71f5638bcb3e5ee1dee23788,.cache/fundonet-ime/32634bb730b581966385d98457453556a55f4fbd71f5638bcb3e5ee1dee23788,Carteiras selecionadas,Ágis
35689601000138,Ágis,02/2026,Vencidos Over 30 d / Crédito,0.09713273570971569,ratio,Visão Executiva canônica; cache IME local 32634bb730b581966385d98457453556a55f4fbd71f5638bcb3e5ee1dee23788,.cache/fundonet-ime/32634bb730b581966385d98457453556a55f4fbd71f5638bcb3e5ee1dee23788,Carteiras selecionadas,Ágis
35689601000138,Ágis,01/2026,Vencidos Over 30 d / Crédito,0.13271239122302642,ratio,Visão Executiva canônica; cache IME local 32634bb730b581966385d98457453556a55f4fbd71f5638bcb3e5ee1dee23788,.cache/fundonet-ime/32634bb730b581966385d98457453556a55f4fbd71f5638bcb3e5ee1dee23788,Carteiras selecionadas,Ágis
35689601000138,Ágis,12/2025,Vencidos Over 30 d / Crédito,0.09434458608363043,ratio,Visão Executiva canônica; cache IME local 32634bb730b581966385d98457453556a55f4fbd71f5638bcb3e5ee1dee23788,.cache/fundonet-ime/32634bb730b581966385d98457453556a55f4fbd71f5638bcb3e5ee1dee23788,Carteiras selecionadas,Ágis
35689601000138,Ágis,11/2025,Vencidos Over 30 d / Crédito,0.10595406965830562,ratio,Visão Executiva canônica; cache IME local 32634bb730b581966385d98457453556a55f4fbd71f5638bcb3e5ee1dee23788,.cache/fundonet-ime/32634bb730b581966385d98457453556a55f4fbd71f5638bcb3e5ee1dee23788,Carteiras selecionadas,Ágis
35689601000138,Ágis,10/2025,Vencidos Over 30 d / Crédito,0.09699178406944446,ratio,Visão Executiva canônica; cache IME local 32634bb730b581966385d98457453556a55f4fbd71f5638bcb3e5ee1dee23788,.cache/fundonet-ime/32634bb730b581966385d98457453556a55f4fbd71f5638bcb3e5ee1dee23788,Carteiras selecionadas,Ágis
35689601000138,Ágis,09/2025,Vencidos Over 30 d / Crédito,0.08479108212533769,ratio,Visão Executiva canônica; cache IME local 32634bb730b581966385d98457453556a55f4fbd71f5638bcb3e5ee1dee23788,.cache/fundonet-ime/32634bb730b581966385d98457453556a55f4fbd71f5638bcb3e5ee1dee23788,Carteiras selecionadas,Ágis
35689601000138,Ágis,08/2025,Vencidos Over 30 d / Crédito,0.05955766966917156,ratio,Visão Executiva canônica; cache IME local 32634bb730b581966385d98457453556a55f4fbd71f5638bcb3e5ee1dee23788,.cache/fundonet-ime/32634bb730b581966385d98457453556a55f4fbd71f5638bcb3e5ee1dee23788,Carteiras selecionadas,Ágis
35689601000138,Ágis,07/2025,Vencidos Over 30 d / Crédito,0.0579990766155987,ratio,Visão Executiva canônica; cache IME local 32634bb730b581966385d98457453556a55f4fbd71f5638bcb3e5ee1dee23788,.cache/fundonet-ime/32634bb730b581966385d98457453556a55f4fbd71f5638bcb3e5ee1dee23788,Carteiras selecionadas,Ágis
35689601000138,Ágis,06/2025,Vencidos Over 30 d / Crédito,0.0904408489182109,ratio,Visão Executiva canônica; cache IME local 32634bb730b581966385d98457453556a55f4fbd71f5638bcb3e5ee1dee23788,.cache/fundonet-ime/32634bb730b581966385d98457453556a55f4fbd71f5638bcb3e5ee1dee23788,Carteiras selecionadas,Ágis
35689601000138,Ágis,05/2025,Vencidos Over 30 d / Crédito,0.0832210767471115,ratio,Visão Executiva canônica; cache IME local 32634bb730b581966385d98457453556a55f4fbd71f5638bcb3e5ee1dee23788,.cache/fundonet-ime/32634bb730b581966385d98457453556a55f4fbd71f5638bcb3e5ee1dee23788,Carteiras selecionadas,Ágis
35689601000138,Ágis,04/2025,Vencidos Over 30 d / Crédito,0.05389611116644579,ratio,Visão Executiva canônica; cache IME local 32634bb730b581966385d98457453556a55f4fbd71f5638bcb3e5ee1dee23788,.cache/fundonet-ime/32634bb730b581966385d98457453556a55f4fbd71f5638bcb3e5ee1dee23788,Carteiras selecionadas,Ágis
35689601000138,Ágis,03/2025,Vencidos Over 30 d / Crédito,0.07277417421773522,ratio,Visão Executiva canônica; cache IME local 32634bb730b581966385d98457453556a55f4fbd71f5638bcb3e5ee1dee23788,.cache/fundonet-ime/32634bb730b581966385d98457453556a55f4fbd71f5638bcb3e5ee1dee23788,Carteiras selecionadas,Ágis
35689601000138,Ágis,02/2025,Vencidos Over 30 d / Crédito,0.05853007047522576,ratio,Visão Executiva canônica; cache IME local 32634bb730b581966385d98457453556a55f4fbd71f5638bcb3e5ee1dee23788,.cache/fundonet-ime/32634bb730b581966385d98457453556a55f4fbd71f5638bcb3e5ee1dee23788,Carteiras selecionadas,Ágis
35689601000138,Ágis,01/2025,Vencidos Over 30 d / Crédito,0.059178712455027545,ratio,Visão Executiva canônica; cache IME local 32634bb730b581966385d98457453556a55f4fbd71f5638bcb3e5ee1dee23788,.cache/fundonet-ime/32634bb730b581966385d98457453556a55f4fbd71f5638bcb3e5ee1dee23788,Carteiras selecionadas,Ágis
35689601000138,Ágis,12/2024,Vencidos Over 30 d / Crédito,0.05409621720163801,ratio,Visão Executiva canônica; cache IME local 32634bb730b581966385d98457453556a55f4fbd71f5638bcb3e5ee1dee23788,.cache/fundonet-ime/32634bb730b581966385d98457453556a55f4fbd71f5638bcb3e5ee1dee23788,Carteiras selecionadas,Ágis
35689601000138,Ágis,11/2024,Vencidos Over 30 d / Crédito,0.049757475604973025,ratio,Visão Executiva canônica; cache IME local 32634bb730b581966385d98457453556a55f4fbd71f5638bcb3e5ee1dee23788,.cache/fundonet-ime/32634bb730b581966385d98457453556a55f4fbd71f5638bcb3e5ee1dee23788,Carteiras selecionadas,Ágis
35689601000138,Ágis,10/2024,Vencidos Over 30 d / Crédito,0.0429408623576784,ratio,Visão Executiva canônica; cache IME local 32634bb730b581966385d98457453556a55f4fbd71f5638bcb3e5ee1dee23788,.cache/fundonet-ime/32634bb730b581966385d98457453556a55f4fbd71f5638bcb3e5ee1dee23788,Carteiras selecionadas,Ágis
35689601000138,Ágis,09/2024,Vencidos Over 30 d / Crédito,0.05382710740813416,ratio,Visão Executiva canônica; cache IME local 32634bb730b581966385d98457453556a55f4fbd71f5638bcb3e5ee1dee23788,.cache/fundonet-ime/32634bb730b581966385d98457453556a55f4fbd71f5638bcb3e5ee1dee23788,Carteiras selecionadas,Ágis
35689601000138,Ágis,08/2024,Vencidos Over 30 d / Crédito,0.05400065995263687,ratio,Visão Executiva canônica; cache IME local 32634bb730b581966385d98457453556a55f4fbd71f5638bcb3e5ee1dee23788,.cache/fundonet-ime/32634bb730b581966385d98457453556a55f4fbd71f5638bcb3e5ee1dee23788,Carteiras selecionadas,Ágis
35689601000138,Ágis,07/2024,Vencidos Over 30 d / Crédito,0.043385072819612285,ratio,Visão Executiva canônica; cache IME local 32634bb730b581966385d98457453556a55f4fbd71f5638bcb3e5ee1dee23788,.cache/fundonet-ime/32634bb730b581966385d98457453556a55f4fbd71f5638bcb3e5ee1dee23788,Carteiras selecionadas,Ágis
35689601000138,Ágis,06/2026,Vencidos Over 60 d (R$ MM),51.570386469999995,R$ MM,Visão Executiva canônica; cache IME local 32634bb730b581966385d98457453556a55f4fbd71f5638bcb3e5ee1dee23788,.cache/fundonet-ime/32634bb730b581966385d98457453556a55f4fbd71f5638bcb3e5ee1dee23788,Carteiras selecionadas,Ágis
35689601000138,Ágis,05/2026,Vencidos Over 60 d (R$ MM),51.00433462,R$ MM,Visão Executiva canônica; cache IME local 32634bb730b581966385d98457453556a55f4fbd71f5638bcb3e5ee1dee23788,.cache/fundonet-ime/32634bb730b581966385d98457453556a55f4fbd71f5638bcb3e5ee1dee23788,Carteiras selecionadas,Ágis
35689601000138,Ágis,04/2026,Vencidos Over 60 d (R$ MM),49.940690909999994,R$ MM,Visão Executiva canônica; cache IME local 32634bb730b581966385d98457453556a55f4fbd71f5638bcb3e5ee1dee23788,.cache/fundonet-ime/32634bb730b581966385d98457453556a55f4fbd71f5638bcb3e5ee1dee23788,Carteiras selecionadas,Ágis
35689601000138,Ágis,03/2026,Vencidos Over 60 d (R$ MM),50.309975480000006,R$ MM,Visão Executiva canônica; cache IME local 32634bb730b581966385d98457453556a55f4fbd71f5638bcb3e5ee1dee23788,.cache/fundonet-ime/32634bb730b581966385d98457453556a55f4fbd71f5638bcb3e5ee1dee23788,Carteiras selecionadas,Ágis
35689601000138,Ágis,02/2026,Vencidos Over 60 d (R$ MM),41.50697663,R$ MM,Visão Executiva canônica; cache IME local 32634bb730b581966385d98457453556a55f4fbd71f5638bcb3e5ee1dee23788,.cache/fundonet-ime/32634bb730b581966385d98457453556a55f4fbd71f5638bcb3e5ee1dee23788,Carteiras selecionadas,Ágis
35689601000138,Ágis,01/2026,Vencidos Over 60 d (R$ MM),45.00365217,R$ MM,Visão Executiva canônica; cache IME local 32634bb730b581966385d98457453556a55f4fbd71f5638bcb3e5ee1dee23788,.cache/fundonet-ime/32634bb730b581966385d98457453556a55f4fbd71f5638bcb3e5ee1dee23788,Carteiras selecionadas,Ágis
35689601000138,Ágis,12/2025,Vencidos Over 60 d (R$ MM),42.24211727,R$ MM,Visão Executiva canônica; cache IME local 32634bb730b581966385d98457453556a55f4fbd71f5638bcb3e5ee1dee23788,.cache/fundonet-ime/32634bb730b581966385d98457453556a55f4fbd71f5638bcb3e5ee1dee23788,Carteiras selecionadas,Ágis
35689601000138,Ágis,11/2025,Vencidos Over 60 d (R$ MM),39.075420560000005,R$ MM,Visão Executiva canônica; cache IME local 32634bb730b581966385d98457453556a55f4fbd71f5638bcb3e5ee1dee23788,.cache/fundonet-ime/32634bb730b581966385d98457453556a55f4fbd71f5638bcb3e5ee1dee23788,Carteiras selecionadas,Ágis
35689601000138,Ágis,10/2025,Vencidos Over 60 d (R$ MM),37.328484370000005,R$ MM,Visão Executiva canônica; cache IME local 32634bb730b581966385d98457453556a55f4fbd71f5638bcb3e5ee1dee23788,.cache/fundonet-ime/32634bb730b581966385d98457453556a55f4fbd71f5638bcb3e5ee1dee23788,Carteiras selecionadas,Ágis
35689601000138,Ágis,09/2025,Vencidos Over 60 d (R$ MM),28.70228894,R$ MM,Visão Executiva canônica; cache IME local 32634bb730b581966385d98457453556a55f4fbd71f5638bcb3e5ee1dee23788,.cache/fundonet-ime/32634bb730b581966385d98457453556a55f4fbd71f5638bcb3e5ee1dee23788,Carteiras selecionadas,Ágis
35689601000138,Ágis,08/2025,Vencidos Over 60 d (R$ MM),23.71097665,R$ MM,Visão Executiva canônica; cache IME local 32634bb730b581966385d98457453556a55f4fbd71f5638bcb3e5ee1dee23788,.cache/fundonet-ime/32634bb730b581966385d98457453556a55f4fbd71f5638bcb3e5ee1dee23788,Carteiras selecionadas,Ágis
35689601000138,Ágis,07/2025,Vencidos Over 60 d (R$ MM),20.02390382,R$ MM,Visão Executiva canônica; cache IME local 32634bb730b581966385d98457453556a55f4fbd71f5638bcb3e5ee1dee23788,.cache/fundonet-ime/32634bb730b581966385d98457453556a55f4fbd71f5638bcb3e5ee1dee23788,Carteiras selecionadas,Ágis
35689601000138,Ágis,06/2025,Vencidos Over 60 d (R$ MM),20.340967969999998,R$ MM,Visão Executiva canônica; cache IME local 32634bb730b581966385d98457453556a55f4fbd71f5638bcb3e5ee1dee23788,.cache/fundonet-ime/32634bb730b581966385d98457453556a55f4fbd71f5638bcb3e5ee1dee23788,Carteiras selecionadas,Ágis
35689601000138,Ágis,05/2025,Vencidos Over 60 d (R$ MM),21.66747134,R$ MM,Visão Executiva canônica; cache IME local 32634bb730b581966385d98457453556a55f4fbd71f5638bcb3e5ee1dee23788,.cache/fundonet-ime/32634bb730b581966385d98457453556a55f4fbd71f5638bcb3e5ee1dee23788,Carteiras selecionadas,Ágis
35689601000138,Ágis,04/2025,Vencidos Over 60 d (R$ MM),19.4225393,R$ MM,Visão Executiva canônica; cache IME local 32634bb730b581966385d98457453556a55f4fbd71f5638bcb3e5ee1dee23788,.cache/fundonet-ime/32634bb730b581966385d98457453556a55f4fbd71f5638bcb3e5ee1dee23788,Carteiras selecionadas,Ágis
35689601000138,Ágis,03/2025,Vencidos Over 60 d (R$ MM),15.463918080000001,R$ MM,Visão Executiva canônica; cache IME local 32634bb730b581966385d98457453556a55f4fbd71f5638bcb3e5ee1dee23788,.cache/fundonet-ime/32634bb730b581966385d98457453556a55f4fbd71f5638bcb3e5ee1dee23788,Carteiras selecionadas,Ágis
35689601000138,Ágis,02/2025,Vencidos Over 60 d (R$ MM),20.427054690000002,R$ MM,Visão Executiva canônica; cache IME local 32634bb730b581966385d98457453556a55f4fbd71f5638bcb3e5ee1dee23788,.cache/fundonet-ime/32634bb730b581966385d98457453556a55f4fbd71f5638bcb3e5ee1dee23788,Carteiras selecionadas,Ágis
35689601000138,Ágis,01/2025,Vencidos Over 60 d (R$ MM),16.18012885,R$ MM,Visão Executiva canônica; cache IME local 32634bb730b581966385d98457453556a55f4fbd71f5638bcb3e5ee1dee23788,.cache/fundonet-ime/32634bb730b581966385d98457453556a55f4fbd71f5638bcb3e5ee1dee23788,Carteiras selecionadas,Ágis
35689601000138,Ágis,12/2024,Vencidos Over 60 d (R$ MM),16.04023378,R$ MM,Visão Executiva canônica; cache IME local 32634bb730b581966385d98457453556a55f4fbd71f5638bcb3e5ee1dee23788,.cache/fundonet-ime/32634bb730b581966385d98457453556a55f4fbd71f5638bcb3e5ee1dee23788,Carteiras selecionadas,Ágis
35689601000138,Ágis,11/2024,Vencidos Over 60 d (R$ MM),12.90244842,R$ MM,Visão Executiva canônica; cache IME local 32634bb730b581966385d98457453556a55f4fbd71f5638bcb3e5ee1dee23788,.cache/fundonet-ime/32634bb730b581966385d98457453556a55f4fbd71f5638bcb3e5ee1dee23788,Carteiras selecionadas,Ágis
35689601000138,Ágis,10/2024,Vencidos Over 60 d (R$ MM),13.49108659,R$ MM,Visão Executiva canônica; cache IME local 32634bb730b581966385d98457453556a55f4fbd71f5638bcb3e5ee1dee23788,.cache/fundonet-ime/32634bb730b581966385d98457453556a55f4fbd71f5638bcb3e5ee1dee23788,Carteiras selecionadas,Ágis
35689601000138,Ágis,09/2024,Vencidos Over 60 d (R$ MM),11.52662649,R$ MM,Visão Executiva canônica; cache IME local 32634bb730b581966385d98457453556a55f4fbd71f5638bcb3e5ee1dee23788,.cache/fundonet-ime/32634bb730b581966385d98457453556a55f4fbd71f5638bcb3e5ee1dee23788,Carteiras selecionadas,Ágis
35689601000138,Ágis,08/2024,Vencidos Over 60 d (R$ MM),10.00423026,R$ MM,Visão Executiva canônica; cache IME local 32634bb730b581966385d98457453556a55f4fbd71f5638bcb3e5ee1dee23788,.cache/fundonet-ime/32634bb730b581966385d98457453556a55f4fbd71f5638bcb3e5ee1dee23788,Carteiras selecionadas,Ágis
35689601000138,Ágis,07/2024,Vencidos Over 60 d (R$ MM),4.628641469999999,R$ MM,Visão Executiva canônica; cache IME local 32634bb730b581966385d98457453556a55f4fbd71f5638bcb3e5ee1dee23788,.cache/fundonet-ime/32634bb730b581966385d98457453556a55f4fbd71f5638bcb3e5ee1dee23788,Carteiras selecionadas,Ágis
35689601000138,Ágis,06/2026,Vencidos Over 60 d / Crédito,0.08941513150658383,ratio,Visão Executiva canônica; cache IME local 32634bb730b581966385d98457453556a55f4fbd71f5638bcb3e5ee1dee23788,.cache/fundonet-ime/32634bb730b581966385d98457453556a55f4fbd71f5638bcb3e5ee1dee23788,Carteiras selecionadas,Ágis
35689601000138,Ágis,05/2026,Vencidos Over 60 d / Crédito,0.08904581108338643,ratio,Visão Executiva canônica; cache IME local 32634bb730b581966385d98457453556a55f4fbd71f5638bcb3e5ee1dee23788,.cache/fundonet-ime/32634bb730b581966385d98457453556a55f4fbd71f5638bcb3e5ee1dee23788,Carteiras selecionadas,Ágis
35689601000138,Ágis,04/2026,Vencidos Over 60 d / Crédito,0.0878974709422918,ratio,Visão Executiva canônica; cache IME local 32634bb730b581966385d98457453556a55f4fbd71f5638bcb3e5ee1dee23788,.cache/fundonet-ime/32634bb730b581966385d98457453556a55f4fbd71f5638bcb3e5ee1dee23788,Carteiras selecionadas,Ágis
35689601000138,Ágis,03/2026,Vencidos Over 60 d / Crédito,0.08941602172053854,ratio,Visão Executiva canônica; cache IME local 32634bb730b581966385d98457453556a55f4fbd71f5638bcb3e5ee1dee23788,.cache/fundonet-ime/32634bb730b581966385d98457453556a55f4fbd71f5638bcb3e5ee1dee23788,Carteiras selecionadas,Ágis
35689601000138,Ágis,02/2026,Vencidos Over 60 d / Crédito,0.07662519024650782,ratio,Visão Executiva canônica; cache IME local 32634bb730b581966385d98457453556a55f4fbd71f5638bcb3e5ee1dee23788,.cache/fundonet-ime/32634bb730b581966385d98457453556a55f4fbd71f5638bcb3e5ee1dee23788,Carteiras selecionadas,Ágis
35689601000138,Ágis,01/2026,Vencidos Over 60 d / Crédito,0.08288111451926893,ratio,Visão Executiva canônica; cache IME local 32634bb730b581966385d98457453556a55f4fbd71f5638bcb3e5ee1dee23788,.cache/fundonet-ime/32634bb730b581966385d98457453556a55f4fbd71f5638bcb3e5ee1dee23788,Carteiras selecionadas,Ágis
35689601000138,Ágis,12/2025,Vencidos Over 60 d / Crédito,0.07795334561944184,ratio,Visão Executiva canônica; cache IME local 32634bb730b581966385d98457453556a55f4fbd71f5638bcb3e5ee1dee23788,.cache/fundonet-ime/32634bb730b581966385d98457453556a55f4fbd71f5638bcb3e5ee1dee23788,Carteiras selecionadas,Ágis
35689601000138,Ágis,11/2025,Vencidos Over 60 d / Crédito,0.07306958280248342,ratio,Visão Executiva canônica; cache IME local 32634bb730b581966385d98457453556a55f4fbd71f5638bcb3e5ee1dee23788,.cache/fundonet-ime/32634bb730b581966385d98457453556a55f4fbd71f5638bcb3e5ee1dee23788,Carteiras selecionadas,Ágis
35689601000138,Ágis,10/2025,Vencidos Over 60 d / Crédito,0.07046561467126398,ratio,Visão Executiva canônica; cache IME local 32634bb730b581966385d98457453556a55f4fbd71f5638bcb3e5ee1dee23788,.cache/fundonet-ime/32634bb730b581966385d98457453556a55f4fbd71f5638bcb3e5ee1dee23788,Carteiras selecionadas,Ágis
35689601000138,Ágis,09/2025,Vencidos Over 60 d / Crédito,0.05525624690527968,ratio,Visão Executiva canônica; cache IME local 32634bb730b581966385d98457453556a55f4fbd71f5638bcb3e5ee1dee23788,.cache/fundonet-ime/32634bb730b581966385d98457453556a55f4fbd71f5638bcb3e5ee1dee23788,Carteiras selecionadas,Ágis
35689601000138,Ágis,08/2025,Vencidos Over 60 d / Crédito,0.046832919054179294,ratio,Visão Executiva canônica; cache IME local 32634bb730b581966385d98457453556a55f4fbd71f5638bcb3e5ee1dee23788,.cache/fundonet-ime/32634bb730b581966385d98457453556a55f4fbd71f5638bcb3e5ee1dee23788,Carteiras selecionadas,Ágis
35689601000138,Ágis,07/2025,Vencidos Over 60 d / Crédito,0.0448056785752479,ratio,Visão Executiva canônica; cache IME local 32634bb730b581966385d98457453556a55f4fbd71f5638bcb3e5ee1dee23788,.cache/fundonet-ime/32634bb730b581966385d98457453556a55f4fbd71f5638bcb3e5ee1dee23788,Carteiras selecionadas,Ágis
35689601000138,Ágis,06/2025,Vencidos Over 60 d / Crédito,0.04463003374251324,ratio,Visão Executiva canônica; cache IME local 32634bb730b581966385d98457453556a55f4fbd71f5638bcb3e5ee1dee23788,.cache/fundonet-ime/32634bb730b581966385d98457453556a55f4fbd71f5638bcb3e5ee1dee23788,Carteiras selecionadas,Ágis
35689601000138,Ágis,05/2025,Vencidos Over 60 d / Crédito,0.046102375908316486,ratio,Visão Executiva canônica; cache IME local 32634bb730b581966385d98457453556a55f4fbd71f5638bcb3e5ee1dee23788,.cache/fundonet-ime/32634bb730b581966385d98457453556a55f4fbd71f5638bcb3e5ee1dee23788,Carteiras selecionadas,Ágis
35689601000138,Ágis,04/2025,Vencidos Over 60 d / Crédito,0.04194382030122955,ratio,Visão Executiva canônica; cache IME local 32634bb730b581966385d98457453556a55f4fbd71f5638bcb3e5ee1dee23788,.cache/fundonet-ime/32634bb730b581966385d98457453556a55f4fbd71f5638bcb3e5ee1dee23788,Carteiras selecionadas,Ágis
35689601000138,Ágis,03/2025,Vencidos Over 60 d / Crédito,0.03322515470247521,ratio,Visão Executiva canônica; cache IME local 32634bb730b581966385d98457453556a55f4fbd71f5638bcb3e5ee1dee23788,.cache/fundonet-ime/32634bb730b581966385d98457453556a55f4fbd71f5638bcb3e5ee1dee23788,Carteiras selecionadas,Ágis
35689601000138,Ágis,02/2025,Vencidos Over 60 d / Crédito,0.04478768703952929,ratio,Visão Executiva canônica; cache IME local 32634bb730b581966385d98457453556a55f4fbd71f5638bcb3e5ee1dee23788,.cache/fundonet-ime/32634bb730b581966385d98457453556a55f4fbd71f5638bcb3e5ee1dee23788,Carteiras selecionadas,Ágis
35689601000138,Ágis,01/2025,Vencidos Over 60 d / Crédito,0.035046302134616694,ratio,Visão Executiva canônica; cache IME local 32634bb730b581966385d98457453556a55f4fbd71f5638bcb3e5ee1dee23788,.cache/fundonet-ime/32634bb730b581966385d98457453556a55f4fbd71f5638bcb3e5ee1dee23788,Carteiras selecionadas,Ágis
35689601000138,Ágis,12/2024,Vencidos Over 60 d / Crédito,0.03531581603206663,ratio,Visão Executiva canônica; cache IME local 32634bb730b581966385d98457453556a55f4fbd71f5638bcb3e5ee1dee23788,.cache/fundonet-ime/32634bb730b581966385d98457453556a55f4fbd71f5638bcb3e5ee1dee23788,Carteiras selecionadas,Ágis
35689601000138,Ágis,11/2024,Vencidos Over 60 d / Crédito,0.028643197025095827,ratio,Visão Executiva canônica; cache IME local 32634bb730b581966385d98457453556a55f4fbd71f5638bcb3e5ee1dee23788,.cache/fundonet-ime/32634bb730b581966385d98457453556a55f4fbd71f5638bcb3e5ee1dee23788,Carteiras selecionadas,Ágis
35689601000138,Ágis,10/2024,Vencidos Over 60 d / Crédito,0.029526672363691848,ratio,Visão Executiva canônica; cache IME local 32634bb730b581966385d98457453556a55f4fbd71f5638bcb3e5ee1dee23788,.cache/fundonet-ime/32634bb730b581966385d98457453556a55f4fbd71f5638bcb3e5ee1dee23788,Carteiras selecionadas,Ágis
35689601000138,Ágis,09/2024,Vencidos Over 60 d / Crédito,0.035658806432192526,ratio,Visão Executiva canônica; cache IME local 32634bb730b581966385d98457453556a55f4fbd71f5638bcb3e5ee1dee23788,.cache/fundonet-ime/32634bb730b581966385d98457453556a55f4fbd71f5638bcb3e5ee1dee23788,Carteiras selecionadas,Ágis
35689601000138,Ágis,08/2024,Vencidos Over 60 d / Crédito,0.03121031838494071,ratio,Visão Executiva canônica; cache IME local 32634bb730b581966385d98457453556a55f4fbd71f5638bcb3e5ee1dee23788,.cache/fundonet-ime/32634bb730b581966385d98457453556a55f4fbd71f5638bcb3e5ee1dee23788,Carteiras selecionadas,Ágis
35689601000138,Ágis,07/2024,Vencidos Over 60 d / Crédito,0.014465932441858098,ratio,Visão Executiva canônica; cache IME local 32634bb730b581966385d98457453556a55f4fbd71f5638bcb3e5ee1dee23788,.cache/fundonet-ime/32634bb730b581966385d98457453556a55f4fbd71f5638bcb3e5ee1dee23788,Carteiras selecionadas,Ágis
35689601000138,Ágis,06/2026,Vencidos Over 90 d (R$ MM),37.906949579999996,R$ MM,Visão Executiva canônica; cache IME local 32634bb730b581966385d98457453556a55f4fbd71f5638bcb3e5ee1dee23788,.cache/fundonet-ime/32634bb730b581966385d98457453556a55f4fbd71f5638bcb3e5ee1dee23788,Carteiras selecionadas,Ágis
35689601000138,Ágis,05/2026,Vencidos Over 90 d (R$ MM),38.33882658,R$ MM,Visão Executiva canônica; cache IME local 32634bb730b581966385d98457453556a55f4fbd71f5638bcb3e5ee1dee23788,.cache/fundonet-ime/32634bb730b581966385d98457453556a55f4fbd71f5638bcb3e5ee1dee23788,Carteiras selecionadas,Ágis
35689601000138,Ágis,04/2026,Vencidos Over 90 d (R$ MM),40.66774918,R$ MM,Visão Executiva canônica; cache IME local 32634bb730b581966385d98457453556a55f4fbd71f5638bcb3e5ee1dee23788,.cache/fundonet-ime/32634bb730b581966385d98457453556a55f4fbd71f5638bcb3e5ee1dee23788,Carteiras selecionadas,Ágis
35689601000138,Ágis,03/2026,Vencidos Over 90 d (R$ MM),40.75311374,R$ MM,Visão Executiva canônica; cache IME local 32634bb730b581966385d98457453556a55f4fbd71f5638bcb3e5ee1dee23788,.cache/fundonet-ime/32634bb730b581966385d98457453556a55f4fbd71f5638bcb3e5ee1dee23788,Carteiras selecionadas,Ágis
35689601000138,Ágis,02/2026,Vencidos Over 90 d (R$ MM),39.35715145999999,R$ MM,Visão Executiva canônica; cache IME local 32634bb730b581966385d98457453556a55f4fbd71f5638bcb3e5ee1dee23788,.cache/fundonet-ime/32634bb730b581966385d98457453556a55f4fbd71f5638bcb3e5ee1dee23788,Carteiras selecionadas,Ágis
35689601000138,Ágis,01/2026,Vencidos Over 90 d (R$ MM),36.61136431,R$ MM,Visão Executiva canônica; cache IME local 32634bb730b581966385d98457453556a55f4fbd71f5638bcb3e5ee1dee23788,.cache/fundonet-ime/32634bb730b581966385d98457453556a55f4fbd71f5638bcb3e5ee1dee23788,Carteiras selecionadas,Ágis
35689601000138,Ágis,12/2025,Vencidos Over 90 d (R$ MM),34.53379947,R$ MM,Visão Executiva canônica; cache IME local 32634bb730b581966385d98457453556a55f4fbd71f5638bcb3e5ee1dee23788,.cache/fundonet-ime/32634bb730b581966385d98457453556a55f4fbd71f5638bcb3e5ee1dee23788,Carteiras selecionadas,Ágis
35689601000138,Ágis,11/2025,Vencidos Over 90 d (R$ MM),32.56033265,R$ MM,Visão Executiva canônica; cache IME local 32634bb730b581966385d98457453556a55f4fbd71f5638bcb3e5ee1dee23788,.cache/fundonet-ime/32634bb730b581966385d98457453556a55f4fbd71f5638bcb3e5ee1dee23788,Carteiras selecionadas,Ágis
35689601000138,Ágis,10/2025,Vencidos Over 90 d (R$ MM),26.32664834,R$ MM,Visão Executiva canônica; cache IME local 32634bb730b581966385d98457453556a55f4fbd71f5638bcb3e5ee1dee23788,.cache/fundonet-ime/32634bb730b581966385d98457453556a55f4fbd71f5638bcb3e5ee1dee23788,Carteiras selecionadas,Ágis
35689601000138,Ágis,09/2025,Vencidos Over 90 d (R$ MM),23.055898999999997,R$ MM,Visão Executiva canônica; cache IME local 32634bb730b581966385d98457453556a55f4fbd71f5638bcb3e5ee1dee23788,.cache/fundonet-ime/32634bb730b581966385d98457453556a55f4fbd71f5638bcb3e5ee1dee23788,Carteiras selecionadas,Ágis
35689601000138,Ágis,08/2025,Vencidos Over 90 d (R$ MM),19.04780882,R$ MM,Visão Executiva canônica; cache IME local 32634bb730b581966385d98457453556a55f4fbd71f5638bcb3e5ee1dee23788,.cache/fundonet-ime/32634bb730b581966385d98457453556a55f4fbd71f5638bcb3e5ee1dee23788,Carteiras selecionadas,Ágis
35689601000138,Ágis,07/2025,Vencidos Over 90 d (R$ MM),16.052789269999998,R$ MM,Visão Executiva canônica; cache IME local 32634bb730b581966385d98457453556a55f4fbd71f5638bcb3e5ee1dee23788,.cache/fundonet-ime/32634bb730b581966385d98457453556a55f4fbd71f5638bcb3e5ee1dee23788,Carteiras selecionadas,Ágis
35689601000138,Ágis,06/2025,Vencidos Over 90 d (R$ MM),15.65232644,R$ MM,Visão Executiva canônica; cache IME local 32634bb730b581966385d98457453556a55f4fbd71f5638bcb3e5ee1dee23788,.cache/fundonet-ime/32634bb730b581966385d98457453556a55f4fbd71f5638bcb3e5ee1dee23788,Carteiras selecionadas,Ágis
35689601000138,Ágis,05/2025,Vencidos Over 90 d (R$ MM),17.0887478,R$ MM,Visão Executiva canônica; cache IME local 32634bb730b581966385d98457453556a55f4fbd71f5638bcb3e5ee1dee23788,.cache/fundonet-ime/32634bb730b581966385d98457453556a55f4fbd71f5638bcb3e5ee1dee23788,Carteiras selecionadas,Ágis
35689601000138,Ágis,04/2025,Vencidos Over 90 d (R$ MM),15.099295280000002,R$ MM,Visão Executiva canônica; cache IME local 32634bb730b581966385d98457453556a55f4fbd71f5638bcb3e5ee1dee23788,.cache/fundonet-ime/32634bb730b581966385d98457453556a55f4fbd71f5638bcb3e5ee1dee23788,Carteiras selecionadas,Ágis
35689601000138,Ágis,03/2025,Vencidos Over 90 d (R$ MM),9.955167099999999,R$ MM,Visão Executiva canônica; cache IME local 32634bb730b581966385d98457453556a55f4fbd71f5638bcb3e5ee1dee23788,.cache/fundonet-ime/32634bb730b581966385d98457453556a55f4fbd71f5638bcb3e5ee1dee23788,Carteiras selecionadas,Ágis
35689601000138,Ágis,02/2025,Vencidos Over 90 d (R$ MM),15.57022632,R$ MM,Visão Executiva canônica; cache IME local 32634bb730b581966385d98457453556a55f4fbd71f5638bcb3e5ee1dee23788,.cache/fundonet-ime/32634bb730b581966385d98457453556a55f4fbd71f5638bcb3e5ee1dee23788,Carteiras selecionadas,Ágis
35689601000138,Ágis,01/2025,Vencidos Over 90 d (R$ MM),13.76591863,R$ MM,Visão Executiva canônica; cache IME local 32634bb730b581966385d98457453556a55f4fbd71f5638bcb3e5ee1dee23788,.cache/fundonet-ime/32634bb730b581966385d98457453556a55f4fbd71f5638bcb3e5ee1dee23788,Carteiras selecionadas,Ágis
35689601000138,Ágis,12/2024,Vencidos Over 90 d (R$ MM),12.56487263,R$ MM,Visão Executiva canônica; cache IME local 32634bb730b581966385d98457453556a55f4fbd71f5638bcb3e5ee1dee23788,.cache/fundonet-ime/32634bb730b581966385d98457453556a55f4fbd71f5638bcb3e5ee1dee23788,Carteiras selecionadas,Ágis
35689601000138,Ágis,11/2024,Vencidos Over 90 d (R$ MM),12.53617646,R$ MM,Visão Executiva canônica; cache IME local 32634bb730b581966385d98457453556a55f4fbd71f5638bcb3e5ee1dee23788,.cache/fundonet-ime/32634bb730b581966385d98457453556a55f4fbd71f5638bcb3e5ee1dee23788,Carteiras selecionadas,Ágis
35689601000138,Ágis,10/2024,Vencidos Over 90 d (R$ MM),12.307882130000001,R$ MM,Visão Executiva canônica; cache IME local 32634bb730b581966385d98457453556a55f4fbd71f5638bcb3e5ee1dee23788,.cache/fundonet-ime/32634bb730b581966385d98457453556a55f4fbd71f5638bcb3e5ee1dee23788,Carteiras selecionadas,Ágis
35689601000138,Ágis,09/2024,Vencidos Over 90 d (R$ MM),5.37368837,R$ MM,Visão Executiva canônica; cache IME local 32634bb730b581966385d98457453556a55f4fbd71f5638bcb3e5ee1dee23788,.cache/fundonet-ime/32634bb730b581966385d98457453556a55f4fbd71f5638bcb3e5ee1dee23788,Carteiras selecionadas,Ágis
35689601000138,Ágis,08/2024,Vencidos Over 90 d (R$ MM),4.00878031,R$ MM,Visão Executiva canônica; cache IME local 32634bb730b581966385d98457453556a55f4fbd71f5638bcb3e5ee1dee23788,.cache/fundonet-ime/32634bb730b581966385d98457453556a55f4fbd71f5638bcb3e5ee1dee23788,Carteiras selecionadas,Ágis
35689601000138,Ágis,07/2024,Vencidos Over 90 d (R$ MM),0.40686083,R$ MM,Visão Executiva canônica; cache IME local 32634bb730b581966385d98457453556a55f4fbd71f5638bcb3e5ee1dee23788,.cache/fundonet-ime/32634bb730b581966385d98457453556a55f4fbd71f5638bcb3e5ee1dee23788,Carteiras selecionadas,Ágis
35689601000138,Ágis,06/2026,Vencidos Over 90 d / Crédito,0.06572482995994004,ratio,Visão Executiva canônica; cache IME local 32634bb730b581966385d98457453556a55f4fbd71f5638bcb3e5ee1dee23788,.cache/fundonet-ime/32634bb730b581966385d98457453556a55f4fbd71f5638bcb3e5ee1dee23788,Carteiras selecionadas,Ágis
35689601000138,Ágis,05/2026,Vencidos Over 90 d / Crédito,0.06693376032127903,ratio,Visão Executiva canônica; cache IME local 32634bb730b581966385d98457453556a55f4fbd71f5638bcb3e5ee1dee23788,.cache/fundonet-ime/32634bb730b581966385d98457453556a55f4fbd71f5638bcb3e5ee1dee23788,Carteiras selecionadas,Ágis
35689601000138,Ágis,04/2026,Vencidos Over 90 d / Crédito,0.07157674907380374,ratio,Visão Executiva canônica; cache IME local 32634bb730b581966385d98457453556a55f4fbd71f5638bcb3e5ee1dee23788,.cache/fundonet-ime/32634bb730b581966385d98457453556a55f4fbd71f5638bcb3e5ee1dee23788,Carteiras selecionadas,Ágis
35689601000138,Ágis,03/2026,Vencidos Over 90 d / Crédito,0.0724305919171841,ratio,Visão Executiva canônica; cache IME local 32634bb730b581966385d98457453556a55f4fbd71f5638bcb3e5ee1dee23788,.cache/fundonet-ime/32634bb730b581966385d98457453556a55f4fbd71f5638bcb3e5ee1dee23788,Carteiras selecionadas,Ágis
35689601000138,Ágis,02/2026,Vencidos Over 90 d / Crédito,0.07265644147165926,ratio,Visão Executiva canônica; cache IME local 32634bb730b581966385d98457453556a55f4fbd71f5638bcb3e5ee1dee23788,.cache/fundonet-ime/32634bb730b581966385d98457453556a55f4fbd71f5638bcb3e5ee1dee23788,Carteiras selecionadas,Ágis
35689601000138,Ágis,01/2026,Vencidos Over 90 d / Crédito,0.06742543175432655,ratio,Visão Executiva canônica; cache IME local 32634bb730b581966385d98457453556a55f4fbd71f5638bcb3e5ee1dee23788,.cache/fundonet-ime/32634bb730b581966385d98457453556a55f4fbd71f5638bcb3e5ee1dee23788,Carteiras selecionadas,Ágis
35689601000138,Ágis,12/2025,Vencidos Over 90 d / Crédito,0.06372846295631258,ratio,Visão Executiva canônica; cache IME local 32634bb730b581966385d98457453556a55f4fbd71f5638bcb3e5ee1dee23788,.cache/fundonet-ime/32634bb730b581966385d98457453556a55f4fbd71f5638bcb3e5ee1dee23788,Carteiras selecionadas,Ágis
35689601000138,Ágis,11/2025,Vencidos Over 90 d / Crédito,0.06088661077856814,ratio,Visão Executiva canônica; cache IME local 32634bb730b581966385d98457453556a55f4fbd71f5638bcb3e5ee1dee23788,.cache/fundonet-ime/32634bb730b581966385d98457453556a55f4fbd71f5638bcb3e5ee1dee23788,Carteiras selecionadas,Ágis
35689601000138,Ágis,10/2025,Vencidos Over 90 d / Crédito,0.049697261724433395,ratio,Visão Executiva canônica; cache IME local 32634bb730b581966385d98457453556a55f4fbd71f5638bcb3e5ee1dee23788,.cache/fundonet-ime/32634bb730b581966385d98457453556a55f4fbd71f5638bcb3e5ee1dee23788,Carteiras selecionadas,Ágis
35689601000138,Ágis,09/2025,Vencidos Over 90 d / Crédito,0.044386092357663755,ratio,Visão Executiva canônica; cache IME local 32634bb730b581966385d98457453556a55f4fbd71f5638bcb3e5ee1dee23788,.cache/fundonet-ime/32634bb730b581966385d98457453556a55f4fbd71f5638bcb3e5ee1dee23788,Carteiras selecionadas,Ágis
35689601000138,Ágis,08/2025,Vencidos Over 90 d / Crédito,0.037622427021644526,ratio,Visão Executiva canônica; cache IME local 32634bb730b581966385d98457453556a55f4fbd71f5638bcb3e5ee1dee23788,.cache/fundonet-ime/32634bb730b581966385d98457453556a55f4fbd71f5638bcb3e5ee1dee23788,Carteiras selecionadas,Ágis
35689601000138,Ágis,07/2025,Vencidos Over 90 d / Crédito,0.035919874702424956,ratio,Visão Executiva canônica; cache IME local 32634bb730b581966385d98457453556a55f4fbd71f5638bcb3e5ee1dee23788,.cache/fundonet-ime/32634bb730b581966385d98457453556a55f4fbd71f5638bcb3e5ee1dee23788,Carteiras selecionadas,Ágis
35689601000138,Ágis,06/2025,Vencidos Over 90 d / Crédito,0.034342704742287254,ratio,Visão Executiva canônica; cache IME local 32634bb730b581966385d98457453556a55f4fbd71f5638bcb3e5ee1dee23788,.cache/fundonet-ime/32634bb730b581966385d98457453556a55f4fbd71f5638bcb3e5ee1dee23788,Carteiras selecionadas,Ágis
35689601000138,Ágis,05/2025,Vencidos Over 90 d / Crédito,0.03636012077808136,ratio,Visão Executiva canônica; cache IME local 32634bb730b581966385d98457453556a55f4fbd71f5638bcb3e5ee1dee23788,.cache/fundonet-ime/32634bb730b581966385d98457453556a55f4fbd71f5638bcb3e5ee1dee23788,Carteiras selecionadas,Ágis
35689601000138,Ágis,04/2025,Vencidos Over 90 d / Crédito,0.032607586377725775,ratio,Visão Executiva canônica; cache IME local 32634bb730b581966385d98457453556a55f4fbd71f5638bcb3e5ee1dee23788,.cache/fundonet-ime/32634bb730b581966385d98457453556a55f4fbd71f5638bcb3e5ee1dee23788,Carteiras selecionadas,Ágis
35689601000138,Ágis,03/2025,Vencidos Over 90 d / Crédito,0.021389273098534903,ratio,Visão Executiva canônica; cache IME local 32634bb730b581966385d98457453556a55f4fbd71f5638bcb3e5ee1dee23788,.cache/fundonet-ime/32634bb730b581966385d98457453556a55f4fbd71f5638bcb3e5ee1dee23788,Carteiras selecionadas,Ágis
35689601000138,Ágis,02/2025,Vencidos Over 90 d / Crédito,0.03413876518851195,ratio,Visão Executiva canônica; cache IME local 32634bb730b581966385d98457453556a55f4fbd71f5638bcb3e5ee1dee23788,.cache/fundonet-ime/32634bb730b581966385d98457453556a55f4fbd71f5638bcb3e5ee1dee23788,Carteiras selecionadas,Ágis
35689601000138,Ágis,01/2025,Vencidos Over 90 d / Crédito,0.02981710145451213,ratio,Visão Executiva canônica; cache IME local 32634bb730b581966385d98457453556a55f4fbd71f5638bcb3e5ee1dee23788,.cache/fundonet-ime/32634bb730b581966385d98457453556a55f4fbd71f5638bcb3e5ee1dee23788,Carteiras selecionadas,Ágis
35689601000138,Ágis,12/2024,Vencidos Over 90 d / Crédito,0.02766410616912026,ratio,Visão Executiva canônica; cache IME local 32634bb730b581966385d98457453556a55f4fbd71f5638bcb3e5ee1dee23788,.cache/fundonet-ime/32634bb730b581966385d98457453556a55f4fbd71f5638bcb3e5ee1dee23788,Carteiras selecionadas,Ágis
35689601000138,Ágis,11/2024,Vencidos Over 90 d / Crédito,0.027830080043454913,ratio,Visão Executiva canônica; cache IME local 32634bb730b581966385d98457453556a55f4fbd71f5638bcb3e5ee1dee23788,.cache/fundonet-ime/32634bb730b581966385d98457453556a55f4fbd71f5638bcb3e5ee1dee23788,Carteiras selecionadas,Ágis
35689601000138,Ágis,10/2024,Vencidos Over 90 d / Crédito,0.026937104044148587,ratio,Visão Executiva canônica; cache IME local 32634bb730b581966385d98457453556a55f4fbd71f5638bcb3e5ee1dee23788,.cache/fundonet-ime/32634bb730b581966385d98457453556a55f4fbd71f5638bcb3e5ee1dee23788,Carteiras selecionadas,Ágis
35689601000138,Ágis,09/2024,Vencidos Over 90 d / Crédito,0.016624058529093034,ratio,Visão Executiva canônica; cache IME local 32634bb730b581966385d98457453556a55f4fbd71f5638bcb3e5ee1dee23788,.cache/fundonet-ime/32634bb730b581966385d98457453556a55f4fbd71f5638bcb3e5ee1dee23788,Carteiras selecionadas,Ágis
35689601000138,Ágis,08/2024,Vencidos Over 90 d / Crédito,0.01250624051613755,ratio,Visão Executiva canônica; cache IME local 32634bb730b581966385d98457453556a55f4fbd71f5638bcb3e5ee1dee23788,.cache/fundonet-ime/32634bb730b581966385d98457453556a55f4fbd71f5638bcb3e5ee1dee23788,Carteiras selecionadas,Ágis
35689601000138,Ágis,07/2024,Vencidos Over 90 d / Crédito,0.0012715656025996576,ratio,Visão Executiva canônica; cache IME local 32634bb730b581966385d98457453556a55f4fbd71f5638bcb3e5ee1dee23788,.cache/fundonet-ime/32634bb730b581966385d98457453556a55f4fbd71f5638bcb3e5ee1dee23788,Carteiras selecionadas,Ágis
35689601000138,Ágis,06/2026,Vencidos Over 180 d (R$ MM),31.87754868,R$ MM,Visão Executiva canônica; cache IME local 32634bb730b581966385d98457453556a55f4fbd71f5638bcb3e5ee1dee23788,.cache/fundonet-ime/32634bb730b581966385d98457453556a55f4fbd71f5638bcb3e5ee1dee23788,Carteiras selecionadas,Ágis
35689601000138,Ágis,05/2026,Vencidos Over 180 d (R$ MM),33.04253079,R$ MM,Visão Executiva canônica; cache IME local 32634bb730b581966385d98457453556a55f4fbd71f5638bcb3e5ee1dee23788,.cache/fundonet-ime/32634bb730b581966385d98457453556a55f4fbd71f5638bcb3e5ee1dee23788,Carteiras selecionadas,Ágis
35689601000138,Ágis,04/2026,Vencidos Over 180 d (R$ MM),33.58961815,R$ MM,Visão Executiva canônica; cache IME local 32634bb730b581966385d98457453556a55f4fbd71f5638bcb3e5ee1dee23788,.cache/fundonet-ime/32634bb730b581966385d98457453556a55f4fbd71f5638bcb3e5ee1dee23788,Carteiras selecionadas,Ágis
35689601000138,Ágis,03/2026,Vencidos Over 180 d (R$ MM),27.93333189,R$ MM,Visão Executiva canônica; cache IME local 32634bb730b581966385d98457453556a55f4fbd71f5638bcb3e5ee1dee23788,.cache/fundonet-ime/32634bb730b581966385d98457453556a55f4fbd71f5638bcb3e5ee1dee23788,Carteiras selecionadas,Ágis
35689601000138,Ágis,02/2026,Vencidos Over 180 d (R$ MM),21.70221519,R$ MM,Visão Executiva canônica; cache IME local 32634bb730b581966385d98457453556a55f4fbd71f5638bcb3e5ee1dee23788,.cache/fundonet-ime/32634bb730b581966385d98457453556a55f4fbd71f5638bcb3e5ee1dee23788,Carteiras selecionadas,Ágis
35689601000138,Ágis,01/2026,Vencidos Over 180 d (R$ MM),12.162441320000001,R$ MM,Visão Executiva canônica; cache IME local 32634bb730b581966385d98457453556a55f4fbd71f5638bcb3e5ee1dee23788,.cache/fundonet-ime/32634bb730b581966385d98457453556a55f4fbd71f5638bcb3e5ee1dee23788,Carteiras selecionadas,Ágis
35689601000138,Ágis,12/2025,Vencidos Over 180 d (R$ MM),14.88446892,R$ MM,Visão Executiva canônica; cache IME local 32634bb730b581966385d98457453556a55f4fbd71f5638bcb3e5ee1dee23788,.cache/fundonet-ime/32634bb730b581966385d98457453556a55f4fbd71f5638bcb3e5ee1dee23788,Carteiras selecionadas,Ágis
35689601000138,Ágis,11/2025,Vencidos Over 180 d (R$ MM),17.068805519999998,R$ MM,Visão Executiva canônica; cache IME local 32634bb730b581966385d98457453556a55f4fbd71f5638bcb3e5ee1dee23788,.cache/fundonet-ime/32634bb730b581966385d98457453556a55f4fbd71f5638bcb3e5ee1dee23788,Carteiras selecionadas,Ágis
35689601000138,Ágis,10/2025,Vencidos Over 180 d (R$ MM),14.756986880000001,R$ MM,Visão Executiva canônica; cache IME local 32634bb730b581966385d98457453556a55f4fbd71f5638bcb3e5ee1dee23788,.cache/fundonet-ime/32634bb730b581966385d98457453556a55f4fbd71f5638bcb3e5ee1dee23788,Carteiras selecionadas,Ágis
35689601000138,Ágis,09/2025,Vencidos Over 180 d (R$ MM),12.70961266,R$ MM,Visão Executiva canônica; cache IME local 32634bb730b581966385d98457453556a55f4fbd71f5638bcb3e5ee1dee23788,.cache/fundonet-ime/32634bb730b581966385d98457453556a55f4fbd71f5638bcb3e5ee1dee23788,Carteiras selecionadas,Ágis
35689601000138,Ágis,08/2025,Vencidos Over 180 d (R$ MM),12.112434109999999,R$ MM,Visão Executiva canônica; cache IME local 32634bb730b581966385d98457453556a55f4fbd71f5638bcb3e5ee1dee23788,.cache/fundonet-ime/32634bb730b581966385d98457453556a55f4fbd71f5638bcb3e5ee1dee23788,Carteiras selecionadas,Ágis
35689601000138,Ágis,07/2025,Vencidos Over 180 d (R$ MM),12.39455315,R$ MM,Visão Executiva canônica; cache IME local 32634bb730b581966385d98457453556a55f4fbd71f5638bcb3e5ee1dee23788,.cache/fundonet-ime/32634bb730b581966385d98457453556a55f4fbd71f5638bcb3e5ee1dee23788,Carteiras selecionadas,Ágis
35689601000138,Ágis,06/2025,Vencidos Over 180 d (R$ MM),7.262226650000001,R$ MM,Visão Executiva canônica; cache IME local 32634bb730b581966385d98457453556a55f4fbd71f5638bcb3e5ee1dee23788,.cache/fundonet-ime/32634bb730b581966385d98457453556a55f4fbd71f5638bcb3e5ee1dee23788,Carteiras selecionadas,Ágis
35689601000138,Ágis,05/2025,Vencidos Over 180 d (R$ MM),4.293441570000001,R$ MM,Visão Executiva canônica; cache IME local 32634bb730b581966385d98457453556a55f4fbd71f5638bcb3e5ee1dee23788,.cache/fundonet-ime/32634bb730b581966385d98457453556a55f4fbd71f5638bcb3e5ee1dee23788,Carteiras selecionadas,Ágis
35689601000138,Ágis,04/2025,Vencidos Over 180 d (R$ MM),2.5006395,R$ MM,Visão Executiva canônica; cache IME local 32634bb730b581966385d98457453556a55f4fbd71f5638bcb3e5ee1dee23788,.cache/fundonet-ime/32634bb730b581966385d98457453556a55f4fbd71f5638bcb3e5ee1dee23788,Carteiras selecionadas,Ágis
35689601000138,Ágis,03/2025,Vencidos Over 180 d (R$ MM),1.55983878,R$ MM,Visão Executiva canônica; cache IME local 32634bb730b581966385d98457453556a55f4fbd71f5638bcb3e5ee1dee23788,.cache/fundonet-ime/32634bb730b581966385d98457453556a55f4fbd71f5638bcb3e5ee1dee23788,Carteiras selecionadas,Ágis
35689601000138,Ágis,02/2025,Vencidos Over 180 d (R$ MM),12.179387740000001,R$ MM,Visão Executiva canônica; cache IME local 32634bb730b581966385d98457453556a55f4fbd71f5638bcb3e5ee1dee23788,.cache/fundonet-ime/32634bb730b581966385d98457453556a55f4fbd71f5638bcb3e5ee1dee23788,Carteiras selecionadas,Ágis
35689601000138,Ágis,01/2025,Vencidos Over 180 d (R$ MM),11.63051785,R$ MM,Visão Executiva canônica; cache IME local 32634bb730b581966385d98457453556a55f4fbd71f5638bcb3e5ee1dee23788,.cache/fundonet-ime/32634bb730b581966385d98457453556a55f4fbd71f5638bcb3e5ee1dee23788,Carteiras selecionadas,Ágis
35689601000138,Ágis,12/2024,Vencidos Over 180 d (R$ MM),10.62349803,R$ MM,Visão Executiva canônica; cache IME local 32634bb730b581966385d98457453556a55f4fbd71f5638bcb3e5ee1dee23788,.cache/fundonet-ime/32634bb730b581966385d98457453556a55f4fbd71f5638bcb3e5ee1dee23788,Carteiras selecionadas,Ágis
35689601000138,Ágis,11/2024,Vencidos Over 180 d (R$ MM),3.976947,R$ MM,Visão Executiva canônica; cache IME local 32634bb730b581966385d98457453556a55f4fbd71f5638bcb3e5ee1dee23788,.cache/fundonet-ime/32634bb730b581966385d98457453556a55f4fbd71f5638bcb3e5ee1dee23788,Carteiras selecionadas,Ágis
35689601000138,Ágis,10/2024,Vencidos Over 180 d (R$ MM),0.30295603000000004,R$ MM,Visão Executiva canônica; cache IME local 32634bb730b581966385d98457453556a55f4fbd71f5638bcb3e5ee1dee23788,.cache/fundonet-ime/32634bb730b581966385d98457453556a55f4fbd71f5638bcb3e5ee1dee23788,Carteiras selecionadas,Ágis
35689601000138,Ágis,09/2024,Vencidos Over 180 d (R$ MM),0.14579327,R$ MM,Visão Executiva canônica; cache IME local 32634bb730b581966385d98457453556a55f4fbd71f5638bcb3e5ee1dee23788,.cache/fundonet-ime/32634bb730b581966385d98457453556a55f4fbd71f5638bcb3e5ee1dee23788,Carteiras selecionadas,Ágis
35689601000138,Ágis,08/2024,Vencidos Over 180 d (R$ MM),0.10876202,R$ MM,Visão Executiva canônica; cache IME local 32634bb730b581966385d98457453556a55f4fbd71f5638bcb3e5ee1dee23788,.cache/fundonet-ime/32634bb730b581966385d98457453556a55f4fbd71f5638bcb3e5ee1dee23788,Carteiras selecionadas,Ágis
35689601000138,Ágis,07/2024,Vencidos Over 180 d (R$ MM),0.10899014,R$ MM,Visão Executiva canônica; cache IME local 32634bb730b581966385d98457453556a55f4fbd71f5638bcb3e5ee1dee23788,.cache/fundonet-ime/32634bb730b581966385d98457453556a55f4fbd71f5638bcb3e5ee1dee23788,Carteiras selecionadas,Ágis
35689601000138,Ágis,06/2026,Vencidos Over 180 d / Crédito,0.05527077461379606,ratio,Visão Executiva canônica; cache IME local 32634bb730b581966385d98457453556a55f4fbd71f5638bcb3e5ee1dee23788,.cache/fundonet-ime/32634bb730b581966385d98457453556a55f4fbd71f5638bcb3e5ee1dee23788,Carteiras selecionadas,Ágis
35689601000138,Ágis,05/2026,Vencidos Over 180 d / Crédito,0.05768723337662314,ratio,Visão Executiva canônica; cache IME local 32634bb730b581966385d98457453556a55f4fbd71f5638bcb3e5ee1dee23788,.cache/fundonet-ime/32634bb730b581966385d98457453556a55f4fbd71f5638bcb3e5ee1dee23788,Carteiras selecionadas,Ágis
35689601000138,Ágis,04/2026,Vencidos Over 180 d / Crédito,0.05911897555888865,ratio,Visão Executiva canônica; cache IME local 32634bb730b581966385d98457453556a55f4fbd71f5638bcb3e5ee1dee23788,.cache/fundonet-ime/32634bb730b581966385d98457453556a55f4fbd71f5638bcb3e5ee1dee23788,Carteiras selecionadas,Ágis
35689601000138,Ágis,03/2026,Vencidos Over 180 d / Crédito,0.049645967567528856,ratio,Visão Executiva canônica; cache IME local 32634bb730b581966385d98457453556a55f4fbd71f5638bcb3e5ee1dee23788,.cache/fundonet-ime/32634bb730b581966385d98457453556a55f4fbd71f5638bcb3e5ee1dee23788,Carteiras selecionadas,Ágis
35689601000138,Ágis,02/2026,Vencidos Over 180 d / Crédito,0.040064020623041034,ratio,Visão Executiva canônica; cache IME local 32634bb730b581966385d98457453556a55f4fbd71f5638bcb3e5ee1dee23788,.cache/fundonet-ime/32634bb730b581966385d98457453556a55f4fbd71f5638bcb3e5ee1dee23788,Carteiras selecionadas,Ágis
35689601000138,Ágis,01/2026,Vencidos Over 180 d / Crédito,0.022398997487336775,ratio,Visão Executiva canônica; cache IME local 32634bb730b581966385d98457453556a55f4fbd71f5638bcb3e5ee1dee23788,.cache/fundonet-ime/32634bb730b581966385d98457453556a55f4fbd71f5638bcb3e5ee1dee23788,Carteiras selecionadas,Ágis
35689601000138,Ágis,12/2025,Vencidos Over 180 d / Crédito,0.02746770818011604,ratio,Visão Executiva canônica; cache IME local 32634bb730b581966385d98457453556a55f4fbd71f5638bcb3e5ee1dee23788,.cache/fundonet-ime/32634bb730b581966385d98457453556a55f4fbd71f5638bcb3e5ee1dee23788,Carteiras selecionadas,Ágis
35689601000138,Ágis,11/2025,Vencidos Over 180 d / Crédito,0.03191803134576745,ratio,Visão Executiva canônica; cache IME local 32634bb730b581966385d98457453556a55f4fbd71f5638bcb3e5ee1dee23788,.cache/fundonet-ime/32634bb730b581966385d98457453556a55f4fbd71f5638bcb3e5ee1dee23788,Carteiras selecionadas,Ágis
35689601000138,Ágis,10/2025,Vencidos Over 180 d / Crédito,0.027857015058202803,ratio,Visão Executiva canônica; cache IME local 32634bb730b581966385d98457453556a55f4fbd71f5638bcb3e5ee1dee23788,.cache/fundonet-ime/32634bb730b581966385d98457453556a55f4fbd71f5638bcb3e5ee1dee23788,Carteiras selecionadas,Ágis
35689601000138,Ágis,09/2025,Vencidos Over 180 d / Crédito,0.02446792646675337,ratio,Visão Executiva canônica; cache IME local 32634bb730b581966385d98457453556a55f4fbd71f5638bcb3e5ee1dee23788,.cache/fundonet-ime/32634bb730b581966385d98457453556a55f4fbd71f5638bcb3e5ee1dee23788,Carteiras selecionadas,Ágis
35689601000138,Ágis,08/2025,Vencidos Over 180 d / Crédito,0.02392396798310331,ratio,Visão Executiva canônica; cache IME local 32634bb730b581966385d98457453556a55f4fbd71f5638bcb3e5ee1dee23788,.cache/fundonet-ime/32634bb730b581966385d98457453556a55f4fbd71f5638bcb3e5ee1dee23788,Carteiras selecionadas,Ágis
35689601000138,Ágis,07/2025,Vencidos Over 180 d / Crédito,0.027734170595048655,ratio,Visão Executiva canônica; cache IME local 32634bb730b581966385d98457453556a55f4fbd71f5638bcb3e5ee1dee23788,.cache/fundonet-ime/32634bb730b581966385d98457453556a55f4fbd71f5638bcb3e5ee1dee23788,Carteiras selecionadas,Ágis
35689601000138,Ágis,06/2025,Vencidos Over 180 d / Crédito,0.015934021473968177,ratio,Visão Executiva canônica; cache IME local 32634bb730b581966385d98457453556a55f4fbd71f5638bcb3e5ee1dee23788,.cache/fundonet-ime/32634bb730b581966385d98457453556a55f4fbd71f5638bcb3e5ee1dee23788,Carteiras selecionadas,Ágis
35689601000138,Ágis,05/2025,Vencidos Over 180 d / Crédito,0.009135254137160083,ratio,Visão Executiva canônica; cache IME local 32634bb730b581966385d98457453556a55f4fbd71f5638bcb3e5ee1dee23788,.cache/fundonet-ime/32634bb730b581966385d98457453556a55f4fbd71f5638bcb3e5ee1dee23788,Carteiras selecionadas,Ágis
35689601000138,Ágis,04/2025,Vencidos Over 180 d / Crédito,0.00540024001012867,ratio,Visão Executiva canônica; cache IME local 32634bb730b581966385d98457453556a55f4fbd71f5638bcb3e5ee1dee23788,.cache/fundonet-ime/32634bb730b581966385d98457453556a55f4fbd71f5638bcb3e5ee1dee23788,Carteiras selecionadas,Ágis
35689601000138,Ágis,03/2025,Vencidos Over 180 d / Crédito,0.003351407095427409,ratio,Visão Executiva canônica; cache IME local 32634bb730b581966385d98457453556a55f4fbd71f5638bcb3e5ee1dee23788,.cache/fundonet-ime/32634bb730b581966385d98457453556a55f4fbd71f5638bcb3e5ee1dee23788,Carteiras selecionadas,Ágis
35689601000138,Ágis,02/2025,Vencidos Over 180 d / Crédito,0.02670412424651906,ratio,Visão Executiva canônica; cache IME local 32634bb730b581966385d98457453556a55f4fbd71f5638bcb3e5ee1dee23788,.cache/fundonet-ime/32634bb730b581966385d98457453556a55f4fbd71f5638bcb3e5ee1dee23788,Carteiras selecionadas,Ágis
35689601000138,Ágis,01/2025,Vencidos Over 180 d / Crédito,0.025191804486350094,ratio,Visão Executiva canônica; cache IME local 32634bb730b581966385d98457453556a55f4fbd71f5638bcb3e5ee1dee23788,.cache/fundonet-ime/32634bb730b581966385d98457453556a55f4fbd71f5638bcb3e5ee1dee23788,Carteiras selecionadas,Ágis
35689601000138,Ágis,12/2024,Vencidos Over 180 d / Crédito,0.023389777679693035,ratio,Visão Executiva canônica; cache IME local 32634bb730b581966385d98457453556a55f4fbd71f5638bcb3e5ee1dee23788,.cache/fundonet-ime/32634bb730b581966385d98457453556a55f4fbd71f5638bcb3e5ee1dee23788,Carteiras selecionadas,Ágis
35689601000138,Ágis,11/2024,Vencidos Over 180 d / Crédito,0.008828748836754798,ratio,Visão Executiva canônica; cache IME local 32634bb730b581966385d98457453556a55f4fbd71f5638bcb3e5ee1dee23788,.cache/fundonet-ime/32634bb730b581966385d98457453556a55f4fbd71f5638bcb3e5ee1dee23788,Carteiras selecionadas,Ágis
35689601000138,Ágis,10/2024,Vencidos Over 180 d / Crédito,0.0006630513694164051,ratio,Visão Executiva canônica; cache IME local 32634bb730b581966385d98457453556a55f4fbd71f5638bcb3e5ee1dee23788,.cache/fundonet-ime/32634bb730b581966385d98457453556a55f4fbd71f5638bcb3e5ee1dee23788,Carteiras selecionadas,Ágis
35689601000138,Ágis,09/2024,Vencidos Over 180 d / Crédito,0.0004510264992586206,ratio,Visão Executiva canônica; cache IME local 32634bb730b581966385d98457453556a55f4fbd71f5638bcb3e5ee1dee23788,.cache/fundonet-ime/32634bb730b581966385d98457453556a55f4fbd71f5638bcb3e5ee1dee23788,Carteiras selecionadas,Ágis
35689601000138,Ágis,08/2024,Vencidos Over 180 d / Crédito,0.0003393061918977952,ratio,Visão Executiva canônica; cache IME local 32634bb730b581966385d98457453556a55f4fbd71f5638bcb3e5ee1dee23788,.cache/fundonet-ime/32634bb730b581966385d98457453556a55f4fbd71f5638bcb3e5ee1dee23788,Carteiras selecionadas,Ágis
35689601000138,Ágis,07/2024,Vencidos Over 180 d / Crédito,0.0003406278088911165,ratio,Visão Executiva canônica; cache IME local 32634bb730b581966385d98457453556a55f4fbd71f5638bcb3e5ee1dee23788,.cache/fundonet-ime/32634bb730b581966385d98457453556a55f4fbd71f5638bcb3e5ee1dee23788,Carteiras selecionadas,Ágis
35689601000138,Ágis,06/2026,Vencidos Over 360 d (R$ MM),0.055857910000000004,R$ MM,Visão Executiva canônica; cache IME local 32634bb730b581966385d98457453556a55f4fbd71f5638bcb3e5ee1dee23788,.cache/fundonet-ime/32634bb730b581966385d98457453556a55f4fbd71f5638bcb3e5ee1dee23788,Carteiras selecionadas,Ágis
35689601000138,Ágis,05/2026,Vencidos Over 360 d (R$ MM),0.43626239,R$ MM,Visão Executiva canônica; cache IME local 32634bb730b581966385d98457453556a55f4fbd71f5638bcb3e5ee1dee23788,.cache/fundonet-ime/32634bb730b581966385d98457453556a55f4fbd71f5638bcb3e5ee1dee23788,Carteiras selecionadas,Ágis
35689601000138,Ágis,04/2026,Vencidos Over 360 d (R$ MM),0.71563993,R$ MM,Visão Executiva canônica; cache IME local 32634bb730b581966385d98457453556a55f4fbd71f5638bcb3e5ee1dee23788,.cache/fundonet-ime/32634bb730b581966385d98457453556a55f4fbd71f5638bcb3e5ee1dee23788,Carteiras selecionadas,Ágis
35689601000138,Ágis,03/2026,Vencidos Over 360 d (R$ MM),0.36125764,R$ MM,Visão Executiva canônica; cache IME local 32634bb730b581966385d98457453556a55f4fbd71f5638bcb3e5ee1dee23788,.cache/fundonet-ime/32634bb730b581966385d98457453556a55f4fbd71f5638bcb3e5ee1dee23788,Carteiras selecionadas,Ágis
35689601000138,Ágis,02/2026,Vencidos Over 360 d (R$ MM),0.02316691,R$ MM,Visão Executiva canônica; cache IME local 32634bb730b581966385d98457453556a55f4fbd71f5638bcb3e5ee1dee23788,.cache/fundonet-ime/32634bb730b581966385d98457453556a55f4fbd71f5638bcb3e5ee1dee23788,Carteiras selecionadas,Ágis
35689601000138,Ágis,01/2026,Vencidos Over 360 d (R$ MM),0.13055475,R$ MM,Visão Executiva canônica; cache IME local 32634bb730b581966385d98457453556a55f4fbd71f5638bcb3e5ee1dee23788,.cache/fundonet-ime/32634bb730b581966385d98457453556a55f4fbd71f5638bcb3e5ee1dee23788,Carteiras selecionadas,Ágis
35689601000138,Ágis,12/2025,Vencidos Over 360 d (R$ MM),1.5059676899999999,R$ MM,Visão Executiva canônica; cache IME local 32634bb730b581966385d98457453556a55f4fbd71f5638bcb3e5ee1dee23788,.cache/fundonet-ime/32634bb730b581966385d98457453556a55f4fbd71f5638bcb3e5ee1dee23788,Carteiras selecionadas,Ágis
35689601000138,Ágis,11/2025,Vencidos Over 360 d (R$ MM),0.10908708,R$ MM,Visão Executiva canônica; cache IME local 32634bb730b581966385d98457453556a55f4fbd71f5638bcb3e5ee1dee23788,.cache/fundonet-ime/32634bb730b581966385d98457453556a55f4fbd71f5638bcb3e5ee1dee23788,Carteiras selecionadas,Ágis
35689601000138,Ágis,10/2025,Vencidos Over 360 d (R$ MM),0.10797863,R$ MM,Visão Executiva canônica; cache IME local 32634bb730b581966385d98457453556a55f4fbd71f5638bcb3e5ee1dee23788,.cache/fundonet-ime/32634bb730b581966385d98457453556a55f4fbd71f5638bcb3e5ee1dee23788,Carteiras selecionadas,Ágis
35689601000138,Ágis,09/2025,Vencidos Over 360 d (R$ MM),0.012645739999999999,R$ MM,Visão Executiva canônica; cache IME local 32634bb730b581966385d98457453556a55f4fbd71f5638bcb3e5ee1dee23788,.cache/fundonet-ime/32634bb730b581966385d98457453556a55f4fbd71f5638bcb3e5ee1dee23788,Carteiras selecionadas,Ágis
35689601000138,Ágis,08/2025,Vencidos Over 360 d (R$ MM),0.0244,R$ MM,Visão Executiva canônica; cache IME local 32634bb730b581966385d98457453556a55f4fbd71f5638bcb3e5ee1dee23788,.cache/fundonet-ime/32634bb730b581966385d98457453556a55f4fbd71f5638bcb3e5ee1dee23788,Carteiras selecionadas,Ágis
35689601000138,Ágis,07/2025,Vencidos Over 360 d (R$ MM),0.01141957,R$ MM,Visão Executiva canônica; cache IME local 32634bb730b581966385d98457453556a55f4fbd71f5638bcb3e5ee1dee23788,.cache/fundonet-ime/32634bb730b581966385d98457453556a55f4fbd71f5638bcb3e5ee1dee23788,Carteiras selecionadas,Ágis
35689601000138,Ágis,06/2025,Vencidos Over 360 d (R$ MM),0.0,R$ MM,Visão Executiva canônica; cache IME local 32634bb730b581966385d98457453556a55f4fbd71f5638bcb3e5ee1dee23788,.cache/fundonet-ime/32634bb730b581966385d98457453556a55f4fbd71f5638bcb3e5ee1dee23788,Carteiras selecionadas,Ágis
35689601000138,Ágis,05/2025,Vencidos Over 360 d (R$ MM),0.0,R$ MM,Visão Executiva canônica; cache IME local 32634bb730b581966385d98457453556a55f4fbd71f5638bcb3e5ee1dee23788,.cache/fundonet-ime/32634bb730b581966385d98457453556a55f4fbd71f5638bcb3e5ee1dee23788,Carteiras selecionadas,Ágis
35689601000138,Ágis,04/2025,Vencidos Over 360 d (R$ MM),0.01841205,R$ MM,Visão Executiva canônica; cache IME local 32634bb730b581966385d98457453556a55f4fbd71f5638bcb3e5ee1dee23788,.cache/fundonet-ime/32634bb730b581966385d98457453556a55f4fbd71f5638bcb3e5ee1dee23788,Carteiras selecionadas,Ágis
35689601000138,Ágis,03/2025,Vencidos Over 360 d (R$ MM),0.0,R$ MM,Visão Executiva canônica; cache IME local 32634bb730b581966385d98457453556a55f4fbd71f5638bcb3e5ee1dee23788,.cache/fundonet-ime/32634bb730b581966385d98457453556a55f4fbd71f5638bcb3e5ee1dee23788,Carteiras selecionadas,Ágis
35689601000138,Ágis,02/2025,Vencidos Over 360 d (R$ MM),0.0,R$ MM,Visão Executiva canônica; cache IME local 32634bb730b581966385d98457453556a55f4fbd71f5638bcb3e5ee1dee23788,.cache/fundonet-ime/32634bb730b581966385d98457453556a55f4fbd71f5638bcb3e5ee1dee23788,Carteiras selecionadas,Ágis
35689601000138,Ágis,01/2025,Vencidos Over 360 d (R$ MM),0.0,R$ MM,Visão Executiva canônica; cache IME local 32634bb730b581966385d98457453556a55f4fbd71f5638bcb3e5ee1dee23788,.cache/fundonet-ime/32634bb730b581966385d98457453556a55f4fbd71f5638bcb3e5ee1dee23788,Carteiras selecionadas,Ágis
35689601000138,Ágis,12/2024,Vencidos Over 360 d (R$ MM),0.0,R$ MM,Visão Executiva canônica; cache IME local 32634bb730b581966385d98457453556a55f4fbd71f5638bcb3e5ee1dee23788,.cache/fundonet-ime/32634bb730b581966385d98457453556a55f4fbd71f5638bcb3e5ee1dee23788,Carteiras selecionadas,Ágis
35689601000138,Ágis,11/2024,Vencidos Over 360 d (R$ MM),0.0,R$ MM,Visão Executiva canônica; cache IME local 32634bb730b581966385d98457453556a55f4fbd71f5638bcb3e5ee1dee23788,.cache/fundonet-ime/32634bb730b581966385d98457453556a55f4fbd71f5638bcb3e5ee1dee23788,Carteiras selecionadas,Ágis
35689601000138,Ágis,10/2024,Vencidos Over 360 d (R$ MM),0.0,R$ MM,Visão Executiva canônica; cache IME local 32634bb730b581966385d98457453556a55f4fbd71f5638bcb3e5ee1dee23788,.cache/fundonet-ime/32634bb730b581966385d98457453556a55f4fbd71f5638bcb3e5ee1dee23788,Carteiras selecionadas,Ágis
35689601000138,Ágis,09/2024,Vencidos Over 360 d (R$ MM),0.0,R$ MM,Visão Executiva canônica; cache IME local 32634bb730b581966385d98457453556a55f4fbd71f5638bcb3e5ee1dee23788,.cache/fundonet-ime/32634bb730b581966385d98457453556a55f4fbd71f5638bcb3e5ee1dee23788,Carteiras selecionadas,Ágis
35689601000138,Ágis,08/2024,Vencidos Over 360 d (R$ MM),0.0,R$ MM,Visão Executiva canônica; cache IME local 32634bb730b581966385d98457453556a55f4fbd71f5638bcb3e5ee1dee23788,.cache/fundonet-ime/32634bb730b581966385d98457453556a55f4fbd71f5638bcb3e5ee1dee23788,Carteiras selecionadas,Ágis
35689601000138,Ágis,07/2024,Vencidos Over 360 d (R$ MM),0.0,R$ MM,Visão Executiva canônica; cache IME local 32634bb730b581966385d98457453556a55f4fbd71f5638bcb3e5ee1dee23788,.cache/fundonet-ime/32634bb730b581966385d98457453556a55f4fbd71f5638bcb3e5ee1dee23788,Carteiras selecionadas,Ágis
35689601000138,Ágis,06/2026,Vencidos Over 360 d / Crédito,9.68490389584029e-05,ratio,Visão Executiva canônica; cache IME local 32634bb730b581966385d98457453556a55f4fbd71f5638bcb3e5ee1dee23788,.cache/fundonet-ime/32634bb730b581966385d98457453556a55f4fbd71f5638bcb3e5ee1dee23788,Carteiras selecionadas,Ágis
35689601000138,Ágis,05/2026,Vencidos Over 360 d / Crédito,0.0007616477825297164,ratio,Visão Executiva canônica; cache IME local 32634bb730b581966385d98457453556a55f4fbd71f5638bcb3e5ee1dee23788,.cache/fundonet-ime/32634bb730b581966385d98457453556a55f4fbd71f5638bcb3e5ee1dee23788,Carteiras selecionadas,Ágis
35689601000138,Ágis,04/2026,Vencidos Over 360 d / Crédito,0.0012595528577223432,ratio,Visão Executiva canônica; cache IME local 32634bb730b581966385d98457453556a55f4fbd71f5638bcb3e5ee1dee23788,.cache/fundonet-ime/32634bb730b581966385d98457453556a55f4fbd71f5638bcb3e5ee1dee23788,Carteiras selecionadas,Ágis
35689601000138,Ágis,03/2026,Vencidos Over 360 d / Crédito,0.0006420639381506312,ratio,Visão Executiva canônica; cache IME local 32634bb730b581966385d98457453556a55f4fbd71f5638bcb3e5ee1dee23788,.cache/fundonet-ime/32634bb730b581966385d98457453556a55f4fbd71f5638bcb3e5ee1dee23788,Carteiras selecionadas,Ágis
35689601000138,Ágis,02/2026,Vencidos Over 360 d / Crédito,4.2767964094274356e-05,ratio,Visão Executiva canônica; cache IME local 32634bb730b581966385d98457453556a55f4fbd71f5638bcb3e5ee1dee23788,.cache/fundonet-ime/32634bb730b581966385d98457453556a55f4fbd71f5638bcb3e5ee1dee23788,Carteiras selecionadas,Ágis
35689601000138,Ágis,01/2026,Vencidos Over 360 d / Crédito,0.00024043655712452646,ratio,Visão Executiva canônica; cache IME local 32634bb730b581966385d98457453556a55f4fbd71f5638bcb3e5ee1dee23788,.cache/fundonet-ime/32634bb730b581966385d98457453556a55f4fbd71f5638bcb3e5ee1dee23788,Carteiras selecionadas,Ágis
35689601000138,Ágis,12/2025,Vencidos Over 360 d / Crédito,0.0027791035917997305,ratio,Visão Executiva canônica; cache IME local 32634bb730b581966385d98457453556a55f4fbd71f5638bcb3e5ee1dee23788,.cache/fundonet-ime/32634bb730b581966385d98457453556a55f4fbd71f5638bcb3e5ee1dee23788,Carteiras selecionadas,Ágis
35689601000138,Ágis,11/2025,Vencidos Over 360 d / Crédito,0.00020398878145154716,ratio,Visão Executiva canônica; cache IME local 32634bb730b581966385d98457453556a55f4fbd71f5638bcb3e5ee1dee23788,.cache/fundonet-ime/32634bb730b581966385d98457453556a55f4fbd71f5638bcb3e5ee1dee23788,Carteiras selecionadas,Ágis
35689601000138,Ágis,10/2025,Vencidos Over 360 d / Crédito,0.00020383309589783337,ratio,Visão Executiva canônica; cache IME local 32634bb730b581966385d98457453556a55f4fbd71f5638bcb3e5ee1dee23788,.cache/fundonet-ime/32634bb730b581966385d98457453556a55f4fbd71f5638bcb3e5ee1dee23788,Carteiras selecionadas,Ágis
35689601000138,Ágis,09/2025,Vencidos Over 360 d / Crédito,2.4344961936682794e-05,ratio,Visão Executiva canônica; cache IME local 32634bb730b581966385d98457453556a55f4fbd71f5638bcb3e5ee1dee23788,.cache/fundonet-ime/32634bb730b581966385d98457453556a55f4fbd71f5638bcb3e5ee1dee23788,Carteiras selecionadas,Ágis
35689601000138,Ágis,08/2025,Vencidos Over 360 d / Crédito,4.819384885700079e-05,ratio,Visão Executiva canônica; cache IME local 32634bb730b581966385d98457453556a55f4fbd71f5638bcb3e5ee1dee23788,.cache/fundonet-ime/32634bb730b581966385d98457453556a55f4fbd71f5638bcb3e5ee1dee23788,Carteiras selecionadas,Ágis
35689601000138,Ágis,07/2025,Vencidos Over 360 d / Crédito,2.5552538979761425e-05,ratio,Visão Executiva canônica; cache IME local 32634bb730b581966385d98457453556a55f4fbd71f5638bcb3e5ee1dee23788,.cache/fundonet-ime/32634bb730b581966385d98457453556a55f4fbd71f5638bcb3e5ee1dee23788,Carteiras selecionadas,Ágis
35689601000138,Ágis,06/2025,Vencidos Over 360 d / Crédito,0.0,ratio,Visão Executiva canônica; cache IME local 32634bb730b581966385d98457453556a55f4fbd71f5638bcb3e5ee1dee23788,.cache/fundonet-ime/32634bb730b581966385d98457453556a55f4fbd71f5638bcb3e5ee1dee23788,Carteiras selecionadas,Ágis
35689601000138,Ágis,05/2025,Vencidos Over 360 d / Crédito,0.0,ratio,Visão Executiva canônica; cache IME local 32634bb730b581966385d98457453556a55f4fbd71f5638bcb3e5ee1dee23788,.cache/fundonet-ime/32634bb730b581966385d98457453556a55f4fbd71f5638bcb3e5ee1dee23788,Carteiras selecionadas,Ágis
35689601000138,Ágis,04/2025,Vencidos Over 360 d / Crédito,3.9761624607821154e-05,ratio,Visão Executiva canônica; cache IME local 32634bb730b581966385d98457453556a55f4fbd71f5638bcb3e5ee1dee23788,.cache/fundonet-ime/32634bb730b581966385d98457453556a55f4fbd71f5638bcb3e5ee1dee23788,Carteiras selecionadas,Ágis
35689601000138,Ágis,03/2025,Vencidos Over 360 d / Crédito,0.0,ratio,Visão Executiva canônica; cache IME local 32634bb730b581966385d98457453556a55f4fbd71f5638bcb3e5ee1dee23788,.cache/fundonet-ime/32634bb730b581966385d98457453556a55f4fbd71f5638bcb3e5ee1dee23788,Carteiras selecionadas,Ágis
35689601000138,Ágis,02/2025,Vencidos Over 360 d / Crédito,0.0,ratio,Visão Executiva canônica; cache IME local 32634bb730b581966385d98457453556a55f4fbd71f5638bcb3e5ee1dee23788,.cache/fundonet-ime/32634bb730b581966385d98457453556a55f4fbd71f5638bcb3e5ee1dee23788,Carteiras selecionadas,Ágis
35689601000138,Ágis,01/2025,Vencidos Over 360 d / Crédito,0.0,ratio,Visão Executiva canônica; cache IME local 32634bb730b581966385d98457453556a55f4fbd71f5638bcb3e5ee1dee23788,.cache/fundonet-ime/32634bb730b581966385d98457453556a55f4fbd71f5638bcb3e5ee1dee23788,Carteiras selecionadas,Ágis
35689601000138,Ágis,12/2024,Vencidos Over 360 d / Crédito,0.0,ratio,Visão Executiva canônica; cache IME local 32634bb730b581966385d98457453556a55f4fbd71f5638bcb3e5ee1dee23788,.cache/fundonet-ime/32634bb730b581966385d98457453556a55f4fbd71f5638bcb3e5ee1dee23788,Carteiras selecionadas,Ágis
35689601000138,Ágis,11/2024,Vencidos Over 360 d / Crédito,0.0,ratio,Visão Executiva canônica; cache IME local 32634bb730b581966385d98457453556a55f4fbd71f5638bcb3e5ee1dee23788,.cache/fundonet-ime/32634bb730b581966385d98457453556a55f4fbd71f5638bcb3e5ee1dee23788,Carteiras selecionadas,Ágis
35689601000138,Ágis,10/2024,Vencidos Over 360 d / Crédito,0.0,ratio,Visão Executiva canônica; cache IME local 32634bb730b581966385d98457453556a55f4fbd71f5638bcb3e5ee1dee23788,.cache/fundonet-ime/32634bb730b581966385d98457453556a55f4fbd71f5638bcb3e5ee1dee23788,Carteiras selecionadas,Ágis
35689601000138,Ágis,09/2024,Vencidos Over 360 d / Crédito,0.0,ratio,Visão Executiva canônica; cache IME local 32634bb730b581966385d98457453556a55f4fbd71f5638bcb3e5ee1dee23788,.cache/fundonet-ime/32634bb730b581966385d98457453556a55f4fbd71f5638bcb3e5ee1dee23788,Carteiras selecionadas,Ágis
35689601000138,Ágis,08/2024,Vencidos Over 360 d / Crédito,0.0,ratio,Visão Executiva canônica; cache IME local 32634bb730b581966385d98457453556a55f4fbd71f5638bcb3e5ee1dee23788,.cache/fundonet-ime/32634bb730b581966385d98457453556a55f4fbd71f5638bcb3e5ee1dee23788,Carteiras selecionadas,Ágis
35689601000138,Ágis,07/2024,Vencidos Over 360 d / Crédito,0.0,ratio,Visão Executiva canônica; cache IME local 32634bb730b581966385d98457453556a55f4fbd71f5638bcb3e5ee1dee23788,.cache/fundonet-ime/32634bb730b581966385d98457453556a55f4fbd71f5638bcb3e5ee1dee23788,Carteiras selecionadas,Ágis
35689601000138,Ágis,06/2026,PDD (R$ MM),104.34492970999999,R$ MM,Visão Executiva canônica; cache IME local 32634bb730b581966385d98457453556a55f4fbd71f5638bcb3e5ee1dee23788,.cache/fundonet-ime/32634bb730b581966385d98457453556a55f4fbd71f5638bcb3e5ee1dee23788,Carteiras selecionadas,Ágis
35689601000138,Ágis,05/2026,PDD (R$ MM),106.0862988,R$ MM,Visão Executiva canônica; cache IME local 32634bb730b581966385d98457453556a55f4fbd71f5638bcb3e5ee1dee23788,.cache/fundonet-ime/32634bb730b581966385d98457453556a55f4fbd71f5638bcb3e5ee1dee23788,Carteiras selecionadas,Ágis
35689601000138,Ágis,04/2026,PDD (R$ MM),109.20985199,R$ MM,Visão Executiva canônica; cache IME local 32634bb730b581966385d98457453556a55f4fbd71f5638bcb3e5ee1dee23788,.cache/fundonet-ime/32634bb730b581966385d98457453556a55f4fbd71f5638bcb3e5ee1dee23788,Carteiras selecionadas,Ágis
35689601000138,Ágis,03/2026,PDD (R$ MM),111.22060069,R$ MM,Visão Executiva canônica; cache IME local 32634bb730b581966385d98457453556a55f4fbd71f5638bcb3e5ee1dee23788,.cache/fundonet-ime/32634bb730b581966385d98457453556a55f4fbd71f5638bcb3e5ee1dee23788,Carteiras selecionadas,Ágis
35689601000138,Ágis,02/2026,PDD (R$ MM),40.36894725,R$ MM,Visão Executiva canônica; cache IME local 32634bb730b581966385d98457453556a55f4fbd71f5638bcb3e5ee1dee23788,.cache/fundonet-ime/32634bb730b581966385d98457453556a55f4fbd71f5638bcb3e5ee1dee23788,Carteiras selecionadas,Ágis
35689601000138,Ágis,01/2026,PDD (R$ MM),93.34144348000001,R$ MM,Visão Executiva canônica; cache IME local 32634bb730b581966385d98457453556a55f4fbd71f5638bcb3e5ee1dee23788,.cache/fundonet-ime/32634bb730b581966385d98457453556a55f4fbd71f5638bcb3e5ee1dee23788,Carteiras selecionadas,Ágis
35689601000138,Ágis,12/2025,PDD (R$ MM),67.61089726,R$ MM,Visão Executiva canônica; cache IME local 32634bb730b581966385d98457453556a55f4fbd71f5638bcb3e5ee1dee23788,.cache/fundonet-ime/32634bb730b581966385d98457453556a55f4fbd71f5638bcb3e5ee1dee23788,Carteiras selecionadas,Ágis
35689601000138,Ágis,11/2025,PDD (R$ MM),66.94530301,R$ MM,Visão Executiva canônica; cache IME local 32634bb730b581966385d98457453556a55f4fbd71f5638bcb3e5ee1dee23788,.cache/fundonet-ime/32634bb730b581966385d98457453556a55f4fbd71f5638bcb3e5ee1dee23788,Carteiras selecionadas,Ágis
35689601000138,Ágis,10/2025,PDD (R$ MM),114.94078011999999,R$ MM,Visão Executiva canônica; cache IME local 32634bb730b581966385d98457453556a55f4fbd71f5638bcb3e5ee1dee23788,.cache/fundonet-ime/32634bb730b581966385d98457453556a55f4fbd71f5638bcb3e5ee1dee23788,Carteiras selecionadas,Ágis
35689601000138,Ágis,09/2025,PDD (R$ MM),102.05525472,R$ MM,Visão Executiva canônica; cache IME local 32634bb730b581966385d98457453556a55f4fbd71f5638bcb3e5ee1dee23788,.cache/fundonet-ime/32634bb730b581966385d98457453556a55f4fbd71f5638bcb3e5ee1dee23788,Carteiras selecionadas,Ágis
35689601000138,Ágis,08/2025,PDD (R$ MM),56.05644256,R$ MM,Visão Executiva canônica; cache IME local 32634bb730b581966385d98457453556a55f4fbd71f5638bcb3e5ee1dee23788,.cache/fundonet-ime/32634bb730b581966385d98457453556a55f4fbd71f5638bcb3e5ee1dee23788,Carteiras selecionadas,Ágis
35689601000138,Ágis,07/2025,PDD (R$ MM),34.40742229,R$ MM,Visão Executiva canônica; cache IME local 32634bb730b581966385d98457453556a55f4fbd71f5638bcb3e5ee1dee23788,.cache/fundonet-ime/32634bb730b581966385d98457453556a55f4fbd71f5638bcb3e5ee1dee23788,Carteiras selecionadas,Ágis
35689601000138,Ágis,06/2025,PDD (R$ MM),99.64147457000001,R$ MM,Visão Executiva canônica; cache IME local 32634bb730b581966385d98457453556a55f4fbd71f5638bcb3e5ee1dee23788,.cache/fundonet-ime/32634bb730b581966385d98457453556a55f4fbd71f5638bcb3e5ee1dee23788,Carteiras selecionadas,Ágis
35689601000138,Ágis,05/2025,PDD (R$ MM),86.28037081000001,R$ MM,Visão Executiva canônica; cache IME local 32634bb730b581966385d98457453556a55f4fbd71f5638bcb3e5ee1dee23788,.cache/fundonet-ime/32634bb730b581966385d98457453556a55f4fbd71f5638bcb3e5ee1dee23788,Carteiras selecionadas,Ágis
35689601000138,Ágis,04/2025,PDD (R$ MM),41.28860272,R$ MM,Visão Executiva canônica; cache IME local 32634bb730b581966385d98457453556a55f4fbd71f5638bcb3e5ee1dee23788,.cache/fundonet-ime/32634bb730b581966385d98457453556a55f4fbd71f5638bcb3e5ee1dee23788,Carteiras selecionadas,Ágis
35689601000138,Ágis,03/2025,PDD (R$ MM),24.26569763,R$ MM,Visão Executiva canônica; cache IME local 32634bb730b581966385d98457453556a55f4fbd71f5638bcb3e5ee1dee23788,.cache/fundonet-ime/32634bb730b581966385d98457453556a55f4fbd71f5638bcb3e5ee1dee23788,Carteiras selecionadas,Ágis
35689601000138,Ágis,02/2025,PDD (R$ MM),23.90380311,R$ MM,Visão Executiva canônica; cache IME local 32634bb730b581966385d98457453556a55f4fbd71f5638bcb3e5ee1dee23788,.cache/fundonet-ime/32634bb730b581966385d98457453556a55f4fbd71f5638bcb3e5ee1dee23788,Carteiras selecionadas,Ágis
35689601000138,Ágis,01/2025,PDD (R$ MM),30.07899451,R$ MM,Visão Executiva canônica; cache IME local 32634bb730b581966385d98457453556a55f4fbd71f5638bcb3e5ee1dee23788,.cache/fundonet-ime/32634bb730b581966385d98457453556a55f4fbd71f5638bcb3e5ee1dee23788,Carteiras selecionadas,Ágis
35689601000138,Ágis,12/2024,PDD (R$ MM),43.02638963,R$ MM,Visão Executiva canônica; cache IME local 32634bb730b581966385d98457453556a55f4fbd71f5638bcb3e5ee1dee23788,.cache/fundonet-ime/32634bb730b581966385d98457453556a55f4fbd71f5638bcb3e5ee1dee23788,Carteiras selecionadas,Ágis
35689601000138,Ágis,11/2024,PDD (R$ MM),22.80456358,R$ MM,Visão Executiva canônica; cache IME local 32634bb730b581966385d98457453556a55f4fbd71f5638bcb3e5ee1dee23788,.cache/fundonet-ime/32634bb730b581966385d98457453556a55f4fbd71f5638bcb3e5ee1dee23788,Carteiras selecionadas,Ágis
35689601000138,Ágis,10/2024,PDD (R$ MM),25.493628100000002,R$ MM,Visão Executiva canônica; cache IME local 32634bb730b581966385d98457453556a55f4fbd71f5638bcb3e5ee1dee23788,.cache/fundonet-ime/32634bb730b581966385d98457453556a55f4fbd71f5638bcb3e5ee1dee23788,Carteiras selecionadas,Ágis
35689601000138,Ágis,09/2024,PDD (R$ MM),20.355235989999997,R$ MM,Visão Executiva canônica; cache IME local 32634bb730b581966385d98457453556a55f4fbd71f5638bcb3e5ee1dee23788,.cache/fundonet-ime/32634bb730b581966385d98457453556a55f4fbd71f5638bcb3e5ee1dee23788,Carteiras selecionadas,Ágis
35689601000138,Ágis,08/2024,PDD (R$ MM),12.333714030000001,R$ MM,Visão Executiva canônica; cache IME local 32634bb730b581966385d98457453556a55f4fbd71f5638bcb3e5ee1dee23788,.cache/fundonet-ime/32634bb730b581966385d98457453556a55f4fbd71f5638bcb3e5ee1dee23788,Carteiras selecionadas,Ágis
35689601000138,Ágis,07/2024,PDD (R$ MM),18.19034681,R$ MM,Visão Executiva canônica; cache IME local 32634bb730b581966385d98457453556a55f4fbd71f5638bcb3e5ee1dee23788,.cache/fundonet-ime/32634bb730b581966385d98457453556a55f4fbd71f5638bcb3e5ee1dee23788,Carteiras selecionadas,Ágis
35689601000138,Ágis,06/2026,PDD / Crédito,0.18091808595408604,ratio,Visão Executiva canônica; cache IME local 32634bb730b581966385d98457453556a55f4fbd71f5638bcb3e5ee1dee23788,.cache/fundonet-ime/32634bb730b581966385d98457453556a55f4fbd71f5638bcb3e5ee1dee23788,Carteiras selecionadas,Ágis
35689601000138,Ágis,05/2026,PDD / Crédito,0.18521054321873795,ratio,Visão Executiva canônica; cache IME local 32634bb730b581966385d98457453556a55f4fbd71f5638bcb3e5ee1dee23788,.cache/fundonet-ime/32634bb730b581966385d98457453556a55f4fbd71f5638bcb3e5ee1dee23788,Carteiras selecionadas,Ágis
35689601000138,Ágis,04/2026,PDD / Crédito,0.19221339586995745,ratio,Visão Executiva canônica; cache IME local 32634bb730b581966385d98457453556a55f4fbd71f5638bcb3e5ee1dee23788,.cache/fundonet-ime/32634bb730b581966385d98457453556a55f4fbd71f5638bcb3e5ee1dee23788,Carteiras selecionadas,Ágis
35689601000138,Ágis,03/2026,PDD / Crédito,0.19767259976148935,ratio,Visão Executiva canônica; cache IME local 32634bb730b581966385d98457453556a55f4fbd71f5638bcb3e5ee1dee23788,.cache/fundonet-ime/32634bb730b581966385d98457453556a55f4fbd71f5638bcb3e5ee1dee23788,Carteiras selecionadas,Ágis
35689601000138,Ágis,02/2026,PDD / Crédito,0.07452429722011505,ratio,Visão Executiva canônica; cache IME local 32634bb730b581966385d98457453556a55f4fbd71f5638bcb3e5ee1dee23788,.cache/fundonet-ime/32634bb730b581966385d98457453556a55f4fbd71f5638bcb3e5ee1dee23788,Carteiras selecionadas,Ágis
35689601000138,Ágis,01/2026,PDD / Crédito,0.17190255664665421,ratio,Visão Executiva canônica; cache IME local 32634bb730b581966385d98457453556a55f4fbd71f5638bcb3e5ee1dee23788,.cache/fundonet-ime/32634bb730b581966385d98457453556a55f4fbd71f5638bcb3e5ee1dee23788,Carteiras selecionadas,Ágis
35689601000138,Ágis,12/2025,PDD / Crédito,0.12476873751525744,ratio,Visão Executiva canônica; cache IME local 32634bb730b581966385d98457453556a55f4fbd71f5638bcb3e5ee1dee23788,.cache/fundonet-ime/32634bb730b581966385d98457453556a55f4fbd71f5638bcb3e5ee1dee23788,Carteiras selecionadas,Ágis
35689601000138,Ágis,11/2025,PDD / Crédito,0.125185226196489,ratio,Visão Executiva canônica; cache IME local 32634bb730b581966385d98457453556a55f4fbd71f5638bcb3e5ee1dee23788,.cache/fundonet-ime/32634bb730b581966385d98457453556a55f4fbd71f5638bcb3e5ee1dee23788,Carteiras selecionadas,Ágis
35689601000138,Ágis,10/2025,PDD / Crédito,0.21697566506235294,ratio,Visão Executiva canônica; cache IME local 32634bb730b581966385d98457453556a55f4fbd71f5638bcb3e5ee1dee23788,.cache/fundonet-ime/32634bb730b581966385d98457453556a55f4fbd71f5638bcb3e5ee1dee23788,Carteiras selecionadas,Ágis
35689601000138,Ágis,09/2025,PDD / Crédito,0.19647179932505865,ratio,Visão Executiva canônica; cache IME local 32634bb730b581966385d98457453556a55f4fbd71f5638bcb3e5ee1dee23788,.cache/fundonet-ime/32634bb730b581966385d98457453556a55f4fbd71f5638bcb3e5ee1dee23788,Carteiras selecionadas,Ágis
35689601000138,Ágis,08/2025,PDD / Crédito,0.11072031640154861,ratio,Visão Executiva canônica; cache IME local 32634bb730b581966385d98457453556a55f4fbd71f5638bcb3e5ee1dee23788,.cache/fundonet-ime/32634bb730b581966385d98457453556a55f4fbd71f5638bcb3e5ee1dee23788,Carteiras selecionadas,Ágis
35689601000138,Ágis,07/2025,PDD / Crédito,0.07699037698077398,ratio,Visão Executiva canônica; cache IME local 32634bb730b581966385d98457453556a55f4fbd71f5638bcb3e5ee1dee23788,.cache/fundonet-ime/32634bb730b581966385d98457453556a55f4fbd71f5638bcb3e5ee1dee23788,Carteiras selecionadas,Ágis
35689601000138,Ágis,06/2025,PDD / Crédito,0.2186229474807474,ratio,Visão Executiva canônica; cache IME local 32634bb730b581966385d98457453556a55f4fbd71f5638bcb3e5ee1dee23788,.cache/fundonet-ime/32634bb730b581966385d98457453556a55f4fbd71f5638bcb3e5ee1dee23788,Carteiras selecionadas,Ágis
35689601000138,Ágis,05/2025,PDD / Crédito,0.18358072458821387,ratio,Visão Executiva canônica; cache IME local 32634bb730b581966385d98457453556a55f4fbd71f5638bcb3e5ee1dee23788,.cache/fundonet-ime/32634bb730b581966385d98457453556a55f4fbd71f5638bcb3e5ee1dee23788,Carteiras selecionadas,Ágis
35689601000138,Ágis,04/2025,PDD / Crédito,0.0891645374596584,ratio,Visão Executiva canônica; cache IME local 32634bb730b581966385d98457453556a55f4fbd71f5638bcb3e5ee1dee23788,.cache/fundonet-ime/32634bb730b581966385d98457453556a55f4fbd71f5638bcb3e5ee1dee23788,Carteiras selecionadas,Ágis
35689601000138,Ágis,03/2025,PDD / Crédito,0.05213630553067674,ratio,Visão Executiva canônica; cache IME local 32634bb730b581966385d98457453556a55f4fbd71f5638bcb3e5ee1dee23788,.cache/fundonet-ime/32634bb730b581966385d98457453556a55f4fbd71f5638bcb3e5ee1dee23788,Carteiras selecionadas,Ágis
35689601000138,Ágis,02/2025,PDD / Crédito,0.05241069106596723,ratio,Visão Executiva canônica; cache IME local 32634bb730b581966385d98457453556a55f4fbd71f5638bcb3e5ee1dee23788,.cache/fundonet-ime/32634bb730b581966385d98457453556a55f4fbd71f5638bcb3e5ee1dee23788,Carteiras selecionadas,Ágis
35689601000138,Ágis,01/2025,PDD / Crédito,0.06515136803146886,ratio,Visão Executiva canônica; cache IME local 32634bb730b581966385d98457453556a55f4fbd71f5638bcb3e5ee1dee23788,.cache/fundonet-ime/32634bb730b581966385d98457453556a55f4fbd71f5638bcb3e5ee1dee23788,Carteiras selecionadas,Ágis
35689601000138,Ágis,12/2024,PDD / Crédito,0.09473129142243082,ratio,Visão Executiva canônica; cache IME local 32634bb730b581966385d98457453556a55f4fbd71f5638bcb3e5ee1dee23788,.cache/fundonet-ime/32634bb730b581966385d98457453556a55f4fbd71f5638bcb3e5ee1dee23788,Carteiras selecionadas,Ágis
35689601000138,Ágis,11/2024,PDD / Crédito,0.05062570966613983,ratio,Visão Executiva canônica; cache IME local 32634bb730b581966385d98457453556a55f4fbd71f5638bcb3e5ee1dee23788,.cache/fundonet-ime/32634bb730b581966385d98457453556a55f4fbd71f5638bcb3e5ee1dee23788,Carteiras selecionadas,Ágis
35689601000138,Ágis,10/2024,PDD / Crédito,0.05579550611056511,ratio,Visão Executiva canônica; cache IME local 32634bb730b581966385d98457453556a55f4fbd71f5638bcb3e5ee1dee23788,.cache/fundonet-ime/32634bb730b581966385d98457453556a55f4fbd71f5638bcb3e5ee1dee23788,Carteiras selecionadas,Ágis
35689601000138,Ágis,09/2024,PDD / Crédito,0.06297101937663366,ratio,Visão Executiva canônica; cache IME local 32634bb730b581966385d98457453556a55f4fbd71f5638bcb3e5ee1dee23788,.cache/fundonet-ime/32634bb730b581966385d98457453556a55f4fbd71f5638bcb3e5ee1dee23788,Carteiras selecionadas,Ágis
35689601000138,Ágis,08/2024,PDD / Crédito,0.038477637133584944,ratio,Visão Executiva canônica; cache IME local 32634bb730b581966385d98457453556a55f4fbd71f5638bcb3e5ee1dee23788,.cache/fundonet-ime/32634bb730b581966385d98457453556a55f4fbd71f5638bcb3e5ee1dee23788,Carteiras selecionadas,Ágis
35689601000138,Ágis,07/2024,PDD / Crédito,0.05685044515824836,ratio,Visão Executiva canônica; cache IME local 32634bb730b581966385d98457453556a55f4fbd71f5638bcb3e5ee1dee23788,.cache/fundonet-ime/32634bb730b581966385d98457453556a55f4fbd71f5638bcb3e5ee1dee23788,Carteiras selecionadas,Ágis
35689601000138,Ágis,06/2026,PDD / Venc > 90 d,2.752659627485647,ratio,Visão Executiva canônica; cache IME local 32634bb730b581966385d98457453556a55f4fbd71f5638bcb3e5ee1dee23788,.cache/fundonet-ime/32634bb730b581966385d98457453556a55f4fbd71f5638bcb3e5ee1dee23788,Carteiras selecionadas,Ágis
35689601000138,Ágis,05/2026,PDD / Venc > 90 d,2.767072137135815,ratio,Visão Executiva canônica; cache IME local 32634bb730b581966385d98457453556a55f4fbd71f5638bcb3e5ee1dee23788,.cache/fundonet-ime/32634bb730b581966385d98457453556a55f4fbd71f5638bcb3e5ee1dee23788,Carteiras selecionadas,Ágis
35689601000138,Ágis,04/2026,PDD / Venc > 90 d,2.6854166800976618,ratio,Visão Executiva canônica; cache IME local 32634bb730b581966385d98457453556a55f4fbd71f5638bcb3e5ee1dee23788,.cache/fundonet-ime/32634bb730b581966385d98457453556a55f4fbd71f5638bcb3e5ee1dee23788,Carteiras selecionadas,Ágis
35689601000138,Ágis,03/2026,PDD / Venc > 90 d,2.7291313591293695,ratio,Visão Executiva canônica; cache IME local 32634bb730b581966385d98457453556a55f4fbd71f5638bcb3e5ee1dee23788,.cache/fundonet-ime/32634bb730b581966385d98457453556a55f4fbd71f5638bcb3e5ee1dee23788,Carteiras selecionadas,Ágis
35689601000138,Ágis,02/2026,PDD / Venc > 90 d,1.0257080543806207,ratio,Visão Executiva canônica; cache IME local 32634bb730b581966385d98457453556a55f4fbd71f5638bcb3e5ee1dee23788,.cache/fundonet-ime/32634bb730b581966385d98457453556a55f4fbd71f5638bcb3e5ee1dee23788,Carteiras selecionadas,Ágis
35689601000138,Ágis,01/2026,PDD / Venc > 90 d,2.5495210364095824,ratio,Visão Executiva canônica; cache IME local 32634bb730b581966385d98457453556a55f4fbd71f5638bcb3e5ee1dee23788,.cache/fundonet-ime/32634bb730b581966385d98457453556a55f4fbd71f5638bcb3e5ee1dee23788,Carteiras selecionadas,Ágis
35689601000138,Ágis,12/2025,PDD / Venc > 90 d,1.9578180882973666,ratio,Visão Executiva canônica; cache IME local 32634bb730b581966385d98457453556a55f4fbd71f5638bcb3e5ee1dee23788,.cache/fundonet-ime/32634bb730b581966385d98457453556a55f4fbd71f5638bcb3e5ee1dee23788,Carteiras selecionadas,Ágis
35689601000138,Ágis,11/2025,PDD / Venc > 90 d,2.0560386691872448,ratio,Visão Executiva canônica; cache IME local 32634bb730b581966385d98457453556a55f4fbd71f5638bcb3e5ee1dee23788,.cache/fundonet-ime/32634bb730b581966385d98457453556a55f4fbd71f5638bcb3e5ee1dee23788,Carteiras selecionadas,Ágis
35689601000138,Ágis,10/2025,PDD / Venc > 90 d,4.365948093185947,ratio,Visão Executiva canônica; cache IME local 32634bb730b581966385d98457453556a55f4fbd71f5638bcb3e5ee1dee23788,.cache/fundonet-ime/32634bb730b581966385d98457453556a55f4fbd71f5638bcb3e5ee1dee23788,Carteiras selecionadas,Ágis
35689601000138,Ágis,09/2025,PDD / Venc > 90 d,4.426427038043497,ratio,Visão Executiva canônica; cache IME local 32634bb730b581966385d98457453556a55f4fbd71f5638bcb3e5ee1dee23788,.cache/fundonet-ime/32634bb730b581966385d98457453556a55f4fbd71f5638bcb3e5ee1dee23788,Carteiras selecionadas,Ágis
35689601000138,Ágis,08/2025,PDD / Venc > 90 d,2.9429339138022703,ratio,Visão Executiva canônica; cache IME local 32634bb730b581966385d98457453556a55f4fbd71f5638bcb3e5ee1dee23788,.cache/fundonet-ime/32634bb730b581966385d98457453556a55f4fbd71f5638bcb3e5ee1dee23788,Carteiras selecionadas,Ágis
35689601000138,Ágis,07/2025,PDD / Venc > 90 d,2.143392136486945,ratio,Visão Executiva canônica; cache IME local 32634bb730b581966385d98457453556a55f4fbd71f5638bcb3e5ee1dee23788,.cache/fundonet-ime/32634bb730b581966385d98457453556a55f4fbd71f5638bcb3e5ee1dee23788,Carteiras selecionadas,Ágis
35689601000138,Ágis,06/2025,PDD / Venc > 90 d,6.365921063041668,ratio,Visão Executiva canônica; cache IME local 32634bb730b581966385d98457453556a55f4fbd71f5638bcb3e5ee1dee23788,.cache/fundonet-ime/32634bb730b581966385d98457453556a55f4fbd71f5638bcb3e5ee1dee23788,Carteiras selecionadas,Ágis
35689601000138,Ágis,05/2025,PDD / Venc > 90 d,5.048958052385792,ratio,Visão Executiva canônica; cache IME local 32634bb730b581966385d98457453556a55f4fbd71f5638bcb3e5ee1dee23788,.cache/fundonet-ime/32634bb730b581966385d98457453556a55f4fbd71f5638bcb3e5ee1dee23788,Carteiras selecionadas,Ágis
35689601000138,Ágis,04/2025,PDD / Venc > 90 d,2.7344721693527934,ratio,Visão Executiva canônica; cache IME local 32634bb730b581966385d98457453556a55f4fbd71f5638bcb3e5ee1dee23788,.cache/fundonet-ime/32634bb730b581966385d98457453556a55f4fbd71f5638bcb3e5ee1dee23788,Carteiras selecionadas,Ágis
35689601000138,Ágis,03/2025,PDD / Venc > 90 d,2.437497772387969,ratio,Visão Executiva canônica; cache IME local 32634bb730b581966385d98457453556a55f4fbd71f5638bcb3e5ee1dee23788,.cache/fundonet-ime/32634bb730b581966385d98457453556a55f4fbd71f5638bcb3e5ee1dee23788,Carteiras selecionadas,Ágis
35689601000138,Ágis,02/2025,PDD / Venc > 90 d,1.535225154646307,ratio,Visão Executiva canônica; cache IME local 32634bb730b581966385d98457453556a55f4fbd71f5638bcb3e5ee1dee23788,.cache/fundonet-ime/32634bb730b581966385d98457453556a55f4fbd71f5638bcb3e5ee1dee23788,Carteiras selecionadas,Ágis
35689601000138,Ágis,01/2025,PDD / Venc > 90 d,2.18503358318921,ratio,Visão Executiva canônica; cache IME local 32634bb730b581966385d98457453556a55f4fbd71f5638bcb3e5ee1dee23788,.cache/fundonet-ime/32634bb730b581966385d98457453556a55f4fbd71f5638bcb3e5ee1dee23788,Carteiras selecionadas,Ágis
35689601000138,Ágis,12/2024,PDD / Venc > 90 d,3.424339497661903,ratio,Visão Executiva canônica; cache IME local 32634bb730b581966385d98457453556a55f4fbd71f5638bcb3e5ee1dee23788,.cache/fundonet-ime/32634bb730b581966385d98457453556a55f4fbd71f5638bcb3e5ee1dee23788,Carteiras selecionadas,Ágis
35689601000138,Ágis,11/2024,PDD / Venc > 90 d,1.8191003973790583,ratio,Visão Executiva canônica; cache IME local 32634bb730b581966385d98457453556a55f4fbd71f5638bcb3e5ee1dee23788,.cache/fundonet-ime/32634bb730b581966385d98457453556a55f4fbd71f5638bcb3e5ee1dee23788,Carteiras selecionadas,Ágis
35689601000138,Ágis,10/2024,PDD / Venc > 90 d,2.0713253369448705,ratio,Visão Executiva canônica; cache IME local 32634bb730b581966385d98457453556a55f4fbd71f5638bcb3e5ee1dee23788,.cache/fundonet-ime/32634bb730b581966385d98457453556a55f4fbd71f5638bcb3e5ee1dee23788,Carteiras selecionadas,Ágis
35689601000138,Ágis,09/2024,PDD / Venc > 90 d,3.7879449994976166,ratio,Visão Executiva canônica; cache IME local 32634bb730b581966385d98457453556a55f4fbd71f5638bcb3e5ee1dee23788,.cache/fundonet-ime/32634bb730b581966385d98457453556a55f4fbd71f5638bcb3e5ee1dee23788,Carteiras selecionadas,Ágis
35689601000138,Ágis,08/2024,PDD / Venc > 90 d,3.0766749675040193,ratio,Visão Executiva canônica; cache IME local 32634bb730b581966385d98457453556a55f4fbd71f5638bcb3e5ee1dee23788,.cache/fundonet-ime/32634bb730b581966385d98457453556a55f4fbd71f5638bcb3e5ee1dee23788,Carteiras selecionadas,Ágis
35689601000138,Ágis,07/2024,PDD / Venc > 90 d,44.70901465250415,ratio,Visão Executiva canônica; cache IME local 32634bb730b581966385d98457453556a55f4fbd71f5638bcb3e5ee1dee23788,.cache/fundonet-ime/32634bb730b581966385d98457453556a55f4fbd71f5638bcb3e5ee1dee23788,Carteiras selecionadas,Ágis
35689601000138,Ágis,06/2026,PDD / Venc Total,0.7350690105780644,ratio,Visão Executiva canônica; cache IME local 32634bb730b581966385d98457453556a55f4fbd71f5638bcb3e5ee1dee23788,.cache/fundonet-ime/32634bb730b581966385d98457453556a55f4fbd71f5638bcb3e5ee1dee23788,Carteiras selecionadas,Ágis
35689601000138,Ágis,05/2026,PDD / Venc Total,0.8324208858096888,ratio,Visão Executiva canônica; cache IME local 32634bb730b581966385d98457453556a55f4fbd71f5638bcb3e5ee1dee23788,.cache/fundonet-ime/32634bb730b581966385d98457453556a55f4fbd71f5638bcb3e5ee1dee23788,Carteiras selecionadas,Ágis
35689601000138,Ágis,04/2026,PDD / Venc Total,0.895685767432012,ratio,Visão Executiva canônica; cache IME local 32634bb730b581966385d98457453556a55f4fbd71f5638bcb3e5ee1dee23788,.cache/fundonet-ime/32634bb730b581966385d98457453556a55f4fbd71f5638bcb3e5ee1dee23788,Carteiras selecionadas,Ágis
35689601000138,Ágis,03/2026,PDD / Venc Total,0.9240990737833755,ratio,Visão Executiva canônica; cache IME local 32634bb730b581966385d98457453556a55f4fbd71f5638bcb3e5ee1dee23788,.cache/fundonet-ime/32634bb730b581966385d98457453556a55f4fbd71f5638bcb3e5ee1dee23788,Carteiras selecionadas,Ágis
35689601000138,Ágis,02/2026,PDD / Venc Total,0.36619054186783645,ratio,Visão Executiva canônica; cache IME local 32634bb730b581966385d98457453556a55f4fbd71f5638bcb3e5ee1dee23788,.cache/fundonet-ime/32634bb730b581966385d98457453556a55f4fbd71f5638bcb3e5ee1dee23788,Carteiras selecionadas,Ágis
35689601000138,Ágis,01/2026,PDD / Venc Total,0.9027888441019288,ratio,Visão Executiva canônica; cache IME local 32634bb730b581966385d98457453556a55f4fbd71f5638bcb3e5ee1dee23788,.cache/fundonet-ime/32634bb730b581966385d98457453556a55f4fbd71f5638bcb3e5ee1dee23788,Carteiras selecionadas,Ágis
35689601000138,Ágis,12/2025,PDD / Venc Total,0.6782444188450606,ratio,Visão Executiva canônica; cache IME local 32634bb730b581966385d98457453556a55f4fbd71f5638bcb3e5ee1dee23788,.cache/fundonet-ime/32634bb730b581966385d98457453556a55f4fbd71f5638bcb3e5ee1dee23788,Carteiras selecionadas,Ágis
35689601000138,Ágis,11/2025,PDD / Venc Total,0.6666445305569774,ratio,Visão Executiva canônica; cache IME local 32634bb730b581966385d98457453556a55f4fbd71f5638bcb3e5ee1dee23788,.cache/fundonet-ime/32634bb730b581966385d98457453556a55f4fbd71f5638bcb3e5ee1dee23788,Carteiras selecionadas,Ágis
35689601000138,Ágis,10/2025,PDD / Venc Total,1.3180628299693329,ratio,Visão Executiva canônica; cache IME local 32634bb730b581966385d98457453556a55f4fbd71f5638bcb3e5ee1dee23788,.cache/fundonet-ime/32634bb730b581966385d98457453556a55f4fbd71f5638bcb3e5ee1dee23788,Carteiras selecionadas,Ágis
35689601000138,Ágis,09/2025,PDD / Venc Total,1.4222878217923582,ratio,Visão Executiva canônica; cache IME local 32634bb730b581966385d98457453556a55f4fbd71f5638bcb3e5ee1dee23788,.cache/fundonet-ime/32634bb730b581966385d98457453556a55f4fbd71f5638bcb3e5ee1dee23788,Carteiras selecionadas,Ágis
35689601000138,Ágis,08/2025,PDD / Venc Total,1.085816978984713,ratio,Visão Executiva canônica; cache IME local 32634bb730b581966385d98457453556a55f4fbd71f5638bcb3e5ee1dee23788,.cache/fundonet-ime/32634bb730b581966385d98457453556a55f4fbd71f5638bcb3e5ee1dee23788,Carteiras selecionadas,Ágis
35689601000138,Ágis,07/2025,PDD / Venc Total,0.8106890140788077,ratio,Visão Executiva canônica; cache IME local 32634bb730b581966385d98457453556a55f4fbd71f5638bcb3e5ee1dee23788,.cache/fundonet-ime/32634bb730b581966385d98457453556a55f4fbd71f5638bcb3e5ee1dee23788,Carteiras selecionadas,Ágis
35689601000138,Ágis,06/2025,PDD / Venc Total,1.094703038653776,ratio,Visão Executiva canônica; cache IME local 32634bb730b581966385d98457453556a55f4fbd71f5638bcb3e5ee1dee23788,.cache/fundonet-ime/32634bb730b581966385d98457453556a55f4fbd71f5638bcb3e5ee1dee23788,Carteiras selecionadas,Ágis
35689601000138,Ágis,05/2025,PDD / Venc Total,0.9833059779804028,ratio,Visão Executiva canônica; cache IME local 32634bb730b581966385d98457453556a55f4fbd71f5638bcb3e5ee1dee23788,.cache/fundonet-ime/32634bb730b581966385d98457453556a55f4fbd71f5638bcb3e5ee1dee23788,Carteiras selecionadas,Ágis
35689601000138,Ágis,04/2025,PDD / Venc Total,0.5823881365199258,ratio,Visão Executiva canônica; cache IME local 32634bb730b581966385d98457453556a55f4fbd71f5638bcb3e5ee1dee23788,.cache/fundonet-ime/32634bb730b581966385d98457453556a55f4fbd71f5638bcb3e5ee1dee23788,Carteiras selecionadas,Ágis
35689601000138,Ágis,03/2025,PDD / Venc Total,0.3575015153436982,ratio,Visão Executiva canônica; cache IME local 32634bb730b581966385d98457453556a55f4fbd71f5638bcb3e5ee1dee23788,.cache/fundonet-ime/32634bb730b581966385d98457453556a55f4fbd71f5638bcb3e5ee1dee23788,Carteiras selecionadas,Ágis
35689601000138,Ágis,02/2025,PDD / Venc Total,0.5009812964995682,ratio,Visão Executiva canônica; cache IME local 32634bb730b581966385d98457453556a55f4fbd71f5638bcb3e5ee1dee23788,.cache/fundonet-ime/32634bb730b581966385d98457453556a55f4fbd71f5638bcb3e5ee1dee23788,Carteiras selecionadas,Ágis
35689601000138,Ágis,01/2025,PDD / Venc Total,0.4912207863180473,ratio,Visão Executiva canônica; cache IME local 32634bb730b581966385d98457453556a55f4fbd71f5638bcb3e5ee1dee23788,.cache/fundonet-ime/32634bb730b581966385d98457453556a55f4fbd71f5638bcb3e5ee1dee23788,Carteiras selecionadas,Ágis
35689601000138,Ágis,12/2024,PDD / Venc Total,0.6854167381615011,ratio,Visão Executiva canônica; cache IME local 32634bb730b581966385d98457453556a55f4fbd71f5638bcb3e5ee1dee23788,.cache/fundonet-ime/32634bb730b581966385d98457453556a55f4fbd71f5638bcb3e5ee1dee23788,Carteiras selecionadas,Ágis
35689601000138,Ágis,11/2024,PDD / Venc Total,0.49365703362342594,ratio,Visão Executiva canônica; cache IME local 32634bb730b581966385d98457453556a55f4fbd71f5638bcb3e5ee1dee23788,.cache/fundonet-ime/32634bb730b581966385d98457453556a55f4fbd71f5638bcb3e5ee1dee23788,Carteiras selecionadas,Ágis
35689601000138,Ágis,10/2024,PDD / Venc Total,0.5084744758354771,ratio,Visão Executiva canônica; cache IME local 32634bb730b581966385d98457453556a55f4fbd71f5638bcb3e5ee1dee23788,.cache/fundonet-ime/32634bb730b581966385d98457453556a55f4fbd71f5638bcb3e5ee1dee23788,Carteiras selecionadas,Ágis
35689601000138,Ágis,09/2024,PDD / Venc Total,0.5691058281386179,ratio,Visão Executiva canônica; cache IME local 32634bb730b581966385d98457453556a55f4fbd71f5638bcb3e5ee1dee23788,.cache/fundonet-ime/32634bb730b581966385d98457453556a55f4fbd71f5638bcb3e5ee1dee23788,Carteiras selecionadas,Ágis
35689601000138,Ágis,08/2024,PDD / Venc Total,0.3434822591060783,ratio,Visão Executiva canônica; cache IME local 32634bb730b581966385d98457453556a55f4fbd71f5638bcb3e5ee1dee23788,.cache/fundonet-ime/32634bb730b581966385d98457453556a55f4fbd71f5638bcb3e5ee1dee23788,Carteiras selecionadas,Ágis
35689601000138,Ágis,07/2024,PDD / Venc Total,0.39035916462606945,ratio,Visão Executiva canônica; cache IME local 32634bb730b581966385d98457453556a55f4fbd71f5638bcb3e5ee1dee23788,.cache/fundonet-ime/32634bb730b581966385d98457453556a55f4fbd71f5638bcb3e5ee1dee23788,Carteiras selecionadas,Ágis
35689601000138,Ágis,06/2026,Recompras (R$ MM),0.0,R$ MM,Visão Executiva canônica; cache IME local 32634bb730b581966385d98457453556a55f4fbd71f5638bcb3e5ee1dee23788,.cache/fundonet-ime/32634bb730b581966385d98457453556a55f4fbd71f5638bcb3e5ee1dee23788,Carteiras selecionadas,Ágis
35689601000138,Ágis,05/2026,Recompras (R$ MM),0.0,R$ MM,Visão Executiva canônica; cache IME local 32634bb730b581966385d98457453556a55f4fbd71f5638bcb3e5ee1dee23788,.cache/fundonet-ime/32634bb730b581966385d98457453556a55f4fbd71f5638bcb3e5ee1dee23788,Carteiras selecionadas,Ágis
35689601000138,Ágis,04/2026,Recompras (R$ MM),0.0,R$ MM,Visão Executiva canônica; cache IME local 32634bb730b581966385d98457453556a55f4fbd71f5638bcb3e5ee1dee23788,.cache/fundonet-ime/32634bb730b581966385d98457453556a55f4fbd71f5638bcb3e5ee1dee23788,Carteiras selecionadas,Ágis
35689601000138,Ágis,03/2026,Recompras (R$ MM),0.0,R$ MM,Visão Executiva canônica; cache IME local 32634bb730b581966385d98457453556a55f4fbd71f5638bcb3e5ee1dee23788,.cache/fundonet-ime/32634bb730b581966385d98457453556a55f4fbd71f5638bcb3e5ee1dee23788,Carteiras selecionadas,Ágis
35689601000138,Ágis,02/2026,Recompras (R$ MM),0.0,R$ MM,Visão Executiva canônica; cache IME local 32634bb730b581966385d98457453556a55f4fbd71f5638bcb3e5ee1dee23788,.cache/fundonet-ime/32634bb730b581966385d98457453556a55f4fbd71f5638bcb3e5ee1dee23788,Carteiras selecionadas,Ágis
35689601000138,Ágis,01/2026,Recompras (R$ MM),0.0,R$ MM,Visão Executiva canônica; cache IME local 32634bb730b581966385d98457453556a55f4fbd71f5638bcb3e5ee1dee23788,.cache/fundonet-ime/32634bb730b581966385d98457453556a55f4fbd71f5638bcb3e5ee1dee23788,Carteiras selecionadas,Ágis
35689601000138,Ágis,12/2025,Recompras (R$ MM),0.0,R$ MM,Visão Executiva canônica; cache IME local 32634bb730b581966385d98457453556a55f4fbd71f5638bcb3e5ee1dee23788,.cache/fundonet-ime/32634bb730b581966385d98457453556a55f4fbd71f5638bcb3e5ee1dee23788,Carteiras selecionadas,Ágis
35689601000138,Ágis,11/2025,Recompras (R$ MM),0.0,R$ MM,Visão Executiva canônica; cache IME local 32634bb730b581966385d98457453556a55f4fbd71f5638bcb3e5ee1dee23788,.cache/fundonet-ime/32634bb730b581966385d98457453556a55f4fbd71f5638bcb3e5ee1dee23788,Carteiras selecionadas,Ágis
35689601000138,Ágis,10/2025,Recompras (R$ MM),0.0,R$ MM,Visão Executiva canônica; cache IME local 32634bb730b581966385d98457453556a55f4fbd71f5638bcb3e5ee1dee23788,.cache/fundonet-ime/32634bb730b581966385d98457453556a55f4fbd71f5638bcb3e5ee1dee23788,Carteiras selecionadas,Ágis
35689601000138,Ágis,09/2025,Recompras (R$ MM),0.0,R$ MM,Visão Executiva canônica; cache IME local 32634bb730b581966385d98457453556a55f4fbd71f5638bcb3e5ee1dee23788,.cache/fundonet-ime/32634bb730b581966385d98457453556a55f4fbd71f5638bcb3e5ee1dee23788,Carteiras selecionadas,Ágis
35689601000138,Ágis,08/2025,Recompras (R$ MM),0.0,R$ MM,Visão Executiva canônica; cache IME local 32634bb730b581966385d98457453556a55f4fbd71f5638bcb3e5ee1dee23788,.cache/fundonet-ime/32634bb730b581966385d98457453556a55f4fbd71f5638bcb3e5ee1dee23788,Carteiras selecionadas,Ágis
35689601000138,Ágis,07/2025,Recompras (R$ MM),0.0,R$ MM,Visão Executiva canônica; cache IME local 32634bb730b581966385d98457453556a55f4fbd71f5638bcb3e5ee1dee23788,.cache/fundonet-ime/32634bb730b581966385d98457453556a55f4fbd71f5638bcb3e5ee1dee23788,Carteiras selecionadas,Ágis
35689601000138,Ágis,06/2025,Recompras (R$ MM),0.0,R$ MM,Visão Executiva canônica; cache IME local 32634bb730b581966385d98457453556a55f4fbd71f5638bcb3e5ee1dee23788,.cache/fundonet-ime/32634bb730b581966385d98457453556a55f4fbd71f5638bcb3e5ee1dee23788,Carteiras selecionadas,Ágis
35689601000138,Ágis,05/2025,Recompras (R$ MM),0.0,R$ MM,Visão Executiva canônica; cache IME local 32634bb730b581966385d98457453556a55f4fbd71f5638bcb3e5ee1dee23788,.cache/fundonet-ime/32634bb730b581966385d98457453556a55f4fbd71f5638bcb3e5ee1dee23788,Carteiras selecionadas,Ágis
35689601000138,Ágis,04/2025,Recompras (R$ MM),0.0,R$ MM,Visão Executiva canônica; cache IME local 32634bb730b581966385d98457453556a55f4fbd71f5638bcb3e5ee1dee23788,.cache/fundonet-ime/32634bb730b581966385d98457453556a55f4fbd71f5638bcb3e5ee1dee23788,Carteiras selecionadas,Ágis
35689601000138,Ágis,03/2025,Recompras (R$ MM),0.0,R$ MM,Visão Executiva canônica; cache IME local 32634bb730b581966385d98457453556a55f4fbd71f5638bcb3e5ee1dee23788,.cache/fundonet-ime/32634bb730b581966385d98457453556a55f4fbd71f5638bcb3e5ee1dee23788,Carteiras selecionadas,Ágis
35689601000138,Ágis,02/2025,Recompras (R$ MM),0.0,R$ MM,Visão Executiva canônica; cache IME local 32634bb730b581966385d98457453556a55f4fbd71f5638bcb3e5ee1dee23788,.cache/fundonet-ime/32634bb730b581966385d98457453556a55f4fbd71f5638bcb3e5ee1dee23788,Carteiras selecionadas,Ágis
35689601000138,Ágis,01/2025,Recompras (R$ MM),0.0,R$ MM,Visão Executiva canônica; cache IME local 32634bb730b581966385d98457453556a55f4fbd71f5638bcb3e5ee1dee23788,.cache/fundonet-ime/32634bb730b581966385d98457453556a55f4fbd71f5638bcb3e5ee1dee23788,Carteiras selecionadas,Ágis
35689601000138,Ágis,12/2024,Recompras (R$ MM),0.0,R$ MM,Visão Executiva canônica; cache IME local 32634bb730b581966385d98457453556a55f4fbd71f5638bcb3e5ee1dee23788,.cache/fundonet-ime/32634bb730b581966385d98457453556a55f4fbd71f5638bcb3e5ee1dee23788,Carteiras selecionadas,Ágis
35689601000138,Ágis,11/2024,Recompras (R$ MM),0.0,R$ MM,Visão Executiva canônica; cache IME local 32634bb730b581966385d98457453556a55f4fbd71f5638bcb3e5ee1dee23788,.cache/fundonet-ime/32634bb730b581966385d98457453556a55f4fbd71f5638bcb3e5ee1dee23788,Carteiras selecionadas,Ágis
35689601000138,Ágis,10/2024,Recompras (R$ MM),0.0,R$ MM,Visão Executiva canônica; cache IME local 32634bb730b581966385d98457453556a55f4fbd71f5638bcb3e5ee1dee23788,.cache/fundonet-ime/32634bb730b581966385d98457453556a55f4fbd71f5638bcb3e5ee1dee23788,Carteiras selecionadas,Ágis
35689601000138,Ágis,09/2024,Recompras (R$ MM),0.0,R$ MM,Visão Executiva canônica; cache IME local 32634bb730b581966385d98457453556a55f4fbd71f5638bcb3e5ee1dee23788,.cache/fundonet-ime/32634bb730b581966385d98457453556a55f4fbd71f5638bcb3e5ee1dee23788,Carteiras selecionadas,Ágis
35689601000138,Ágis,08/2024,Recompras (R$ MM),0.0,R$ MM,Visão Executiva canônica; cache IME local 32634bb730b581966385d98457453556a55f4fbd71f5638bcb3e5ee1dee23788,.cache/fundonet-ime/32634bb730b581966385d98457453556a55f4fbd71f5638bcb3e5ee1dee23788,Carteiras selecionadas,Ágis
35689601000138,Ágis,07/2024,Recompras (R$ MM),0.0,R$ MM,Visão Executiva canônica; cache IME local 32634bb730b581966385d98457453556a55f4fbd71f5638bcb3e5ee1dee23788,.cache/fundonet-ime/32634bb730b581966385d98457453556a55f4fbd71f5638bcb3e5ee1dee23788,Carteiras selecionadas,Ágis
35689601000138,Ágis,06/2026,Recompras / Crédito,0.0,ratio,Visão Executiva canônica; cache IME local 32634bb730b581966385d98457453556a55f4fbd71f5638bcb3e5ee1dee23788,.cache/fundonet-ime/32634bb730b581966385d98457453556a55f4fbd71f5638bcb3e5ee1dee23788,Carteiras selecionadas,Ágis
35689601000138,Ágis,05/2026,Recompras / Crédito,0.0,ratio,Visão Executiva canônica; cache IME local 32634bb730b581966385d98457453556a55f4fbd71f5638bcb3e5ee1dee23788,.cache/fundonet-ime/32634bb730b581966385d98457453556a55f4fbd71f5638bcb3e5ee1dee23788,Carteiras selecionadas,Ágis
35689601000138,Ágis,04/2026,Recompras / Crédito,0.0,ratio,Visão Executiva canônica; cache IME local 32634bb730b581966385d98457453556a55f4fbd71f5638bcb3e5ee1dee23788,.cache/fundonet-ime/32634bb730b581966385d98457453556a55f4fbd71f5638bcb3e5ee1dee23788,Carteiras selecionadas,Ágis
35689601000138,Ágis,03/2026,Recompras / Crédito,0.0,ratio,Visão Executiva canônica; cache IME local 32634bb730b581966385d98457453556a55f4fbd71f5638bcb3e5ee1dee23788,.cache/fundonet-ime/32634bb730b581966385d98457453556a55f4fbd71f5638bcb3e5ee1dee23788,Carteiras selecionadas,Ágis
35689601000138,Ágis,02/2026,Recompras / Crédito,0.0,ratio,Visão Executiva canônica; cache IME local 32634bb730b581966385d98457453556a55f4fbd71f5638bcb3e5ee1dee23788,.cache/fundonet-ime/32634bb730b581966385d98457453556a55f4fbd71f5638bcb3e5ee1dee23788,Carteiras selecionadas,Ágis
35689601000138,Ágis,01/2026,Recompras / Crédito,0.0,ratio,Visão Executiva canônica; cache IME local 32634bb730b581966385d98457453556a55f4fbd71f5638bcb3e5ee1dee23788,.cache/fundonet-ime/32634bb730b581966385d98457453556a55f4fbd71f5638bcb3e5ee1dee23788,Carteiras selecionadas,Ágis
35689601000138,Ágis,12/2025,Recompras / Crédito,0.0,ratio,Visão Executiva canônica; cache IME local 32634bb730b581966385d98457453556a55f4fbd71f5638bcb3e5ee1dee23788,.cache/fundonet-ime/32634bb730b581966385d98457453556a55f4fbd71f5638bcb3e5ee1dee23788,Carteiras selecionadas,Ágis
35689601000138,Ágis,11/2025,Recompras / Crédito,0.0,ratio,Visão Executiva canônica; cache IME local 32634bb730b581966385d98457453556a55f4fbd71f5638bcb3e5ee1dee23788,.cache/fundonet-ime/32634bb730b581966385d98457453556a55f4fbd71f5638bcb3e5ee1dee23788,Carteiras selecionadas,Ágis
35689601000138,Ágis,10/2025,Recompras / Crédito,0.0,ratio,Visão Executiva canônica; cache IME local 32634bb730b581966385d98457453556a55f4fbd71f5638bcb3e5ee1dee23788,.cache/fundonet-ime/32634bb730b581966385d98457453556a55f4fbd71f5638bcb3e5ee1dee23788,Carteiras selecionadas,Ágis
35689601000138,Ágis,09/2025,Recompras / Crédito,0.0,ratio,Visão Executiva canônica; cache IME local 32634bb730b581966385d98457453556a55f4fbd71f5638bcb3e5ee1dee23788,.cache/fundonet-ime/32634bb730b581966385d98457453556a55f4fbd71f5638bcb3e5ee1dee23788,Carteiras selecionadas,Ágis
35689601000138,Ágis,08/2025,Recompras / Crédito,0.0,ratio,Visão Executiva canônica; cache IME local 32634bb730b581966385d98457453556a55f4fbd71f5638bcb3e5ee1dee23788,.cache/fundonet-ime/32634bb730b581966385d98457453556a55f4fbd71f5638bcb3e5ee1dee23788,Carteiras selecionadas,Ágis
35689601000138,Ágis,07/2025,Recompras / Crédito,0.0,ratio,Visão Executiva canônica; cache IME local 32634bb730b581966385d98457453556a55f4fbd71f5638bcb3e5ee1dee23788,.cache/fundonet-ime/32634bb730b581966385d98457453556a55f4fbd71f5638bcb3e5ee1dee23788,Carteiras selecionadas,Ágis
35689601000138,Ágis,06/2025,Recompras / Crédito,0.0,ratio,Visão Executiva canônica; cache IME local 32634bb730b581966385d98457453556a55f4fbd71f5638bcb3e5ee1dee23788,.cache/fundonet-ime/32634bb730b581966385d98457453556a55f4fbd71f5638bcb3e5ee1dee23788,Carteiras selecionadas,Ágis
35689601000138,Ágis,05/2025,Recompras / Crédito,0.0,ratio,Visão Executiva canônica; cache IME local 32634bb730b581966385d98457453556a55f4fbd71f5638bcb3e5ee1dee23788,.cache/fundonet-ime/32634bb730b581966385d98457453556a55f4fbd71f5638bcb3e5ee1dee23788,Carteiras selecionadas,Ágis
35689601000138,Ágis,04/2025,Recompras / Crédito,0.0,ratio,Visão Executiva canônica; cache IME local 32634bb730b581966385d98457453556a55f4fbd71f5638bcb3e5ee1dee23788,.cache/fundonet-ime/32634bb730b581966385d98457453556a55f4fbd71f5638bcb3e5ee1dee23788,Carteiras selecionadas,Ágis
35689601000138,Ágis,03/2025,Recompras / Crédito,0.0,ratio,Visão Executiva canônica; cache IME local 32634bb730b581966385d98457453556a55f4fbd71f5638bcb3e5ee1dee23788,.cache/fundonet-ime/32634bb730b581966385d98457453556a55f4fbd71f5638bcb3e5ee1dee23788,Carteiras selecionadas,Ágis
35689601000138,Ágis,02/2025,Recompras / Crédito,0.0,ratio,Visão Executiva canônica; cache IME local 32634bb730b581966385d98457453556a55f4fbd71f5638bcb3e5ee1dee23788,.cache/fundonet-ime/32634bb730b581966385d98457453556a55f4fbd71f5638bcb3e5ee1dee23788,Carteiras selecionadas,Ágis
35689601000138,Ágis,01/2025,Recompras / Crédito,0.0,ratio,Visão Executiva canônica; cache IME local 32634bb730b581966385d98457453556a55f4fbd71f5638bcb3e5ee1dee23788,.cache/fundonet-ime/32634bb730b581966385d98457453556a55f4fbd71f5638bcb3e5ee1dee23788,Carteiras selecionadas,Ágis
35689601000138,Ágis,12/2024,Recompras / Crédito,0.0,ratio,Visão Executiva canônica; cache IME local 32634bb730b581966385d98457453556a55f4fbd71f5638bcb3e5ee1dee23788,.cache/fundonet-ime/32634bb730b581966385d98457453556a55f4fbd71f5638bcb3e5ee1dee23788,Carteiras selecionadas,Ágis
35689601000138,Ágis,11/2024,Recompras / Crédito,0.0,ratio,Visão Executiva canônica; cache IME local 32634bb730b581966385d98457453556a55f4fbd71f5638bcb3e5ee1dee23788,.cache/fundonet-ime/32634bb730b581966385d98457453556a55f4fbd71f5638bcb3e5ee1dee23788,Carteiras selecionadas,Ágis
35689601000138,Ágis,10/2024,Recompras / Crédito,0.0,ratio,Visão Executiva canônica; cache IME local 32634bb730b581966385d98457453556a55f4fbd71f5638bcb3e5ee1dee23788,.cache/fundonet-ime/32634bb730b581966385d98457453556a55f4fbd71f5638bcb3e5ee1dee23788,Carteiras selecionadas,Ágis
35689601000138,Ágis,09/2024,Recompras / Crédito,0.0,ratio,Visão Executiva canônica; cache IME local 32634bb730b581966385d98457453556a55f4fbd71f5638bcb3e5ee1dee23788,.cache/fundonet-ime/32634bb730b581966385d98457453556a55f4fbd71f5638bcb3e5ee1dee23788,Carteiras selecionadas,Ágis
35689601000138,Ágis,08/2024,Recompras / Crédito,0.0,ratio,Visão Executiva canônica; cache IME local 32634bb730b581966385d98457453556a55f4fbd71f5638bcb3e5ee1dee23788,.cache/fundonet-ime/32634bb730b581966385d98457453556a55f4fbd71f5638bcb3e5ee1dee23788,Carteiras selecionadas,Ágis
35689601000138,Ágis,07/2024,Recompras / Crédito,0.0,ratio,Visão Executiva canônica; cache IME local 32634bb730b581966385d98457453556a55f4fbd71f5638bcb3e5ee1dee23788,.cache/fundonet-ime/32634bb730b581966385d98457453556a55f4fbd71f5638bcb3e5ee1dee23788,Carteiras selecionadas,Ágis
35689601000138,Ágis,06/2026,Recompras / PL,0.0,ratio,Visão Executiva canônica; cache IME local 32634bb730b581966385d98457453556a55f4fbd71f5638bcb3e5ee1dee23788,.cache/fundonet-ime/32634bb730b581966385d98457453556a55f4fbd71f5638bcb3e5ee1dee23788,Carteiras selecionadas,Ágis
35689601000138,Ágis,05/2026,Recompras / PL,0.0,ratio,Visão Executiva canônica; cache IME local 32634bb730b581966385d98457453556a55f4fbd71f5638bcb3e5ee1dee23788,.cache/fundonet-ime/32634bb730b581966385d98457453556a55f4fbd71f5638bcb3e5ee1dee23788,Carteiras selecionadas,Ágis
35689601000138,Ágis,04/2026,Recompras / PL,0.0,ratio,Visão Executiva canônica; cache IME local 32634bb730b581966385d98457453556a55f4fbd71f5638bcb3e5ee1dee23788,.cache/fundonet-ime/32634bb730b581966385d98457453556a55f4fbd71f5638bcb3e5ee1dee23788,Carteiras selecionadas,Ágis
35689601000138,Ágis,03/2026,Recompras / PL,0.0,ratio,Visão Executiva canônica; cache IME local 32634bb730b581966385d98457453556a55f4fbd71f5638bcb3e5ee1dee23788,.cache/fundonet-ime/32634bb730b581966385d98457453556a55f4fbd71f5638bcb3e5ee1dee23788,Carteiras selecionadas,Ágis
35689601000138,Ágis,02/2026,Recompras / PL,0.0,ratio,Visão Executiva canônica; cache IME local 32634bb730b581966385d98457453556a55f4fbd71f5638bcb3e5ee1dee23788,.cache/fundonet-ime/32634bb730b581966385d98457453556a55f4fbd71f5638bcb3e5ee1dee23788,Carteiras selecionadas,Ágis
35689601000138,Ágis,01/2026,Recompras / PL,0.0,ratio,Visão Executiva canônica; cache IME local 32634bb730b581966385d98457453556a55f4fbd71f5638bcb3e5ee1dee23788,.cache/fundonet-ime/32634bb730b581966385d98457453556a55f4fbd71f5638bcb3e5ee1dee23788,Carteiras selecionadas,Ágis
35689601000138,Ágis,12/2025,Recompras / PL,0.0,ratio,Visão Executiva canônica; cache IME local 32634bb730b581966385d98457453556a55f4fbd71f5638bcb3e5ee1dee23788,.cache/fundonet-ime/32634bb730b581966385d98457453556a55f4fbd71f5638bcb3e5ee1dee23788,Carteiras selecionadas,Ágis
35689601000138,Ágis,11/2025,Recompras / PL,0.0,ratio,Visão Executiva canônica; cache IME local 32634bb730b581966385d98457453556a55f4fbd71f5638bcb3e5ee1dee23788,.cache/fundonet-ime/32634bb730b581966385d98457453556a55f4fbd71f5638bcb3e5ee1dee23788,Carteiras selecionadas,Ágis
35689601000138,Ágis,10/2025,Recompras / PL,0.0,ratio,Visão Executiva canônica; cache IME local 32634bb730b581966385d98457453556a55f4fbd71f5638bcb3e5ee1dee23788,.cache/fundonet-ime/32634bb730b581966385d98457453556a55f4fbd71f5638bcb3e5ee1dee23788,Carteiras selecionadas,Ágis
35689601000138,Ágis,09/2025,Recompras / PL,0.0,ratio,Visão Executiva canônica; cache IME local 32634bb730b581966385d98457453556a55f4fbd71f5638bcb3e5ee1dee23788,.cache/fundonet-ime/32634bb730b581966385d98457453556a55f4fbd71f5638bcb3e5ee1dee23788,Carteiras selecionadas,Ágis
35689601000138,Ágis,08/2025,Recompras / PL,0.0,ratio,Visão Executiva canônica; cache IME local 32634bb730b581966385d98457453556a55f4fbd71f5638bcb3e5ee1dee23788,.cache/fundonet-ime/32634bb730b581966385d98457453556a55f4fbd71f5638bcb3e5ee1dee23788,Carteiras selecionadas,Ágis
35689601000138,Ágis,07/2025,Recompras / PL,0.0,ratio,Visão Executiva canônica; cache IME local 32634bb730b581966385d98457453556a55f4fbd71f5638bcb3e5ee1dee23788,.cache/fundonet-ime/32634bb730b581966385d98457453556a55f4fbd71f5638bcb3e5ee1dee23788,Carteiras selecionadas,Ágis
35689601000138,Ágis,06/2025,Recompras / PL,0.0,ratio,Visão Executiva canônica; cache IME local 32634bb730b581966385d98457453556a55f4fbd71f5638bcb3e5ee1dee23788,.cache/fundonet-ime/32634bb730b581966385d98457453556a55f4fbd71f5638bcb3e5ee1dee23788,Carteiras selecionadas,Ágis
35689601000138,Ágis,05/2025,Recompras / PL,0.0,ratio,Visão Executiva canônica; cache IME local 32634bb730b581966385d98457453556a55f4fbd71f5638bcb3e5ee1dee23788,.cache/fundonet-ime/32634bb730b581966385d98457453556a55f4fbd71f5638bcb3e5ee1dee23788,Carteiras selecionadas,Ágis
35689601000138,Ágis,04/2025,Recompras / PL,0.0,ratio,Visão Executiva canônica; cache IME local 32634bb730b581966385d98457453556a55f4fbd71f5638bcb3e5ee1dee23788,.cache/fundonet-ime/32634bb730b581966385d98457453556a55f4fbd71f5638bcb3e5ee1dee23788,Carteiras selecionadas,Ágis
35689601000138,Ágis,03/2025,Recompras / PL,0.0,ratio,Visão Executiva canônica; cache IME local 32634bb730b581966385d98457453556a55f4fbd71f5638bcb3e5ee1dee23788,.cache/fundonet-ime/32634bb730b581966385d98457453556a55f4fbd71f5638bcb3e5ee1dee23788,Carteiras selecionadas,Ágis
35689601000138,Ágis,02/2025,Recompras / PL,0.0,ratio,Visão Executiva canônica; cache IME local 32634bb730b581966385d98457453556a55f4fbd71f5638bcb3e5ee1dee23788,.cache/fundonet-ime/32634bb730b581966385d98457453556a55f4fbd71f5638bcb3e5ee1dee23788,Carteiras selecionadas,Ágis
35689601000138,Ágis,01/2025,Recompras / PL,0.0,ratio,Visão Executiva canônica; cache IME local 32634bb730b581966385d98457453556a55f4fbd71f5638bcb3e5ee1dee23788,.cache/fundonet-ime/32634bb730b581966385d98457453556a55f4fbd71f5638bcb3e5ee1dee23788,Carteiras selecionadas,Ágis
35689601000138,Ágis,12/2024,Recompras / PL,0.0,ratio,Visão Executiva canônica; cache IME local 32634bb730b581966385d98457453556a55f4fbd71f5638bcb3e5ee1dee23788,.cache/fundonet-ime/32634bb730b581966385d98457453556a55f4fbd71f5638bcb3e5ee1dee23788,Carteiras selecionadas,Ágis
35689601000138,Ágis,11/2024,Recompras / PL,0.0,ratio,Visão Executiva canônica; cache IME local 32634bb730b581966385d98457453556a55f4fbd71f5638bcb3e5ee1dee23788,.cache/fundonet-ime/32634bb730b581966385d98457453556a55f4fbd71f5638bcb3e5ee1dee23788,Carteiras selecionadas,Ágis
35689601000138,Ágis,10/2024,Recompras / PL,0.0,ratio,Visão Executiva canônica; cache IME local 32634bb730b581966385d98457453556a55f4fbd71f5638bcb3e5ee1dee23788,.cache/fundonet-ime/32634bb730b581966385d98457453556a55f4fbd71f5638bcb3e5ee1dee23788,Carteiras selecionadas,Ágis
35689601000138,Ágis,09/2024,Recompras / PL,0.0,ratio,Visão Executiva canônica; cache IME local 32634bb730b581966385d98457453556a55f4fbd71f5638bcb3e5ee1dee23788,.cache/fundonet-ime/32634bb730b581966385d98457453556a55f4fbd71f5638bcb3e5ee1dee23788,Carteiras selecionadas,Ágis
35689601000138,Ágis,08/2024,Recompras / PL,0.0,ratio,Visão Executiva canônica; cache IME local 32634bb730b581966385d98457453556a55f4fbd71f5638bcb3e5ee1dee23788,.cache/fundonet-ime/32634bb730b581966385d98457453556a55f4fbd71f5638bcb3e5ee1dee23788,Carteiras selecionadas,Ágis
35689601000138,Ágis,07/2024,Recompras / PL,0.0,ratio,Visão Executiva canônica; cache IME local 32634bb730b581966385d98457453556a55f4fbd71f5638bcb3e5ee1dee23788,.cache/fundonet-ime/32634bb730b581966385d98457453556a55f4fbd71f5638bcb3e5ee1dee23788,Carteiras selecionadas,Ágis
35689601000138,Ágis,06/2026,Cotas SR / PL %,0.0,%,Visão Executiva canônica; cache IME local 32634bb730b581966385d98457453556a55f4fbd71f5638bcb3e5ee1dee23788,.cache/fundonet-ime/32634bb730b581966385d98457453556a55f4fbd71f5638bcb3e5ee1dee23788,Carteiras selecionadas,Ágis
35689601000138,Ágis,05/2026,Cotas SR / PL %,0.0,%,Visão Executiva canônica; cache IME local 32634bb730b581966385d98457453556a55f4fbd71f5638bcb3e5ee1dee23788,.cache/fundonet-ime/32634bb730b581966385d98457453556a55f4fbd71f5638bcb3e5ee1dee23788,Carteiras selecionadas,Ágis
35689601000138,Ágis,04/2026,Cotas SR / PL %,0.0,%,Visão Executiva canônica; cache IME local 32634bb730b581966385d98457453556a55f4fbd71f5638bcb3e5ee1dee23788,.cache/fundonet-ime/32634bb730b581966385d98457453556a55f4fbd71f5638bcb3e5ee1dee23788,Carteiras selecionadas,Ágis
35689601000138,Ágis,03/2026,Cotas SR / PL %,0.0,%,Visão Executiva canônica; cache IME local 32634bb730b581966385d98457453556a55f4fbd71f5638bcb3e5ee1dee23788,.cache/fundonet-ime/32634bb730b581966385d98457453556a55f4fbd71f5638bcb3e5ee1dee23788,Carteiras selecionadas,Ágis
35689601000138,Ágis,02/2026,Cotas SR / PL %,0.0,%,Visão Executiva canônica; cache IME local 32634bb730b581966385d98457453556a55f4fbd71f5638bcb3e5ee1dee23788,.cache/fundonet-ime/32634bb730b581966385d98457453556a55f4fbd71f5638bcb3e5ee1dee23788,Carteiras selecionadas,Ágis
35689601000138,Ágis,01/2026,Cotas SR / PL %,0.0,%,Visão Executiva canônica; cache IME local 32634bb730b581966385d98457453556a55f4fbd71f5638bcb3e5ee1dee23788,.cache/fundonet-ime/32634bb730b581966385d98457453556a55f4fbd71f5638bcb3e5ee1dee23788,Carteiras selecionadas,Ágis
35689601000138,Ágis,12/2025,Cotas SR / PL %,0.0,%,Visão Executiva canônica; cache IME local 32634bb730b581966385d98457453556a55f4fbd71f5638bcb3e5ee1dee23788,.cache/fundonet-ime/32634bb730b581966385d98457453556a55f4fbd71f5638bcb3e5ee1dee23788,Carteiras selecionadas,Ágis
35689601000138,Ágis,11/2025,Cotas SR / PL %,0.0,%,Visão Executiva canônica; cache IME local 32634bb730b581966385d98457453556a55f4fbd71f5638bcb3e5ee1dee23788,.cache/fundonet-ime/32634bb730b581966385d98457453556a55f4fbd71f5638bcb3e5ee1dee23788,Carteiras selecionadas,Ágis
35689601000138,Ágis,10/2025,Cotas SR / PL %,0.0,%,Visão Executiva canônica; cache IME local 32634bb730b581966385d98457453556a55f4fbd71f5638bcb3e5ee1dee23788,.cache/fundonet-ime/32634bb730b581966385d98457453556a55f4fbd71f5638bcb3e5ee1dee23788,Carteiras selecionadas,Ágis
35689601000138,Ágis,09/2025,Cotas SR / PL %,0.0,%,Visão Executiva canônica; cache IME local 32634bb730b581966385d98457453556a55f4fbd71f5638bcb3e5ee1dee23788,.cache/fundonet-ime/32634bb730b581966385d98457453556a55f4fbd71f5638bcb3e5ee1dee23788,Carteiras selecionadas,Ágis
35689601000138,Ágis,08/2025,Cotas SR / PL %,0.0,%,Visão Executiva canônica; cache IME local 32634bb730b581966385d98457453556a55f4fbd71f5638bcb3e5ee1dee23788,.cache/fundonet-ime/32634bb730b581966385d98457453556a55f4fbd71f5638bcb3e5ee1dee23788,Carteiras selecionadas,Ágis
35689601000138,Ágis,07/2025,Cotas SR / PL %,0.0,%,Visão Executiva canônica; cache IME local 32634bb730b581966385d98457453556a55f4fbd71f5638bcb3e5ee1dee23788,.cache/fundonet-ime/32634bb730b581966385d98457453556a55f4fbd71f5638bcb3e5ee1dee23788,Carteiras selecionadas,Ágis
35689601000138,Ágis,06/2025,Cotas SR / PL %,0.0,%,Visão Executiva canônica; cache IME local 32634bb730b581966385d98457453556a55f4fbd71f5638bcb3e5ee1dee23788,.cache/fundonet-ime/32634bb730b581966385d98457453556a55f4fbd71f5638bcb3e5ee1dee23788,Carteiras selecionadas,Ágis
35689601000138,Ágis,05/2025,Cotas SR / PL %,0.0,%,Visão Executiva canônica; cache IME local 32634bb730b581966385d98457453556a55f4fbd71f5638bcb3e5ee1dee23788,.cache/fundonet-ime/32634bb730b581966385d98457453556a55f4fbd71f5638bcb3e5ee1dee23788,Carteiras selecionadas,Ágis
35689601000138,Ágis,04/2025,Cotas SR / PL %,0.0,%,Visão Executiva canônica; cache IME local 32634bb730b581966385d98457453556a55f4fbd71f5638bcb3e5ee1dee23788,.cache/fundonet-ime/32634bb730b581966385d98457453556a55f4fbd71f5638bcb3e5ee1dee23788,Carteiras selecionadas,Ágis
35689601000138,Ágis,03/2025,Cotas SR / PL %,0.0,%,Visão Executiva canônica; cache IME local 32634bb730b581966385d98457453556a55f4fbd71f5638bcb3e5ee1dee23788,.cache/fundonet-ime/32634bb730b581966385d98457453556a55f4fbd71f5638bcb3e5ee1dee23788,Carteiras selecionadas,Ágis
35689601000138,Ágis,02/2025,Cotas SR / PL %,0.0,%,Visão Executiva canônica; cache IME local 32634bb730b581966385d98457453556a55f4fbd71f5638bcb3e5ee1dee23788,.cache/fundonet-ime/32634bb730b581966385d98457453556a55f4fbd71f5638bcb3e5ee1dee23788,Carteiras selecionadas,Ágis
35689601000138,Ágis,01/2025,Cotas SR / PL %,0.0,%,Visão Executiva canônica; cache IME local 32634bb730b581966385d98457453556a55f4fbd71f5638bcb3e5ee1dee23788,.cache/fundonet-ime/32634bb730b581966385d98457453556a55f4fbd71f5638bcb3e5ee1dee23788,Carteiras selecionadas,Ágis
35689601000138,Ágis,12/2024,Cotas SR / PL %,0.0,%,Visão Executiva canônica; cache IME local 32634bb730b581966385d98457453556a55f4fbd71f5638bcb3e5ee1dee23788,.cache/fundonet-ime/32634bb730b581966385d98457453556a55f4fbd71f5638bcb3e5ee1dee23788,Carteiras selecionadas,Ágis
35689601000138,Ágis,11/2024,Cotas SR / PL %,0.0,%,Visão Executiva canônica; cache IME local 32634bb730b581966385d98457453556a55f4fbd71f5638bcb3e5ee1dee23788,.cache/fundonet-ime/32634bb730b581966385d98457453556a55f4fbd71f5638bcb3e5ee1dee23788,Carteiras selecionadas,Ágis
35689601000138,Ágis,10/2024,Cotas SR / PL %,0.0,%,Visão Executiva canônica; cache IME local 32634bb730b581966385d98457453556a55f4fbd71f5638bcb3e5ee1dee23788,.cache/fundonet-ime/32634bb730b581966385d98457453556a55f4fbd71f5638bcb3e5ee1dee23788,Carteiras selecionadas,Ágis
35689601000138,Ágis,09/2024,Cotas SR / PL %,0.0,%,Visão Executiva canônica; cache IME local 32634bb730b581966385d98457453556a55f4fbd71f5638bcb3e5ee1dee23788,.cache/fundonet-ime/32634bb730b581966385d98457453556a55f4fbd71f5638bcb3e5ee1dee23788,Carteiras selecionadas,Ágis
35689601000138,Ágis,08/2024,Cotas SR / PL %,0.0,%,Visão Executiva canônica; cache IME local 32634bb730b581966385d98457453556a55f4fbd71f5638bcb3e5ee1dee23788,.cache/fundonet-ime/32634bb730b581966385d98457453556a55f4fbd71f5638bcb3e5ee1dee23788,Carteiras selecionadas,Ágis
35689601000138,Ágis,07/2024,Cotas SR / PL %,0.0,%,Visão Executiva canônica; cache IME local 32634bb730b581966385d98457453556a55f4fbd71f5638bcb3e5ee1dee23788,.cache/fundonet-ime/32634bb730b581966385d98457453556a55f4fbd71f5638bcb3e5ee1dee23788,Carteiras selecionadas,Ágis
35689601000138,Ágis,06/2026,Cotas Sub / PL %,100.00000000013615,%,Visão Executiva canônica; cache IME local 32634bb730b581966385d98457453556a55f4fbd71f5638bcb3e5ee1dee23788,.cache/fundonet-ime/32634bb730b581966385d98457453556a55f4fbd71f5638bcb3e5ee1dee23788,Carteiras selecionadas,Ágis
35689601000138,Ágis,05/2026,Cotas Sub / PL %,100.00000000001863,%,Visão Executiva canônica; cache IME local 32634bb730b581966385d98457453556a55f4fbd71f5638bcb3e5ee1dee23788,.cache/fundonet-ime/32634bb730b581966385d98457453556a55f4fbd71f5638bcb3e5ee1dee23788,Carteiras selecionadas,Ágis
35689601000138,Ágis,04/2026,Cotas Sub / PL %,99.99999999982116,%,Visão Executiva canônica; cache IME local 32634bb730b581966385d98457453556a55f4fbd71f5638bcb3e5ee1dee23788,.cache/fundonet-ime/32634bb730b581966385d98457453556a55f4fbd71f5638bcb3e5ee1dee23788,Carteiras selecionadas,Ágis
35689601000138,Ágis,03/2026,Cotas Sub / PL %,100.00000000009123,%,Visão Executiva canônica; cache IME local 32634bb730b581966385d98457453556a55f4fbd71f5638bcb3e5ee1dee23788,.cache/fundonet-ime/32634bb730b581966385d98457453556a55f4fbd71f5638bcb3e5ee1dee23788,Carteiras selecionadas,Ágis
35689601000138,Ágis,02/2026,Cotas Sub / PL %,100.00000000012734,%,Visão Executiva canônica; cache IME local 32634bb730b581966385d98457453556a55f4fbd71f5638bcb3e5ee1dee23788,.cache/fundonet-ime/32634bb730b581966385d98457453556a55f4fbd71f5638bcb3e5ee1dee23788,Carteiras selecionadas,Ágis
35689601000138,Ágis,01/2026,Cotas Sub / PL %,100.00000000000466,%,Visão Executiva canônica; cache IME local 32634bb730b581966385d98457453556a55f4fbd71f5638bcb3e5ee1dee23788,.cache/fundonet-ime/32634bb730b581966385d98457453556a55f4fbd71f5638bcb3e5ee1dee23788,Carteiras selecionadas,Ágis
35689601000138,Ágis,12/2025,Cotas Sub / PL %,100.0000000000859,%,Visão Executiva canônica; cache IME local 32634bb730b581966385d98457453556a55f4fbd71f5638bcb3e5ee1dee23788,.cache/fundonet-ime/32634bb730b581966385d98457453556a55f4fbd71f5638bcb3e5ee1dee23788,Carteiras selecionadas,Ágis
35689601000138,Ágis,11/2025,Cotas Sub / PL %,99.99999999989407,%,Visão Executiva canônica; cache IME local 32634bb730b581966385d98457453556a55f4fbd71f5638bcb3e5ee1dee23788,.cache/fundonet-ime/32634bb730b581966385d98457453556a55f4fbd71f5638bcb3e5ee1dee23788,Carteiras selecionadas,Ágis
35689601000138,Ágis,10/2025,Cotas Sub / PL %,99.9999999999379,%,Visão Executiva canônica; cache IME local 32634bb730b581966385d98457453556a55f4fbd71f5638bcb3e5ee1dee23788,.cache/fundonet-ime/32634bb730b581966385d98457453556a55f4fbd71f5638bcb3e5ee1dee23788,Carteiras selecionadas,Ágis
35689601000138,Ágis,09/2025,Cotas Sub / PL %,100.00000000005107,%,Visão Executiva canônica; cache IME local 32634bb730b581966385d98457453556a55f4fbd71f5638bcb3e5ee1dee23788,.cache/fundonet-ime/32634bb730b581966385d98457453556a55f4fbd71f5638bcb3e5ee1dee23788,Carteiras selecionadas,Ágis
35689601000138,Ágis,08/2025,Cotas Sub / PL %,99.99999999980679,%,Visão Executiva canônica; cache IME local 32634bb730b581966385d98457453556a55f4fbd71f5638bcb3e5ee1dee23788,.cache/fundonet-ime/32634bb730b581966385d98457453556a55f4fbd71f5638bcb3e5ee1dee23788,Carteiras selecionadas,Ágis
35689601000138,Ágis,07/2025,Cotas Sub / PL %,99.99999999980997,%,Visão Executiva canônica; cache IME local 32634bb730b581966385d98457453556a55f4fbd71f5638bcb3e5ee1dee23788,.cache/fundonet-ime/32634bb730b581966385d98457453556a55f4fbd71f5638bcb3e5ee1dee23788,Carteiras selecionadas,Ágis
35689601000138,Ágis,06/2025,Cotas Sub / PL %,99.99999999991296,%,Visão Executiva canônica; cache IME local 32634bb730b581966385d98457453556a55f4fbd71f5638bcb3e5ee1dee23788,.cache/fundonet-ime/32634bb730b581966385d98457453556a55f4fbd71f5638bcb3e5ee1dee23788,Carteiras selecionadas,Ágis
35689601000138,Ágis,05/2025,Cotas Sub / PL %,99.99999999992485,%,Visão Executiva canônica; cache IME local 32634bb730b581966385d98457453556a55f4fbd71f5638bcb3e5ee1dee23788,.cache/fundonet-ime/32634bb730b581966385d98457453556a55f4fbd71f5638bcb3e5ee1dee23788,Carteiras selecionadas,Ágis
35689601000138,Ágis,04/2025,Cotas Sub / PL %,100.00000000014589,%,Visão Executiva canônica; cache IME local 32634bb730b581966385d98457453556a55f4fbd71f5638bcb3e5ee1dee23788,.cache/fundonet-ime/32634bb730b581966385d98457453556a55f4fbd71f5638bcb3e5ee1dee23788,Carteiras selecionadas,Ágis
35689601000138,Ágis,03/2025,Cotas Sub / PL %,99.9999999977965,%,Visão Executiva canônica; cache IME local 32634bb730b581966385d98457453556a55f4fbd71f5638bcb3e5ee1dee23788,.cache/fundonet-ime/32634bb730b581966385d98457453556a55f4fbd71f5638bcb3e5ee1dee23788,Carteiras selecionadas,Ágis
35689601000138,Ágis,02/2025,Cotas Sub / PL %,99.99999999978897,%,Visão Executiva canônica; cache IME local 32634bb730b581966385d98457453556a55f4fbd71f5638bcb3e5ee1dee23788,.cache/fundonet-ime/32634bb730b581966385d98457453556a55f4fbd71f5638bcb3e5ee1dee23788,Carteiras selecionadas,Ágis
35689601000138,Ágis,01/2025,Cotas Sub / PL %,100.00000000021048,%,Visão Executiva canônica; cache IME local 32634bb730b581966385d98457453556a55f4fbd71f5638bcb3e5ee1dee23788,.cache/fundonet-ime/32634bb730b581966385d98457453556a55f4fbd71f5638bcb3e5ee1dee23788,Carteiras selecionadas,Ágis
35689601000138,Ágis,12/2024,Cotas Sub / PL %,99.99999998834039,%,Visão Executiva canônica; cache IME local 32634bb730b581966385d98457453556a55f4fbd71f5638bcb3e5ee1dee23788,.cache/fundonet-ime/32634bb730b581966385d98457453556a55f4fbd71f5638bcb3e5ee1dee23788,Carteiras selecionadas,Ágis
35689601000138,Ágis,11/2024,Cotas Sub / PL %,99.99999999985563,%,Visão Executiva canônica; cache IME local 32634bb730b581966385d98457453556a55f4fbd71f5638bcb3e5ee1dee23788,.cache/fundonet-ime/32634bb730b581966385d98457453556a55f4fbd71f5638bcb3e5ee1dee23788,Carteiras selecionadas,Ágis
35689601000138,Ágis,10/2024,Cotas Sub / PL %,100.00000000002775,%,Visão Executiva canônica; cache IME local 32634bb730b581966385d98457453556a55f4fbd71f5638bcb3e5ee1dee23788,.cache/fundonet-ime/32634bb730b581966385d98457453556a55f4fbd71f5638bcb3e5ee1dee23788,Carteiras selecionadas,Ágis
35689601000138,Ágis,09/2024,Cotas Sub / PL %,100.00000000022989,%,Visão Executiva canônica; cache IME local 32634bb730b581966385d98457453556a55f4fbd71f5638bcb3e5ee1dee23788,.cache/fundonet-ime/32634bb730b581966385d98457453556a55f4fbd71f5638bcb3e5ee1dee23788,Carteiras selecionadas,Ágis
35689601000138,Ágis,08/2024,Cotas Sub / PL %,100.00000000000165,%,Visão Executiva canônica; cache IME local 32634bb730b581966385d98457453556a55f4fbd71f5638bcb3e5ee1dee23788,.cache/fundonet-ime/32634bb730b581966385d98457453556a55f4fbd71f5638bcb3e5ee1dee23788,Carteiras selecionadas,Ágis
35689601000138,Ágis,07/2024,Cotas Sub / PL %,100.00000000015072,%,Visão Executiva canônica; cache IME local 32634bb730b581966385d98457453556a55f4fbd71f5638bcb3e5ee1dee23788,.cache/fundonet-ime/32634bb730b581966385d98457453556a55f4fbd71f5638bcb3e5ee1dee23788,Carteiras selecionadas,Ágis
35689601000138,Ágis,06/2026,Rentabilidade SR % a.m.,0.0,%,Visão Executiva canônica; cache IME local 32634bb730b581966385d98457453556a55f4fbd71f5638bcb3e5ee1dee23788,.cache/fundonet-ime/32634bb730b581966385d98457453556a55f4fbd71f5638bcb3e5ee1dee23788,Carteiras selecionadas,Ágis
35689601000138,Ágis,05/2026,Rentabilidade SR % a.m.,0.0,%,Visão Executiva canônica; cache IME local 32634bb730b581966385d98457453556a55f4fbd71f5638bcb3e5ee1dee23788,.cache/fundonet-ime/32634bb730b581966385d98457453556a55f4fbd71f5638bcb3e5ee1dee23788,Carteiras selecionadas,Ágis
35689601000138,Ágis,04/2026,Rentabilidade SR % a.m.,0.0,%,Visão Executiva canônica; cache IME local 32634bb730b581966385d98457453556a55f4fbd71f5638bcb3e5ee1dee23788,.cache/fundonet-ime/32634bb730b581966385d98457453556a55f4fbd71f5638bcb3e5ee1dee23788,Carteiras selecionadas,Ágis
35689601000138,Ágis,03/2026,Rentabilidade SR % a.m.,0.0,%,Visão Executiva canônica; cache IME local 32634bb730b581966385d98457453556a55f4fbd71f5638bcb3e5ee1dee23788,.cache/fundonet-ime/32634bb730b581966385d98457453556a55f4fbd71f5638bcb3e5ee1dee23788,Carteiras selecionadas,Ágis
35689601000138,Ágis,02/2026,Rentabilidade SR % a.m.,0.0,%,Visão Executiva canônica; cache IME local 32634bb730b581966385d98457453556a55f4fbd71f5638bcb3e5ee1dee23788,.cache/fundonet-ime/32634bb730b581966385d98457453556a55f4fbd71f5638bcb3e5ee1dee23788,Carteiras selecionadas,Ágis
35689601000138,Ágis,01/2026,Rentabilidade SR % a.m.,0.0,%,Visão Executiva canônica; cache IME local 32634bb730b581966385d98457453556a55f4fbd71f5638bcb3e5ee1dee23788,.cache/fundonet-ime/32634bb730b581966385d98457453556a55f4fbd71f5638bcb3e5ee1dee23788,Carteiras selecionadas,Ágis
35689601000138,Ágis,12/2025,Rentabilidade SR % a.m.,0.0,%,Visão Executiva canônica; cache IME local 32634bb730b581966385d98457453556a55f4fbd71f5638bcb3e5ee1dee23788,.cache/fundonet-ime/32634bb730b581966385d98457453556a55f4fbd71f5638bcb3e5ee1dee23788,Carteiras selecionadas,Ágis
35689601000138,Ágis,11/2025,Rentabilidade SR % a.m.,0.0,%,Visão Executiva canônica; cache IME local 32634bb730b581966385d98457453556a55f4fbd71f5638bcb3e5ee1dee23788,.cache/fundonet-ime/32634bb730b581966385d98457453556a55f4fbd71f5638bcb3e5ee1dee23788,Carteiras selecionadas,Ágis
35689601000138,Ágis,10/2025,Rentabilidade SR % a.m.,0.0,%,Visão Executiva canônica; cache IME local 32634bb730b581966385d98457453556a55f4fbd71f5638bcb3e5ee1dee23788,.cache/fundonet-ime/32634bb730b581966385d98457453556a55f4fbd71f5638bcb3e5ee1dee23788,Carteiras selecionadas,Ágis
35689601000138,Ágis,09/2025,Rentabilidade SR % a.m.,0.0,%,Visão Executiva canônica; cache IME local 32634bb730b581966385d98457453556a55f4fbd71f5638bcb3e5ee1dee23788,.cache/fundonet-ime/32634bb730b581966385d98457453556a55f4fbd71f5638bcb3e5ee1dee23788,Carteiras selecionadas,Ágis
35689601000138,Ágis,08/2025,Rentabilidade SR % a.m.,0.0,%,Visão Executiva canônica; cache IME local 32634bb730b581966385d98457453556a55f4fbd71f5638bcb3e5ee1dee23788,.cache/fundonet-ime/32634bb730b581966385d98457453556a55f4fbd71f5638bcb3e5ee1dee23788,Carteiras selecionadas,Ágis
35689601000138,Ágis,07/2025,Rentabilidade SR % a.m.,0.0,%,Visão Executiva canônica; cache IME local 32634bb730b581966385d98457453556a55f4fbd71f5638bcb3e5ee1dee23788,.cache/fundonet-ime/32634bb730b581966385d98457453556a55f4fbd71f5638bcb3e5ee1dee23788,Carteiras selecionadas,Ágis
35689601000138,Ágis,06/2025,Rentabilidade SR % a.m.,0.0,%,Visão Executiva canônica; cache IME local 32634bb730b581966385d98457453556a55f4fbd71f5638bcb3e5ee1dee23788,.cache/fundonet-ime/32634bb730b581966385d98457453556a55f4fbd71f5638bcb3e5ee1dee23788,Carteiras selecionadas,Ágis
35689601000138,Ágis,05/2025,Rentabilidade SR % a.m.,0.0,%,Visão Executiva canônica; cache IME local 32634bb730b581966385d98457453556a55f4fbd71f5638bcb3e5ee1dee23788,.cache/fundonet-ime/32634bb730b581966385d98457453556a55f4fbd71f5638bcb3e5ee1dee23788,Carteiras selecionadas,Ágis
35689601000138,Ágis,04/2025,Rentabilidade SR % a.m.,0.0,%,Visão Executiva canônica; cache IME local 32634bb730b581966385d98457453556a55f4fbd71f5638bcb3e5ee1dee23788,.cache/fundonet-ime/32634bb730b581966385d98457453556a55f4fbd71f5638bcb3e5ee1dee23788,Carteiras selecionadas,Ágis
35689601000138,Ágis,03/2025,Rentabilidade SR % a.m.,0.0,%,Visão Executiva canônica; cache IME local 32634bb730b581966385d98457453556a55f4fbd71f5638bcb3e5ee1dee23788,.cache/fundonet-ime/32634bb730b581966385d98457453556a55f4fbd71f5638bcb3e5ee1dee23788,Carteiras selecionadas,Ágis
35689601000138,Ágis,02/2025,Rentabilidade SR % a.m.,0.0,%,Visão Executiva canônica; cache IME local 32634bb730b581966385d98457453556a55f4fbd71f5638bcb3e5ee1dee23788,.cache/fundonet-ime/32634bb730b581966385d98457453556a55f4fbd71f5638bcb3e5ee1dee23788,Carteiras selecionadas,Ágis
35689601000138,Ágis,01/2025,Rentabilidade SR % a.m.,0.0,%,Visão Executiva canônica; cache IME local 32634bb730b581966385d98457453556a55f4fbd71f5638bcb3e5ee1dee23788,.cache/fundonet-ime/32634bb730b581966385d98457453556a55f4fbd71f5638bcb3e5ee1dee23788,Carteiras selecionadas,Ágis
35689601000138,Ágis,12/2024,Rentabilidade SR % a.m.,0.0,%,Visão Executiva canônica; cache IME local 32634bb730b581966385d98457453556a55f4fbd71f5638bcb3e5ee1dee23788,.cache/fundonet-ime/32634bb730b581966385d98457453556a55f4fbd71f5638bcb3e5ee1dee23788,Carteiras selecionadas,Ágis
35689601000138,Ágis,11/2024,Rentabilidade SR % a.m.,0.0,%,Visão Executiva canônica; cache IME local 32634bb730b581966385d98457453556a55f4fbd71f5638bcb3e5ee1dee23788,.cache/fundonet-ime/32634bb730b581966385d98457453556a55f4fbd71f5638bcb3e5ee1dee23788,Carteiras selecionadas,Ágis
35689601000138,Ágis,10/2024,Rentabilidade SR % a.m.,0.0,%,Visão Executiva canônica; cache IME local 32634bb730b581966385d98457453556a55f4fbd71f5638bcb3e5ee1dee23788,.cache/fundonet-ime/32634bb730b581966385d98457453556a55f4fbd71f5638bcb3e5ee1dee23788,Carteiras selecionadas,Ágis
35689601000138,Ágis,09/2024,Rentabilidade SR % a.m.,0.0,%,Visão Executiva canônica; cache IME local 32634bb730b581966385d98457453556a55f4fbd71f5638bcb3e5ee1dee23788,.cache/fundonet-ime/32634bb730b581966385d98457453556a55f4fbd71f5638bcb3e5ee1dee23788,Carteiras selecionadas,Ágis
35689601000138,Ágis,08/2024,Rentabilidade SR % a.m.,0.0,%,Visão Executiva canônica; cache IME local 32634bb730b581966385d98457453556a55f4fbd71f5638bcb3e5ee1dee23788,.cache/fundonet-ime/32634bb730b581966385d98457453556a55f4fbd71f5638bcb3e5ee1dee23788,Carteiras selecionadas,Ágis
35689601000138,Ágis,07/2024,Rentabilidade SR % a.m.,0.0,%,Visão Executiva canônica; cache IME local 32634bb730b581966385d98457453556a55f4fbd71f5638bcb3e5ee1dee23788,.cache/fundonet-ime/32634bb730b581966385d98457453556a55f4fbd71f5638bcb3e5ee1dee23788,Carteiras selecionadas,Ágis
35689601000138,Ágis,06/2026,Rentabilidade Sub % a.m.,1.16,%,Visão Executiva canônica; cache IME local 32634bb730b581966385d98457453556a55f4fbd71f5638bcb3e5ee1dee23788,.cache/fundonet-ime/32634bb730b581966385d98457453556a55f4fbd71f5638bcb3e5ee1dee23788,Carteiras selecionadas,Ágis
35689601000138,Ágis,05/2026,Rentabilidade Sub % a.m.,2.62,%,Visão Executiva canônica; cache IME local 32634bb730b581966385d98457453556a55f4fbd71f5638bcb3e5ee1dee23788,.cache/fundonet-ime/32634bb730b581966385d98457453556a55f4fbd71f5638bcb3e5ee1dee23788,Carteiras selecionadas,Ágis
35689601000138,Ágis,04/2026,Rentabilidade Sub % a.m.,1.8699999999999999,%,Visão Executiva canônica; cache IME local 32634bb730b581966385d98457453556a55f4fbd71f5638bcb3e5ee1dee23788,.cache/fundonet-ime/32634bb730b581966385d98457453556a55f4fbd71f5638bcb3e5ee1dee23788,Carteiras selecionadas,Ágis
35689601000138,Ágis,03/2026,Rentabilidade Sub % a.m.,1.31,%,Visão Executiva canônica; cache IME local 32634bb730b581966385d98457453556a55f4fbd71f5638bcb3e5ee1dee23788,.cache/fundonet-ime/32634bb730b581966385d98457453556a55f4fbd71f5638bcb3e5ee1dee23788,Carteiras selecionadas,Ágis
35689601000138,Ágis,02/2026,Rentabilidade Sub % a.m.,2.55,%,Visão Executiva canônica; cache IME local 32634bb730b581966385d98457453556a55f4fbd71f5638bcb3e5ee1dee23788,.cache/fundonet-ime/32634bb730b581966385d98457453556a55f4fbd71f5638bcb3e5ee1dee23788,Carteiras selecionadas,Ágis
35689601000138,Ágis,01/2026,Rentabilidade Sub % a.m.,-3.17,%,Visão Executiva canônica; cache IME local 32634bb730b581966385d98457453556a55f4fbd71f5638bcb3e5ee1dee23788,.cache/fundonet-ime/32634bb730b581966385d98457453556a55f4fbd71f5638bcb3e5ee1dee23788,Carteiras selecionadas,Ágis
35689601000138,Ágis,12/2025,Rentabilidade Sub % a.m.,1.6999999999999997,%,Visão Executiva canônica; cache IME local 32634bb730b581966385d98457453556a55f4fbd71f5638bcb3e5ee1dee23788,.cache/fundonet-ime/32634bb730b581966385d98457453556a55f4fbd71f5638bcb3e5ee1dee23788,Carteiras selecionadas,Ágis
35689601000138,Ágis,11/2025,Rentabilidade Sub % a.m.,12.4,%,Visão Executiva canônica; cache IME local 32634bb730b581966385d98457453556a55f4fbd71f5638bcb3e5ee1dee23788,.cache/fundonet-ime/32634bb730b581966385d98457453556a55f4fbd71f5638bcb3e5ee1dee23788,Carteiras selecionadas,Ágis
35689601000138,Ágis,10/2025,Rentabilidade Sub % a.m.,-0.87,%,Visão Executiva canônica; cache IME local 32634bb730b581966385d98457453556a55f4fbd71f5638bcb3e5ee1dee23788,.cache/fundonet-ime/32634bb730b581966385d98457453556a55f4fbd71f5638bcb3e5ee1dee23788,Carteiras selecionadas,Ágis
35689601000138,Ágis,09/2025,Rentabilidade Sub % a.m.,-8.31,%,Visão Executiva canônica; cache IME local 32634bb730b581966385d98457453556a55f4fbd71f5638bcb3e5ee1dee23788,.cache/fundonet-ime/32634bb730b581966385d98457453556a55f4fbd71f5638bcb3e5ee1dee23788,Carteiras selecionadas,Ágis
35689601000138,Ágis,08/2025,Rentabilidade Sub % a.m.,-2.94,%,Visão Executiva canônica; cache IME local 32634bb730b581966385d98457453556a55f4fbd71f5638bcb3e5ee1dee23788,.cache/fundonet-ime/32634bb730b581966385d98457453556a55f4fbd71f5638bcb3e5ee1dee23788,Carteiras selecionadas,Ágis
35689601000138,Ágis,07/2025,Rentabilidade Sub % a.m.,13.07,%,Visão Executiva canônica; cache IME local 32634bb730b581966385d98457453556a55f4fbd71f5638bcb3e5ee1dee23788,.cache/fundonet-ime/32634bb730b581966385d98457453556a55f4fbd71f5638bcb3e5ee1dee23788,Carteiras selecionadas,Ágis
35689601000138,Ágis,06/2025,Rentabilidade Sub % a.m.,2.84,%,Visão Executiva canônica; cache IME local 32634bb730b581966385d98457453556a55f4fbd71f5638bcb3e5ee1dee23788,.cache/fundonet-ime/32634bb730b581966385d98457453556a55f4fbd71f5638bcb3e5ee1dee23788,Carteiras selecionadas,Ágis
35689601000138,Ágis,05/2025,Rentabilidade Sub % a.m.,-8.01,%,Visão Executiva canônica; cache IME local 32634bb730b581966385d98457453556a55f4fbd71f5638bcb3e5ee1dee23788,.cache/fundonet-ime/32634bb730b581966385d98457453556a55f4fbd71f5638bcb3e5ee1dee23788,Carteiras selecionadas,Ágis
35689601000138,Ágis,04/2025,Rentabilidade Sub % a.m.,-1.91,%,Visão Executiva canônica; cache IME local 32634bb730b581966385d98457453556a55f4fbd71f5638bcb3e5ee1dee23788,.cache/fundonet-ime/32634bb730b581966385d98457453556a55f4fbd71f5638bcb3e5ee1dee23788,Carteiras selecionadas,Ágis
35689601000138,Ágis,03/2025,Rentabilidade Sub % a.m.,1.85,%,Visão Executiva canônica; cache IME local 32634bb730b581966385d98457453556a55f4fbd71f5638bcb3e5ee1dee23788,.cache/fundonet-ime/32634bb730b581966385d98457453556a55f4fbd71f5638bcb3e5ee1dee23788,Carteiras selecionadas,Ágis
35689601000138,Ágis,02/2025,Rentabilidade Sub % a.m.,3.14,%,Visão Executiva canônica; cache IME local 32634bb730b581966385d98457453556a55f4fbd71f5638bcb3e5ee1dee23788,.cache/fundonet-ime/32634bb730b581966385d98457453556a55f4fbd71f5638bcb3e5ee1dee23788,Carteiras selecionadas,Ágis
35689601000138,Ágis,01/2025,Rentabilidade Sub % a.m.,4.94,%,Visão Executiva canônica; cache IME local 32634bb730b581966385d98457453556a55f4fbd71f5638bcb3e5ee1dee23788,.cache/fundonet-ime/32634bb730b581966385d98457453556a55f4fbd71f5638bcb3e5ee1dee23788,Carteiras selecionadas,Ágis
35689601000138,Ágis,12/2024,Rentabilidade Sub % a.m.,-2.7000000000000006,%,Visão Executiva canônica; cache IME local 32634bb730b581966385d98457453556a55f4fbd71f5638bcb3e5ee1dee23788,.cache/fundonet-ime/32634bb730b581966385d98457453556a55f4fbd71f5638bcb3e5ee1dee23788,Carteiras selecionadas,Ágis
35689601000138,Ágis,11/2024,Rentabilidade Sub % a.m.,2.49,%,Visão Executiva canônica; cache IME local 32634bb730b581966385d98457453556a55f4fbd71f5638bcb3e5ee1dee23788,.cache/fundonet-ime/32634bb730b581966385d98457453556a55f4fbd71f5638bcb3e5ee1dee23788,Carteiras selecionadas,Ágis
35689601000138,Ágis,10/2024,Rentabilidade Sub % a.m.,0.28,%,Visão Executiva canônica; cache IME local 32634bb730b581966385d98457453556a55f4fbd71f5638bcb3e5ee1dee23788,.cache/fundonet-ime/32634bb730b581966385d98457453556a55f4fbd71f5638bcb3e5ee1dee23788,Carteiras selecionadas,Ágis
35689601000138,Ágis,09/2024,Rentabilidade Sub % a.m.,3.42,%,Visão Executiva canônica; cache IME local 32634bb730b581966385d98457453556a55f4fbd71f5638bcb3e5ee1dee23788,.cache/fundonet-ime/32634bb730b581966385d98457453556a55f4fbd71f5638bcb3e5ee1dee23788,Carteiras selecionadas,Ágis
35689601000138,Ágis,08/2024,Rentabilidade Sub % a.m.,3.8200000000000003,%,Visão Executiva canônica; cache IME local 32634bb730b581966385d98457453556a55f4fbd71f5638bcb3e5ee1dee23788,.cache/fundonet-ime/32634bb730b581966385d98457453556a55f4fbd71f5638bcb3e5ee1dee23788,Carteiras selecionadas,Ágis
35689601000138,Ágis,07/2024,Rentabilidade Sub % a.m.,-3.54,%,Visão Executiva canônica; cache IME local 32634bb730b581966385d98457453556a55f4fbd71f5638bcb3e5ee1dee23788,.cache/fundonet-ime/32634bb730b581966385d98457453556a55f4fbd71f5638bcb3e5ee1dee23788,Carteiras selecionadas,Ágis
35689601000138,Ágis,06/2026,Cotas MZ / PL %,0.0,%,Visão Executiva canônica; cache IME local 32634bb730b581966385d98457453556a55f4fbd71f5638bcb3e5ee1dee23788,.cache/fundonet-ime/32634bb730b581966385d98457453556a55f4fbd71f5638bcb3e5ee1dee23788,Carteiras selecionadas,Ágis
35689601000138,Ágis,05/2026,Cotas MZ / PL %,0.0,%,Visão Executiva canônica; cache IME local 32634bb730b581966385d98457453556a55f4fbd71f5638bcb3e5ee1dee23788,.cache/fundonet-ime/32634bb730b581966385d98457453556a55f4fbd71f5638bcb3e5ee1dee23788,Carteiras selecionadas,Ágis
35689601000138,Ágis,04/2026,Cotas MZ / PL %,0.0,%,Visão Executiva canônica; cache IME local 32634bb730b581966385d98457453556a55f4fbd71f5638bcb3e5ee1dee23788,.cache/fundonet-ime/32634bb730b581966385d98457453556a55f4fbd71f5638bcb3e5ee1dee23788,Carteiras selecionadas,Ágis
35689601000138,Ágis,03/2026,Cotas MZ / PL %,0.0,%,Visão Executiva canônica; cache IME local 32634bb730b581966385d98457453556a55f4fbd71f5638bcb3e5ee1dee23788,.cache/fundonet-ime/32634bb730b581966385d98457453556a55f4fbd71f5638bcb3e5ee1dee23788,Carteiras selecionadas,Ágis
35689601000138,Ágis,02/2026,Cotas MZ / PL %,0.0,%,Visão Executiva canônica; cache IME local 32634bb730b581966385d98457453556a55f4fbd71f5638bcb3e5ee1dee23788,.cache/fundonet-ime/32634bb730b581966385d98457453556a55f4fbd71f5638bcb3e5ee1dee23788,Carteiras selecionadas,Ágis
35689601000138,Ágis,01/2026,Cotas MZ / PL %,0.0,%,Visão Executiva canônica; cache IME local 32634bb730b581966385d98457453556a55f4fbd71f5638bcb3e5ee1dee23788,.cache/fundonet-ime/32634bb730b581966385d98457453556a55f4fbd71f5638bcb3e5ee1dee23788,Carteiras selecionadas,Ágis
35689601000138,Ágis,12/2025,Cotas MZ / PL %,0.0,%,Visão Executiva canônica; cache IME local 32634bb730b581966385d98457453556a55f4fbd71f5638bcb3e5ee1dee23788,.cache/fundonet-ime/32634bb730b581966385d98457453556a55f4fbd71f5638bcb3e5ee1dee23788,Carteiras selecionadas,Ágis
35689601000138,Ágis,11/2025,Cotas MZ / PL %,0.0,%,Visão Executiva canônica; cache IME local 32634bb730b581966385d98457453556a55f4fbd71f5638bcb3e5ee1dee23788,.cache/fundonet-ime/32634bb730b581966385d98457453556a55f4fbd71f5638bcb3e5ee1dee23788,Carteiras selecionadas,Ágis
35689601000138,Ágis,10/2025,Cotas MZ / PL %,0.0,%,Visão Executiva canônica; cache IME local 32634bb730b581966385d98457453556a55f4fbd71f5638bcb3e5ee1dee23788,.cache/fundonet-ime/32634bb730b581966385d98457453556a55f4fbd71f5638bcb3e5ee1dee23788,Carteiras selecionadas,Ágis
35689601000138,Ágis,09/2025,Cotas MZ / PL %,0.0,%,Visão Executiva canônica; cache IME local 32634bb730b581966385d98457453556a55f4fbd71f5638bcb3e5ee1dee23788,.cache/fundonet-ime/32634bb730b581966385d98457453556a55f4fbd71f5638bcb3e5ee1dee23788,Carteiras selecionadas,Ágis
35689601000138,Ágis,08/2025,Cotas MZ / PL %,0.0,%,Visão Executiva canônica; cache IME local 32634bb730b581966385d98457453556a55f4fbd71f5638bcb3e5ee1dee23788,.cache/fundonet-ime/32634bb730b581966385d98457453556a55f4fbd71f5638bcb3e5ee1dee23788,Carteiras selecionadas,Ágis
35689601000138,Ágis,07/2025,Cotas MZ / PL %,0.0,%,Visão Executiva canônica; cache IME local 32634bb730b581966385d98457453556a55f4fbd71f5638bcb3e5ee1dee23788,.cache/fundonet-ime/32634bb730b581966385d98457453556a55f4fbd71f5638bcb3e5ee1dee23788,Carteiras selecionadas,Ágis
35689601000138,Ágis,06/2025,Cotas MZ / PL %,0.0,%,Visão Executiva canônica; cache IME local 32634bb730b581966385d98457453556a55f4fbd71f5638bcb3e5ee1dee23788,.cache/fundonet-ime/32634bb730b581966385d98457453556a55f4fbd71f5638bcb3e5ee1dee23788,Carteiras selecionadas,Ágis
35689601000138,Ágis,05/2025,Cotas MZ / PL %,0.0,%,Visão Executiva canônica; cache IME local 32634bb730b581966385d98457453556a55f4fbd71f5638bcb3e5ee1dee23788,.cache/fundonet-ime/32634bb730b581966385d98457453556a55f4fbd71f5638bcb3e5ee1dee23788,Carteiras selecionadas,Ágis
35689601000138,Ágis,04/2025,Cotas MZ / PL %,0.0,%,Visão Executiva canônica; cache IME local 32634bb730b581966385d98457453556a55f4fbd71f5638bcb3e5ee1dee23788,.cache/fundonet-ime/32634bb730b581966385d98457453556a55f4fbd71f5638bcb3e5ee1dee23788,Carteiras selecionadas,Ágis
35689601000138,Ágis,03/2025,Cotas MZ / PL %,0.0,%,Visão Executiva canônica; cache IME local 32634bb730b581966385d98457453556a55f4fbd71f5638bcb3e5ee1dee23788,.cache/fundonet-ime/32634bb730b581966385d98457453556a55f4fbd71f5638bcb3e5ee1dee23788,Carteiras selecionadas,Ágis
35689601000138,Ágis,02/2025,Cotas MZ / PL %,0.0,%,Visão Executiva canônica; cache IME local 32634bb730b581966385d98457453556a55f4fbd71f5638bcb3e5ee1dee23788,.cache/fundonet-ime/32634bb730b581966385d98457453556a55f4fbd71f5638bcb3e5ee1dee23788,Carteiras selecionadas,Ágis
35689601000138,Ágis,01/2025,Cotas MZ / PL %,0.0,%,Visão Executiva canônica; cache IME local 32634bb730b581966385d98457453556a55f4fbd71f5638bcb3e5ee1dee23788,.cache/fundonet-ime/32634bb730b581966385d98457453556a55f4fbd71f5638bcb3e5ee1dee23788,Carteiras selecionadas,Ágis
35689601000138,Ágis,12/2024,Cotas MZ / PL %,0.0,%,Visão Executiva canônica; cache IME local 32634bb730b581966385d98457453556a55f4fbd71f5638bcb3e5ee1dee23788,.cache/fundonet-ime/32634bb730b581966385d98457453556a55f4fbd71f5638bcb3e5ee1dee23788,Carteiras selecionadas,Ágis
35689601000138,Ágis,11/2024,Cotas MZ / PL %,0.0,%,Visão Executiva canônica; cache IME local 32634bb730b581966385d98457453556a55f4fbd71f5638bcb3e5ee1dee23788,.cache/fundonet-ime/32634bb730b581966385d98457453556a55f4fbd71f5638bcb3e5ee1dee23788,Carteiras selecionadas,Ágis
35689601000138,Ágis,10/2024,Cotas MZ / PL %,0.0,%,Visão Executiva canônica; cache IME local 32634bb730b581966385d98457453556a55f4fbd71f5638bcb3e5ee1dee23788,.cache/fundonet-ime/32634bb730b581966385d98457453556a55f4fbd71f5638bcb3e5ee1dee23788,Carteiras selecionadas,Ágis
35689601000138,Ágis,09/2024,Cotas MZ / PL %,0.0,%,Visão Executiva canônica; cache IME local 32634bb730b581966385d98457453556a55f4fbd71f5638bcb3e5ee1dee23788,.cache/fundonet-ime/32634bb730b581966385d98457453556a55f4fbd71f5638bcb3e5ee1dee23788,Carteiras selecionadas,Ágis
35689601000138,Ágis,08/2024,Cotas MZ / PL %,0.0,%,Visão Executiva canônica; cache IME local 32634bb730b581966385d98457453556a55f4fbd71f5638bcb3e5ee1dee23788,.cache/fundonet-ime/32634bb730b581966385d98457453556a55f4fbd71f5638bcb3e5ee1dee23788,Carteiras selecionadas,Ágis
35689601000138,Ágis,07/2024,Cotas MZ / PL %,0.0,%,Visão Executiva canônica; cache IME local 32634bb730b581966385d98457453556a55f4fbd71f5638bcb3e5ee1dee23788,.cache/fundonet-ime/32634bb730b581966385d98457453556a55f4fbd71f5638bcb3e5ee1dee23788,Carteiras selecionadas,Ágis
