competencia_origem,competencia_destino,bridge_group,veiculos,delta_pl_brl,delta_carteira_brl,delta_inad_bruta_brl,delta_inad_ajustada_brl,delta_excesso_brl
2024-06,2024-07,entradas,87,6130520096.74,1028437859.45,1700373.13,1700373.13,0.0
2024-06,2024-07,fundos continuantes,2657,48800399426.6,34361328414.600006,-20894728387.39,-1845171638.56,-19049556748.83
2024-06,2024-07,saídas,25,-376401915.19,-117628705.95,-31940576.26,-19800666.98,-12139909.280000001
