competencia,tipo_recebivel_tabela_ii,fundos_incluidos_coorte_anterior,pl_incluido_brl_coorte_anterior,carteira_incluida_brl_coorte_anterior,inadimplencia_sobre_carteira_coorte_anterior,fundos_incluidos_coorte_atual,pl_incluido_brl_coorte_atual,carteira_incluida_brl_coorte_atual,inadimplencia_sobre_carteira_coorte_atual,delta_inadimplencia_pp,competencia_coorte_anterior,competencia_coorte_atual
2013-01,Agronegócio,0,0.0,0.0,,0,0.0,0.0,,,2026-07,2026-08
2013-01,Ações judiciais,6,288721701.4,127250942.81,0.0,7,632149542.69,468366759.06,0.0,0.0,2026-07,2026-08
2013-01,Comercial,5,2268626531.98,1739980977.9299998,3.892447150805847e-05,4,2251599080.84,1722983345.99,3.9308470483842434e-05,3.8399897578396397e-07,2026-07,2026-08
2013-01,Financeiro,19,1118696425.08,1011399648.19,0.03682306095977959,19,1118696425.08,1011399648.19,0.03682306095977959,0.0,2026-07,2026-08
2013-01,Industrial,1,13522628297.25,13283643518.22,0.0,1,13522628297.25,13283643518.22,0.0,0.0,2026-07,2026-08
2013-01,Serviços,6,1946695293.1,1807319118.95,0.000310030001965304,5,1942536347.84,1803808470.77,0.0003106333954407101,6.033934754061279e-07,2026-07,2026-08
2013-01,Setor público,3,786131063.34,774246636.93,0.0,3,786131063.34,774246636.93,0.0,0.0,2026-07,2026-08
2013-02,Agronegócio,0,0.0,0.0,,0,0.0,0.0,,,2026-07,2026-08
2013-02,Ações judiciais,6,288584937.24,130534390.13,0.0,7,631955371.53,471650206.38,0.0,0.0,2026-07,2026-08
2013-02,Comercial,5,2320900646.16,1937118224.3100002,0.00032137213009894984,4,2303696618.83,1920102768.1000001,0.00032422004714675667,2.8479170478068277e-06,2026-07,2026-08
2013-02,Financeiro,19,1134241199.48,1020639926.15,0.03915468994118774,19,1134241199.48,1020639926.15,0.03915468994118774,0.0,2026-07,2026-08
2013-02,Industrial,1,14819509144.02,13969583056.47,0.0,1,14819509144.02,13969583056.47,0.0,0.0,2026-07,2026-08
2013-02,Serviços,6,1780515574.47,1547398093.8700001,0.00031420025779148076,5,1776322163.54,1543801438.29,0.00031493226262215056,7.320048306698056e-07,2026-07,2026-08
2013-02,Setor público,3,792979308.58,934594666.94,0.0,3,792979308.58,934594666.94,0.0,0.0,2026-07,2026-08
2013-03,Agronegócio,0,0.0,0.0,,0,0.0,0.0,,,2026-07,2026-08
2013-03,Ações judiciais,6,349707846.24,241047348.35999998,0.0,7,692956978.04,582163164.61,0.0,0.0,2026-07,2026-08
2013-03,Comercial,5,2316054068.11,1993269608.16,0.0003751317167225774,4,2297774058.14,1974777692.74,0.000378644468564213,3.51275184163561e-06,2026-07,2026-08
2013-03,Financeiro,19,1157317487.31,1044489501.41,0.03493975281774968,19,1157317487.31,1044489501.41,0.03493975281774968,0.0,2026-07,2026-08
2013-03,Industrial,1,14752849144.17,14600962383.2,0.0,1,14752849144.17,14600962383.2,0.0,0.0,2026-07,2026-08
2013-03,Serviços,6,2117453068.73,1933845447.13,0.0003193838891916786,5,2113194747.6200001,1930006856.3700001,0.0003200191118293069,6.352226376283004e-07,2026-07,2026-08
2013-03,Setor público,4,989512555.13,975387101.15,0.0,4,989512555.13,975387101.15,0.0,0.0,2026-07,2026-08
2013-04,Agronegócio,0,0.0,0.0,,0,0.0,0.0,,,2026-07,2026-08
2013-04,Ações judiciais,6,353894404.55,246393475.09,0.017231197289007724,7,964292098.15,854758723.8100001,0.004967079553251503,-0.012264117735756221,2026-07,2026-08
2013-04,Comercial,5,2368087031.08,2124500134.53,0.0008310784693786838,4,2349589768.14,2106720413.28,0.0008380923775504966,7.013908171812867e-06,2026-07,2026-08
2013-04,Financeiro,19,1166277809.71,1065094846.7800001,0.03565820246414618,19,1166277809.71,1065094846.7800001,0.03565820246414618,0.0,2026-07,2026-08
2013-04,Industrial,1,16108752360.9,14877467889.07,0.0,1,16108752360.9,14877467889.07,0.0,0.0,2026-07,2026-08
2013-04,Serviços,6,2077591889.97,1849618054.23,0.00023826210443402156,5,2073198598.52,1845575967.32,0.00023878393401488695,5.218295808653915e-07,2026-07,2026-08
2013-04,Setor público,4,1000311137.08,983408832.5699999,0.0,4,1000311137.08,983408832.5699999,0.0,0.0,2026-07,2026-08
2013-05,Agronegócio,0,0.0,0.0,,0,0.0,0.0,,,2026-07,2026-08
2013-05,Ações judiciais,6,360106692.94,236340899.37,0.0,7,1065145695.06,939556715.29,0.0,0.0,2026-07,2026-08
2013-05,Comercial,5,2408554086.68,2177815333.2200003,0.0023391184194061295,4,2390892427.35,2161365768.7000003,0.0023569208108001065,1.7802391393977046e-05,2026-07,2026-08
2013-05,Financeiro,19,1125157565.4,1019691073.25,0.03967108475419813,19,1125157565.4,1019691073.25,0.03967108475419813,0.0,2026-07,2026-08
2013-05,Industrial,1,28981286369.03,19959028924.48,0.0,1,28981286369.03,19959028924.48,0.0,0.0,2026-07,2026-08
2013-05,Serviços,6,1703286306.85,1795980687.78,0.0002953787162687928,5,1698813455.76,1791716597.84,0.00029608168537342144,7.029691046286251e-07,2026-07,2026-08
2013-05,Setor público,4,1010141519.53,990645264.11,0.0,4,1010141519.53,990645264.11,0.0,0.0,2026-07,2026-08
2013-06,Agronegócio,0,0.0,0.0,,0,0.0,0.0,,,2026-07,2026-08
2013-06,Ações judiciais,6,365560905.43,241112384.54,0.0,7,1073805312.52,947781773.7199999,0.0,0.0,2026-07,2026-08
2013-06,Comercial,5,2474605551.61,2244728646.23,0.0023682591340954896,4,2456677692.46,2227042260.7799997,0.0023870670142281396,1.8807880132649946e-05,2026-07,2026-08
2013-06,Financeiro,20,1145558022.3500001,1024682858.8199999,0.04429647608458079,20,1145558022.3500001,1024682858.8199999,0.04429647608458079,0.0,2026-07,2026-08
2013-06,Industrial,1,38991710733.28,22379884435.82,0.0,1,38991710733.28,22379884435.82,0.0,0.0,2026-07,2026-08
2013-06,Serviços,6,2100010592.69,1877715352.54,0.0006242305780875969,5,2095280814.16,1873328912.3799999,0.0006256922274854834,1.4616493978865039e-06,2026-07,2026-08
2013-06,Setor público,4,1023489793.62,1012900087.09,0.0,4,1023489793.62,1012900087.09,0.0,0.0,2026-07,2026-08
2013-07,Agronegócio,0,0.0,0.0,,0,0.0,0.0,,,2026-07,2026-08
2013-07,Ações judiciais,6,379453474.10999995,267006153.75,0.04274811400297174,7,1100700775.1699998,986881054.37,0.011565739811761223,-0.031182374191210515,2026-07,2026-08
2013-07,Comercial,5,2507696916.36,2240469952.35,0.003275633704572677,4,2489399477.88,2222209096.4100003,0.0033025510073989694,2.6917302826292254e-05,2026-07,2026-08
2013-07,Financeiro,19,1155993297.53,1040124247.26,0.043281920519199955,19,1155993297.53,1040124247.26,0.043281920519199955,0.0,2026-07,2026-08
2013-07,Industrial,1,36157370563.9,29452017864.13,0.0,1,36157370563.9,29452017864.13,0.0,0.0,2026-07,2026-08
2013-07,Serviços,6,1744976461.94,1688829674.2,0.00032173919507743807,5,1739892130.8,1684074493.32,0.00032264766324487803,9.084681674399677e-07,2026-07,2026-08
2013-07,Setor público,4,1034439231.48,1019320871.36,0.0,4,1034439231.48,1019320871.36,0.0,0.0,2026-07,2026-08
2013-08,Agronegócio,0,0.0,0.0,,0,0.0,0.0,,,2026-07,2026-08
2013-08,Ações judiciais,6,387501876.08,272938851.12,0.04749842408584108,7,1107166189.62,991505982.42,0.013075226503785639,-0.03442319758205544,2026-07,2026-08
2013-08,Comercial,6,2563512907.21,2289732095.09,0.00021306682604753548,5,2544969688.91,2270904458.92,0.0002148333225044703,1.7664964569348302e-06,2026-07,2026-08
2013-08,Financeiro,19,1157547421.69,1029022760.09,0.04907933338188055,19,1157547421.69,1029022760.09,0.04907933338188055,0.0,2026-07,2026-08
2013-08,Industrial,1,30290251895.82,29811199483.12,0.0,1,30290251895.82,29811199483.12,0.0,0.0,2026-07,2026-08
2013-08,Serviços,6,1805041795.76,1713231663.95,0.0002619445866213556,5,1798822916.82,1707025175.3600001,0.00026289697801636525,9.523913950096373e-07,2026-07,2026-08
2013-08,Setor público,4,1044109466.17,1025973458.08,0.0,4,1044109466.17,1025973458.08,0.0,0.0,2026-07,2026-08
2013-09,Agronegócio,0,0.0,0.0,,0,0.0,0.0,,,2026-07,2026-08
2013-09,Ações judiciais,6,390787698.86,381362270.43,0.02037844530670868,7,1120977415.96,1108374372.74,0.007011683381661006,-0.013366761925047675,2026-07,2026-08
2013-09,Comercial,6,2746135304.2700005,2528362944.7,0.0011442853946521852,5,2727371202.2000003,2509704859.7599998,0.0011527924404133602,8.50704576117506e-06,2026-07,2026-08
2013-09,Financeiro,19,1143447284.57,1024099425.27,0.033883835830540936,19,1143447284.57,1024099425.27,0.033883835830540936,0.0,2026-07,2026-08
2013-09,Imobiliário,1,1151877.33,1154544.0,0.0,1,1151877.33,1154544.0,0.0,0.0,2026-07,2026-08
2013-09,Industrial,1,27924448063.43,27718741098.52,0.0,1,27924448063.43,27718741098.52,0.0,0.0,2026-07,2026-08
2013-09,Serviços,6,2087125945.32,2135155409.6399999,0.00020648439359940288,5,2075924264.68,2125690674.12,0.00020740377486132378,9.193812619209016e-07,2026-07,2026-08
2013-09,Setor público,4,1051828264.1700001,1030653810.67,0.0,4,1051828264.1700001,1030653810.67,0.0,0.0,2026-07,2026-08
2013-10,Agronegócio,0,0.0,0.0,,0,0.0,0.0,,,2026-07,2026-08
2013-10,Ações judiciais,6,364289672.53,353846201.15,0.021523563840018353,7,1102171806.27,1088745261.72,0.006995237148465925,-0.014528326691552428,2026-07,2026-08
2013-10,Comercial,7,2602012151.27,2308522582.38,0.0008152269699955718,5,2582648736.46,2289462177.92,0.0008220139595010865,6.7869895055146885e-06,2026-07,2026-08
2013-10,Financeiro,19,1148755526.38,1054242191.1899999,0.045116364178435626,19,1148755526.38,1054242191.1899999,0.045116364178435626,0.0,2026-07,2026-08
2013-10,Imobiliário,1,6149817.25,1166543.51,0.0,1,6149817.25,1166543.51,0.0,0.0,2026-07,2026-08
2013-10,Industrial,1,24995613715.16,24279019210.05,0.0,1,24995613715.16,24279019210.05,0.0,0.0,2026-07,2026-08
2013-10,Serviços,6,2059246808.91,1929960466.72,0.00024610141409124955,5,2047537465.75,1919222049.69,0.0002474783989047637,1.3769848135141392e-06,2026-07,2026-08
2013-10,Setor público,4,1061891987.58,1037844031.56,0.0,4,1061891987.58,1037844031.56,0.0,0.0,2026-07,2026-08
2013-11,Agronegócio,0,0.0,0.0,,0,0.0,0.0,,,2026-07,2026-08
2013-11,Ações judiciais,4,284018299.35,212657942.23,0.08025896052140127,5,1025542083.36,951020247.88,0.017946731868272073,-0.0623122286531292,2026-07,2026-08
2013-11,Comercial,7,2641042836.97,2259341182.11,0.0009822602259333983,5,2621424467.24,2240072034.29,0.0009907096495240181,8.449423590619828e-06,2026-07,2026-08
2013-11,Financeiro,19,1115267204.45,1022189991.12,0.04603813739991456,19,1115267204.45,1022189991.12,0.04603813739991456,0.0,2026-07,2026-08
2013-11,Imobiliário,1,6947613.59,1448454.66,0.012625987202112353,1,6947613.59,1448454.66,0.012625987202112353,0.0,2026-07,2026-08
2013-11,Industrial,1,28715571951.4,28082471777.57,0.0,1,28715571951.4,28082471777.57,0.0,0.0,2026-07,2026-08
2013-11,Serviços,6,2127342373.53,2074091407.5,0.0002494212733967946,5,2115441338.59,2064331017.71,0.0002506005652978442,1.1792919010495794e-06,2026-07,2026-08
2013-11,Setor público,4,1066526842.88,1042733137.9300001,0.0,4,1066526842.88,1042733137.9300001,0.0,0.0,2026-07,2026-08
2013-12,Agronegócio,0,0.0,0.0,,0,0.0,0.0,,,2026-07,2026-08
2013-12,Ações judiciais,5,408795251.26,232029525.19,0.12073712725593842,6,1161575581.03,981912896.85,0.02853061447697798,-0.09220651277896044,2026-07,2026-08
2013-12,Comercial,7,2658610259.91,2207363457.66,0.0008337709603795942,5,2638461323.7599998,2188355638.29,0.0008410130043753455,7.242043995751347e-06,2026-07,2026-08
2013-12,Financeiro,18,954614064.74,895615869.84,0.0681977728252087,18,954614064.74,895615869.84,0.0681977728252087,0.0,2026-07,2026-08
2013-12,Imobiliário,1,9507341.58,1515189.17,0.027040115393644214,1,9507341.58,1515189.17,0.027040115393644214,0.0,2026-07,2026-08
2013-12,Industrial,1,28059309820.44,25652889692.28,0.0,1,28059309820.44,25652889692.28,0.0,0.0,2026-07,2026-08
2013-12,Serviços,7,2934208524.7599998,2721074958.7,0.00045211981980377186,6,2921887008.2599998,2710709130.2400002,0.0004538487387951787,1.7289189914068389e-06,2026-07,2026-08
2013-12,Setor público,4,1086013273.6,1067362376.83,0.0,4,1086013273.6,1067362376.83,0.0,0.0,2026-07,2026-08
2014-01,Agronegócio,0,0.0,0.0,,0,0.0,0.0,,,2026-07,2026-08
2014-01,Ações judiciais,5,412258397.36,233794460.88000003,0.13024062321831,6,1164611423.85,983614541.25,0.030956777287273557,-0.09928384593103645,2026-07,2026-08
2014-01,Comercial,7,2408022218.4700003,2062976857.49,0.001406118342757057,5,2387654234.03,2042966701.11,0.0014198907884420836,1.3772445685026648e-05,2026-07,2026-08
2014-01,Financeiro,19,1162473800.97,1113988859.91,0.05514334677903592,19,1162473800.97,1113988859.91,0.05514334677903592,0.0,2026-07,2026-08
2014-01,Imobiliário,1,9554289.92,2935780.69,0.010738465617470902,1,9554289.92,2935780.69,0.010738465617470902,0.0,2026-07,2026-08
2014-01,Industrial,1,30614640861.15,22704367092.93,0.0,1,30614640861.15,22704367092.93,0.0,0.0,2026-07,2026-08
2014-01,Serviços,7,2533136058.87,2423454095.06,0.0014048090809476266,6,2520726539.12,2412880747.86,0.0012732942946827562,-0.00013151478626487038,2026-07,2026-08
2014-01,Setor público,4,1091701872.65,1069877760.28,0.0,4,1091701872.65,1069877760.28,0.0,0.0,2026-07,2026-08
2014-02,Agronegócio,0,0.0,0.0,,0,0.0,0.0,,,2026-07,2026-08
2014-02,Ações judiciais,5,415175350.64,189581163.45000002,0.0,6,1167306202.75,939401243.82,0.0,0.0,2026-07,2026-08
2014-02,Comercial,6,2500498859.76,2259461528.37,0.0012855469028921424,4,2479867741.06,2238873990.12,0.0012971716643348649,1.1624761442722469e-05,2026-07,2026-08
2014-02,Financeiro,18,992316930.48,930571949.32,0.06413059863195833,18,992316930.48,930571949.32,0.06413059863195833,0.0,2026-07,2026-08
2014-02,Imobiliário,1,9587482.1,2903098.68,0.010454925355827037,1,9587482.1,2903098.68,0.010454925355827037,0.0,2026-07,2026-08
2014-02,Industrial,1,25783753617.91,25652889692.28,0.0,1,25783753617.91,25652889692.28,0.0,0.0,2026-07,2026-08
2014-02,Serviços,7,2351589316.0,2259834196.44,0.0008845609837876765,6,2339169542.88,2250078183.74,0.0006949050043234743,-0.00018965597946420218,2026-07,2026-08
2014-02,Setor público,4,1110276985.48,1085213473.8999999,0.0,4,1110276985.48,1085213473.8999999,0.0,0.0,2026-07,2026-08
2014-03,Agronegócio,0,0.0,0.0,,0,0.0,0.0,,,2026-07,2026-08
2014-03,Ações judiciais,6,414136084.42,362906502.21999997,0.0,7,1166118343.89,1112726582.59,0.0,0.0,2026-07,2026-08
2014-03,Comercial,6,2649424110.6000004,2446699495.13,0.001651070986870564,4,2627978576.6800003,2426800967.96,0.0016533078291017611,2.236842231197189e-06,2026-07,2026-08
2014-03,Financeiro,17,935598651.8000001,859399321.94,0.024266856858721153,17,935598651.8000001,859399321.94,0.024266856858721153,0.0,2026-07,2026-08
2014-03,Imobiliário,1,4075704.94,2859461.65,0.009695286523601392,1,4075704.94,2859461.65,0.009695286523601392,0.0,2026-07,2026-08
2014-03,Industrial,1,28059309820.44,25652889692.28,0.0,1,28059309820.44,25652889692.28,0.0,0.0,2026-07,2026-08
2014-03,Serviços,7,2603029114.99,2515077047.9,0.000744960724588703,6,2590577451.4,2506180839.52,0.0006306502926990346,-0.0001143104318896684,2026-07,2026-08
2014-03,Setor público,4,1122345738.82,1095204218.92,0.0,4,1122345738.82,1095204218.92,0.0,0.0,2026-07,2026-08
2014-04,Agronegócio,0,0.0,0.0,,0,0.0,0.0,,,2026-07,2026-08
2014-04,Ações judiciais,5,488577665.84000003,402927039.96999997,0.0,6,1203910144.85,1116346784.92,0.0,0.0,2026-07,2026-08
2014-04,Comercial,6,2715984870.79,2494550314.7,0.0017544384389481965,4,2695496225.52,2475811927.96,0.0017586174744652675,4.179035517071043e-06,2026-07,2026-08
2014-04,Financeiro,19,971560758.65,885742517.84,0.02411526371353265,19,971560758.65,885742517.84,0.02411526371353265,0.0,2026-07,2026-08
2014-04,Imobiliário,1,4177267.6,3817348.88,0.0066275419919177,1,4177267.6,3817348.88,0.0066275419919177,0.0,2026-07,2026-08
2014-04,Industrial,1,22027815219.51,21926538443.23,0.0,1,22027815219.51,21926538443.23,0.0,0.0,2026-07,2026-08
2014-04,Serviços,7,2611162788.55,2366633941.77,0.00042340267851080393,6,2598922489.73,2357772805.53,0.0003004585506875235,-0.00012294412782328044,2026-07,2026-08
2014-04,Setor público,4,1133739848.02,1105232173.95,0.0,4,1133739848.02,1105232173.95,0.0,0.0,2026-07,2026-08
2014-05,Agronegócio,1,133397583.94,62221074.18,0.0,1,133397583.94,62221074.18,0.0,0.0,2026-07,2026-08
2014-05,Ações judiciais,6,493904052.45,409517497.2,0.0,7,1221508390.91,1135080918.28,0.0,0.0,2026-07,2026-08
2014-05,Comercial,7,2895147974.87,2485654705.66,0.0014817296592376289,4,2756016677.04,2451288975.1,0.0015024063125196243,2.067665328199541e-05,2026-07,2026-08
2014-05,Financeiro,20,1029566860.96,932031357.97,0.02279274382599022,20,1029566860.96,932031357.97,0.02279274382599022,0.0,2026-07,2026-08
2014-05,Imobiliário,1,4498846.15,4386742.56,0.005942279411992666,1,4498846.15,4386742.56,0.005942279411992666,0.0,2026-07,2026-08
2014-05,Industrial,1,23189960401.19,22006113502.04,0.0,1,23189960401.19,22006113502.04,0.0,0.0,2026-07,2026-08
2014-05,Serviços,7,2580232083.5,2283116825.79,0.00041580410571916956,6,2567239020.06,2273438770.06,0.0003026150908747998,-0.00011318901484436974,2026-07,2026-08
2014-05,Setor público,4,1145931527.78,1114841461.6,0.0,4,1145931527.78,1114841461.6,0.0,0.0,2026-07,2026-08
2014-06,Agronegócio,1,134200265.92,60882859.07,0.0,1,134200265.92,60882859.07,0.0,0.0,2026-07,2026-08
2014-06,Ações judiciais,6,506415309.18,414089261.21,0.0,7,1242593505.81,1148493357.28,0.0,0.0,2026-07,2026-08
2014-06,Comercial,9,3089418894.98,2627975961.13,0.0021066018684659277,6,2950792642.02,2596492790.9300003,0.0016911783715860824,-0.00041542349687984526,2026-07,2026-08
2014-06,Financeiro,20,1027100718.48,957820076.8199999,0.025903702397191104,20,1027100718.48,957820076.8199999,0.025903702397191104,0.0,2026-07,2026-08
2014-06,Imobiliário,1,5019255.83,4843839.99,0.008715000926362144,1,5019255.83,4843839.99,0.008715000926362144,0.0,2026-07,2026-08
2014-06,Industrial,1,19653508168.0,17668603579.93,0.0,1,19653508168.0,17668603579.93,0.0,0.0,2026-07,2026-08
2014-06,Serviços,8,3026523268.46,2601613991.65,0.0012197000977794922,7,3013326068.98,2592158022.75,0.0011076768255640097,-0.00011202327221548252,2026-07,2026-08
2014-06,Setor público,4,1157824380.73,1136969030.4099998,0.0,4,1157824380.73,1136969030.4099998,0.0,0.0,2026-07,2026-08
2014-07,Agronegócio,1,137108536.85,52997018.45,0.0,1,137108536.85,52997018.45,0.0,0.0,2026-07,2026-08
2014-07,Ações judiciais,9,584504341.77,444074753.11,0.0,10,1281397600.88,1139631666.78,0.0,0.0,2026-07,2026-08
2014-07,Comercial,10,3106888112.97,2290693002.96,0.0026874422683638407,7,2971961782.75,2220944618.21,0.002740076222569087,5.263395420524635e-05,2026-07,2026-08
2014-07,Financeiro,21,1242045541.82,1121477689.3700001,0.017995059697832137,21,1242045541.82,1121477689.3700001,0.017995059697832137,0.0,2026-07,2026-08
2014-07,Imobiliário,1,5070661.37,4846703.83,0.007339189941795969,1,5070661.37,4846703.83,0.007339189941795969,0.0,2026-07,2026-08
2014-07,Industrial,1,22716306954.51,21069543847.75,0.0,1,22716306954.51,21069543847.75,0.0,0.0,2026-07,2026-08
2014-07,Serviços,8,2639720217.86,2372369051.77,0.0018514436473207848,7,2626319465.7799997,2361597735.63,0.0017059329873236274,-0.00014551065999715736,2026-07,2026-08
2014-07,Setor público,4,1170942088.29,1146926355.47,0.0,4,1170942088.29,1146926355.47,0.0,0.0,2026-07,2026-08
2014-08,Agronegócio,1,138187202.04,96780851.29,0.0,1,138187202.04,96780851.29,0.0,0.0,2026-07,2026-08
2014-08,Ações judiciais,8,599029379.5,448399585.24,0.0,9,1295775158.99,1143956498.9099998,0.0,0.0,2026-07,2026-08
2014-08,Comercial,10,2858718908.03,2484807529.17,0.0023164509574400134,7,2753181906.5,2371677148.38,0.002415905488617524,9.945453117751052e-05,2026-07,2026-08
2014-08,Financeiro,21,1262816702.02,1148358048.71,0.017949132113589814,21,1262816702.02,1148358048.71,0.017949132113589814,0.0,2026-07,2026-08
2014-08,Imobiliário,1,5887379.65,5538250.97,0.006967719630083865,1,5887379.65,5538250.97,0.006967719630083865,0.0,2026-07,2026-08
2014-08,Industrial,1,20262217723.51,16948253149.16,0.0,1,20262217723.51,16948253149.16,0.0,0.0,2026-07,2026-08
2014-08,Serviços,8,2636579678.85,2407704254.02,0.0004556707735878289,7,2622851719.51,2396364689.12,0.00033784869376343,-0.00011782207982439889,2026-07,2026-08
2014-08,Setor público,4,1181953633.77,1154258688.4,0.0,4,1181953633.77,1154258688.4,0.0,0.0,2026-07,2026-08
2014-09,Agronegócio,1,139735704.8,108945681.01,0.0,1,139735704.8,108945681.01,0.0,0.0,2026-07,2026-08
2014-09,Ações judiciais,8,622718805.38,604360282.17,0.0,9,1319043977.3899999,1299917195.84,0.0,0.0,2026-07,2026-08
2014-09,Comercial,9,3198824015.45,2856148770.1,0.0016607041305603735,7,3104740097.4599996,2754924600.6,0.0017205883344203496,5.988420385997606e-05,2026-07,2026-08
2014-09,Financeiro,21,1107937036.96,1017322674.12,0.020182306039487844,21,1107937036.96,1017322674.12,0.020182306039487844,0.0,2026-07,2026-08
2014-09,Imobiliário,1,6037766.03,6837507.33,0.00532890836403681,1,6037766.03,6837507.33,0.00532890836403681,0.0,2026-07,2026-08
2014-09,Industrial,1,19761468838.58,16307978754.71,0.0,1,19761468838.58,16307978754.71,0.0,0.0,2026-07,2026-08
2014-09,Serviços,9,3671805123.18,2699970217.52,0.0008221506984024934,8,3657817553.49,2688257425.93,0.0007074171698203724,-0.000114733528582121,2026-07,2026-08
2014-09,Setor público,4,1193231254.8400002,1162062063.54,0.0,4,1193231254.8400002,1162062063.54,0.0,0.0,2026-07,2026-08
2014-10,Agronegócio,1,142013715.21,137977425.68,0.0,1,142013715.21,137977425.68,0.0,0.0,2026-07,2026-08
2014-10,Ações judiciais,8,636929952.3100001,598643834.59,0.0,9,1331994632.42,1292008975.79,0.0,0.0,2026-07,2026-08
2014-10,Comercial,10,3288700073.6299996,2846465741.47,0.0038157847578347446,8,3164077754.4799995,2724477464.66,0.0017081187495088202,-0.0021076660083259244,2026-07,2026-08
2014-10,Financeiro,22,2341322464.56,1211846637.99,0.016806964562596796,22,2341322464.56,1211846637.99,0.016806964562596796,0.0,2026-07,2026-08
2014-10,Imobiliário,1,6330702.22,6844274.64,0.008819412308095223,1,6330702.22,6844274.64,0.008819412308095223,0.0,2026-07,2026-08
2014-10,Industrial,1,20007621441.89,19150950631.31,0.0,1,20007621441.89,19150950631.31,0.0,0.0,2026-07,2026-08
2014-10,Serviços,9,3382299904.87,3112482561.2,0.00041601923369516874,8,3367970248.5299997,3099967594.3799996,0.00029968316497379507,-0.00011633606872137368,2026-07,2026-08
2014-10,Setor público,5,1249565247.65,1170766759.67,0.0,5,1249565247.65,1170766759.67,0.0,0.0,2026-07,2026-08
2014-11,Agronegócio,1,143933755.34,139519126.29,0.0,1,143933755.34,139519126.29,0.0,0.0,2026-07,2026-08
2014-11,Ações judiciais,8,644331500.87,605594471.5,0.0,9,1339166377.23,1298959612.7,0.0,0.0,2026-07,2026-08
2014-11,Comercial,10,3251849090.7,2876558628.89,0.002411210757305664,8,3127224398.69,2744637955.58,0.002145967568518646,-0.0002652431887870178,2026-07,2026-08
2014-11,Financeiro,23,1411335965.93,1296289276.82,0.016193524304617724,23,1411335965.93,1296289276.82,0.016193524304617724,0.0,2026-07,2026-08
2014-11,Imobiliário,1,6506781.43,7283380.06,0.012742276145891527,1,6506781.43,7283380.06,0.012742276145891527,0.0,2026-07,2026-08
2014-11,Industrial,1,19884599845.14,19211629266.53,0.0,1,19884599845.14,19211629266.53,0.0,0.0,2026-07,2026-08
2014-11,Serviços,9,3549115255.7400002,3295189427.58,0.0005207895623956012,8,3533617632.02,3281297536.6,0.00042124010839694113,-9.954945399866011e-05,2026-07,2026-08
2014-11,Setor público,6,1281680348.32,1191353872.41,0.0,6,1281680348.32,1191353872.41,0.0,0.0,2026-07,2026-08
2014-12,Agronegócio,2,168970653.79999998,155532863.54,0.0,2,168970653.79999998,155532863.54,0.0,0.0,2026-07,2026-08
2014-12,Ações judiciais,9,771601997.22,714027791.93,0.0,10,1460322954.6299999,1401397227.52,0.0,0.0,2026-07,2026-08
2014-12,Comercial,10,3251453373.14,2859695853.23,0.008592087522960722,8,3126500021.16,2711612892.55,0.005327182047145263,-0.0032649054758154585,2026-07,2026-08
2014-12,Financeiro,23,1436722533.6000001,1339431507.27,0.016498245643810642,23,1436722533.6000001,1339431507.27,0.016498245643810642,0.0,2026-07,2026-08
2014-12,Imobiliário,1,6882552.32,7547877.05,0.014468331860281165,1,6882552.32,7547877.05,0.014468331860281165,0.0,2026-07,2026-08
2014-12,Industrial,1,19608132963.74,19025853750.1,0.0,1,19608132963.74,19025853750.1,0.0,0.0,2026-07,2026-08
2014-12,Serviços,9,4880153201.81,4774780458.37,0.00029725107622739143,8,4864446417.89,4760610041.06,0.00022680849527418606,-7.044258095320537e-05,2026-07,2026-08
2014-12,Setor público,6,1298943733.6,1218066066.98,0.0,6,1298943733.6,1218066066.98,0.0,0.0,2026-07,2026-08
2015-01,Agronegócio,2,176080891.16,152315210.41,0.0,2,176080891.16,152315210.41,0.0,0.0,2026-07,2026-08
2015-01,Ações judiciais,10,814668362.83,771350194.79,0.0,11,1406125747.83,1361685832.59,0.0,0.0,2026-07,2026-08
2015-01,Comercial,10,2885932319.82,2231296052.38,0.014906023705157216,8,2760915379.98,2102809487.26,0.015077927554584853,0.0001719038494276369,2026-07,2026-08
2015-01,Financeiro,23,1444709797.58,1300826480.44,0.016923732043457138,23,1444709797.58,1300826480.44,0.016923732043457138,0.0,2026-07,2026-08
2015-01,Imobiliário,1,7769891.74,7726526.36,0.01364685436729682,1,7769891.74,7726526.36,0.01364685436729682,0.0,2026-07,2026-08
2015-01,Industrial,1,17171440573.19,15786988966.23,0.0,1,17171440573.19,15786988966.23,0.0,0.0,2026-07,2026-08
2015-01,Serviços,9,3941942581.75,3808499766.6400003,0.003943849851736064,8,3925787461.62,3794209647.21,0.0038567617977463015,-8.708805398976224e-05,2026-07,2026-08
2015-01,Setor público,6,1327394562.73,1237087277.3500001,0.0,6,1327394562.73,1237087277.3500001,0.0,0.0,2026-07,2026-08
2015-02,Agronegócio,2,174370797.33999997,154449573.70000002,0.0,2,174370797.33999997,154449573.70000002,0.0,0.0,2026-07,2026-08
2015-02,Ações judiciais,10,749653310.5600001,742720897.5699999,0.03310648615172774,11,1340900815.59,1333056535.37,0.018445488587755337,-0.014660997563972402,2026-07,2026-08
2015-02,Comercial,10,2811004598.14,2450573395.48,0.013551053517209793,8,2686095657.92,2315246495.12,0.014271797754427605,0.000720744237217812,2026-07,2026-08
2015-02,Financeiro,23,1437963171.74,1287801354.06,0.018249832558341148,23,1437963171.74,1287801354.06,0.018249832558341148,0.0,2026-07,2026-08
2015-02,Imobiliário,1,8682240.23,7167727.89,0.020930614596754736,1,8682240.23,7167727.89,0.020930614596754736,0.0,2026-07,2026-08
2015-02,Industrial,1,19025132749.61,17069636578.28,0.0,1,19025132749.61,17069636578.28,0.0,0.0,2026-07,2026-08
2015-02,Serviços,9,3431870328.64,3335571961.43,0.004408036288833807,8,3415251497.73,3319479255.23,0.004334184004112156,-7.385228472165089e-05,2026-07,2026-08
2015-02,Setor público,6,1342056725.15,1247894140.3899999,0.0,6,1342056725.15,1247894140.3899999,0.0,0.0,2026-07,2026-08
2015-03,Agronegócio,2,175804462.01,151586755.92000002,0.0,2,175804462.01,151586755.92000002,0.0,0.0,2026-07,2026-08
2015-03,Ações judiciais,10,752490469.22,746425476.7,0.03294217557887919,11,1352549651.31,1345718180.37,0.018271937964930655,-0.014670237613948537,2026-07,2026-08
2015-03,Comercial,9,2738291096.02,2518332729.25,0.010874527310041312,7,2613206366.3399997,2366027191.4900002,0.007226659258819539,-0.0036478680512217736,2026-07,2026-08
2015-03,Financeiro,23,1412103036.29,1287410871.31,0.020084648363804098,23,1412103036.29,1287410871.31,0.020084648363804098,0.0,2026-07,2026-08
2015-03,Imobiliário,1,10163227.36,9743650.9,0.017240677208581027,1,10163227.36,9743650.9,0.017240677208581027,0.0,2026-07,2026-08
2015-03,Industrial,1,18972508852.83,0.0,,1,18972508852.83,0.0,,,2026-07,2026-08
2015-03,Serviços,9,4030031251.07,3864053939.2200003,0.0005001094732104297,8,4011944030.02,3846731203.31,0.00040667349687805343,-9.343597633237628e-05,2026-07,2026-08
2015-03,Setor público,7,1389287809.12,1287504654.67,0.0,7,1389287809.12,1287504654.67,0.0,0.0,2026-07,2026-08
2015-04,Agronegócio,2,178836079.76,146353569.79,0.0,2,178836079.76,146353569.79,0.0,0.0,2026-07,2026-08
2015-04,Ações judiciais,11,787125891.48,909240564.6800001,0.10327766721785982,12,1388542318.18,1510179941.76,0.062180831477977205,-0.04109683573988261,2026-07,2026-08
2015-04,Comercial,10,2882107244.54,2582387199.62,0.02059278382723755,8,2736483528.19,2441330437.96,0.02143883764204211,0.00084605381480456,2026-07,2026-08
2015-04,Financeiro,23,1451587329.6100001,1330066667.76,0.01863383878474287,23,1451587329.6100001,1330066667.76,0.01863383878474287,0.0,2026-07,2026-08
2015-04,Imobiliário,1,11079957.61,11152191.31,0.017501546070590138,1,11079957.61,11152191.31,0.017501546070590138,0.0,2026-07,2026-08
2015-04,Industrial,1,22818850880.78,0.0,,1,22818850880.78,0.0,,,2026-07,2026-08
2015-04,Serviços,9,3975930552.0899997,3884079802.46,0.0005218145463222296,8,3956511866.4,3865180527.4900002,0.00041897697881957205,-0.0001028375675026576,2026-07,2026-08
2015-04,Setor público,7,1408723685.83,1304701342.91,0.0,7,1408723685.83,1304701342.91,0.0,0.0,2026-07,2026-08
2015-05,Agronegócio,2,176874601.63,122580890.1,0.0,2,176874601.63,122580890.1,0.0,0.0,2026-07,2026-08
2015-05,Ações judiciais,11,812204065.72,734343396.99,0.0,12,1417078693.1,1338975574.73,0.0,0.0,2026-07,2026-08
2015-05,Comercial,11,2844598986.17,2540531109.03,0.03389677841531327,9,2698810177.59,2403607640.31,0.034239906251664946,0.00034312783635167404,2026-07,2026-08
2015-05,Financeiro,25,1480033156.61,1366594751.31,0.019067984832387905,25,1480033156.61,1366594751.31,0.019067984832387905,0.0,2026-07,2026-08
2015-05,Imobiliário,1,12122221.63,12483170.48,0.01575310938155192,1,12122221.63,12483170.48,0.01575310938155192,0.0,2026-07,2026-08
2015-05,Industrial,1,19234783873.69,18334650714.4,0.0,1,19234783873.69,18334650714.4,0.0,0.0,2026-07,2026-08
2015-05,Serviços,9,4312528388.52,4224514310.1800003,0.00027761156996767986,8,4292674560.42,4205233532.4500003,0.00017147949202713487,-0.00010613207794054499,2026-07,2026-08
2015-05,Setor público,7,1429165802.97,1320982051.57,0.0,7,1429165802.97,1320982051.57,0.0,0.0,2026-07,2026-08
2015-06,Agronegócio,2,160756252.14,67813013.50999999,0.0,2,160756252.14,67813013.50999999,0.0,0.0,2026-07,2026-08
2015-06,Ações judiciais,10,763555527.4300001,717805647.84,0.0,11,1372305751.1,1326559067.94,0.0,0.0,2026-07,2026-08
2015-06,Comercial,11,2809109873.89,2529362611.48,0.018174222490425027,9,2663010127.0,2371726415.96,0.017037394987079107,-0.0011368275033459205,2026-07,2026-08
2015-06,Financeiro,27,1442951851.48,1316385360.33,0.019548469046745558,27,1442951851.48,1316385360.33,0.019548469046745558,0.0,2026-07,2026-08
2015-06,Imobiliário,1,12984290.95,14178232.53,0.01491792856073295,1,12984290.95,14178232.53,0.01491792856073295,0.0,2026-07,2026-08
2015-06,Industrial,1,22249860345.38,20077011768.8,0.0,1,22249860345.38,20077011768.8,0.0,0.0,2026-07,2026-08
2015-06,Serviços,9,4708212594.4,4406246579.71,0.00022311852099405304,8,4687557357.41,4389796555.85,0.0001912932978365328,-3.182522315752024e-05,2026-07,2026-08
2015-06,Setor público,7,1460418537.18,1330049135.82,0.0,7,1460418537.18,1330049135.82,0.0,0.0,2026-07,2026-08
2015-07,Agronegócio,2,138615866.34,100853057.80000001,0.0,2,138615866.34,100853057.80000001,0.0,0.0,2026-07,2026-08
2015-07,Ações judiciais,12,897305417.72,842025186.5,0.08231982423010335,13,1505871509.82,1450778606.6200001,0.04777804486067642,-0.034541779369426935,2026-07,2026-08
2015-07,Comercial,11,2809252800.53,2449726009.57,0.023973878001282586,9,2662817901.72,2271499020.35,0.02357174967733417,-0.00040212832394841483,2026-07,2026-08
2015-07,Financeiro,27,1467086308.64,1327062948.32,0.01955680153142353,27,1467086308.64,1327062948.32,0.01955680153142353,0.0,2026-07,2026-08
2015-07,Imobiliário,1,15132180.06,14959342.58,0.021674786727158432,1,15132180.06,14959342.58,0.021674786727158432,0.0,2026-07,2026-08
2015-07,Industrial,1,21212296092.2,18931995734.65,0.0,1,21212296092.2,18931995734.65,0.0,0.0,2026-07,2026-08
2015-07,Serviços,9,4055499163.94,3915033090.62,0.0002903442560226194,8,4032812614.08,3891799040.6800003,0.00024742409357081076,-4.2920162451808627e-05,2026-07,2026-08
2015-07,Setor público,7,1543820403.75,1372574694.59,0.0,7,1543820403.75,1372574694.59,0.0,0.0,2026-07,2026-08
2015-08,Agronegócio,2,145663797.85,106154267.03,0.0,2,145663797.85,106154267.03,0.0,0.0,2026-07,2026-08
2015-08,Ações judiciais,13,922075297.6,856001710.58,0.08097573228333162,14,1530530668.51,1464755130.7,0.04732215228143593,-0.03365358000189569,2026-07,2026-08
2015-08,Comercial,11,2811970714.62,2402725344.58,0.0358116873841196,9,2665484979.27,2227568804.65,0.038020689782153436,0.0022090023980338366,2026-07,2026-08
2015-08,Financeiro,27,1479295160.07,1356466134.71,0.019984024810022528,27,1479295160.07,1356466134.71,0.019984024810022528,0.0,2026-07,2026-08
2015-08,Imobiliário,1,15654570.59,15629665.87,0.015496587196076765,1,15654570.59,15629665.87,0.015496587196076765,0.0,2026-07,2026-08
2015-08,Industrial,1,20899275208.15,17262771029.3,0.0,1,20899275208.15,17262771029.3,0.0,0.0,2026-07,2026-08
2015-08,Serviços,9,5044897771.49,4769031041.14,0.00023148732739976136,8,5021518305.83,4747846273.04,0.0001928942087279506,-3.8593118671810756e-05,2026-07,2026-08
2015-08,Setor público,7,1563425729.19,1385309219.0,0.0,7,1563425729.19,1385309219.0,0.0,0.0,2026-07,2026-08
2015-09,Agronegócio,2,143485493.04,114812279.74000001,0.0,2,143485493.04,114812279.74000001,0.0,0.0,2026-07,2026-08
2015-09,Ações judiciais,13,958890036.31,853547213.54,0.08120858957821629,14,1281542438.93,1175078154.94,0.05898787672853919,-0.022220712849677103,2026-07,2026-08
2015-09,Comercial,11,2601520167.98,2256888527.97,0.030539562736842527,9,2454323084.58,2094704560.75,0.031218699679818322,0.000679136942975795,2026-07,2026-08
2015-09,Financeiro,27,1426002746.56,1305689237.53,0.026155689155104436,27,1426002746.56,1305689237.53,0.026155689155104436,0.0,2026-07,2026-08
2015-09,Imobiliário,1,17131978.12,15594816.74,0.009034432552107053,1,17131978.12,15594816.74,0.009034432552107053,0.0,2026-07,2026-08
2015-09,Industrial,2,28241969718.63,20574161611.6,0.0,2,28241969718.63,20574161611.6,0.0,0.0,2026-07,2026-08
2015-09,Serviços,9,3933934617.11,3695390162.9900002,0.0007620373913972613,8,3909287348.64,3671334964.84,0.0007301789201130081,-3.185847128425322e-05,2026-07,2026-08
2015-09,Setor público,7,1581009437.04,1383886322.8500001,0.0,7,1581009437.04,1383886322.8500001,0.0,0.0,2026-07,2026-08
2015-10,Agronegócio,2,139491009.77,110466013.11999999,0.0,2,139491009.77,110466013.11999999,0.0,0.0,2026-07,2026-08
2015-10,Ações judiciais,14,1008548828.89,895970279.33,0.07738388978912024,15,1340430497.5,1213156215.53,0.057151473538558026,-0.020232416250562213,2026-07,2026-08
2015-10,Comercial,11,2606471818.4100003,2257292177.07,0.023658152596496562,9,2438077684.0,2098441436.25,0.02415643628377194,0.0004982836872753776,2026-07,2026-08
2015-10,Financeiro,29,1476107777.99,1397516330.3,0.03950040355388897,29,1476107777.99,1397516330.3,0.03950040355388897,0.0,2026-07,2026-08
2015-10,Imobiliário,1,17254852.91,15976846.64,0.009427543081179629,1,17254852.91,15976846.64,0.009427543081179629,0.0,2026-07,2026-08
2015-10,Industrial,2,23899081068.239998,21202855924.77,0.0,2,23899081068.239998,21202855924.77,0.0,0.0,2026-07,2026-08
2015-10,Serviços,9,4256389284.71,4063719642.31,0.00032188722528516767,8,4231055058.25,4045684451.4,0.000289139905509735,-3.274731977543266e-05,2026-07,2026-08
2015-10,Setor público,7,1593361457.08,1394611963.97,0.0,7,1593361457.08,1394611963.97,0.0,0.0,2026-07,2026-08
2015-11,Agronegócio,2,140835507.14,109830240.97,0.0,2,140835507.14,109830240.97,0.0,0.0,2026-07,2026-08
2015-11,Ações judiciais,14,1004220557.88,940786262.19,0.08691569545207285,15,1322730026.2,1257972198.39,0.06500071492410654,-0.02191498052796631,2026-07,2026-08
2015-11,Comercial,11,2678209018.85,2373937883.9300003,0.02282404635638633,9,2509572309.12,2195226248.68,0.023316627628144456,0.0004925812717581253,2026-07,2026-08
2015-11,Financeiro,29,1501634128.31,1576600885.54,0.023603411599793792,29,1501634128.31,1576600885.54,0.023603411599793792,0.0,2026-07,2026-08
2015-11,Imobiliário,1,19681348.56,18025016.0,0.010776339948879936,1,19681348.56,18025016.0,0.010776339948879936,0.0,2026-07,2026-08
2015-11,Industrial,2,25605169807.6,20028177718.79,0.0,2,25605169807.6,20028177718.79,0.0,0.0,2026-07,2026-08
2015-11,Serviços,9,4719478841.72,4504372579.89,0.0008505885075105321,8,4693831775.37,4482760458.87,0.0008235701112904513,-2.7018396220080797e-05,2026-07,2026-08
2015-11,Setor público,7,1642291063.5,1431523308.4499998,0.0,7,1642291063.5,1431523308.4499998,0.0,0.0,2026-07,2026-08
2015-12,Agronegócio,2,144341499.86,121516141.96,0.0,2,144341499.86,121516141.96,0.0,0.0,2026-07,2026-08
2015-12,Ações judiciais,15,999594357.01,715947098.85,0.17749895314070524,16,1317821830.69,1033133035.05,0.12300435301040374,-0.054494600130301496,2026-07,2026-08
2015-12,Cartão de crédito,1,7704160.59,0.0,,1,7704160.59,0.0,,,2026-07,2026-08
2015-12,Comercial,11,2716977764.52,2256730756.41,0.025406182623756234,9,2547818863.36,2089618764.6499999,0.019511275558835705,-0.005894907064920529,2026-07,2026-08
2015-12,Financeiro,31,1664541903.74,1690597512.24,0.009340556918883166,31,1664541903.74,1690597512.24,0.009340556918883166,0.0,2026-07,2026-08
2015-12,Imobiliário,1,25550503.65,18027476.92,0.011368377333637434,1,25550503.65,18027476.92,0.011368377333637434,0.0,2026-07,2026-08
2015-12,Industrial,2,22887032027.120003,20670244004.93,0.0,2,22887032027.120003,20670244004.93,0.0,0.0,2026-07,2026-08
2015-12,Serviços,9,6959515019.3,6741840256.38,0.0005900030301423682,8,6932732197.51,6719960431.389999,0.0005714440046495472,-1.8559025492820985e-05,2026-07,2026-08
2015-12,Setor público,7,1667289265.93,1466377208.68,0.0,7,1667289265.93,1466377208.68,0.0,0.0,2026-07,2026-08
2016-01,Agronegócio,2,146433218.78,128397020.72999999,0.0,2,146433218.78,128397020.72999999,0.0,0.0,2026-07,2026-08
2016-01,Ações judiciais,15,1027256207.02,943941292.62,0.13383072590178094,16,1345383966.39,1261127228.82,0.10017097840176027,-0.03365974750002067,2026-07,2026-08
2016-01,Cartão de crédito,1,10419893.83,0.0,,1,10419893.83,0.0,,,2026-07,2026-08
2016-01,Comercial,11,2732910609.45,2042560817.2299998,0.024750510228899292,9,2563898876.83,1871655204.76,0.021862968230437034,-0.0028875419984622577,2026-07,2026-08
2016-01,Financeiro,31,1809291121.83,1754288813.9,0.009091719962884727,31,1809291121.83,1754288813.9,0.009091719962884727,0.0,2026-07,2026-08
2016-01,Imobiliário,1,25828147.08,19148710.86,0.014487390928205807,1,25828147.08,19148710.86,0.014487390928205807,0.0,2026-07,2026-08
2016-01,Industrial,2,22291823677.69,21967307857.760002,0.0,2,22291823677.69,21967307857.760002,0.0,0.0,2026-07,2026-08
2016-01,Serviços,9,8049647075.28,7849265296.67,0.000502336590874662,8,8022583216.64,7828072417.41,0.00048465981632490684,-1.7676774549755115e-05,2026-07,2026-08
2016-01,Setor público,7,1679418957.06,1459576091.97,0.0,7,1679418957.06,1459576091.97,0.0,0.0,2026-07,2026-08
2016-02,Agronegócio,1,120584872.33,108360824.43,0.0,1,120584872.33,108360824.43,0.0,0.0,2026-07,2026-08
2016-02,Ações judiciais,15,1002820241.44,745438205.14,0.169762974512734,16,1320416321.28,1061773537.84,0.11918530883472596,-0.050577665678008046,2026-07,2026-08
2016-02,Cartão de crédito,1,32415656.81,0.0,,1,32415656.81,0.0,,,2026-07,2026-08
2016-02,Comercial,11,2661058866.32,2031758794.77,0.032292039226746484,9,2492214623.71,1855790071.08,0.03380967381374422,0.001517634586997739,2026-07,2026-08
2016-02,Financeiro,32,1919911974.57,1816396777.52,0.005222868779228245,32,1919911974.57,1816396777.52,0.005222868779228245,0.0,2026-07,2026-08
2016-02,Imobiliário,1,26147677.85,20173998.48,0.013472965722162581,1,26147677.85,20173998.48,0.013472965722162581,0.0,2026-07,2026-08
2016-02,Industrial,2,22621515751.45,19428265443.57,0.0,2,22621515751.45,19428265443.57,0.0,0.0,2026-07,2026-08
2016-02,Serviços,9,6837877377.71,6774473418.92,0.000308501290176024,8,6810648796.4,6750084199.43,0.00027707380600643946,-3.142748416958452e-05,2026-07,2026-08
2016-02,Setor público,8,1742438647.3899999,1476779994.53,0.0,8,1742438647.3899999,1476779994.53,0.0,0.0,2026-07,2026-08
2016-03,Agronegócio,1,122975957.23,104805863.77,0.0,1,122975957.23,104805863.77,0.0,0.0,2026-07,2026-08
2016-03,Ações judiciais,15,1002736186.9,840817665.58,0.14639412951093433,16,1320227088.45,1157152998.28,0.1063738074506681,-0.040020322060266234,2026-07,2026-08
2016-03,Cartão de crédito,1,40558553.07,0.0,,1,40558553.07,0.0,,,2026-07,2026-08
2016-03,Comercial,11,2648673181.41,2224937371.34,0.049641736303561695,9,2479416615.34,2037007621.11,0.04920988262939195,-0.00043185367416974374,2026-07,2026-08
2016-03,Financeiro,34,1863851990.78,1762318519.31,0.008892162000394568,34,1863851990.78,1762318519.31,0.008892162000394568,0.0,2026-07,2026-08
2016-03,Imobiliário,1,26530963.55,21168196.29,0.01975711979756968,1,26530963.55,21168196.29,0.01975711979756968,0.0,2026-07,2026-08
2016-03,Industrial,2,21047054887.14,17901193298.4,0.0,2,21047054887.14,17901193298.4,0.0,0.0,2026-07,2026-08
2016-03,Serviços,9,7768368585.34,7210579109.45,0.0002372695665675178,8,7768252006.36,7188289411.85,0.00020661242820185321,-3.065713836566459e-05,2026-07,2026-08
2016-03,Setor público,8,1766964233.8700001,1510206432.34,0.0,8,1766964233.8700001,1510206432.34,0.0,0.0,2026-07,2026-08
2016-04,Agronegócio,1,125321834.64,100022998.92,0.0,1,125321834.64,100022998.92,0.0,0.0,2026-07,2026-08
2016-04,Ações judiciais,15,994819260.4,828416421.81,0.14928943693533517,16,1312199595.73,1144751754.51,0.10803549387258847,-0.0412539430627467,2026-07,2026-08
2016-04,Cartão de crédito,1,48836104.07,0.0,,1,48836104.07,0.0,,,2026-07,2026-08
2016-04,Comercial,10,2600133526.7200003,2142046446.5,0.037508533057852164,8,2431152670.9900002,1950560093.4499998,0.033683895461939124,-0.00382463759591304,2026-07,2026-08
2016-04,Financeiro,34,1679776971.8500001,1608529054.06,0.04850251539011981,34,1679776971.8500001,1608529054.06,0.04850251539011981,0.0,2026-07,2026-08
2016-04,Imobiliário,1,26949214.13,21882819.26,0.03058967274950659,1,26949214.13,21882819.26,0.03058967274950659,0.0,2026-07,2026-08
2016-04,Industrial,2,23303792529.26,20341266885.0,0.0,2,23303792529.26,20341266885.0,0.0,0.0,2026-07,2026-08
2016-04,Serviços,9,6810696118.400001,6932199012.47,0.0002281011504654697,8,6768495700.46,6892541884.43,0.0002294135598322542,1.3124093667845065e-06,2026-07,2026-08
2016-04,Setor público,8,1775925864.73,1522006086.95,0.0,8,1775925864.73,1522006086.95,0.0,0.0,2026-07,2026-08
2016-05,Agronegócio,1,111987487.53,39698692.46,0.0,1,111987487.53,39698692.46,0.0,0.0,2026-07,2026-08
2016-05,Ações judiciais,13,896956189.33,747988374.18,0.06710893578396768,14,1214153216.86,1064030708.31,0.04717599161186563,-0.01993294417210205,2026-07,2026-08
2016-05,Cartão de crédito,1,48836104.07,0.0,,1,48836104.07,0.0,,,2026-07,2026-08
2016-05,Comercial,11,2652424055.88,2125915340.8200002,0.03209788102083111,9,2483111063.6200004,1963981176.9,0.030619456880396537,-0.0014784241404345727,2026-07,2026-08
2016-05,Financeiro,34,1721079280.5,1661696556.99,0.010309473259685578,34,1721079280.5,1661696556.99,0.010309473259685578,0.0,2026-07,2026-08
2016-05,Imobiliário,1,24726061.95,22463878.16,0.04196172153739993,1,24726061.95,22463878.16,0.04196172153739993,0.0,2026-07,2026-08
2016-05,Industrial,2,23267211830.3,20774890669.29,0.0,2,23267211830.3,20774890669.29,0.0,0.0,2026-07,2026-08
2016-05,Serviços,9,6107337269.39,6233859127.94,0.0004089091392160401,8,6065136851.45,6194201999.9,0.00041152709744389233,2.6179582278522146e-06,2026-07,2026-08
2016-05,Setor público,7,1874330753.17,1509972036.1399999,0.0,7,1874330753.17,1509972036.1399999,0.0,0.0,2026-07,2026-08
2016-06,Agronegócio,1,113318896.38,40093932.23,0.0,1,113318896.38,40093932.23,0.0,0.0,2026-07,2026-08
2016-06,Ações judiciais,14,930889007.87,896910164.17,0.05893941322308429,14,1213586243.81,1179102498.3,0.044833556765605236,-0.014105856457479055,2026-07,2026-08
2016-06,Cartão de crédito,1,50583904.92,0.0,,1,50583904.92,0.0,,,2026-07,2026-08
2016-06,Comercial,11,2645939416.54,2273126637.33,0.03558436466391079,9,2466187767.47,2071487983.6,0.03734195732362828,0.0017575926597174912,2026-07,2026-08
2016-06,Financeiro,34,1751480086.65,1663225558.24,0.014967393235793354,34,1751480086.65,1663225558.24,0.014967393235793354,0.0,2026-07,2026-08
2016-06,Imobiliário,2,33615297.1,24718179.73,0.019101207902739042,2,33615297.1,24718179.73,0.019101207902739042,0.0,2026-07,2026-08
2016-06,Industrial,2,22532958905.960003,21449294888.69,0.0,2,22532958905.960003,21449294888.69,0.0,0.0,2026-07,2026-08
2016-06,Serviços,9,5885848706.56,5810417570.58,0.00032865198358013743,8,5843648288.62,5770760442.54,0.00033091050633865635,2.258522758518918e-06,2026-07,2026-08
2016-06,Setor público,8,1927479898.06,1551498315.3,0.0,9,1961874817.6499999,1585348315.3,0.0,0.0,2026-07,2026-08
2016-07,Agronegócio,1,112847554.27,95761758.38,0.0,1,112847554.27,95761758.38,0.0,0.0,2026-07,2026-08
2016-07,Ações judiciais,16,955561830.73,900333561.3,0.05877847995979176,16,1238211063.29,1182525895.43,0.044751864119437906,-0.014026615840353855,2026-07,2026-08
2016-07,Cartão de crédito,1,50583904.92,0.0,,1,50583904.92,0.0,,,2026-07,2026-08
2016-07,Comercial,11,2639180413.37,2148466513.55,0.03821619122391278,9,2458918862.9300003,1950783737.14,0.0374998197274545,-0.0007163714964582776,2026-07,2026-08
2016-07,Financeiro,37,1826269568.85,1685676020.17,0.012332543603428295,37,1826269568.85,1685676020.17,0.012332543603428295,0.0,2026-07,2026-08
2016-07,Imobiliário,2,37831003.6,36667690.44,0.0134351570575766,2,37831003.6,36667690.44,0.0134351570575766,0.0,2026-07,2026-08
2016-07,Industrial,2,26896101689.53,23387344583.219997,0.0,2,26896101689.53,23387344583.219997,0.0,0.0,2026-07,2026-08
2016-07,Serviços,10,6516345262.54,6349529814.099999,0.0,8,6464627590.79,6298635655.3,0.0,0.0,2026-07,2026-08
2016-07,Setor público,8,1951030342.0600002,1564328904.37,0.0,9,1985368248.22,1598178904.37,0.0,0.0,2026-07,2026-08
2016-08,Agronegócio,1,110567244.14,88900773.03,0.0,1,110567244.14,88900773.03,0.0,0.0,2026-07,2026-08
2016-08,Ações judiciais,17,1957793834.96,1748829305.6200001,0.0316921048565977,17,2240720626.15,2031021639.75,0.027288769673976584,-0.004403335182621117,2026-07,2026-08
2016-08,Cartão de crédito,2,1352353008.44,1302219381.76,0.0,2,1352353008.44,1302219381.76,0.0,0.0,2026-07,2026-08
2016-08,Comercial,11,2638487752.48,2214807731.0299997,0.03947686758766136,9,2457745000.44,2021564486.4299998,0.040426703737917034,0.0009498361502556715,2026-07,2026-08
2016-08,Financeiro,37,1845417606.32,1643028837.64,0.010444791659682437,37,1845417606.32,1643028837.64,0.010444791659682437,0.0,2026-07,2026-08
2016-08,Imobiliário,2,39954232.73,39777402.41,0.012224464407906017,2,39954232.73,39777402.41,0.012224464407906017,0.0,2026-07,2026-08
2016-08,Industrial,2,28160167505.829998,22036587514.45,0.0,2,28160167505.829998,22036587514.45,0.0,0.0,2026-07,2026-08
2016-08,Serviços,10,6415689879.59,6244075509.22,0.0011825435741603298,8,6355136424.12,6186765226.8,0.00020342992724987815,-0.0009791136469104516,2026-07,2026-08
2016-08,Setor público,8,1970763738.1899998,1568074672.96,0.0,9,2004714035.8899999,1601924672.96,0.0,0.0,2026-07,2026-08
2016-09,Agronegócio,1,113872581.8,75630337.27,0.0,1,113872581.8,75630337.27,0.0,0.0,2026-07,2026-08
2016-09,Ações judiciais,17,1948717701.28,1849906478.79,0.03119369724449226,17,2227744856.12,2127497926.52,0.02712360933972338,-0.004070087904768878,2026-07,2026-08
2016-09,Cartão de crédito,2,1824687063.33,1773533910.63,0.0,2,1824687063.33,1773533910.63,0.0,0.0,2026-07,2026-08
2016-09,Comercial,11,2652449543.75,2338445007.5499997,0.03589779982807875,9,2471941592.11,2133041902.54,0.03703803680364806,0.0011402369755693087,2026-07,2026-08
2016-09,Financeiro,38,1813184100.65,1474308796.66,0.010011597314917155,38,1813184100.65,1474308796.66,0.010011597314917155,0.0,2026-07,2026-08
2016-09,Imobiliário,2,45336188.75,44285098.03,0.01064042129207408,2,45336188.75,44285098.03,0.01064042129207408,0.0,2026-07,2026-08
2016-09,Industrial,2,28190042677.95,21509320833.93,0.0,2,28190042677.95,21509320833.93,0.0,0.0,2026-07,2026-08
2016-09,Serviços,10,6527098997.74,6657170347.62,0.0003394108685843976,8,6465784471.13,6596558535.11,4.577373161973539e-05,-0.00029363713696466224,2026-07,2026-08
2016-09,Setor público,7,1927104372.1499999,1564572399.79,0.0,8,1961031069.1799998,1598422399.79,0.0,0.0,2026-07,2026-08
2016-10,Agronegócio,1,115454365.17,66495677.51,0.0,1,115454365.17,66495677.51,0.0,0.0,2026-07,2026-08
2016-10,Ações judiciais,18,2041928587.36,1882870261.75,0.0,18,2324099703.36,2161924191.83,0.0,0.0,2026-07,2026-08
2016-10,Cartão de crédito,2,4940322998.04,4882908146.45,0.0,2,4940322998.04,4882908146.45,0.0,0.0,2026-07,2026-08
2016-10,Comercial,11,2698600081.4,2435511520.19,0.03407850891361215,9,2518323153.29,2227950188.14,0.03348042398213292,-0.0005980849314792328,2026-07,2026-08
2016-10,Financeiro,40,1869930674.93,1625407403.74,0.006974055245421568,40,1869930674.93,1625407403.74,0.006974055245421568,0.0,2026-07,2026-08
2016-10,Imobiliário,3,51309610.3,50361027.53,0.0,3,51309610.3,50361027.53,0.0,0.0,2026-07,2026-08
2016-10,Industrial,2,23796231799.219997,23020301386.11,0.0,2,23796231799.219997,23020301386.11,0.0,0.0,2026-07,2026-08
2016-10,Serviços,10,7022914528.1,6835832911.889999,0.0014028830668636914,8,6924064827.26,6741705240.21,0.00023970990905405721,-0.0011631731578096343,2026-07,2026-08
2016-10,Setor público,8,2006343749.2,1589951536.07,0.0,9,2040217607.43,1623801536.07,0.0,0.0,2026-07,2026-08
2016-11,Agronegócio,2,318762000.25,247533197.49,0.0,2,318762000.25,247533197.49,0.0,0.0,2026-07,2026-08
2016-11,Ações judiciais,18,2057214714.7,2000388164.42,0.0,18,2338391906.06,2279637957.64,0.0,0.0,2026-07,2026-08
2016-11,Cartão de crédito,2,6182074205.05,6178598440.04,0.0,2,6182074205.05,6178598440.04,0.0,0.0,2026-07,2026-08
2016-11,Comercial,11,2681809613.75,2432562023.61,0.03790396237591784,9,2492172022.11,2219004625.95,0.03625560275051576,-0.0016483596254020794,2026-07,2026-08
2016-11,Financeiro,40,1947130932.37,1685515225.38,0.06248780647250139,40,1947130932.37,1685515225.38,0.06248780647250139,0.0,2026-07,2026-08
2016-11,Imobiliário,3,53342372.14,50583153.93,0.0003251803954882416,3,53342372.14,50583153.93,0.0003251803954882416,0.0,2026-07,2026-08
2016-11,Industrial,2,24188952720.92,23707360140.64,0.0,2,24188952720.92,23707360140.64,0.0,0.0,2026-07,2026-08
2016-11,Serviços,10,6502152247.01,6243166708.259999,0.0013773158241351096,8,6407163021.88,6156923405.45,0.0003741030118973282,-0.0010032128122377814,2026-07,2026-08
2016-11,Setor público,8,2019656529.12,1765412742.9,0.0,9,2053516763.65,1799262742.9,0.0,0.0,2026-07,2026-08
2016-12,Agronegócio,2,321762205.18,310132253.12,0.0,2,321762205.18,310132253.12,0.0,0.0,2026-07,2026-08
2016-12,Ações judiciais,19,2093905944.69,2028459265.94,0.0,18,2335250243.32,2269478278.94,0.0,0.0,2026-07,2026-08
2016-12,Cartão de crédito,4,8436738828.32,8370664763.7699995,0.0,4,8436738828.32,8370664763.7699995,0.0,0.0,2026-07,2026-08
2016-12,Comercial,11,2658260980.1800003,2376329456.22,0.0380160715945931,9,2468803548.89,2213385237.59,0.03465478841971407,-0.0033612831748790345,2026-07,2026-08
2016-12,Financeiro,41,2278648271.86,1956222311.71,0.13066185082848186,41,2278648271.86,1956222311.71,0.13066185082848186,0.0,2026-07,2026-08
2016-12,Imobiliário,3,57708139.089999996,52715947.32,0.0006478001769123856,3,57708139.089999996,52715947.32,0.0006478001769123856,0.0,2026-07,2026-08
2016-12,Industrial,2,25409556657.48,23432173207.71,0.0,2,25409556657.48,23432173207.71,0.0,0.0,2026-07,2026-08
2016-12,Serviços,10,6987553421.63,7270564853.3,0.0021949783960398305,8,6727052163.36,7018357020.79,7.021379199437351e-05,-0.002124764604045457,2026-07,2026-08
2016-12,Setor público,8,2059593645.96,1978804858.3700001,0.0,10,2135491293.08,2053654858.3700001,0.0,0.0,2026-07,2026-08
2017-01,Agronegócio,2,322226703.81,311549294.31,0.0,2,322226703.81,311549294.31,0.0,0.0,2026-07,2026-08
2017-01,Ações judiciais,18,2021618136.49,2428193857.26,0.058825047507195576,17,2263009302.21,2669212870.26,0.053513386137721754,-0.005311661369473822,2026-07,2026-08
2017-01,Cartão de crédito,4,8325432207.03,8267116455.400001,0.0,4,8325432207.03,8267116455.400001,0.0,0.0,2026-07,2026-08
2017-01,Comercial,12,2671819173.0699997,2303358040.46,0.048732118098141285,10,2481358513.6,2116110731.99,0.04750080014266239,-0.001231317955478893,2026-07,2026-08
2017-01,Financeiro,41,2250847948.28,1827883287.02,0.13916323454913057,41,2250847948.28,1827883287.02,0.13916323454913057,0.0,2026-07,2026-08
2017-01,Imobiliário,3,62748646.18,58855481.400000006,0.0012622391021679758,3,62748646.18,58855481.400000006,0.0012622391021679758,0.0,2026-07,2026-08
2017-01,Industrial,2,20778119162.629997,19919669549.16,0.0,2,20778119162.629997,19919669549.16,0.0,0.0,2026-07,2026-08
2017-01,Serviços,10,6806614917.910001,6782262765.63,0.0009628581309313808,8,6569582467.93,6569800755.16,0.00035839791916835026,-0.0006044602117630305,2026-07,2026-08
2017-01,Setor público,8,2156211856.09,2000043820.32,0.012171110109030133,10,2231957576.54,2074893820.32,0.0117320478385953,-0.000439062270434833,2026-07,2026-08
2017-02,Agronegócio,2,326159287.28000003,312470698.77,0.0,2,326159287.28000003,312470698.77,0.0,0.0,2026-07,2026-08
2017-02,Ações judiciais,19,2127115398.88,2436136176.81,0.0649902461722476,18,2368579766.39,2677155189.81,0.05913930221252376,-0.005850943959723846,2026-07,2026-08
2017-02,Cartão de crédito,4,9261143974.039999,9147798665.45,0.0,4,9261143974.039999,9147798665.45,0.0,0.0,2026-07,2026-08
2017-02,Comercial,13,2693606540.6800003,2349223423.7,0.04587091860776597,11,2502885463.82,2158960599.8,0.043700925657809676,-0.0021699929499562967,2026-07,2026-08
2017-02,Financeiro,41,2329431580.29,1921382555.85,0.17873379222914634,40,2240509051.5,1832429970.34,0.13886664655063755,-0.0398671456785088,2026-07,2026-08
2017-02,Imobiliário,3,65541560.56,61227656.94,0.008361864973890997,3,65541560.56,61227656.94,0.008361864973890997,0.0,2026-07,2026-08
2017-02,Industrial,2,23382992961.38,20925081212.38,0.0,2,23382992961.38,20925081212.38,0.0,0.0,2026-07,2026-08
2017-02,Serviços,11,6901020221.62,6680283459.14,0.0008286522426568768,9,6627929174.9,6454267945.04,0.0,-0.0008286522426568768,2026-07,2026-08
2017-02,Setor público,8,2182053318.71,2017089259.31,0.01206825798493771,10,2257610137.09,2091939259.31,0.011636453329925626,-0.0004318046550120837,2026-07,2026-08
2017-03,Agronegócio,2,331249710.98,308247138.28000003,0.0,2,331249710.98,308247138.28000003,0.0,0.0,2026-07,2026-08
2017-03,Ações judiciais,19,2140665317.22,1951309744.76,0.08332994773210604,18,2382039944.36,2192328757.76,0.07416886653721508,-0.009161081194890966,2026-07,2026-08
2017-03,Cartão de crédito,4,8857973784.31,8756452800.42,0.0,4,8857973784.31,8756452800.42,0.0,0.0,2026-07,2026-08
2017-03,Comercial,14,2710110178.85,2376492051.84,0.062054011796850155,12,2518203632.2999997,2177244186.12,0.06462268856059551,0.0025686767637453575,2026-07,2026-08
2017-03,Financeiro,42,2407840688.74,1874629784.01,0.18496147385341574,41,2316156865.2799997,1782777198.5,0.14296890406970278,-0.04199256978371296,2026-07,2026-08
2017-03,Imobiliário,3,68512385.7,66467850.34,0.00917736494981703,3,68512385.7,66467850.34,0.00917736494981703,0.0,2026-07,2026-08
2017-03,Industrial,2,25694269241.800003,16832470379.61,0.0,2,25694269241.800003,16832470379.61,0.0,0.0,2026-07,2026-08
2017-03,Serviços,11,6072695974.53,5907786877.08,0.0024854003547361155,9,5797693330.18,5638994002.42,0.0,-0.0024854003547361155,2026-07,2026-08
2017-03,Setor público,8,2214448849.22,2047963385.44,0.011886322642809366,10,2289978050.37,2122813385.44,0.011467213145989478,-0.00041910949681988816,2026-07,2026-08
2017-04,Agronegócio,2,335028105.71999997,280370929.79999995,0.014780952978813428,2,335028105.71999997,280370929.79999995,0.014780952978813428,0.0,2026-07,2026-08
2017-04,Ações judiciais,19,2148919679.25,1960294116.38,0.08511447860085118,18,2390221586.02,2201422406.1800003,0.07579163869305938,-0.0093228399077918,2026-07,2026-08
2017-04,Cartão de crédito,4,8726432653.74,8624732621.07,0.0,4,8726432653.74,8624732621.07,0.0,0.0,2026-07,2026-08
2017-04,Comercial,14,2734498518.0299997,2319905807.32,0.04529935711114163,12,2563278549.45,2153694309.01,0.04616717409431494,0.000867816983173314,2026-07,2026-08
2017-04,Financeiro,41,2416896905.13,1967133341.64,0.17543818939202227,40,2328429568.53,1875280756.13,0.13505056531516146,-0.040387624076860806,2026-07,2026-08
2017-04,Imobiliário,3,69523807.87,67753787.98,0.00987398417041243,3,69523807.87,67753787.98,0.00987398417041243,0.0,2026-07,2026-08
2017-04,Industrial,2,22152033808.15,20577990405.99,0.0,2,22152033808.15,20577990405.99,0.0,0.0,2026-07,2026-08
2017-04,Serviços,12,6044475040.59,5708802605.83,0.0020729935359674982,10,5718654660.09,5395079876.63,0.0,-0.0020729935359674982,2026-07,2026-08
2017-04,Setor público,8,2236624348.76,2064682644.71,0.011790070315343362,10,2311955085.99,2139532644.71,0.011377603244422337,-0.0004124670709210257,2026-07,2026-08
2017-05,Agronegócio,2,322684959.23,171971665.82999998,0.16448744299519008,2,322684959.23,171971665.82999998,0.16448744299519008,0.0,2026-07,2026-08
2017-05,Ações judiciais,19,2220678330.17,2042219779.8400002,0.2544496508846427,18,2461928039.16,2283348069.64,0.22757901737334704,-0.026870633511295677,2026-07,2026-08
2017-05,Cartão de crédito,4,8251615365.82,8311405886.79,0.0,4,8251615365.82,8311405886.79,0.0,0.0,2026-07,2026-08
2017-05,Comercial,14,2690129464.55,2266684988.51,0.05436418311968556,12,2528709266.2000003,2085509845.89,0.05177651959438192,-0.002587663525303638,2026-07,2026-08
2017-05,Financeiro,43,2552768693.09,1966740205.8700001,0.1790065917751777,42,2466025114.46,1879017620.36,0.1406782314257148,-0.03832836034946288,2026-07,2026-08
2017-05,Imobiliário,3,77136352.74,74373221.53,0.008752277723204874,3,77136352.74,74373221.53,0.008752277723204874,0.0,2026-07,2026-08
2017-05,Industrial,2,20061425405.649998,18974118153.53,0.0,2,20061425405.649998,18974118153.53,0.0,0.0,2026-07,2026-08
2017-05,Serviços,12,5891388036.86,5561884382.19,0.0027187517900265907,10,5563194960.21,5248000475.82,0.0016187844073456562,-0.0010999673826809346,2026-07,2026-08
2017-05,Setor público,10,2724703303.57,2503027007.91,0.009725325968546352,12,2799964108.43,2577877007.91,0.009442946069694674,-0.0002823798988516781,2026-07,2026-08
2017-06,Agronegócio,2,322540402.94,211394075.93,0.07831131183393139,2,322540402.94,211394075.93,0.07831131183393139,0.0,2026-07,2026-08
2017-06,Ações judiciais,20,2304532244.89,2242766905.85,0.06439862404927951,18,2489226489.61,2428395195.65,0.05947594652580452,-0.004922677523474993,2026-07,2026-08
2017-06,Cartão de crédito,5,8403025221.5199995,9274666559.45,0.0,5,8403025221.5199995,9274666559.45,0.0,0.0,2026-07,2026-08
2017-06,Comercial,14,2736197289.19,2345363175.88,0.049669268784477714,12,2555919076.0,2159576428.19,0.04984643113104455,0.00017716234656683233,2026-07,2026-08
2017-06,Financeiro,41,2377069666.9,1675311120.5,0.08811480402275525,40,2294041714.46,1591513534.99,0.040101528605850666,-0.04801327541690458,2026-07,2026-08
2017-06,Imobiliário,3,79382699.94,75676339.3,0.009613384932851793,3,79382699.94,75676339.3,0.009613384932851793,0.0,2026-07,2026-08
2017-06,Industrial,2,21507289050.91,20618915548.879997,0.0,2,21507289050.91,20618915548.879997,0.0,0.0,2026-07,2026-08
2017-06,Serviços,12,5588226019.99,5727893259.62,0.0024471666762396903,10,5247480891.97,5402527169.69,0.0015302337369780174,-0.0009169329392616729,2026-07,2026-08
2017-06,Setor público,10,2771675024.79,2532610376.99,0.00961172463840699,13,2903367703.5,2662960376.99,0.009141237612973845,-0.0004704870254331455,2026-07,2026-08
2017-07,Agronegócio,2,331606264.82,183479058.86,0.0697049784289481,2,331606264.82,183479058.86,0.0697049784289481,0.0,2026-07,2026-08
2017-07,Ações judiciais,20,2433631814.91,2231339607.51,0.03741484420346168,18,2581789906.16,2380517897.31,0.03507019370631022,-0.0023446504971514626,2026-07,2026-08
2017-07,Cartão de crédito,6,13340800268.82,8812994667.99,0.0,6,13340800268.82,8812994667.99,0.0,0.0,2026-07,2026-08
2017-07,Comercial,14,2766558579.79,2377485327.71,0.04857857617201152,12,2596335548.21,2213733407.42,0.050928277222592466,0.002349701050580945,2026-07,2026-08
2017-07,Financeiro,43,2760554306.9,1970029425.8,0.17635194284923864,42,2677668677.37,1886231840.29,0.13976061986074279,-0.03659132298849585,2026-07,2026-08
2017-07,Imobiliário,3,83554222.24,77787817.17,0.01035625422216742,3,83554222.24,77787817.17,0.01035625422216742,0.0,2026-07,2026-08
2017-07,Industrial,2,19712549645.63,17322313670.37,0.0,2,19712549645.63,17322313670.37,0.0,0.0,2026-07,2026-08
2017-07,Serviços,12,5914349597.14,5615368428.74,0.00242113109273769,10,5514192289.93,5235349400.0,0.001611412124661632,-0.000809718968076058,2026-07,2026-08
2017-07,Setor público,10,2806507466.04,2567925131.46,0.009479541775487772,13,2974613432.33,2734725131.46,0.008901352929390758,-0.0005781888460970139,2026-07,2026-08
2017-08,Agronegócio,2,337093890.58,215775461.67000002,0.04661692771805343,2,337093890.58,215775461.67000002,0.04661692771805343,0.0,2026-07,2026-08
2017-08,Ações judiciais,21,2485032407.2999997,2291301135.1800003,0.03999879634014156,19,2633257804.42,2440479424.98,0.03755380460163112,-0.002444991738510434,2026-07,2026-08
2017-08,Cartão de crédito,6,9589066685.69,8937542357.07,0.0,6,9589066685.69,8937542357.07,0.0,0.0,2026-07,2026-08
2017-08,Comercial,14,2801655091.99,2413346115.19,0.05049386050471512,12,2631400723.35,2266395776.42,0.05249017155684733,0.001996311052132209,2026-07,2026-08
2017-08,Financeiro,45,2849810143.58,2007462395.53,0.17334106659972043,44,2766950001.67,1923664810.02,0.13733062325304654,-0.03601044334667389,2026-07,2026-08
2017-08,Imobiliário,3,84802906.83,79961763.32,0.0089303079415883,3,84802906.83,79961763.32,0.0089303079415883,0.0,2026-07,2026-08
2017-08,Industrial,2,30566171859.1,20198276661.36,0.0,2,30566171859.1,20198276661.36,0.0,0.0,2026-07,2026-08
2017-08,Serviços,12,5898551458.24,5580168985.5199995,0.00232786057979739,10,5471713310.95,5221358829.639999,0.001582468667561331,-0.000745391912236059,2026-07,2026-08
2017-08,Setor público,10,2878396999.8399997,2656521046.83,0.00916339570847668,13,3046323566.88,2823321046.83,0.008622028156284893,-0.0005413675521917863,2026-07,2026-08
2017-09,Agronegócio,2,335379969.5,197754051.25,0.08836885201359433,2,335379969.5,197754051.25,0.08836885201359433,0.0,2026-07,2026-08
2017-09,Ações judiciais,21,2639183492.05,2351678363.02,0.04250000054074147,19,2790467353.9900002,2500929529.88,0.039963673708469365,-0.002536326832272104,2026-07,2026-08
2017-09,Cartão de crédito,6,9553602139.94,9488848687.55,7.368618817975178e-05,6,9553602139.94,9488848687.55,7.368618817975178e-05,0.0,2026-07,2026-08
2017-09,Comercial,14,2838503215.0099998,2472221796.68,0.04858805917467128,12,2668166191.74,2323112045.54,0.0504602437084568,0.0018721845337855217,2026-07,2026-08
2017-09,Financeiro,47,3117985879.51,2034215038.84,0.1658336697246949,46,3038496478.53,1954792453.33,0.13194176136225302,-0.03389190836244188,2026-07,2026-08
2017-09,Imobiliário,3,85846477.71000001,80423283.32,0.009998324326060357,3,85846477.71000001,80423283.32,0.009998324326060357,0.0,2026-07,2026-08
2017-09,Industrial,2,26745877831.949997,18824708059.57,0.0,2,26745877831.949997,18824708059.57,0.0,0.0,2026-07,2026-08
2017-09,Serviços,12,5268788217.22,5579781818.29,0.0019265015228309263,10,4886035380.25,5208571083.18,0.002063801760278005,0.00013730023744707885,2026-07,2026-08
2017-09,Setor público,10,2907333356.03,2686146426.48,0.009062333058253795,13,3075123931.83,2852946426.48,0.008532495855533602,-0.0005298372027201931,2026-07,2026-08
2017-10,Agronegócio,2,337773523.25,230399664.16,0.06147838718273243,2,337773523.25,230399664.16,0.06147838718273243,0.0,2026-07,2026-08
2017-10,Ações judiciais,22,2508735626.5,2369847251.6200004,0.04034463550958471,20,2631205927.52,2501388800.6600003,0.038223015772187355,-0.0021216197373973567,2026-07,2026-08
2017-10,Cartão de crédito,6,9363850776.09,9286334617.5,4.6556828695926536e-05,6,9363850776.09,9286334617.5,4.6556828695926536e-05,0.0,2026-07,2026-08
2017-10,Comercial,15,2802227110.07,2395879140.62,0.05129286021422534,13,2632165544.1,2252060629.2,0.05441481017033358,0.00312194995610824,2026-07,2026-08
2017-10,Financeiro,48,3118398441.67,2035623596.57,0.16596821401032635,46,3032672142.98,1956201011.06,0.13210617198790192,-0.03386204202242443,2026-07,2026-08
2017-10,Imobiliário,3,85270832.42,77059488.65,0.011858090755706045,3,85270832.42,77059488.65,0.011858090755706045,0.0,2026-07,2026-08
2017-10,Industrial,2,19981653696.219997,17709048420.42,0.0,2,19981653696.219997,17709048420.42,0.0,0.0,2026-07,2026-08
2017-10,Serviços,12,5452385864.6,5388856365.67,0.0017019392627399712,10,5073263067.13,5024963932.68,0.0018251884695834016,0.00012324920684343038,2026-07,2026-08
2017-10,Setor público,10,2934034884.56,2717881012.59,0.0,14,3118122542.51,2885181012.59,0.0,0.0,2026-07,2026-08
2017-11,Agronegócio,2,341782846.43,279831004.82,0.04203489380158672,2,341782846.43,279831004.82,0.04203489380158672,0.0,2026-07,2026-08
2017-11,Ações judiciais,24,2568583725.83,2517831259.75,0.2879166900175746,22,2690959145.67,2639372808.79,0.274658297575755,-0.013258392441819589,2026-07,2026-08
2017-11,Cartão de crédito,7,9862542766.32,9640326113.77,1.3455042751585348e-07,7,9862542766.32,9640326113.77,1.3455042751585348e-07,0.0,2026-07,2026-08
2017-11,Comercial,16,3303213708.22,2870289187.45,0.06591162351068697,14,3143143545.45,2744829089.24,0.06871405294754535,0.002802429436858378,2026-07,2026-08
2017-11,Financeiro,47,3111436082.2799997,2055772064.21,0.1467457657451577,45,3025957054.65,1976349478.7,0.11245645704128876,-0.034289308703868954,2026-07,2026-08
2017-11,Imobiliário,3,88540857.62,78645199.45,0.01261012747040595,3,88540857.62,78645199.45,0.01261012747040595,0.0,2026-07,2026-08
2017-11,Industrial,2,20360411408.19,19055438212.92,0.0,2,20360411408.19,19055438212.92,0.0,0.0,2026-07,2026-08
2017-11,Serviços,12,5415964226.26,5177152310.06,0.0017846147605212956,10,5267324147.55,5031358960.610001,0.0018363274221404068,5.171266161911126e-05,2026-07,2026-08
2017-11,Setor público,10,2969241877.73,2747790755.96,0.0,14,3153267195.61,2925090755.96,0.0,0.0,2026-07,2026-08
2017-12,Agronegócio,2,424811236.38,290184935.86,0.03322756155974912,2,424811236.38,290184935.86,0.03322756155974912,0.0,2026-07,2026-08
2017-12,Ações judiciais,24,2683289298.7200003,2544150787.69,0.29401514332378664,22,2804359220.79,2665692336.73,0.2806095993049196,-0.013405544018867066,2026-07,2026-08
2017-12,Cartão de crédito,7,11396893482.279999,11050314573.2,2.3335408081991523e-06,7,11396893482.279999,11050314573.2,2.3335408081991523e-06,0.0,2026-07,2026-08
2017-12,Comercial,17,3712372812.07,3192356201.69,0.09775758105401573,15,3552129619.61,3049605453.3199997,0.10216244786053248,0.0044048668065167496,2026-07,2026-08
2017-12,Financeiro,53,3660257800.82,2327866682.4700003,0.15229606723604494,51,3578808194.49,2242443247.01,0.12267974034429294,-0.029616326891752004,2026-07,2026-08
2017-12,Imobiliário,3,87630978.48,78981071.35,0.014383035208093567,3,87630978.48,78981071.35,0.014383035208093567,0.0,2026-07,2026-08
2017-12,Industrial,2,28000756635.3,25638587250.34,0.0,2,28000756635.3,25638587250.34,0.0,0.0,2026-07,2026-08
2017-12,Serviços,13,7696350551.74,7296563194.12,0.0015874822586795928,11,7534062989.14,7137949161.47,0.001622758072097917,3.527581341832421e-05,2026-07,2026-08
2017-12,Setor público,11,3019749629.15,2810088132.52,0.0,15,3203726112.86,2993388982.47,0.0,0.0,2026-07,2026-08
2018-01,Agronegócio,2,405891853.96000004,375051425.24,0.026163196270273692,2,405891853.96000004,375051425.24,0.026163196270273692,0.0,2026-07,2026-08
2018-01,Ações judiciais,26,4172320993.2000003,4018921891.37,0.18185189008509517,24,4294453659.25,4140462718.21,0.1765137357319231,-0.005338154353172059,2026-07,2026-08
2018-01,Cartão de crédito,7,11636753427.41,10582567302.949999,4.991475932808398e-06,7,11636753427.41,10582567302.949999,4.991475932808398e-06,0.0,2026-07,2026-08
2018-01,Comercial,16,3885824049.18,3363665525.35,0.0710490908620092,14,3704907561.72,3180249458.82,0.07512299153999231,0.004073900677983119,2026-07,2026-08
2018-01,Financeiro,52,3592803988.15,2311394343.14,0.17958132754020445,50,3511397148.35,2225970907.68,0.1507929317233708,-0.02878839581683365,2026-07,2026-08
2018-01,Imobiliário,3,87168769.96,78021880.95,0.017800747470956734,3,87168769.96,78021880.95,0.017800747470956734,0.0,2026-07,2026-08
2018-01,Industrial,2,25071338260.18,21433786315.99,0.0,2,25071338260.18,21433786315.99,0.0,0.0,2026-07,2026-08
2018-01,Serviços,13,8495640768.63,8027190805.41,0.001367002822781354,11,8335334571.29,7875697380.03,0.0013932978834133671,2.6295060632013046e-05,2026-07,2026-08
2018-01,Setor público,11,2864924932.48,2654726173.2200003,0.0,15,3048935217.63,2838027745.37,0.0,0.0,2026-07,2026-08
2018-02,Agronegócio,2,409211536.8,365234137.17,0.02488488696709522,2,409211536.8,365234137.17,0.02488488696709522,0.0,2026-07,2026-08
2018-02,Ações judiciais,26,4200754475.69,3736249608.62,0.028888216389767855,24,4322854114.03,3857791157.66,0.027978079364324303,-0.0009101370254435519,2026-07,2026-08
2018-02,Cartão de crédito,7,11626591911.23,10550054484.94,5.781026068354647e-06,7,11626591911.23,10550054484.94,5.781026068354647e-06,0.0,2026-07,2026-08
2018-02,Comercial,18,3995108663.46,3482952362.09,0.10615879261068276,15,3815311982.59,3256639286.4900002,0.1131471401602928,0.006988347549610044,2026-07,2026-08
2018-02,Financeiro,52,3578856146.68,2344107255.64,0.17700195419885717,50,3497582395.1,2258683820.18,0.14853295383470896,-0.028469000364148206,2026-07,2026-08
2018-02,Imobiliário,2,67233584.84,56184468.82,0.02449719822767206,2,67233584.84,56184468.82,0.02449719822767206,0.0,2026-07,2026-08
2018-02,Industrial,2,20927726525.15,17914138079.149998,0.0,2,20927726525.15,17914138079.149998,0.0,0.0,2026-07,2026-08
2018-02,Serviços,13,8047873265.58,7310300651.13,0.0012899278757491845,11,7888855771.67,7153202279.29,0.0013182572254808323,2.8329349731647836e-05,2026-07,2026-08
2018-02,Setor público,11,2882553185.64,2679123531.69,0.009086088518152244,15,3066453902.67,2862424381.64,0.008504243366615344,-0.0005818451515369003,2026-07,2026-08
2018-03,Agronegócio,2,412960955.28,345732643.55,0.0,2,412960955.28,345732643.55,0.0,0.0,2026-07,2026-08
2018-03,Ações judiciais,28,4355027222.41,3465944648.85,0.03071631797274194,26,4477169218.75,3587486197.89,0.029675670382401934,-0.0010406475903400048,2026-07,2026-08
2018-03,Cartão de crédito,8,12028147575.74,11531449491.65,5.685288744270367e-06,8,12028147575.74,11531449491.65,5.685288744270367e-06,0.0,2026-07,2026-08
2018-03,Comercial,18,4072220510.61,3535609170.61,0.08753243682943757,15,3901993917.09,3336353361.51,0.09267041452709543,0.005137977697657864,2026-07,2026-08
2018-03,Financeiro,54,4051294735.9,2884947692.33,0.1387513582323253,52,3967307315.64,2796719913.32,0.1147300534822224,-0.02402130475010289,2026-07,2026-08
2018-03,Imobiliário,3,96358883.99,86912459.22,0.012866322964920473,3,96358883.99,86912459.22,0.012866322964920473,0.0,2026-07,2026-08
2018-03,Industrial,2,22914268370.63,19126817088.02,0.0,2,22914268370.63,19126817088.02,0.0,0.0,2026-07,2026-08
2018-03,Serviços,13,7475304000.49,7199399871.22,0.001254893048254733,11,7306947160.99,7039479982.55,0.0012834011705971677,2.8508122342434583e-05,2026-07,2026-08
2018-03,Setor público,11,2353809176.15,2817240042.43,0.008640638778867862,15,2540320418.0099998,3003345235.93,0.008105213236486997,-0.000535425542380865,2026-07,2026-08
2018-04,Agronegócio,2,416655266.26,352863276.24,0.0,2,416655266.26,352863276.24,0.0,0.0,2026-07,2026-08
2018-04,Ações judiciais,28,4454631132.37,3622456022.74,0.029283916062495655,26,4576553372.47,3743997571.78,0.02833327107623277,-0.0009506449862628844,2026-07,2026-08
2018-04,Cartão de crédito,8,12215648857.01,11121040554.63,0.0004824591515194335,8,12215648857.01,11121040554.63,0.0004824591515194335,0.0,2026-07,2026-08
2018-04,Comercial,17,4126666348.0,3710713953.38,0.08767202892415583,14,3956616509.37,3499748283.36,0.09258374900006197,0.004911720075906137,2026-07,2026-08
2018-04,Financeiro,53,4912351725.29,3650288842.08,0.09434728768854293,51,4828218369.07,3559537082.32,0.07444009147596771,-0.019907196212575223,2026-07,2026-08
2018-04,Imobiliário,3,90854152.35,75011918.00999999,0.016668538189269,3,90854152.35,75011918.00999999,0.016668538189269,0.0,2026-07,2026-08
2018-04,Industrial,2,26957559629.58,24184061147.84,0.0,2,26957559629.58,24184061147.84,0.0,0.0,2026-07,2026-08
2018-04,Serviços,13,7021829812.08,6590750623.5,0.0019422813289819204,11,6818302616.41,6403299468.42,0.001999139965752475,5.6858636770554596e-05,2026-07,2026-08
2018-04,Setor público,11,3074834050.36,2857250710.67,0.008519642140290811,15,3261659847.0,3043364709.32,0.00799863173988078,-0.0005210104004100304,2026-07,2026-08
2018-05,Agronegócio,3,406891458.23,239763762.39000002,0.0,3,406891458.23,239763762.39000002,0.0,0.0,2026-07,2026-08
2018-05,Ações judiciais,28,4503249258.96,3535275934.51,0.04906397455904424,26,4625100628.8,3656817483.55,0.04743323649328322,-0.0016307380657610143,2026-07,2026-08
2018-05,Cartão de crédito,8,12413936895.93,10900994156.93,0.0006795858022995518,8,12413936895.93,10900994156.93,0.0006795858022995518,0.0,2026-07,2026-08
2018-05,Comercial,18,4208457773.03,3449714727.41,0.1237514917068277,15,4028384259.11,3242305632.72,0.13161543971781772,0.007863948010990024,2026-07,2026-08
2018-05,Financeiro,51,4838709906.15,3590230835.52,0.0951088286724448,50,4753336114.51,3486950569.31,0.07514877504324721,-0.01996005362919759,2026-07,2026-08
2018-05,Imobiliário,4,105577301.61,88894272.17,0.013768099902538411,4,105577301.61,88894272.17,0.013768099902538411,0.0,2026-07,2026-08
2018-05,Industrial,2,22980124709.84,19479078774.699997,0.0,2,22980124709.84,19479078774.699997,0.0,0.0,2026-07,2026-08
2018-05,Serviços,13,6034474843.9800005,5775225960.43,0.002334163188135466,11,5833075161.47,5592101342.46,0.002410600061491361,7.643687335589502e-05,2026-07,2026-08
2018-05,Setor público,11,3129885828.1,2863890297.2400002,0.0030345354947343187,15,3328716495.83,3062010049.06,0.002838193415683891,-0.00019634207905042762,2026-07,2026-08
2018-06,Agronegócio,3,409760994.31,208092531.15,0.0003642530060118402,3,409760994.31,208092531.15,0.0003642530060118402,0.0,2026-07,2026-08
2018-06,Ações judiciais,25,4490969302.63,3546564821.59,0.02929279941750069,23,4564088117.95,3619406370.63,0.028703273769702994,-0.0005895256477976979,2026-07,2026-08
2018-06,Cartão de crédito,8,12100413194.789999,11620207101.81,0.0008439499669909024,8,12100413194.789999,11620207101.81,0.0008439499669909024,0.0,2026-07,2026-08
2018-06,Comercial,20,4372945424.55,3751823055.91,0.09954977552090599,17,4192868038.99,3531672887.29,0.10575530490214706,0.006205529381241068,2026-07,2026-08
2018-06,Financeiro,54,4994498136.16,3843755165.29,0.11296103644188309,53,4909568432.99,3746313937.43,0.09679433914146594,-0.016166697300417143,2026-07,2026-08
2018-06,Imobiliário,4,114630961.86,98494592.58,0.01420812892711191,4,114630961.86,98494592.58,0.01420812892711191,0.0,2026-07,2026-08
2018-06,Industrial,2,26252523656.609997,20550045168.84,0.0,2,26252523656.609997,20550045168.84,0.0,0.0,2026-07,2026-08
2018-06,Serviços,13,6477563493.18,5740301219.97,0.00268042115394084,11,6305189438.82,5544203212.53,0.002775227427671915,9.480627373107493e-05,2026-07,2026-08
2018-06,Setor público,10,3086521554.65,2881749596.86,0.0030157293227244275,14,3333404469.5,3128053778.65,0.0027782696126633292,-0.00023745971006109822,2026-07,2026-08
2018-07,Agronegócio,2,406333230.31,303424418.32,0.0,2,406333230.31,303424418.32,0.0,0.0,2026-07,2026-08
2018-07,Ações judiciais,28,4687751869.33,1680085669.55,0.06211997528551862,26,4762568143.21,1680085669.55,0.06211997528551862,0.0,2026-07,2026-08
2018-07,Cartão de crédito,9,12412683952.08,10583107521.47,0.001094347067390591,9,12412683952.08,10583107521.47,0.001094347067390591,0.0,2026-07,2026-08
2018-07,Comercial,20,4429884673.29,3888681695.27,0.08819320764853392,17,4260197732.41,3698423571.59,0.09273013368843501,0.004536926039901093,2026-07,2026-08
2018-07,Financeiro,56,5150224817.62,3435629661.38,0.12586908817357823,55,5064554281.92,3357189582.58,0.10749079800035413,-0.018378290173224093,2026-07,2026-08
2018-07,Imobiliário,4,157732974.05,128397841.3,0.01462325130227871,4,157732974.05,128397841.3,0.01462325130227871,0.0,2026-07,2026-08
2018-07,Industrial,2,26840560003.28,23815733879.54,0.0,2,26840560003.28,23815733879.54,0.0,0.0,2026-07,2026-08
2018-07,Serviços,13,6203288815.49,5754668086.68,0.0019618246473904386,11,6032312453.849999,5597798780.22,0.002016801627434758,5.497698004431955e-05,2026-07,2026-08
2018-07,Setor público,11,3194515018.38,2744633761.75,0.028670702028319537,15,3442198123.48,2744633761.75,0.028670702028319537,0.0,2026-07,2026-08
2018-08,Agronegócio,3,410423997.69,278777141.31,0.0,3,410423997.69,278777141.31,0.0,0.0,2026-07,2026-08
2018-08,Ações judiciais,28,5237816130.62,3771988710.27,0.027635645858690383,26,5312357707.43,3964630066.04,0.026292829959825133,-0.0013428158988652503,2026-07,2026-08
2018-08,Cartão de crédito,8,12720905343.95,10354994942.22,0.0013139821550779975,8,12720905343.95,10354994942.22,0.0013139821550779975,0.0,2026-07,2026-08
2018-08,Comercial,21,4556252604.29,4156287510.16,0.11076448145722184,17,4378862946.2300005,3915201929.18,0.11757963270017477,0.006815151242952927,2026-07,2026-08
2018-08,Financeiro,57,5212083082.150001,3482614065.35,0.14006579821269313,56,5134849198.74,3409187238.97,0.12241163300730999,-0.01765416520538314,2026-07,2026-08
2018-08,Imobiliário,4,175301426.15,153600679.15,0.015071895533347321,4,175301426.15,153600679.15,0.015071895533347321,0.0,2026-07,2026-08
2018-08,Industrial,2,24994856075.2,23182567757.09,0.0,2,24994856075.2,23182567757.09,0.0,0.0,2026-07,2026-08
2018-08,Serviços,13,6270291819.21,5886132541.03,0.0016558937625102187,11,6099478704.84,5713497520.03,0.001705927083337357,5.00333208271384e-05,2026-07,2026-08
2018-08,Setor público,11,3365246908.15,2912690636.24,0.027016455431594304,15,3613031712.64,3018690636.24,0.02606778442789185,-0.0009486710037024532,2026-07,2026-08
2018-09,Agronegócio,3,413306353.0,295225060.54999995,0.0,3,413306353.0,295225060.54999995,0.0,0.0,2026-07,2026-08
2018-09,Ações judiciais,28,5325873788.79,1986629827.8300002,0.04917866650412558,26,5400253906.440001,1986629827.8300002,0.04917866650412558,0.0,2026-07,2026-08
2018-09,Cartão de crédito,9,12232214907.42,11536047100.380001,0.001432461682603191,9,12232214907.42,11536047100.380001,0.001432461682603191,0.0,2026-07,2026-08
2018-09,Comercial,21,4744761172.81,4243345345.63,0.16016935445754846,17,4567848127.09,4049187740.78,0.16784943753165601,0.007680083074107558,2026-07,2026-08
2018-09,Financeiro,59,5196286212.63,3541683987.8,0.12762382817242043,59,5192794000.38,3541683987.8,0.12762382817242043,0.0,2026-07,2026-08
2018-09,Imobiliário,4,199068359.99,177174725.35,0.01244905273956447,4,199068359.99,177174725.35,0.01244905273956447,0.0,2026-07,2026-08
2018-09,Industrial,2,25547678947.95,24607751497.399998,0.0,2,25547678947.95,24607751497.399998,0.0,0.0,2026-07,2026-08
2018-09,Serviços,13,6675620404.22,5966949946.63,0.004286246510990871,11,6511670260.55,5819407340.39,0.004394918055055067,0.0001086715440641959,2026-07,2026-08
2018-09,Setor público,11,3413441040.57,2952286009.46,0.026654117015713265,15,3661438411.42,2952286009.46,0.026654117015713265,0.0,2026-07,2026-08
2018-10,Agronegócio,3,416109020.41,349775185.02,0.0,3,416109020.41,349775185.02,0.0,0.0,2026-07,2026-08
2018-10,Ações judiciais,28,5285697601.15,1963951178.82,0.05021006032810238,26,5362073763.48,1963951178.82,0.05021006032810238,0.0,2026-07,2026-08
2018-10,Cartão de crédito,9,12266170458.31,10667690307.109999,0.0017645394052594615,9,12266170458.31,10667690307.109999,0.0017645394052594615,0.0,2026-07,2026-08
2018-10,Comercial,21,4880055143.78,4277952784.69,0.14809676132176153,17,4687571382.85,4085557139.27,0.15486907018342533,0.0067723088616638005,2026-07,2026-08
2018-10,Financeiro,63,5549656709.5,3798352745.4,0.1586549568388067,62,5484231102.26,3723917574.26,0.14481670229426719,-0.013838254544539519,2026-07,2026-08
2018-10,Imobiliário,4,213989356.53,186341940.52,0.014856332140122115,4,213989356.53,186341940.52,0.014856332140122115,0.0,2026-07,2026-08
2018-10,Industrial,2,26591745637.100002,23877930764.55,0.0,2,26591745637.100002,23877930764.55,0.0,0.0,2026-07,2026-08
2018-10,Serviços,13,6121099428.18,5819621977.33,0.0036790081904637647,11,5956394683.33,5712658812.2300005,0.003747893515741437,6.888532527767229e-05,2026-07,2026-08
2018-10,Setor público,11,3453141252.2200003,2991507610.54,0.026304655379364217,15,3701152783.01,2991507610.54,0.026304655379364217,0.0,2026-07,2026-08
2018-11,Agronegócio,3,415456171.7,346968707.66,0.0,3,415456171.7,346968707.66,0.0,0.0,2026-07,2026-08
2018-11,Ações judiciais,28,5559103972.41,2074989129.67,0.06704654922318815,26,5635642864.26,2074989129.67,0.06704654922318815,0.0,2026-07,2026-08
2018-11,Cartão de crédito,9,12630228004.51,11335821625.15,0.0020081909563126857,9,12630228004.51,11335821625.15,0.0020081909563126857,0.0,2026-07,2026-08
2018-11,Comercial,22,5041924074.98,4281550463.7799997,0.13168711841649594,18,4848582349.43,4071126290.79,0.13840549795635537,0.0067183795398594315,2026-07,2026-08
2018-11,Financeiro,63,5543075116.84,3838001093.72,0.13233119075996094,62,5480936183.71,3763483700.52,0.11812067278212929,-0.014210517977831655,2026-07,2026-08
2018-11,Imobiliário,4,228674645.59,230657887.64,0.1085066381040582,4,228674645.59,230657887.64,0.1085066381040582,0.0,2026-07,2026-08
2018-11,Industrial,2,26218055177.42,24156618296.809998,0.0,2,26218055177.42,24156618296.809998,0.0,0.0,2026-07,2026-08
2018-11,Serviços,12,5036916451.12,4828271723.32,0.0003278869998872837,10,4871949821.51,4723168582.22,0.0003351833631260929,7.296363238809209e-06,2026-07,2026-08
2018-11,Setor público,11,3479103393.2799997,3014590473.96,0.02610323937520813,15,3727177735.08,3014590473.96,0.02610323937520813,0.0,2026-07,2026-08
2018-12,Agronegócio,3,442863749.72,400984214.58,3.561237445458345e-06,3,442863749.72,400984214.58,3.561237445458345e-06,0.0,2026-07,2026-08
2018-12,Ações judiciais,29,5685255537.4,2058095612.72,0.06023390310626229,27,5758499478.16,2058095612.72,0.06023390310626229,0.0,2026-07,2026-08
2018-12,Cartão de crédito,9,13483514082.539999,13438523920.43,0.0017951264560630478,9,13483514082.539999,13438523920.43,0.0017951264560630478,0.0,2026-07,2026-08
2018-12,Comercial,22,5078129162.96,4380380696.83,0.1366431049641778,18,4884106683.08,4189560555.98,0.14286391647106608,0.006220811506888274,2026-07,2026-08
2018-12,Financeiro,65,6004044723.72,3997131724.67,0.1270882853534028,64,5942668849.17,3926556390.54,0.11426589483878428,-0.012822390514618517,2026-07,2026-08
2018-12,Imobiliário,4,278865536.02,254950171.07000002,0.015250808084111634,4,278865536.02,254950171.07000002,0.015250808084111634,0.0,2026-07,2026-08
2018-12,Industrial,2,25650610586.49,23957144408.17,0.0,2,25650610586.49,23957144408.17,0.0,0.0,2026-07,2026-08
2018-12,Serviços,13,8441466655.83,8141449196.59,0.0027103206698436675,11,8284560830.860001,8096696899.75,0.0027253012324916503,1.4980562647982833e-05,2026-07,2026-08
2018-12,Setor público,11,3491618758.71,3011718297.7,0.0,15,3740874329.99,3011718297.7,0.0,0.0,2026-07,2026-08
2019-01,Agronegócio,3,421105310.36,403475910.65,0.0,3,421105310.36,403475910.65,0.0,0.0,2026-07,2026-08
2019-01,Ações judiciais,29,5527894850.07,2273024574.73,0.11629192653642946,27,5600870093.309999,2273024574.73,0.11629192653642946,0.0,2026-07,2026-08
2019-01,Cartão de crédito,9,13427031296.51,12725133189.42,0.0022203488741077615,9,13427031296.51,12725133189.42,0.0022203488741077615,0.0,2026-07,2026-08
2019-01,Comercial,22,5049897921.76,4161779405.28,0.12727221967315294,18,4875655854.41,3973984601.77,0.13328206450374536,0.006009844830592415,2026-07,2026-08
2019-01,Factoring,1,500000.0,191602.48,0.0,1,500000.0,191602.48,0.0,0.0,2026-07,2026-08
2019-01,Financeiro,64,6002600442.64,4030615067.41,0.12237044678566626,63,5948028466.3,4030615067.41,0.12237044678566626,0.0,2026-07,2026-08
2019-01,Imobiliário,4,302868829.86,269372985.93,0.015546645910099778,4,302868829.86,269372985.93,0.015546645910099778,0.0,2026-07,2026-08
2019-01,Industrial,2,26320330039.81,25269173679.33,0.0,2,26320330039.81,25269173679.33,0.0,0.0,2026-07,2026-08
2019-01,Serviços,13,8104250785.92,7700620903.53,0.09927113119145664,11,7955294236.89,7650243294.68,0.09992484141015491,0.0006537102186982696,2026-07,2026-08
2019-01,Setor público,11,3523604515.37,2991014507.52,0.0029055615538307075,15,3773053671.79,2991014507.52,0.0029055615538307075,0.0,2026-07,2026-08
2019-02,Agronegócio,3,421711447.09000003,396352498.26,0.0,3,421711447.09000003,396352498.26,0.0,0.0,2026-07,2026-08
2019-02,Ações judiciais,29,5628730676.61,2266541466.5,0.1909636085451252,27,5747732160.77,2266541466.5,0.1909636085451252,0.0,2026-07,2026-08
2019-02,Cartão de crédito,9,14164596236.37,13649078527.84,0.002447166383567278,9,14164596236.37,13649078527.84,0.002447166383567278,0.0,2026-07,2026-08
2019-02,Comercial,23,5361436345.9,4531716421.95,0.13176097849544305,18,5161481231.51,4329168234.49,0.13791377181264383,0.006152793317200783,2026-07,2026-08
2019-02,Factoring,1,7240306.75,7491290.56,0.0020214140512526055,1,7240306.75,7491290.56,0.0020214140512526055,0.0,2026-07,2026-08
2019-02,Financeiro,66,6073999696.79,4048554165.0299997,0.10789393826147889,64,6018542126.4,4047469903.19,0.10765495524662967,-0.00023898301484921725,2026-07,2026-08
2019-02,Imobiliário,4,324027983.71999997,314910662.46999997,0.017375762659421774,4,324027983.71999997,314910662.46999997,0.017375762659421774,0.0,2026-07,2026-08
2019-02,Industrial,2,35889988439.7,25880359461.0,0.0,2,35889988439.7,25880359461.0,0.0,0.0,2026-07,2026-08
2019-02,Serviços,12,12300857813.22,12025290764.119999,0.001915215005754199,11,12248825127.59,11974913155.269999,0.0019232721792111168,8.057173456917782e-06,2026-07,2026-08
2019-02,Setor público,11,3550001753.36,3007517980.95,0.0028896175567518514,15,3799517106.42,3007517980.95,0.0028896175567518514,0.0,2026-07,2026-08
2019-03,Agronegócio,3,424627827.15,401674125.9,0.0004393762969037683,3,424627827.15,401674125.9,0.0004393762969037683,0.0,2026-07,2026-08
2019-03,Ações judiciais,29,5685049611.72,1711205853.16,0.052481512182861234,27,5727090275.2300005,1711205853.16,0.052481512182861234,0.0,2026-07,2026-08
2019-03,Cartão de crédito,9,14032757812.12,13808491965.39,0.0027367463908961813,9,14032757812.12,13808491965.39,0.0027367463908961813,0.0,2026-07,2026-08
2019-03,Comercial,23,5489053391.2,4726873114.45,0.13586949766996828,18,5289192509.22,4518552027.4,0.14204288257566253,0.006173384905694246,2026-07,2026-08
2019-03,Factoring,1,12465831.08,9455503.37,0.029976405158850895,1,12465831.08,9455503.37,0.029976405158850895,0.0,2026-07,2026-08
2019-03,Financeiro,68,6203206221.37,4201321118.23,0.13590919860716555,66,6149578875.66,4200244877.23,0.13568779009995607,-0.00022140850720947514,2026-07,2026-08
2019-03,Imobiliário,4,368338054.49,371425911.35,0.012468493415463487,4,368338054.49,371425911.35,0.012468493415463487,0.0,2026-07,2026-08
2019-03,Industrial,2,31573590987.18,29324419466.66,0.0,2,31573590987.18,29324419466.66,0.0,0.0,2026-07,2026-08
2019-03,Serviços,13,11018587426.75,10731403565.55,0.002936675355418416,12,11001677055.550001,10681025956.7,0.0029505263359304425,1.385098051202632e-05,2026-07,2026-08
2019-03,Setor público,11,3579137600.32,3102616325.67,0.0028010478408487384,15,3849400749.2000003,3102616325.67,0.0028010478408487384,0.0,2026-07,2026-08
2019-04,Agronegócio,3,430149093.01,378334713.66,0.0,3,430149093.01,378334713.66,0.0,0.0,2026-07,2026-08
2019-04,Ações judiciais,29,5904205830.19,2147773124.5299997,0.042195917732154364,27,5945339360.6,2147773124.5299997,0.042195917732154364,0.0,2026-07,2026-08
2019-04,Cartão de crédito,10,14077179462.029999,13965158285.2,0.00299812311002391,10,14077179462.029999,13965158285.2,0.00299812311002391,0.0,2026-07,2026-08
2019-04,Comercial,22,5532389882.75,4781845386.54,0.15972329628638257,18,5331823247.14,4572713671.77,0.16702060944795027,0.007297313161567703,2026-07,2026-08
2019-04,Factoring,1,13638590.47,9357592.83,0.054833820975303114,1,13638590.47,9357592.83,0.054833820975303114,0.0,2026-07,2026-08
2019-04,Financeiro,69,6278428697.38,4318363452.65,0.12949695570131622,66,6182630422.0,4316286119.37,0.12931288735128318,-0.00018406835003303978,2026-07,2026-08
2019-04,Imobiliário,4,389750399.46999997,390666769.04,0.015885431093230717,4,389750399.46999997,390666769.04,0.015885431093230717,0.0,2026-07,2026-08
2019-04,Industrial,2,27240468904.56,25164360237.2,0.0,2,27240468904.56,25164360237.2,0.0,0.0,2026-07,2026-08
2019-04,Serviços,13,9426563543.44,9119505266.44,0.003306837706534089,13,9417934298.17,9069127657.59,0.003325206681235949,1.8368974701859966e-05,2026-07,2026-08
2019-04,Setor público,12,4252397337.96,3760237003.09,0.0,16,4522767617.56,3760237003.09,0.0,0.0,2026-07,2026-08
2019-05,Agronegócio,3,371297265.15000004,215609202.10999998,0.0,3,371297265.15000004,215609202.10999998,0.0,0.0,2026-07,2026-08
2019-05,Ações judiciais,28,5770484339.559999,2210958553.2200003,0.042190747417741405,26,5811354226.13,2210958553.2200003,0.042190747417741405,0.0,2026-07,2026-08
2019-05,Cartão de crédito,11,14751432379.91,14598152466.35,0.0031901957454787576,11,14751432379.91,14598152466.35,0.0031901957454787576,0.0,2026-07,2026-08
2019-05,Comercial,22,5630747432.34,4857650399.65,0.16303185629354083,18,5450867596.9,4691120181.79,0.16881932911337466,0.005787472819833828,2026-07,2026-08
2019-05,Factoring,1,15151937.31,11426300.04,0.017170071616638558,1,15151937.31,11426300.04,0.017170071616638558,0.0,2026-07,2026-08
2019-05,Financeiro,68,6334256771.89,4359451745.0,0.07180688467283401,65,6238371152.5,4357331805.19,0.07159774895233081,-0.00020913572050319795,2026-07,2026-08
2019-05,Imobiliário,4,408521068.38,404985175.93,0.014267345728720484,4,408521068.38,404985175.93,0.014267345728720484,0.0,2026-07,2026-08
2019-05,Industrial,2,66228674140.02,63011677923.48,0.0,2,66228674140.02,63011677923.48,0.0,0.0,2026-07,2026-08
2019-05,Serviços,13,8963156357.01,8535599622.41,0.0019989322982305693,13,8940455471.84,8485222013.559999,0.0020108001585266186,1.1867860296049283e-05,2026-07,2026-08
2019-05,Setor público,13,4526571758.06,3984918628.1,0.0,17,4797266677.16,3984918628.1,0.0,0.0,2026-07,2026-08
2019-06,Agronegócio,3,373338101.05,217801850.10999998,0.0006207117613175542,3,373338101.05,217801850.10999998,0.0006207117613175542,0.0,2026-07,2026-08
2019-06,Ações judiciais,29,5439464193.13,3169717551.1099997,0.29533811071657623,27,5480264541.87,3169717551.1099997,0.29533811071657623,0.0,2026-07,2026-08
2019-06,Cartão de crédito,11,16728457682.119999,16720733736.1,0.003133503129523589,11,16728457682.119999,16720733736.1,0.003133503129523589,0.0,2026-07,2026-08
2019-06,Comercial,23,5763386828.849999,4754588973.68,0.14742965522789636,19,5630485220.34,4594622703.21,0.15347997948282657,0.006050324254930212,2026-07,2026-08
2019-06,Factoring,1,18366909.89,15368243.75,0.02964070243875459,1,18366909.89,15368243.75,0.02964070243875459,0.0,2026-07,2026-08
2019-06,Financeiro,72,6877715797.12,4654944136.34,0.09445072223695677,69,6780416400.2300005,4652785959.45,0.09426596010916571,-0.0001847621277910605,2026-07,2026-08
2019-06,Imobiliário,4,411388364.84000003,404904626.23,0.01871241413205327,4,411388364.84000003,404904626.23,0.01871241413205327,0.0,2026-07,2026-08
2019-06,Industrial,2,76732475983.46,6386264.52,0.0,2,76732475983.46,6386264.52,0.0,0.0,2026-07,2026-08
2019-06,Serviços,13,9093765645.14,8544579492.87,0.0033138306915662277,13,9044739163.039999,8494201884.02,0.003333484435220345,1.9653743654117137e-05,2026-07,2026-08
2019-06,Setor público,13,4575826518.45,4778697642.24,0.15207002067185887,17,4847951932.99,4778697642.24,0.15207002067185887,0.0,2026-07,2026-08
2019-07,Agronegócio,3,373091103.78,247659793.25,0.0002459004717755089,3,373091103.78,247659793.25,0.0002459004717755089,0.0,2026-07,2026-08
2019-07,Ações judiciais,30,5488605145.65,1716492905.75,0.05868901368746598,27,5507290456.34,1716492905.75,0.05868901368746598,0.0,2026-07,2026-08
2019-07,Cartão de crédito,11,16640694749.03,16773394373.1,0.003425565886780062,11,16640694749.03,16773394373.1,0.003425565886780062,0.0,2026-07,2026-08
2019-07,Comercial,24,5764014316.67,4835447678.43,0.16465242564024687,20,5696236836.99,4733490457.47,0.1718106319822774,0.007158206342030515,2026-07,2026-08
2019-07,Factoring,1,19132679.96,13324053.9,0.010021525055523828,1,19132679.96,13324053.9,0.010021525055523828,0.0,2026-07,2026-08
2019-07,Financeiro,74,7556884483.55,5376154775.51,0.07788237815572933,71,7459689982.72,5374105345.51,0.0777141854130077,-0.00016819274272163176,2026-07,2026-08
2019-07,Imobiliário,4,351393619.96,308211969.78,0.022089111772198872,4,351393619.96,308211969.78,0.022089111772198872,0.0,2026-07,2026-08
2019-07,Industrial,2,68601667119.56,55849389274.96,0.0,2,68601667119.56,55849389274.96,0.0,0.0,2026-07,2026-08
2019-07,Serviços,11,7433241798.070001,7077954873.54,0.0062738091233111686,12,7499362060.53,7177496681.43,0.006186800193845979,-8.700892946518924e-05,2026-07,2026-08
2019-07,Setor público,13,4619713985.99,4781562400.78,0.15249799585404378,17,4892127919.28,4781562400.78,0.15249799585404378,0.0,2026-07,2026-08
2019-08,Agronegócio,3,376725304.27,282417530.88,0.0,3,376725304.27,282417530.88,0.0,0.0,2026-07,2026-08
2019-08,Ações judiciais,30,5498261339.29,1755285792.02,0.05792887723029062,27,5517309145.98,1755285792.02,0.05792887723029062,0.0,2026-07,2026-08
2019-08,Cartão de crédito,11,17429488754.219997,17308322023.420002,0.003780127416249213,11,17429488754.219997,17308322023.420002,0.003780127416249213,0.0,2026-07,2026-08
2019-08,Comercial,24,5852264560.9,4952009610.32,0.1761252428554233,20,5814835597.92,4891587684.98,0.18527158661650478,0.009146343761081477,2026-07,2026-08
2019-08,Factoring,1,19513179.55,17868994.17,0.02731887510599596,1,19513179.55,17868994.17,0.02731887510599596,0.0,2026-07,2026-08
2019-08,Financeiro,77,8128624010.92,5998634113.7,0.07322839637056226,74,8031483152.53,5996831523.7,0.07307306447215807,-0.00015533189840419293,2026-07,2026-08
2019-08,Imobiliário,4,353803698.94,311745053.83,0.02375164570866866,4,353803698.94,311745053.83,0.02375164570866866,0.0,2026-07,2026-08
2019-08,Industrial,2,62684657511.68,52406635594.03,0.0,2,62684657511.68,52406635594.03,0.0,0.0,2026-07,2026-08
2019-08,Serviços,12,7500863817.509999,7161669662.35,0.004481636417654616,13,7577626288.0,7241838545.95,0.004432023631340096,-4.9612786314520534e-05,2026-07,2026-08
2019-08,Setor público,13,4669552170.46,4824969850.42,0.15112606001186246,17,4942296736.37,4824969850.42,0.15112606001186246,0.0,2026-07,2026-08
2019-09,Agronegócio,3,534173979.45,374317008.46,0.0,3,534173979.45,374317008.46,0.0,0.0,2026-07,2026-08
2019-09,Ações judiciais,31,5637031930.97,1834633789.52,0.05928757237620595,28,5657525580.67,1834633789.52,0.05928757237620595,0.0,2026-07,2026-08
2019-09,Cartão de crédito,11,18699404802.57,18566210221.04,0.0036037977025691597,11,18699404802.57,18566210221.04,0.0036037977025691597,0.0,2026-07,2026-08
2019-09,Comercial,25,5993246722.690001,5249724869.39,0.17939129705847395,21,5961303488.97,5196529596.5,0.19148829835400324,0.012097001295529292,2026-07,2026-08
2019-09,Factoring,1,25096809.6,19297276.33,0.0,1,25096809.6,19297276.33,0.0,0.0,2026-07,2026-08
2019-09,Financeiro,78,8793267495.42,6600682868.11,0.0568763307571988,75,8696561554.41,6599322038.11,0.05672690616826056,-0.00014942458893824062,2026-07,2026-08
2019-09,Imobiliário,4,352329605.76,314894291.46,0.02568239208943328,4,352329605.76,314894291.46,0.02568239208943328,0.0,2026-07,2026-08
2019-09,Industrial,3,68016744754.56,48874527143.53,0.0,3,68016744754.56,48874527143.53,0.0,0.0,2026-07,2026-08
2019-09,Serviços,12,7867079966.57,7473774210.01,0.0027267927003607898,13,8023162811.76,7386966120.13,0.0027588366629250696,3.204396256427985e-05,2026-07,2026-08
2019-09,Setor público,15,4743950769.55,4882452985.52,0.15108963800118053,18,5006333435.15,4873422793.39,0.15136959903018327,0.0002799610290027399,2026-07,2026-08
2019-10,Agronegócio,3,535372861.14,477826931.68,1.831206953788838e-05,3,535372861.14,477826931.68,1.831206953788838e-05,0.0,2026-07,2026-08
2019-10,Ações judiciais,32,5911297784.19,1867902890.24,0.052101083594070424,28,5527934188.28,1867902890.24,0.052101083594070424,0.0,2026-07,2026-08
2019-10,Cartão de crédito,11,18056989621.64,17819094788.489998,0.004013243775783293,11,18056989621.64,17819094788.489998,0.004013243775783293,0.0,2026-07,2026-08
2019-10,Comercial,25,5979169553.17,6006320268.47,0.1820758973960901,21,5950808501.6,5960458525.34,0.19905152682734628,0.01697562943125619,2026-07,2026-08
2019-10,Factoring,1,23009604.88,20692352.72,0.0,1,23009604.88,20692352.72,0.0,0.0,2026-07,2026-08
2019-10,Financeiro,79,9167631386.73,6724903644.440001,0.05830314671856532,77,9140660579.41,6723840144.440001,0.0581541998991956,-0.00014894681936972187,2026-07,2026-08
2019-10,Imobiliário,4,356648779.53,314051295.86,0.023728925236857008,4,356648779.53,314051295.86,0.023728925236857008,0.0,2026-07,2026-08
2019-10,Industrial,4,69184922047.42,45459770357.85,0.0,4,69184922047.42,45459770357.85,0.0,0.0,2026-07,2026-08
2019-10,Serviços,12,7981890116.78,7578647057.9800005,0.0018379316418137331,13,8095285118.79,7520173437.59,0.0018522226043850203,1.4290962571287136e-05,2026-07,2026-08
2019-10,Setor público,15,4834140039.12,4979167517.62,0.1481548976871155,19,5446877196.74,4919198210.84,0.14996103481140938,0.0018061371242938662,2026-07,2026-08
2019-11,Agronegócio,3,544444387.29,530553112.14,0.0022980504912734783,3,544444387.29,530553112.14,0.0022980504912734783,0.0,2026-07,2026-08
2019-11,Ações judiciais,32,6103151845.68,1976737372.01,0.04804734580569235,28,5711780038.66,1976737372.01,0.04804734580569235,0.0,2026-07,2026-08
2019-11,Cartão de crédito,11,17895238018.739998,17714446733.530003,0.004561927283172698,11,17895238018.739998,17714446733.530003,0.004561927283172698,0.0,2026-07,2026-08
2019-11,Comercial,25,6000480347.71,5443427152.86,0.2078627413330061,21,5987375006.85,5384736829.82,0.22532435322202338,0.017461611889017264,2026-07,2026-08
2019-11,Factoring,1,22836526.42,18652270.73,0.0,1,22836526.42,18652270.73,0.0,0.0,2026-07,2026-08
2019-11,Financeiro,87,9683033380.35,5833024789.51,0.1614856357775102,85,9655646884.82,5831961289.51,0.16133272666476375,-0.0001529091127464577,2026-07,2026-08
2019-11,Imobiliário,4,357004953.5,317248727.81,0.024995257111792422,4,357004953.5,317248727.81,0.024995257111792422,0.0,2026-07,2026-08
2019-11,Industrial,4,77238466176.11,42589043697.7,9.442962815850191e-05,4,77238466176.11,42589043697.7,9.442962815850191e-05,0.0,2026-07,2026-08
2019-11,Serviços,13,7836167323.43,7378545216.29,0.006865200818742139,13,7956744927.4,7280596186.46,0.002610156054986474,-0.004255044763755666,2026-07,2026-08
2019-11,Setor público,15,4859542944.29,5037208190.97,0.14644779929136612,19,5467319723.4,4962970621.16,0.1486384084150753,0.002190609123709192,2026-07,2026-08
2019-12,Agronegócio,3,551717568.52,528348471.70000005,0.0029741606613224916,3,551717568.52,528348471.70000005,0.0029741606613224916,0.0,2026-07,2026-08
2019-12,Ações judiciais,37,6871158095.99,2503836688.83,0.031656418924445914,33,6490010121.96,2503836688.83,0.031656418924445914,0.0,2026-07,2026-08
2019-12,Cartão de crédito,11,19553120239.809998,19284195653.85,0.004051613382402148,11,19553120239.809998,19284195653.85,0.004051613382402148,0.0,2026-07,2026-08
2019-12,Comercial,27,6207438688.95,5588849691.07,0.21167826078777655,22,6131005423.46,5473836887.13,0.24425943845232564,0.0325811776645491,2026-07,2026-08
2019-12,Factoring,1,25949982.64,19561548.01,0.11353309967414997,1,25949982.64,19561548.01,0.11353309967414997,0.0,2026-07,2026-08
2019-12,Financeiro,95,10433312498.99,6347522062.49,0.1581995209648918,93,10467980243.78,6411132850.46,0.1560785059629834,-0.002121015001908394,2026-07,2026-08
2019-12,Imobiliário,4,368229344.23,323107344.95,0.0,4,368229344.23,323107344.95,0.0,0.0,2026-07,2026-08
2019-12,Industrial,4,66098943645.590004,61312647998.43,7.818645934396364e-05,4,66098943645.590004,61312647998.43,7.818645934396364e-05,0.0,2026-07,2026-08
2019-12,Serviços,12,9039853667.05,8649092877.6,0.0008682926714141035,13,9206776566.65,8520309061.179999,0.0008814168483883528,1.3124176974249374e-05,2026-07,2026-08
2019-12,Setor público,15,4908920058.32,5093425524.91,0.14485713047763416,19,5503496379.43,5013139114.26,0.1471770459633277,0.0023199154856935467,2026-07,2026-08
2020-01,Agronegócio,3,797644931.34,740731699.26,0.008761758821019408,3,797644931.34,740731699.26,0.008761758821019408,0.0,2026-07,2026-08
2020-01,Ações judiciais,37,7048740579.01,3647892360.44,0.02184990830167643,33,6842156929.13,3647892360.44,0.02184990830167643,0.0,2026-07,2026-08
2020-01,Cartão de crédito,11,18045942927.280003,17814972868.87,0.00482693925906913,11,18045942927.280003,17814972868.87,0.00482693925906913,0.0,2026-07,2026-08
2020-01,Comercial,28,6297223841.77,5421755673.79,0.2181928611646657,23,6226041704.190001,5358463795.400001,0.24678056137566715,0.028587700211001432,2026-07,2026-08
2020-01,Factoring,1,25923274.64,16287861.92,0.14035936154350698,1,25923274.64,16287861.92,0.14035936154350698,0.0,2026-07,2026-08
2020-01,Financeiro,99,10529436833.22,6202594516.51,0.12223437732095986,96,10562129649.19,6265010821.7300005,0.12045236428204882,-0.00178201303891104,2026-07,2026-08
2020-01,Imobiliário,4,375803520.13,325967004.75,0.03017166479025359,4,375803520.13,325967004.75,0.03017166479025359,0.0,2026-07,2026-08
2020-01,Industrial,4,57807496524.9,56223435466.4,8.211109534135338e-05,4,57807496524.9,56223435466.4,8.211109534135338e-05,0.0,2026-07,2026-08
2020-01,Serviços,12,8806734643.04,8173233325.88,0.0015182310702801275,13,9022841640.27,8389376252.42,0.0014791155393013324,-3.911553097879516e-05,2026-07,2026-08
2020-01,Setor público,15,4954363910.06,5321625188.82,0.05937435478052931,19,5556300748.51,5234708616.39,0.06036020056220441,0.0009858457816750987,2026-07,2026-08
2020-02,Agronegócio,3,800753403.28,768675969.51,0.00595380057596618,3,800753403.28,768675969.51,0.00595380057596618,0.0,2026-07,2026-08
2020-02,Ações judiciais,37,7165797800.24,3710573521.61,0.02159320826372817,33,6928140131.150001,3710573521.61,0.02159320826372817,0.0,2026-07,2026-08
2020-02,Cartão de crédito,11,18838098059.11,18291027627.93,0.005286019902039919,11,18838098059.11,18291027627.93,0.005286019902039919,0.0,2026-07,2026-08
2020-02,Comercial,29,6349568255.9800005,5643639805.66,0.22098625170394787,24,6279551689.12,5588839342.49,0.25051594063289273,0.029529688928944864,2026-07,2026-08
2020-02,Factoring,1,26166385.56,14897283.71,0.081645638471901,1,26166385.56,14897283.71,0.081645638471901,0.0,2026-07,2026-08
2020-02,Financeiro,103,14512240614.279999,6669463774.68,0.11267047266870484,99,14596833166.66,6727497903.35,0.11113229891126487,-0.0015381737574399618,2026-07,2026-08
2020-02,Imobiliário,4,369688898.58000004,327089794.87,0.03255316315885646,4,369688898.58000004,327089794.87,0.03255316315885646,0.0,2026-07,2026-08
2020-02,Industrial,3,55006371384.75,52350262631.850006,2.772526682830718e-07,3,55006371384.75,52350262631.850006,2.772526682830718e-07,0.0,2026-07,2026-08
2020-02,Serviços,12,8633333541.53,8087778178.67,0.002527058792722847,13,8901020298.07,8253081572.61,0.002476443590213598,-5.06152025092489e-05,2026-07,2026-08
2020-02,Setor público,15,5080913278.1,5440277698.97,0.05807939951848813,19,5686037390.47,5348489630.72,0.05907612873645324,0.000996729217965106,2026-07,2026-08
2020-03,Agronegócio,3,806882528.87,761939727.29,0.005682718258306555,3,806882528.87,761939727.29,0.005682718258306555,0.0,2026-07,2026-08
2020-03,Ações judiciais,37,6462783520.08,3097782429.42,0.025870388678331042,33,6189225684.97,3097782429.42,0.025870388678331042,0.0,2026-07,2026-08
2020-03,Cartão de crédito,11,19498494072.100002,18170668676.83,0.0058242633252648624,11,19498494072.100002,18170668676.83,0.0058242633252648624,0.0,2026-07,2026-08
2020-03,Comercial,30,6643374792.27,6177435305.28,0.23907461836916138,25,6572394630.89,6118582236.79,0.26971333186587676,0.030638713496715375,2026-07,2026-08
2020-03,Factoring,1,27476017.14,16987626.74,0.09378762698196653,1,27476017.14,16987626.74,0.09378762698196653,0.0,2026-07,2026-08
2020-03,Financeiro,105,14410720582.67,6892542165.15,0.11327004869951486,101,14494086889.37,6947252957.37,0.11165691149004277,-0.001613137209472093,2026-07,2026-08
2020-03,Imobiliário,4,374946366.04,295688971.1,0.03779559213326371,4,374946366.04,295688971.1,0.03779559213326371,0.0,2026-07,2026-08
2020-03,Industrial,4,60597783271.68,47396143628.630005,3.0965234460836285e-06,4,60597783271.68,47396143628.630005,3.0965234460836285e-06,0.0,2026-07,2026-08
2020-03,Serviços,12,8198012476.17,8078338604.36,0.002989896503838555,13,8526327457.67,8303342305.58,0.0029088763850875408,-8.102011875101445e-05,2026-07,2026-08
2020-03,Setor público,15,4957540181.46,5500626576.41,0.057442194553809806,19,5568077090.98,5405497969.85,0.058453090489046636,0.0010108959352368302,2026-07,2026-08
2020-04,Agronegócio,4,860637901.18,648805197.52,0.011622562440658544,4,860637901.18,648805197.52,0.011622562440658544,0.0,2026-07,2026-08
2020-04,Ações judiciais,37,6551302626.8,3132276282.3900003,0.02516336505918295,33,6250927666.47,3132276282.3900003,0.02516336505918295,0.0,2026-07,2026-08
2020-04,Cartão de crédito,11,18953460535.49,17240794924.27,0.006610068029959202,11,18953460535.49,17240794924.27,0.006610068029959202,0.0,2026-07,2026-08
2020-04,Comercial,29,6204938861.66,5519286925.61,0.2626928026974712,24,6123287522.23,5424765596.87,0.2650360616668051,0.0023432589693339057,2026-07,2026-08
2020-04,Factoring,1,27684834.85,13348356.24,0.09797118435310803,1,27684834.85,13348356.24,0.09797118435310803,0.0,2026-07,2026-08
2020-04,Financeiro,109,15789875136.83,9442904815.86,0.09059947999508501,105,15874093336.1,9556558485.87,0.08882909856672307,-0.0017703814283619446,2026-07,2026-08
2020-04,Imobiliário,4,406261493.73,322479169.99,0.03507249066769405,4,406261493.73,322479169.99,0.03507249066769405,0.0,2026-07,2026-08
2020-04,Industrial,4,47671712080.89,42823696012.36,0.00015981952744164424,4,47671712080.89,42823696012.36,0.00015981952744164424,0.0,2026-07,2026-08
2020-04,Serviços,12,8532970805.63,8060440793.72,0.004308936295029934,13,8905245826.43,8430963840.41,0.004119567649374592,-0.0001893686456553422,2026-07,2026-08
2020-04,Setor público,14,4990077585.3,5523060913.76,0.05720886785492551,18,5594786010.7,5417931863.51,0.05831894345110875,0.0011100755961832437,2026-07,2026-08
2020-05,Agronegócio,4,857552914.28,338438587.11,0.24208632667932306,4,857552914.28,338438587.11,0.24208632667932306,0.0,2026-07,2026-08
2020-05,Ações judiciais,38,6663301120.559999,3222506910.3,0.02399061858421362,34,6370244084.0,3222506910.3,0.02399061858421362,0.0,2026-07,2026-08
2020-05,Cartão de crédito,11,19241394032.43,15860817104.84,0.007476393434598918,11,19241394032.43,15860817104.84,0.007476393434598918,0.0,2026-07,2026-08
2020-05,Comercial,31,6091904888.03,4663455517.05,0.2501524898682747,26,6083291240.74,4632958378.76,0.292453855267019,0.042301365398744295,2026-07,2026-08
2020-05,Factoring,1,28236393.38,13886691.34,0.09963612037768531,1,28236393.38,13886691.34,0.09963612037768531,0.0,2026-07,2026-08
2020-05,Financeiro,111,15940516500.84,10779486632.12,0.08440405616988675,108,16027775934.25,10896590140.49,0.08312403171376594,-0.0012800244561208124,2026-07,2026-08
2020-05,Imobiliário,4,410105921.08,352608283.22,0.033257421955352556,4,410105921.08,352608283.22,0.033257421955352556,0.0,2026-07,2026-08
2020-05,Industrial,4,45467341893.43,38476288443.82,0.0004355982522709255,4,45467341893.43,38476288443.82,0.0004355982522709255,0.0,2026-07,2026-08
2020-05,Serviços,12,8128403912.68,7615753623.22,0.0038554498271157894,13,8503897191.94,7984125497.87,0.0036775669417813154,-0.000177882885334474,2026-07,2026-08
2020-05,Setor público,14,5238944621.32,5843400557.28,0.054072634397166426,18,5805796596.99,5732697069.14,0.055116825145166866,0.0010441907480004398,2026-07,2026-08
2020-06,Agronegócio,4,841443665.19,353836010.85,0.16979232222767976,4,841443665.19,353836010.85,0.16979232222767976,0.0,2026-07,2026-08
2020-06,Ações judiciais,40,7217542408.91,3492409425.15,0.025725090550098157,36,6923228797.7300005,3492409425.15,0.025725090550098157,0.0,2026-07,2026-08
2020-06,Cartão de crédito,11,18345965092.54,15354283950.18,0.007896038631523335,11,18345965092.54,15354283950.18,0.007896038631523335,0.0,2026-07,2026-08
2020-06,Comercial,32,6051444070.2,4321723786.13,0.24869380163058616,26,6065787030.34,4343898031.57,0.2930487854591544,0.044354983828568256,2026-07,2026-08
2020-06,Factoring,1,28700972.18,18997677.48,0.03613525972965407,1,28700972.18,18997677.48,0.03613525972965407,0.0,2026-07,2026-08
2020-06,Financeiro,112,18589500848.05,14606933909.03,0.05022963606663725,108,18671534983.170002,14720884701.44,0.04939099780931488,-0.0008386382573223744,2026-07,2026-08
2020-06,Imobiliário,5,438943923.47,368183883.98,0.0349620380469973,5,438943923.47,368183883.98,0.0349620380469973,0.0,2026-07,2026-08
2020-06,Industrial,4,44646252701.630005,33363202123.99,0.0004143003273076398,4,44646252701.630005,33363202123.99,0.0004143003273076398,0.0,2026-07,2026-08
2020-06,Serviços,12,7530208533.690001,7392972678.33,0.0033596030975202437,13,7927550673.53,7772970887.25,0.003195361756820788,-0.0001642413406994555,2026-07,2026-08
2020-06,Setor público,14,5151989997.45,5827446876.38,0.054224399235757996,19,5703481009.26,5718447479.02,0.0552579711729997,0.0010335719372417049,2026-07,2026-08
2020-07,Agronegócio,4,647131944.47,339055251.78999996,0.0633735665693462,4,647131944.47,339055251.78999996,0.0633735665693462,0.0,2026-07,2026-08
2020-07,Ações judiciais,42,7277047250.69,3561932177.2,0.024558528213966126,37,7279091448.08,3561932177.2,0.024558528213966126,0.0,2026-07,2026-08
2020-07,Cartão de crédito,11,19119627963.72,14405580593.17,0.008703899642854217,11,19119627963.72,14405580593.17,0.008703899642854217,0.0,2026-07,2026-08
2020-07,Comercial,33,6090163082.309999,4544437819.15,0.23909529520050316,27,6096467099.3,4581021369.43,0.2777114232973542,0.038616128096851055,2026-07,2026-08
2020-07,Factoring,1,29149553.64,17567493.39,0.08267832056375118,1,29149553.64,17567493.39,0.08267832056375118,0.0,2026-07,2026-08
2020-07,Financeiro,122,19434087437.54,14865288267.44,0.05370673572262243,119,19515243087.3,14979738296.57,0.05285434915383604,-0.0008523865687863896,2026-07,2026-08
2020-07,Imobiliário,5,440588465.58,365918799.68,0.0329555286051052,5,440588465.58,365918799.68,0.0329555286051052,0.0,2026-07,2026-08
2020-07,Industrial,4,43091967912.21,28346388270.72,0.0002902610943383868,4,43091967912.21,28346388270.72,0.0002902610943383868,0.0,2026-07,2026-08
2020-07,Serviços,12,7685787593.25,7320534949.059999,0.0028450477027876695,13,8083668374.19,7709715562.89,0.0027014318453264523,-0.0001436158574612172,2026-07,2026-08
2020-07,Setor público,15,5230182208.82,5614291337.04,0.056283644574205434,20,5734818937.44,5495166431.14,0.057503768468109104,0.0012201238939036699,2026-07,2026-08
2020-08,Agronegócio,4,644531018.34,411334100.25,0.026337666566947845,4,644531018.34,411334100.25,0.026337666566947845,0.0,2026-07,2026-08
2020-08,Ações judiciais,42,7279635629.77,3523963279.09,0.02263702616407504,37,7294413934.7300005,3523963279.09,0.02263702616407504,0.0,2026-07,2026-08
2020-08,Cartão de crédito,11,17924748692.91,15149622903.69,0.00856527819767673,11,17924748692.91,15149622903.69,0.00856527819767673,0.0,2026-07,2026-08
2020-08,Comercial,32,6206092898.28,4870474173.17,0.2193829730411148,26,6279154779.64,4969271776.48,0.25334481850815044,0.03396184546703565,2026-07,2026-08
2020-08,Factoring,1,29724541.04,17488734.32,0.06115439976562009,1,29724541.04,17488734.32,0.06115439976562009,0.0,2026-07,2026-08
2020-08,Financeiro,123,19717069383.63,14832724735.31,0.05861125061806323,120,19796839092.02,14941729415.93,0.05740553482888867,-0.001205715789174562,2026-07,2026-08
2020-08,Imobiliário,5,446992733.67,400718551.84,0.0327215501248753,5,446992733.67,400718551.84,0.0327215501248753,0.0,2026-07,2026-08
2020-08,Industrial,4,40226342845.21,23664949923.219997,0.0002775738309741672,4,40226342845.21,23664949923.219997,0.0002775738309741672,0.0,2026-07,2026-08
2020-08,Serviços,12,7575880569.67,7059070614.77,0.0025436308786075286,13,7989060855.55,7464288943.89,0.0024055432640637353,-0.0001380876145437933,2026-07,2026-08
2020-08,Setor público,16,5440329849.190001,6096009485.86,0.052359652954997116,21,5904163234.6,5971560793.92,0.05345084009108324,0.001091187136086122,2026-07,2026-08
2020-09,Agronegócio,4,745096482.43,460759515.19,0.04039957287116269,4,745096482.43,460759515.19,0.04039957287116269,0.0,2026-07,2026-08
2020-09,Ações judiciais,43,7507534044.32,3522295238.11,0.02169786247702761,38,7535578049.03,3522295238.11,0.02169786247702761,0.0,2026-07,2026-08
2020-09,Cartão de crédito,11,16966308241.71,15787451307.14,0.004201623635728993,11,16966308241.71,15787451307.14,0.004201623635728993,0.0,2026-07,2026-08
2020-09,Comercial,33,6319691188.42,4627349127.45,0.24287493543616215,27,6478706234.5199995,4804676359.7699995,0.279357596571656,0.03648266113549384,2026-07,2026-08
2020-09,Factoring,1,30288545.58,18048421.56,0.04160143575458463,1,30288545.58,18048421.56,0.04160143575458463,0.0,2026-07,2026-08
2020-09,Financeiro,126,19732015394.4,15293616705.52,0.05623709993134399,122,19812408029.53,15396866676.3,0.05518672623683398,-0.0010503736945100053,2026-07,2026-08
2020-09,Imobiliário,5,454648345.66,405459672.9,0.03264340666812589,5,454648345.66,405459672.9,0.03264340666812589,0.0,2026-07,2026-08
2020-09,Industrial,3,43136106852.4,26029252234.0,0.0005127348073628875,3,43136106852.4,26029252234.0,0.0005127348073628875,0.0,2026-07,2026-08
2020-09,Serviços,13,7880768552.86,7331895741.08,0.0025795930899603927,14,8323509343.96,7764021260.64,0.0024360195516055227,-0.00014357353835486994,2026-07,2026-08
2020-09,Setor público,16,5526817848.46,6050767111.24,0.05249547113951071,21,5962033013.7699995,5924919646.99,0.05361049418136288,0.0011150230418521673,2026-07,2026-08
2020-10,Agronegócio,4,766505182.5,607575149.71,0.01710894679441974,4,766505182.5,607575149.71,0.01710894679441974,0.0,2026-07,2026-08
2020-10,Ações judiciais,45,8121109579.08,4367768704.34,0.017874327800926227,40,8161579475.6,4367768704.34,0.017874327800926227,0.0,2026-07,2026-08
2020-10,Cartão de crédito,11,17086373369.41,15532124278.04,0.0043995257903398045,11,17086373369.41,15532124278.04,0.0043995257903398045,0.0,2026-07,2026-08
2020-10,Comercial,35,6491388759.0199995,4834347602.2699995,0.22019089758050636,29,6713778826.4,5078129926.82,0.2614268663703407,0.04123596878983432,2026-07,2026-08
2020-10,Factoring,1,30778779.18,20082643.7,0.04108989495242601,1,30778779.18,20082643.7,0.04108989495242601,0.0,2026-07,2026-08
2020-10,Financeiro,132,19998356698.04,15481307720.99,0.05817758135437438,128,20081402083.829998,15582660860.97,0.056740754715043036,-0.001436826639331347,2026-07,2026-08
2020-10,Imobiliário,5,480471719.94,409686302.52,0.03263040755273333,5,480471719.94,409686302.52,0.03263040755273333,0.0,2026-07,2026-08
2020-10,Industrial,3,27746379681.1,21101302170.719997,0.00021830618237352222,3,27746379681.1,21101302170.719997,0.00021830618237352222,0.0,2026-07,2026-08
2020-10,Serviços,14,7767705839.12,7280050067.2699995,0.00442922085453346,14,8177913853.8,7700290608.099999,0.0023681455841183478,-0.002061075270415112,2026-07,2026-08
2020-10,Setor público,15,5346279329.57,5939904819.75,0.05347087040754429,20,5771809583.37,5822162387.46,0.05455221955575901,0.0010813491482147206,2026-07,2026-08
2020-11,Agronegócio,4,770137302.26,588298151.53,0.023029714498956928,4,770137302.26,588298151.53,0.023029714498956928,0.0,2026-07,2026-08
2020-11,Ações judiciais,48,8547738382.73,4724934375.91,0.00151107974459961,43,8606112795.11,4724934375.91,0.00151107974459961,0.0,2026-07,2026-08
2020-11,Cartão de crédito,10,17350381641.46,17057498176.37,0.0029859369758314085,10,17350381641.46,17057498176.37,0.0029859369758314085,0.0,2026-07,2026-08
2020-11,Comercial,37,6808790233.64,5098727113.63,0.1838953093064163,31,7149469929.08,5446698623.88,0.2321429700674875,0.048247660761071204,2026-07,2026-08
2020-11,Factoring,1,31150915.58,21398072.13,0.053650378549312795,1,31150915.58,21398072.13,0.053650378549312795,0.0,2026-07,2026-08
2020-11,Financeiro,139,20607903225.25,17284268107.5,0.04200255241903942,135,20674549031.88,17365879097.97,0.041660942286795705,-0.0003416101322437151,2026-07,2026-08
2020-11,Imobiliário,5,477759638.56,415520297.48,0.03178840051883571,5,477759638.56,415520297.48,0.03178840051883571,0.0,2026-07,2026-08
2020-11,Industrial,3,23299871684.01,16211184734.13,0.00024835613781660294,3,23299871684.01,16211184734.13,0.00024835613781660294,0.0,2026-07,2026-08
2020-11,Serviços,14,7630800694.24,7116033212.96,0.004853237245590991,14,8055379659.21,7550206889.22,0.0024518262163690757,-0.0024014110292219152,2026-07,2026-08
2020-11,Setor público,16,5542458955.66,6154462391.349999,0.06354417979540458,21,5927749215.15,6049721034.2699995,0.06464434682601698,0.0011001670306124006,2026-07,2026-08
2020-12,Agronegócio,4,771808827.91,642214711.11,0.00580709760378133,4,771808827.91,642214711.11,0.00580709760378133,0.0,2026-07,2026-08
2020-12,Ações judiciais,52,8933855734.9,5287776014.14,0.0013343905889984216,47,9013798331.32,5287776014.14,0.0013343905889984216,0.0,2026-07,2026-08
2020-12,Cartão de crédito,11,18708709725.85,18084484028.25,0.002528142159797315,11,18708709725.85,18084484028.25,0.002528142159797315,0.0,2026-07,2026-08
2020-12,Comercial,39,7036350967.05,5126010648.24,0.20030439672272937,33,7523229170.27,5538189569.94,0.24831305081795874,0.048008654095229364,2026-07,2026-08
2020-12,Factoring,1,34844607.19,30002533.4,0.030628316207457335,1,34844607.19,30002533.4,0.030628316207457335,0.0,2026-07,2026-08
2020-12,Financeiro,147,21367757261.84,18237754648.53,0.05345268795951127,143,21406436956.53,18293040627.67,0.05315603979303323,-0.00029664816647803627,2026-07,2026-08
2020-12,Imobiliário,5,486048331.01,420186104.51,0.03544703325534538,5,486048331.01,420186104.51,0.03544703325534538,0.0,2026-07,2026-08
2020-12,Industrial,4,20676723034.39,10722671128.029999,0.000688276303719473,4,20676723034.39,10722671128.029999,0.000688276303719473,0.0,2026-07,2026-08
2020-12,Serviços,14,7498477765.150001,7171874173.2,0.005841368470538521,14,7849171498.86,7535503631.38,0.0022509089305413482,-0.0035904595399971727,2026-07,2026-08
2020-12,Setor público,16,4908569266.24,5449524630.06,0.07230796156538548,21,5264921429.04,5358524680.79,0.07353591538219931,0.0012279538168138288,2026-07,2026-08
2021-01,Agronegócio,4,815851284.3000001,627157971.31,0.007568500819793878,4,815851284.3000001,627157971.31,0.007568500819793878,0.0,2026-07,2026-08
2021-01,Ações judiciais,52,9145351203.19,5426103345.01,0.012822344637793066,47,9259181274.12,5426103345.01,0.012822344637793066,0.0,2026-07,2026-08
2021-01,Cartão de crédito,11,19644132746.64,18546758518.8,0.002495736984610014,11,19644132746.64,18546758518.8,0.002495736984610014,0.0,2026-07,2026-08
2021-01,Comercial,40,7173176703.62,5455604469.49,0.19302013473283197,34,7631675547.6,5864030436.55,0.25961110255179,0.06659096781895801,2026-07,2026-08
2021-01,Factoring,1,35537874.84,33811668.36,0.1821359908783868,1,35537874.84,33811668.36,0.1821359908783868,0.0,2026-07,2026-08
2021-01,Financeiro,150,21627333841.16,18581519955.57,0.052489834363503275,146,21666325922.16,18635101184.71,0.05220628974734166,-0.0002835446161616184,2026-07,2026-08
2021-01,Imobiliário,5,489991904.46,419590614.67,0.03674490977860841,5,489991904.46,419590614.67,0.03674490977860841,0.0,2026-07,2026-08
2021-01,Industrial,4,24021829933.43,22769645294.670002,0.0002939759984564578,4,24021829933.43,22769645294.670002,0.0002939759984564578,0.0,2026-07,2026-08
2021-01,Serviços,14,7553847470.52,6938395657.62,0.002309973975381182,14,7908279903.38,7306618574.33,0.0021935609799461422,-0.00011641299543503972,2026-07,2026-08
2021-01,Setor público,16,4783599958.18,5328260820.55,0.07400195081653284,21,5092116261.66,5232378336.03,0.07535802456501481,0.0013560737484819702,2026-07,2026-08
2021-02,Agronegócio,4,818264156.4399999,634201243.8499999,0.006192642300980566,4,818264156.4399999,634201243.8499999,0.006192642300980566,0.0,2026-07,2026-08
2021-02,Ações judiciais,53,9497731659.31,5474283172.43,0.013623901029747776,48,9634839316.74,5474283172.43,0.013623901029747776,0.0,2026-07,2026-08
2021-02,Cartão de crédito,11,21283666488.0,19578489872.64,0.0024448756518699534,11,21283666488.0,19578489872.64,0.0024448756518699534,0.0,2026-07,2026-08
2021-02,Comercial,38,7395891284.31,5515250430.86,0.19929562077539348,33,7872596873.33,5893494075.01,0.26730846630355304,0.06801284552815956,2026-07,2026-08
2021-02,Factoring,1,36195742.75,32767291.75,0.11580271262424366,1,36195742.75,32767291.75,0.11580271262424366,0.0,2026-07,2026-08
2021-02,Financeiro,153,22235662680.97,18927074023.74,0.053015446803949366,149,22275651746.41,18979106411.04,0.05273988414479575,-0.00027556265915361366,2026-07,2026-08
2021-02,Imobiliário,5,494976456.35,403518301.24,0.040903492727045264,5,494976456.35,403518301.24,0.040903492727045264,0.0,2026-07,2026-08
2021-02,Industrial,4,25776608118.71,18198058231.550003,0.0003577714279819321,4,25776608118.71,18198058231.550003,0.0003577714279819321,0.0,2026-07,2026-08
2021-02,Serviços,14,7418143441.33,6573928757.780001,0.002617890819037673,14,7730235027.690001,6872798566.31,0.002504049489295587,-0.00011384132974208601,2026-07,2026-08
2021-02,Setor público,17,4838936824.62,5387843086.89,0.07342849524564803,22,5116445372.1,5288757150.2,0.07480419298039412,0.0013756977347460925,2026-07,2026-08
2021-03,Agronegócio,4,823500672.16,646650605.0,0.015063108585508864,4,823500672.16,646650605.0,0.015063108585508864,0.0,2026-07,2026-08
2021-03,Ações judiciais,53,9731849770.51,5552139499.97,0.013444589321000188,48,9906764578.23,5552139499.97,0.013444589321000188,0.0,2026-07,2026-08
2021-03,Cartão de crédito,12,23011459542.97,21827139341.27,0.0021870733939806522,12,23011459542.97,21827139341.27,0.0021870733939806522,0.0,2026-07,2026-08
2021-03,Comercial,41,7532645796.38,5540281095.29,0.21626243879730148,36,7925734350.8,5837128135.12,0.30213083813753633,0.08586839934023485,2026-07,2026-08
2021-03,Factoring,1,38599514.53,38296008.14,0.01707329776016702,1,38599514.53,38296008.14,0.01707329776016702,0.0,2026-07,2026-08
2021-03,Financeiro,162,24134384628.56,20711151475.39,0.04776173825561637,159,24295065074.06,20779290458.17,0.04735667887461942,-0.0004050593809969555,2026-07,2026-08
2021-03,Imobiliário,6,478083047.78000003,421687563.86,0.03946672865488,6,478083047.78000003,421687563.86,0.03946672865488,0.0,2026-07,2026-08
2021-03,Industrial,4,36690157857.6,21378984432.81,0.0003535451673934606,4,36690157857.6,21378984432.81,0.0003535451673934606,0.0,2026-07,2026-08
2021-03,Serviços,15,7925610452.15,6711406101.83,0.002506143437723692,15,8138077500.22,6909023577.71,0.0024344606977842903,-7.168273993940185e-05,2026-07,2026-08
2021-03,Setor público,19,4911426765.4800005,5445422189.62,0.07277595827655281,24,5132171335.33,5341019543.77,0.07419853359875023,0.001422575322197417,2026-07,2026-08
2021-04,Agronegócio,4,827294170.13,620966911.0699999,0.024154481507162286,4,827294170.13,620966911.0699999,0.024154481507162286,0.0,2026-07,2026-08
2021-04,Ações judiciais,56,9919988188.02,5582082953.64,0.013514800383037326,51,10061278822.73,5582082953.64,0.013514800383037326,0.0,2026-07,2026-08
2021-04,Cartão de crédito,12,23737194833.47,21270938507.600002,0.002296776113218723,12,23737194833.47,21270938507.600002,0.002296776113218723,0.0,2026-07,2026-08
2021-04,Comercial,43,7695011663.43,5346970369.95,0.22094842563547762,37,8129998167.84,5674505485.37,0.31826247014760667,0.09731404451212905,2026-07,2026-08
2021-04,Factoring,1,39314976.04,34227489.18,0.020828846844441543,1,39314976.04,34227489.18,0.020828846844441543,0.0,2026-07,2026-08
2021-04,Financeiro,165,24656029659.18,21074566958.44,0.05006144100567065,161,24812344207.73,21178960639.55,0.04957368869270009,-0.0004877523129705602,2026-07,2026-08
2021-04,Imobiliário,6,487589103.93,428629296.71,0.04058023010444914,6,487589103.93,428629296.71,0.04058023010444914,0.0,2026-07,2026-08
2021-04,Industrial,4,51943404738.37,45519101736.27,0.0001357014173036308,4,51943404738.37,45519101736.27,0.0001357014173036308,0.0,2026-07,2026-08
2021-04,Serviços,16,7782791525.92,6852388826.490001,0.0021582625540494172,16,7990829269.74,7052244819.93,0.0020970988086240028,-6.116374542541447e-05,2026-07,2026-08
2021-04,Setor público,19,4952684905.17,5482921493.01,0.0726941581615079,24,5165440970.86,5381560352.54,0.07406334521768934,0.0013691870561814423,2026-07,2026-08
2021-05,Agronegócio,4,828784386.58,506553439.90000004,0.08394472051832176,4,828784386.58,506553439.90000004,0.08394472051832176,0.0,2026-07,2026-08
2021-05,Ações judiciais,57,10465743166.3,5792021735.68,0.013611800218968614,52,10604073980.2,5792021735.68,0.013611800218968614,0.0,2026-07,2026-08
2021-05,Cartão de crédito,12,24540154769.36,21215559816.84,0.0024642815273958267,12,24540154769.36,21215559816.84,0.0024642815273958267,0.0,2026-07,2026-08
2021-05,Comercial,44,7870221995.7300005,5255636277.82,0.23220877747579124,38,8317250585.09,5603393610.349999,0.3362763447974706,0.10406756732167935,2026-07,2026-08
2021-05,Factoring,1,40231199.37,31134996.2,0.022897678722054896,1,40231199.37,31134996.2,0.022897678722054896,0.0,2026-07,2026-08
2021-05,Financeiro,174,25796287465.48,22299945932.21,0.054392407919160946,170,25937779641.98,22435113953.15,0.054032992376657665,-0.00035941554250328023,2026-07,2026-08
2021-05,Imobiliário,6,500129589.29,427787912.59,0.041212509356002146,6,500129589.29,427787912.59,0.041212509356002146,0.0,2026-07,2026-08
2021-05,Industrial,4,53783693736.78,39559999552.83,0.0002847678113584333,4,53783693736.78,39559999552.83,0.0002847678113584333,0.0,2026-07,2026-08
2021-05,Serviços,19,7638082329.440001,6704237616.9,0.002207629072199212,18,7908024579.97,6997659299.55,0.002115060084584538,-9.256898761467397e-05,2026-07,2026-08
2021-05,Setor público,19,4996661085.05,5516667896.53,0.07253144443617571,24,5206066800.68,5413922337.690001,0.07390794807387786,0.0013765036377021561,2026-07,2026-08
2021-06,Agronegócio,4,838706848.62,562461393.8,0.01460333969680534,4,838706848.62,562461393.8,0.01460333969680534,0.0,2026-07,2026-08
2021-06,Ações judiciais,57,10738041258.09,6037902292.57,0.013731074400130966,52,10888502342.37,6037902292.57,0.013731074400130966,0.0,2026-07,2026-08
2021-06,Cartão de crédito,13,24936171299.39,21365929207.31,0.0025309466578920786,13,24936171299.39,21365929207.31,0.0025309466578920786,0.0,2026-07,2026-08
2021-06,Comercial,44,8273063546.9,5768285981.3,0.2315638056261848,37,7875459009.09,5432139789.14,0.24421613178699617,0.012652326160811356,2026-07,2026-08
2021-06,Factoring,1,40991484.9,29885361.28,0.08560491961367382,1,40991484.9,29885361.28,0.08560491961367382,0.0,2026-07,2026-08
2021-06,Financeiro,178,26877595788.73,22949949848.44,0.044208500124847346,172,26812621794.87,23083696738.9,0.04416065795788031,-4.784216696703675e-05,2026-07,2026-08
2021-06,Imobiliário,6,515322648.75,451496391.17,0.043116175058573715,6,515322648.75,451496391.17,0.043116175058573715,0.0,2026-07,2026-08
2021-06,Industrial,4,66272536138.84,54857134246.909996,0.00020381791016780646,5,66272560188.04,54857134246.909996,0.00020381791016780646,0.0,2026-07,2026-08
2021-06,Serviços,19,7683182207.67,7066575645.55,0.0021278723973568487,18,7999085539.59,7407647104.24,0.0020298984344695944,-9.79739628872542e-05,2026-07,2026-08
2021-06,Setor público,20,4882428031.64,5548216080.29,0.06809094145451049,25,5103970111.96,5459196230.099999,0.0692012597416891,0.0011103182871786133,2026-07,2026-08
2021-07,Agronegócio,4,839811078.7,516643180.42,0.016543918208794615,4,839811078.7,516643180.42,0.016543918208794615,0.0,2026-07,2026-08
2021-07,Ações judiciais,54,7808063214.070001,3711290782.0,0.02469225550702214,49,7887596176.3,3381356573.77,0.027101590219994753,0.002409334712972614,2026-07,2026-08
2021-07,Cartão de crédito,14,23832613608.559998,22326162980.79,0.002618094516298819,14,23832613608.559998,22326162980.79,0.002618094516298819,0.0,2026-07,2026-08
2021-07,Comercial,43,8879115118.78,5786571197.55,0.23762803197724217,36,8478274055.53,5439526549.17,0.25169316570555306,0.014065133728310891,2026-07,2026-08
2021-07,Factoring,1,42220703.55,36136172.48,0.020226241459427526,1,42220703.55,36136172.48,0.020226241459427526,0.0,2026-07,2026-08
2021-07,Financeiro,180,27360540767.2,23395794470.72,0.04750759300484633,177,27513645009.03,23559591875.27,0.04757175805139687,6.416504655053917e-05,2026-07,2026-08
2021-07,Imobiliário,6,532348869.49,460817234.64,0.04492736196417187,6,532348869.49,460817234.64,0.04492736196417187,0.0,2026-07,2026-08
2021-07,Industrial,5,72694298555.11,50409418074.31,0.00020346805422114355,4,72691658826.31,50406987002.09,0.00020347786725627407,9.813035130518729e-09,2026-07,2026-08
2021-07,Serviços,19,7311793087.62,6744359651.0199995,0.0021222240272781617,17,7635639373.49,7078205523.72,0.0020221286386832237,-0.00010009538859493804,2026-07,2026-08
2021-07,Setor público,20,5152337258.4,5581352970.28,0.06639579482847315,25,5374597616.13,5528846437.36,0.06702634462333694,0.0006305497948637939,2026-07,2026-08
2021-08,Agronegócio,4,844973813.09,719171164.56,0.004868977195633741,4,844973813.09,719171164.56,0.004868977195633741,0.0,2026-07,2026-08
2021-08,Ações judiciais,50,7466796451.69,7049480711.36,0.01938812494369279,45,7621269557.95,7058050848.23,0.019364583191445173,-2.3541752247616815e-05,2026-07,2026-08
2021-08,Cartão de crédito,14,24881199841.08,22434226807.370003,0.002967687036939831,14,24881199841.08,22434226807.370003,0.002967687036939831,0.0,2026-07,2026-08
2021-08,Comercial,44,9137090266.58,6248694224.78,0.23015918702929253,38,8738565401.3,5876164056.05,0.24327013040219933,0.013110943372906803,2026-07,2026-08
2021-08,Factoring,1,42994109.66,24445010.62,0.1492281118918982,1,42994109.66,24445010.62,0.1492281118918982,0.0,2026-07,2026-08
2021-08,Financeiro,187,28554387509.78,24615234614.45,0.0463737415141231,181,28474059447.63,24764906760.91,0.04604076303245904,-0.00033297848166406047,2026-07,2026-08
2021-08,Imobiliário,6,556719038.4,459831205.43,0.04672568054599069,6,556719038.4,459831205.43,0.04672568054599069,0.0,2026-07,2026-08
2021-08,Industrial,6,65080486561.27,44702288933.170006,0.00012902720101475983,5,65077836159.02,44699762527.26,0.00012903449356095614,7.292546196308123e-09,2026-07,2026-08
2021-08,Serviços,20,7663143737.190001,6898337299.99,0.0021134368741321384,18,7953853935.42,7173157683.23,0.0020324661834891012,-8.09706906430372e-05,2026-07,2026-08
2021-08,Setor público,20,5182592383.09,5658877186.08,0.06573692928255416,25,5409092262.8,5868483615.14,0.06338898321881496,-0.002347946063739198,2026-07,2026-08
2021-09,Agronegócio,4,850017208.94,724004891.37,0.018009801349997197,4,850017208.94,724004891.37,0.018009801349997197,0.0,2026-07,2026-08
2021-09,Ações judiciais,60,9229304951.7,8877972202.95,0.015089370403242122,55,9203977433.21,8848396102.39,0.015139807197805699,5.043679456357732e-05,2026-07,2026-08
2021-09,Cartão de crédito,14,24907969260.17,22808936657.4,0.003308782864084767,14,24907969260.17,22808936657.4,0.003308782864084767,0.0,2026-07,2026-08
2021-09,Comercial,45,9070705721.119999,6791077310.5,0.2350973832151016,38,8665802334.13,6395333237.2,0.2481813765587152,0.013083993343613598,2026-07,2026-08
2021-09,Factoring,1,43779625.71,25030398.52,0.05407727123954716,1,43779625.71,25030398.52,0.05407727123954716,0.0,2026-07,2026-08
2021-09,Financeiro,194,29704692450.74,26159968589.18,0.05116896132985603,187,29623828220.62,26298487254.25,0.050771515449970266,-0.0003974458798857647,2026-07,2026-08
2021-09,Imobiliário,7,576452328.12,453142032.31,0.04706292532891871,7,576452328.12,453142032.31,0.04706292532891871,0.0,2026-07,2026-08
2021-09,Industrial,7,67308331280.44,39659342105.76,0.0003150948691149633,7,67307665619.479996,39657469765.32,0.00031510974562799787,1.4876513034574497e-08,2026-07,2026-08
2021-09,Serviços,21,7722638945.22,6963487505.18,0.002023338819739262,19,7965490992.360001,7214111572.02,0.0019530463937716513,-7.02924259676108e-05,2026-07,2026-08
2021-09,Setor público,22,5268264733.58,5956659245.31,0.10453271955757053,27,5485537533.93,6146435894.91,0.10130517930003034,-0.0032275402575401846,2026-07,2026-08
2021-10,Agronegócio,4,898419367.23,840803681.02,0.009096422033644823,4,898419367.23,840803681.02,0.009096422033644823,0.0,2026-07,2026-08
2021-10,Ações judiciais,62,9420015074.12,8965471788.93,0.014949232171528106,57,9396414710.96,8934550724.41,0.015000969095606156,5.1736924078050334e-05,2026-07,2026-08
2021-10,Cartão de crédito,14,25463506555.739998,22412890086.78,0.0035841527776635336,14,25463506555.739998,22412890086.78,0.0035841527776635336,0.0,2026-07,2026-08
2021-10,Comercial,47,9613269238.48,7424693451.41,0.23039728173088947,41,9190766717.6,7033062792.11,0.2410738935079711,0.010676611777081624,2026-07,2026-08
2021-10,Factoring,1,44712441.87,28319605.15,0.03208512072068914,1,44712441.87,28319605.15,0.03208512072068914,0.0,2026-07,2026-08
2021-10,Financeiro,202,30558588862.66,26818812328.66,0.10618292873792913,194,30407425302.45,26892290879.51,0.10566431299666855,-0.0005186157412605807,2026-07,2026-08
2021-10,Imobiliário,7,610685967.36,476732242.3,0.04602115744081277,7,610685967.36,476732242.3,0.04602115744081277,0.0,2026-07,2026-08
2021-10,Industrial,7,79770651689.62,56786649927.95,0.00014608788791953096,7,79769330298.53,56785317033.439995,0.00014609131697045395,3.4290509229838173e-09,2026-07,2026-08
2021-10,Serviços,22,7838724861.4,7126418991.52,0.0021284278875616305,20,8096672881.849999,7401367125.37,0.0020493604307247138,-7.906745683691676e-05,2026-07,2026-08
2021-10,Setor público,24,5403508376.39,6081542159.0199995,0.10292661328370503,29,5602968918.46,6244097585.31,0.10024707804737543,-0.0026795352363296054,2026-07,2026-08
2021-11,Agronegócio,4,953252570.63,866652789.8199999,0.011227339615465752,4,953252570.63,866652789.8199999,0.011227339615465752,0.0,2026-07,2026-08
2021-11,Ações judiciais,63,11266904620.54,10906837916.04,0.0021605425505906613,58,11252771101.14,10883887759.88,0.0021650983481163546,4.555797525693326e-06,2026-07,2026-08
2021-11,Cartão de crédito,14,24269367514.41,21485913692.170002,0.003963715365804335,14,24269367514.41,21485913692.170002,0.003963715365804335,0.0,2026-07,2026-08
2021-11,Comercial,48,10398649687.2,8721992792.88,0.21295746575326882,42,9969854258.81,8332759366.47,0.22207328611169516,0.00911582035842634,2026-07,2026-08
2021-11,Factoring,1,45018672.03,27153820.38,0.16436194530060452,1,45018672.03,27153820.38,0.16436194530060452,0.0,2026-07,2026-08
2021-11,Financeiro,205,31758558613.73,28032388156.4,0.1371380314282041,198,31515479422.8,28013440184.57,0.13705313268110247,-8.489874710163048e-05,2026-07,2026-08
2021-11,Imobiliário,7,617171227.85,479877037.27,0.04740002876445616,7,617171227.85,479877037.27,0.04740002876445616,0.0,2026-07,2026-08
2021-11,Industrial,7,101881858446.25,63212940919.53001,9.647613212243097e-05,7,101880212603.37,63210899939.07,9.647924718487604e-05,3.115062445065652e-09,2026-07,2026-08
2021-11,Serviços,24,7444975728.98,6870030957.56,0.0022051171608374357,21,7743185255.82,7169238665.46,0.002113086740016902,-9.203042082053369e-05,2026-07,2026-08
2021-11,Setor público,24,5456752059.18,6086626915.57,0.10373938500728175,29,5648529608.2,6240990272.9800005,0.10117351660099654,-0.0025658684062852127,2026-07,2026-08
2021-12,Agronegócio,4,1115945230.11,926120002.12,0.010310268300157896,4,1115945230.11,926120002.12,0.010310268300157896,0.0,2026-07,2026-08
2021-12,Ações judiciais,63,10832618774.69,10296206722.0,0.0024771303800168593,58,10791188553.42,10264360838.28,0.0024848158469722974,7.685466955438189e-06,2026-07,2026-08
2021-12,Cartão de crédito,15,24665568660.53,21817695618.22,0.0037676342808336595,15,24665568660.53,21817695618.22,0.0037676342808336595,0.0,2026-07,2026-08
2021-12,Comercial,49,11855244146.95,9288280819.95,0.20160320769673717,43,12352571021.82,9814725411.52,0.2768617670210674,0.07525855932433023,2026-07,2026-08
2021-12,Factoring,1,46368971.11,21620625.81,0.20525619373827,1,46368971.11,21620625.81,0.20525619373827,0.0,2026-07,2026-08
2021-12,Financeiro,216,33251406373.33,29390243072.87,0.15082992253310132,208,32856233781.74,29277454175.81,0.15126081697598556,0.0004308944428842443,2026-07,2026-08
2021-12,Imobiliário,7,615929761.7,502182328.36,0.04714991315470192,7,615929761.7,502182328.36,0.04714991315470192,0.0,2026-07,2026-08
2021-12,Industrial,7,67104423827.85,58751158629.51,5.874045857993631e-05,7,67101498090.77,58748835068.27,5.874278180987981e-05,2.3232299435000975e-09,2026-07,2026-08
2021-12,Serviços,26,9109992336.63,8552050119.0,0.001777920437605892,23,9459261685.64,8885163473.25,0.001711264484415658,-6.665595319023387e-05,2026-07,2026-08
2021-12,Setor público,25,6393765641.58,6969036694.2300005,0.1895070546455087,30,6580781830.95,7111290409.86,0.1857161698541855,-0.0037908847913232235,2026-07,2026-08
2022-01,Agronegócio,4,1086744765.23,963562474.36,0.013373669422482594,4,1086744765.23,963562474.36,0.013373669422482594,0.0,2026-07,2026-08
2022-01,Ações judiciais,66,11228809753.41,11204739216.31,0.0022753450908423755,61,11182881527.01,11168789962.57,0.002282668798987204,7.323708144828418e-06,2026-07,2026-08
2022-01,Cartão de crédito,15,25132599360.88,21045411357.47,0.004005442934717422,15,25132599360.88,21045411357.47,0.004005442934717422,0.0,2026-07,2026-08
2022-01,Comercial,51,12686191742.7,10018702604.48,0.21694636444823506,45,13242428938.960001,10552484162.31,0.2929575284312266,0.07601116398299151,2026-07,2026-08
2022-01,Factoring,1,46473828.05,24887217.630000003,0.21992246507308738,1,46473828.05,24887217.630000003,0.21992246507308738,0.0,2026-07,2026-08
2022-01,Financeiro,220,34737100052.32,30673896415.08,0.13837575762638663,213,34286439895.65,30483154059.24,0.13915134385295808,0.0007755862265714508,2026-07,2026-08
2022-01,Imobiliário,7,642021961.57,515488310.46,0.047205037817997626,7,642021961.57,515488310.46,0.047205037817997626,0.0,2026-07,2026-08
2022-01,Industrial,7,61506720608.57,54511478176.75,9.191350239584934e-05,7,61503357496.03,54508045172.2,9.191929125639158e-05,5.7888605422347535e-09,2026-07,2026-08
2022-01,Serviços,29,8891452117.8,8101054093.82,0.002102776424242761,26,9251476283.48,8426023039.82,0.0020216780181464946,-8.109840609626636e-05,2026-07,2026-08
2022-01,Setor público,25,6472394544.94,7039964890.39,0.18861290459595473,30,6649505895.97,7190210691.5,0.18467167141565258,-0.0039412331803021505,2026-07,2026-08
2022-02,Agronegócio,5,1708366977.26,1599976437.1,0.005712920864364397,5,1708366977.26,1599976437.1,0.005712920864364397,0.0,2026-07,2026-08
2022-02,Ações judiciais,68,11262163765.09,11432156104.57,0.0020949478244463517,62,11231118422.91,11401333946.09,0.0021006112682291347,5.6634437827830265e-06,2026-07,2026-08
2022-02,Cartão de crédito,14,25483673650.11,23075815987.75,0.003526352206275081,14,25483673650.11,23075815987.75,0.003526352206275081,0.0,2026-07,2026-08
2022-02,Comercial,52,13380503056.46,10609129960.76,0.20551438225324645,46,13918720192.49,11282598150.210001,0.2762775353496022,0.07076315309635575,2026-07,2026-08
2022-02,Factoring,1,47505296.76,28525307.63,0.07666022916787735,1,47505296.76,28525307.63,0.07666022916787735,0.0,2026-07,2026-08
2022-02,Financeiro,224,35250633006.42,31897242316.31,0.1335155573405906,217,34720486135.99,31620707607.65,0.1343437778853586,0.0008282205447679991,2026-07,2026-08
2022-02,Imobiliário,7,654713124.48,542398213.64,0.04527066587335304,7,654713124.48,542398213.64,0.04527066587335304,0.0,2026-07,2026-08
2022-02,Industrial,7,61184574076.07,50649072251.090004,8.693949749307079e-05,7,61180497391.439995,50644471372.43,8.694739565190012e-05,7.898158829334882e-09,2026-07,2026-08
2022-02,Serviços,30,9072913102.0,8569581980.0199995,0.0019351840449936739,27,9442013695.83,8916508363.71,0.001859889279922103,-7.529476507157082e-05,2026-07,2026-08
2022-02,Setor público,25,6606700285.2,7133347430.5,0.1867143007075772,30,6774674785.34,7313945546.76,0.18210389572561375,-0.00461040498196344,2026-07,2026-08
2022-03,Agronegócio,5,1729546906.01,1533854804.01,0.0152130755003639,5,1729546906.01,1533854804.01,0.0152130755003639,0.0,2026-07,2026-08
2022-03,Ações judiciais,70,11586136572.2,11232416018.13,0.008540800078554364,64,11531658869.53,11180909528.89,0.008580144518844342,3.934444028997827e-05,2026-07,2026-08
2022-03,Cartão de crédito,15,26066326658.82,23622795870.87,0.003747315043650667,15,26066326658.82,23622795870.87,0.003747315043650667,0.0,2026-07,2026-08
2022-03,Comercial,53,13911434874.93,11491262685.76,0.20148296101864568,47,13288373198.64,10986245416.98,0.20942376283202124,0.007940801813375559,2026-07,2026-08
2022-03,Factoring,1,47572355.38,24561766.47,0.0862008163210095,1,47572355.38,24561766.47,0.0862008163210095,0.0,2026-07,2026-08
2022-03,Financeiro,233,36058071961.47,32440956160.28,0.12953701362308212,223,35447033048.78,32057482276.88,0.13084204725693846,0.0013050336338563395,2026-07,2026-08
2022-03,Imobiliário,7,677564582.64,542019660.91,0.04639459911432164,7,677564582.64,542019660.91,0.04639459911432164,0.0,2026-07,2026-08
2022-03,Industrial,7,71879207347.44,46060419185.37,4.876320818880879e-05,7,71876750123.34,46057178882.48,4.8766638871457046e-05,3.430682648256295e-09,2026-07,2026-08
2022-03,Serviços,31,8719534704.92,8171980098.17,0.0020698288011968833,28,9095297044.33,8523360440.67,0.001984498941202865,-8.532985999401815e-05,2026-07,2026-08
2022-03,Setor público,27,6686475596.63,7286700446.07,0.18404833646939747,32,6915585412.38,7486727834.36,0.17913100691266734,-0.004917329556730132,2026-07,2026-08
2022-04,Agronegócio,5,1847441912.44,1621208740.37,0.0113808397281334,5,1847441912.44,1621208740.37,0.0113808397281334,0.0,2026-07,2026-08
2022-04,Ações judiciais,71,11862973499.35,11346860206.29,0.008442102223741081,65,11806961774.24,11291963395.04,0.008483144199889665,4.104197614858418e-05,2026-07,2026-08
2022-04,Cartão de crédito,15,26279688867.56,24130568668.01,0.003443803453342037,15,26279688867.56,24130568668.01,0.003443803453342037,0.0,2026-07,2026-08
2022-04,Comercial,57,14842263479.82,12142762936.56,0.21282850532797523,50,14217429992.41,11634910788.49,0.22135156868824096,0.008523063360265731,2026-07,2026-08
2022-04,Factoring,1,48203505.03,22829980.98,0.08726438807571885,1,48203505.03,22829980.98,0.08726438807571885,0.0,2026-07,2026-08
2022-04,Financeiro,242,37413921416.37,33359481772.600002,0.1332089385812919,231,36241551820.94,32493027568.52,0.13659749410209127,0.0033885555207993634,2026-07,2026-08
2022-04,Imobiliário,7,689559809.14,552671869.5699999,0.04924001111396027,7,689559809.14,552671869.5699999,0.04924001111396027,0.0,2026-07,2026-08
2022-04,Industrial,7,121494154310.73,72598539910.3,3.191758805153668e-05,7,121491219020.39,72595287134.94,3.191901818216997e-05,1.4301306332955405e-09,2026-07,2026-08
2022-04,Serviços,31,9087070579.75,8118113212.75,0.0020383022232323203,28,9435504112.17,8414962368.809999,0.0019663983610113296,-7.190386222099068e-05,2026-07,2026-08
2022-04,Setor público,27,6824107362.61,7420336794.31,0.18548350475080874,32,7052613576.1,7634876338.91,0.1802714299412603,-0.005212074809548439,2026-07,2026-08
2022-05,Agronegócio,6,2022251450.68,1273326709.03,0.07205334346586648,5,1721449404.3300002,1228277522.96,0.07469602349223144,0.0026426800263649602,2026-07,2026-08
2022-05,Ações judiciais,74,12347784388.01,11409740539.32,0.009610340392239543,67,12272867538.66,11342891962.9,0.009666978291660088,5.663789942054499e-05,2026-07,2026-08
2022-05,Cartão de crédito,17,27329409824.149998,26035364608.66,0.004460977432264111,17,27329409824.149998,26035364608.66,0.004460977432264111,0.0,2026-07,2026-08
2022-05,Comercial,58,15555847611.75,12581008320.66,0.23791553268307322,51,14925816492.58,12052859419.98,0.24698316920425342,0.0090676365211802,2026-07,2026-08
2022-05,Factoring,1,48960965.95,38312939.41,0.10629528281343632,1,48960965.95,38312939.41,0.10629528281343632,0.0,2026-07,2026-08
2022-05,Financeiro,246,38981518480.05,33972454045.99,0.13397045846227942,233,36953060186.09,32228922486.27,0.14104944841878,0.007078989956500581,2026-07,2026-08
2022-05,Imobiliário,7,701759516.13,554828356.13,0.03976787874344003,7,701759516.13,554828356.13,0.03976787874344003,0.0,2026-07,2026-08
2022-05,Industrial,7,102272900011.41,64862778116.54,0.00034120066257779574,7,102262946009.87,64857725124.8,0.00034122724513409677,2.65825563010259e-08,2026-07,2026-08
2022-05,Serviços,31,8274082704.16,7503534963.849999,0.002609918700232432,28,8707874659.63,7880094696.15,0.002485200619425046,-0.00012471808080738618,2026-07,2026-08
2022-05,Setor público,28,6989349015.06,7577276834.4800005,0.18324971888073951,33,7203395971.22,7775746309.99,0.17857242179005525,-0.004677297090684263,2026-07,2026-08
2022-06,Agronegócio,6,2047979616.69,1346573378.57,0.04319308606989254,5,1744656913.92,1258712825.57,0.039427787889208296,-0.0037652981806842456,2026-07,2026-08
2022-06,Ações judiciais,75,12645025777.94,11703923820.630001,0.009336948365759075,68,12553912462.380001,11621034870.78,0.009403545691509075,6.659732574999973e-05,2026-07,2026-08
2022-06,Cartão de crédito,17,28154690503.079998,27140431474.45,0.004236728709646654,17,28154690503.079998,27140431474.45,0.004236728709646654,0.0,2026-07,2026-08
2022-06,Comercial,62,15765689826.89,13035265398.31,0.2387131842036316,55,15118742610.69,12476949064.69,0.24825719575116015,0.009544011547528541,2026-07,2026-08
2022-06,Factoring,1,49879931.62,26219487.65,0.1373958636449557,1,49879931.62,26219487.65,0.1373958636449557,0.0,2026-07,2026-08
2022-06,Financeiro,254,40558369093.51,35450606123.74,0.13243188807189582,241,38272082722.13,33661581705.36,0.13932570398328056,0.006893815911384743,2026-07,2026-08
2022-06,Imobiliário,7,725392652.36,563740588.82,0.04034060587619195,7,725392652.36,563740588.82,0.04034060587619195,0.0,2026-07,2026-08
2022-06,Industrial,8,88449674687.14,58774154487.450005,0.00029828508692104585,8,88439615571.27,58767887169.54,0.000298316897618309,3.181069726317272e-08,2026-07,2026-08
2022-06,Serviços,33,8277752712.389999,7177229401.93,0.002825477912764893,30,8652016617.86,7564011788.91,0.0026809983532458622,-0.0001444795595190308,2026-07,2026-08
2022-06,Setor público,31,9832716793.03,7732652763.23,0.18158434960468633,36,10028057269.71,7917691743.69,0.1773406654596044,-0.004243684145081944,2026-07,2026-08
2022-07,Agronegócio,7,2065092939.0800002,1428940712.03,0.025047493824396385,6,1765306483.3400002,1320860154.65,0.017782426570528087,-0.007265067253868298,2026-07,2026-08
2022-07,Ações judiciais,78,12953976827.94,11946553867.89,0.009155468401978423,71,12867505079.15,11859704092.1,0.009222514794686814,6.704639270839127e-05,2026-07,2026-08
2022-07,Cartão de crédito,18,29361023476.32,28086235378.75,0.003984569694757743,18,29361023476.32,28086235378.75,0.003984569694757743,0.0,2026-07,2026-08
2022-07,Comercial,64,16973470867.4,13148524405.36,0.2548333266091892,57,16332803356.96,12532711488.949999,0.26685708262244534,0.012023756013256115,2026-07,2026-08
2022-07,Factoring,1,51224365.38,28406758.66,0.06663141658133832,1,51224365.38,28406758.66,0.06663141658133832,0.0,2026-07,2026-08
2022-07,Financeiro,259,41616683956.31,36954097092.29,0.12200276667321527,245,39199267050.21,35008032478.59,0.12877035232576906,0.006767585652553781,2026-07,2026-08
2022-07,Imobiliário,7,726888418.77,567564953.1,0.03867135003688796,7,726888418.77,567564953.1,0.03867135003688796,0.0,2026-07,2026-08
2022-07,Industrial,8,64054260701.01,53024327281.44,0.00013345055001719638,8,64045074825.600006,53019896545.2,0.00013346170213605625,1.1152118859863959e-08,2026-07,2026-08
2022-07,Serviços,33,8087039120.61,7265455295.28,0.0024749385302365993,30,8496781270.13,7639729721.45,0.002353689974072427,-0.00012124855616417246,2026-07,2026-08
2022-07,Setor público,34,10021341390.98,10608654186.71,0.13364126888178637,39,10207287546.97,10789632124.07,0.1313996612986656,-0.0022416075831207805,2026-07,2026-08
2022-08,Agronegócio,7,2150700096.42,1763994833.93,0.01531384259205374,6,1847326787.82,1594567653.41,0.010738175124387368,-0.004575667467666373,2026-07,2026-08
2022-08,Ações judiciais,79,13565351218.35,12516648793.85,0.008737383436350383,72,13424471354.74,12379267602.81,0.008834348150384558,9.696471403417527e-05,2026-07,2026-08
2022-08,Cartão de crédito,20,30315399574.48,28879043329.35,0.004850371517592537,20,30315399574.48,28879043329.35,0.004850371517592537,0.0,2026-07,2026-08
2022-08,Comercial,65,17373948331.91,13866752289.41,0.27064112532291285,57,16710141212.05,13265360243.82,0.28285147100909097,0.012210345686178126,2026-07,2026-08
2022-08,Factoring,1,51314524.36,33380571.68,0.23459430009378437,1,51314524.36,33380571.68,0.23459430009378437,0.0,2026-07,2026-08
2022-08,Financeiro,266,42552833435.97,37765982859.19,0.12804448297135396,250,40034319160.76,35726175193.47,0.13503614884533696,0.006991665873983005,2026-07,2026-08
2022-08,Imobiliário,7,716504372.37,586936996.63,0.03918004891843037,7,716504372.37,586936996.63,0.03918004891843037,0.0,2026-07,2026-08
2022-08,Industrial,11,47595716023.439995,45111792838.39001,0.00010124720660875883,11,47586461821.77,45104747865.950005,0.00010126302054884127,1.5813940082440108e-08,2026-07,2026-08
2022-08,Serviços,32,11124410864.64,10225796196.94,0.0022361914426617213,29,11563047164.619999,10646877115.85,0.002147750716119204,-8.844072654251751e-05,2026-07,2026-08
2022-08,Setor público,35,10278481701.93,10081446895.08,0.41309387075504234,40,10442321079.58,10238004775.2,0.40677690742907907,-0.006316963325963265,2026-07,2026-08
2022-09,Agronegócio,7,2179917226.2,1894047819.3200002,0.048875529110577236,6,1872792484.89,1671614987.5,0.04182604410275425,-0.0070494850078229865,2026-07,2026-08
2022-09,Ações judiciais,81,13708051056.72,12710351807.62,0.008616544182069133,74,13586444536.64,12574116140.66,0.008709901093235129,9.335691116599612e-05,2026-07,2026-08
2022-09,Cartão de crédito,20,32213646024.1,31171112096.99,0.0045510973387343084,20,32213646024.1,31171112096.99,0.0045510973387343084,0.0,2026-07,2026-08
2022-09,Comercial,68,15719066817.59,13290073424.88,0.2229469197162659,58,15015134753.39,12652110820.9,0.23346210748570442,0.010515187769438522,2026-07,2026-08
2022-09,Factoring,1,52325065.05,36708683.12,0.1608861789101412,1,52325065.05,36708683.12,0.1608861789101412,0.0,2026-07,2026-08
2022-09,Financeiro,275,44893430783.82,40046275689.31,0.12395242734807053,258,42122898211.27,37890999788.96,0.13065693120170593,0.006704503853635399,2026-07,2026-08
2022-09,Imobiliário,7,720786851.99,588827268.61,0.039442949109380926,7,720786851.99,588827268.61,0.039442949109380926,0.0,2026-07,2026-08
2022-09,Industrial,11,49846441662.659996,48628510200.39,0.001085301866796173,11,49837015966.9,48621617740.18,0.001085455716056654,1.538492604810822e-07,2026-07,2026-08
2022-09,Serviços,32,10022664666.17,9536588463.4,0.0021240219977761653,29,10434784675.89,9932843403.03,0.002039287529069567,-8.473446870659821e-05,2026-07,2026-08
2022-09,Setor público,37,10505861525.83,10295558216.67,0.40390265160241073,42,10643595690.27,10436030857.32,0.3984659800544025,-0.005436671548008254,2026-07,2026-08
2022-10,Agronegócio,7,2354708533.9,2094434902.19,0.023295491418225924,6,2043939716.15,1875211300.02,0.020187954114608973,-0.0031075373036169515,2026-07,2026-08
2022-10,Ações judiciais,83,14009217107.83,12767897984.94,0.00856107240979915,76,13909965746.41,12661130577.87,0.008633265291573105,7.219288177395464e-05,2026-07,2026-08
2022-10,Cartão de crédito,20,33041600803.66,30281012049.42,0.004787812362195369,20,33041600803.66,30281012049.42,0.004787812362195369,0.0,2026-07,2026-08
2022-10,Comercial,68,14500921703.31,12505168630.32,0.15329562411434233,58,13821013407.67,11874950313.33,0.16086760305646372,0.007571978942121388,2026-07,2026-08
2022-10,Factoring,1,54546361.46,39096946.63,0.13198895731771368,1,54546361.46,39096946.63,0.13198895731771368,0.0,2026-07,2026-08
2022-10,Financeiro,283,45868381804.83,40874647266.18,0.1142237254236331,264,42987400881.34,38674369984.22,0.12043171205582437,0.00620798663219127,2026-07,2026-08
2022-10,Imobiliário,7,726624598.8299999,598769731.11,0.0395453032438776,7,726624598.8299999,598769731.11,0.0395453032438776,0.0,2026-07,2026-08
2022-10,Industrial,11,49504821164.02,42495735585.75,0.0005809863359155278,11,49495354225.32,42487468113.740005,0.0005810993877984387,1.1305188291088099e-07,2026-07,2026-08
2022-10,Serviços,33,9912010103.66,9055099239.31,0.002048584602968252,30,10229251432.94,9373487431.81,0.0019732838342781406,-7.53007686901115e-05,2026-07,2026-08
2022-10,Setor público,37,10699964514.630001,7776937446.53,0.18995416055958392,42,10801307349.880001,7878626710.6,0.1875024263292579,-0.0024517342303260192,2026-07,2026-08
2022-11,Agronegócio,8,2347753362.56,2097248291.92,0.017432117752033228,7,2047748453.57,1842644149.5,0.010008600442469753,-0.007423517309563475,2026-07,2026-08
2022-11,Ações judiciais,85,14143602007.199999,12779062369.01,0.008568211611951192,78,14013629703.11,12651586799.61,0.008654543680115704,8.633206816451196e-05,2026-07,2026-08
2022-11,Cartão de crédito,20,34594389581.26,31903029134.010002,0.00473084032698024,20,34594389581.26,31903029134.010002,0.00473084032698024,0.0,2026-07,2026-08
2022-11,Comercial,73,15576915381.07,13476886524.45,0.14679779727096418,62,14795670801.34,12788389223.82,0.15323723717056476,0.00643943989960058,2026-07,2026-08
2022-11,Factoring,1,57251466.33,43363202.04,0.1270555528837049,1,57251466.33,43363202.04,0.1270555528837049,0.0,2026-07,2026-08
2022-11,Financeiro,289,47400258665.15,41810811099.98,0.11335390591483328,271,44436219707.24,39571555978.97,0.11937708511463387,0.006023179199800582,2026-07,2026-08
2022-11,Imobiliário,7,728825921.76,614465948.0699999,0.040339773974222275,7,728825921.76,614465948.0699999,0.040339773974222275,0.0,2026-07,2026-08
2022-11,Industrial,11,61950476379.560005,36180124518.48,0.00047469347268906334,11,61940916755.490005,36170462395.37,0.0004748202763423455,1.26803653282138e-07,2026-07,2026-08
2022-11,Serviços,34,9502595610.42,8828187743.61,0.002541251666995709,31,9851811099.07,9188749841.25,0.0024366041482041527,-0.0001046475187915564,2026-07,2026-08
2022-11,Setor público,38,11319393915.07,7856317243.85,0.19026980361443005,43,11390258064.78,7927925669.85,0.18855120511596352,-0.0017185984984665337,2026-07,2026-08
2022-12,Agronegócio,8,2382915414.94,2187948977.15,0.007064206620637465,7,2078755489.21,1928746152.76,0.006082971998783249,-0.0009812346218542158,2026-07,2026-08
2022-12,Ações judiciais,88,14602227013.44,12969756993.6,0.008441041759997714,81,14387709834.47,12737026361.37,0.008595276267311146,0.0001542345073134322,2026-07,2026-08
2022-12,Cartão de crédito,20,37401937069.78,36545506681.97,0.0036859023239772678,20,37401937069.78,36545506681.97,0.0036859023239772678,0.0,2026-07,2026-08
2022-12,Comercial,80,18821231887.56,15473323054.76,0.13057477845642626,68,18022293428.05,14756710651.439999,0.13498851726862426,0.004413738812198004,2026-07,2026-08
2022-12,Factoring,1,58401000.44,28866660.84,0.07929706843086323,1,58401000.44,28866660.84,0.07929706843086323,0.0,2026-07,2026-08
2022-12,Financeiro,301,48076008557.88,42862839192.36,0.11242565599105092,286,45122699165.09,40618670542.32,0.11832078921545855,0.005895133224407628,2026-07,2026-08
2022-12,Imobiliário,7,718808382.38,604055132.48,0.03596176670300742,7,718808382.38,604055132.48,0.03596176670300742,0.0,2026-07,2026-08
2022-12,Industrial,12,48878258412.950005,37335984988.2,0.000823264522409534,12,48868710419.01,37326994312.82,0.0008234628160093567,1.9829359982270409e-07,2026-07,2026-08
2022-12,Serviços,36,11359627577.32,10519225721.83,0.002212088321454127,33,11637533527.6,10678790493.92,0.002177803411654255,-3.4284909799872035e-05,2026-07,2026-08
2022-12,Setor público,39,11122564097.74,7704338114.97,0.13662158131855284,44,11124281596.31,7716648446.7300005,0.13640362957392982,-0.0002179517446230239,2026-07,2026-08
2023-01,Agronegócio,9,2651584260.57,2467807310.47,0.00401980214497002,8,2342963241.55,2200308519.5,0.0033887129981637104,-0.0006310891468063093,2026-07,2026-08
2023-01,Ações judiciais,89,14476490066.67,13351816669.140001,0.008172324731075578,82,14280967114.539999,13144780098.390001,0.00830104275258014,0.0001287180215045619,2026-07,2026-08
2023-01,Cartão de crédito,20,39442059792.42,36120287693.64,0.0037568400335275714,20,39442059792.42,36120287693.64,0.0037568400335275714,0.0,2026-07,2026-08
2023-01,Comercial,82,16143326028.34,14285283407.33,0.13756901597147309,70,15311895707.58,13612953558.36,0.14358404710193384,0.006015031130460757,2026-07,2026-08
2023-01,Factoring,1,59294329.49,24645692.03,0.05521816950173097,1,59294329.49,24645692.03,0.05521816950173097,0.0,2026-07,2026-08
2023-01,Financeiro,304,48683460135.17,43598212983.2,0.11870488488356719,289,45611479398.77,41177792111.37,0.1249964049043511,0.006291520020783911,2026-07,2026-08
2023-01,Imobiliário,7,707916060.1,585759402.82,0.038241007250008036,7,707916060.1,585759402.82,0.038241007250008036,0.0,2026-07,2026-08
2023-01,Industrial,13,44331997708.19,42966852941.34,0.0006661312030246957,13,44322287390.35,42959771901.35,0.0006662410011329826,1.0979810828690584e-07,2026-07,2026-08
2023-01,Serviços,37,11067482925.81,10292852483.859999,0.0023346796825935018,34,11325793532.3,10442394551.57,0.002301245509478192,-3.343417311530957e-05,2026-07,2026-08
2023-01,Setor público,41,11836636843.04,9046329963.68,0.12502343421264214,46,11806372835.91,9022484639.87,0.12535385586384282,0.0003304216512006741,2026-07,2026-08
2023-02,Agronegócio,9,2679151294.74,2477268487.08,0.00925386814935885,8,2366686347.9,2188144860.62,0.005204008479938351,-0.004049859669420499,2026-07,2026-08
2023-02,Ações judiciais,89,14699557161.63,13238073469.62,0.008251218967070399,82,14093448726.86,12617456201.79,0.008657073276347401,0.0004058543092770022,2026-07,2026-08
2023-02,Cartão de crédito,20,39607002132.52,37627239406.45,0.003781674318781096,20,39607002132.52,37627239406.45,0.003781674318781096,0.0,2026-07,2026-08
2023-02,Comercial,82,17114052618.09,14961942541.74,0.14393642615068822,70,16290967694.9,14289326799.52,0.14935866625583033,0.005422240105142112,2026-07,2026-08
2023-02,Factoring,1,59973161.51,39960360.13,0.05070401251161096,1,59973161.51,39960360.13,0.05070401251161096,0.0,2026-07,2026-08
2023-02,Financeiro,305,49150527894.13,43717901841.159996,0.10115993854001148,289,45639828512.79,40864084858.46,0.10735603063901157,0.006196092099000086,2026-07,2026-08
2023-02,Imobiliário,7,708093650.54,585208014.48,0.03962795499409989,7,708093650.54,585208014.48,0.03962795499409989,0.0,2026-07,2026-08
2023-02,Industrial,14,43800298025.920006,37056362326.44,0.0007904724946274584,14,43790480807.69,37046092851.92,0.0007906916199526253,2.1912532516688964e-07,2026-07,2026-08
2023-02,Serviços,37,11044121475.87,10404318304.93,0.0036727294946266153,34,11531158395.44,10821119217.57,0.003531265661314928,-0.0001414638333116871,2026-07,2026-08
2023-02,Setor público,41,12560782191.94,11741089657.31,0.30813570471183044,46,12502351685.27,11687038431.26,0.3095607973670327,0.0014250926552022425,2026-07,2026-08
2023-03,Agronegócio,9,2727405751.81,2516179531.55,0.018081458484790126,9,2411166115.5699997,2265254902.31,0.01918652565575694,0.0011050671709668149,2026-07,2026-08
2023-03,Ações judiciais,89,14946167597.56,13443471122.24,0.008151057497993988,83,14337461537.43,12815826311.33,0.008511234737440825,0.0003601772394468371,2026-07,2026-08
2023-03,Cartão de crédito,20,40170797119.11,39047790287.85,0.003515184673144219,20,40170797119.11,39047790287.85,0.003515184673144219,0.0,2026-07,2026-08
2023-03,Comercial,87,18364905233.74,16474647534.35,0.14434644781818243,75,17554101318.22,15741556361.35,0.14655174486140551,0.0022052970432230867,2026-07,2026-08
2023-03,Factoring,1,61785672.96,54561114.62,0.20918740882570336,1,61785672.96,54561114.62,0.20918740882570336,0.0,2026-07,2026-08
2023-03,Financeiro,319,50187014848.38,44610222251.0,0.1082497322091183,298,46373945967.12,41538278343.74,0.11639836202524399,0.0081486298161257,2026-07,2026-08
2023-03,Imobiliário,7,700064785.23,613304541.79,0.03663083001868993,7,700064785.23,613304541.79,0.03663083001868993,0.0,2026-07,2026-08
2023-03,Industrial,14,45924383297.67,31411992395.09,0.0008265363254722516,14,45914725557.02,31401504552.28,0.000826812381768977,2.760562967254283e-07,2026-07,2026-08
2023-03,Serviços,40,12813974073.79,11797321070.86,0.0028415017120116664,36,13347932234.57,12315127357.92,0.002722026906075116,-0.00011947480593655019,2026-07,2026-08
2023-03,Setor público,41,12761790490.82,12484508743.85,0.33417732463403416,46,12656379878.24,12394677863.44,0.33659928699688674,0.002421962362852581,2026-07,2026-08
2023-04,Agronegócio,9,2757967278.99,2461749296.15,0.024999489308780563,9,2437697782.46,2231858852.53,0.009140624742856932,-0.01585886456592363,2026-07,2026-08
2023-04,Ações judiciais,89,15164189416.01,13701379263.81,0.00809763062490017,83,14540694563.8,13071688863.94,0.008487710309267446,0.00039007968436727616,2026-07,2026-08
2023-04,Cartão de crédito,20,41427785500.9,39527155090.29,0.0036131070215848463,20,41427785500.9,39527155090.29,0.0036131070215848463,0.0,2026-07,2026-08
2023-04,Comercial,89,18511019796.45,16457212316.67,0.16270814010023166,76,17701928493.04,15722856154.0,0.1580210461575657,-0.004687093942665949,2026-07,2026-08
2023-04,Factoring,1,63250158.31,50687779.73,0.1185027821695042,1,63250158.31,50687779.73,0.1185027821695042,0.0,2026-07,2026-08
2023-04,Financeiro,328,51675256077.28,46763716024.21,0.11470442023476077,304,47726753549.14,42908702618.82,0.12113351392755155,0.00642909369279078,2026-07,2026-08
2023-04,Imobiliário,7,688916890.9,621825930.12,0.03699141215542592,7,688916890.9,621825930.12,0.03699141215542592,0.0,2026-07,2026-08
2023-04,Industrial,14,56632165580.119995,42742941524.61,0.00036591750899958,14,56621191192.5,42734253976.61,0.0003659918972391691,7.438823958910452e-08,2026-07,2026-08
2023-04,Serviços,40,12063885368.04,11237083640.15,0.0035508879508053003,37,12695643154.73,11859579413.1,0.0033645058994187407,-0.00018638205138655963,2026-07,2026-08
2023-04,Setor público,42,12371015680.32,9633106077.91,0.12095709635565442,47,12247427762.97,9535262412.27,0.12219826677980329,0.0012411704241488686,2026-07,2026-08
2023-05,Agronegócio,9,2557695659.7,1890484681.39,0.14523569590001775,9,2234780633.72,1878216446.51,0.13412528975991944,-0.011110406140098311,2026-07,2026-08
2023-05,Ações judiciais,90,15413698283.78,14220947087.99,0.007834059230421232,84,14776142822.58,13579942651.93,0.00820384479194885,0.00036978556152761875,2026-07,2026-08
2023-05,Cartão de crédito,22,42774005287.26,42007840675.74,0.008356530513903074,21,42760815626.380005,42004823768.58,0.008357130703940271,6.001900371976898e-07,2026-07,2026-08
2023-05,Comercial,88,16665965505.98,14857955543.76,0.07122978809857013,74,15856217810.77,14119164157.77,0.06046715507306926,-0.010762633025500866,2026-07,2026-08
2023-05,Factoring,1,60481572.06,42040092.989999995,0.06523004434486623,1,60481572.06,42040092.989999995,0.06523004434486623,0.0,2026-07,2026-08
2023-05,Financeiro,334,51455656278.67,45415176044.96,0.1190286241948831,314,47672726853.04,42367366895.39,0.1235573722151612,0.004528748020278098,2026-07,2026-08
2023-05,Imobiliário,8,702421356.78,643276748.78,0.037157584904681004,8,702421356.78,643276748.78,0.037157584904681004,0.0,2026-07,2026-08
2023-05,Industrial,14,44254736421.44,39187610728.49,0.004797709994942693,14,44244787496.5,39177517381.1,0.0047989460343064025,1.2360393637092862e-06,2026-07,2026-08
2023-05,Serviços,44,13578440564.74,11202186652.210001,0.01029875916388518,40,14251884714.199999,11719120716.2,0.009821646113849593,-0.000477113050035588,2026-07,2026-08
2023-05,Setor público,43,13531679605.62,9615115269.41,0.12219132706789619,48,13402277519.94,9499438627.08,0.12367927630278755,0.0014879492348913587,2026-07,2026-08
2023-06,Agronegócio,9,2593486388.4,1919313945.47,0.1177344596298782,9,2263433266.09,1899275233.22,0.10274690968783652,-0.014987549942041684,2026-07,2026-08
2023-06,Ações judiciais,94,16802914158.6,15739291642.119999,0.006973612898579973,88,15581691050.5,14503987008.06,0.007567555538280991,0.0005939426397010179,2026-07,2026-08
2023-06,Cartão de crédito,23,45344110712.92,44714918687.9,0.00955867952915813,22,45330655623.29,44711811442.52,0.009559343809173806,6.642800156764911e-07,2026-07,2026-08
2023-06,Comercial,90,17179594082.58,15158203761.06,0.04866751792353611,77,16416921209.03,14457722723.94,0.04892984167614583,0.0002623237526097194,2026-07,2026-08
2023-06,Factoring,1,62076468.42,42457911.07,0.13862963324540215,1,62076468.42,42457911.07,0.13862963324540215,0.0,2026-07,2026-08
2023-06,Financeiro,338,53112232736.91,46886060037.15,0.10798688556275121,317,60772549730.16,54911837569.45,0.09146324006035816,-0.016523645502393047,2026-07,2026-08
2023-06,Imobiliário,8,714904805.48,652980124.24,0.0359391971804866,8,714904805.48,652980124.24,0.0359391971804866,0.0,2026-07,2026-08
2023-06,Industrial,14,38021095560.53001,36079782797.85,0.005504012934408065,14,38011136790.670006,36069373044.87,0.005505601412671178,1.5884782631134242e-06,2026-07,2026-08
2023-06,Serviços,44,14134154858.68,11768445164.12,0.00992548905407883,40,14840190392.78,12273514616.41,0.009452762821896197,-0.00047272623218263393,2026-07,2026-08
2023-06,Setor público,44,13156813583.75,8735010577.29,0.06373366180201218,49,13586980684.41,9190932261.85,0.06057211544043537,-0.0031615463615768044,2026-07,2026-08
2023-07,Agronegócio,9,2505687633.3,1790508919.46,0.0351430345954251,9,2203011434.38,1771665930.92,0.023544251284630897,-0.011598783310794204,2026-07,2026-08
2023-07,Ações judiciais,97,17687346384.12,15970819893.21,0.00690766074551395,91,16453283408.27,14725105747.4,0.007492034864977407,0.0005843741194634568,2026-07,2026-08
2023-07,Cartão de crédito,23,46973281641.47,45480830725.35,0.009980971122565322,22,46959753722.909996,45477630436.62,0.009981673489621198,7.02367055875272e-07,2026-07,2026-08
2023-07,Comercial,91,16637460678.390001,14252304354.960001,0.044485610229713576,78,15868443391.28,13537434082.12,0.04554940654628364,0.0010637963165700606,2026-07,2026-08
2023-07,Factoring,1,63592564.25,39060654.1,0.025628701645321397,1,63592564.25,39060654.1,0.025628701645321397,0.0,2026-07,2026-08
2023-07,Financeiro,342,58947061043.26,49043864769.3,0.10668865665569123,322,67476941271.53,56994074540.54,0.09103312774171843,-0.015655528913972802,2026-07,2026-08
2023-07,Imobiliário,8,734350344.05,638651590.4,0.03767091271929916,8,734350344.05,638651590.4,0.03767091271929916,0.0,2026-07,2026-08
2023-07,Industrial,16,41965397290.87,32675965811.84,0.004899269641847667,15,41954408815.75,32664189326.41,0.004901035985318749,1.766343471081705e-06,2026-07,2026-08
2023-07,Serviços,46,14133554296.42,12307558899.52,0.0029194789985040287,42,14803984322.14,12846700239.45,0.0027335520386909447,-0.00018592695981308393,2026-07,2026-08
2023-07,Setor público,44,14836130383.9,13866763044.99,0.26133819835259275,49,15276078784.07,14316275312.08,0.2531325217043122,-0.008205676648280535,2026-07,2026-08
2023-08,Agronegócio,9,2515666526.74,1820456981.29,0.03475786893638231,9,2259302522.58,1838276348.81,0.02228522375132521,-0.012472645185057099,2026-07,2026-08
2023-08,Ações judiciais,99,17696815995.36,15989986783.82,0.0069246263250223854,92,16437822103.18,14726760698.24,0.00751860410370033,0.0005939777786779449,2026-07,2026-08
2023-08,Cartão de crédito,23,48112550724.479996,46121287158.75,0.01188772733429627,22,48097594266.34,46116956156.96,0.011888843751611165,1.1164173148951045e-06,2026-07,2026-08
2023-08,Comercial,94,16798573269.789999,14722674712.71,0.044545268351533274,81,15982453899.619999,13971228023.71,0.045637133114422274,0.001091864762889,2026-07,2026-08
2023-08,Factoring,1,65094761.3,49193734.16,0.01985094965191803,1,65094761.3,49193734.16,0.01985094965191803,0.0,2026-07,2026-08
2023-08,Financeiro,357,60763135978.28,49116055985.14,0.1010034189679422,336,68699784755.5,56902701277.42,0.0863738106862129,-0.014629608281729295,2026-07,2026-08
2023-08,Imobiliário,8,733682746.4,651754801.64,0.03577228299865756,8,733682746.4,651754801.64,0.03577228299865756,0.0,2026-07,2026-08
2023-08,Industrial,17,35346215132.13,29027072220.64,0.002830202983461233,16,35325590145.340004,29011229210.54,0.002831748555147514,1.5455716862811456e-06,2026-07,2026-08
2023-08,Serviços,47,13799853505.3,12789172777.48,0.0030181423342695445,42,14531074702.19,13333867312.72,0.0028600561169241636,-0.00015808621734538083,2026-07,2026-08
2023-08,Setor público,48,15513726504.93,14530446049.390001,0.24710778197209818,53,15955000791.6,14960784911.51,0.2399998606735935,-0.0071079212985046825,2026-07,2026-08
2023-09,Agronegócio,10,2549529072.2200003,1997239635.08,0.033306051247744,10,2289676654.4700003,1831044710.84,0.03182321165345466,-0.0014828395942893396,2026-07,2026-08
2023-09,Ações judiciais,101,18656968623.59,17258042121.01,0.006386078837171714,94,16269202713.86,14858296249.95,0.007417486884498676,0.001031408047326962,2026-07,2026-08
2023-09,Cartão de crédito,28,47970916860.950005,46827652164.59,0.0084365669854945,27,47954815436.96,46823498839.33,0.00843731532356485,7.483380703495607e-07,2026-07,2026-08
2023-09,Comercial,102,17325798247.97,14908390811.67,0.04405323163086782,92,16489220758.8,14135605271.4,0.045441737918335466,0.0013885062874676446,2026-07,2026-08
2023-09,Factoring,1,66534792.51,59751745.86,0.02015141687777958,1,66534792.51,59751745.86,0.02015141687777958,0.0,2026-07,2026-08
2023-09,Financeiro,387,66034639904.62,54017329595.12,0.09540004732269386,365,73757335151.97,61169329968.97,0.08336925216112304,-0.012030795161570823,2026-07,2026-08
2023-09,Imobiliário,9,720562321.72,659215227.62,0.032823992625475445,8,719862563.17,659215227.62,0.032823992625475445,0.0,2026-07,2026-08
2023-09,Industrial,18,31734308999.62,28763389992.57,0.0073322010953673486,17,31695277818.21,28730373164.5,0.0073406272310654235,8.426135698074919e-06,2026-07,2026-08
2023-09,Serviços,59,13960539286.22,13277014615.34,0.0024846688299857093,48,14695772777.81,14002447681.63,0.00231468228176426,-0.00016998654822144915,2026-07,2026-08
2023-09,Setor público,52,16063850756.47,15026712897.029999,0.2548996900151764,57,17595508051.74,16546074082.369999,0.2314932497178425,-0.02340644029733388,2026-07,2026-08
2023-10,Agronegócio,10,2566599087.95,2104482338.16,0.014766554822774355,10,2304273953.08,2124040464.01,0.011766206154480463,-0.0030003486682938924,2026-07,2026-08
2023-10,Ações judiciais,101,18770172826.98,17477213703.33,0.005519640748663478,94,16326553154.68,15013797245.29,0.006425285978886061,0.0009056452302225832,2026-07,2026-08
2023-10,Cartão de crédito,28,48254278442.38,46511572677.92,0.008172393972402625,27,48237865597.81,46507442628.259995,0.008173119714155767,7.257417531415788e-07,2026-07,2026-08
2023-10,Comercial,103,17684376311.14,15294595065.9,0.047669423237986036,94,16914128297.96,14591074513.57,0.0488015932711304,0.001132170033144364,2026-07,2026-08
2023-10,Factoring,1,67949766.34,45737201.96,0.07524105482031108,1,67949766.34,45737201.96,0.07524105482031108,0.0,2026-07,2026-08
2023-10,Financeiro,389,61846912425.95,53241990225.63,0.0941409342101785,366,69350996738.86,60227918927.55,0.08208092665108956,-0.01206000755908894,2026-07,2026-08
2023-10,Imobiliário,8,621144223.59,565054630.9,0.03367022321310206,7,620512041.76,565054630.9,0.03367022321310206,0.0,2026-07,2026-08
2023-10,Industrial,18,43046575215.53001,39260464975.03,0.0045382180637269405,17,42995112523.98,39212786461.35,0.0045437360468023715,5.517983075430978e-06,2026-07,2026-08
2023-10,Serviços,60,14480527614.92,13536711644.74,0.0042242045927172655,49,15231238177.28,14057135905.2,0.004313684182107739,8.947958939047387e-05,2026-07,2026-08
2023-10,Setor público,53,16466756838.75,15151254775.66,0.008496753310941017,58,18045161258.68,16739722278.54,0.007690478494080971,-0.0008062748168600458,2026-07,2026-08
2023-11,Agronegócio,10,2543729668.88,2068587930.3300002,0.017784631907878854,10,2285961463.19,2084530901.02,0.012330414208502729,-0.0054542176993761255,2026-07,2026-08
2023-11,Ações judiciais,102,19421319603.57,18418805723.87,0.005366748591733922,95,16909279603.41,15900498955.02,0.006216729422116154,0.0008499808303822328,2026-07,2026-08
2023-11,Cartão de crédito,28,51314720022.38,49823278602.68,0.010354867092834171,27,51297345613.13,49818014734.630005,0.010355961208172613,1.0941153384420171e-06,2026-07,2026-08
2023-11,Comercial,105,18117732438.01,15730288251.59,0.050796645413616844,96,17449036884.47,15188155269.44,0.048767831385707845,-0.0020288140279089983,2026-07,2026-08
2023-11,Factoring,1,69535089.58,47118308.34,0.0526214543210827,1,69535089.58,47118308.34,0.0526214543210827,0.0,2026-07,2026-08
2023-11,Financeiro,403,67936828443.38,52904466732.88,0.09428690783400047,380,74898283934.42,61972673285.06,0.07948819944172966,-0.014798708392270807,2026-07,2026-08
2023-11,Imobiliário,9,716268985.71,647875593.35,0.03250523680187959,8,715688628.28,647875593.35,0.03250523680187959,0.0,2026-07,2026-08
2023-11,Industrial,18,46643910335.81,36178636908.799995,0.00305477603256849,17,46578613597.11,36117694283.799995,0.0030599304609976413,5.154428429151366e-06,2026-07,2026-08
2023-11,Serviços,61,14627155695.6,13674697725.2,0.005801070128505511,50,15419998922.51,14095643302.64,0.005569763178903358,-0.0002313069496021527,2026-07,2026-08
2023-11,Setor público,54,16485855800.57,15430281387.87,0.18882891915960096,59,18058524993.64,17007514995.06,0.17131740631399164,-0.01751151284560931,2026-07,2026-08
2023-12,Agronegócio,11,2761495758.07,2199473326.53,0.020862731285036167,11,2501016357.82,2204633665.47,0.01264315055447442,-0.008219580730561747,2026-07,2026-08
2023-12,Ações judiciais,104,21727410197.66,19818227467.0,0.03743658972909699,97,19190938015.32,17275194096.81,0.04294752618594327,0.005510936456846277,2026-07,2026-08
2023-12,Cartão de crédito,28,54938844042.229996,53041686928.6,0.00804208238482695,27,54920981655.39,53035655923.49,0.0080429968986406,9.145138136490427e-07,2026-07,2026-08
2023-12,Comercial,108,22844036857.22,20011694093.16,0.10326023116385236,99,22272939105.29,19451492051.27,0.10457771324576545,0.0013174820819130961,2026-07,2026-08
2023-12,Factoring,1,71107555.09,34572185.23,0.051422519235414854,1,71107555.09,34572185.23,0.051422519235414854,0.0,2026-07,2026-08
2023-12,Financeiro,440,76498052294.41,64754371351.3,0.08259415650203246,410,84603549545.69,72150007537.51,0.07351066057439586,-0.009083495927636603,2026-07,2026-08
2023-12,Imobiliário,9,702811794.55,643236907.06,0.03300448201430664,8,702284266.6,643236907.06,0.03300448201430664,0.0,2026-07,2026-08
2023-12,Industrial,18,39166007663.99,32999468945.010002,0.0024460050576724677,17,39117962507.96,32948227183.09,0.002449809135146011,3.8040774735432527e-06,2026-07,2026-08
2023-12,Serviços,64,16016335889.64,14620003676.11,0.002696170776236638,51,16778111006.75,15040493017.2,0.00254989443073055,-0.00014627634550608802,2026-07,2026-08
2023-12,Setor público,54,17193411163.53,16048200307.619999,0.17961752415386506,59,18760676779.26,17622421033.79,0.16357219027129674,-0.01604533388256832,2026-07,2026-08
2024-01,Agronegócio,11,2954560467.58,2468533186.33,0.007922615089115329,11,2690301752.5099998,2449786814.73,0.005332730301856832,-0.002589884787258497,2026-07,2026-08
2024-01,Ações judiciais,105,22188709708.2,19999312585.21,0.03813098150203209,98,19583436631.65,17381896245.24,0.04387285526737825,0.005741873765346156,2026-07,2026-08
2024-01,Cartão de crédito,28,53912601492.56,51341325279.12,0.010354298681810571,27,53894390156.18,51335104540.44,0.010355553405783393,1.2547239728218085e-06,2026-07,2026-08
2024-01,Comercial,109,22613464478.36,18794319095.65,0.10818245888038548,100,22008500336.06,18238518208.57,0.10963908245629259,0.001456623575907104,2026-07,2026-08
2024-01,Factoring,1,72407866.22,27225541.51,0.039390798879283706,1,72407866.22,27225541.51,0.039390798879283706,0.0,2026-07,2026-08
2024-01,Financeiro,452,78222505771.18001,66148926262.64,0.08271061693997699,421,86018617308.71,72692007224.37,0.07473455139630152,-0.00797606554367547,2026-07,2026-08
2024-01,Imobiliário,9,709257246.85,614348849.18,0.0358443668599565,8,707776414.1999999,614348849.18,0.0358443668599565,0.0,2026-07,2026-08
2024-01,Industrial,18,41782954963.04,29050726833.15,0.0027124737522946064,17,41723536234.12,28992244476.170002,0.0027179452796339595,5.471527339353122e-06,2026-07,2026-08
2024-01,Serviços,66,16225496273.42,15020920433.71,0.0027989034563853333,53,17017700802.33,15479930440.08,0.002661653039042149,-0.00013725041734318454,2026-07,2026-08
2024-01,Setor público,56,17796582841.25,16137021748.65,0.18277325800138702,61,19430129298.420002,17777507405.9,0.16590717540419347,-0.01686608259719355,2026-07,2026-08
2024-02,Agronegócio,12,3021851801.22,2699359402.37,0.007794836130945082,12,2755173703.61,2673956996.49,0.005317667493779823,-0.002477168637165259,2026-07,2026-08
2024-02,Ações judiciais,106,22465365729.83,20161391071.16,0.03814228417849716,99,19788691425.53,17487369819.51,0.043974680904389295,0.005832396725892135,2026-07,2026-08
2024-02,Cartão de crédito,28,54559408428.6,52751165311.43,0.010128541247869473,27,54540845160.14,52744924463.47,0.010129739670023405,1.1984221539324685e-06,2026-07,2026-08
2024-02,Comercial,109,23314567993.87,19493277937.2,0.11127398324427559,101,22722826438.85,19006986202.05,0.11298139735632512,0.0017074141120495268,2026-07,2026-08
2024-02,Factoring,1,73886171.3,42313503.01,0.02045991181102167,1,73886171.3,42313503.01,0.02045991181102167,0.0,2026-07,2026-08
2024-02,Financeiro,469,82063938420.09,66492201482.71,0.08238982277048716,437,88967036837.9,72732313312.7,0.07475035302638547,-0.007639469744101693,2026-07,2026-08
2024-02,Imobiliário,9,696755811.98,617036567.86,0.0369084988090482,8,695323095.03,617036567.86,0.0369084988090482,0.0,2026-07,2026-08
2024-02,Industrial,19,33269331393.16,25792815650.78,0.0032122288113781198,18,33206159571.699997,25752302195.89,0.003217282281396303,5.053470018183317e-06,2026-07,2026-08
2024-02,Serviços,65,16541995272.89,15089120203.99,0.002784020894663677,52,17334760107.89,15521892940.039999,0.0026346203821899714,-0.00014940051247370545,2026-07,2026-08
2024-02,Setor público,57,17727053786.92,15988212655.52,0.18275110426125174,63,19439206943.96,17706326578.56,0.16501805188084506,-0.017733052380406678,2026-07,2026-08
2024-03,Agronegócio,12,3096239240.21,2655922456.65,0.030299802360007275,12,2827170217.27,2632909701.89,0.02780921566639395,-0.002490586693613326,2026-07,2026-08
2024-03,Ações judiciais,106,22472429444.13,20039472611.54,0.038256188200208596,99,19744887354.87,17316905765.95,0.04427083256221338,0.006014644362004787,2026-07,2026-08
2024-03,Cartão de crédito,28,55650969416.78,54463805170.35,0.010481606958317699,27,55632130045.03,54457682353.06,0.01048278543234631,1.1784740286107515e-06,2026-07,2026-08
2024-03,Comercial,110,23874210526.72,20704010251.14,0.10209861152592926,103,23328686912.02,20223016492.0,0.10344370496941194,0.0013450934434826728,2026-07,2026-08
2024-03,Factoring,1,75578397.76,47008930.17,0.0279020955222049,1,75578397.76,47008930.17,0.0279020955222049,0.0,2026-07,2026-08
2024-03,Financeiro,486,89091005736.86,75237579391.89,0.06996207850644107,450,96451047978.6,80669359289.96,0.064620214798939,-0.005341863707502073,2026-07,2026-08
2024-03,Imobiliário,9,667708682.64,566819583.22,0.0384577015250006,8,667375100.19,566626957.59,0.03846859632783677,1.0894802836169948e-05,2026-07,2026-08
2024-03,Industrial,19,26078109689.25,25377996955.72,0.0033683226615224726,18,26012998773.88,25327777927.72,0.003375001253325305,6.678591802832413e-06,2026-07,2026-08
2024-03,Serviços,66,17530088206.21,16437991535.86,0.003890009115195386,53,18129087467.02,16712127708.43,0.00287807726276157,-0.001011931852433816,2026-07,2026-08
2024-03,Setor público,58,18506877935.18,16574085618.44,0.05826515406953072,63,20260066009.57,18359202019.12,0.05259987068687901,-0.005665283382651709,2026-07,2026-08
2024-04,Agronegócio,12,3128531177.52,2736002081.49,0.06489947490949999,12,2856998267.1,2710344030.1,0.04536054089246521,-0.019538934017034777,2026-07,2026-08
2024-04,Ações judiciais,108,22401322594.48,20234577625.54,0.012693471977680854,100,19585762346.74,17442604173.03,0.01460256803131675,0.001909096053635895,2026-07,2026-08
2024-04,Cartão de crédito,28,55217661387.15,53750109380.48,0.011197185193609465,27,55200307728.66,53744107916.31,0.011198435554036865,1.250360427399247e-06,2026-07,2026-08
2024-04,Comercial,112,24393727884.02,20591203702.04,0.09880516593492966,110,25433547421.829998,20487468073.57,0.09807038989712938,-0.0007347760378002832,2026-07,2026-08
2024-04,Factoring,1,77187415.97,33207924.18,0.04543515854293305,1,77187415.97,33207924.18,0.04543515854293305,0.0,2026-07,2026-08
2024-04,Financeiro,502,92852641721.21,76150804348.08,0.07275649143159303,463,98918342284.01,80689196965.22,0.06786432807851987,-0.004892163353073159,2026-07,2026-08
2024-04,Imobiliário,9,603884473.59,481778189.62,0.047012246315809046,8,603204673.44,481152805.96,0.047029956470587844,1.771015477879806e-05,2026-07,2026-08
2024-04,Industrial,19,56646381467.9,41639129225.08,0.002128204993696761,19,56601405908.18,41567261031.69,0.0020640793535708145,-6.412564012594655e-05,2026-07,2026-08
2024-04,Serviços,71,17919432557.14,16329678307.82,0.004819462420904631,58,18463718824.33,16642541587.79,0.0037643275415314235,-0.0010551348793732072,2026-07,2026-08
2024-04,Setor público,62,18846539801.899998,16812758126.98,0.2263545696909155,67,20720288861.55,18668770263.64,0.20385084702456363,-0.022503722666351866,2026-07,2026-08
2024-05,Agronegócio,14,3455572258.33,2262845487.62,0.10771472067514475,14,3180616190.62,2262982227.95,0.08563305738178412,-0.02208166329336063,2026-07,2026-08
2024-05,Ações judiciais,110,22767594533.41,20346939533.94,0.014697234361028886,102,19870767182.59,17458136055.55,0.016962803658862335,0.002265569297833449,2026-07,2026-08
2024-05,Cartão de crédito,29,60852071291.79,57816029750.63,0.01085999274419493,28,60836757160.01,57810152627.42,0.010861096797938374,1.1040537434437586e-06,2026-07,2026-08
2024-05,Comercial,115,24929767602.88,21054026737.59,0.10526502654777613,113,25984623919.19,21770995491.84,0.10066758550896064,-0.004597441038815486,2026-07,2026-08
2024-05,Factoring,1,78606907.13,35458231.83,0.06349137996484244,1,78606907.13,35458231.83,0.06349137996484244,0.0,2026-07,2026-08
2024-05,Financeiro,529,97934653645.64,79180337773.93001,0.07269802086251313,487,104221226060.23,83152047254.68001,0.06837563179672645,-0.004322389065786678,2026-07,2026-08
2024-05,Imobiliário,9,588508579.82,481427966.72,0.04531582562316831,8,587886559.58,481042592.87,0.04534276813174953,2.6942508581220825e-05,2026-07,2026-08
2024-05,Industrial,20,46728705904.43,38746374905.37,0.004589825360032653,20,46682252249.26,38701636752.98,0.004587229322447972,-2.596037584680702e-06,2026-07,2026-08
2024-05,Serviços,73,17150711951.43,15736362946.81,0.004347558816560513,59,17717354060.49,16082419395.87,0.0032415268385170646,-0.0011060319780434487,2026-07,2026-08
2024-05,Setor público,65,18985266312.56,16943376569.28,0.22562326361034477,70,20892014527.47,18865746997.29,0.20263284134411086,-0.022990422266233906,2026-07,2026-08
2024-06,Agronegócio,14,3519293164.66,2314204677.24,0.08842896729604054,14,3243096204.31,2314788168.86,0.07498662829069355,-0.013442339005346984,2026-07,2026-08
2024-06,Ações judiciais,112,22403204838.1,20281032411.079998,0.04188868669604184,104,19442555397.45,17318895444.89,0.04894603761004367,0.0070573509140018365,2026-07,2026-08
2024-06,Cartão de crédito,29,61601011957.97,59372754992.81,0.008171863314558265,28,61590499871.95,59367311517.96,0.008172612604551242,7.492899929770896e-07,2026-07,2026-08
2024-06,Comercial,117,25882644938.23,22409307006.43,0.10333782655195618,115,27159631751.61,23374793210.89,0.09803490754315636,-0.005302919008799825,2026-07,2026-08
2024-06,Factoring,1,79988115.82,33156747.58,0.10188340221999544,1,79988115.82,33156747.58,0.10188340221999544,0.0,2026-07,2026-08
2024-06,Financeiro,557,104462892446.36,85332917403.07,0.07058695142448392,511,110994980572.68,87805063075.75,0.06778882082659626,-0.002798130597887652,2026-07,2026-08
2024-06,Imobiliário,9,574278401.26,467656721.33,0.04751299563664501,8,573768719.48,467280568.74,0.04753244216829062,1.9446531645608833e-05,2026-07,2026-08
2024-06,Industrial,20,36789726591.979996,35929644396.170006,0.005333281327449665,20,36742525113.71,35893021603.850006,0.005318324742810854,-1.4956584638811318e-05,2026-07,2026-08
2024-06,Serviços,76,17936440439.13,16735791099.27,0.004487926582883566,61,18546350595.239998,17044424719.28,0.003337855424105112,-0.0011500711587784538,2026-07,2026-08
2024-06,Setor público,66,19035873733.83,16900733932.49,0.227332114209193,71,21002685685.73,18881554816.56,0.2034832202054842,-0.023848894003708793,2026-07,2026-08
2024-07,Agronegócio,14,3476914990.42,2272212773.32,0.054698924052961624,14,3223919963.8,2261206747.83,0.04673526094923232,-0.007963663103729306,2026-07,2026-08
2024-07,Ações judiciais,117,23383779761.12,20920179892.77,0.014295857553947662,109,20333102116.92,17871322537.89,0.016637463296832484,0.0023416057428848214,2026-07,2026-08
2024-07,Cartão de crédito,29,61587892913.78,59429642085.35,0.008075079000994016,28,61577036731.17,59424323107.74,0.008075801788602843,7.227876088269913e-07,2026-07,2026-08
2024-07,Comercial,123,28249462081.44,24541661078.36,0.08942682462863918,121,29625367166.03,25646076498.44,0.08547142350734761,-0.003955401121291571,2026-07,2026-08
2024-07,Factoring,1,82101042.88,43709894.23,0.05322664103824806,1,82101042.88,43709894.23,0.05322664103824806,0.0,2026-07,2026-08
2024-07,Financeiro,574,107501361118.06999,85902937418.7,0.0719044162207588,527,112827679780.01,89082178905.56,0.06842471755278944,-0.0034796986679693637,2026-07,2026-08
2024-07,Imobiliário,10,568737592.0500001,430398053.36,0.04963720988796062,9,568318214.27,430034847.57,0.04963354618959258,-3.663698368044921e-06,2026-07,2026-08
2024-07,Industrial,22,75781479267.90999,66315187968.65,0.0024335782950097745,22,75721535036.06,66267383517.53001,0.0024290460189577098,-4.532276052064688e-06,2026-07,2026-08
2024-07,Serviços,80,20060648283.7,17064349938.95,0.004702736122799992,65,20550095492.87,17429344848.94,0.003301484036762264,-0.0014012520860377281,2026-07,2026-08
2024-07,Setor público,69,19643835431.19,17293058711.31,0.22387470914835772,74,21685390756.22,19346072509.41,0.20011702568554413,-0.023757683462813595,2026-07,2026-08
2024-08,Agronegócio,15,3546540929.41,2504376302.32,0.05082301602282795,15,3291953166.7400002,2444159755.09,0.035342759911706,-0.015480256111121957,2026-07,2026-08
2024-08,Ações judiciais,120,23715862110.12,21377939122.61,0.011650387663728761,112,20588056844.71,18240701082.35,0.013542607924156328,0.0018922202604275667,2026-07,2026-08
2024-08,Cartão de crédito,29,61344771849.81,58824547011.52,0.008125504429917569,28,61334245120.0,58819058822.09,0.00812626259076575,7.581608481802699e-07,2026-07,2026-08
2024-08,Comercial,124,28492115083.74,24669554722.82,0.0905687530887301,120,29886103873.59,25685610109.88,0.08600475960936091,-0.0045639934793691855,2026-07,2026-08
2024-08,Factoring,1,80471830.06,38993409.1,0.04099996427344948,1,80471830.06,38993409.1,0.04099996427344948,0.0,2026-07,2026-08
2024-08,Financeiro,585,109037148918.4,88199611976.92,0.07258760211524878,539,113858566561.71,88519436744.2,0.07157605877146683,-0.001011543343781951,2026-07,2026-08
2024-08,Imobiliário,10,595242690.5,440109687.46,0.047133564338743036,9,594871043.64,439739619.02,0.0471560597978707,2.249545912766382e-05,2026-07,2026-08
2024-08,Industrial,22,79513162856.16,71226134488.59,0.0019321518383402633,22,79448074814.40001,71167269099.11,0.001929815410771713,-2.3364275685503616e-06,2026-07,2026-08
2024-08,Serviços,82,20279883774.99,17500613581.48,0.00449673801627616,67,20011499221.56,17018632267.07,0.003533458573304789,-0.0009632794429713714,2026-07,2026-08
2024-08,Setor público,73,20139525699.15,17767824236.56,0.2191431719016066,77,22241191992.73,19866314710.73,0.19599495012967727,-0.023148221771929323,2026-07,2026-08
2024-09,Agronegócio,16,3701991517.68,2508203898.63,0.07313928246830365,16,3446497783.96,2471419333.17,0.05390917998084441,-0.01923010248745924,2026-07,2026-08
2024-09,Ações judiciais,126,23686223932.1,21856532747.86,0.01340153289815281,117,20437029828.27,18604984162.09,0.015658797989929227,0.0022572650917764177,2026-07,2026-08
2024-09,Cartão de crédito,29,63573281625.46,62001474029.31,0.00813433792012078,28,63554393763.57,61996435743.659996,0.008134998976156075,6.610560352952183e-07,2026-07,2026-08
2024-09,Comercial,130,30236976290.05,26530916742.239998,0.08627288985969464,124,31914545777.76,27698056121.18,0.08099155609207531,-0.005281333767619328,2026-07,2026-08
2024-09,Factoring,1,82209335.52,42491154.5,0.022174313715105105,1,82209335.52,42491154.5,0.022174313715105105,0.0,2026-07,2026-08
2024-09,Financeiro,610,113818209021.39,91399943817.62,0.06850133348498849,562,118423935398.2,91375728317.69,0.06797688556893822,-0.0005244479160502746,2026-07,2026-08
2024-09,Imobiliário,10,624450429.05,538178404.48,0.04003315144318591,9,623602958.5,537813028.66,0.04004630963229369,1.3158189107784213e-05,2026-07,2026-08
2024-09,Industrial,23,75954313967.49,68070885850.119995,0.004595377418310013,24,75921974652.81,68035198816.939995,0.00459132729692594,-4.050121384073166e-06,2026-07,2026-08
2024-09,Serviços,84,20871795989.89,18117577970.64,0.004768216475733944,67,20352699859.59,17544985812.760002,0.0036346918772440003,-0.0011335245984899437,2026-07,2026-08
2024-09,Setor público,75,20500159161.01,15455709925.27,0.25401772521758914,78,22600410371.55,17568623140.86,0.22346795450971335,-0.03054977070787579,2026-07,2026-08
2024-10,Agronegócio,16,3737773692.36,2640008028.6,0.05043439670166767,16,3483255905.37,2622153652.75,0.034488049540940466,-0.015946347160727202,2026-07,2026-08
2024-10,Ações judiciais,126,23814528512.2,21768343033.07,0.013600119862602497,117,20472371744.49,18432480273.27,0.015904396295767342,0.002304276433164845,2026-07,2026-08
2024-10,Cartão de crédito,30,64979176229.59,62879979682.82,0.007073982783450724,29,64959946735.04,62875062774.68,0.007074535977706049,5.531942553248584e-07,2026-07,2026-08
2024-10,Comercial,139,32085165846.46,27256603914.97,0.0847281743787464,133,34435765036.37,29094731832.829998,0.07657693305308212,-0.008151241325664277,2026-07,2026-08
2024-10,Factoring,1,84219032.9,43117454.69,0.11894363238443749,1,84219032.9,43117454.69,0.11894363238443749,0.0,2026-07,2026-08
2024-10,Financeiro,643,119988473750.43,97170199326.68,0.06634557438043559,589,122531113828.87,94799261819.78,0.06753216175164577,0.0011865873712101765,2026-07,2026-08
2024-10,Imobiliário,10,634616582.3,524943974.32,0.04009331360982561,9,633872478.74,524583283.3,0.04010648749164974,1.3173881824125877e-05,2026-07,2026-08
2024-10,Industrial,25,92395069346.28,75388106855.7,0.0037498669300862772,26,92354181676.76999,75353088897.55,0.0037452350362663874,-4.6318938198897965e-06,2026-07,2026-08
2024-10,Serviços,89,21096684581.28,18233571852.95,0.006390272751805823,70,20596433801.69,17676927949.56,0.0035349232439200705,-0.0028553495078857526,2026-07,2026-08
2024-10,Setor público,80,20988076733.85,15863595373.64,0.24990250714900547,83,23162951920.16,18048177789.51,0.219653878774076,-0.030248628374929476,2026-07,2026-08
2024-11,Agronegócio,16,3736203537.2200003,2712523920.95,0.04458115876362406,16,3493167755.85,2704085563.87,0.028884376283647428,-0.015696782479976634,2026-07,2026-08
2024-11,Ações judiciais,127,23701545738.46,22185998039.03,0.013326530474755544,118,20272025230.59,18764186366.49,0.015584859863801431,0.0022583293890458874,2026-07,2026-08
2024-11,Cartão de crédito,31,68677876524.29,65417853698.380005,0.006614023415456608,30,68658616056.009995,65412801584.35,0.006614534245136467,5.108296798591108e-07,2026-07,2026-08
2024-11,Comercial,143,35665869639.29,28278768065.98,0.08730230712242465,137,38088704492.74,29982567132.329998,0.07987712050705535,-0.0074251866153692975,2026-07,2026-08
2024-11,Factoring,1,85813315.09,43697838.46,0.04306778930776431,1,85813315.09,43697838.46,0.04306778930776431,0.0,2026-07,2026-08
2024-11,Financeiro,666,125868889005.77,102450805417.45,0.07679142960500328,609,125143587414.78,100229154932.56,0.07816716176806632,0.0013757321630630398,2026-07,2026-08
2024-11,Imobiliário,10,634090485.5699999,544689060.16,0.0403519315837621,9,633643117.3,544337489.66,0.04035625599427503,4.3244105129292e-06,2026-07,2026-08
2024-11,Industrial,25,97813991197.08,71988505828.28,0.0037489842131711356,26,97796643716.06,71977725227.12,0.0037402937099012858,-8.690503269849839e-06,2026-07,2026-08
2024-11,Serviços,92,20967426279.45,18303542646.29,0.006230980418051308,71,20384642049.7,17667593972.21,0.003335891603163647,-0.0028950888148876605,2026-07,2026-08
2024-11,Setor público,81,20398461055.95,16395232700.7,0.2434830496635502,84,22636360590.77,18642150556.4,0.21413630610013112,-0.02934674356341907,2026-07,2026-08
2024-12,Agronegócio,19,4198982206.13,2950288914.5099998,0.03810673714261382,20,4005129115.27,2947860621.43,0.021896074472031388,-0.01621066267058243,2026-07,2026-08
2024-12,Ações judiciais,129,23619518246.88,21931008783.3,0.01182398834053911,120,20701706495.97,19024788124.62,0.013620584202704535,0.0017965958621654256,2026-07,2026-08
2024-12,Cartão de crédito,31,70670611423.46,66686868746.56,0.006006165376008319,30,70651158452.74,66686868746.56,0.006006165376008319,0.0,2026-07,2026-08
2024-12,Comercial,145,37585493476.71,29053626173.89,0.08749252163450873,140,40114614673.04,30936571054.94,0.0799320084788497,-0.007560513155659032,2026-07,2026-08
2024-12,Factoring,1,83045642.41,43426573.97,0.053350212743020126,1,83045642.41,43426573.97,0.053350212743020126,0.0,2026-07,2026-08
2024-12,Financeiro,691,147269769339.24,125840981977.76,0.06472245303083718,634,136766585552.26,117035130450.88,0.06890114893044379,0.004178695899606608,2026-07,2026-08
2024-12,Imobiliário,10,622852481.23,542026286.51,0.04279854556384511,9,622233531.25,541691834.46,0.042783154084467416,-1.5391479377693806e-05,2026-07,2026-08
2024-12,Industrial,27,93611746355.76,86636864456.43,0.0037856707402533214,27,93722546566.91,86749316375.64,0.0036666048584484117,-0.0001190658818049097,2026-07,2026-08
2024-12,Serviços,94,22943852245.47,20196429183.079998,0.006714513897516577,72,22301668674.32,19622157726.18,0.0038806777471982025,-0.0028338361503183742,2026-07,2026-08
2024-12,Setor público,84,20739774004.989998,17143223767.710001,0.2247693666734843,87,22397745966.6,18841023278.15,0.204334018415799,-0.020435348257685282,2026-07,2026-08
2025-01,Agronegócio,20,4284084999.56,3066449817.55,0.0984826478234307,21,4088252541.05,3063912837.44,0.0841028529732273,-0.014379794850203409,2026-07,2026-08
2025-01,Ações judiciais,130,23639408645.47,21546904311.75,0.012168389626022584,121,20646175988.28,18546887091.510002,0.014120035871134357,0.0019516462451117725,2026-07,2026-08
2025-01,Cartão de crédito,31,70835912746.62,64417720354.8,0.006428067248255942,30,70804977274.46,64417720354.8,0.006428067248255942,0.0,2026-07,2026-08
2025-01,Comercial,157,38088471263.97,31302603964.56,0.11229167364988603,154,41972656535.26,34277801623.94,0.1341760391683878,0.021884365518501772,2026-07,2026-08
2025-01,Factoring,1,84873886.63,53295910.12,0.037514860061460945,1,84873886.63,53295910.12,0.037514860061460945,0.0,2026-07,2026-08
2025-01,Financeiro,709,149964514270.64,127664523903.43,0.054990191000519474,651,139348666519.81,118316719781.27,0.058391032557798005,0.0034008415572785305,2026-07,2026-08
2025-01,Imobiliário,10,640500974.14,548384175.56,0.0442696654680252,9,639949293.07,548037987.31,0.04428385269262732,1.4187224602120463e-05,2026-07,2026-08
2025-01,Industrial,28,86036254184.9,83332646581.62001,0.00361503945701449,28,86143702301.97,83376872556.84001,0.0036729939140044735,5.7954456989983433e-05,2026-07,2026-08
2025-01,Serviços,96,22963386228.23,19980245546.25,0.005910321228367672,73,22185875840.98,19292552139.14,0.003503194633481641,-0.0024071265948860305,2026-07,2026-08
2025-01,Setor público,86,19721599404.4,15918577506.050001,0.24533189040074352,88,21376426364.31,17702667404.5,0.2203663822808054,-0.024965508119938112,2026-07,2026-08
2025-02,Agronegócio,23,4416175081.15,3341488854.28,0.032717559165271144,24,4228905056.11,3344217796.62,0.01649511648605946,-0.016222442679211684,2026-07,2026-08
2025-02,Ações judiciais,132,24091120656.41,22098882881.52,0.012362833655200968,123,21015775127.45,19022956421.34,0.014350616789709818,0.00198778313450885,2026-07,2026-08
2025-02,Cartão de crédito,31,72791923569.76,64297528733.880005,0.006966568918596285,30,72760679542.39,64297528733.880005,0.006966568918596285,0.0,2026-07,2026-08
2025-02,Comercial,161,38851780825.51,32423140803.2,0.11200324322687423,157,42800082128.68,35493615255.52,0.1343158259005069,0.02231258267363266,2026-07,2026-08
2025-02,Factoring,1,86939012.57,59903901.57,0.0437092853950481,1,86939012.57,59903901.57,0.0437092853950481,0.0,2026-07,2026-08
2025-02,Financeiro,728,154507975142.8,132052468060.94,0.0540575436451194,670,144206042680.02,121515004231.61,0.05784518171288936,0.003787638067769959,2026-07,2026-08
2025-02,Imobiliário,10,627308733.62,527970308.21,0.047797728674474016,9,626815637.4,527629108.51,0.04781432758939958,1.6598914925565478e-05,2026-07,2026-08
2025-02,Industrial,28,83841747603.4,80675613459.75,0.0036255740737060446,28,83945100030.44,80739932887.81,0.003638199556694822,1.2625482988777494e-05,2026-07,2026-08
2025-02,Serviços,98,24754426996.95,21769757628.3,0.0060212233488350555,75,23981600930.26,21082247750.16,0.003842397155653634,-0.0021788261931814214,2026-07,2026-08
2025-02,Setor público,86,19755250469.94,16069258853.33,0.2469058437345294,89,21545572664.87,17935414475.49,0.2209304721396322,-0.025975371594897184,2026-07,2026-08
2025-03,Agronegócio,23,4440540296.68,3314204833.62,0.05576867002759072,24,4266840004.0899997,3332027062.27,0.041794640294765845,-0.013974029732824876,2026-07,2026-08
2025-03,Ações judiciais,133,24182376789.19,22422781720.47,0.012186687343548391,124,21031976467.96,19275151904.46,0.014163655531390654,0.0019769681878422634,2026-07,2026-08
2025-03,Cartão de crédito,31,71507425297.67,61580240683.91,0.006921459755537563,30,71475764635.28,61580240683.91,0.006921459755537563,0.0,2026-07,2026-08
2025-03,Comercial,167,39546031165.6,33107370567.83,0.111750530269384,162,43451141952.45,36164262502.46,0.10345707004630596,-0.008293460223078045,2026-07,2026-08
2025-03,Factoring,1,88656734.11,59179112.1,0.06410313597793908,1,88656734.11,59179112.1,0.06410313597793908,0.0,2026-07,2026-08
2025-03,Financeiro,743,158382935581.65,138216042638.98,0.051092290675731025,684,148027461090.7,126881726473.27,0.054401956062082465,0.0033096653863514403,2026-07,2026-08
2025-03,Imobiliário,10,627182730.69,509308526.91999996,0.050129928835867296,9,626811591.02,508972477.13,0.050148192401139866,1.8263565272569338e-05,2026-07,2026-08
2025-03,Industrial,29,79639205201.23999,78815786266.1,0.004032542861869579,29,79745446572.25,78902255862.63,0.0037211725000762643,-0.000311370361793315,2026-07,2026-08
2025-03,Serviços,100,25587962064.16,22581667342.09,0.00666863412912461,76,24834230046.45,21924164735.36,0.0041535133720798844,-0.0025151207570447255,2026-07,2026-08
2025-03,Setor público,88,20207229901.74,16420134829.14,0.24390958016937078,92,22065495056.03,18356861923.94,0.21817608091701474,-0.025733499252356046,2026-07,2026-08
2025-04,Agronegócio,23,4470079174.04,3156667422.0,0.08288151100005238,24,4316251565.17,3198318198.78,0.055245851997277794,-0.027635659002774586,2026-07,2026-08
2025-04,Ações judiciais,133,24490772544.93,22728743260.18,0.01212474770801813,124,21256078793.94,19513572952.94,0.014122491991323398,0.0019977442833052673,2026-07,2026-08
2025-04,Cartão de crédito,31,72005855347.45,62568792246.48,0.009098384874002843,30,71972758736.46,62568792246.48,0.009098384874002843,0.0,2026-07,2026-08
2025-04,Comercial,175,43729933050.49,34408958551.409996,0.1103866297076392,168,47743264067.2,37497379022.39,0.10272905867287141,-0.007657571034767788,2026-07,2026-08
2025-04,Factoring,1,91279141.76,56395372.51,0.1479488771622266,1,91279141.76,56395372.51,0.1479488771622266,0.0,2026-07,2026-08
2025-04,Financeiro,762,162737916081.57,140314179267.82,0.05310093583591796,703,151705788892.9,129001167028.42,0.05600738519116087,0.00290644935524291,2026-07,2026-08
2025-04,Imobiliário,10,629791671.89,511773577.57,0.05255533796353746,9,628954465.84,511446839.62,0.0525593869149188,4.048951381341315e-06,2026-07,2026-08
2025-04,Industrial,29,76149267258.12999,75682691503.81999,0.0041827432157856325,30,76249157227.42,75716945445.17,0.004188666253839632,5.923038053999748e-06,2026-07,2026-08
2025-04,Serviços,105,26030463515.18,22728079554.38,0.0075950364722625115,78,25109632733.07,22008452291.15,0.004591516816502127,-0.003003519655760385,2026-07,2026-08
2025-04,Setor público,91,20558508994.29,16763309278.82,0.2428219445454585,95,22438145052.87,18723227089.08,0.21740372729197138,-0.025418217253487113,2026-07,2026-08
2025-05,Agronegócio,23,4505419629.95,2865583378.18,0.12093863546560224,24,4402471662.4800005,2958121124.95,0.09451667861123361,-0.026421956854368628,2026-07,2026-08
2025-05,Ações judiciais,134,24784733620.35,22834766007.72,0.011878957023614538,125,21475628844.39,19544781558.18,0.013878548769785226,0.001999591746170688,2026-07,2026-08
2025-05,Cartão de crédito,31,73927220349.64,64075338212.25,0.008742508304901999,30,73898249330.17,64075338212.25,0.008742508304901999,0.0,2026-07,2026-08
2025-05,Comercial,178,43734854825.73,35957123433.8,0.10357276523041441,170,47794256282.4,38522779537.2,0.09756861108971765,-0.0060041541406967575,2026-07,2026-08
2025-05,Factoring,1,89019720.18,77590090.39,0.1174497699924641,1,89019720.18,77590090.39,0.1174497699924641,0.0,2026-07,2026-08
2025-05,Financeiro,783,168926613248.58,144483845937.87,0.05126306418846972,726,156046589819.39,133076151529.6,0.054629869402880615,0.0033668052144108923,2026-07,2026-08
2025-05,Imobiliário,11,652597606.98,524708088.52,0.05250703892846482,10,636260103.69,508728175.06,0.054111837872461634,0.0016047989439968158,2026-07,2026-08
2025-05,Industrial,28,76763715622.41,72506567356.62999,0.0038834793704277133,29,76867225450.33,72561904487.59999,0.0038933702909944683,9.890920566755015e-06,2026-07,2026-08
2025-05,Serviços,109,27159707916.74,23202901696.25,0.0077842643193713566,81,26073231428.4,22345558658.6,0.004476698403398404,-0.003307565915972952,2026-07,2026-08
2025-05,Setor público,94,20705099827.53,16085902326.32,0.25668330419389,98,22641375822.02,18090365000.09,0.2282420813532208,-0.028441222840669217,2026-07,2026-08
2025-06,Agronegócio,23,4649286418.77,2675320551.16,0.09554913867392938,25,4660376677.78,2864027425.98,0.08925353578013714,-0.006295602893792232,2026-07,2026-08
2025-06,Ações judiciais,139,25334888867.13,23790011190.260002,0.011565467114729546,130,21958461997.01,20436350579.96,0.013371210289764705,0.0018057431750351585,2026-07,2026-08
2025-06,Cartão de crédito,31,73981309261.25,63605313622.159996,0.009134299957882513,30,73962975652.87,63605313622.159996,0.009134299957882513,0.0,2026-07,2026-08
2025-06,Comercial,182,47021032732.75,39850230765.07,0.08911041746695798,175,58798215724.56,46231896282.55,0.07773775908834013,-0.011372658378617853,2026-07,2026-08
2025-06,Factoring,1,89474135.6,70573539.78,0.1305527242748713,1,89474135.6,70573539.78,0.1305527242748713,0.0,2026-07,2026-08
2025-06,Financeiro,808,191654080581.44,156210495472.79,0.050163303552320807,747,172415075276.8,137481722767.66,0.055973985256971184,0.005810681704650378,2026-07,2026-08
2025-06,Imobiliário,11,656204478.22,527642397.19,0.05448960590186799,10,634547305.0,509457341.21,0.05641978916572692,0.0019301832638589297,2026-07,2026-08
2025-06,Industrial,29,80528204476.29001,69545342707.16,0.006858050041371014,30,80661366015.5,69601742031.23,0.006941017650725351,8.296760935433672e-05,2026-07,2026-08
2025-06,Serviços,115,29698461889.1,25076660123.690002,0.007776457851967921,84,28421553163.06,24087120602.18,0.004603727620725404,-0.003172730231242517,2026-07,2026-08
2025-06,Setor público,95,21161063438.33,17433797026.31,0.2397082651205171,99,23153787532.96,19480878957.62,0.21451933707566945,-0.025188928044847653,2026-07,2026-08
2025-07,Agronegócio,23,4449775323.05,2799626619.33,0.06120965462209045,25,4461016766.81,2989679808.53,0.05731857236051585,-0.0038910822615745994,2026-07,2026-08
2025-07,Ações judiciais,144,25648386751.0,24079593341.13,0.011546497639355585,135,22206957181.05,20642489328.11,0.013354305886674746,0.001807808247319161,2026-07,2026-08
2025-07,Cartão de crédito,32,75706193188.06999,64243203858.31,0.00990039495512688,31,75687775791.74,64243203858.31,0.00990039495512688,0.0,2026-07,2026-08
2025-07,Comercial,190,47705103238.42,40156898671.94,0.07830844130593517,182,59593293465.59,45738602774.1,0.0709750714724118,-0.007333369833523368,2026-07,2026-08
2025-07,Factoring,1,89607493.89,79364330.52,0.12540807204934262,1,89607493.89,79364330.52,0.12540807204934262,0.0,2026-07,2026-08
2025-07,Financeiro,830,194375298140.02,158281871042.43,0.05219498483528393,767,175186367612.58,139587312161.56,0.05818650999970103,0.0059915251644170955,2026-07,2026-08
2025-07,Imobiliário,11,657350102.21,522813672.73,0.05585318000105242,10,634247970.85,504091897.41,0.05791256677600562,0.002059386774953202,2026-07,2026-08
2025-07,Industrial,30,79709246725.97,65889532437.090004,0.006493638199944957,31,79812214155.98,65980387984.6,0.006590710400513209,9.707220056825224e-05,2026-07,2026-08
2025-07,Serviços,120,30334697240.4,26002014486.55,0.008147957311907122,87,28710574635.23,24878863846.54,0.004178768692222999,-0.003969188619684124,2026-07,2026-08
2025-07,Setor público,97,21774083746.06,17897197011.97,0.2358833217411909,101,23791884762.91,19980433899.17,0.211289219360515,-0.024594102380675886,2026-07,2026-08
2025-08,Agronegócio,25,4759220556.95,2994162251.93,0.043403104586677635,27,4775586448.92,3185353694.5,0.04079796149306395,-0.0026051430936136835,2026-07,2026-08
2025-08,Ações judiciais,144,25801143689.94,24132641813.7,0.011211407663060068,135,22261308088.53,20615231808.0,0.013124319332417375,0.0019129116693573072,2026-07,2026-08
2025-08,Cartão de crédito,32,76566290685.4,65742588204.409996,0.009918847958381079,31,76547685552.66,65742588204.409996,0.009918847958381079,0.0,2026-07,2026-08
2025-08,Comercial,196,48795846827.67,41796784868.77,0.07838477525475787,188,55058274023.53,45946778180.52,0.0723529906638685,-0.0060317845908893775,2026-07,2026-08
2025-08,Factoring,1,90409681.12,63772298.02,0.14864777237644852,1,90409681.12,63772298.02,0.14864777237644852,0.0,2026-07,2026-08
2025-08,Financeiro,870,199916112643.85,164435503206.47,0.04658814998699486,804,180419125094.22,144840054546.36002,0.05190026335922086,0.005312113372226,2026-07,2026-08
2025-08,Imobiliário,11,655971113.74,518860765.87,0.05774853114931282,10,637423939.23,499987462.5,0.059904731091132105,0.0021561999418192868,2026-07,2026-08
2025-08,Industrial,31,74837315501.23,62809873278.78,0.006771669323741412,32,74930479420.98,62896597538.880005,0.006758894711708596,-1.277461203281604e-05,2026-07,2026-08
2025-08,Serviços,123,30993845489.8,26586840642.23,0.005791063756384931,90,29240173365.78,25344986156.82,0.003140768318730368,-0.002650295437654563,2026-07,2026-08
2025-08,Setor público,98,22218161161.98,18574411431.17,0.22980714116932457,102,24316528073.45,20736113064.43,0.2058501695393478,-0.023956971629976787,2026-07,2026-08
2025-09,Agronegócio,24,4773067677.45,3018583324.21,0.087203768042047,26,4789642582.34,3213817216.69,0.08211877648157388,-0.005084991560473123,2026-07,2026-08
2025-09,Ações judiciais,147,26312614895.53,24669530442.37,0.010716835797811849,138,22718898227.87,21090715934.21,0.012535340563340764,0.0018185047655289149,2026-07,2026-08
2025-09,Cartão de crédito,33,81350197561.18,66048056180.16,0.009712221562134185,32,81331303134.18,66048056180.16,0.009712221562134185,0.0,2026-07,2026-08
2025-09,Comercial,199,51036220198.54,43763834872.92,0.08036845267201156,191,56950897051.32,47635180087.99,0.07511173205099506,-0.0052567206210165085,2026-07,2026-08
2025-09,Factoring,1,86869756.05,67841786.97,0.13549969540255466,1,86869756.05,67841786.97,0.13549969540255466,0.0,2026-07,2026-08
2025-09,Financeiro,894,207702934271.28,161041571775.37,0.05428996655301623,827,190187374585.56,142481279505.24,0.060057526687744965,0.005767560134728733,2026-07,2026-08
2025-09,Imobiliário,12,787473079.64,672687722.97,0.04695381796258621,11,773665127.04,652815999.71,0.04837153108077581,0.001417713118189605,2026-07,2026-08
2025-09,Industrial,32,71178946955.63,59656086472.9,0.008469318411450247,32,71204235057.59,59693440272.41,0.008381185972811771,-8.813243863847568e-05,2026-07,2026-08
2025-09,Serviços,123,31916209782.42,27341940906.079998,0.00784661017507695,90,30194919549.72,26295965706.079998,0.0046666726547193,-0.00317993752035765,2026-07,2026-08
2025-09,Setor público,99,22496057724.7,18792465901.62,0.22938351113881225,103,24653486017.93,21042141334.03,0.20485946477788516,-0.024524046360927088,2026-07,2026-08
2025-10,Agronegócio,26,4756632262.48,3125142711.41,0.06783829341807819,28,4773374949.79,3317366226.58,0.0639074294937172,-0.003930863924360997,2026-07,2026-08
2025-10,Ações judiciais,150,26690667446.69,24752914803.99,0.01052613477132805,142,23014092165.23,21084023718.7,0.012357817496615164,0.0018316827252871145,2026-07,2026-08
2025-10,Cartão de crédito,37,85088184040.21,68903046944.94,0.01004246965962098,36,85068954737.36,68903046944.94,0.01004246965962098,0.0,2026-07,2026-08
2025-10,Comercial,205,52774568882.98,44264616603.64,0.07674705850113792,199,58007052136.39,48213625463.93,0.07207639738687138,-0.004670661114266533,2026-07,2026-08
2025-10,Factoring,1,88622926.18,80878907.41000001,0.1660000913704232,1,88622926.18,80878907.41000001,0.1660000913704232,0.0,2026-07,2026-08
2025-10,Financeiro,928,216661994732.29,184503633814.38,0.04705007446370099,856,197187171062.63,164159419394.69,0.05178111541734021,0.004731040953639215,2026-07,2026-08
2025-10,Imobiliário,12,777646221.62,649923009.39,0.05213460434613957,11,763347985.5699999,622018407.73,0.05446129572535826,0.00232669137921869,2026-07,2026-08
2025-10,Industrial,34,69477133100.58,56542422318.51,0.008921678553995373,33,69505161231.76,56578206235.0,0.008371341642446824,-0.0005503369115485487,2026-07,2026-08
2025-10,Serviços,131,32870103024.08,27431099876.61,0.007783896173338106,95,30871058535.600002,26231383718.8,0.0047481664312940715,-0.0030357297420440348,2026-07,2026-08
2025-10,Setor público,103,22780616351.53,19172120993.63,0.22781008089825586,108,25020821714.53,21493426381.89,0.2032064295821195,-0.024603651316136343,2026-07,2026-08
2025-11,Agronegócio,28,4888133234.63,3437354126.76,0.040119831621767826,30,4904966964.49,3629680616.41,0.03799399544040281,-0.0021258361813650192,2026-07,2026-08
2025-11,Ações judiciais,153,26620884486.84,24532114119.85,0.010729505734975338,145,22905053772.72,20817781467.78,0.012643876560400336,0.0019143708254249978,2026-07,2026-08
2025-11,Cartão de crédito,37,86232017390.4,71308179230.3,0.009828077238749762,36,86212545603.03,71305267841.55,0.009828478518407959,4.0127965819647393e-07,2026-07,2026-08
2025-11,Comercial,211,53723244378.3,45579231511.7,0.05935728214758337,203,59158574214.56,49741415713.6,0.05691467064408383,-0.002442611503499545,2026-07,2026-08
2025-11,Factoring,1,90488078.53,77638676.5,0.16057246094348349,1,90488078.53,77638676.5,0.16057246094348349,0.0,2026-07,2026-08
2025-11,Financeiro,955,211470022671.25,179572350907.13,0.05408233803990585,879,198062646328.53,167275793477.56,0.05663743107032963,0.002555093030423783,2026-07,2026-08
2025-11,Imobiliário,12,745503145.58,637451451.41,0.05458513482561686,11,730473644.17,609559170.99,0.05706343611155452,0.0024783012859376577,2026-07,2026-08
2025-11,Industrial,37,64564923826.46001,62410111573.24,0.0061219956203991885,37,64655869801.76,62488355627.87,0.006152583920907777,3.0588300508588295e-05,2026-07,2026-08
2025-11,Serviços,138,31956161599.34,26672848689.07,0.006940272312790391,100,29810510662.88,25195927616.18,0.00525053242870274,-0.0016897398840876512,2026-07,2026-08
2025-11,Setor público,104,22579335375.920002,19665723037.72,0.2258939561616565,109,24868621222.43,22040006422.76,0.20155928709042983,-0.024334669071226667,2026-07,2026-08
2025-12,Agronegócio,29,5273455055.74,3849497369.68,0.03819611587427134,31,5290502509.64,4042517573.44,0.03637234592523469,-0.0018237699490366507,2026-07,2026-08
2025-12,Ações judiciais,157,26893411603.78,25574357575.64,0.0483109180219195,148,23075919040.31,21774913772.2,0.056740554990274514,0.008429636968355012,2026-07,2026-08
2025-12,Cartão de crédito,37,82072246214.20999,72017397054.31,0.010554441493446207,36,82052536392.95999,72017397054.31,0.010554441493446207,0.0,2026-07,2026-08
2025-12,Comercial,220,56700960694.63,47204473285.47,0.05949236176721463,212,62326945737.12,51225972584.02,0.0587783171369064,-0.0007140446303082332,2026-07,2026-08
2025-12,Factoring,1,89836817.39,70463144.27,0.28537268962834494,1,89836817.39,70463144.27,0.28537268962834494,0.0,2026-07,2026-08
2025-12,Financeiro,1019,217585503226.43,192366702550.67,0.049137550539705276,942,196092407614.93,174111221769.28,0.05264532181542168,0.003507771275716408,2026-07,2026-08
2025-12,Imobiliário,12,906472686.8,801856115.05,0.04682475623155753,11,890962724.99,775932364.25,0.04838364365209554,0.001558887420538009,2026-07,2026-08
2025-12,Industrial,38,64686090457.57,61662116248.62,0.006564468740059809,39,64922543649.6,61827166860.29,0.006804915421738712,0.00024044668167890262,2026-07,2026-08
2025-12,Serviços,143,33056075994.46,27839602244.84,0.00930536108388602,101,32708860758.54,26308824252.35,0.0054523223335298625,-0.003853038750356157,2026-07,2026-08
2025-12,Setor público,107,23647716944.93,19117738305.64,0.042116081322886675,112,25978863856.71,21535045504.6,0.037388554438764134,-0.004727526884122542,2026-07,2026-08
2026-01,Agronegócio,29,5392377222.16,3917957966.7,0.03265268020926571,31,5409589520.15,4111186321.23,0.031117983609588604,-0.0015346965996771086,2026-07,2026-08
2026-01,Ações judiciais,160,27295599524.84,24884468763.25,0.012359197608196502,151,23376713716.84,20987286442.66,0.01456754715647986,0.002208349548283358,2026-07,2026-08
2026-01,Cartão de crédito,38,83382162153.27,69880559568.75,0.010362768837841943,37,83362145084.22,69877774113.42,0.010363181916679372,4.1307883742909557e-07,2026-07,2026-08
2026-01,Comercial,229,60267504890.87,46765991044.63,0.055990777229998866,222,66164425296.45,50910204005.83,0.0568713597780602,0.0008805825480613372,2026-07,2026-08
2026-01,Factoring,1,91224942.48,64908979.68000001,0.19509782717940266,1,91224942.48,64908979.68000001,0.19509782717940266,0.0,2026-07,2026-08
2026-01,Financeiro,1056,218539539224.96,194762454078.36,0.05403864039177455,973,200658825469.63,180258537151.85,0.05680175225772887,0.002763111865954321,2026-07,2026-08
2026-01,Imobiliário,13,964108004.22,770263975.49,0.05126696242658783,13,948299347.74,754718228.7199999,0.05231161586882415,0.0010446534422363235,2026-07,2026-08
2026-01,Industrial,39,64548643558.96999,62138673367.329994,0.006004660288518041,39,64794378199.38,62278680696.28,0.006011199511205473,6.539222687431713e-06,2026-07,2026-08
2026-01,Serviços,151,33044139344.57,27700556633.72,0.008907660728002616,108,32562548934.63,26537766156.94,0.00426014933590914,-0.004647511392093476,2026-07,2026-08
2026-01,Setor público,111,24300327978.14,19421565182.49,0.029747383330406173,117,26703352314.46,21929499495.63,0.026345368460193506,-0.0034020148702126676,2026-07,2026-08
2026-02,Agronegócio,30,5819599251.92,4048695056.03,0.02741533308236824,32,5836924552.05,4242082500.54,0.02616552683637591,-0.0012498062459923298,2026-07,2026-08
2026-02,Ações judiciais,163,27672881003.49,25450653264.53,0.017773859424678847,154,23669358866.75,21487581370.6,0.021051989313647393,0.0032781298889685458,2026-07,2026-08
2026-02,Cartão de crédito,38,85626747913.14,70573859147.49,0.01082833033053966,37,85606438436.27,70571274492.85,0.010828726915331892,3.9658479223173004e-07,2026-07,2026-08
2026-02,Comercial,235,60830593068.89,47532703613.06,0.054620641276475895,225,66859580473.6,51659419277.56,0.049964038963194325,-0.00465660231328157,2026-07,2026-08
2026-02,Factoring,1,92304207.75,78970312.14,0.14661906640907446,1,92304207.75,78970312.14,0.14661906640907446,0.0,2026-07,2026-08
2026-02,Financeiro,1061,215064939981.32,192401024377.59,0.056911518878666564,978,197262399857.43,177825188701.39,0.05955034813280772,0.002638829254141155,2026-07,2026-08
2026-02,Imobiliário,13,938098625.55,754230066.13,0.05748206293665219,13,923839969.5899999,746827435.65,0.058047750525218676,0.0005656875885664894,2026-07,2026-08
2026-02,Industrial,40,64638476816.149994,63195820286.62,0.005761562693839891,40,64881968827.39,63334680218.75,0.005915442288584974,0.00015387959474508304,2026-07,2026-08
2026-02,Serviços,152,33269508500.88,28063595871.1,0.011528479673311326,111,32808030877.22,26936725538.53,0.005328484612381467,-0.006199995060929859,2026-07,2026-08
2026-02,Setor público,112,24613846914.68,20464971769.68,0.028465970138453266,118,27091410239.42,23030832443.44,0.025294581805093738,-0.003171388333359528,2026-07,2026-08
2026-03,Agronegócio,32,5984576751.88,4178247902.13,0.12522572789261002,33,5993499670.3,4366928325.05,0.11981514142529674,-0.00541058646731328,2026-07,2026-08
2026-03,Ações judiciais,165,25646011966.34,23256018321.16,0.01577558400124705,156,21760456702.12,19392475897.97,0.018918536884627746,0.003142952883380696,2026-07,2026-08
2026-03,Cartão de crédito,38,89598961067.54001,73111627655.85,0.010600401156271996,37,89578863222.07,73111627655.85,0.010600401156271996,0.0,2026-07,2026-08
2026-03,Comercial,247,64233786855.5,50034056880.63,0.05402380977418686,238,69647452365.96,54173469590.979996,0.048391593890388225,-0.005632215883798634,2026-07,2026-08
2026-03,Factoring,1,93693715.11,74822756.59,0.17410729146727363,1,93693715.11,74822756.59,0.17410729146727363,0.0,2026-07,2026-08
2026-03,Financeiro,1085,223562242526.9,201077621446.54,0.05753427684480435,1003,203717701897.7,184524964751.29,0.06011279116113449,0.0025785143163301466,2026-07,2026-08
2026-03,Imobiliário,13,935344635.55,748897530.98,0.06159754399194562,13,919843389.23,740267201.87,0.062309888082952354,0.0007123440910067336,2026-07,2026-08
2026-03,Industrial,43,64549298176.1,60107803988.939995,0.006216626597916568,42,64755416594.78,60282681574.82,0.00664410681089042,0.00042748021297385214,2026-07,2026-08
2026-03,Serviços,156,33281252299.11,28261721479.88,0.011872459488671768,115,32966681630.16,27078953855.54,0.008111076611073164,-0.0037613828775986038,2026-07,2026-08
2026-03,Setor público,114,24559935708.78,20674821797.61,0.03168891744719834,119,26917240055.46,23085328934.49,0.028621469959340517,-0.003067447487857821,2026-07,2026-08
2026-04,Agronegócio,32,6010326096.64,4086462786.23,0.06544187727125148,33,6019370478.14,4274728996.97,0.06229428651237347,-0.0031475907588780078,2026-07,2026-08
2026-04,Ações judiciais,165,25980506317.38,23418097164.56,0.016270556926231756,156,22122790515.18,19602905619.79,0.0194371941797923,0.003166637253560544,2026-07,2026-08
2026-04,Cartão de crédito,38,92270332824.74,74562748327.68001,0.01136021498305675,37,92249923549.66,74562748327.68001,0.01136021498305675,0.0,2026-07,2026-08
2026-04,Comercial,250,70119726455.02,53327153224.840004,0.04995006013707929,241,75890774967.18001,57330500543.79,0.04479020667696136,-0.005159853460117929,2026-07,2026-08
2026-04,Factoring,1,94973336.29,76016105.76,0.16971997303746122,1,94973336.29,76016105.76,0.16971997303746122,0.0,2026-07,2026-08
2026-04,Financeiro,1124,237550633942.02,210696765099.71,0.05486057334819475,1040,222861830953.63998,199273711151.52,0.05884723624158064,0.003986662893385895,2026-07,2026-08
2026-04,Imobiliário,13,920521387.0,723557388.73,0.0673409889926258,13,906311100.53,713981467.38,0.06823816900848141,0.0008971800158556059,2026-07,2026-08
2026-04,Industrial,47,64460216542.05,63240939395.66,0.006314575062548885,45,64632451152.54,63347185129.82,0.006103405773873865,-0.00021116928867501942,2026-07,2026-08
2026-04,Serviços,160,33600627222.43,28853212360.51,0.012166605924283817,117,33045630246.19,27832165016.66,0.007423142187333628,-0.004743463736950188,2026-07,2026-08
2026-04,Setor público,116,25855859009.14,21358738051.49,0.031202404269549455,121,28169637518.62,23757673510.96,0.028051735750243095,-0.0031506685193063606,2026-07,2026-08
2026-05,Agronegócio,33,6039848124.22,3710652901.83,0.0956775184887032,34,6049649122.35,3899141643.0099998,0.09076967750183687,-0.004907840986866335,2026-07,2026-08
2026-05,Ações judiciais,165,23475458381.46,20842747915.85,0.026441320708048537,157,22367685383.33,19781571626.45,0.027859757176376697,0.0014184364683281596,2026-07,2026-08
2026-05,Cartão de crédito,38,94555122356.43,76031096968.0,0.011456154847359323,37,94534465142.24,76029449072.95,0.011456403152997405,2.4830563808211914e-07,2026-07,2026-08
2026-05,Comercial,259,76739777492.35,63621356713.02,0.043133684423274796,248,82685142518.74,68119588212.02,0.0388538531696963,-0.004279831253578496,2026-07,2026-08
2026-05,Factoring,1,93060004.37,77208706.31,0.15492860729944277,1,93060004.37,77208706.31,0.15492860729944277,0.0,2026-07,2026-08
2026-05,Financeiro,1149,243088326336.21,216108937097.32,0.060632550220675235,1065,227909273377.33,203983579546.79,0.06318384796548601,0.0025512977448107765,2026-07,2026-08
2026-05,Imobiliário,13,914506716.12,708132459.6,0.07250012812433433,13,899072386.27,698012746.4499999,0.07354509240853421,0.0010449642841998813,2026-07,2026-08
2026-05,Industrial,49,64252693765.340004,60451795926.97,0.00975592990161079,46,64483270317.43,60643481747.899994,0.009278938214484788,-0.00047699168712600146,2026-07,2026-08
2026-05,Serviços,164,33764961056.02,29241602842.71,0.014465642283198389,118,32751499258.65,28108220457.65,0.009265288680312758,-0.005200353602885632,2026-07,2026-08
2026-05,Setor público,116,23254380267.18,19061080318.5,0.03655418527163686,120,22837622969.66,18707251313.67,0.03724557123637148,0.0006913859647346213,2026-07,2026-08
2026-06,Agronegócio,34,6293149559.15,4047157906.41,0.10481701569343835,36,6466188261.36,4396978734.81,0.0962271612301266,-0.008589854463311744,2026-07,2026-08
2026-06,Ações judiciais,168,24664064269.56,21961673880.71,0.02465345382692187,159,22417612396.59,19740567681.96,0.027420118415574183,0.002766664588652313,2026-07,2026-08
2026-06,Cartão de crédito,38,95226602889.31999,74858736009.13,0.011995094703048215,37,95205881156.65,74857317092.6,0.011995322069440895,2.2736639268029768e-07,2026-07,2026-08
2026-06,Comercial,268,89642826788.21,76199539800.75,0.036751694089528296,255,95682584333.64,81183346907.73,0.032015971498614286,-0.00473572259091401,2026-07,2026-08
2026-06,Factoring,1,103640698.41,82562643.94999999,0.13913905066990048,1,103640698.41,82562643.94999999,0.13913905066990048,0.0,2026-07,2026-08
2026-06,Financeiro,1188,251814582780.57,224427269204.18,0.0646352499068764,1100,236871431066.0,212312532333.93,0.07259717492563099,0.00796192501875459,2026-07,2026-08
2026-06,Imobiliário,14,917761134.6999999,698023604.2099999,0.0730716115649507,14,901781182.3199999,687318287.17,0.0742035073299096,0.0011318957649588957,2026-07,2026-08
2026-06,Industrial,51,65524323185.19,61883771420.17,0.010584628366985857,48,65783542297.450005,62159577309.36,0.010638513505953708,5.388513896785116e-05,2026-07,2026-08
2026-06,Serviços,168,34807580279.13,29656735731.25,0.014203636191360614,121,33477431053.77,28532351634.19,0.011356273592315082,-0.002847362599045531,2026-07,2026-08
2026-06,Setor público,118,23863564358.27,19599283454.26,0.0348051500128557,123,24609197687.07,20442665916.45,0.035948564388006074,0.0011434143751503714,2026-07,2026-08
2026-07,Agronegócio,35,6506982650.61,4231023960.52,0.07073718296391228,37,6679023252.18,4578726379.82,0.06512476595767282,-0.005612417006239462,2026-07,2026-08
2026-07,Ações judiciais,170,24788818045.04,21950469796.99,0.017587861868584673,159,22233870072.68,19603522487.53,0.019686228402853993,0.0020983665342693206,2026-07,2026-08
2026-07,Cartão de crédito,39,97017510080.58,75006297587.14,0.012056186896832547,37,96795829831.56999,74896914225.18001,0.012065277927781386,9.091030948838244e-06,2026-07,2026-08
2026-07,Comercial,274,94274564977.75,80169889273.25,0.030699732276432343,262,100580309533.04,85280007096.77,0.026875576218693912,-0.003824156057738431,2026-07,2026-08
2026-07,Factoring,1,117980261.08,114275067.78,0.09855570920931113,1,117980261.08,114275067.78,0.09855570920931113,0.0,2026-07,2026-08
2026-07,Financeiro,1234,257030708190.69,229950910557.29,0.06414494815659856,1144,241297717614.71,216501866692.15,0.06321311417462352,-0.000931833981975036,2026-07,2026-08
2026-07,Imobiliário,15,1016625378.82,700658546.72,0.07686527914648028,15,999826177.95,694805941.33,0.07750658056682165,0.0006413014203413697,2026-07,2026-08
2026-07,Industrial,53,66283290711.060005,63975434878.16,0.00901119452642915,51,66546800382.200005,64240577292.83,0.009027231516095439,1.603698966628868e-05,2026-07,2026-08
2026-07,Serviços,174,35442606187.82,30544501009.1,0.014379788462386207,123,33738259717.57,29162303752.41,0.01046204139941401,-0.003917747062972196,2026-07,2026-08
2026-07,Setor público,118,24237316682.09,19839300389.29,0.03457702555380027,125,25189867626.91,20795527743.27,0.0329870924652058,-0.0015899330885944668,2026-07,2026-08
2026-08,Agronegócio,,,,,37,6840908152.16,4733557525.11,0.0616588590107432,,2026-07,2026-08
2026-08,Ações judiciais,,,,,161,22167783851.82,20291302354.95,0.01896767585675002,,2026-07,2026-08
2026-08,Cartão de crédito,,,,,38,93875557493.45,80463985020.69,0.012283078444919961,,2026-07,2026-08
2026-08,Comercial,,,,,268,103124131712.81,88621508423.38,0.027749712354379327,,2026-07,2026-08
2026-08,Factoring,,,,,1,123712597.71,120888195.65,0.13328281370539258,,2026-07,2026-08
2026-08,Financeiro,,,,,1187,251728263957.17,226417824219.05,0.06504766685179922,,2026-07,2026-08
2026-08,Imobiliário,,,,,16,1029125603.52,701755582.81,0.0662529246776054,,2026-07,2026-08
2026-08,Industrial,,,,,55,63391493341.810005,61393489734.689995,0.008825523132525935,,2026-07,2026-08
2026-08,Serviços,,,,,125,32303069937.96,27887190905.48,0.015489786419295317,,2026-07,2026-08
2026-08,Setor público,,,,,126,25823393477.12,21208560326.9,0.03416734103780248,,2026-07,2026-08
