competencia,tipo_recebivel_tabela_ii,fundos_presentes,fundos_incluidos,pl_presente_brl,pl_incluido_brl,carteira_incluida_brl,inadimplencia_ajustada_brl,inadimplencia_sobre_pl,inadimplencia_sobre_carteira,fundos_inad_supera_carteira_excluidos,fundos_campos_ausentes_excluidos,fundos_coorte,pl_coorte_referencia_brl,cobertura_fundos_coorte,cobertura_pl_referencia_coorte,fundos_inadimplencia_positiva,pl_inadimplencia_positiva_brl,carteira_inadimplencia_positiva_brl,inadimplencia_positiva_brl,inadimplencia_sobre_pl_ex_zeros,inadimplencia_sobre_carteira_ex_zeros,variacao_inadimplencia_sobre_pl_pp,variacao_inadimplencia_sobre_carteira_pp
2013-01,Financeiro,20,19,1134702262.08,1118696425.08,1011399648.19,37242830.9,0.03329127551054496,0.03682306095977959,1,0,1187,251728263957.17,0.016006739679865205,0.020890244726411527,7,621883914.02,563020678.44,37242830.9,0.05988711085844593,0.06614824699368282,0.02659583534790097,0.029325186033903237
2013-01,Comercial,4,4,2251599080.84,2251599080.84,1722983345.99,67727.84,3.0079884370326216e-05,3.9308470483842434e-05,0,0,268,103124131712.81,0.014925373134328358,0.035218829841442895,2,1855271330.24,1473662540.06,67727.84,3.6505625293761556e-05,4.5958852965918826e-05,6.425740923435341e-06,6.650382482076392e-06
2013-01,Industrial,1,1,13522628297.25,13522628297.25,13283643518.22,0.0,0.0,0.0,0,0,55,63391493341.810005,0.01818181818181818,0.9278109633809214,0,0.0,0.0,0.0,,,,
2013-01,Serviços,5,5,1942536347.84,1942536347.84,1803808470.77,560323.15,0.0002884492486449741,0.0003106333954407101,0,0,125,32303069937.96,0.04,0.1907904735226912,2,196847667.76,132191915.39,560323.15,0.0028464810194406545,0.004238709669550541,0.0025580317707956804,0.003928076274109831
2013-01,Setor público,3,3,786131063.34,786131063.34,774246636.93,0.0,0.0,0.0,0,0,126,25823393477.12,0.023809523809523808,0.0514986505347676,0,0.0,0.0,0.0,,,,
2013-01,Ações judiciais,8,7,633894537.96,632149542.69,468366759.06,0.0,0.0,0.0,1,0,161,22167783851.82,0.043478260869565216,0.0434273096988431,0,0.0,0.0,0.0,,,,
2013-01,Agronegócio,1,0,3678506.96,0.0,0.0,0.0,,,1,0,37,6840908152.16,0.0,0.0,0,0.0,0.0,0.0,,,,
2013-02,Financeiro,20,19,1150439718.66,1134241199.48,1020639926.15,39962839.85,0.03523310550553199,0.03915468994118774,1,0,1187,251728263957.17,0.016006739679865205,0.020890244726411527,7,630116518.51,564222878.41,39962839.85,0.06342134934741564,0.07082810956304483,0.028188243841883648,0.031673419621857095
2013-02,Comercial,4,4,2303696618.83,2303696618.83,1920102768.1000001,622535.81,0.00027023341741768634,0.00032422004714675667,0,0,268,103124131712.81,0.014925373134328358,0.035218829841442895,2,1903865321.1399999,1608538088.7700002,622535.81,0.00032698521428355917,0.00038701962629684083,5.6751796865872834e-05,6.279957915008417e-05
2013-02,Industrial,1,1,14819509144.02,14819509144.02,13969583056.47,0.0,0.0,0.0,0,0,55,63391493341.810005,0.01818181818181818,0.9278109633809214,0,0.0,0.0,0.0,,,,
2013-02,Serviços,5,5,1776322163.54,1776322163.54,1543801438.29,486192.88,0.00027370760213399304,0.00031493226262215056,0,0,125,32303069937.96,0.04,0.1907904735226912,1,179563241.52,131001450.12,486192.88,0.0027076414743038993,0.0037113549472516326,0.0024339338721699063,0.003396422684629482
2013-02,Setor público,3,3,792979308.58,792979308.58,934594666.94,0.0,0.0,0.0,0,0,126,25823393477.12,0.023809523809523808,0.0514986505347676,0,0.0,0.0,0.0,,,,
2013-02,Ações judiciais,8,7,633653967.4,631955371.53,471650206.38,0.0,0.0,0.0,1,0,161,22167783851.82,0.043478260869565216,0.0434273096988431,0,0.0,0.0,0.0,,,,
2013-02,Agronegócio,1,0,3861528.14,0.0,0.0,0.0,,,1,0,37,6840908152.16,0.0,0.0,0,0.0,0.0,0.0,,,,
2013-03,Financeiro,20,19,1169602619.8,1157317487.31,1044489501.41,36494205.0,0.03153344298358868,0.03493975281774968,1,0,1187,251728263957.17,0.016006739679865205,0.020890244726411527,7,647138556.05,581489803.16,36494205.0,0.05639318606320274,0.06275983654688168,0.024859743079614062,0.027820083729132
2013-03,Comercial,4,4,2297774058.14,2297774058.14,1974777692.74,747738.65,0.0003254187013518983,0.000378644468564213,0,0,268,103124131712.81,0.014925373134328358,0.035218829841442895,2,1892421777.24,1638757072.21,747738.65,0.0003951226195941047,0.00045628401102282496,6.97039182422064e-05,7.763954245861194e-05
2013-03,Industrial,1,1,14752849144.17,14752849144.17,14600962383.2,0.0,0.0,0.0,0,0,55,63391493341.810005,0.01818181818181818,0.9278109633809214,0,0.0,0.0,0.0,,,,
2013-03,Serviços,5,5,2113194747.6200001,2113194747.6200001,1930006856.3700001,617639.0800000001,0.00029227740637516737,0.0003200191118293069,0,0,125,32303069937.96,0.04,0.1907904735226912,2,780924496.4,739533353.21,617639.0800000001,0.0007909075497660366,0.0008351740693223521,0.0004986301433908692,0.0005151549574930452
2013-03,Setor público,4,4,989512555.13,989512555.13,975387101.15,0.0,0.0,0.0,0,0,126,25823393477.12,0.031746031746031744,0.07241962429867944,0,0.0,0.0,0.0,,,,
2013-03,Ações judiciais,8,7,698054453.6700001,692956978.04,582163164.61,0.0,0.0,0.0,1,0,161,22167783851.82,0.043478260869565216,0.0434273096988431,0,0.0,0.0,0.0,,,,
2013-03,Agronegócio,1,0,3410030.11,0.0,0.0,0.0,,,1,0,37,6840908152.16,0.0,0.0,0,0.0,0.0,0.0,,,,
2013-04,Financeiro,20,19,1183160847.96,1166277809.71,1065094846.7800001,37979367.69,0.03256459770888012,0.03565820246414618,1,0,1187,251728263957.17,0.016006739679865205,0.020890244726411527,7,654882816.89,600435117.49,37979367.69,0.057994142937452205,0.06325307528441244,0.025429545228572083,0.027594872820266264
2013-04,Comercial,4,4,2349589768.14,2349589768.14,2106720413.28,1765626.32,0.0007514615291322615,0.0008380923775504966,0,0,268,103124131712.81,0.014925373134328358,0.035218829841442895,2,1939811112.07,1738251094.02,1765626.32,0.0009102052818513217,0.0010157487178199844,0.00015874375271906019,0.0001776563402694877
2013-04,Industrial,1,1,16108752360.9,16108752360.9,14877467889.07,0.0,0.0,0.0,0,0,55,63391493341.810005,0.01818181818181818,0.9278109633809214,0,0.0,0.0,0.0,,,,
2013-04,Serviços,5,5,2073198598.52,2073198598.52,1845575967.32,440693.89,0.00021256713674927205,0.00023878393401488695,0,0,125,32303069937.96,0.04,0.1907904735226912,1,160814626.84,133387334.16,440693.89,0.0027403843708723183,0.0033038660887500866,0.0025278172341230464,0.0030650821547351997
2013-04,Setor público,4,4,1000311137.08,1000311137.08,983408832.5699999,0.0,0.0,0.0,0,0,126,25823393477.12,0.031746031746031744,0.07241962429867944,0,0.0,0.0,0.0,,,,
2013-04,Ações judiciais,8,7,969773584.9300001,964292098.15,854758723.8100001,4245654.58,0.004402871897576796,0.004967079553251503,1,0,161,22167783851.82,0.043478260869565216,0.0434273096988431,1,43063738.5,48148254.31,4245654.58,0.09859001396267535,0.0881787853130578,0.09418714206509855,0.0832117057598063
2013-04,Agronegócio,1,0,3757611.16,0.0,0.0,0.0,,,1,0,37,6840908152.16,0.0,0.0,0,0.0,0.0,0.0,,,,
2013-05,Financeiro,20,19,1142040603.65,1125157565.4,1019691073.25,40452250.99,0.03595252099257671,0.03967108475419813,1,0,1187,251728263957.17,0.016006739679865205,0.020890244726411527,7,613644029.84,555740924.39,40452250.99,0.06592136323814218,0.0727897644651629,0.029968842245565473,0.03311867971096477
2013-05,Comercial,4,4,2390892427.35,2390892427.35,2161365768.7000003,5094167.96,0.002130655441343397,0.0023569208108001065,0,0,268,103124131712.81,0.014925373134328358,0.035218829841442895,2,1969081974.24,1803928792.07,5094167.96,0.002587077646661297,0.0028239296264873435,0.0004564222053179,0.00046700881568723703
2013-05,Industrial,1,1,28981286369.03,28981286369.03,19959028924.48,0.0,0.0,0.0,0,0,55,63391493341.810005,0.01818181818181818,0.9278109633809214,0,0.0,0.0,0.0,,,,
2013-05,Serviços,5,5,1698813455.76,1698813455.76,1791716597.84,530494.47,0.0003122735272676964,0.00029608168537342144,0,0,125,32303069937.96,0.04,0.1907904735226912,2,164879628.93,134559928.17,530494.47,0.003217465210485296,0.003942440199059747,0.0029051916832175994,0.003646358513686326
2013-05,Setor público,4,4,1010141519.53,1010141519.53,990645264.11,0.0,0.0,0.0,0,0,126,25823393477.12,0.031746031746031744,0.07241962429867944,0,0.0,0.0,0.0,,,,
2013-05,Ações judiciais,8,7,1071305764.73,1065145695.06,939556715.29,0.0,0.0,0.0,1,0,161,22167783851.82,0.043478260869565216,0.0434273096988431,0,0.0,0.0,0.0,,,,
2013-05,Agronegócio,1,0,3650670.33,0.0,0.0,0.0,,,1,0,37,6840908152.16,0.0,0.0,0,0.0,0.0,0.0,,,,
2013-06,Financeiro,20,20,1145558022.3500001,1145558022.3500001,1024682858.8199999,45389839.75,0.03962247120131653,0.04429647608458079,0,0,1187,251728263957.17,0.016849199663016005,0.021159352229101515,7,619395399.6700001,559919000.9499999,45389839.75,0.07328087966779005,0.08106501060508439,0.03365840846647352,0.036768534520503604
2013-06,Comercial,4,4,2456677692.46,2456677692.46,2227042260.7799997,5316099.12,0.0021639383694149602,0.0023870670142281396,0,0,268,103124131712.81,0.014925373134328358,0.035218829841442895,2,1980235065.76,1831703002.1299999,5316099.12,0.002684579831919964,0.002902271336465662,0.000520641462505004,0.0005152043222375223
2013-06,Industrial,1,1,38991710733.28,38991710733.28,22379884435.82,0.0,0.0,0.0,0,0,55,63391493341.810005,0.01818181818181818,0.9278109633809214,0,0.0,0.0,0.0,,,,
2013-06,Serviços,5,5,2095280814.16,2095280814.16,1873328912.3799999,1172127.34,0.0005594130066379227,0.0006256922274854834,0,0,125,32303069937.96,0.04,0.1907904735226912,2,175923722.14,143993476.07,1172127.34,0.0066627020264340584,0.008140141984142325,0.006103289019796136,0.007514449756656842
2013-06,Setor público,4,4,1023489793.62,1023489793.62,1012900087.09,0.0,0.0,0.0,0,0,126,25823393477.12,0.031746031746031744,0.07241962429867944,0,0.0,0.0,0.0,,,,
2013-06,Ações judiciais,8,7,1080216853.65,1073805312.52,947781773.7199999,0.0,0.0,0.0,1,0,161,22167783851.82,0.043478260869565216,0.0434273096988431,0,0.0,0.0,0.0,,,,
2013-06,Agronegócio,1,0,3504087.33,0.0,0.0,0.0,,,1,0,37,6840908152.16,0.0,0.0,0,0.0,0.0,0.0,,,,
2013-07,Financeiro,20,19,1170832220.73,1155993297.53,1040124247.26,45018575.0,0.0389436297737978,0.043281920519199955,1,0,1187,251728263957.17,0.016006739679865205,0.020890244726411527,7,626387100.31,569882093.0500001,45018575.0,0.07187021408601843,0.07899629686390265,0.03292658431222063,0.035714376344702696
2013-07,Comercial,4,4,2489399477.88,2489399477.88,2222209096.4100003,7338958.89,0.0029480840480652537,0.0033025510073989694,0,0,268,103124131712.81,0.014925373134328358,0.035218829841442895,2,2007495999.6100001,1789010194.9,7338958.89,0.0036557775913006814,0.004102245426505367,0.0007076935432354277,0.0007996944191063973
2013-07,Industrial,1,1,36157370563.9,36157370563.9,29452017864.13,0.0,0.0,0.0,0,0,55,63391493341.810005,0.01818181818181818,0.9278109633809214,0,0.0,0.0,0.0,,,,
2013-07,Serviços,5,5,1739892130.8,1739892130.8,1684074493.32,543362.7,0.00031229677425471345,0.00032264766324487803,0,0,125,32303069937.96,0.04,0.1907904735226912,1,160776133.82,138289864.72,543362.7,0.0033796228774124653,0.003929157795476654,0.003067326103157752,0.003606510132231776
2013-07,Setor público,4,4,1034439231.48,1034439231.48,1019320871.36,0.0,0.0,0.0,0,0,126,25823393477.12,0.031746031746031744,0.07241962429867944,0,0.0,0.0,0.0,,,,
2013-07,Ações judiciais,8,7,1108160544.1899998,1100700775.1699998,986881054.37,11414009.5,0.010369766023138433,0.011565739811761223,1,0,161,22167783851.82,0.043478260869565216,0.0434273096988431,2,178710257.92,177696880.10999998,11414009.5,0.06386879876313259,0.06423303263925831,0.05349903273999416,0.05266729282749709
2013-07,Agronegócio,1,0,7063431.07,0.0,0.0,0.0,,,1,0,37,6840908152.16,0.0,0.0,0,0.0,0.0,0.0,,,,
2013-08,Financeiro,20,19,1173995175.57,1157547421.69,1029022760.09,50503751.1,0.04362996293168306,0.04907933338188055,1,0,1187,251728263957.17,0.016006739679865205,0.020890244726411527,7,629424536.53,572101607.73,50503751.1,0.0802379763878062,0.08827758988545781,0.03660801345612315,0.03919825650357726
2013-08,Comercial,5,5,2544969688.91,2544969688.91,2270904458.92,487865.95,0.0001916981377522618,0.0002148333225044703,0,0,268,103124131712.81,0.018656716417910446,0.0376126609561376,2,2017468524.1399999,1852560684.72,487865.95,0.0002418208483366381,0.00026334681180699735,5.01227105843763e-05,4.8513489302527045e-05
2013-08,Industrial,1,1,30290251895.82,30290251895.82,29811199483.12,0.0,0.0,0.0,0,0,55,63391493341.810005,0.01818181818181818,0.9278109633809214,0,0.0,0.0,0.0,,,,
2013-08,Serviços,5,5,1798822916.82,1798822916.82,1707025175.3600001,448771.76,0.00024948078868894386,0.00026289697801636525,0,0,125,32303069937.96,0.04,0.1907904735226912,1,158989519.02,145290320.1,448771.76,0.002822649963130884,0.003088793249895249,0.00257316917444194,0.0028258962718788836
2013-08,Setor público,4,4,1044109466.17,1044109466.17,1025973458.08,0.0,0.0,0.0,0,0,126,25823393477.12,0.031746031746031744,0.07241962429867944,0,0.0,0.0,0.0,,,,
2013-08,Ações judiciais,8,7,1114707403.19,1107166189.62,991505982.42,12964165.3,0.011709321890013228,0.013075226503785639,1,0,161,22167783851.82,0.043478260869565216,0.0434273096988431,1,44589179.91,44621714.62,12964165.3,0.29074688806044924,0.29053489787210696,0.279037566170436,0.27745967136832134
2013-08,Agronegócio,1,0,6790044.41,0.0,0.0,0.0,,,1,0,37,6840908152.16,0.0,0.0,0,0.0,0.0,0.0,,,,
2013-09,Financeiro,20,19,1160163248.68,1143447284.57,1024099425.27,34700416.800000004,0.03034719419798115,0.033883835830540936,1,0,1187,251728263957.17,0.016006739679865205,0.020890244726411527,6,268300292.01000002,229327104.37,34700416.800000004,0.1293342490984194,0.15131406684494564,0.09898705490043824,0.1174302310144047
2013-09,Comercial,5,5,2727371202.2000003,2727371202.2000003,2509704859.7599998,2893168.79,0.001060790253877529,0.0011527924404133602,0,0,268,103124131712.81,0.018656716417910446,0.0376126609561376,2,2227020865.78,2063164632.02,2893168.79,0.001299120647882518,0.0014022966200071783,0.00023833039400498893,0.0002495041795938181
2013-09,Industrial,1,1,27924448063.43,27924448063.43,27718741098.52,0.0,0.0,0.0,0,0,55,63391493341.810005,0.01818181818181818,0.9278109633809214,0,0.0,0.0,0.0,,,,
2013-09,Serviços,5,5,2075924264.68,2075924264.68,2125690674.12,440876.27,0.00021237589323518037,0.00020740377486132378,0,0,125,32303069937.96,0.04,0.1907904735226912,1,156783733.82,146175359.4,440876.27,0.002812002618244572,0.0030160778930843524,0.0025996267250093918,0.0028086741182230287
2013-09,Setor público,4,4,1051828264.1700001,1051828264.1700001,1030653810.67,0.0,0.0,0.0,0,0,126,25823393477.12,0.031746031746031744,0.07241962429867944,0,0.0,0.0,0.0,,,,
2013-09,Ações judiciais,8,7,1128304389.4,1120977415.96,1108374372.74,7771570.17,0.006932851687600202,0.007011683381661006,1,0,161,22167783851.82,0.043478260869565216,0.0434273096988431,2,188294757.3,179782332.02,7771570.17,0.041273428328214,0.04322766360120107,0.034340576640613796,0.03621598021954006
2013-09,Agronegócio,1,0,6614862.61,0.0,0.0,0.0,,,1,0,37,6840908152.16,0.0,0.0,0,0.0,0.0,0.0,,,,
2013-09,Imobiliário,1,1,1151877.33,1151877.33,1154544.0,0.0,0.0,0.0,0,0,16,1029125603.52,0.0625,0.09515013092189285,0,0.0,0.0,0.0,,,,
2013-10,Financeiro,20,19,1165649455.69,1148755526.38,1054242191.1899999,47563574.629999995,0.04140443596374596,0.045116364178435626,1,0,1187,251728263957.17,0.016006739679865205,0.020890244726411527,8,662204222.59,593812637.73,47563574.629999995,0.07182614215894047,0.0800986230468652,0.030421706195194506,0.034982258868429573
2013-10,Comercial,5,5,2582648736.46,2582648736.46,2289462177.92,1881969.87,0.0007286975744830052,0.0008220139595010865,0,0,268,103124131712.81,0.018656716417910446,0.0376126609561376,2,2077455365.6299999,1897447441.53,1881969.87,0.0009059014702004355,0.000991842951118836,0.00017720389571743037,0.00016982899161774952
2013-10,Industrial,1,1,24995613715.16,24995613715.16,24279019210.05,0.0,0.0,0.0,0,0,55,63391493341.810005,0.01818181818181818,0.9278109633809214,0,0.0,0.0,0.0,,,,
2013-10,Serviços,5,5,2047537465.75,2047537465.75,1919222049.69,474966.0,0.00023196938173046956,0.0002474783989047637,0,0,125,32303069937.96,0.04,0.1907904735226912,1,155073232.05,142678181.9,474966.0,0.0030628496854109384,0.003328932242302423,0.002830880303680469,0.0030814538433976595
2013-10,Setor público,4,4,1061891987.58,1061891987.58,1037844031.56,0.0,0.0,0.0,0,0,126,25823393477.12,0.031746031746031744,0.07241962429867944,0,0.0,0.0,0.0,,,,
2013-10,Ações judiciais,8,7,1109282510.53,1102171806.27,1088745261.72,7616031.3,0.006910021882862692,0.006995237148465925,1,0,161,22167783851.82,0.043478260869565216,0.0434273096988431,1,46328397.93,36698671.12,7616031.3,0.1643922872426424,0.20752880329362727,0.15748226535977972,0.20053356614516135
2013-10,Agronegócio,1,0,6570898.62,0.0,0.0,0.0,,,1,0,37,6840908152.16,0.0,0.0,0,0.0,0.0,0.0,,,,
2013-10,Imobiliário,1,1,6149817.25,6149817.25,1166543.51,0.0,0.0,0.0,0,0,16,1029125603.52,0.0625,0.09515013092189285,0,0.0,0.0,0.0,,,,
2013-11,Financeiro,20,19,1132312447.19,1115267204.45,1022189991.12,47059723.260000005,0.04219591777847333,0.04603813739991456,1,0,1187,251728263957.17,0.016006739679865205,0.020890244726411527,8,636319911.56,565413394.1999999,47059723.260000005,0.07395607524622093,0.08323064812885186,0.0317601574677476,0.037192510728937304
2013-11,Comercial,5,5,2621424467.24,2621424467.24,2240072034.29,2219260.98,0.0008465858954679618,0.0009907096495240181,0,0,268,103124131712.81,0.018656716417910446,0.0376126609561376,2,2181613694.0899997,1889038827.51,2219260.98,0.0010172566233939524,0.0011748096162349801,0.00017067072792599058,0.000184099966710962
2013-11,Industrial,1,1,28715571951.4,28715571951.4,28082471777.57,0.0,0.0,0.0,0,0,55,63391493341.810005,0.01818181818181818,0.9278109633809214,0,0.0,0.0,0.0,,,,
2013-11,Serviços,5,5,2115441338.59,2115441338.59,2064331017.71,517322.52,0.0002445459065978212,0.0002506005652978442,0,0,125,32303069937.96,0.04,0.1907904735226912,1,152753757.49,136216088.47,517322.52,0.003386643500627907,0.003797807775943693,0.003142097594030086,0.0035472072106458486
2013-11,Setor público,4,4,1066526842.88,1066526842.88,1042733137.9300001,0.0,0.0,0.0,0,0,126,25823393477.12,0.031746031746031744,0.07241962429867944,0,0.0,0.0,0.0,,,,
2013-11,Ações judiciais,7,5,1037617210.78,1025542083.36,951020247.88,17067705.39,0.016642618247396344,0.017946731868272073,2,0,161,22167783851.82,0.031055900621118012,0.02827024381819512,1,46635781.96,43677039.9,17067705.39,0.3659787543530234,0.3907706527062518,0.3493361361056271,0.3728239208379797
2013-11,Agronegócio,1,0,6404801.41,0.0,0.0,0.0,,,1,0,37,6840908152.16,0.0,0.0,0,0.0,0.0,0.0,,,,
2013-11,Imobiliário,1,1,6947613.59,6947613.59,1448454.66,18288.17,0.0026322952137584265,0.012625987202112353,0,0,16,1029125603.52,0.0625,0.09515013092189285,1,6947613.59,1448454.66,18288.17,0.0026322952137584265,0.012625987202112353,0.0,0.0
2013-12,Financeiro,19,18,967018434.38,954614064.74,895615869.84,61079007.63,0.06398293287940982,0.0681977728252087,1,0,1187,251728263957.17,0.015164279696714406,0.020756914551951222,8,661358575.02,621933621.35,61079007.63,0.09235384545842311,0.09820824205872465,0.028370912579013294,0.030010469233515955
2013-12,Comercial,5,5,2638461323.7599998,2638461323.7599998,2188355638.29,1840435.5499999998,0.0006975412273154889,0.0008410130043753455,0,0,268,103124131712.81,0.018656716417910446,0.0376126609561376,2,2212981615.47,1856733728.02,1840435.5499999998,0.0008316542429156704,0.0009912221242205901,0.00013411301560018146,0.00015020911984524462
2013-12,Industrial,1,1,28059309820.44,28059309820.44,25652889692.28,0.0,0.0,0.0,0,0,55,63391493341.810005,0.01818181818181818,0.9278109633809214,0,0.0,0.0,0.0,,,,
2013-12,Serviços,6,6,2921887008.2599998,2921887008.2599998,2710709130.2400002,1230251.92,0.00042104705504427493,0.0004538487387951787,0,0,125,32303069937.96,0.048,0.1910475872538614,2,275844509.63,192999871.02,1230251.92,0.004459947097189574,0.006374366539719151,0.004038900042145299,0.005920517800923972
2013-12,Setor público,4,4,1086013273.6,1086013273.6,1067362376.83,0.0,0.0,0.0,0,0,126,25823393477.12,0.031746031746031744,0.07241962429867944,0,0.0,0.0,0.0,,,,
2013-12,Ações judiciais,8,6,1170759835.28,1161575581.03,981912896.85,28014578.31,0.024117740392888363,0.02853061447697798,2,0,161,22167783851.82,0.037267080745341616,0.04148281304107453,2,206955353.98000002,204538370.92000002,28014578.31,0.13536532286430872,0.13696490386616597,0.11124758247142036,0.10843428938918799
2013-12,Agronegócio,1,0,3642075.29,0.0,0.0,0.0,,,1,0,37,6840908152.16,0.0,0.0,0,0.0,0.0,0.0,,,,
2013-12,Imobiliário,1,1,9507341.58,9507341.58,1515189.17,40970.89,0.004309394971796101,0.027040115393644214,0,0,16,1029125603.52,0.0625,0.09515013092189285,1,9507341.58,1515189.17,40970.89,0.004309394971796101,0.027040115393644214,0.0,0.0
2014-01,Financeiro,20,19,1177357631.64,1162473800.97,1113988859.91,61429074.010000005,0.052843405123403124,0.05514334677903592,1,0,1187,251728263957.17,0.016006739679865205,0.020890244726411527,8,664397829.84,637379459.14,61429074.010000005,0.09245827010722375,0.09637755520531632,0.03961486498382063,0.0412342084262804
2014-01,Comercial,5,5,2387654234.03,2387654234.03,2042966701.11,2900789.6,0.0012149119242880928,0.0014198907884420836,0,0,268,103124131712.81,0.018656716417910446,0.0376126609561376,2,2020139993.3000002,1696284901.8999999,2900789.6,0.0014359349399649351,0.0017100839586267854,0.0002210230156768423,0.00029019317018470184
2014-01,Industrial,1,1,30614640861.15,30614640861.15,22704367092.93,0.0,0.0,0.0,0,0,55,63391493341.810005,0.01818181818181818,0.9278109633809214,0,0.0,0.0,0.0,,,,
2014-01,Serviços,6,6,2520726539.12,2520726539.12,2412880747.86,3072307.29,0.001218818163065225,0.0012732942946827562,0,0,125,32303069937.96,0.048,0.1910475872538614,2,213031048.58,159098037.26,3072307.29,0.01442187563962654,0.01931078059108421,0.013203057476561315,0.018037486296401454
2014-01,Setor público,4,4,1091701872.65,1091701872.65,1069877760.28,0.0,0.0,0.0,0,0,126,25823393477.12,0.031746031746031744,0.07241962429867944,0,0.0,0.0,0.0,,,,
2014-01,Ações judiciais,8,6,1173689112.57,1164611423.85,983614541.25,30449536.29,0.02614566169146719,0.030956777287273557,2,0,161,22167783851.82,0.037267080745341616,0.04148281304107453,1,48046185.64,46289466.03,30449536.29,0.6337555392669877,0.657807032603612,0.6076098775755205,0.6268502553163384
2014-01,Agronegócio,1,0,12703155.61,0.0,0.0,0.0,,,1,0,37,6840908152.16,0.0,0.0,0,0.0,0.0,0.0,,,,
2014-01,Imobiliário,1,1,9554289.92,9554289.92,2935780.69,31525.78,0.0032996465738397854,0.010738465617470902,0,0,16,1029125603.52,0.0625,0.09515013092189285,1,9554289.92,2935780.69,31525.78,0.0032996465738397854,0.010738465617470902,0.0,0.0
2014-02,Financeiro,19,18,1007378239.28,992316930.48,930571949.32,59678136.17999999,0.060140197498326164,0.06413059863195833,1,0,1187,251728263957.17,0.015164279696714406,0.020756914551951222,8,680817952.14,645250449.1,59678136.17999999,0.08765652549615507,0.09248832955209793,0.02751632799782891,0.0283577309201396
2014-02,Comercial,5,4,2494403753.92,2479867741.06,2238873990.12,2904203.9,0.0011711124153575307,0.0012971716643348649,1,0,268,103124131712.81,0.014925373134328358,0.03754433053770922,3,2447356670.26,2212174015.45,2904203.9,0.0011866696568144542,0.001312827960059565,1.5557241456923493e-05,1.5656295724700113e-05
2014-02,Industrial,1,1,25783753617.91,25783753617.91,25652889692.28,0.0,0.0,0.0,0,0,55,63391493341.810005,0.01818181818181818,0.9278109633809214,0,0.0,0.0,0.0,,,,
2014-02,Serviços,6,6,2339169542.88,2339169542.88,2250078183.74,1563590.5899999999,0.0006684383330653738,0.0006949050043234743,0,0,125,32303069937.96,0.048,0.1910475872538614,2,198474418.77,162146186.32000002,1563590.5899999999,0.007878045945114723,0.00964309198684581,0.0072096076120493485,0.008948186982522335
2014-02,Setor público,4,4,1110276985.48,1110276985.48,1085213473.8999999,0.0,0.0,0.0,0,0,126,25823393477.12,0.031746031746031744,0.07241962429867944,0,0.0,0.0,0.0,,,,
2014-02,Ações judiciais,8,6,1176235786.81,1167306202.75,939401243.82,0.0,0.0,0.0,2,0,161,22167783851.82,0.037267080745341616,0.04148281304107453,0,0.0,0.0,0.0,,,,
2014-02,Agronegócio,1,0,12386296.13,0.0,0.0,0.0,,,1,0,37,6840908152.16,0.0,0.0,0,0.0,0.0,0.0,,,,
2014-02,Imobiliário,1,1,9587482.1,9587482.1,2903098.68,30351.68,0.003165761321212793,0.010454925355827037,0,0,16,1029125603.52,0.0625,0.09515013092189285,1,9587482.1,2903098.68,30351.68,0.003165761321212793,0.010454925355827037,0.0,0.0
2014-03,Financeiro,20,17,1007865230.75,935598651.8000001,859399321.94,20854920.33,0.02229045573107355,0.024266856858721153,3,0,1187,251728263957.17,0.014321819713563605,0.020571859702774944,7,643145884.01,590315538.73,20854920.33,0.03242642275803748,0.035328428546649984,0.010135967026963934,0.011061571687928831
2014-03,Comercial,5,4,2642665678.94,2627978576.6800003,2426800967.96,4012249.04,0.0015267434352789846,0.0016533078291017611,1,0,268,103124131712.81,0.014925373134328358,0.03754433053770922,3,2594539044.63,2399879136.84,4012249.04,0.0015464207595196069,0.0016718546273472173,1.967732424062226e-05,1.8546798245456207e-05
2014-03,Industrial,1,1,28059309820.44,28059309820.44,25652889692.28,0.0,0.0,0.0,0,0,55,63391493341.810005,0.01818181818181818,0.9278109633809214,0,0.0,0.0,0.0,,,,
2014-03,Serviços,6,6,2590577451.4,2590577451.4,2506180839.52,1580523.6800000002,0.0006101047776610012,0.0006306502926990346,0,0,125,32303069937.96,0.048,0.1910475872538614,3,968782783.92,919223421.13,1580523.6800000002,0.0016314531040742737,0.001719411890155132,0.0010213483264132723,0.0010887615974560973
2014-03,Setor público,4,4,1122345738.82,1122345738.82,1095204218.92,0.0,0.0,0.0,0,0,126,25823393477.12,0.031746031746031744,0.07241962429867944,0,0.0,0.0,0.0,,,,
2014-03,Ações judiciais,8,7,1172182397.09,1166118343.89,1112726582.59,0.0,0.0,0.0,1,0,161,22167783851.82,0.043478260869565216,0.0434273096988431,0,0.0,0.0,0.0,,,,
2014-03,Agronegócio,1,0,11909462.81,0.0,0.0,0.0,,,1,0,37,6840908152.16,0.0,0.0,0,0.0,0.0,0.0,,,,
2014-03,Imobiliário,1,1,4075704.94,4075704.94,2859461.65,27723.3,0.006802087101035336,0.009695286523601392,0,0,16,1029125603.52,0.0625,0.09515013092189285,1,4075704.94,2859461.65,27723.3,0.006802087101035336,0.009695286523601392,0.0,0.0
2014-04,Financeiro,20,19,1010993037.55,971560758.65,885742517.84,21359914.4,0.02198515554465164,0.02411526371353265,1,0,1187,251728263957.17,0.016006739679865205,0.021190340347270586,7,650240580.76,590230683.13,21359914.4,0.0328492484659056,0.0361890952309157,0.010864092921253964,0.01207383151738305
2014-04,Comercial,5,4,2713303406.09,2695496225.52,2475811927.96,4354006.12,0.0016152892661387608,0.0017586174744652675,1,0,268,103124131712.81,0.014925373134328358,0.03754433053770922,2,2207478215.19,2015707615.76,4354006.12,0.00197238916789276,0.0021600385323534985,0.0003570999017539994,0.000401421057888231
2014-04,Industrial,1,1,22027815219.51,22027815219.51,21926538443.23,0.0,0.0,0.0,0,0,55,63391493341.810005,0.01818181818181818,0.9278109633809214,0,0.0,0.0,0.0,,,,
2014-04,Serviços,6,6,2598922489.73,2598922489.73,2357772805.53,708413.0,0.00027257950277447343,0.0003004585506875235,0,0,125,32303069937.96,0.048,0.1910475872538614,1,176580561.08,151067175.72,708413.0,0.004011840236927623,0.0046893906411080944,0.00373926073415315,0.004388932090420571
2014-04,Setor público,4,4,1133739848.02,1133739848.02,1105232173.95,0.0,0.0,0.0,0,0,126,25823393477.12,0.031746031746031744,0.07241962429867944,0,0.0,0.0,0.0,,,,
2014-04,Ações judiciais,8,6,1212582203.68,1203910144.85,1116346784.92,0.0,0.0,0.0,2,0,161,22167783851.82,0.037267080745341616,0.04148281304107453,0,0.0,0.0,0.0,,,,
2014-04,Agronegócio,1,0,11903021.44,0.0,0.0,0.0,,,1,0,37,6840908152.16,0.0,0.0,0,0.0,0.0,0.0,,,,
2014-04,Imobiliário,1,1,4177267.6,4177267.6,3817348.88,25299.64,0.0060565044959054095,0.0066275419919177,0,0,16,1029125603.52,0.0625,0.09515013092189285,1,4177267.6,3817348.88,25299.64,0.0060565044959054095,0.0066275419919177,0.0,0.0
2014-05,Financeiro,20,20,1029566860.96,1029566860.96,932031357.97,21243551.98,0.020633484609432606,0.02279274382599022,0,0,1187,251728263957.17,0.016849199663016005,0.02119667006549512,8,661962992.16,604258429.39,21243551.98,0.03209175170152914,0.035156401544030436,0.011458267092096536,0.012363657718040214
2014-05,Comercial,5,4,2774030889.75,2756016677.04,2451288975.1,3682832.0300000003,0.0013362880060491552,0.0015024063125196243,1,0,268,103124131712.81,0.014925373134328358,0.03754433053770922,2,2227556863.67,2029240519.11,3682832.0300000003,0.001653305507062284,0.0018148819695435834,0.0003170175010131287,0.0003124756570239591
2014-05,Industrial,1,1,23189960401.19,23189960401.19,22006113502.04,0.0,0.0,0.0,0,0,55,63391493341.810005,0.01818181818181818,0.9278109633809214,0,0.0,0.0,0.0,,,,
2014-05,Serviços,6,6,2567239020.06,2567239020.06,2273438770.06,687976.88,0.0002679831813961448,0.0003026150908747998,0,0,125,32303069937.96,0.048,0.1910475872538614,2,193701819.89,156509423.63,687976.88,0.0035517316274606536,0.004395753712737636,0.0032837484460645086,0.004093138621862836
2014-05,Setor público,4,4,1145931527.78,1145931527.78,1114841461.6,0.0,0.0,0.0,0,0,126,25823393477.12,0.031746031746031744,0.07241962429867944,0,0.0,0.0,0.0,,,,
2014-05,Ações judiciais,8,7,1227584866.41,1221508390.91,1135080918.28,0.0,0.0,0.0,1,0,161,22167783851.82,0.043478260869565216,0.0434273096988431,0,0.0,0.0,0.0,,,,
2014-05,Agronegócio,2,1,145276679.51,133397583.94,62221074.18,0.0,0.0,0.0,1,0,37,6840908152.16,0.02702702702702703,0.10469503530227324,0,0.0,0.0,0.0,,,,
2014-05,Imobiliário,1,1,4498846.15,4498846.15,4386742.56,26067.25,0.005794207921513386,0.005942279411992666,0,0,16,1029125603.52,0.0625,0.09515013092189285,1,4498846.15,4386742.56,26067.25,0.005794207921513386,0.005942279411992666,0.0,0.0
2014-06,Financeiro,21,20,1042324557.75,1027100718.48,957820076.8199999,24811086.22,0.024156429621349864,0.025903702397191104,1,0,1187,251728263957.17,0.016849199663016005,0.02119667006549512,8,667668211.29,613542171.61,24811086.22,0.03716080202779546,0.0404390885713578,0.013004372406445596,0.014535386174166696
2014-06,Comercial,6,6,2950792642.02,2950792642.02,2596492790.9300003,4391132.45,0.0014881196284243132,0.0016911783715860824,0,0,268,103124131712.81,0.022388059701492536,0.039097735315420434,2,2236568573.32,2080321109.66,4391132.45,0.0019633345931717753,0.0021107955063329963,0.0004752149647474621,0.0004196171347469139
2014-06,Industrial,1,1,19653508168.0,19653508168.0,17668603579.93,0.0,0.0,0.0,0,0,55,63391493341.810005,0.01818181818181818,0.9278109633809214,0,0.0,0.0,0.0,,,,
2014-06,Serviços,7,7,3013326068.98,3013326068.98,2592158022.75,2871273.37,0.000952858503949397,0.0011076768255640097,0,0,125,32303069937.96,0.056,0.191084061607917,2,196687526.04999998,162508233.75,2871273.37,0.014598146754207956,0.01766847933635855,0.013645288250258559,0.016560802510794538
2014-06,Setor público,4,4,1157824380.73,1157824380.73,1136969030.4099998,0.0,0.0,0.0,0,0,126,25823393477.12,0.031746031746031744,0.07241962429867944,0,0.0,0.0,0.0,,,,
2014-06,Ações judiciais,9,7,1249696831.29,1242593505.81,1148493357.28,0.0,0.0,0.0,2,0,161,22167783851.82,0.043478260869565216,0.04604915804500641,0,0.0,0.0,0.0,,,,
2014-06,Agronegócio,2,1,145786014.65,134200265.92,60882859.07,0.0,0.0,0.0,1,0,37,6840908152.16,0.02702702702702703,0.10469503530227324,0,0.0,0.0,0.0,,,,
2014-06,Imobiliário,1,1,5019255.83,5019255.83,4843839.99,42214.07,0.008410424060811422,0.008715000926362144,0,0,16,1029125603.52,0.0625,0.09515013092189285,1,5019255.83,4843839.99,42214.07,0.008410424060811422,0.008715000926362144,0.0,0.0
2014-07,Financeiro,22,21,1257868063.21,1242045541.82,1121477689.3700001,20181057.97,0.01624824315252418,0.017995059697832137,1,0,1187,251728263957.17,0.017691659646166806,0.021330000239955432,8,676793786.08,600251166.75,20181057.97,0.02981862183884547,0.03362102247842069,0.013570378686321289,0.015625962780588556
2014-07,Comercial,7,7,2971961782.75,2971961782.75,2220944618.21,6085557.54,0.00204765672806497,0.002740076222569087,0,0,268,103124131712.81,0.026119402985074626,0.03910649087820679,2,2252906650.1699996,1744696262.19,6085557.54,0.002701202706086733,0.003488032657536165,0.0006535459780217631,0.0007479564349670781
2014-07,Industrial,1,1,22716306954.51,22716306954.51,21069543847.75,0.0,0.0,0.0,0,0,55,63391493341.810005,0.01818181818181818,0.9278109633809214,0,0.0,0.0,0.0,,,,
2014-07,Serviços,7,7,2626319465.7799997,2626319465.7799997,2361597735.63,4028727.48,0.0015339822639602201,0.0017059329873236274,0,0,125,32303069937.96,0.056,0.191084061607917,2,207555601.8,171291821.78,4028727.48,0.019410352912960983,0.023519672090208298,0.017876370649000762,0.02181373910288467
2014-07,Setor público,4,4,1170942088.29,1170942088.29,1146926355.47,0.0,0.0,0.0,0,0,126,25823393477.12,0.031746031746031744,0.07241962429867944,0,0.0,0.0,0.0,,,,
2014-07,Ações judiciais,11,10,1287441929.42,1281397600.88,1139631666.78,0.0,0.0,0.0,1,0,161,22167783851.82,0.062111801242236024,0.06147515318307812,0,0.0,0.0,0.0,,,,
2014-07,Agronegócio,2,1,148320227.63,137108536.85,52997018.45,0.0,0.0,0.0,1,0,37,6840908152.16,0.02702702702702703,0.10469503530227324,0,0.0,0.0,0.0,,,,
2014-07,Imobiliário,1,1,5070661.37,5070661.37,4846703.83,35570.88,0.007015037566983101,0.007339189941795969,0,0,16,1029125603.52,0.0625,0.09515013092189285,1,5070661.37,4846703.83,35570.88,0.007015037566983101,0.007339189941795969,0.0,0.0
2014-08,Financeiro,22,21,1277836463.3799999,1262816702.02,1148358048.71,20612030.33,0.016322266166601235,0.017949132113589814,1,0,1187,251728263957.17,0.017691659646166806,0.021330000239955432,7,656295071.5600001,590570252.46,20612030.33,0.031406651098271426,0.03490191089737638,0.015084384931670192,0.01695277878378657
2014-08,Comercial,7,7,2753181906.5,2753181906.5,2371677148.38,5729747.84,0.002081136675521734,0.002415905488617524,0,0,268,103124131712.81,0.026119402985074626,0.03910649087820679,2,2022663029.73,1817747682.1200001,5729747.84,0.0028327742959561824,0.0031521139574869476,0.0007516376204344485,0.0007362084688694237
2014-08,Industrial,1,1,20262217723.51,20262217723.51,16948253149.16,0.0,0.0,0.0,0,0,55,63391493341.810005,0.01818181818181818,0.9278109633809214,0,0.0,0.0,0.0,,,,
2014-08,Serviços,7,7,2622851719.51,2622851719.51,2396364689.12,809608.68,0.0003086749715882721,0.00033784869376343,0,0,125,32303069937.96,0.056,0.191084061607917,1,185051570.07,159051247.21,809608.68,0.004375043560526112,0.00509023785856297,0.00406636858893784,0.0047523891647995396
2014-08,Setor público,4,4,1181953633.77,1181953633.77,1154258688.4,0.0,0.0,0.0,0,0,126,25823393477.12,0.031746031746031744,0.07241962429867944,0,0.0,0.0,0.0,,,,
2014-08,Ações judiciais,11,9,1303627766.63,1295775158.99,1143956498.9099998,0.0,0.0,0.0,2,0,161,22167783851.82,0.055900621118012424,0.059530656525309554,0,0.0,0.0,0.0,,,,
2014-08,Agronegócio,2,1,177564247.7,138187202.04,96780851.29,0.0,0.0,0.0,1,0,37,6840908152.16,0.02702702702702703,0.10469503530227324,0,0.0,0.0,0.0,,,,
2014-08,Imobiliário,1,1,5887379.65,5887379.65,5538250.97,38588.98,0.0065545254925083694,0.006967719630083865,0,0,16,1029125603.52,0.0625,0.09515013092189285,1,5887379.65,5538250.97,38588.98,0.0065545254925083694,0.006967719630083865,0.0,0.0
2014-09,Financeiro,22,21,1123859453.19,1107937036.96,1017322674.12,20531917.55,0.018531664584782056,0.020182306039487844,1,0,1187,251728263957.17,0.017691659646166806,0.02128205632928653,8,675165326.51,610794598.8,20531917.55,0.030410207313417034,0.033615093503344844,0.011878542728634978,0.013432787463857
2014-09,Comercial,7,7,3104740097.4599996,3104740097.4599996,2754924600.6,4740091.130000001,0.0015267271917149808,0.0017205883344203496,0,0,268,103124131712.81,0.026119402985074626,0.03910649087820679,3,2381055172.39,2233592869.18,4740091.130000001,0.0019907523290365855,0.002122182245209348,0.0004640251373216047,0.00040159391078899826
2014-09,Industrial,1,1,19761468838.58,19761468838.58,16307978754.71,0.0,0.0,0.0,0,0,55,63391493341.810005,0.01818181818181818,0.9278109633809214,0,0.0,0.0,0.0,,,,
2014-09,Serviços,8,8,3657817553.49,3657817553.49,2688257425.93,1901719.46,0.0005199054988911434,0.0007074171698203724,0,0,125,32303069937.96,0.064,0.2255729531346261,2,207016902.95,169090272.72,1901719.46,0.009186300407843098,0.011246770316285997,0.008666394908951955,0.010539353146465624
2014-09,Setor público,4,4,1193231254.8400002,1193231254.8400002,1162062063.54,0.0,0.0,0.0,0,0,126,25823393477.12,0.031746031746031744,0.07241962429867944,0,0.0,0.0,0.0,,,,
2014-09,Ações judiciais,11,9,1325550582.73,1319043977.3899999,1299917195.84,0.0,0.0,0.0,2,0,161,22167783851.82,0.055900621118012424,0.059530656525309554,0,0.0,0.0,0.0,,,,
2014-09,Agronegócio,2,1,172928910.95000002,139735704.8,108945681.01,0.0,0.0,0.0,1,0,37,6840908152.16,0.02702702702702703,0.10469503530227324,0,0.0,0.0,0.0,,,,
2014-09,Imobiliário,1,1,6037766.03,6037766.03,6837507.33,36436.45,0.006034756865197706,0.00532890836403681,0,0,16,1029125603.52,0.0625,0.09515013092189285,1,6037766.03,6837507.33,36436.45,0.006034756865197706,0.00532890836403681,0.0,0.0
2014-10,Financeiro,22,22,2341322464.56,2341322464.56,1211846637.99,20367463.5,0.008699127868244162,0.016806964562596796,0,0,1187,251728263957.17,0.018534119629317607,0.021415386503746834,8,706816059.45,612753258.84,20367463.5,0.02881579051252554,0.03323925773737628,0.02011666264428138,0.016432293174779483
2014-10,Comercial,8,8,3164077754.4799995,3164077754.4799995,2724477464.66,4653731.04,0.0014708017315348237,0.0017081187495088202,0,0,268,103124131712.81,0.029850746268656716,0.07485214613449341,2,2401179351.0499997,2179055356.25,4653731.04,0.0019381022237947338,0.0021356644413149475,0.00046730049225991005,0.00042754569180612724
2014-10,Industrial,1,1,20007621441.89,20007621441.89,19150950631.31,0.0,0.0,0.0,0,0,55,63391493341.810005,0.01818181818181818,0.9278109633809214,0,0.0,0.0,0.0,,,,
2014-10,Serviços,8,8,3367970248.5299997,3367970248.5299997,3099967594.3799996,929008.1000000001,0.0002758361955262162,0.00029968316497379507,0,0,125,32303069937.96,0.064,0.2255729531346261,2,199366378.52,158928543.13,929008.1000000001,0.004659803257181621,0.0058454452655498906,0.004383967061655405,0.005545762100576095
2014-10,Setor público,5,5,1249565247.65,1249565247.65,1170766759.67,0.0,0.0,0.0,0,0,126,25823393477.12,0.03968253968253968,0.08709928235779048,0,0.0,0.0,0.0,,,,
2014-10,Ações judiciais,11,9,1338403325.54,1331994632.42,1292008975.79,0.0,0.0,0.0,2,0,161,22167783851.82,0.055900621118012424,0.059530656525309554,0,0.0,0.0,0.0,,,,
2014-10,Agronegócio,2,1,175045182.79000002,142013715.21,137977425.68,0.0,0.0,0.0,1,0,37,6840908152.16,0.02702702702702703,0.10469503530227324,0,0.0,0.0,0.0,,,,
2014-10,Imobiliário,1,1,6330702.22,6330702.22,6844274.64,60362.48,0.009534879054854678,0.008819412308095223,0,0,16,1029125603.52,0.0625,0.09515013092189285,1,6330702.22,6844274.64,60362.48,0.009534879054854678,0.008819412308095223,0.0,0.0
2014-11,Financeiro,24,23,1427615076.03,1411335965.93,1296289276.82,20991491.91,0.014873490378435621,0.016193524304617724,1,0,1187,251728263957.17,0.019376579612468407,0.02259856811735649,8,715428009.76,634103016.28,20991491.91,0.029341165880606045,0.033104229708837744,0.014467675502170424,0.01691070540422002
2014-11,Comercial,8,8,3127224398.69,3127224398.69,2744637955.58,5889904.04,0.0018834286540061825,0.002145967568518646,0,0,268,103124131712.81,0.029850746268656716,0.07485214613449341,3,2365496837.75,2201130742.02,5889904.04,0.00248992260146174,0.0026758537907633673,0.0006064939474555576,0.0005298862222447211
2014-11,Industrial,1,1,19884599845.14,19884599845.14,19211629266.53,0.0,0.0,0.0,0,0,55,63391493341.810005,0.01818181818181818,0.9278109633809214,0,0.0,0.0,0.0,,,,
2014-11,Serviços,8,8,3533617632.02,3533617632.02,3281297536.6,1382214.13,0.00039116120473109997,0.00042124010839694113,0,0,125,32303069937.96,0.064,0.2255729531346261,2,215568010.79999998,166109489.64000002,1382214.13,0.006411963096335256,0.008321102743711974,0.006020801891604156,0.007899862635315034
2014-11,Setor público,6,6,1281680348.32,1281680348.32,1191353872.41,0.0,0.0,0.0,0,0,126,25823393477.12,0.047619047619047616,0.09035781226419319,0,0.0,0.0,0.0,,,,
2014-11,Ações judiciais,11,9,1345546029.8799999,1339166377.23,1298959612.7,0.0,0.0,0.0,2,0,161,22167783851.82,0.055900621118012424,0.059530656525309554,0,0.0,0.0,0.0,,,,
2014-11,Agronegócio,2,1,177546740.45,143933755.34,139519126.29,0.0,0.0,0.0,1,0,37,6840908152.16,0.02702702702702703,0.10469503530227324,0,0.0,0.0,0.0,,,,
2014-11,Imobiliário,1,1,6506781.43,6506781.43,7283380.06,92806.84,0.014263094741757755,0.012742276145891527,0,0,16,1029125603.52,0.0625,0.09515013092189285,1,6506781.43,7283380.06,92806.84,0.014263094741757755,0.012742276145891527,0.0,0.0
2014-12,Financeiro,24,23,1449290346.3500001,1436722533.6000001,1339431507.27,22098270.03,0.015381028356692018,0.016498245643810642,1,0,1187,251728263957.17,0.019376579612468407,0.02259856811735649,8,729831181.26,667599753.36,22098270.03,0.030278604967040403,0.03310107578497503,0.014897576610348386,0.016602830141164388
2014-12,Comercial,8,8,3126500021.16,3126500021.16,2711612892.55,14445255.52,0.004620264008391241,0.005327182047145263,0,0,268,103124131712.81,0.029850746268656716,0.07485214613449341,3,2412925636.62,2208114056.21,14445255.52,0.005986614465348695,0.006541897362310075,0.0013663504569574542,0.0012147153151648117
2014-12,Industrial,1,1,19608132963.74,19608132963.74,19025853750.1,0.0,0.0,0.0,0,0,55,63391493341.810005,0.01818181818181818,0.9278109633809214,0,0.0,0.0,0.0,,,,
2014-12,Serviços,8,8,4864446417.89,4864446417.89,4760610041.06,1079746.7999999998,0.00022196704562907904,0.00022680849527418606,0,0,125,32303069937.96,0.064,0.2255729531346261,2,267740745.25,193133967.45999998,1079746.7999999998,0.004032807180662017,0.005590662348007874,0.0038108401350329378,0.0053638538527336875
2014-12,Setor público,6,6,1298943733.6,1298943733.6,1218066066.98,0.0,0.0,0.0,0,0,126,25823393477.12,0.047619047619047616,0.09035781226419319,0,0.0,0.0,0.0,,,,
2014-12,Ações judiciais,12,10,1502686611.1399999,1460322954.6299999,1401397227.52,0.0,0.0,0.0,2,0,161,22167783851.82,0.062111801242236024,0.0616843629440087,0,0.0,0.0,0.0,,,,
2014-12,Agronegócio,2,2,168970653.79999998,168970653.79999998,155532863.54,0.0,0.0,0.0,0,0,37,6840908152.16,0.05405405405405406,0.11288095608712086,0,0.0,0.0,0.0,,,,
2014-12,Imobiliário,1,1,6882552.32,6882552.32,7547877.05,109205.19,0.01586696111014816,0.014468331860281165,0,0,16,1029125603.52,0.0625,0.09515013092189285,1,6882552.32,7547877.05,109205.19,0.01586696111014816,0.014468331860281165,0.0,0.0
2015-01,Financeiro,24,23,1459102458.61,1444709797.58,1300826480.44,22014838.79,0.015238242882325951,0.016923732043457138,1,0,1187,251728263957.17,0.019376579612468407,0.02259856811735649,9,746337683.98,641166296.96,22014838.79,0.029497155593968295,0.034335614480019094,0.014258912711642344,0.017411882436561957
2015-01,Comercial,8,8,2760915379.98,2760915379.98,2102809487.26,31706009.11,0.011483875724662621,0.015077927554584853,0,0,268,103124131712.81,0.029850746268656716,0.07485214613449341,3,2090716573.95,1705213642.24,31706009.11,0.015165139792285521,0.018593569934351687,0.0036812640676229004,0.0035156423797668337
2015-01,Industrial,1,1,17171440573.19,17171440573.19,15786988966.23,0.0,0.0,0.0,0,0,55,63391493341.810005,0.01818181818181818,0.9278109633809214,0,0.0,0.0,0.0,,,,
2015-01,Serviços,8,8,3925787461.62,3925787461.62,3794209647.21,14633362.82,0.0037274974672117005,0.0038567617977463015,0,0,125,32303069937.96,0.064,0.2255729531346261,2,197760757.20000002,175226340.58,14633362.82,0.0739952811022105,0.08351120483121145,0.0702677836349988,0.07965444303346515
2015-01,Setor público,6,6,1327394562.73,1327394562.73,1237087277.3500001,0.0,0.0,0.0,0,0,126,25823393477.12,0.047619047619047616,0.09035781226419319,0,0.0,0.0,0.0,,,,
2015-01,Ações judiciais,12,11,1412523666.71,1406125747.83,1361685832.59,0.0,0.0,0.0,1,0,161,22167783851.82,0.06832298136645963,0.06362885960177728,0,0.0,0.0,0.0,,,,
2015-01,Agronegócio,2,2,176080891.16,176080891.16,152315210.41,0.0,0.0,0.0,0,0,37,6840908152.16,0.05405405405405406,0.11288095608712086,0,0.0,0.0,0.0,,,,
2015-01,Imobiliário,1,1,7769891.74,7769891.74,7726526.36,105442.78,0.013570688437931825,0.01364685436729682,0,0,16,1029125603.52,0.0625,0.09515013092189285,1,7769891.74,7726526.36,105442.78,0.013570688437931825,0.01364685436729682,0.0,0.0
2015-02,Financeiro,24,23,1451750827.11,1437963171.74,1287801354.06,23502159.080000002,0.01634406189385319,0.018249832558341148,1,0,1187,251728263957.17,0.019376579612468407,0.02259856811735649,9,754274759.97,642250290.6,23502159.080000002,0.031158617956319735,0.036593458070752954,0.014814556062466545,0.018343625512411806
2015-02,Comercial,8,8,2686095657.92,2686095657.92,2315246495.12,33042729.729999997,0.012301397246435707,0.014271797754427605,0,0,268,103124131712.81,0.029850746268656716,0.07485214613449341,3,2053158135.42,1801747862.31,33042729.729999997,0.01609361167070586,0.01833926401202236,0.0037922144242701523,0.004067466257594755
2015-02,Industrial,1,1,19025132749.61,19025132749.61,17069636578.28,0.0,0.0,0.0,0,0,55,63391493341.810005,0.01818181818181818,0.9278109633809214,0,0.0,0.0,0.0,,,,
2015-02,Serviços,8,8,3415251497.73,3415251497.73,3319479255.23,14387233.89,0.00421264258270956,0.004334184004112156,0,0,125,32303069937.96,0.064,0.2255729531346261,2,189514434.18,177907634.09,14387233.89,0.07591629604494962,0.08086912044888293,0.07170365346224006,0.07653493644477077
2015-02,Setor público,6,6,1342056725.15,1342056725.15,1247894140.3899999,0.0,0.0,0.0,0,0,126,25823393477.12,0.047619047619047616,0.09035781226419319,0,0.0,0.0,0.0,,,,
2015-02,Ações judiciais,12,11,1347434724.89,1340900815.59,1333056535.37,24588879.11,0.01833758233578285,0.018445488587755337,1,0,161,22167783851.82,0.06832298136645963,0.06362885960177728,1,47856943.33,44707503.57,24588879.11,0.5137996160859277,0.5499944561095966,0.49546203375014486,0.5315489675218413
2015-02,Agronegócio,2,2,174370797.33999997,174370797.33999997,154449573.70000002,0.0,0.0,0.0,0,0,37,6840908152.16,0.05405405405405406,0.11288095608712086,0,0.0,0.0,0.0,,,,
2015-02,Imobiliário,1,1,8682240.23,8682240.23,7167727.89,150024.95,0.017279520725724033,0.020930614596754736,0,0,16,1029125603.52,0.0625,0.09515013092189285,1,8682240.23,7167727.89,150024.95,0.017279520725724033,0.020930614596754736,0.0,0.0
2015-03,Financeiro,24,23,1425469205.02,1412103036.29,1287410871.31,25857194.65,0.018311124603155215,0.020084648363804098,1,0,1187,251728263957.17,0.019376579612468407,0.02259856811735649,8,729436952.22,635901080.35,25857194.65,0.035448155692284426,0.04066229080121738,0.01713703108912921,0.020577642437413283
2015-03,Comercial,7,7,2613206366.3399997,2613206366.3399997,2366027191.4900002,17098472.31,0.006543100663706001,0.007226659258819539,0,0,268,103124131712.81,0.026119402985074626,0.03910649087820679,2,1962613006.4499998,1821680889.5900002,17098472.31,0.008712095687640397,0.009386096328785827,0.002168995023934396,0.002159437069966288
2015-03,Industrial,1,1,18972508852.83,18972508852.83,0.0,0.0,0.0,,0,0,55,63391493341.810005,0.01818181818181818,0.9278109633809214,0,0.0,0.0,0.0,,,,
2015-03,Serviços,8,8,4011944030.02,4011944030.02,3846731203.31,1564363.63,0.0003899265837943909,0.00040667349687805343,0,0,125,32303069937.96,0.064,0.2255729531346261,2,188494739.3,168534868.60999998,1564363.63,0.00829924291685524,0.009282136349007,0.00790931633306085,0.008875462852128946
2015-03,Setor público,7,7,1389287809.12,1389287809.12,1287504654.67,0.0,0.0,0.0,0,0,126,25823393477.12,0.05555555555555555,0.09054166171814688,0,0.0,0.0,0.0,,,,
2015-03,Ações judiciais,12,11,1359382278.51,1352549651.31,1345718180.37,24588879.11,0.01817964988285987,0.018271937964930655,1,0,161,22167783851.82,0.06832298136645963,0.06362885960177728,1,47856943.33,44707503.57,24588879.11,0.5137996160859277,0.5499944561095966,0.49561996620306786,0.531722518144666
2015-03,Agronegócio,2,2,175804462.01,175804462.01,151586755.92000002,0.0,0.0,0.0,0,0,37,6840908152.16,0.05405405405405406,0.11288095608712086,0,0.0,0.0,0.0,,,,
2015-03,Imobiliário,1,1,10163227.36,10163227.36,9743650.9,167987.14,0.016528916853829,0.017240677208581027,0,0,16,1029125603.52,0.0625,0.09515013092189285,1,10163227.36,9743650.9,167987.14,0.016528916853829,0.017240677208581027,0.0,0.0
2015-04,Financeiro,24,23,1463063273.47,1451587329.6100001,1330066667.76,24784247.86,0.017073893767493006,0.01863383878474287,1,0,1187,251728263957.17,0.019376579612468407,0.02259856811735649,8,733657201.07,669607897.89,24784247.86,0.03378178231448351,0.03701307576881573,0.016707888546990506,0.01837923698407286
2015-04,Comercial,8,8,2736483528.19,2736483528.19,2441330437.96,52339286.89,0.019126476132899993,0.02143883764204211,0,0,268,103124131712.81,0.029850746268656716,0.07485214613449341,3,2013887920.0700002,1863333104.6399999,52339286.89,0.025989175647957982,0.02808906617913176,0.006862699515057989,0.006650228537089652
2015-04,Industrial,1,1,22818850880.78,22818850880.78,0.0,0.0,0.0,,0,0,55,63391493341.810005,0.01818181818181818,0.9278109633809214,0,0.0,0.0,0.0,,,,
2015-04,Serviços,8,8,3956511866.4,3956511866.4,3865180527.4900002,1619421.6600000001,0.0004093053969464016,0.00041897697881957205,0,0,125,32303069937.96,0.064,0.2255729531346261,2,181142531.08999997,170425842.66,1619421.6600000001,0.008940041028770856,0.00950220714607673,0.008530735631824455,0.009083230167257157
2015-04,Setor público,7,7,1408723685.83,1408723685.83,1304701342.91,0.0,0.0,0.0,0,0,126,25823393477.12,0.05555555555555555,0.09054166171814688,0,0.0,0.0,0.0,,,,
2015-04,Ações judiciais,13,12,1395219738.81,1388542318.18,1510179941.76,93904244.46,0.06762793127045838,0.062180831477977205,1,0,161,22167783851.82,0.07453416149068323,0.07338554589147342,2,106235105.69999999,239526357.07999998,93904244.46,0.8839285643032029,0.39204138369055014,0.8163006330327445,0.32986055221257293
2015-04,Agronegócio,2,2,178836079.76,178836079.76,146353569.79,0.0,0.0,0.0,0,0,37,6840908152.16,0.05405405405405406,0.11288095608712086,0,0.0,0.0,0.0,,,,
2015-04,Imobiliário,1,1,11079957.61,11079957.61,11152191.31,195180.59,0.017615644108948898,0.017501546070590138,0,0,16,1029125603.52,0.0625,0.09515013092189285,1,11079957.61,11152191.31,195180.59,0.017615644108948898,0.017501546070590138,0.0,0.0
2015-05,Financeiro,26,25,1492157576.41,1480033156.61,1366594751.31,26058207.99,0.017606502850034823,0.019067984832387905,1,0,1187,251728263957.17,0.02106149957877001,0.02316930588645517,8,744182296.44,678167073.96,26058207.99,0.0350158934372083,0.03842446646346174,0.017409390587173473,0.019356481631073834
2015-05,Comercial,9,9,2698810177.59,2698810177.59,2403607640.31,82299300.27,0.030494660555746133,0.034239906251664946,0,0,268,103124131712.81,0.033582089552238806,0.10754309926579846,2,1964528418.91,1817234504.38,82299300.27,0.041892649389955364,0.045288211329708755,0.01139798883420923,0.011048305078043809
2015-05,Industrial,1,1,19234783873.69,19234783873.69,18334650714.4,0.0,0.0,0.0,0,0,55,63391493341.810005,0.01818181818181818,0.9278109633809214,0,0.0,0.0,0.0,,,,
2015-05,Serviços,8,8,4292674560.42,4292674560.42,4205233532.4500003,721111.31,0.00016798648484767634,0.00017147949202713487,0,0,125,32303069937.96,0.064,0.2255729531346261,1,172532273.64,165154690.65,721111.31,0.004179573448992196,0.004366278106676349,0.00401158696414452,0.004194798614649214
2015-05,Setor público,7,7,1429165802.97,1429165802.97,1320982051.57,0.0,0.0,0.0,0,0,126,25823393477.12,0.05555555555555555,0.09054166171814688,0,0.0,0.0,0.0,,,,
2015-05,Ações judiciais,13,12,1423928376.4,1417078693.1,1338975574.73,0.0,0.0,0.0,1,0,161,22167783851.82,0.07453416149068323,0.07338554589147342,0,0.0,0.0,0.0,,,,
2015-05,Agronegócio,2,2,176874601.63,176874601.63,122580890.1,0.0,0.0,0.0,0,0,37,6840908152.16,0.05405405405405406,0.11288095608712086,0,0.0,0.0,0.0,,,,
2015-05,Imobiliário,1,1,12122221.63,12122221.63,12483170.48,196648.75,0.016222170820019893,0.01575310938155192,0,0,16,1029125603.52,0.0625,0.09515013092189285,1,12122221.63,12483170.48,196648.75,0.016222170820019893,0.01575310938155192,0.0,0.0
2015-06,Financeiro,28,27,1450063008.73,1442951851.48,1316385360.33,25733318.47,0.01783380259265475,0.019548469046745558,1,0,1187,251728263957.17,0.02274641954507161,0.032335780295989894,9,741825544.52,660472933.93,25733318.47,0.03468917814989885,0.038961957633720894,0.0168553755572441,0.019413488586975336
2015-06,Comercial,9,9,2663010127.0,2663010127.0,2371726415.96,40408039.75,0.015173821286035238,0.017037394987079107,0,0,268,103124131712.81,0.033582089552238806,0.10754309926579846,2,1976880453.3600001,1809526180.67,40408039.75,0.0204403051693493,0.02233072954768657,0.005266483883314063,0.0052933345606074635
2015-06,Industrial,1,1,22249860345.38,22249860345.38,20077011768.8,0.0,0.0,0.0,0,0,55,63391493341.810005,0.01818181818181818,0.9278109633809214,0,0.0,0.0,0.0,,,,
2015-06,Serviços,8,8,4687557357.41,4687557357.41,4389796555.85,839738.66,0.00017914205544014464,0.0001912932978365328,0,0,125,32303069937.96,0.064,0.2255729531346261,1,221717866.48,172533678.15,839738.66,0.0037874199013896268,0.004867099971461427,0.0036082778459494824,0.004675806673624894
2015-06,Setor público,7,7,1460418537.18,1460418537.18,1330049135.82,0.0,0.0,0.0,0,0,126,25823393477.12,0.05555555555555555,0.09054166171814688,0,0.0,0.0,0.0,,,,
2015-06,Ações judiciais,13,11,1447408392.69,1372305751.1,1326559067.94,0.0,0.0,0.0,2,0,161,22167783851.82,0.06832298136645963,0.07144104923370487,0,0.0,0.0,0.0,,,,
2015-06,Agronegócio,2,2,160756252.14,160756252.14,67813013.50999999,0.0,0.0,0.0,0,0,37,6840908152.16,0.05405405405405406,0.11288095608712086,0,0.0,0.0,0.0,,,,
2015-06,Imobiliário,1,1,12984290.95,12984290.95,14178232.53,211509.86,0.01628967348424983,0.01491792856073295,0,0,16,1029125603.52,0.0625,0.09515013092189285,1,12984290.95,14178232.53,211509.86,0.01628967348424983,0.01491792856073295,0.0,0.0
2015-07,Financeiro,28,27,1474940920.63,1467086308.64,1327062948.32,25953106.7,0.017690238500050293,0.01955680153142353,1,0,1187,251728263957.17,0.02274641954507161,0.032335780295989894,9,755602684.81,647911234.82,25953106.7,0.03434755754808631,0.04005657766871442,0.01665731904803602,0.02049977613729089
2015-07,Comercial,9,9,2662817901.72,2662817901.72,2271499020.35,53543206.3,0.020107723575620667,0.02357174967733417,0,0,268,103124131712.81,0.033582089552238806,0.10754309926579846,2,1928209573.85,1722637286.81,53543206.3,0.027768354138545136,0.031082112705891753,0.007660630562924469,0.0075103630285575824
2015-07,Industrial,1,1,21212296092.2,21212296092.2,18931995734.65,0.0,0.0,0.0,0,0,55,63391493341.810005,0.01818181818181818,0.9278109633809214,0,0.0,0.0,0.0,,,,
2015-07,Serviços,8,8,4032812614.08,4032812614.08,3891799040.6800003,962924.85,0.00023877252482252284,0.00024742409357081076,0,0,125,32303069937.96,0.064,0.2255729531346261,2,216550491.73,195012292.27,962924.85,0.004446652798187114,0.004937764890568044,0.004207880273364591,0.004690340796997233
2015-07,Setor público,7,7,1543820403.75,1543820403.75,1372574694.59,0.0,0.0,0.0,0,0,126,25823393477.12,0.05555555555555555,0.09054166171814688,0,0.0,0.0,0.0,,,,
2015-07,Ações judiciais,13,13,1505871509.82,1505871509.82,1450778606.6200001,69315365.35,0.046030066242693846,0.04777804486067642,0,0,161,22167783851.82,0.08074534161490683,0.07343617166658481,1,74715900.9,74413463.43,69315365.35,0.9277190599999844,0.9314895739963005,0.8816889937572905,0.8837115291356241
2015-07,Agronegócio,2,2,138615866.34,138615866.34,100853057.80000001,0.0,0.0,0.0,0,0,37,6840908152.16,0.05405405405405406,0.11288095608712086,0,0.0,0.0,0.0,,,,
2015-07,Imobiliário,1,1,15132180.06,15132180.06,14959342.58,324240.56,0.021427220579874597,0.021674786727158432,0,0,16,1029125603.52,0.0625,0.09515013092189285,1,15132180.06,14959342.58,324240.56,0.021427220579874597,0.021674786727158432,0.0,0.0
2015-08,Financeiro,28,27,1488455034.91,1479295160.07,1356466134.71,27107652.89,0.018324708700268626,0.019984024810022528,1,0,1187,251728263957.17,0.02274641954507161,0.032335780295989894,9,769024073.27,658535747.69,27107652.89,0.03524942044367271,0.04116352526812363,0.016924711743404087,0.0211795004581011
2015-08,Comercial,9,9,2665484979.27,2665484979.27,2227568804.65,84693702.49,0.03177421863138586,0.038020689782153436,0,0,268,103124131712.81,0.033582089552238806,0.10754309926579846,2,1904832721.5500002,1635932545.0400002,84693702.49,0.044462540742728866,0.051770901402251365,0.012688322111343006,0.01375021162009793
2015-08,Industrial,1,1,20899275208.15,20899275208.15,17262771029.3,0.0,0.0,0.0,0,0,55,63391493341.810005,0.01818181818181818,0.9278109633809214,0,0.0,0.0,0.0,,,,
2015-08,Serviços,8,8,5021518305.83,5021518305.83,4747846273.04,915832.05,0.00018238150181324958,0.0001928942087279506,0,0,125,32303069937.96,0.064,0.2255729531346261,1,213915996.01,201681552.43,915832.05,0.004281269596861693,0.004540980763810159,0.004098888095048443,0.004348086555082209
2015-08,Setor público,7,7,1563425729.19,1563425729.19,1385309219.0,0.0,0.0,0.0,0,0,126,25823393477.12,0.05555555555555555,0.09054166171814688,0,0.0,0.0,0.0,,,,
2015-08,Ações judiciais,14,14,1530530668.51,1530530668.51,1464755130.7,69315365.35,0.04528845241466464,0.04732215228143593,0,0,161,22167783851.82,0.08695652173913043,0.07504817419506789,1,85828765.16,76776257.71,69315365.35,0.8076006362294027,0.9028229223130235,0.7623121838147381,0.8555007700315876
2015-08,Agronegócio,2,2,145663797.85,145663797.85,106154267.03,0.0,0.0,0.0,0,0,37,6840908152.16,0.05405405405405406,0.11288095608712086,0,0.0,0.0,0.0,,,,
2015-08,Imobiliário,1,1,15654570.59,15654570.59,15629665.87,242206.48,0.015471933810482119,0.015496587196076765,0,0,16,1029125603.52,0.0625,0.09515013092189285,1,15654570.59,15629665.87,242206.48,0.015471933810482119,0.015496587196076765,0.0,0.0
2015-09,Financeiro,28,27,1435436096.65,1426002746.56,1305689237.53,34151201.83,0.023948903262903404,0.026155689155104436,1,0,1187,251728263957.17,0.02274641954507161,0.03272462142181855,10,785267763.49,661357365.09,34151201.83,0.04348988130904586,0.051638045681025375,0.019540978046142455,0.02548235652592094
2015-09,Comercial,9,9,2454323084.58,2454323084.58,2094704560.75,65393952.6,0.026644394542371608,0.031218699679818322,0,0,268,103124131712.81,0.033582089552238806,0.10754309926579846,2,1681471709.98,1497907229.46,65393952.6,0.03889090266096586,0.04365687761823188,0.012246508118594256,0.012438177938413557
2015-09,Industrial,2,2,28241969718.63,28241969718.63,20574161611.6,0.0,0.0,0.0,0,0,55,63391493341.810005,0.03636363636363636,0.9281746487733081,0,0.0,0.0,0.0,,,,
2015-09,Serviços,8,8,3909287348.64,3909287348.64,3671334964.84,2680731.4,0.0006857340381828412,0.0007301789201130081,0,0,125,32303069937.96,0.064,0.2255729531346261,2,243416091.71,225185284.9,2680731.4,0.011012958844125054,0.01190455851140742,0.010327224805942213,0.011174379591294413
2015-09,Setor público,7,7,1581009437.04,1581009437.04,1383886322.8500001,0.0,0.0,0.0,0,0,126,25823393477.12,0.05555555555555555,0.09054166171814688,0,0.0,0.0,0.0,,,,
2015-09,Ações judiciais,14,14,1281542438.93,1281542438.93,1175078154.94,69315365.35,0.05408745215482178,0.05898787672853919,0,0,161,22167783851.82,0.08695652173913043,0.07504817419506789,1,88283934.41,78302369.27,69315365.35,0.7851413262586605,0.8852269222019161,0.7310538741038387,0.8262390454733769
2015-09,Agronegócio,2,2,143485493.04,143485493.04,114812279.74000001,0.0,0.0,0.0,0,0,37,6840908152.16,0.05405405405405406,0.11288095608712086,0,0.0,0.0,0.0,,,,
2015-09,Imobiliário,1,1,17131978.12,17131978.12,15594816.74,140890.32,0.008223820916250388,0.009034432552107053,0,0,16,1029125603.52,0.0625,0.09515013092189285,1,17131978.12,15594816.74,140890.32,0.008223820916250388,0.009034432552107053,0.0,0.0
2015-10,Financeiro,30,29,1486398217.59,1476107777.99,1397516330.3,55202459.019999996,0.03739730922302204,0.03950040355388897,1,0,1187,251728263957.17,0.02443133951137321,0.034213933952587,11,887539838.26,828576444.67,55202459.019999996,0.062197161907935374,0.06662325410660892,0.02479985268491333,0.02712285055271995
2015-10,Comercial,9,9,2438077684.0,2438077684.0,2098441436.25,50690866.85,0.02079132555236497,0.02415643628377194,0,0,268,103124131712.81,0.033582089552238806,0.10754309926579846,2,1676100621.75,1444656790.0500002,50690866.85,0.03024333157103311,0.035088518739627816,0.009452006018668142,0.010932082455855877
2015-10,Industrial,2,2,23899081068.239998,23899081068.239998,21202855924.77,0.0,0.0,0.0,0,0,55,63391493341.810005,0.03636363636363636,0.9281746487733081,0,0.0,0.0,0.0,,,,
2015-10,Serviços,8,8,4231055058.25,4231055058.25,4045684451.4,1169768.82,0.0002764721337575376,0.000289139905509735,0,0,125,32303069937.96,0.064,0.2255729531346261,1,223431236.93,214255020.33,1169768.82,0.00523547573773887,0.00545970319947835,0.004959003603981332,0.0051705632939686155
2015-10,Setor público,7,7,1593361457.08,1593361457.08,1394611963.97,0.0,0.0,0.0,0,0,126,25823393477.12,0.05555555555555555,0.09054166171814688,0,0.0,0.0,0.0,,,,
2015-10,Ações judiciais,15,15,1340430497.5,1340430497.5,1213156215.53,69333665.35,0.051724923805682055,0.057151473538558026,0,0,161,22167783851.82,0.09316770186335403,0.08416602400274747,2,144053426.95,129724212.96000001,69333665.35,0.4813052130586609,0.5344697321183886,0.42958028925297886,0.4773182585798305
2015-10,Agronegócio,2,2,139491009.77,139491009.77,110466013.11999999,0.0,0.0,0.0,0,0,37,6840908152.16,0.05405405405405406,0.11288095608712086,0,0.0,0.0,0.0,,,,
2015-10,Imobiliário,1,1,17254852.91,17254852.91,15976846.64,150622.41,0.008729278121675973,0.009427543081179629,0,0,16,1029125603.52,0.0625,0.09515013092189285,1,17254852.91,15976846.64,150622.41,0.008729278121675973,0.009427543081179629,0.0,0.0
2015-11,Financeiro,30,29,1511843081.29,1501634128.31,1576600885.54,37213159.63,0.02478177535288253,0.023603411599793792,1,0,1187,251728263957.17,0.02443133951137321,0.034213933952587,10,533253323.39,488956973.77000004,37213159.63,0.0697851433788136,0.07610722747867926,0.045003368025931065,0.052503815878885474
2015-11,Comercial,9,9,2509572309.12,2509572309.12,2195226248.68,51185273.0,0.020396014418069704,0.023316627628144456,0,0,268,103124131712.81,0.033582089552238806,0.10754309926579846,2,1672354066.02,1515937276.21,51185273.0,0.03060672021554308,0.0337647696928256,0.010210705797473376,0.010448142064681146
2015-11,Industrial,2,2,25605169807.6,25605169807.6,20028177718.79,0.0,0.0,0.0,0,0,55,63391493341.810005,0.03636363636363636,0.9281746487733081,0,0.0,0.0,0.0,,,,
2015-11,Serviços,8,8,4693831775.37,4693831775.37,4482760458.87,3691867.5300000003,0.0007865359703286303,0.0008235701112904513,0,0,125,32303069937.96,0.064,0.2255729531346261,2,265207594.65,232500582.60000002,3691867.5300000003,0.01392067046523398,0.015878960339430995,0.01313413449490535,0.015055390228140543
2015-11,Setor público,7,7,1642291063.5,1642291063.5,1431523308.4499998,0.0,0.0,0.0,0,0,126,25823393477.12,0.05555555555555555,0.09054166171814688,0,0.0,0.0,0.0,,,,
2015-11,Ações judiciais,15,15,1322730026.2,1322730026.2,1257972198.39,81769092.25,0.06181842902962597,0.06500071492410654,0,0,161,22167783851.82,0.09316770186335403,0.08416602400274747,3,209879841.62,197148453.45999998,81769092.25,0.3895995519095532,0.4147589839784889,0.3277811228799272,0.3497582690543824
2015-11,Agronegócio,2,2,140835507.14,140835507.14,109830240.97,0.0,0.0,0.0,0,0,37,6840908152.16,0.05405405405405406,0.11288095608712086,0,0.0,0.0,0.0,,,,
2015-11,Imobiliário,1,1,19681348.56,19681348.56,18025016.0,194243.7,0.009869430410616132,0.010776339948879936,0,0,16,1029125603.52,0.0625,0.09515013092189285,1,19681348.56,18025016.0,194243.7,0.009869430410616132,0.010776339948879936,0.0,0.0
2015-12,Financeiro,32,31,1677677836.24,1664541903.74,1690597512.24,15791122.29,0.009486767653322207,0.009340556918883166,1,0,1187,251728263957.17,0.02611625947767481,0.04086192058830595,9,441447715.48,388469273.61,15791122.29,0.035771217601227846,0.04064960439021322,0.026284449947905637,0.03130904747133006
2015-12,Comercial,9,9,2547818863.36,2547818863.36,2089618764.6499999,40771127.53,0.016002365048915626,0.019511275558835705,0,0,268,103124131712.81,0.033582089552238806,0.10754309926579846,4,2288012057.73,1906615008.62,40771127.53,0.017819454837336025,0.021384037860642864,0.0018170897884203993,0.0018727623018071592
2015-12,Cartão de crédito,1,1,7704160.59,7704160.59,0.0,0.0,0.0,,0,0,38,93875557493.45,0.02631578947368421,0.0004105538083509025,0,0.0,0.0,0.0,,,,
2015-12,Industrial,2,2,22887032027.120003,22887032027.120003,20670244004.93,0.0,0.0,0.0,0,0,55,63391493341.810005,0.03636363636363636,0.9281746487733081,0,0.0,0.0,0.0,,,,
2015-12,Serviços,8,8,6932732197.51,6932732197.51,6719960431.389999,3840081.1,0.0005539058758651063,0.0005714440046495472,0,0,125,32303069937.96,0.064,0.2255729531346261,2,355859541.64,287039796.62,3840081.1,0.01079100220919399,0.013378218439458146,0.010237096333328883,0.012806774434808599
2015-12,Setor público,7,7,1667289265.93,1667289265.93,1466377208.68,0.0,0.0,0.0,0,0,126,25823393477.12,0.05555555555555555,0.09054166171814688,0,0.0,0.0,0.0,,,,
2015-12,Ações judiciais,16,16,1317821830.69,1317821830.69,1033133035.05,127079860.55000001,0.09643174637914603,0.12300435301040374,0,0,161,22167783851.82,0.09937888198757763,0.0856660265601646,3,248607454.0,241261612.9,127079860.55000001,0.5111667349684536,0.526730543754895,0.4147349885893075,0.4037261907444913
2015-12,Agronegócio,2,2,144341499.86,144341499.86,121516141.96,0.0,0.0,0.0,0,0,37,6840908152.16,0.05405405405405406,0.11288095608712086,0,0.0,0.0,0.0,,,,
2015-12,Imobiliário,1,1,25550503.65,25550503.65,18027476.92,204943.16,0.008021100593842893,0.011368377333637434,0,0,16,1029125603.52,0.0625,0.09515013092189285,1,25550503.65,18027476.92,204943.16,0.008021100593842893,0.011368377333637434,0.0,0.0
2016-01,Financeiro,32,31,1823252795.22,1809291121.83,1754288813.9,15949502.63,0.008815332390438054,0.009091719962884727,1,0,1187,251728263957.17,0.02611625947767481,0.04086192058830595,9,442980922.14,352646285.29,15949502.63,0.03600494249944089,0.04522804661584303,0.027189610109002837,0.0361363266529583
2016-01,Comercial,9,9,2563898876.83,2563898876.83,1871655204.76,40919938.28,0.015960043763735852,0.021862968230437034,0,0,268,103124131712.81,0.033582089552238806,0.10754309926579846,3,1872067277.93,1457810816.4599998,40919938.28,0.0218581558272021,0.028069443454512046,0.005898112063466247,0.0062064752240750115
2016-01,Cartão de crédito,1,1,10419893.83,10419893.83,0.0,0.0,0.0,,0,0,38,93875557493.45,0.02631578947368421,0.0004105538083509025,0,0.0,0.0,0.0,,,,
2016-01,Industrial,2,2,22291823677.69,22291823677.69,21967307857.760002,0.0,0.0,0.0,0,0,55,63391493341.810005,0.03636363636363636,0.9281746487733081,0,0.0,0.0,0.0,,,,
2016-01,Serviços,8,8,8022583216.64,8022583216.64,7828072417.41,3793952.14,0.0004729090415828649,0.00048465981632490684,0,0,125,32303069937.96,0.064,0.2255729531346261,2,340222164.64,265316425.76999998,3793952.14,0.011151396159078886,0.014299725804722462,0.010678487117496022,0.013815065988397554
2016-01,Setor público,7,7,1679418957.06,1679418957.06,1459576091.97,0.0,0.0,0.0,0,0,126,25823393477.12,0.05555555555555555,0.09054166171814688,0,0.0,0.0,0.0,,,,
2016-01,Ações judiciais,16,16,1345383966.39,1345383966.39,1261127228.82,126328348.4,0.09389761700443806,0.10017097840176027,0,0,161,22167783851.82,0.09937888198757763,0.0856660265601646,3,250378642.87,241198697.26,126328348.4,0.5045492177445479,0.5237522003024105,0.4106516007401098,0.4235812219006503
2016-01,Agronegócio,2,2,146433218.78,146433218.78,128397020.72999999,0.0,0.0,0.0,0,0,37,6840908152.16,0.05405405405405406,0.11288095608712086,0,0.0,0.0,0.0,,,,
2016-01,Imobiliário,1,1,25828147.08,25828147.08,19148710.86,277414.86,0.0107407960447467,0.014487390928205807,0,0,16,1029125603.52,0.0625,0.09515013092189285,1,25828147.08,19148710.86,277414.86,0.0107407960447467,0.014487390928205807,0.0,0.0
2016-02,Financeiro,33,32,1934585313.27,1919911974.57,1816396777.52,9486802.02,0.004941269259037121,0.005222868779228245,1,0,1187,251728263957.17,0.02695871946082561,0.04214432847451346,8,429976832.78,340699489.89,9486802.02,0.022063519000927137,0.02784507256838852,0.017122249741890017,0.022622203789160272
2016-02,Comercial,9,9,2492214623.71,2492214623.71,1855790071.08,62743656.97,0.025175864218546933,0.03380967381374422,0,0,268,103124131712.81,0.033582089552238806,0.10754309926579846,3,1890755164.49,1398319602.3,62743656.97,0.03318444299313818,0.04487075548880046,0.008008578774591244,0.011061081675056234
2016-02,Cartão de crédito,1,1,32415656.81,32415656.81,0.0,0.0,0.0,,0,0,38,93875557493.45,0.02631578947368421,0.0004105538083509025,0,0.0,0.0,0.0,,,,
2016-02,Industrial,2,2,22621515751.45,22621515751.45,19428265443.57,0.0,0.0,0.0,0,0,55,63391493341.810005,0.03636363636363636,0.9281746487733081,0,0.0,0.0,0.0,,,,
2016-02,Serviços,8,8,6810648796.4,6810648796.4,6750084199.43,1870271.52,0.00027460989046867247,0.00027707380600643946,0,0,125,32303069937.96,0.064,0.2255729531346261,2,282012086.0,247257010.03,1870271.52,0.00663188428030705,0.0075640788496677104,0.006357274389838378,0.007287005043661271
2016-02,Setor público,8,8,1742438647.3899999,1742438647.3899999,1476779994.53,0.0,0.0,0.0,0,0,126,25823393477.12,0.06349206349206349,0.12681626262797552,0,0.0,0.0,0.0,,,,
2016-02,Ações judiciais,16,16,1320416321.28,1320416321.28,1061773537.84,126547807.02,0.09583932353799267,0.11918530883472596,0,0,161,22167783851.82,0.09937888198757763,0.0856660265601646,3,234547374.81,228094386.74,126547807.02,0.5395404963390134,0.5548045650253076,0.44370117280102067,0.43561925619058167
2016-02,Agronegócio,2,1,148188167.69,120584872.33,108360824.43,0.0,0.0,0.0,1,0,37,6840908152.16,0.02702702702702703,0.10469503530227324,0,0.0,0.0,0.0,,,,
2016-02,Imobiliário,1,1,26147677.85,26147677.85,20173998.48,271803.59,0.010394941820808764,0.013472965722162581,0,0,16,1029125603.52,0.0625,0.09515013092189285,1,26147677.85,20173998.48,271803.59,0.010394941820808764,0.013472965722162581,0.0,0.0
2016-03,Financeiro,35,34,1877540270.38,1863851990.78,1762318519.31,15670821.770000001,0.008407760834829995,0.008892162000394568,1,0,1187,251728263957.17,0.02864363942712721,0.04325440390731247,9,460906375.36,398352062.42,15670821.770000001,0.03400001086502654,0.03933912548311992,0.025592250030196544,0.030446963482725353
2016-03,Comercial,9,9,2479416615.34,2479416615.34,2037007621.11,100240905.95,0.040429230541497385,0.04920988262939195,0,0,268,103124131712.81,0.033582089552238806,0.10754309926579846,3,1887529833.86,1648791777.12,100240905.95,0.05310692533267529,0.06079658289240996,0.012677694791177904,0.011586700263018009
2016-03,Cartão de crédito,1,1,40558553.07,40558553.07,0.0,0.0,0.0,,0,0,38,93875557493.45,0.02631578947368421,0.0004105538083509025,0,0.0,0.0,0.0,,,,
2016-03,Industrial,2,2,21047054887.14,21047054887.14,17901193298.4,0.0,0.0,0.0,0,0,55,63391493341.810005,0.03636363636363636,0.9281746487733081,0,0.0,0.0,0.0,,,,
2016-03,Serviços,8,8,7768252006.36,7768252006.36,7188289411.85,1485189.93,0.000191187145935025,0.00020661242820185321,0,0,125,32303069937.96,0.064,0.2255729531346261,1,335849079.35,263157682.77,1485189.93,0.00442219443588896,0.005643726279874781,0.004231007289953935,0.005437113851672928
2016-03,Setor público,8,8,1766964233.8700001,1766964233.8700001,1510206432.34,0.0,0.0,0.0,0,0,126,25823393477.12,0.06349206349206349,0.12681626262797552,0,0.0,0.0,0.0,,,,
2016-03,Ações judiciais,16,16,1320227088.45,1320227088.45,1157152998.28,123090770.22999999,0.09323454374392025,0.1063738074506681,0,0,161,22167783851.82,0.09937888198757763,0.0856660265601646,2,179634547.01,176797105.17000002,123090770.22999999,0.685228828634771,0.6962261633845279,0.5919942848908507,0.5898523559338598
2016-03,Agronegócio,2,1,150755348.38,122975957.23,104805863.77,0.0,0.0,0.0,1,0,37,6840908152.16,0.02702702702702703,0.10469503530227324,0,0.0,0.0,0.0,,,,
2016-03,Imobiliário,1,1,26530963.55,26530963.55,21168196.29,418222.59,0.015763565812897135,0.01975711979756968,0,0,16,1029125603.52,0.0625,0.09515013092189285,1,26530963.55,21168196.29,418222.59,0.015763565812897135,0.01975711979756968,0.0,0.0
2016-04,Financeiro,35,34,1694375848.43,1679776971.8500001,1608529054.06,78017705.2,0.04644527607380892,0.04850251539011981,1,0,1187,251728263957.17,0.02864363942712721,0.04325440390731247,10,543480018.44,486823323.42,78017705.2,0.14355211333057155,0.16025876626435032,0.09710683725676264,0.11175625087423051
2016-04,Comercial,8,8,2431152670.9900002,2431152670.9900002,1950560093.4499998,65702462.28,0.027025230897262005,0.033683895461939124,0,0,268,103124131712.81,0.029850746268656716,0.10514926815110374,3,1909308576.26,1627417137.9399998,65702462.28,0.03441165199639944,0.04037223201616692,0.0073864210991374316,0.006688336554227799
2016-04,Cartão de crédito,1,1,48836104.07,48836104.07,0.0,0.0,0.0,,0,0,38,93875557493.45,0.02631578947368421,0.0004105538083509025,0,0.0,0.0,0.0,,,,
2016-04,Industrial,2,2,23303792529.26,23303792529.26,20341266885.0,0.0,0.0,0.0,0,0,55,63391493341.810005,0.03636363636363636,0.9281746487733081,0,0.0,0.0,0.0,,,,
2016-04,Serviços,8,8,6768495700.46,6768495700.46,6892541884.43,1581242.57,0.0002336180208982826,0.0002294135598322542,0,0,125,32303069937.96,0.064,0.2255729531346261,1,331319117.65,272112833.83,1581242.57,0.004772566645762948,0.005810981230631213,0.004538948624864665,0.005581567670798959
2016-04,Setor público,8,8,1775925864.73,1775925864.73,1522006086.95,0.0,0.0,0.0,0,0,126,25823393477.12,0.06349206349206349,0.12681626262797552,0,0.0,0.0,0.0,,,,
2016-04,Ações judiciais,16,16,1312199595.73,1312199595.73,1144751754.51,123673821.16000001,0.0942492449795323,0.10803549387258847,0,0,161,22167783851.82,0.09937888198757763,0.0856660265601646,2,178201557.91,176520907.73000002,123673821.16000001,0.6940108863832772,0.7006185428706666,0.599761641403745,0.5925830489980781
2016-04,Agronegócio,2,1,153168455.85,125321834.64,100022998.92,0.0,0.0,0.0,1,0,37,6840908152.16,0.02702702702702703,0.10469503530227324,0,0.0,0.0,0.0,,,,
2016-04,Imobiliário,1,1,26949214.13,26949214.13,21882819.26,669388.28,0.02483887941113777,0.03058967274950659,0,0,16,1029125603.52,0.0625,0.09515013092189285,1,26949214.13,21882819.26,669388.28,0.02483887941113777,0.03058967274950659,0.0,0.0
2016-05,Financeiro,35,34,1736543731.57,1721079280.5,1661696556.99,17131216.22,0.009953763556448787,0.010309473259685578,1,0,1187,251728263957.17,0.02864363942712721,0.04325440390731247,9,479109877.38,423766450.13,17131216.22,0.03575634114178904,0.04042607954156024,0.025802577585340256,0.03011660628187466
2016-05,Comercial,9,9,2483111063.6200004,2483111063.6200004,1963981176.9,60136036.95999999,0.02421802143329455,0.030619456880396537,0,0,268,103124131712.81,0.033582089552238806,0.10754309926579846,3,1898512821.3400002,1610483376.3400002,60136036.95999999,0.03167533886737464,0.03734036491371039,0.007457317434080093,0.006720908033313856
2016-05,Cartão de crédito,1,1,48836104.07,48836104.07,0.0,0.0,0.0,,0,0,38,93875557493.45,0.02631578947368421,0.0004105538083509025,0,0.0,0.0,0.0,,,,
2016-05,Industrial,2,2,23267211830.3,23267211830.3,20774890669.29,0.0,0.0,0.0,0,0,55,63391493341.810005,0.03636363636363636,0.9281746487733081,0,0.0,0.0,0.0,,,,
2016-05,Serviços,8,8,6065136851.45,6065136851.45,6194201999.9,2549081.9699999997,0.00042028432868593686,0.00041152709744389233,0,0,125,32303069937.96,0.064,0.2255729531346261,2,348262584.53000003,288072049.83000004,2549081.9699999997,0.007319425293532836,0.00884876534014421,0.006899140964846899,0.008437238242700318
2016-05,Setor público,7,7,1874330753.17,1874330753.17,1509972036.1399999,0.0,0.0,0.0,0,0,126,25823393477.12,0.05555555555555555,0.12663241317402182,0,0.0,0.0,0.0,,,,
2016-05,Ações judiciais,16,14,1324020474.76,1214153216.86,1064030708.31,50196703.77,0.04134297308853403,0.04717599161186563,2,0,161,22167783851.82,0.08695652173913043,0.07460368009471643,1,90653560.06,90117488.82,50196703.77,0.5537201598787382,0.5570140094589467,0.5123771867902042,0.5098380178470812
2016-05,Agronegócio,2,1,138888297.14,111987487.53,39698692.46,0.0,0.0,0.0,1,0,37,6840908152.16,0.02702702702702703,0.10469503530227324,0,0.0,0.0,0.0,,,,
2016-05,Imobiliário,1,1,24726061.95,24726061.95,22463878.16,942623.0,0.038122649773592435,0.04196172153739993,0,0,16,1029125603.52,0.0625,0.09515013092189285,1,24726061.95,22463878.16,942623.0,0.038122649773592435,0.04196172153739993,0.0,0.0
2016-06,Financeiro,35,34,1767166982.91,1751480086.65,1663225558.24,24894150.970000003,0.014213208108813985,0.014967393235793354,1,0,1187,251728263957.17,0.02864363942712721,0.04325440390731247,10,503645386.90999997,450543419.85,24894150.970000003,0.049427934052433835,0.05525361124636565,0.03521472594361985,0.0402862180105723
2016-06,Comercial,9,9,2466187767.47,2466187767.47,2071487983.6,77353415.88,0.03136558249956568,0.03734195732362828,0,0,268,103124131712.81,0.033582089552238806,0.10754309926579846,3,1887073453.9,1635619901.05,77353415.88,0.040991205572912005,0.047293026839758015,0.009625623073346322,0.009951069516129736
2016-06,Cartão de crédito,1,1,50583904.92,50583904.92,0.0,0.0,0.0,,0,0,38,93875557493.45,0.02631578947368421,0.0004105538083509025,0,0.0,0.0,0.0,,,,
2016-06,Industrial,2,2,22532958905.960003,22532958905.960003,21449294888.69,0.0,0.0,0.0,0,0,55,63391493341.810005,0.03636363636363636,0.9281746487733081,0,0.0,0.0,0.0,,,,
2016-06,Serviços,8,8,5843648288.62,5843648288.62,5770760442.54,1909605.26,0.00032678305840527593,0.00033091050633865635,0,0,125,32303069937.96,0.064,0.2255729531346261,1,33311658.81,30828131.16,1909605.26,0.05732543284295244,0.06194359463728193,0.05699864978454716,0.06161268413094328
2016-06,Setor público,9,9,1961874817.6499999,1961874817.6499999,1585348315.3,0.0,0.0,0.0,0,0,126,25823393477.12,0.07142857142857142,0.1722971807265439,0,0.0,0.0,0.0,,,,
2016-06,Ações judiciais,16,14,1319783284.11,1213586243.81,1179102498.3,52863358.79,0.043559622614077954,0.044833556765605236,2,0,161,22167783851.82,0.08695652173913043,0.07460368009471643,1,92468035.36,92784143.84,52863358.79,0.5716933271501919,0.5697456117195983,0.528133704536114,0.5249120549539931
2016-06,Agronegócio,2,1,140745884.74,113318896.38,40093932.23,0.0,0.0,0.0,1,0,37,6840908152.16,0.02702702702702703,0.10469503530227324,0,0.0,0.0,0.0,,,,
2016-06,Imobiliário,2,2,33615297.1,33615297.1,24718179.73,472147.09,0.014045602173184422,0.019101207902739042,0,0,16,1029125603.52,0.125,0.1207923107877319,1,25414418.67,24718179.73,472147.09,0.01857792208945301,0.019101207902739042,0.004532319916268589,0.0
2016-07,Financeiro,38,37,1841892540.91,1826269568.85,1685676020.17,20788673.02,0.01138313498433345,0.012332543603428295,1,0,1187,251728263957.17,0.031171019376579612,0.043428468146787205,11,592987267.52,486089120.34999996,20788673.02,0.0350575369129639,0.042767204921252876,0.023674401928630448,0.03043466131782458
2016-07,Comercial,9,9,2458918862.9300003,2458918862.9300003,1950783737.14,73154038.47,0.029750488953844967,0.0374998197274545,0,0,268,103124131712.81,0.033582089552238806,0.10754309926579846,3,1878996459.38,1577832064.13,73154038.47,0.038932504691434146,0.04636364042350499,0.009182015737589179,0.00886382069605049
2016-07,Cartão de crédito,1,1,50583904.92,50583904.92,0.0,0.0,0.0,,0,0,38,93875557493.45,0.02631578947368421,0.0004105538083509025,0,0.0,0.0,0.0,,,,
2016-07,Industrial,2,2,26896101689.53,26896101689.53,23387344583.219997,0.0,0.0,0.0,0,0,55,63391493341.810005,0.03636363636363636,0.9281746487733081,0,0.0,0.0,0.0,,,,
2016-07,Serviços,8,8,6464627590.79,6464627590.79,6298635655.3,0.0,0.0,0.0,0,0,125,32303069937.96,0.064,0.2255729531346261,0,0.0,0.0,0.0,,,,
2016-07,Setor público,9,9,1985368248.22,1985368248.22,1598178904.37,0.0,0.0,0.0,0,0,126,25823393477.12,0.07142857142857142,0.1722971807265439,0,0.0,0.0,0.0,,,,
2016-07,Ações judiciais,17,16,1321626460.93,1238211063.29,1182525895.43,52920238.19,0.04273927100068691,0.044751864119437906,1,0,161,22167783851.82,0.09937888198757763,0.08412023997008168,1,92292318.07,92841023.24,52920238.19,0.573398082274433,0.5700092086792041,0.5306588112737461,0.5252573445597662
2016-07,Agronegócio,2,1,140347075.7,112847554.27,95761758.38,0.0,0.0,0.0,1,0,37,6840908152.16,0.02702702702702703,0.10469503530227324,0,0.0,0.0,0.0,,,,
2016-07,Imobiliário,2,2,37831003.6,37831003.6,36667690.44,492636.18,0.013022022497970421,0.0134351570575766,0,0,16,1029125603.52,0.125,0.1207923107877319,1,26647924.89,26123171.6,492636.18,0.018486849615253473,0.018858207094578056,0.0054648271172830516,0.005423050037001456
2016-08,Financeiro,38,37,1860938515.54,1845417606.32,1643028837.64,17161093.900000002,0.009299301058594228,0.010444791659682437,1,0,1187,251728263957.17,0.031171019376579612,0.043428468146787205,11,540543889.11,413301846.91,17161093.900000002,0.031747827041862534,0.04152193857419896,0.022448525983268304,0.031077146914516525
2016-08,Comercial,9,9,2457745000.44,2457745000.44,2021564486.4299998,81725188.58,0.03325210246195967,0.040426703737917034,0,0,268,103124131712.81,0.033582089552238806,0.10754309926579846,3,1872963157.8899999,1689636295.96,81725188.58,0.04363416772814052,0.04836850911371209,0.010382065266180851,0.007941805375795058
2016-08,Cartão de crédito,2,2,1352353008.44,1352353008.44,1302219381.76,0.0,0.0,0.0,0,0,38,93875557493.45,0.05263157894736842,0.00295232998525029,0,0.0,0.0,0.0,,,,
2016-08,Industrial,2,2,28160167505.829998,28160167505.829998,22036587514.45,0.0,0.0,0.0,0,0,55,63391493341.810005,0.03636363636363636,0.9281746487733081,0,0.0,0.0,0.0,,,,
2016-08,Serviços,8,8,6355136424.12,6355136424.12,6186765226.8,1258573.2,0.00019804031196297655,0.00020342992724987815,0,0,125,32303069937.96,0.064,0.2255729531346261,1,19550822.82,14566506.19,1258573.2,0.06437443639008948,0.0864018580422544,0.0641763960781265,0.08619842811500453
2016-08,Setor público,9,9,2004714035.8899999,2004714035.8899999,1601924672.96,0.0,0.0,0.0,0,0,126,25823393477.12,0.07142857142857142,0.1722971807265439,0,0.0,0.0,0.0,,,,
2016-08,Ações judiciais,18,17,2327234365.85,2240720626.15,2031021639.75,55424081.73,0.024734936200069484,0.027288769673976584,1,0,161,22167783851.82,0.10559006211180125,0.11318362654614236,1,95084706.02,95344866.78,55424081.73,0.5828916557657776,0.5813011607419438,0.5581567195657081,0.5540123910679673
2016-08,Agronegócio,2,1,139071793.0,110567244.14,88900773.03,0.0,0.0,0.0,1,0,37,6840908152.16,0.02702702702702703,0.10469503530227324,0,0.0,0.0,0.0,,,,
2016-08,Imobiliário,2,2,39954232.73,39954232.73,39777402.41,486257.44,0.01217036110506733,0.012224464407906017,0,0,16,1029125603.52,0.125,0.1207923107877319,1,27586334.54,27504155.36,486257.44,0.017626750639702784,0.01767941729660154,0.005456389534635455,0.005454952888695524
2016-09,Financeiro,39,38,1828946834.09,1813184100.65,1474308796.66,14760185.99,0.008140478390864275,0.010011597314917155,1,0,1187,251728263957.17,0.03201347935973041,0.043570397443078224,10,336486116.81,270131205.37,14760185.99,0.043865661174765425,0.054640803048958755,0.03572518278390115,0.044629205734041597
2016-09,Comercial,9,9,2471941592.11,2471941592.11,2133041902.54,79003684.49,0.03196017444027228,0.03703803680364806,0,0,268,103124131712.81,0.033582089552238806,0.10754309926579846,2,1650278738.73,1537460035.62,79003684.49,0.047872933605627506,0.05138584591445382,0.015912759165355228,0.014347809110805756
2016-09,Cartão de crédito,2,2,1824687063.33,1824687063.33,1773533910.63,0.0,0.0,0.0,0,0,38,93875557493.45,0.05263157894736842,0.00295232998525029,0,0.0,0.0,0.0,,,,
2016-09,Industrial,2,2,28190042677.95,28190042677.95,21509320833.93,0.0,0.0,0.0,0,0,55,63391493341.810005,0.03636363636363636,0.9281746487733081,0,0.0,0.0,0.0,,,,
2016-09,Serviços,8,8,6465784471.13,6465784471.13,6596558535.11,301949.1,4.669953063672559e-05,4.577373161973539e-05,0,0,125,32303069937.96,0.064,0.2255729531346261,1,629254528.84,617047594.6,301949.1,0.00047985208871937463,0.0004893449105749094,0.00043315255808264907,0.000443571178955174
2016-09,Setor público,8,8,1961031069.1799998,1961031069.1799998,1598422399.79,0.0,0.0,0.0,0,0,126,25823393477.12,0.06349206349206349,0.13602257981671528,0,0.0,0.0,0.0,,,,
2016-09,Ações judiciais,18,17,2316165062.06,2227744856.12,2127497926.52,57705422.63,0.02590306626518438,0.02712360933972338,1,0,161,22167783851.82,0.10559006211180125,0.11318362654614236,1,107056354.32,106259064.45,57705422.63,0.5390191268564394,0.5430635299556319,0.513116060591255,0.5159399206159085
2016-09,Agronegócio,2,1,140980764.55,113872581.8,75630337.27,0.0,0.0,0.0,1,0,37,6840908152.16,0.02702702702702703,0.10469503530227324,0,0.0,0.0,0.0,,,,
2016-09,Imobiliário,2,2,45336188.75,45336188.75,44285098.03,471212.1,0.010393729887583459,0.01064042129207408,0,0,16,1029125603.52,0.125,0.1207923107877319,1,30754935.62,30350448.21,471212.1,0.015321511507036605,0.015525704817919062,0.004927781619453146,0.004885283525844981
2016-10,Financeiro,41,40,1885804931.14,1869930674.93,1625407403.74,11335681.03,0.0060620862484243405,0.006974055245421568,1,0,1187,251728263957.17,0.03369839932603201,0.04383433532341614,9,393873923.68,331577963.64000005,11335681.03,0.028779973358199745,0.03418707596113759,0.022717887109775403,0.027213020715716022
2016-10,Comercial,9,9,2518323153.29,2518323153.29,2227950188.14,74592716.91,0.02961999408715685,0.03348042398213292,0,0,268,103124131712.81,0.033582089552238806,0.10754309926579846,2,1660249469.4699998,1505729903.6,74592716.91,0.04492861963317608,0.049539241222252894,0.015308625546019226,0.016058817240119976
2016-10,Cartão de crédito,2,2,4940322998.04,4940322998.04,4882908146.45,0.0,0.0,0.0,0,0,38,93875557493.45,0.05263157894736842,0.00295232998525029,0,0.0,0.0,0.0,,,,
2016-10,Industrial,2,2,23796231799.219997,23796231799.219997,23020301386.11,0.0,0.0,0.0,0,0,55,63391493341.810005,0.03636363636363636,0.9281746487733081,0,0.0,0.0,0.0,,,,
2016-10,Serviços,8,8,6924064827.26,6924064827.26,6741705240.21,1616053.55,0.00023339665215692482,0.00023970990905405721,0,0,125,32303069937.96,0.064,0.2255729531346261,1,36852861.49,23944973.91,1616053.55,0.043851507987745134,0.0674903032291506,0.04361811133558821,0.06725059332009654
2016-10,Setor público,9,9,2040217607.43,2040217607.43,1623801536.07,0.0,0.0,0.0,0,0,126,25823393477.12,0.07142857142857142,0.1722971807265439,0,0.0,0.0,0.0,,,,
2016-10,Ações judiciais,18,18,2324099703.36,2324099703.36,2161924191.83,0.0,0.0,0.0,0,0,161,22167783851.82,0.11180124223602485,0.11512812320391094,0,0.0,0.0,0.0,,,,
2016-10,Agronegócio,2,1,140831497.89,115454365.17,66495677.51,0.0,0.0,0.0,1,0,37,6840908152.16,0.02702702702702703,0.10469503530227324,0,0.0,0.0,0.0,,,,
2016-10,Imobiliário,3,3,51309610.3,51309610.3,50361027.53,0.0,0.0,0.0,0,0,16,1029125603.52,0.1875,0.13717145781540802,0,0.0,0.0,0.0,,,,
2016-11,Financeiro,41,40,1963216931.84,1947130932.37,1685515225.38,105324149.21000001,0.05409197063178594,0.06248780647250139,1,0,1187,251728263957.17,0.03369839932603201,0.04383433532341614,12,583116472.98,488214181.01,105324149.21000001,0.18062283281373268,0.21573349014997717,0.12653086218194673,0.15324568367747576
2016-11,Comercial,9,9,2492172022.11,2492172022.11,2219004625.95,80451350.22,0.032281620011080044,0.03625560275051576,0,0,268,103124131712.81,0.033582089552238806,0.10754309926579846,3,1876285087.83,1695690404.01,80451350.22,0.042877999053462214,0.04744459839469939,0.01059637904238217,0.01118899564418363
2016-11,Cartão de crédito,2,2,6182074205.05,6182074205.05,6178598440.04,0.0,0.0,0.0,0,0,38,93875557493.45,0.05263157894736842,0.00295232998525029,0,0.0,0.0,0.0,,,,
2016-11,Industrial,2,2,24188952720.92,24188952720.92,23707360140.64,0.0,0.0,0.0,0,0,55,63391493341.810005,0.03636363636363636,0.9281746487733081,0,0.0,0.0,0.0,,,,
2016-11,Serviços,8,8,6407163021.88,6407163021.88,6156923405.45,2303323.59,0.00035949195956686534,0.0003741030118973282,0,0,125,32303069937.96,0.064,0.2255729531346261,1,56933405.87,44199473.44,2303323.59,0.040456451793158814,0.05211201425570648,0.04009695983359195,0.05173791124380915
2016-11,Setor público,9,9,2053516763.65,2053516763.65,1799262742.9,0.0,0.0,0.0,0,0,126,25823393477.12,0.07142857142857142,0.1722971807265439,0,0.0,0.0,0.0,,,,
2016-11,Ações judiciais,18,18,2338391906.06,2338391906.06,2279637957.64,0.0,0.0,0.0,0,0,161,22167783851.82,0.11180124223602485,0.11512812320391091,0,0.0,0.0,0.0,,,,
2016-11,Agronegócio,3,2,342213642.85,318762000.25,247533197.49,0.0,0.0,0.0,1,0,37,6840908152.16,0.05405405405405406,0.1580649074755637,0,0.0,0.0,0.0,,,,
2016-11,Imobiliário,3,3,53342372.14,53342372.14,50583153.93,16448.65,0.0003083599273918605,0.0003251803954882416,0,0,16,1029125603.52,0.1875,0.13717145781540802,1,3015173.14,2825232.06,16448.65,0.0054552920300954925,0.005822052720157791,0.005146932102703632,0.00549687232466955
2016-12,Financeiro,42,41,2294689702.18,2278648271.86,1956222311.71,255603627.88,0.112173357791353,0.13066185082848186,1,0,1187,251728263957.17,0.03454085930918281,0.04484649734477482,14,951172134.3199999,754002310.57,255603627.88,0.26872489075043493,0.3389958151279037,0.15655153295908192,0.20833396429942186
2016-12,Comercial,9,9,2468803548.89,2468803548.89,2213385237.59,76704397.10000001,0.031069461616128637,0.03465478841971407,0,0,268,103124131712.81,0.033582089552238806,0.10754309926579846,3,1877184759.3700001,1706620418.94,76704397.10000001,0.04086139987932924,0.04494520061329274,0.009791938263200604,0.010290412193578673
2016-12,Cartão de crédito,4,4,8436738828.32,8436738828.32,8370664763.7699995,0.0,0.0,0.0,0,0,38,93875557493.45,0.10526315789473684,0.3862914131143265,0,0.0,0.0,0.0,,,,
2016-12,Industrial,2,2,25409556657.48,25409556657.48,23432173207.71,0.0,0.0,0.0,0,0,55,63391493341.810005,0.03636363636363636,0.9281746487733081,0,0.0,0.0,0.0,,,,
2016-12,Serviços,8,8,6727052163.36,6727052163.36,7018357020.79,492785.46,7.325429445664735e-05,7.021379199437351e-05,0,0,125,32303069937.96,0.064,0.2255729531346261,1,109099380.44,108932012.52,492785.46,0.004516849298434018,0.004523789183730763,0.00444359500397737,0.004453575391736389
2016-12,Setor público,10,10,2135491293.08,2135491293.08,2053654858.3700001,0.0,0.0,0.0,0,0,126,25823393477.12,0.07936507936507936,0.17748875591238397,0,0.0,0.0,0.0,,,,
2016-12,Ações judiciais,18,18,2335250243.32,2335250243.32,2269478278.94,0.0,0.0,0.0,0,0,161,22167783851.82,0.11180124223602485,0.11512812320391091,0,0.0,0.0,0.0,,,,
2016-12,Agronegócio,3,2,345191202.79,321762205.18,310132253.12,0.0,0.0,0.0,1,0,37,6840908152.16,0.05405405405405406,0.1580649074755637,0,0.0,0.0,0.0,,,,
2016-12,Imobiliário,3,3,57708139.089999996,57708139.089999996,52715947.32,34149.4,0.0005917605477927741,0.0006478001769123856,0,0,16,1029125603.52,0.1875,0.13717145781540802,1,3901925.45,3746254.07,34149.4,0.008751935534801159,0.009115612385574266,0.008160174987008384,0.00846781220866188
2017-01,Financeiro,42,41,2267215725.75,2250847948.28,1827883287.02,254374150.6,0.11301258745371122,0.13916323454913057,1,0,1187,251728263957.17,0.03454085930918281,0.04484649734477482,14,952632590.61,696708530.14,254374150.6,0.267022305458935,0.3651084199426765,0.15400971800522378,0.22594518539354594
2017-01,Comercial,10,10,2481358513.6,2481358513.6,2116110731.99,100516952.96000001,0.04050883917381539,0.04750080014266239,0,0,268,103124131712.81,0.03731343283582089,0.10800250102980008,3,1901464612.48,1652511920.04,100516952.96000001,0.05286291014845656,0.060826764237541436,0.012354070974641168,0.013325964094879045
2017-01,Cartão de crédito,4,4,8325432207.03,8325432207.03,8267116455.400001,0.0,0.0,0.0,0,0,38,93875557493.45,0.10526315789473684,0.3862914131143265,0,0.0,0.0,0.0,,,,
2017-01,Industrial,2,2,20778119162.629997,20778119162.629997,19919669549.16,0.0,0.0,0.0,0,0,55,63391493341.810005,0.03636363636363636,0.9281746487733081,0,0.0,0.0,0.0,,,,
2017-01,Serviços,8,8,6569582467.93,6569582467.93,6569800755.16,2354602.92,0.00035840982764037184,0.00035839791916835026,0,0,125,32303069937.96,0.064,0.2255729531346261,1,30134980.42,19892149.31,2354602.92,0.07813520656669469,0.11836845196091081,0.07777679673905431,0.11801005404174246
2017-01,Setor público,10,10,2231957576.54,2231957576.54,2074893820.32,24342753.56,0.010906458893244892,0.0117320478385953,0,0,126,25823393477.12,0.07936507936507936,0.17748875591238397,1,298715414.31,251506294.9,24342753.56,0.08149145438721032,0.09678785006028888,0.07058499549396544,0.08505580222169358
2017-01,Ações judiciais,18,17,2345410720.36,2263009302.21,2669212870.26,142838619.01,0.063118882839106,0.053513386137721754,1,0,161,22167783851.82,0.10559006211180125,0.11318362654614236,1,143560426.4,142838619.01,142838619.01,0.9949721005426045,1.0,0.9318532177034986,0.9464866138622783
2017-01,Agronegócio,3,2,343941883.24,322226703.81,311549294.31,0.0,0.0,0.0,1,0,37,6840908152.16,0.05405405405405406,0.1580649074755637,0,0.0,0.0,0.0,,,,
2017-01,Imobiliário,3,3,62748646.18,62748646.18,58855481.400000006,74289.69,0.001183924985200374,0.0012622391021679758,0,0,16,1029125603.52,0.1875,0.13717145781540802,1,4484500.22,4273993.02,74289.69,0.01656587944152225,0.017381799561291753,0.015381954456321878,0.016119560459123775
2017-02,Financeiro,41,40,2257052241.17,2240509051.5,1832429970.34,254463405.02,0.1135739241265904,0.13886664655063755,1,0,1187,251728263957.17,0.03369839932603201,0.043448395204286214,14,963567173.12,689217067.3100001,254463405.02,0.2640847593386308,0.36920647657952727,0.1505108352120404,0.23033983002888972
2017-02,Comercial,11,11,2502885463.82,2502885463.82,2158960599.8,94348576.67,0.037695922579693904,0.043700925657809676,0,0,268,103124131712.81,0.041044776119402986,0.10851478197493444,3,1917992962.91,1720788200.99,94348576.67,0.04919130491847754,0.054828698044140235,0.011495382338783638,0.011127772386330559
2017-02,Cartão de crédito,4,4,9261143974.039999,9261143974.039999,9147798665.45,0.0,0.0,0.0,0,0,38,93875557493.45,0.10526315789473684,0.3862914131143265,0,0.0,0.0,0.0,,,,
2017-02,Industrial,2,2,23382992961.38,23382992961.38,20925081212.38,0.0,0.0,0.0,0,0,55,63391493341.810005,0.03636363636363636,0.9281746487733081,0,0.0,0.0,0.0,,,,
2017-02,Serviços,9,9,6627929174.9,6627929174.9,6454267945.04,0.0,0.0,0.0,0,0,125,32303069937.96,0.072,0.22617962829514915,0,0.0,0.0,0.0,,,,
2017-02,Setor público,10,10,2257610137.09,2257610137.09,2091939259.31,24342753.56,0.010782532005892374,0.011636453329925626,0,0,126,25823393477.12,0.07936507936507936,0.17748875591238397,1,310909769.82,257674871.17,24342753.56,0.0782952352191864,0.09447080908382394,0.06751270321329403,0.0828343557538983
2017-02,Ações judiciais,19,18,2449399442.77,2368579766.39,2677155189.81,158325089.84,0.06684389189109154,0.05913930221252376,1,0,161,22167783851.82,0.11180124223602485,0.12562359142234983,1,180644033.87,158325089.84,158325089.84,0.8764479315931255,1.0,0.809604039702034,0.9408606977874763
2017-02,Agronegócio,3,2,346828242.73,326159287.28000003,312470698.77,0.0,0.0,0.0,1,0,37,6840908152.16,0.05405405405405406,0.1580649074755637,0,0.0,0.0,0.0,,,,
2017-02,Imobiliário,3,3,65541560.56,65541560.56,61227656.94,511977.4,0.007811492366455182,0.008361864973890997,0,0,16,1029125603.52,0.1875,0.13717145781540802,2,44311650.94,42452742.43,511977.4,0.01155401320283103,0.012059937019244295,0.003742520836375848,0.0036980720453532977
2017-03,Financeiro,42,41,2339343365.68,2316156865.2799997,1782777198.5,254881702.26999998,0.11004509499799676,0.14296890406970278,1,0,1187,251728263957.17,0.03454085930918281,0.04484649734477482,15,976811496.22,764110739.89,254881702.26999998,0.2609323326520257,0.3335664439249896,0.15088723765402895,0.1905975398552868
2017-03,Comercial,12,12,2518203632.2999997,2518203632.2999997,2177244186.12,140699372.96,0.055872913197052426,0.06462268856059551,0,0,268,103124131712.81,0.04477611940298507,0.10865306643302534,4,1925790646.6399999,1804941736.66,140699372.96,0.07306057551244396,0.0779523073250889,0.01718766231539154,0.013329618764493387
2017-03,Cartão de crédito,4,4,8857973784.31,8857973784.31,8756452800.42,0.0,0.0,0.0,0,0,38,93875557493.45,0.10526315789473684,0.3862914131143265,0,0.0,0.0,0.0,,,,
2017-03,Industrial,2,2,25694269241.800003,25694269241.800003,16832470379.61,0.0,0.0,0.0,0,0,55,63391493341.810005,0.03636363636363636,0.9281746487733081,0,0.0,0.0,0.0,,,,
2017-03,Serviços,9,9,5797693330.18,5797693330.18,5638994002.42,0.0,0.0,0.0,0,0,125,32303069937.96,0.072,0.23941062644984007,0,0.0,0.0,0.0,,,,
2017-03,Setor público,10,10,2289978050.37,2289978050.37,2122813385.44,24342753.56,0.010630125278304241,0.011467213145989478,0,0,126,25823393477.12,0.07936507936507936,0.17748875591238397,1,322392654.27,266331924.55,24342753.56,0.07550653911491803,0.0914000587842784,0.06487641383661379,0.07993284563828892
2017-03,Ações judiciais,19,18,2470094621.59,2382039944.36,2192328757.76,162602539.04,0.06826188596249069,0.07416886653721508,1,0,161,22167783851.82,0.11180124223602485,0.12562359142234983,1,184784270.48,162602539.04,162602539.04,0.8799587682307579,1.0,0.8116968822682672,0.9258311334627849
2017-03,Agronegócio,3,2,351889583.33,331249710.98,308247138.28000003,0.0,0.0,0.0,1,0,37,6840908152.16,0.05405405405405406,0.1580649074755637,0,0.0,0.0,0.0,,,,
2017-03,Imobiliário,3,3,68512385.7,68512385.7,66467850.34,609999.72,0.008903495532487347,0.00917736494981703,0,0,16,1029125603.52,0.1875,0.13717145781540802,2,45413128.08,43603805.49,609999.72,0.013432233052200706,0.013989598227611026,0.004528737519713359,0.004812233277793997
2017-04,Financeiro,41,40,2352282000.44,2328429568.53,1875280756.13,253257726.23999998,0.1087676130139029,0.13505056531516146,1,0,1187,251728263957.17,0.03369839932603201,0.04440789318386588,14,962045631.45,705473918.96,253257726.23999998,0.26324918274228704,0.358989495477521,0.15448156972838412,0.22393893016235955
2017-04,Comercial,12,12,2563278549.45,2563278549.45,2153694309.01,99429980.11,0.03879015806976366,0.04616717409431494,0,0,268,103124131712.81,0.04477611940298507,0.10865306643302534,4,1969303126.49,1767937652.92,99429980.11,0.05048993157656722,0.05624065981386689,0.011699773506803561,0.010073485719551946
2017-04,Cartão de crédito,4,4,8726432653.74,8726432653.74,8624732621.07,0.0,0.0,0.0,0,0,38,93875557493.45,0.10526315789473684,0.3862914131143265,0,0.0,0.0,0.0,,,,
2017-04,Industrial,2,2,22152033808.15,22152033808.15,20577990405.99,0.0,0.0,0.0,0,0,55,63391493341.810005,0.03636363636363636,0.9281746487733081,0,0.0,0.0,0.0,,,,
2017-04,Serviços,10,10,5718654660.09,5718654660.09,5395079876.63,0.0,0.0,0.0,0,0,125,32303069937.96,0.08,0.2465610917326635,0,0.0,0.0,0.0,,,,
2017-04,Setor público,10,10,2311955085.99,2311955085.99,2139532644.71,24342753.56,0.010529077189912715,0.011377603244422337,0,0,126,25823393477.12,0.07936507936507936,0.17748875591238397,1,328459174.49,272530271.53,24342753.56,0.074111961091655,0.0893212831856749,0.06358288390174227,0.07794367994125256
2017-04,Ações judiciais,19,18,2480513041.7599998,2390221586.02,2201422406.1800003,166849411.62,0.06980499740939244,0.07579163869305938,1,0,161,22167783851.82,0.11180124223602485,0.12562359142234983,1,188202538.17,166849411.62,166849411.62,0.8865417716592532,1.0,0.8167367742498608,0.9242083613069406
2017-04,Agronegócio,3,2,354557396.76,335028105.71999997,280370929.79999995,4144149.53,0.012369557834838717,0.014780952978813428,1,0,37,6840908152.16,0.05405405405405406,0.1580649074755637,1,209905792.42,171876938.42,4144149.53,0.019742902195419083,0.02411114351986722,0.007373344360580366,0.009330190541053792
2017-04,Imobiliário,3,3,69523807.87,69523807.87,67753787.98,668999.83,0.009622600523419804,0.00987398417041243,0,0,16,1029125603.52,0.1875,0.13717145781540802,2,45621129.74,43970255.379999995,668999.83,0.014664253906308457,0.015214827028371014,0.005041653382888653,0.0053408428579585845
2017-05,Financeiro,43,42,2490136415.94,2466025114.46,1879017620.36,264336875.65,0.10719147753200535,0.1406782314257148,1,0,1187,251728263957.17,0.03538331929233361,0.046334467019223974,16,1021843845.23,739950777.44,264336875.65,0.2586861748827211,0.35723575636277255,0.15149469735071575,0.21655752493705774
2017-05,Comercial,12,12,2528709266.2000003,2528709266.2000003,2085509845.89,107980441.4,0.042701801604210055,0.05177651959438192,0,0,268,103124131712.81,0.04477611940298507,0.10865306643302534,3,1677362010.3600001,1557550836.24,107980441.4,0.06437515618755724,0.0693270735616372,0.021673354583347182,0.01755055396725528
2017-05,Cartão de crédito,4,4,8251615365.82,8251615365.82,8311405886.79,0.0,0.0,0.0,0,0,38,93875557493.45,0.10526315789473684,0.3862914131143265,0,0.0,0.0,0.0,,,,
2017-05,Industrial,2,2,20061425405.649998,20061425405.649998,18974118153.53,0.0,0.0,0.0,0,0,55,63391493341.810005,0.03636363636363636,0.9281746487733081,0,0.0,0.0,0.0,,,,
2017-05,Serviços,10,10,5563194960.21,5563194960.21,5248000475.82,8495381.34,0.0015270687798579893,0.0016187844073456562,0,0,125,32303069937.96,0.08,0.2465610917326635,1,539746746.46,407554406.16,8495381.34,0.01573956933639355,0.02084477854145646,0.01421250055653556,0.019225994134110806
2017-05,Setor público,12,12,2799964108.43,2799964108.43,2577877007.91,24342753.56,0.008693951999852421,0.009442946069694674,0,0,126,25823393477.12,0.09523809523809523,0.1850544942508833,1,332498973.99,280515560.93,24342753.56,0.07321151481427463,0.08677862104795855,0.0645175628144222,0.07733567497826388
2017-05,Ações judiciais,19,18,2554093328.12,2461928039.16,2283348069.64,519642110.01,0.21107120181599615,0.22757901737334704,1,0,161,22167783851.82,0.11180124223602485,0.12562359142234983,2,520310608.52,519642110.01,519642110.01,0.9987151933882311,1.0,0.787643991572235,0.7724209826266529
2017-05,Agronegócio,3,2,341098211.23,322684959.23,171971665.82999998,28287179.58,0.08766190914971576,0.16448744299519008,1,0,37,6840908152.16,0.05405405405405406,0.1580649074755637,1,211795692.72,91932879.92,28287179.58,0.13355880479305338,0.30769382624166136,0.04589689564333761,0.14320638324647128
2017-05,Imobiliário,3,3,77136352.74,77136352.74,74373221.53,650935.0900000001,0.008438758988178731,0.008752277723204874,0,0,16,1029125603.52,0.1875,0.13717145781540802,2,47530648.739999995,45148809.65,650935.0900000001,0.013695060077145502,0.014417547108022151,0.005256301088966771,0.0056652693848172776
2017-06,Financeiro,41,40,2312060147.87,2294041714.46,1591513534.99,63822125.55,0.027820821717282174,0.040101528605850666,1,0,1187,251728263957.17,0.03369839932603201,0.04286552938956402,13,675819369.46,439352574.06,63822125.55,0.09443666227115656,0.14526403011646896,0.06661584055387439,0.10516250151061829
2017-06,Comercial,12,12,2555919076.0,2555919076.0,2159576428.19,107647177.7,0.042116817668760964,0.04984643113104455,0,0,268,103124131712.81,0.04477611940298507,0.10865306643302534,4,1953547024.12,1778328648.27,107647177.7,0.05510344843042161,0.06053278048729728,0.012986630761660643,0.010686349356252733
2017-06,Cartão de crédito,5,5,8403025221.5199995,8403025221.5199995,9274666559.45,0.0,0.0,0.0,0,0,38,93875557493.45,0.13157894736842105,0.390016153249099,0,0.0,0.0,0.0,,,,
2017-06,Industrial,2,2,21507289050.91,21507289050.91,20618915548.879997,0.0,0.0,0.0,0,0,55,63391493341.810005,0.03636363636363636,0.9281746487733081,0,0.0,0.0,0.0,,,,
2017-06,Serviços,10,10,5247480891.97,5247480891.97,5402527169.69,8267129.34,0.0015754472498700932,0.0015302337369780174,0,0,125,32303069937.96,0.08,0.2465610917326635,2,569362755.9200001,403832758.5,8267129.34,0.014519968603569139,0.020471665970605006,0.012944521353699046,0.018941432233626987
2017-06,Setor público,13,13,2903367703.5,2903367703.5,2662960376.99,24342753.56,0.008384316437306543,0.009141237612973845,0,0,126,25823393477.12,0.10317460317460317,0.19450814659275306,1,339950538.03,288402491.38,24342753.56,0.07160675109110079,0.0844054898538512,0.06322243465379425,0.07526425224087735
2017-06,Ações judiciais,19,18,2588926597.2,2489226489.61,2428395195.65,144431102.8,0.05802248345132659,0.05947594652580452,1,0,161,22167783851.82,0.11180124223602485,0.12562359142234983,1,255138842.5,144431102.8,144431102.8,0.5660882576121274,1.0,0.5080657741608009,0.9405240534741954
2017-06,Agronegócio,3,2,341040233.97,322540402.94,211394075.93,16554547.4,0.05132549984157963,0.07831131183393139,1,0,37,6840908152.16,0.05405405405405406,0.1580649074755637,1,210437653.71,113181360.82,16554547.4,0.07866723045113161,0.14626566848164888,0.02734173060955198,0.06795435664771748
2017-06,Imobiliário,3,3,79382699.94,79382699.94,75676339.3,727505.78,0.009164538124174062,0.009613384932851793,0,0,16,1029125603.52,0.1875,0.13717145781540802,2,47546806.019999996,44605328.99,727505.78,0.015300833870817388,0.01630984002299587,0.006136295746643327,0.006696455090144078
2017-07,Financeiro,43,42,2695642226.55,2677668677.37,1886231840.29,263620931.2,0.09845166186091696,0.13976061986074279,1,0,1187,251728263957.17,0.03538331929233361,0.04536067422346661,14,957632088.65,675830055.26,263620931.2,0.27528414547139246,0.3900698543194884,0.1768324836104755,0.2503092344587456
2017-07,Comercial,12,12,2596335548.21,2596335548.21,2213733407.42,112741628.67,0.04342336596197199,0.050928277222592466,0,0,268,103124131712.81,0.04477611940298507,0.10865306643302534,3,1722410100.03,1587121035.08,112741628.67,0.06545574057423162,0.0710353061789753,0.022032374612259632,0.020107028956382833
2017-07,Cartão de crédito,6,6,13340800268.82,13340800268.82,8812994667.99,0.0,0.0,0.0,0,0,38,93875557493.45,0.15789473684210525,0.46144651951283994,0,0.0,0.0,0.0,,,,
2017-07,Industrial,2,2,19712549645.63,19712549645.63,17322313670.37,0.0,0.0,0.0,0,0,55,63391493341.810005,0.03636363636363636,0.9281746487733081,0,0.0,0.0,0.0,,,,
2017-07,Serviços,10,10,5514192289.93,5514192289.93,5235349400.0,8436305.5,0.0015299258815123936,0.001611412124661632,0,0,125,32303069937.96,0.08,0.2465610917326635,3,600266390.94,456199178.96999997,8436305.5,0.014054269283324336,0.01849259246596491,0.012524343401811942,0.01688118034130328
2017-07,Setor público,13,13,2974613432.33,2974613432.33,2734725131.46,24342753.56,0.008183501525081342,0.008901352929390758,0,0,126,25823393477.12,0.10317460317460317,0.19450814659275306,1,348569756.76,296274564.09,24342753.56,0.06983610335638116,0.0821628195952905,0.061652601831299815,0.07326146666589974
2017-07,Ações judiciais,19,18,2682760690.65,2581789906.16,2380517897.31,83485223.78,0.032336180252625954,0.03507019370631022,1,0,161,22167783851.82,0.11180124223602485,0.12562359142234983,1,313974847.25,83485223.78,83485223.78,0.26589780841114813,1.0,0.23356162815852216,0.9649298062936897
2017-07,Agronegócio,3,2,349817451.96,331606264.82,183479058.86,12789403.84,0.038568040464923806,0.0697049784289481,1,0,37,6840908152.16,0.05405405405405406,0.1580649074755637,1,218116782.0,97743591.93,12789403.84,0.058635579173362276,0.13084646867857333,0.02006753870843847,0.06114149024962523
2017-07,Imobiliário,3,3,83554222.24,83554222.24,77787817.17,805590.4099999999,0.0096415284398918,0.01035625422216742,0,0,16,1029125603.52,0.1875,0.13717145781540802,2,50746678.19,47228029.72,805590.4099999999,0.015874741731543473,0.017057463857291736,0.006233213291651673,0.006701209635124316
2017-08,Financeiro,45,44,2785080143.3,2766950001.67,1923664810.02,264178087.29,0.09547627789824702,0.13733062325304654,1,0,1187,251728263957.17,0.03706823925863521,0.047374170446903154,16,997281930.29,664443214.11,264178087.29,0.26489809878855375,0.39759317527812804,0.16942182089030672,0.26026255202508153
2017-08,Comercial,12,12,2631400723.35,2631400723.35,2266395776.42,118963503.12,0.04520919298393641,0.05249017155684733,0,0,268,103124131712.81,0.04477611940298507,0.10865306643302534,3,1736945693.19,1604922878.92,118963503.12,0.06849005330818186,0.07412412439409802,0.023280860324245457,0.02163395283725069
2017-08,Cartão de crédito,6,6,9589066685.69,9589066685.69,8937542357.07,0.0,0.0,0.0,0,0,38,93875557493.45,0.15789473684210525,0.46144651951283994,0,0.0,0.0,0.0,,,,
2017-08,Industrial,2,2,30566171859.1,30566171859.1,20198276661.36,0.0,0.0,0.0,0,0,55,63391493341.810005,0.03636363636363636,0.9281746487733081,0,0.0,0.0,0.0,,,,
2017-08,Serviços,10,10,5471713310.95,5471713310.95,5221358829.639999,8262636.75,0.001510063901459311,0.001582468667561331,0,0,125,32303069937.96,0.08,0.2465610917326635,2,557394218.13,474826935.64,8262636.75,0.014823685788704972,0.017401364854887868,0.013313621887245662,0.015818896187326535
2017-08,Setor público,13,13,3046323566.88,3046323566.88,2823321046.83,24342753.56,0.00799086276476254,0.008622028156284893,0,0,126,25823393477.12,0.10317460317460317,0.19450814659275306,1,394869058.51,334842580.22,24342753.56,0.061647660244271894,0.07269909801795875,0.053656797479509355,0.06407706986167386
2017-08,Ações judiciais,20,19,2729705288.71,2633257804.42,2440479424.98,91649287.46,0.03480452514226445,0.03755380460163112,1,0,161,22167783851.82,0.11801242236024845,0.12592672413263417,1,375239869.07,91649287.46,91649287.46,0.2442418703725298,1.0,0.20943734523026536,0.9624461953983688
2017-08,Agronegócio,3,2,358708912.86,337093890.58,215775461.67000002,10058789.1,0.029839725314193502,0.04661692771805343,1,0,37,6840908152.16,0.05405405405405406,0.1580649074755637,1,221963017.94,119801201.39,10058789.1,0.04531741005034922,0.0839623391359381,0.015477684736155718,0.03734541141788467
2017-08,Imobiliário,3,3,84802906.83,84802906.83,79961763.32,714083.17,0.008420503455518166,0.0089303079415883,0,0,16,1029125603.52,0.1875,0.13717145781540802,2,51362100.3,49161706.69,714083.17,0.013902919970739594,0.014525190805575754,0.005482416515221428,0.0055948828639874534
2017-09,Financeiro,47,46,3056984181.23,3038496478.53,1954792453.33,257918759.39,0.08488367888936274,0.13194176136225302,1,0,1187,251728263957.17,0.038753159224936815,0.04877871449071444,15,955979451.91,667762915.15,257918759.39,0.269795296200866,0.3862430116114842,0.18491161731150327,0.2543012502492312
2017-09,Comercial,12,12,2668166191.74,2668166191.74,2323112045.54,117224799.97999999,0.04393459460767465,0.0504602437084568,0,0,268,103124131712.81,0.04477611940298507,0.10865306643302534,3,1762483399.08,1656306114.4399998,117224799.97999999,0.06651115127733416,0.07077483984271465,0.022576556669659513,0.020314596134257852
2017-09,Cartão de crédito,6,6,9553602139.94,9553602139.94,9488848687.55,699197.09,7.318674985186176e-05,7.368618817975178e-05,0,0,38,93875557493.45,0.15789473684210525,0.46144651951283994,1,42121478.92,40973154.97,699197.09,0.01659953800121698,0.017064760829668665,0.016526351251365118,0.016991074641488912
2017-09,Industrial,2,2,26745877831.949997,26745877831.949997,18824708059.57,0.0,0.0,0.0,0,0,55,63391493341.810005,0.03636363636363636,0.9281746487733081,0,0.0,0.0,0.0,,,,
2017-09,Serviços,10,10,4886035380.25,4886035380.25,5208571083.18,10749458.17,0.0022000369079296332,0.002063801760278005,0,0,125,32303069937.96,0.08,0.2465610917326635,3,589516391.67,506975586.09000003,10749458.17,0.018234366884266964,0.021203108127758483,0.01603432997633733,0.01913930636748048
2017-09,Setor público,13,13,3075123931.83,3075123931.83,2852946426.48,24342753.56,0.007916023581369508,0.008532495855533602,0,0,126,25823393477.12,0.10317460317460317,0.19450814659275306,1,401924597.54,344021054.53,24342753.56,0.060565473496748054,0.0707594876518734,0.052649449915378545,0.062226991796339795
2017-09,Ações judiciais,20,19,2886923974.12,2790467353.9900002,2500929529.88,99946331.7,0.0358170582275725,0.039963673708469365,1,0,161,22167783851.82,0.11801242236024845,0.1259267241326342,1,474431199.35,99946331.7,99946331.7,0.2106655966912223,1.0,0.1748485384636498,0.9600363262915307
2017-09,Agronegócio,3,2,356871049.87,335379969.5,197754051.25,17475298.49,0.0521059695844477,0.08836885201359433,1,0,37,6840908152.16,0.05405405405405406,0.1580649074755637,1,219012217.54,104381450.17,17475298.49,0.07979143212322547,0.16741766340225198,0.027685462538777766,0.07904881138865764
2017-09,Imobiliário,3,3,85846477.71000001,85846477.71000001,80423283.32,804098.0700000001,0.009366698453445493,0.009998324326060357,0,0,16,1029125603.52,0.1875,0.13717145781540802,2,52124237.76,49364032.55,804098.0700000001,0.015426567457971784,0.016289148768094314,0.0060598690045262915,0.006290824442033957
2017-10,Financeiro,47,46,3051239627.39,3032672142.98,1956201011.06,258426227.20999998,0.08521403403536465,0.13210617198790192,1,0,1187,251728263957.17,0.038753159224936815,0.04877871449071444,15,965341529.23,662014931.56,258426227.20999998,0.2677044542112804,0.39036313969691516,0.18249042017591577,0.25825696770901324
2017-10,Comercial,13,13,2632165544.1,2632165544.1,2252060629.2,122545451.63,0.04655689377314648,0.05441481017033358,0,0,268,103124131712.81,0.048507462686567165,0.1273247225975816,3,1723171619.28,1577018126.98,122545451.63,0.07111621980009378,0.07770706597055757,0.024559326026947298,0.02329225580022399
2017-10,Cartão de crédito,6,6,9363850776.09,9363850776.09,9286334617.5,432342.29,4.617142032036207e-05,4.6556828695926536e-05,0,0,38,93875557493.45,0.15789473684210525,0.46144651951283994,1,46397497.15,46035578.36,432342.29,0.009318224399093475,0.009391481662705889,0.009272052978773114,0.009344924834009963
2017-10,Industrial,2,2,19981653696.219997,19981653696.219997,17709048420.42,0.0,0.0,0.0,0,0,55,63391493341.810005,0.03636363636363636,0.9281746487733081,0,0.0,0.0,0.0,,,,
2017-10,Serviços,10,10,5073263067.13,5073263067.13,5024963932.68,9171506.23,0.0018078120745251283,0.0018251884695834016,0,0,125,32303069937.96,0.08,0.2465610917326635,3,548881793.63,500018402.15000004,9171506.23,0.01670943787248752,0.01834233738311225,0.014901625797962392,0.01651714891352885
2017-10,Setor público,14,14,3118122542.51,3118122542.51,2885181012.59,0.0,0.0,0.0,0,0,126,25823393477.12,0.1111111111111111,0.19545191284530208,0,0.0,0.0,0.0,,,,
2017-10,Ações judiciais,21,20,2724529813.04,2631205927.52,2501388800.6600003,95610623.58,0.03633718766744959,0.038223015772187355,1,0,161,22167783851.82,0.12422360248447205,0.139296604295719,1,303355246.22,95610623.58,95610623.58,0.3151770894730498,1.0,0.2788399018056002,0.9617769842278127
2017-10,Agronegócio,3,2,359212813.29,337773523.25,230399664.16,14164599.76,0.041935198542830135,0.06147838718273243,1,0,37,6840908152.16,0.05405405405405406,0.1580649074755637,1,220120556.0,138486657.09,14164599.76,0.06434928212701771,0.10228133206215441,0.022414083584187575,0.04080294487942198
2017-10,Imobiliário,3,3,85270832.42,85270832.42,77059488.65,913778.4099999999,0.01071618962858484,0.011858090755706045,0,0,16,1029125603.52,0.1875,0.13717145781540802,2,56922211.56,50906954.93,913778.4099999999,0.016053108004013748,0.017949971890019702,0.005336918375428908,0.006091881134313658
2017-11,Financeiro,46,45,3044607760.58,3025957054.65,1976349478.7,222253260.25,0.07344891425622269,0.11245645704128876,1,0,1187,251728263957.17,0.037910699241786014,0.04750291473040369,12,719376147.38,541967343.53,222253260.25,0.3089527795152178,0.41008607419479587,0.23550386525899514,0.2976296171535071
2017-11,Comercial,14,14,3143143545.45,3143143545.45,2744829089.24,188608331.37,0.06000627354198588,0.06871405294754535,0,0,268,103124131712.81,0.05223880597014925,0.12841309490681538,4,2233307791.12,2043736932.98,188608331.37,0.08445245752508357,0.09228601212142684,0.02444618398309769,0.023571959173881496
2017-11,Cartão de crédito,7,7,9862542766.32,9862542766.32,9640326113.77,1297.11,1.3151882133576687e-07,1.3455042751585348e-07,0,0,38,93875557493.45,0.18421052631578946,0.5378693630067981,1,58796882.12,49637363.48,1297.11,2.2060863658598365e-05,2.613172636622077e-05,2.19293448372626e-05,2.5997175938704915e-05
2017-11,Industrial,2,2,20360411408.19,20360411408.19,19055438212.92,0.0,0.0,0.0,0,0,55,63391493341.810005,0.03636363636363636,0.9281746487733081,0,0.0,0.0,0.0,,,,
2017-11,Serviços,10,10,5267324147.55,5267324147.55,5031358960.610001,9239222.43,0.0017540637658112338,0.0018363274221404068,0,0,125,32303069937.96,0.08,0.2465610917326635,3,569168007.48,492968441.35,9239222.43,0.016232856219215126,0.01874201602986649,0.014478792453403892,0.016905688607726083
2017-11,Setor público,14,14,3153267195.61,3153267195.61,2925090755.96,0.0,0.0,0.0,0,0,126,25823393477.12,0.1111111111111111,0.19545191284530208,0,0.0,0.0,0.0,,,,
2017-11,Ações judiciais,23,22,2784173282.64,2690959145.67,2639372808.79,724925642.33,0.2693930316617671,0.274658297575755,1,0,161,22167783851.82,0.13664596273291926,0.1794361858821276,2,381373525.63,765797792.76,724925642.33,1.9008284361964511,0.9466280122293207,1.6314354045346842,0.6719697146535657
2017-11,Agronegócio,3,2,358906046.81,341782846.43,279831004.82,11762666.57,0.0344156141622195,0.04203489380158672,1,0,37,6840908152.16,0.05405405405405406,0.1580649074755637,1,222964849.5,168475126.9,11762666.57,0.05275569936865766,0.0698184164418635,0.018340085206438164,0.02778352264027678
2017-11,Imobiliário,3,3,88540857.62,88540857.62,78645199.45,991725.99,0.011200772351407453,0.01261012747040595,0,0,16,1029125603.52,0.1875,0.13717145781540802,2,59155773.64,52944793.38,991725.99,0.01676465252631594,0.01873132232063118,0.005563880174908487,0.006121194850225229
2017-12,Financeiro,52,51,3595415473.79,3578808194.49,2242443247.01,275102355.28,0.07686982378758178,0.12267974034429294,1,0,1187,251728263957.17,0.04296545914069082,0.050821852234784005,17,1195875959.16,867763221.99,275102355.28,0.23004255012638242,0.3170246771338394,0.15317272633880064,0.19434493678954648
2017-12,Comercial,15,15,3552129619.61,3552129619.61,3049605453.3199997,311555158.12,0.0877094001300005,0.10216244786053248,0,0,268,103124131712.81,0.055970149253731345,0.1376853362023144,5,2715512330.43,2443181590.93,311555158.12,0.11473163079714885,0.12752026262665403,0.027022230667148345,0.025357814766121548
2017-12,Cartão de crédito,7,7,11396893482.279999,11396893482.279999,11050314573.2,25786.36,2.2625779595196606e-06,2.3335408081991523e-06,0,0,38,93875557493.45,0.18421052631578946,0.5378693630067981,1,541346252.6,537857422.99,25786.36,4.763376466753434e-05,4.7942742626198596e-05,4.537118670801468e-05,4.560920181799944e-05
2017-12,Industrial,2,2,28000756635.3,28000756635.3,25638587250.34,0.0,0.0,0.0,0,0,55,63391493341.810005,0.03636363636363636,0.9281746487733081,0,0.0,0.0,0.0,,,,
2017-12,Serviços,11,11,7534062989.14,7534062989.14,7137949161.47,11583164.620000001,0.0015374393121874068,0.001622758072097917,0,0,125,32303069937.96,0.088,0.24716776689318656,4,818544740.0200001,580540996.9499999,11583164.620000001,0.014150924260678752,0.019952362849229785,0.012613484948491346,0.01832960477713187
2017-12,Setor público,15,15,3203726112.86,3203726112.86,2993388982.47,0.0,0.0,0.0,0,0,126,25823393477.12,0.11904761904761904,0.19817642861633492,0,0.0,0.0,0.0,,,,
2017-12,Ações judiciais,23,22,2907090824.92,2804359220.79,2665692336.73,748018858.48,0.2667343230976237,0.2806095993049196,1,0,161,22167783851.82,0.13664596273291926,0.1794361858821276,2,505766360.79,789372454.57,748018858.48,1.4789810403989798,0.9476120608838234,1.212246717301356,0.6670024615789039
2017-12,Agronegócio,3,2,432425714.73,424811236.38,290184935.86,9642137.82,0.022697464177654104,0.03322756155974912,1,0,37,6840908152.16,0.05405405405405406,0.1580649074755637,1,224441733.76,185108906.97,9642137.82,0.04296053883771246,0.052088999810055985,0.020263074660058358,0.018861438250306867
2017-12,Imobiliário,3,3,87630978.48,87630978.48,78981071.35,1135987.53,0.012963309889998161,0.014383035208093567,0,0,16,1029125603.52,0.1875,0.13717145781540802,2,61597950.85,53761693.96,1135987.53,0.01844196948639242,0.02113005462300355,0.005478659596394257,0.006747019414909983
2018-01,Financeiro,51,50,3528174694.7999997,3511397148.35,2225970907.68,335660679.09999996,0.09559177299489646,0.1507929317233708,1,0,1187,251728263957.17,0.04212299915754002,0.04942375009429541,17,1076322297.29,798958277.5699999,335660679.09999996,0.3118588920299594,0.42012291320255,0.21626711903506296,0.2693299814791792
2018-01,Comercial,14,14,3704907561.72,3704907561.72,3180249458.82,238909853.19,0.06448470014703588,0.07512299153999231,0,0,268,103124131712.81,0.05223880597014925,0.13754705174422355,5,2755190006.65,2355301682.43,238909853.19,0.08671265960364287,0.10143492656257654,0.022227959456606994,0.02631193502258422
2018-01,Cartão de crédito,7,7,11636753427.41,11636753427.41,10582567302.949999,52822.63,4.539292709904636e-06,4.991475932808398e-06,0,0,38,93875557493.45,0.18421052631578946,0.5378693630067981,1,552272296.49,307887132.57,52822.63,9.564598900889546e-05,0.0001715649158803038,9.110669629899083e-05,0.00016657343994749542
2018-01,Industrial,2,2,25071338260.18,25071338260.18,21433786315.99,0.0,0.0,0.0,0,0,55,63391493341.810005,0.03636363636363636,0.9281746487733081,0,0.0,0.0,0.0,,,,
2018-01,Serviços,11,11,8335334571.29,8335334571.29,7875697380.03,10973192.49,0.001316466951164236,0.0013932978834133671,0,0,125,32303069937.96,0.088,0.24716776689318656,4,742757968.79,524323384.0,10973192.49,0.014773577600084223,0.020928291250881918,0.013457110648919987,0.01953499336746855
2018-01,Setor público,15,15,3048935217.63,3048935217.63,2838027745.37,0.0,0.0,0.0,0,0,126,25823393477.12,0.11904761904761904,0.19817642861633492,0,0.0,0.0,0.0,,,,
2018-01,Ações judiciais,24,24,4294453659.25,4294453659.25,4140462718.21,730848542.05,0.17018428886193598,0.1765137357319231,0,0,161,22167783851.82,0.14906832298136646,0.20335846987924722,2,179007807.14,772202138.14,730848542.05,4.082774677410643,0.9464471877925535,3.9125903885487068,0.7699334520606305
2018-01,Agronegócio,3,2,413387500.91,405891853.96000004,375051425.24,9812544.05,0.024175267264582773,0.026163196270273692,1,0,37,6840908152.16,0.05405405405405406,0.1580649074755637,1,203511162.0,199507560.19,9812544.05,0.04821624501362731,0.049183820606372386,0.02404097774904454,0.023020624336098694
2018-01,Imobiliário,3,3,87168769.96,87168769.96,78021880.95,1388847.7999999998,0.015932859906561885,0.017800747470956734,0,0,16,1029125603.52,0.1875,0.13717145781540802,2,62455901.94,55478888.339999996,1388847.7999999998,0.022237254716683703,0.02503380730140996,0.006304394810121818,0.007233059830453227
2018-02,Financeiro,51,50,3514483807.0,3497582395.1,2258683820.18,335488979.59,0.09592025053076926,0.14853295383470896,1,0,1187,251728263957.17,0.04212299915754002,0.04942375009429541,18,1063661751.92,819330815.09,335488979.59,0.3154094607467212,0.409467059472367,0.21948921021595197,0.26093410563765806
2018-02,Comercial,15,15,3815311982.59,3815311982.59,3256639286.4900002,368479421.8,0.09657910636966052,0.1131471401602928,0,0,268,103124131712.81,0.055970149253731345,0.13768533620231443,5,2569427109.48,2160351766.42,368479421.8,0.14340917492482314,0.1705645476480069,0.04683006855516261,0.05741740748771411
2018-02,Cartão de crédito,7,7,11626591911.23,11626591911.23,10550054484.94,60990.14,5.245745310892892e-06,5.781026068354647e-06,0,0,38,93875557493.45,0.18421052631578946,0.5378693630067981,1,345132325.34,181226772.72,60990.14,0.0001767152350621369,0.0003365404519686025,0.000171469489751244,0.0003307594259002478
2018-02,Industrial,2,2,20927726525.15,20927726525.15,17914138079.149998,0.0,0.0,0.0,0,0,55,63391493341.810005,0.03636363636363636,0.9281746487733081,0,0.0,0.0,0.0,,,,
2018-02,Serviços,11,11,7888855771.67,7888855771.67,7153202279.29,9429760.590000002,0.0011953267828604002,0.0013182572254808323,0,0,125,32303069937.96,0.088,0.24716776689318656,3,710891994.37,540108758.69,9429760.590000002,0.013264688116732494,0.01745900328087864,0.012069361333872094,0.01614074605539781
2018-02,Setor público,15,15,3066453902.67,3066453902.67,2862424381.64,24342753.56,0.007938405184830744,0.008504243366615344,0,0,126,25823393477.12,0.11904761904761904,0.19817642861633492,1,417328294.78,375921139.84,24342753.56,0.0583299859235104,0.06475494719546976,0.05039158073867966,0.056250703828854415
2018-02,Ações judiciais,24,24,4322854114.03,4322854114.03,3857791157.66,107933587.18,0.024968130853571288,0.027978079364324303,0,0,161,22167783851.82,0.14906832298136646,0.20335846987924722,2,155248337.62,155218750.69,107933587.18,0.6952318384509089,0.695364359654994,0.6702637075973376,0.6673862802906697
2018-02,Agronegócio,3,2,416585247.11,409211536.8,365234137.17,9088810.22,0.02221054247657272,0.02488488696709522,1,0,37,6840908152.16,0.05405405405405406,0.1580649074755637,1,205040004.21,189612013.71,9088810.22,0.04432700952684008,0.04793372551752328,0.02211646705026736,0.02304883855042806
2018-02,Imobiliário,2,2,67233584.84,67233584.84,56184468.82,1376362.07,0.020471347367173945,0.02449719822767206,0,0,16,1029125603.52,0.125,0.11152927794956896,2,67233584.84,56184468.82,1376362.07,0.020471347367173945,0.02449719822767206,0.0,0.0
2018-03,Financeiro,53,52,3984369753.24,3967307315.64,2796719913.32,320867825.23,0.08087798592387041,0.1147300534822224,1,0,1187,251728263957.17,0.04380791912384162,0.054970837678499224,17,1100687461.28,892831025.75,320867825.23,0.29151583580034585,0.3593824766119246,0.21063784987647544,0.24465242312970217
2018-03,Comercial,15,15,3901993917.09,3901993917.09,3336353361.51,309181249.02,0.07923673270371956,0.09267041452709543,0,0,268,103124131712.81,0.055970149253731345,0.13768533620231443,5,2638613267.92,2280822858.36,309181249.02,0.11717565919151364,0.13555688811463126,0.03793892648779408,0.042886473587535834
2018-03,Cartão de crédito,8,8,12028147575.74,12028147575.74,11531449491.65,65559.62,5.450516763880544e-06,5.685288744270367e-06,0,0,38,93875557493.45,0.21052631578947367,0.55438607011214,1,1168460.98,65559.62,65559.62,0.05610766736943154,1.0,0.05610221685266766,0.9999943147112558
2018-03,Industrial,2,2,22914268370.63,22914268370.63,19126817088.02,0.0,0.0,0.0,0,0,55,63391493341.810005,0.03636363636363636,0.9281746487733081,0,0.0,0.0,0.0,,,,
2018-03,Serviços,11,11,7306947160.99,7306947160.99,7039479982.55,9034476.85,0.001236422906988141,0.0012834011705971677,0,0,125,32303069937.96,0.088,0.24716776689318656,4,730284939.73,593971440.91,9034476.85,0.012371166867195993,0.015210288286181971,0.011134743960207851,0.013926887115584803
2018-03,Setor público,15,15,2540320418.0099998,2540320418.0099998,3003345235.93,24342753.56,0.00958255241638741,0.008105213236486997,0,0,126,25823393477.12,0.11904761904761904,0.19817642861633492,1,416991430.29,376993662.08,24342753.56,0.05837710751770279,0.06457072361825102,0.048794555101315376,0.05646551038176402
2018-03,Ações judiciais,26,26,4477169218.75,4477169218.75,3587486197.89,106461057.91,0.023778654035266356,0.029675670382401934,0,0,161,22167783851.82,0.16149068322981366,0.2542300667916022,2,152369376.18,150715628.76,106461057.91,0.6987037722346078,0.7063703929439786,0.6749251181993414,0.6766947225615767
2018-03,Agronegócio,3,2,420231097.1,412960955.28,345732643.55,0.0,0.0,0.0,1,0,37,6840908152.16,0.05405405405405406,0.1580649074755637,0,0.0,0.0,0.0,,,,
2018-03,Imobiliário,3,3,96358883.99,96358883.99,86912459.22,1118243.77,0.01160498880535032,0.012866322964920473,0,0,16,1029125603.52,0.1875,0.13717145781540802,2,69628071.31,62002647.269999996,1118243.77,0.0160602433610623,0.018035419764101956,0.00445525455571198,0.005169096799181483
2018-04,Financeiro,52,51,4845385766.43,4828218369.07,3559537082.32,264972266.02,0.054879925837123714,0.07444009147596771,1,0,1187,251728263957.17,0.04296545914069082,0.0565232658735965,17,1262455158.13,910994921.44,264972266.02,0.20988647740367086,0.2908603108359387,0.15500655156654713,0.21642021935997102
2018-04,Comercial,14,14,3956616509.37,3956616509.37,3499748283.36,324019816.63,0.0818931569088541,0.09258374900006197,0,0,268,103124131712.81,0.05223880597014925,0.13754705174422355,4,2659460443.0,2384804002.45,324019816.63,0.12183667460926396,0.1358685310394993,0.03994351770040987,0.043284782039437336
2018-04,Cartão de crédito,8,8,12215648857.01,12215648857.01,11121040554.63,5365447.79,0.000439227408450024,0.0004824591515194335,0,0,38,93875557493.45,0.21052631578947367,0.55438607011214,2,438831304.33,283900546.04,5365447.79,0.012226675118795074,0.01889904005060997,0.01178744771034505,0.018416580899090536
2018-04,Industrial,2,2,26957559629.58,26957559629.58,24184061147.84,0.0,0.0,0.0,0,0,55,63391493341.810005,0.03636363636363636,0.9281746487733081,0,0.0,0.0,0.0,,,,
2018-04,Serviços,11,11,6818302616.41,6818302616.41,6403299468.42,12801091.88,0.0018774602126328155,0.001999139965752475,0,0,125,32303069937.96,0.088,0.24716776689318656,4,720920995.98,602842619.0,12801091.88,0.017756580750708406,0.02123455024005196,0.01587912053807559,0.019235410274299484
2018-04,Setor público,15,15,3261659847.0,3261659847.0,3043364709.32,24342753.56,0.007463302337424886,0.00799863173988078,0,0,126,25823393477.12,0.11904761904761904,0.19817642861633492,1,417548009.67,377984821.34,24342753.56,0.05829929252743598,0.06440140499214259,0.050835990190011095,0.056402773252261805
2018-04,Ações judiciais,26,26,4576553372.47,4576553372.47,3743997571.78,106079698.11,0.02317894919528667,0.02833327107623277,0,0,161,22167783851.82,0.16149068322981366,0.2542300667916022,2,152539135.47,140316254.16,106079698.11,0.6954261133259325,0.7560043470732857,0.6722471641306459,0.7276710759970529
2018-04,Agronegócio,3,2,423753999.69,416655266.26,352863276.24,0.0,0.0,0.0,1,0,37,6840908152.16,0.05405405405405406,0.1580649074755637,0,0.0,0.0,0.0,,,,
2018-04,Imobiliário,3,3,90854152.35,90854152.35,75011918.00999999,1250339.02,0.013762045956725059,0.016668538189269,0,0,16,1029125603.52,0.1875,0.11882544855723579,2,72854550.2,63111349.61,1250339.02,0.01716212668347515,0.019811634955147334,0.003400080726750092,0.0031430967658783344
2018-05,Financeiro,52,50,4773769000.59,4753336114.51,3486950569.31,262040063.92,0.055127610925745044,0.07514877504324721,2,0,1187,251728263957.17,0.04212299915754002,0.05471127723894875,14,1076716904.69,822559136.04,262040063.92,0.24336950852967662,0.3185668390743609,0.18824189760393156,0.24341806403111368
2018-05,Comercial,15,15,4028384259.11,4028384259.11,3242305632.72,426737481.55,0.10593266533224913,0.13161543971781772,0,0,268,103124131712.81,0.055970149253731345,0.1379055542571267,4,2711086780.0,2172209767.59,426737481.55,0.1574045820657943,0.19645316392415088,0.051471916733545175,0.06483772420633316
2018-05,Cartão de crédito,8,8,12413936895.93,12413936895.93,10900994156.93,7408160.86,0.0005967616012635621,0.0006795858022995518,0,0,38,93875557493.45,0.21052631578947367,0.55438607011214,2,395516001.63,257459295.55,7408160.86,0.018730369515947518,0.028774105219911528,0.018133607914683957,0.028094519417611975
2018-05,Industrial,2,2,22980124709.84,22980124709.84,19479078774.699997,0.0,0.0,0.0,0,0,55,63391493341.810005,0.03636363636363636,0.9281746487733081,0,0.0,0.0,0.0,,,,
2018-05,Serviços,11,11,5833075161.47,5833075161.47,5592101342.46,13480319.84,0.002311014253518175,0.002410600061491361,0,0,125,32303069937.96,0.088,0.24716776689318656,5,714505730.71,593595198.7,13480319.84,0.018866636418163767,0.022709617378177085,0.01655562216464559,0.020299017316685722
2018-05,Setor público,15,15,3328716495.83,3328716495.83,3062010049.06,8690576.76,0.0026107891047155835,0.002838193415683891,0,0,126,25823393477.12,0.11904761904761904,0.19817642861633492,1,445489535.28,363385220.84,8690576.76,0.0195079257126383,0.023915603226545356,0.01689713660792272,0.021077409810861467
2018-05,Ações judiciais,26,26,4625100628.8,4625100628.8,3656817483.55,173454688.51,0.037502900462298365,0.04743323649328322,0,0,161,22167783851.82,0.16149068322981366,0.2542300667916022,2,257556168.29000002,173454688.51,173454688.51,0.6734635386976854,1.0,0.6359606382353871,0.9525667635067168
2018-05,Agronegócio,4,3,413683774.7,406891458.23,239763762.39000002,0.0,0.0,0.0,1,0,37,6840908152.16,0.08108108108108109,0.16328263312339744,0,0.0,0.0,0.0,,,,
2018-05,Imobiliário,4,4,105577301.61,105577301.61,88894272.17,1223905.22,0.011592503325393523,0.013768099902538411,0,0,16,1029125603.52,0.25,0.14446762842307484,3,101988459.86,88894272.17,1223905.22,0.012000428496322622,0.013768099902538411,0.00040792517092909895,0.0
2018-06,Financeiro,55,53,4929826755.2,4909568432.99,3746313937.43,362621981.79,0.07386025609773564,0.09679433914146594,2,0,1187,251728263957.17,0.04465037910699242,0.055350274833225126,19,1459930401.21,1225635173.81,362621981.79,0.24838306092499787,0.29586453582492755,0.17452280482726223,0.1990701966834616
2018-06,Comercial,17,17,4192868038.99,4192868038.99,3531672887.29,373493143.01,0.08907820125433019,0.10575530490214706,0,0,268,103124131712.81,0.06343283582089553,0.13805434466064478,5,3040072406.79,2688930988.7599998,373493143.01,0.12285666031368309,0.13890023379969166,0.033778459059352894,0.0331449288975446
2018-06,Cartão de crédito,8,8,12100413194.789999,12100413194.789999,11620207101.81,9806873.399999999,0.0008104577291808914,0.0008439499669909024,0,0,38,93875557493.45,0.21052631578947367,0.55438607011214,2,395493747.38,268352977.84,9806873.399999999,0.02479653209429204,0.0365446788738344,0.02398607436511115,0.0357007289068435
2018-06,Industrial,2,2,26252523656.609997,26252523656.609997,20550045168.84,0.0,0.0,0.0,0,0,55,63391493341.810005,0.03636363636363636,0.9281746487733081,0,0.0,0.0,0.0,,,,
2018-06,Serviços,11,11,6305189438.82,6305189438.82,5544203212.53,15386424.82,0.0024402795458084653,0.002775227427671915,0,0,125,32303069937.96,0.088,0.24716776689318656,5,941128122.38,595709661.65,15386424.82,0.016348916214605914,0.02582873136115099,0.01390863666879745,0.023053503933479075
2018-06,Setor público,14,14,3333404469.5,3333404469.5,3128053778.65,8690576.76,0.0026071173898988497,0.0027782696126633292,0,0,126,25823393477.12,0.1111111111111111,0.19545191284530208,1,443057834.81,364442639.93,8690576.76,0.019614993974154296,0.023846212840707207,0.017007876584255448,0.021067943228043878
2018-06,Ações judiciais,23,23,4564088117.95,4564088117.95,3619406370.63,103888811.94,0.022762227471336063,0.028703273769702994,0,0,161,22167783851.82,0.14285714285714285,0.23796362045847477,2,183142448.66000003,106587777.67999999,103888811.94,0.5672568686294422,0.9746784687818252,0.5444946411581062,0.9459751950121222
2018-06,Agronegócio,4,3,416436905.09,409760994.31,208092531.15,75798.33,0.00018498180903635654,0.0003642530060118402,1,0,37,6840908152.16,0.08108108108108109,0.16328263312339744,1,895793.72,649049.62,75798.33,0.0846158309750151,0.11678356733341898,0.08443084916597875,0.11641931432740714
2018-06,Imobiliário,4,4,114630961.86,114630961.86,98494592.58,1399423.87,0.012208079277125243,0.01420812892711191,0,0,16,1029125603.52,0.25,0.14446762842307484,3,110880673.84,98494592.58,1399423.87,0.01262098994834175,0.01420812892711191,0.0004129106712165067,0.0
2018-07,Financeiro,57,55,5082727190.04,5064554281.92,3357189582.58,360866987.27,0.0712534543381759,0.10749079800035413,2,0,1187,251728263957.17,0.04633529907329402,0.05727836284527522,22,1750159770.84,1332878596.66,360866987.27,0.20619088227402213,0.27074257788689843,0.13493742793584623,0.1632517798865443
2018-07,Comercial,17,17,4260197732.41,4260197732.41,3698423571.59,342955312.23,0.08050220524294531,0.09273013368843501,0,0,268,103124131712.81,0.06343283582089553,0.13805434466064478,6,3156019351.71,2783591058.52,342955312.23,0.10866704985322076,0.12320606907407765,0.02816484461027545,0.03047593538564264
2018-07,Cartão de crédito,9,9,12412683952.08,12412683952.08,10583107521.47,11581592.68,0.0009330449985443532,0.001094347067390591,0,0,38,93875557493.45,0.23684210526315788,0.5555940925766448,2,380324901.60999995,280177612.67,11581592.68,0.030451839022300514,0.041336609908376516,0.02951879402375616,0.04024226284098593
2018-07,Industrial,2,2,26840560003.28,26840560003.28,23815733879.54,0.0,0.0,0.0,0,0,55,63391493341.810005,0.03636363636363636,0.9281746487733081,0,0.0,0.0,0.0,,,,
2018-07,Serviços,11,11,6032312453.849999,6032312453.849999,5597798780.22,11289649.690000001,0.0018715293308115388,0.002016801627434758,0,0,125,32303069937.96,0.088,0.24716776689318656,5,911700388.12,607681544.1,11289649.690000001,0.012383069961481724,0.018578233615306534,0.010511540630670186,0.016561431987871775
2018-07,Setor público,15,15,3442198123.48,3442198123.48,2744633761.75,78690576.76,0.0228605600076399,0.028670702028319537,0,0,126,25823393477.12,0.11904761904761904,0.19817642861633492,2,516565554.45,435977477.82,78690576.76,0.15233415407224316,0.18049229779821016,0.12947359406460326,0.15182159576989063
2018-07,Ações judiciais,26,26,4762568143.21,4762568143.21,1680085669.55,104366880.27,0.021913992016848304,0.06211997528551862,0,0,161,22167783851.82,0.16149068322981366,0.2542300667916022,1,104397397.23,104366880.27,104366880.27,0.9997076846663833,1.0,0.977793692649535,0.9378800247144814
2018-07,Agronegócio,4,2,413817486.09,406333230.31,303424418.32,0.0,0.0,0.0,2,0,37,6840908152.16,0.05405405405405406,0.1580649074755637,0,0.0,0.0,0.0,,,,
2018-07,Imobiliário,4,4,157732974.05,157732974.05,128397841.3,1877593.9,0.01190362326779446,0.01462325130227871,0,0,16,1029125603.52,0.25,0.14446762842307484,3,133976023.05000001,128397841.3,1877593.9,0.014014402407655283,0.01462325130227871,0.0021107791398608227,0.0
2018-08,Financeiro,58,56,5153050879.17,5134849198.74,3409187238.97,417324177.15000004,0.08127291785947753,0.12241163300730999,2,0,1187,251728263957.17,0.04717775905644482,0.05677772410861177,19,1640687570.99,1324577695.52,417324177.15000004,0.2543593213777955,0.3150620598259189,0.17308640351831794,0.1926504268186089
2018-08,Comercial,17,17,4378862946.2300005,4378862946.2300005,3915201929.18,460348004.78000003,0.10512957597276217,0.11757963270017477,0,0,268,103124131712.81,0.06343283582089553,0.13805434466064478,6,3274269864.95,2997058655.73,460348004.78000003,0.14059562093762537,0.15359993168631264,0.035466044964863205,0.03602029898613787
2018-08,Cartão de crédito,8,8,12720905343.95,12720905343.95,10354994942.22,13606278.57,0.0010695998596099198,0.0013139821550779975,0,0,38,93875557493.45,0.21052631578947367,0.5530523163997454,1,385412994.6,301590735.34,13606278.57,0.03530311318153983,0.045115041596555966,0.034233513321929906,0.04380105944147797
2018-08,Industrial,2,2,24994856075.2,24994856075.2,23182567757.09,0.0,0.0,0.0,0,0,55,63391493341.810005,0.03636363636363636,0.9281746487733081,0,0.0,0.0,0.0,,,,
2018-08,Serviços,11,11,6099478704.84,6099478704.84,5713497520.03,9746810.16,0.0015979742911907872,0.001705927083337357,0,0,125,32303069937.96,0.088,0.24716776689318656,4,910660574.35,656304461.63,9746810.16,0.010703011016982872,0.014851049672575422,0.009105036725792085,0.013145122589238065
2018-08,Setor público,15,15,3613031712.64,3613031712.64,3018690636.24,78690576.76,0.02177965293930446,0.02606778442789185,0,0,126,25823393477.12,0.11904761904761904,0.19817642861633492,2,518924199.28999996,437420255.08,78690576.76,0.1516417559012774,0.17989696600951469,0.12986210296197295,0.15382918158162284
2018-08,Ações judiciais,26,26,5312357707.43,5312357707.43,3964630066.04,104241344.18,0.019622425657482623,0.026292829959825133,0,0,161,22167783851.82,0.16149068322981366,0.2542300667916022,1,104634342.61,104241344.18,104241344.18,0.9962440779939259,1.0,0.9766216523364433,0.9737071700401748
2018-08,Agronegócio,4,3,418279652.63,410423997.69,278777141.31,0.0,0.0,0.0,1,0,37,6840908152.16,0.08108108108108109,0.16328263312339744,0,0.0,0.0,0.0,,,,
2018-08,Imobiliário,4,4,175301426.15,175301426.15,153600679.15,2315053.39,0.013206129812196054,0.015071895533347321,0,0,16,1029125603.52,0.25,0.14446762842307484,3,151676535.05,153600679.15,2315053.39,0.015263095173138319,0.015071895533347321,0.002056965360942265,0.0
2018-09,Financeiro,61,59,5211031092.03,5192794000.38,3541683987.8,452003268.7,0.08704432886552464,0.12762382817242043,2,0,1187,251728263957.17,0.04970513900589722,0.059901060273293595,20,1732489111.0,1436509617.81,452003268.7,0.26089818737106046,0.3146538408765351,0.1738538585055358,0.18703001270411465
2018-09,Comercial,17,17,4567848127.09,4567848127.09,4049187740.78,679653884.75,0.14879082356509546,0.16784943753165601,0,0,268,103124131712.81,0.06343283582089553,0.13805434466064478,7,3453589822.72,3016875988.87,679653884.75,0.19679635383414293,0.22528399816810865,0.04800553026904747,0.057434560636452636
2018-09,Cartão de crédito,9,9,12232214907.42,12232214907.42,11536047100.380001,16524945.44,0.0013509364873875826,0.001432461682603191,0,0,38,93875557493.45,0.23684210526315788,0.5555940925766448,2,399707008.34000003,309216449.1,16524945.44,0.04134264622636664,0.053441353097796754,0.03999170973897905,0.05200889141519356
2018-09,Industrial,2,2,25547678947.95,25547678947.95,24607751497.399998,0.0,0.0,0.0,0,0,55,63391493341.810005,0.03636363636363636,0.9281746487733081,0,0.0,0.0,0.0,,,,
2018-09,Serviços,11,11,6511670260.55,6511670260.55,5819407340.39,25575818.39,0.003927689420170328,0.004394918055055067,0,0,125,32303069937.96,0.088,0.24716776689318656,4,897685956.13,716216155.2700001,25575818.39,0.028490830468440784,0.035709636262474975,0.024563141048270457,0.031314718207419906
2018-09,Setor público,15,15,3661438411.42,3661438411.42,2952286009.46,78690576.76,0.02149171115771459,0.026654117015713265,0,0,126,25823393477.12,0.11904761904761904,0.19817642861633492,2,520607309.84000003,438472226.87,78690576.76,0.15115150185690676,0.1794653616301461,0.12965979069919217,0.15281124461443282
2018-09,Ações judiciais,26,26,5400253906.440001,5400253906.440001,1986629827.8300002,97699805.77,0.01809170595728645,0.04917866650412558,0,0,161,22167783851.82,0.16149068322981366,0.2542300667916022,1,97738510.14,97699805.77,97699805.77,0.9996040008186684,1.0,0.9815122948613819,0.9508213334958744
2018-09,Agronegócio,4,3,421087091.41,413306353.0,295225060.54999995,0.0,0.0,0.0,1,0,37,6840908152.16,0.08108108108108109,0.16328263312339744,0,0.0,0.0,0.0,,,,
2018-09,Imobiliário,4,4,199068359.99,199068359.99,177174725.35,2205657.5,0.011079899890222629,0.01244905273956447,0,0,16,1029125603.52,0.25,0.14446762842307484,3,175197596.08,177174725.35,2205657.5,0.01258954203340117,0.01244905273956447,0.0015096421431785405,0.0
2018-10,Financeiro,64,62,5503090808.8,5484231102.26,3723917574.26,539285462.72,0.09833383252171221,0.14481670229426719,2,0,1187,251728263957.17,0.05223251895534962,0.06057603739163144,27,2172875126.32,1670627816.61,539285462.72,0.2481898090634129,0.3228040724320668,0.1498559765417007,0.17798737013779964
2018-10,Comercial,17,17,4687571382.85,4687571382.85,4085557139.27,632726435.34,0.13497958402402144,0.15486907018342533,0,0,268,103124131712.81,0.06343283582089553,0.13805434466064478,6,3407129098.78,2968570318.12,632726435.34,0.18570662190832807,0.2131418048202768,0.05072703788430663,0.05827273463685148
2018-10,Cartão de crédito,9,9,12266170458.31,12266170458.31,10667690307.109999,18823559.91,0.00153459141742544,0.0017645394052594615,0,0,38,93875557493.45,0.23684210526315788,0.5555940925766448,2,403162308.96999997,333054527.73,18823559.91,0.04668978099190491,0.05651795229536662,0.04515518957447947,0.05475341289010716
2018-10,Industrial,2,2,26591745637.100002,26591745637.100002,23877930764.55,0.0,0.0,0.0,0,0,55,63391493341.810005,0.03636363636363636,0.9281746487733081,0,0.0,0.0,0.0,,,,
2018-10,Serviços,11,11,5956394683.33,5956394683.33,5712658812.2300005,21410436.919999998,0.0035945295868188196,0.003747893515741437,0,0,125,32303069937.96,0.088,0.24716776689318656,4,904740602.85,728550676.89,21410436.919999998,0.023664724289542808,0.029387711245284654,0.02007019470272399,0.025639817729543216
2018-10,Setor público,15,15,3701152783.01,3701152783.01,2991507610.54,78690576.76,0.02126109927729168,0.026304655379364217,0,0,126,25823393477.12,0.11904761904761904,0.19817642861633492,2,523106689.02,439701603.64,78690576.76,0.15042930708345698,0.1789635882802622,0.12916820780616528,0.152658932900898
2018-10,Ações judiciais,26,26,5362073763.48,5362073763.48,1963951178.82,98610107.16999999,0.01839029292017829,0.05021006032810238,0,0,161,22167783851.82,0.16149068322981366,0.25423006679160226,2,178703604.09,98610107.16999999,98610107.16999999,0.5518081611848032,1.0,0.533417868264625,0.9497899396718976
2018-10,Agronegócio,4,3,423742659.53000003,416109020.41,349775185.02,0.0,0.0,0.0,1,0,37,6840908152.16,0.08108108108108109,0.16328263312339744,0,0.0,0.0,0.0,,,,
2018-10,Imobiliário,4,4,213989356.53,213989356.53,186341940.52,2768357.76,0.012936894642289804,0.014856332140122115,0,0,16,1029125603.52,0.25,0.14446762842307484,3,186779948.65,186341940.52,2768357.76,0.014821493313436563,0.014856332140122115,0.0018845986711467592,0.0
2018-11,Financeiro,64,62,5500082673.74,5480936183.71,3763483700.52,444545226.71,0.08110753561248199,0.11812067278212929,2,0,1187,251728263957.17,0.05223251895534962,0.06049426178822322,22,1879744049.02,1500502764.87,444545226.71,0.23649242403068788,0.29626418365747853,0.15538488841820589,0.17814351087534924
2018-11,Comercial,18,18,4848582349.43,4848582349.43,4071126290.79,563466261.52,0.11621257945350585,0.13840549795635537,0,0,268,103124131712.81,0.06716417910447761,0.140111750764978,7,3972096876.25,3342360787.27,563466261.52,0.14185612261601244,0.16858331502274249,0.025643543162506582,0.030177817066387114
2018-11,Cartão de crédito,9,9,12630228004.51,12630228004.51,11335821625.15,22764494.470000003,0.0018023819096433778,0.0020081909563126857,0,0,38,93875557493.45,0.23684210526315788,0.5555940925766448,2,391057574.49,337340249.62,22764494.470000003,0.058212641705478914,0.06748229568112099,0.056410259795835534,0.0654741047248083
2018-11,Industrial,2,2,26218055177.42,26218055177.42,24156618296.809998,0.0,0.0,0.0,0,0,55,63391493341.810005,0.03636363636363636,0.9281746487733081,0,0.0,0.0,0.0,,,,
2018-11,Serviços,10,10,4871949821.51,4871949821.51,4723168582.22,1583127.5299999998,0.000324947421053144,0.0003351833631260929,0,0,125,32303069937.96,0.08,0.19850166996681876,3,185076267.48,158596551.26,1583127.5299999998,0.008553919697840666,0.00998210564745921,0.008228972276787521,0.009646922284333117
2018-11,Setor público,15,15,3727177735.08,3727177735.08,3014590473.96,78690576.76,0.021112644030728253,0.02610323937520813,0,0,126,25823393477.12,0.11904761904761904,0.19817642861633492,2,525477634.55,441064056.44,78690576.76,0.14975057278581944,0.17841076735008138,0.12863792875509117,0.15230752797487324
2018-11,Ações judiciais,26,26,5635642864.26,5635642864.26,2074989129.67,139120860.82,0.024685890176305122,0.06704654922318815,0,0,161,22167783851.82,0.16149068322981366,0.2542300667916022,2,175665019.03,139120860.82,139120860.82,0.7919667876291351,1.0,0.76728089745283,0.9329534507768118
2018-11,Agronegócio,4,3,423529181.27,415456171.7,346968707.66,0.0,0.0,0.0,1,0,37,6840908152.16,0.08108108108108109,0.16328263312339744,0,0.0,0.0,0.0,,,,
2018-11,Imobiliário,4,4,228674645.59,228674645.59,230657887.64,25027911.939999998,0.10944769095596873,0.1085066381040582,0,0,16,1029125603.52,0.25,0.14446762842307484,4,228674645.59,230657887.64,25027911.939999998,0.10944769095596873,0.1085066381040582,0.0,0.0
2018-12,Financeiro,66,64,5958871117.7300005,5942668849.17,3926556390.54,448671479.6,0.07549999688484493,0.11426589483878428,2,0,1187,251728263957.17,0.05391743892165122,0.06130459508951158,23,2164308400.34,1727562277.38,448671479.6,0.20730478130081478,0.25971363549362153,0.13180478441596985,0.14544774065483723
2018-12,Comercial,18,18,4884106683.08,4884106683.08,4189560555.98,598537029.3199999,0.12254790244314491,0.14286391647106608,0,0,268,103124131712.81,0.06716417910447761,0.140111750764978,6,3560585516.2599998,2987192317.28,598537029.3199999,0.1681007313506956,0.2003677586667738,0.04555282890755068,0.05750384219570773
2018-12,Cartão de crédito,9,9,13483514082.539999,13483514082.539999,13438523920.43,24123849.82,0.0017891366948055722,0.0017951264560630478,0,0,38,93875557493.45,0.23684210526315788,0.5555940925766448,2,404081704.0,362925574.34000003,24123849.82,0.05970042588218743,0.06647051496404059,0.05791128918738186,0.06467538850797755
2018-12,Industrial,2,2,25650610586.49,25650610586.49,23957144408.17,0.0,0.0,0.0,0,0,55,63391493341.810005,0.03636363636363636,0.9281746487733081,0,0.0,0.0,0.0,,,,
2018-12,Serviços,11,11,8284560830.860001,8284560830.860001,8096696899.75,22065938.04,0.0026635012392937415,0.0027253012324916503,0,0,125,32303069937.96,0.088,0.24716776689318656,4,951547489.6800001,772721760.24,22065938.04,0.023189528929786412,0.0285561235303462,0.020526027690492672,0.02583082229785455
2018-12,Setor público,15,15,3740874329.99,3740874329.99,3011718297.7,0.0,0.0,0.0,0,0,126,25823393477.12,0.11904761904761904,0.19817642861633492,0,0.0,0.0,0.0,,,,
2018-12,Ações judiciais,27,27,5758499478.16,5758499478.16,2058095612.72,123967131.72,0.021527679596076117,0.06023390310626229,0,0,161,22167783851.82,0.16770186335403728,0.27015723728460633,3,553468758.73,123967131.72,123967131.72,0.22398216658959638,1.0,0.20245448699352026,0.9397660968937377
2018-12,Agronegócio,4,3,451565448.5,442863749.72,400984214.58,1428.0,3.2244680240883365e-06,3.561237445458345e-06,1,0,37,6840908152.16,0.08108108108108109,0.16328263312339744,1,1827405.87,1136706.68,1428.0,0.0007814355986500141,0.0012562607620111813,0.0007782111306259258,0.001252699524565723
2018-12,Imobiliário,4,4,278865536.02,278865536.02,254950171.07000002,3888196.1300000004,0.013942906626228428,0.015250808084111634,0,0,16,1029125603.52,0.25,0.14446762842307484,3,242267897.34,254950171.07000002,3888196.1300000004,0.016049159515935725,0.015250808084111634,0.002106252889707297,0.0
2019-01,Financeiro,65,63,6006682736.83,5948028466.3,4030615067.41,493228166.62,0.08292296672998523,0.12237044678566626,2,0,1187,251728263957.17,0.05307497893850042,0.05990656312235084,23,2164498916.79,1758482019.05,493228166.62,0.22787175488702407,0.28048519193074317,0.14494878815703885,0.1581147451450769
2019-01,Comercial,18,18,4875655854.41,4875655854.41,3973984601.77,529660872.03,0.1086337690448199,0.13328206450374536,0,0,268,103124131712.81,0.06716417910447761,0.140111750764978,8,4061443268.11,3205657500.4900002,529660872.03,0.13041198339241572,0.16522690647676452,0.021778214347595817,0.03194484197301917
2019-01,Cartão de crédito,9,9,13427031296.51,13427031296.51,12725133189.42,28254235.150000002,0.002104280129096291,0.0022203488741077615,0,0,38,93875557493.45,0.23684210526315788,0.5555940925766448,2,396387901.48,366851940.35,28254235.150000002,0.07127925712290083,0.07701808834115384,0.06917497699380454,0.07479773946704608
2019-01,Industrial,2,2,26320330039.81,26320330039.81,25269173679.33,0.0,0.0,0.0,0,0,55,63391493341.810005,0.03636363636363636,0.9281746487733081,0,0.0,0.0,0.0,,,,
2019-01,Serviços,11,11,7955294236.89,7955294236.89,7650243294.68,764449347.97,0.09609315824235934,0.09992484141015491,0,0,125,32303069937.96,0.088,0.24716776689318656,5,3840037876.22,3653614951.62,764449347.97,0.19907338745379707,0.20923095566790526,0.10298022921143773,0.10930611425775034
2019-01,Setor público,15,15,3773053671.79,3773053671.79,2991014507.52,8690576.76,0.0023033270968226232,0.0029055615538307075,0,0,126,25823393477.12,0.11904761904761904,0.19817642861633492,1,460844901.78,324527687.03,8690576.76,0.01885792101948595,0.026779153543212558,0.016554593922663327,0.02387359198938185
2019-01,Ações judiciais,27,27,5600870093.309999,5600870093.309999,2273024574.73,264334406.85999998,0.047195239749576796,0.11629192653642946,0,0,161,22167783851.82,0.16770186335403728,0.27015723728460633,3,497684040.68,264334406.85999998,264334406.85999998,0.53112895984937,1.0,0.48393372009979324,0.8837080734635705
2019-01,Agronegócio,4,3,429920783.26,421105310.36,403475910.65,0.0,0.0,0.0,1,0,37,6840908152.16,0.08108108108108109,0.16328263312339744,0,0.0,0.0,0.0,,,,
2019-01,Imobiliário,4,4,302868829.86,302868829.86,269372985.93,4187846.4299999997,0.01382726123363641,0.015546645910099778,0,0,16,1029125603.52,0.25,0.14446762842307484,3,265100479.05,269372985.93,4187846.4299999997,0.015797204309125897,0.015546645910099778,0.001969943075489488,0.0
2019-01,Factoring,1,1,500000.0,500000.0,191602.48,0.0,0.0,0.0,0,0,1,123712597.71,1.0,1.0,0,0.0,0.0,0.0,,,,
2019-02,Financeiro,67,64,6093099934.099999,6018542126.4,4047469903.19,435730191.28999996,0.07239796318425583,0.10765495524662967,3,0,1187,251728263957.17,0.05391743892165122,0.061071209201584445,21,2013859575.17,1670590649.72,435730191.28999996,0.21636572711541607,0.26082403332200543,0.14396776393116023,0.15316907807537578
2019-02,Comercial,18,18,5161481231.51,5161481231.51,4329168234.49,597051920.03,0.11567453086627448,0.13791377181264383,0,0,268,103124131712.81,0.06716417910447761,0.140111750764978,7,3730775641.57,3010860143.53,597051920.03,0.16003426026946668,0.19829945316888842,0.0443597294031922,0.060385681356244586
2019-02,Cartão de crédito,9,9,14164596236.37,14164596236.37,13649078527.84,33401566.14,0.0023581022418581775,0.002447166383567278,0,0,38,93875557493.45,0.23684210526315788,0.5555940925766448,2,401071726.5,364352670.9,33401566.14,0.08328077980336018,0.09167372386071344,0.08092267756150201,0.08922655747714617
2019-02,Industrial,2,2,35889988439.7,35889988439.7,25880359461.0,0.0,0.0,0.0,0,0,55,63391493341.810005,0.03636363636363636,0.9281746487733081,0,0.0,0.0,0.0,,,,
2019-02,Serviços,11,11,12248825127.59,12248825127.59,11974913155.269999,23031017.32,0.0018802633787401808,0.0019232721792111168,0,0,125,32303069937.96,0.088,0.24716776689318656,4,861672924.97,742877454.4,23031017.32,0.026728259241523514,0.031002444862997584,0.024847995862783332,0.029079172683786465
2019-02,Setor público,15,15,3799517106.42,3799517106.42,3007517980.95,8690576.76,0.0022872845460586645,0.0028896175567518514,0,0,126,25823393477.12,0.11904761904761904,0.19817642861633492,1,461153677.53,324527687.03,8690576.76,0.018845294277057223,0.026779153543212558,0.01655800973099856,0.023889535986460708
2019-02,Ações judiciais,27,27,5747732160.77,5747732160.77,2266541466.5,432826937.36,0.07530395036744648,0.1909636085451252,0,0,161,22167783851.82,0.16770186335403728,0.27015723728460633,2,442690964.84999996,432826937.36,432826937.36,0.9777180284369656,1.0,0.9024140780695191,0.8090363914548748
2019-02,Agronegócio,4,3,429884576.49,421711447.09000003,396352498.26,0.0,0.0,0.0,1,0,37,6840908152.16,0.08108108108108109,0.16328263312339744,0,0.0,0.0,0.0,,,,
2019-02,Imobiliário,4,4,324027983.71999997,324027983.71999997,314910662.46999997,5471812.93,0.016886853003190982,0.017375762659421774,0,0,16,1029125603.52,0.25,0.14446762842307484,3,288465076.83,293969194.35,5471812.93,0.018968718813836456,0.018613558955042252,0.002081865810645473,0.0012377962956204788
2019-02,Factoring,1,1,7240306.75,7240306.75,7491290.56,15143.0,0.0020914859719168666,0.0020214140512526055,0,0,1,123712597.71,1.0,1.0,1,7240306.75,7491290.56,15143.0,0.0020914859719168666,0.0020214140512526055,0.0,0.0
2019-03,Financeiro,69,66,6223681492.849999,6149578875.66,4200244877.23,569921945.27,0.09267658107870573,0.13568779009995607,3,0,1187,251728263957.17,0.05560235888795282,0.06160078062139403,23,2170939221.79,1878603419.47,569921945.27,0.2625232155509556,0.30337533689297175,0.16984663447224985,0.16768754679301567
2019-03,Comercial,18,18,5289192509.22,5289192509.22,4518552027.4,641828155.04,0.12134709673001685,0.14204288257566253,0,0,268,103124131712.81,0.06716417910447761,0.140111750764978,7,3821106977.3599997,3246595327.21,641828155.04,0.16796916674744308,0.19769268737029894,0.04662207001742623,0.05564980479463641
2019-03,Cartão de crédito,9,9,14032757812.12,14032757812.12,13808491965.39,37790340.55,0.0026930088195037992,0.0027367463908961813,0,0,38,93875557493.45,0.23684210526315788,0.5555940925766448,2,400659943.74,362390434.75,37790340.55,0.09432023625132653,0.10428073405433612,0.09162722743182274,0.10154398766343994
2019-03,Industrial,2,2,31573590987.18,31573590987.18,29324419466.66,0.0,0.0,0.0,0,0,55,63391493341.810005,0.03636363636363636,0.9281746487733081,0,0.0,0.0,0.0,,,,
2019-03,Serviços,12,12,11001677055.550001,11001677055.550001,10681025956.7,31514648.380000003,0.0028645313092608778,0.0029505263359304425,0,0,125,32303069937.96,0.096,0.24845723923590815,4,862980373.6899999,777475898.63,31514648.380000003,0.03651838366294145,0.04053456632614896,0.033653852353680576,0.03758403999021852
2019-03,Setor público,15,15,3849400749.2000003,3849400749.2000003,3102616325.67,8690576.76,0.0022576440662370927,0.0028010478408487384,0,0,126,25823393477.12,0.11904761904761904,0.19817642861633492,1,460018370.5,324527687.03,8690576.76,0.0188918037133041,0.026779153543212558,0.016634159647067007,0.02397810570236382
2019-03,Ações judiciais,27,27,5727090275.2300005,5727090275.2300005,1711205853.16,89806670.83,0.01568102937340085,0.052481512182861234,0,0,161,22167783851.82,0.16770186335403728,0.27015723728460633,1,97340300.73,89806670.83,89806670.83,0.9226052329456369,1.0,0.906924203572236,0.9475184878171388
2019-03,Agronegócio,4,3,432651433.42,424627827.15,401674125.9,176486.09,0.0004156253516980558,0.0004393762969037683,1,0,37,6840908152.16,0.08108108108108109,0.16328263312339744,1,1898620.93,1170070.5,176486.09,0.09295488489110883,0.1508337232671023,0.09253925953941076,0.15039434697019852
2019-03,Imobiliário,4,4,368338054.49,368338054.49,371425911.35,4631121.53,0.01257301946824973,0.012468493415463487,0,0,16,1029125603.52,0.25,0.14446762842307484,3,325436821.97,336495777.37,4631121.53,0.014230477983302438,0.013762792407667472,0.0016574585150527076,0.001294298992203985
2019-03,Factoring,1,1,12465831.08,12465831.08,9455503.37,283442.0,0.02273751330184076,0.029976405158850895,0,0,1,123712597.71,1.0,1.0,1,12465831.08,9455503.37,283442.0,0.02273751330184076,0.029976405158850895,0.0,0.0
2019-04,Financeiro,69,66,6257328201.0,6182630422.0,4316286119.37,558151420.73,0.09027733871070452,0.12931288735128318,3,0,1187,251728263957.17,0.05560235888795282,0.060341824497762556,27,2520983120.43,2107432478.07,558151420.73,0.22140228397673567,0.2648490172464072,0.13112494526603113,0.135536129895124
2019-04,Comercial,18,18,5331823247.14,5331823247.14,4572713671.77,763737424.29,0.14324132456935254,0.16702060944795027,0,0,268,103124131712.81,0.06716417910447761,0.140111750764978,8,4470239883.73,3794741606.21,763737424.29,0.1708493155075902,0.2012620366667819,0.027607990938237653,0.03424142721883164
2019-04,Cartão de crédito,10,10,14077179462.029999,14077179462.029999,13965158285.2,41869263.79,0.002974265114892713,0.00299812311002391,0,0,38,93875557493.45,0.2631578947368421,0.5574467421249805,2,395627290.93,358416834.26,41869263.79,0.1058300697395724,0.11681723565369008,0.10285580462467969,0.11381911254366617
2019-04,Industrial,2,2,27240468904.56,27240468904.56,25164360237.2,0.0,0.0,0.0,0,0,55,63391493341.810005,0.03636363636363636,0.9281746487733081,0,0.0,0.0,0.0,,,,
2019-04,Serviços,13,13,9417934298.17,9417934298.17,9069127657.59,30156723.88,0.003202052905153496,0.003325206681235949,0,0,125,32303069937.96,0.104,0.2600092328432243,4,839583933.37,775510106.75,30156723.88,0.035918652896267486,0.03888630672575048,0.03271659999111399,0.035561100044514536
2019-04,Setor público,16,16,4522767617.56,4522767617.56,3760237003.09,0.0,0.0,0.0,0,0,126,25823393477.12,0.12698412698412698,0.22412593133346326,0,0.0,0.0,0.0,,,,
2019-04,Ações judiciais,27,27,5945339360.6,5945339360.6,2147773124.5299997,90627258.07,0.015243412120524259,0.042195917732154364,0,0,161,22167783851.82,0.16770186335403728,0.27015723728460633,1,92525031.91,90627258.07,90627258.07,0.9794890766225729,1.0,0.9642456645020486,0.9578040822678456
2019-04,Agronegócio,4,3,438073449.35999995,430149093.01,378334713.66,0.0,0.0,0.0,1,0,37,6840908152.16,0.08108108108108109,0.16328263312339744,0,0.0,0.0,0.0,,,,
2019-04,Imobiliário,4,4,389750399.46999997,389750399.46999997,390666769.04,6205910.04,0.015922780447278757,0.015885431093230717,0,0,16,1029125603.52,0.25,0.14446762842307484,3,342636662.18,354796404.11,6205910.04,0.018112218349651682,0.017491468256470657,0.0021894379023729253,0.00160603716323994
2019-04,Factoring,1,1,13638590.47,13638590.47,9357592.83,513112.57,0.03762211139990333,0.054833820975303114,0,0,1,123712597.71,1.0,1.0,1,13638590.47,9357592.83,513112.57,0.03762211139990333,0.054833820975303114,0.0,0.0
2019-05,Financeiro,68,65,6314036956.78,6238371152.5,4357331805.19,311975148.69,0.0500090714488793,0.07159774895233081,3,0,1187,251728263957.17,0.05475989890480202,0.06087768361731279,24,2191624159.75,1860060116.21,311975148.69,0.1423488362738195,0.16772315366111432,0.0923397648249402,0.0961254047087835
2019-05,Comercial,19,18,5467793926.17,5450867596.9,4691120181.79,791951761.88,0.1452891210071579,0.16881932911337466,1,0,268,103124131712.81,0.06716417910447761,0.1717077250938,8,4558372507.05,3889610507.1,791951761.88,0.1737356393439026,0.20360695767208326,0.02844651833674469,0.034787628558708594
2019-05,Cartão de crédito,11,11,14751432379.91,14751432379.91,14598152466.35,46570963.89,0.003157046901657162,0.0031901957454787576,0,0,38,93875557493.45,0.2894736842105263,0.607196850114548,2,367470106.28999996,356185663.4,46570963.89,0.1267340202450295,0.13074912517660867,0.12357697334337234,0.1275589294311299
2019-05,Industrial,2,2,66228674140.02,66228674140.02,63011677923.48,0.0,0.0,0.0,0,0,55,63391493341.810005,0.03636363636363636,0.9281746487733081,0,0.0,0.0,0.0,,,,
2019-05,Serviços,13,13,8940455471.84,8940455471.84,8485222013.559999,17062085.77,0.0019084134833779916,0.0020108001585266186,0,0,125,32303069937.96,0.104,0.2600092328432243,4,961034056.29,759974698.2199999,17062085.77,0.01775388255840475,0.02245086028516809,0.01584546907502676,0.02044006012664147
2019-05,Setor público,17,17,4797266677.16,4797266677.16,3984918628.1,0.0,0.0,0.0,0,0,126,25823393477.12,0.1349206349206349,0.23157529921342224,0,0.0,0.0,0.0,,,,
2019-05,Ações judiciais,27,26,5933261952.87,5811354226.13,2210958553.2200003,93281993.87,0.0160516792197195,0.042190747417741405,1,0,161,22167783851.82,0.16149068322981366,0.2585559495745186,1,95658213.45,93281993.87,93281993.87,0.9751592728496645,1.0,0.959107593629945,0.9578092525822586
2019-05,Agronegócio,4,3,379392460.43,371297265.15000004,215609202.10999998,0.0,0.0,0.0,1,0,37,6840908152.16,0.08108108108108109,0.16328263312339744,0,0.0,0.0,0.0,,,,
2019-05,Imobiliário,4,4,408521068.38,408521068.38,404985175.93,5778063.52,0.014143856871110829,0.014267345728720484,0,0,16,1029125603.52,0.25,0.14446762842307484,3,357941820.21000004,368532602.87,5778063.52,0.016142465601281464,0.015678568123966535,0.0019986087301706347,0.0014112223952460513
2019-05,Factoring,1,1,15151937.31,15151937.31,11426300.04,196190.39,0.01294820497115692,0.017170071616638558,0,0,1,123712597.71,1.0,1.0,1,15151937.31,11426300.04,196190.39,0.01294820497115692,0.017170071616638558,0.0,0.0
2019-06,Financeiro,72,69,6857330378.65,6780416400.2300005,4652785959.45,438599335.65,0.06468619473504933,0.09426596010916571,3,0,1187,251728263957.17,0.05812973883740522,0.06526322554008168,26,2160457200.94,1838745743.77,438599335.65,0.2030122769658054,0.23853180198298385,0.13832608223075607,0.14426584187381813
2019-06,Comercial,20,19,5647881040.19,5630485220.34,4594622703.21,705182598.22,0.12524366384491054,0.15347997948282657,1,0,268,103124131712.81,0.0708955223880597,0.17185969460646114,9,4759608499.82,3832229159.16,705182598.22,0.1481597905051789,0.1840136820979076,0.022916126660268377,0.030533702615081038
2019-06,Cartão de crédito,11,11,16728457682.119999,16728457682.119999,16720733736.1,52394471.49,0.003132056312997771,0.003133503129523589,0,0,38,93875557493.45,0.2894736842105263,0.607196850114548,1,375424708.77,349779910.15,52394471.49,0.1395605304234222,0.14979268382661287,0.13642847411042444,0.14665918069708928
2019-06,Industrial,2,2,76732475983.46,76732475983.46,6386264.52,0.0,0.0,0.0,0,0,55,63391493341.810005,0.03636363636363636,0.9281746487733081,0,0.0,0.0,0.0,,,,
2019-06,Serviços,13,13,9044739163.039999,9044739163.039999,8494201884.02,28315289.77,0.0031305811322571114,0.003333484435220345,0,0,125,32303069937.96,0.104,0.2600092328432243,4,952639891.61,777658421.46,28315289.77,0.029722972992602705,0.03641096011901986,0.026592391860345593,0.03307747568379952
2019-06,Setor público,17,17,4847951932.99,4847951932.99,4778697642.24,726696649.24,0.1498976597302618,0.15207002067185887,0,0,126,25823393477.12,0.1349206349206349,0.23157529921342224,1,891964742.38,1623538123.1,726696649.24,0.8147145449953318,0.4476006069093334,0.66481688526507,0.2955305862374745
2019-06,Ações judiciais,27,27,5480264541.87,5480264541.87,3169717551.1099997,936138393.05,0.17081992774213173,0.29533811071657623,0,0,161,22167783851.82,0.16770186335403728,0.27015723728460633,2,227475670.69,1684755553.7,936138393.05,4.115334137538399,0.5556523562092354,3.9445142097962673,0.26031424549265914
2019-06,Agronegócio,4,3,381359361.09000003,373338101.05,217801850.10999998,135192.17,0.0003621172594486791,0.0006207117613175542,1,0,37,6840908152.16,0.08108108108108109,0.16328263312339744,1,2112211.16,2107315.1,135192.17,0.06400504483652099,0.06415375185229774,0.06364292757707231,0.06353304009098018
2019-06,Imobiliário,4,4,411388364.84000003,411388364.84000003,404904626.23,7576743.05,0.018417494750846437,0.01871241413205327,0,0,16,1029125603.52,0.25,0.14446762842307484,3,363053786.78000003,371689953.27,7576743.05,0.02086947809358971,0.02038457855355634,0.0024519833427432726,0.0016721644215030688
2019-06,Factoring,1,1,18366909.89,18366909.89,15368243.75,455525.54,0.02480142510243458,0.02964070243875459,0,0,1,123712597.71,1.0,1.0,1,18366909.89,15368243.75,455525.54,0.02480142510243458,0.02964070243875459,0.0,0.0
2019-07,Financeiro,74,71,7539359234.17,7459689982.72,5374105345.51,417644219.25,0.05598680645140106,0.0777141854130077,3,0,1187,251728263957.17,0.05981465880370682,0.07297378712469675,26,2172975587.9300003,1784537882.94,417644219.25,0.19219922283979837,0.23403494161857594,0.13621241638839732,0.15632075620556823
2019-07,Comercial,21,20,5714452503.39,5696236836.99,4733490457.47,813263986.98,0.14277215120320458,0.1718106319822774,1,0,268,103124131712.81,0.07462686567164178,0.1721129669939828,9,4204976776.35,3428742516.87,813263986.98,0.19340510786029327,0.23719016023472222,0.050632956657088696,0.06537952825244484
2019-07,Cartão de crédito,11,11,16640694749.03,16640694749.03,16773394373.1,57458367.57,0.00345288273335759,0.003425565886780062,0,0,38,93875557493.45,0.2894736842105263,0.6071968501145482,2,559183727.93,499096329.62,57458367.57,0.10275400498991771,0.11512480489236902,0.09930112225656013,0.11169923900558897
2019-07,Industrial,2,2,68601667119.56,68601667119.56,55849389274.96,0.0,0.0,0.0,0,0,55,63391493341.810005,0.03636363636363636,0.9281746487733081,0,0.0,0.0,0.0,,,,
2019-07,Serviços,12,12,7499362060.53,7499362060.53,7177496681.43,44405737.86,0.005921268702802399,0.006186800193845979,0,0,125,32303069937.96,0.096,0.24617155952801031,3,916449879.72,704347718.99,44405737.86,0.04845408226096024,0.0630451929675809,0.04253281355815784,0.056858392773734924
2019-07,Setor público,17,17,4892127919.28,4892127919.28,4781562400.78,729178683.17,0.14905143430454637,0.15249799585404378,0,0,126,25823393477.12,0.1349206349206349,0.23157529921342224,1,891579977.95,1624265309.69,729178683.17,0.8178499979851414,0.4489283116618231,0.668798563680595,0.29643031580777934
2019-07,Ações judiciais,27,27,5507290456.34,5507290456.34,1716492905.75,100739275.64,0.018291985221885076,0.05868901368746598,0,0,161,22167783851.82,0.16770186335403728,0.25920739899077655,1,102727617.93,100739275.64,100739275.64,0.9806445206258468,1.0,0.9623525354039617,0.9413109863125341
2019-07,Agronegócio,4,3,381037568.88,373091103.78,247659793.25,60899.66,0.0001632299976681047,0.0002459004717755089,1,0,37,6840908152.16,0.08108108108108109,0.16328263312339744,1,2130547.25,2141847.31,60899.66,0.028584045718770143,0.028433240649633425,0.028420815721102038,0.028187340177857918
2019-07,Imobiliário,4,4,351393619.96,351393619.96,308211969.78,6808128.65,0.01937465071441817,0.022089111772198872,0,0,16,1029125603.52,0.25,0.14446762842307484,3,280705517.46,272594825.06,6808128.65,0.024253633172601055,0.0249752674083284,0.0048789824581828845,0.002886155636129529
2019-07,Factoring,1,1,19132679.96,19132679.96,13324053.9,133527.34,0.006979019158798493,0.010021525055523828,0,0,1,123712597.71,1.0,1.0,1,19132679.96,13324053.9,133527.34,0.006979019158798493,0.010021525055523828,0.0,0.0
2019-08,Financeiro,76,74,8089868194.19,8031483152.53,5996831523.7,438206856.56,0.05456113749326117,0.07307306447215807,2,0,1187,251728263957.17,0.062342038753159225,0.07331723964953803,26,2121790449.28,1778527390.77,438206856.56,0.20652692480009013,0.24638746573944056,0.15196578730682897,0.17331440126728248
2019-08,Comercial,21,20,5832718873.91,5814835597.92,4891587684.98,906272211.47,0.1558551735829262,0.18527158661650478,1,0,268,103124131712.81,0.07462686567164178,0.1721129669939828,9,4280520629.23,3528072519.87,906272211.47,0.21172008967353687,0.25687459834396875,0.05586491609061067,0.07160301172746397
2019-08,Cartão de crédito,11,11,17429488754.219997,17429488754.219997,17308322023.420002,65427662.61,0.0037538486373651534,0.003780127416249213,0,0,38,93875557493.45,0.2894736842105263,0.6071968501145482,2,574818617.4,467978735.68,65427662.61,0.1138231446050585,0.13980905032988272,0.11006929596769335,0.1360289229136335
2019-08,Industrial,2,2,62684657511.68,62684657511.68,52406635594.03,0.0,0.0,0.0,0,0,55,63391493341.810005,0.03636363636363636,0.9281746487733081,0,0.0,0.0,0.0,,,,
2019-08,Serviços,13,13,7577626288.0,7577626288.0,7241838545.95,32095999.57,0.004235627141025353,0.004432023631340096,0,0,125,32303069937.96,0.104,0.2600092328432243,4,1031889086.81,851081317.64,32095999.57,0.031104117661736434,0.03771202457950831,0.02686849052071108,0.033280000948168215
2019-08,Setor público,17,17,4942296736.37,4942296736.37,4824969850.42,729178683.17,0.1475384263765523,0.15112606001186246,0,0,126,25823393477.12,0.1349206349206349,0.23157529921342224,1,891579977.95,1624265309.69,729178683.17,0.8178499979851414,0.4489283116618231,0.670311571608589,0.29780225164996066
2019-08,Ações judiciais,27,27,5517309145.98,5517309145.98,1755285792.02,101681735.15,0.018429588130671807,0.05792887723029062,0,0,161,22167783851.82,0.16770186335403728,0.25920739899077655,1,104968375.41,102531735.15,101681735.15,0.9686892338081582,0.9917098837861617,0.9502596456774863,0.933781006555871
2019-08,Agronegócio,4,3,382985768.65,376725304.27,282417530.88,0.0,0.0,0.0,1,0,37,6840908152.16,0.08108108108108109,0.16328263312339744,0,0.0,0.0,0.0,,,,
2019-08,Imobiliário,4,4,353803698.94,353803698.94,311745053.83,7404458.069999999,0.020928153357875685,0.02375164570866866,0,0,16,1029125603.52,0.25,0.14446762842307484,3,279848507.44,271073996.79,7404458.069999999,0.026458808509413,0.027315265048222993,0.005530655151537316,0.003563619339554333
2019-08,Factoring,1,1,19513179.55,19513179.55,17868994.17,488160.82,0.025016979869895165,0.02731887510599596,0,0,1,123712597.71,1.0,1.0,1,19513179.55,17868994.17,488160.82,0.025016979869895165,0.02731887510599596,0.0,0.0
2019-09,Financeiro,78,75,8758160587.0,8696561554.41,6599322038.11,374359122.03,0.043046797252894,0.05672690616826056,3,0,1187,251728263957.17,0.06318449873631002,0.07519221346006852,24,2109835576.39,1721622903.78,374359122.03,0.1774352116436206,0.21744548193919588,0.1343884143907266,0.16071857577093532
2019-09,Comercial,21,21,5961303488.97,5961303488.97,5196529596.5,995074609.7800001,0.16692232019744563,0.19148829835400324,0,0,268,103124131712.81,0.07835820895522388,0.17262524793911715,8,4399284132.99,3800694293.29,995074609.7800001,0.22619012086943602,0.2618139037219519,0.05926780067199039,0.07032560536794866
2019-09,Cartão de crédito,11,11,18699404802.57,18699404802.57,18566210221.04,66908865.74,0.0035781280980025747,0.0036037977025691597,0,0,38,93875557493.45,0.2894736842105263,0.6071968501145482,2,584393071.78,479802606.44,66908865.74,0.11449291405218515,0.13945081756942695,0.11091478595418257,0.1358470198668578
2019-09,Industrial,3,3,68016744754.56,68016744754.56,48874527143.53,0.0,0.0,0.0,0,0,55,63391493341.810005,0.05454545454545454,0.9351942536587874,0,0.0,0.0,0.0,,,,
2019-09,Serviços,13,13,8023162811.76,8023162811.76,7386966120.13,20379432.959999997,0.0025400747109517357,0.0027588366629250696,0,0,125,32303069937.96,0.104,0.2600092328432243,4,1134286034.27,878831260.41,20379432.959999997,0.017966749430284333,0.023189244486469914,0.015426674719332598,0.020430407823544845
2019-09,Setor público,18,18,5006333435.15,5006333435.15,4873422793.39,737688054.14,0.14735096327396288,0.15136959903018327,0,0,126,25823393477.12,0.14285714285714285,0.2359781352125227,1,890804797.86,1633134745.15,737688054.14,0.8281141456716042,0.45170066727852565,0.6807631823976413,0.3003310682483424
2019-09,Ações judiciais,29,28,5749954532.89,5657525580.67,1834633789.52,108770983.58,0.019225893374947612,0.05928757237620595,1,0,161,22167783851.82,0.17391304347826086,0.265248313866397,1,112741529.26,109620983.58,108770983.58,0.9647818713648695,0.9922460100955062,0.9455559779899219,0.9329584377193002
2019-09,Agronegócio,4,3,540339498.07,534173979.45,374317008.46,0.0,0.0,0.0,1,0,37,6840908152.16,0.08108108108108109,0.16328263312339744,0,0.0,0.0,0.0,,,,
2019-09,Imobiliário,4,4,352329605.76,352329605.76,314894291.46,8087238.66,0.022953616522106486,0.02568239208943328,0,0,16,1029125603.52,0.25,0.14446762842307484,3,278530839.37,272817686.14,8087238.66,0.029035343728156877,0.02964338116939357,0.006081727206050391,0.00396098907996029
2019-09,Factoring,1,1,25096809.6,25096809.6,19297276.33,0.0,0.0,0.0,0,0,1,123712597.71,1.0,1.0,0,0.0,0.0,0.0,,,,
2019-10,Financeiro,80,77,9205547296.83,9140660579.41,6723840144.440001,391019543.84999996,0.04277803999535874,0.0581541998991956,3,0,1187,251728263957.17,0.06486941870261162,0.0779785549108217,25,2538396874.04,1848633212.38,391019543.84999996,0.15404192616565532,0.21151818610171277,0.11126388617029659,0.15336398620251718
2019-10,Comercial,21,21,5950808501.6,5950808501.6,5960458525.34,1186438370.06,0.1993743152280906,0.19905152682734628,0,0,268,103124131712.81,0.07835820895522388,0.17262524793911715,9,4405455805.99,4484190279.690001,1186438370.06,0.26931115015314105,0.2645825212711581,0.06993683492505046,0.06553099444381183
2019-10,Cartão de crédito,11,11,18056989621.64,18056989621.64,17819094788.489998,71512371.25,0.003960370623700065,0.004013243775783293,0,0,38,93875557493.45,0.2894736842105263,0.6071968501145482,2,568786533.35,498305298.6,71512371.25,0.12572796129474326,0.1435111596262685,0.12176759067104319,0.1394979158504852
2019-10,Industrial,4,4,69184922047.42,69184922047.42,45459770357.85,0.0,0.0,0.0,0,0,55,63391493341.810005,0.07272727272727272,0.9355915063156103,0,0.0,0.0,0.0,,,,
2019-10,Serviços,13,13,8095285118.79,8095285118.79,7520173437.59,13929035.23,0.0017206355335983483,0.0018522226043850203,0,0,125,32303069937.96,0.104,0.2600092328432243,4,1134205867.07,896928038.45,13929035.23,0.012280870373191555,0.015529713235491061,0.010560234839593207,0.013677490631106041
2019-10,Setor público,19,19,5446877196.74,5446877196.74,4919198210.84,737688054.14,0.13543320833109884,0.14996103481140938,0,0,126,25823393477.12,0.15079365079365079,0.24450610833832898,1,890804797.86,1633134745.15,737688054.14,0.8281141456716042,0.45170066727852565,0.6926809373405054,0.30173963246711627
2019-10,Ações judiciais,29,28,5620363140.5,5527934188.28,1867902890.24,97319764.63,0.01760508741879229,0.052101083594070424,1,0,161,22167783851.82,0.17391304347826086,0.265248313866397,1,100603067.64,98169764.63,97319764.63,0.9673637883314946,0.9913415296124664,0.9497587009127023,0.939240446018396
2019-10,Agronegócio,4,3,541452986.59,535372861.14,477826931.68,8750.0,1.634374962781663e-05,1.831206953788838e-05,1,0,37,6840908152.16,0.08108108108108109,0.16328263312339744,1,3440084.74,3280032.99,8750.0,0.0025435419942591297,0.0026676560957394515,0.002527198244631313,0.002649344026201563
2019-10,Imobiliário,4,4,356648779.53,356648779.53,314051295.86,7452099.720000001,0.020894785423969626,0.023728925236857008,0,0,16,1029125603.52,0.25,0.14446762842307484,3,277671500.09000003,270584792.34,7452099.720000001,0.026837827135966764,0.027540718957465123,0.005943041711997138,0.0038117937206081157
2019-10,Factoring,1,1,23009604.88,23009604.88,20692352.72,0.0,0.0,0.0,0,0,1,123712597.71,1.0,1.0,0,0.0,0.0,0.0,,,,
2019-11,Financeiro,87,85,9718546742.04,9655646884.82,5831961289.51,940886216.64,0.09744414101547169,0.16133272666476375,2,0,1187,251728263957.17,0.07160909856781802,0.0949169589444485,30,3091442594.59,2369630579.4,940886216.64,0.30435183182328646,0.3970602948912974,0.20690769080781476,0.23572756822653365
2019-11,Comercial,21,21,5987375006.85,5987375006.85,5384736829.82,1213312343.45,0.2026451227895164,0.22532435322202338,0,0,268,103124131712.81,0.07835820895522388,0.17294642144234953,14,4989161178.16,4394217285.43,1213312343.45,0.2431896465404369,0.27611569129114427,0.04054452375092049,0.050791338069120895
2019-11,Cartão de crédito,11,11,17895238018.739998,17895238018.739998,17714446733.530003,80812017.86,0.004515839229149854,0.004561927283172698,0,0,38,93875557493.45,0.2894736842105263,0.6071968501145482,4,10014274483.39,9873944703.400002,80812017.86,0.008069682730789677,0.008184370106121126,0.0035538435016398227,0.0036224428229484273
2019-11,Industrial,4,4,77238466176.11,77238466176.11,42589043697.7,4021667.56,5.206819553912775e-05,9.442962815850191e-05,0,0,55,63391493341.810005,0.07272727272727272,0.9355915063156103,1,5879236.23,5604357.93,4021667.56,0.6840459207062682,0.7175964865613071,0.6839938525107291,0.7175020569331486
2019-11,Serviços,13,13,7956744927.4,7956744927.4,7280596186.46,19003492.22,0.0023883500594017045,0.002610156054986474,0,0,125,32303069937.96,0.104,0.2600092328432243,4,1150183175.34,915622602.25,19003492.22,0.016522144148372254,0.020754721621443022,0.01413379408897055,0.01814456556645655
2019-11,Setor público,19,19,5467319723.4,5467319723.4,4962970621.16,737688054.14,0.13492681815967567,0.1486384084150753,0,0,126,25823393477.12,0.15079365079365079,0.24450610833832898,1,890804797.86,1633134745.15,737688054.14,0.8281141456716042,0.45170066727852565,0.6931873275119286,0.30306225886345034
2019-11,Ações judiciais,29,28,5804208990.88,5711780038.66,1976737372.01,94976984.08,0.016628263595087928,0.04804734580569235,1,0,161,22167783851.82,0.17391304347826086,0.265248313866397,1,97863133.02,95826984.08,94976984.08,0.9705083124672683,0.9911298471076749,0.9538800488721804,0.9430825013019826
2019-11,Agronegócio,4,3,551737809.73,544444387.29,530553112.14,1219237.8399999999,0.002239416675904805,0.0022980504912734783,1,0,37,6840908152.16,0.08108108108108109,0.16328263312339744,2,313052871.1,308368630.53,1219237.8399999999,0.003894670685229182,0.003953832262070461,0.0016552540093243769,0.0016557817707969825
2019-11,Imobiliário,4,4,357004953.5,357004953.5,317248727.81,7929713.5200000005,0.02221177449292731,0.024995257111792422,0,0,16,1029125603.52,0.25,0.14446762842307484,3,280782230.83,272505919.02,7929713.5200000005,0.02824150765010859,0.029099234058905035,0.006029733157181281,0.004103976947112613
2019-11,Factoring,1,1,22836526.42,22836526.42,18652270.73,0.0,0.0,0.0,0,0,1,123712597.71,1.0,1.0,0,0.0,0.0,0.0,,,,
2019-12,Financeiro,96,93,10543835986.84,10467980243.78,6411132850.46,1000640036.8299999,0.0955905545794828,0.1560785059629834,3,0,1187,251728263957.17,0.07834877843302443,0.09913975049586071,29,3320480875.92,2476613474.22,1000640036.8299999,0.30135395270203275,0.40403561041964686,0.20576339812254996,0.24795710445666347
2019-12,Comercial,22,22,6131005423.46,6131005423.46,5473836887.13,1337036324.23,0.21807782441586077,0.24425943845232564,0,0,268,103124131712.81,0.08208955223880597,0.17345870238748393,17,5702749284.05,4925942682.03,1337036324.23,0.2344546915238852,0.2714275034314858,0.01637686710802444,0.02716806497916016
2019-12,Cartão de crédito,11,11,19553120239.809998,19553120239.809998,19284195653.85,78132105.17999999,0.003995889363014485,0.004051613382402148,0,0,38,93875557493.45,0.2894736842105263,0.6071968501145482,4,10831684567.9,10458043528.69,78132105.17999999,0.007213292142161033,0.00747100592626688,0.0032174027791465488,0.003419392543864732
2019-12,Industrial,4,4,66098943645.590004,66098943645.590004,61312647998.43,4793818.86,7.252489367611603e-05,7.818645934396364e-05,0,0,55,63391493341.810005,0.07272727272727272,0.9355915063156103,2,11413049.92,10975248.57,4793818.86,0.42002960589871846,0.43678453653464727,0.41995708100504237,0.4367063500753033
2019-12,Serviços,13,13,9206776566.65,9206776566.65,8520309061.179999,7509943.96,0.0008156974273931562,0.0008814168483883528,0,0,125,32303069937.96,0.104,0.2600092328432243,2,177912999.5,170824980.27,7509943.96,0.04221132790243357,0.04396279717480455,0.04139563047504041,0.043081380326416195
2019-12,Setor público,19,19,5503496379.43,5503496379.43,5013139114.26,737819005.84,0.13406368515071437,0.1471770459633277,0,0,126,25823393477.12,0.15079365079365079,0.24450610833832895,2,937302177.91,1674322509.0500002,737819005.84,0.7871730411265999,0.4406671963447674,0.6531093559758856,0.2934901503814397
2019-12,Ações judiciais,34,33,6582439074.18,6490010121.96,2503836688.83,79262503.14,0.012213001466947253,0.031656418924445914,1,0,161,22167783851.82,0.20496894409937888,0.30358437674533156,1,81401913.88,79262503.14,79262503.14,0.973717930721459,1.0,0.9615049292545117,0.9683435810755541
2019-12,Agronegócio,4,3,558919352.23,551717568.52,528348471.70000005,1571393.2399999998,0.0028481841609925753,0.0029741606613224916,1,0,37,6840908152.16,0.08108108108108109,0.16328263312339744,2,316328706.23,300445348.01000005,1571393.2399999998,0.004967596076650257,0.005230213249791098,0.0021194119156576815,0.002256052588468606
2019-12,Imobiliário,4,4,368229344.23,368229344.23,323107344.95,0.0,0.0,0.0,0,0,16,1029125603.52,0.25,0.14446762842307484,0,0.0,0.0,0.0,,,,
2019-12,Factoring,1,1,25949982.64,25949982.64,19561548.01,2220883.18,0.08558322411270793,0.11353309967414997,0,0,1,123712597.71,1.0,1.0,1,25949982.64,19561548.01,2220883.18,0.08558322411270793,0.11353309967414997,0.0,0.0
2020-01,Financeiro,97,96,10562585096.31,10562129649.19,6265010821.7300005,754635365.73,0.07144727349449571,0.12045236428204882,1,0,1187,251728263957.17,0.08087615838247683,0.1014317804729481,31,3266442234.98,2318693566.68,754635365.73,0.2310266986045815,0.32545713524815517,0.15957942511008577,0.20500477096610636
2020-01,Comercial,23,23,6226041704.190001,6226041704.190001,5358463795.400001,1322364703.5400002,0.21239252262799257,0.24678056137566715,0,0,268,103124131712.81,0.08582089552238806,0.17362354682338513,14,4753543498.64,4011001050.6400003,1322364703.5400002,0.2781850432037346,0.3296844570332391,0.06579252057574203,0.08290389565757197
2020-01,Cartão de crédito,11,11,18045942927.280003,18045942927.280003,17814972868.87,85991791.94,0.004765159254161579,0.00482693925906913,0,0,38,93875557493.45,0.2894736842105263,0.6071968501145482,4,9088671993.08,8941206785.24,85991791.94,0.009461425388161556,0.009617470438325379,0.004696266133999977,0.004790531179256249
2020-01,Industrial,4,4,57807496524.9,57807496524.9,56223435466.4,4616567.87,7.986105864334498e-05,8.211109534135338e-05,0,0,55,63391493341.810005,0.07272727272727272,0.9355915063156103,1,5227855.74,5112321.76,4616567.87,0.8830710141209825,0.9030276431583603,0.8829911530623392,0.9029455320630189
2020-01,Serviços,13,13,9022841640.27,9022841640.27,8389376252.42,12408856.78,0.0013752714803967983,0.0014791155393013324,0,0,125,32303069937.96,0.104,0.2600092328432243,4,1188460387.1399999,850064149.73,12408856.78,0.01044111937955425,0.014597553353992564,0.009065847899157452,0.013118437814691231
2020-01,Setor público,19,19,5556300748.51,5556300748.51,5234708616.39,315968061.96999997,0.05686662336532651,0.06036020056220441,0,0,126,25823393477.12,0.15079365079365079,0.24450610833832898,2,573404626.21,563044946.17,315968061.96999997,0.55103856426558,0.561177334277324,0.49417194090025346,0.5008171337151196
2020-01,Ações judiciais,34,33,6935384045.11,6842156929.13,3647892360.44,79706113.57,0.011649267094511797,0.02184990830167643,1,0,161,22167783851.82,0.20496894409937888,0.30358437674533156,1,81857827.17,79706113.57,79706113.57,0.9737140152091822,1.0,0.9620647481146705,0.9781500916983236
2020-01,Agronegócio,4,3,809958853.51,797644931.34,740731699.26,6490112.5,0.008136593420203855,0.008761758821019408,1,0,37,6840908152.16,0.08108108108108109,0.16328263312339744,2,561437531.7700001,515060131.58,6490112.5,0.011559812325939684,0.012600688933330778,0.003423218905735829,0.0038389301123113694
2020-01,Imobiliário,4,4,375803520.13,375803520.13,325967004.75,9834967.2,0.02617050313045986,0.03017166479025359,0,0,16,1029125603.52,0.25,0.14446762842307484,3,292221635.6,278275745.66999996,9834967.2,0.033655848855292624,0.03534252392827305,0.007485345724832764,0.00517085913801946
2020-01,Factoring,1,1,25923274.64,25923274.64,16287861.92,2286153.9,0.08818924043154758,0.14035936154350698,0,0,1,123712597.71,1.0,1.0,1,25923274.64,16287861.92,2286153.9,0.08818924043154758,0.14035936154350698,0.0,0.0
2020-02,Financeiro,101,99,14706319876.84,14596833166.66,6727497903.35,747642307.92,0.05121948708899802,0.11113229891126487,2,0,1187,251728263957.17,0.08340353833192923,0.10216995450405973,31,3184662512.97,2334299251.86,747642307.92,0.23476343407664652,0.32028554493356787,0.1835439469876485,0.209153246022303
2020-02,Comercial,24,24,6279551689.12,6279551689.12,5588839342.49,1400093344.93,0.22296071666323133,0.25051594063289273,0,0,268,103124131712.81,0.08955223880597014,0.17686957700206557,16,5445849132.71,4663603254.650001,1400093344.93,0.2570936709429694,0.300217078614908,0.03413295427973809,0.04970113798201525
2020-02,Cartão de crédito,11,11,18838098059.11,18838098059.11,18291027627.93,96686736.07,0.005132510499022635,0.005286019902039919,0,0,38,93875557493.45,0.2894736842105263,0.6071968501145482,4,9895517413.65,9646486428.49,96686736.07,0.009770761045463788,0.010023000269242563,0.004638250546441154,0.004736980367202644
2020-02,Industrial,4,3,55011452622.439995,55006371384.75,52350262631.850006,14514.25,2.6386488755053454e-07,2.772526682830718e-07,1,0,55,63391493341.810005,0.05454545454545454,0.9352278209232235,1,9501759.24,7845969.93,14514.25,0.0015275329161044918,0.0018498987543277522,0.0015272690512169412,0.001849621501659469
2020-02,Serviços,13,13,8901020298.07,8901020298.07,8253081572.61,20438290.959999997,0.0022961739526008735,0.002476443590213598,0,0,125,32303069937.96,0.104,0.2600092328432243,5,2735570718.7000003,2429997914.31,20438290.959999997,0.0074713078409147085,0.00841082654418799,0.005175133888313835,0.005934382953974391
2020-02,Setor público,19,19,5686037390.47,5686037390.47,5348489630.72,315968061.96999997,0.05556911435362237,0.05907612873645324,0,0,126,25823393477.12,0.15079365079365079,0.24450610833832898,2,581284943.88,573936067.5,315968061.96999997,0.5435682883182128,0.55052832512569,0.4879991739645904,0.4914521963892368
2020-02,Ações judiciais,34,33,7019174322.28,6928140131.150001,3710573521.61,80123186.83,0.011564891199263369,0.02159320826372817,1,0,161,22167783851.82,0.20496894409937888,0.30358437674533156,1,82266550.62,80123186.83,80123186.83,0.9739461084262486,1.0,0.9623812172269852,0.9784067917362719
2020-02,Agronegócio,4,3,813004857.37,800753403.28,768675969.51,4576543.43,0.005715296883227503,0.00595380057596618,1,0,37,6840908152.16,0.08108108108108109,0.16328263312339744,2,562917556.11,544547412.91,4576543.43,0.008130042099993937,0.008404306625098938,0.002414745216766434,0.0024505060491327585
2020-02,Imobiliário,4,4,369688898.58000004,369688898.58000004,327089794.87,10647807.46,0.028802075206745312,0.03255316315885646,0,0,16,1029125603.52,0.25,0.14446762842307484,3,295164759.08000004,279114074.32,10647807.46,0.03607411498983885,0.038148586687866026,0.0072720397830935354,0.0055954235290095675
2020-02,Factoring,1,1,26166385.56,26166385.56,14897283.71,1216298.24,0.04648323465275729,0.081645638471901,0,0,1,123712597.71,1.0,1.0,1,26166385.56,14897283.71,1216298.24,0.04648323465275729,0.081645638471901,0.0,0.0
2020-03,Financeiro,103,101,14599599054.63,14494086889.37,6947252957.37,775708808.56,0.05351898429206373,0.11165691149004277,2,0,1187,251728263957.17,0.08508845829823083,0.10545755573004208,32,3037972706.67,2462366166.86,775708808.56,0.2553376489712688,0.3150257743953576,0.2018186646792051,0.20336886290531486
2020-03,Comercial,25,25,6572394630.89,6572394630.89,6118582236.79,1650263201.3799999,0.2510900963894996,0.26971333186587676,0,0,268,103124131712.81,0.09328358208955224,0.1769846355494,16,5734297203.97,5224468825.03,1650263201.3799999,0.28778822280740535,0.3158719587862645,0.03669812641790576,0.046158626920387746
2020-03,Cartão de crédito,11,11,19498494072.100002,19498494072.100002,18170668676.83,105830759.16999999,0.005427637579531389,0.0058242633252648624,0,0,38,93875557493.45,0.2894736842105263,0.6071968501145482,4,10314810579.25,9885903655.42,105830759.16999999,0.010260077813052292,0.010705218547419052,0.004832440233520903,0.004880955222154189
2020-03,Industrial,4,4,60597783271.68,60597783271.68,47396143628.630005,146763.27,2.4219247318340256e-06,3.0965234460836285e-06,0,0,55,63391493341.810005,0.07272727272727272,0.9355915063156103,1,10107854.93,8577689.95,146763.27,0.014519724611837103,0.017109882830400044,0.01451730268710527,0.01710678630695396
2020-03,Serviços,13,13,8526327457.67,8526327457.67,8303342305.58,24153396.349999998,0.0028328018680859376,0.0029088763850875408,0,0,125,32303069937.96,0.104,0.2600092328432243,5,2350372834.56,2501680053.13,24153396.349999998,0.010276410616582717,0.009654870261998632,0.007443608748496779,0.006745993876911091
2020-03,Setor público,19,19,5568077090.98,5568077090.98,5405497969.85,315968061.96999997,0.05674635189262234,0.058453090489046636,0,0,126,25823393477.12,0.15079365079365079,0.24450610833832895,2,595133904.9,587147963.4,315968061.96999997,0.5309192760965147,0.5381404376169893,0.47417292420389234,0.47968734712794264
2020-03,Ações judiciais,34,33,6282503923.24,6189225684.97,3097782429.42,80140835.49,0.01294844291824987,0.025870388678331042,1,0,161,22167783851.82,0.20496894409937888,0.30358437674533156,1,80983251.51,80140835.49,80140835.49,0.9895976513131732,1.0,0.9766492083949234,0.974129611321669
2020-03,Agronegócio,4,3,819062846.72,806882528.87,761939727.29,4329888.8,0.005366194762035311,0.005682718258306555,1,0,37,6840908152.16,0.08108108108108109,0.16328263312339744,2,566447472.09,541133793.16,4329888.8,0.007643937016832596,0.008001512481257585,0.002277742254797285,0.00231879422295103
2020-03,Imobiliário,4,4,374946366.04,374946366.04,295688971.1,11175739.75,0.029806235670537876,0.03779559213326371,0,0,16,1029125603.52,0.25,0.14446762842307484,3,294895967.01,238429014.41,11175739.75,0.037897228176135174,0.04687239838513243,0.008090992505597298,0.00907680625186872
2020-03,Factoring,1,1,27476017.14,27476017.14,16987626.74,1593229.2,0.05798617724985158,0.09378762698196653,0,0,1,123712597.71,1.0,1.0,1,27476017.14,16987626.74,1593229.2,0.05798617724985158,0.09378762698196653,0.0,0.0
2020-04,Financeiro,108,105,15994634413.6,15874093336.1,9556558485.87,848900475.7,0.053477099934235404,0.08882909856672307,3,0,1187,251728263957.17,0.08845829823083404,0.11340871023246436,34,6694712065.55,3873975557.53,848900475.7,0.12680164096501126,0.21912902213591887,0.07332454103077585,0.13029992356919579
2020-04,Comercial,24,24,6123287522.23,6123287522.23,5424765596.87,1437758509.26,0.23480173093952514,0.2650360616668051,0,0,268,103124131712.81,0.08955223880597014,0.17549956119011714,15,5018716037.53,4424906730.37,1437758509.26,0.2864793501980248,0.324924025944334,0.051677619258499646,0.059887964277528904
2020-04,Cartão de crédito,11,11,18953460535.49,18953460535.49,17240794924.27,113962827.34,0.006012771500307648,0.006610068029959202,0,0,38,93875557493.45,0.2894736842105263,0.6071968501145482,4,9723108581.32,8019531008.59,113962827.34,0.011720822243921555,0.0142106598525438,0.0057080507436139075,0.007600591822584598
2020-04,Industrial,4,4,47671712080.89,47671712080.89,42823696012.36,6844062.86,0.00014356654211174338,0.00015981952744164424,0,0,55,63391493341.810005,0.07272727272727272,0.9355915063156103,2,112638446.07,90042764.59,6844062.86,0.06076133947858893,0.07600902627949842,0.06061777293647719,0.07584920675205678
2020-04,Serviços,13,13,8905245826.43,8905245826.43,8430963840.41,34731925.89,0.003900164753107505,0.004119567649374592,0,0,125,32303069937.96,0.104,0.2600092328432243,5,2437364400.29,2196905367.75,34731925.89,0.014249787961893414,0.015809477458544937,0.01034962320878591,0.011689909809170345
2020-04,Setor público,18,18,5594786010.7,5594786010.7,5417931863.51,315968061.96999997,0.056475450779656745,0.05831894345110875,0,0,126,25823393477.12,0.14285714285714285,0.24432225888437528,2,603163804.63,596238754.76,315968061.96999997,0.523851165379237,0.5299354653609937,0.46737571459958027,0.4716165219098849
2020-04,Ações judiciais,34,33,6347180813.2699995,6250927666.47,3132276282.3900003,78818611.56,0.01260910632237569,0.02516336505918295,1,0,161,22167783851.82,0.20496894409937888,0.30358437674533156,1,80540995.3,78818611.56,78818611.56,0.9786148192782516,1.0,0.9660057129558759,0.9748366349408171
2020-04,Agronegócio,5,4,872031508.64,860637901.18,648805197.52,7540778.92,0.00876184851917516,0.011622562440658544,1,0,37,6840908152.16,0.10810810810810811,0.24575982418345418,2,568511833.05,453235879.68,7540778.92,0.013264066782118847,0.016637647763729665,0.0045022182629436865,0.005015085323071121
2020-04,Imobiliário,4,4,406261493.73,406261493.73,322479169.99,11310147.68,0.027839575875523867,0.03507249066769405,0,0,16,1029125603.52,0.25,0.14446762842307484,3,325895198.32,262343216.82,11310147.68,0.034704861373546364,0.043112026364150915,0.006865285498022497,0.008039535696456865
2020-04,Factoring,1,1,27684834.85,27684834.85,13348356.24,1307754.27,0.04723720683491814,0.09797118435310803,0,0,1,123712597.71,1.0,1.0,1,27684834.85,13348356.24,1307754.27,0.04723720683491814,0.09797118435310803,0.0,0.0
2020-05,Financeiro,111,108,16149462893.31,16027775934.25,10896590140.49,905768504.41,0.05651242618599686,0.08312403171376594,3,0,1187,251728263957.17,0.09098567818028644,0.11429260374963358,37,6736729997.92,5107298361.17,905768504.41,0.13445224978434056,0.17734787364224067,0.0779398235983437,0.09422384192847473
2020-05,Comercial,26,26,6083291240.74,6083291240.74,4632958378.76,1354926539.16,0.22272919140974426,0.292453855267019,0,0,268,103124131712.81,0.09701492537313433,0.17734881140878653,17,5274682179.26,3903693656.44,1354926539.16,0.2568735884197077,0.34708833694589514,0.03414439700996344,0.054634481678876134
2020-05,Cartão de crédito,11,11,19241394032.43,19241394032.43,15860817104.84,118581708.86999999,0.006162843953517035,0.007476393434598918,0,0,38,93875557493.45,0.2894736842105263,0.6071968501145482,4,9776532910.73,6859077785.08,118581708.86999999,0.012129219013813525,0.017288287519925966,0.00596637506029649,0.009811894085327049
2020-05,Industrial,4,4,45467341893.43,45467341893.43,38476288443.82,16760204.0,0.00036862071328655873,0.0004355982522709255,0,0,55,63391493341.810005,0.07272727272727272,0.9355915063156103,1,104431971.35,25956030.69,16760204.0,0.16048920443940276,0.6457152174063792,0.1601205837261162,0.6452796191541083
2020-05,Serviços,13,13,8503897191.94,8503897191.94,7984125497.87,29362155.99,0.003452788213130031,0.0036775669417813154,0,0,125,32303069937.96,0.104,0.2600092328432243,5,2142666670.62,1907330182.31,29362155.99,0.013703557530721189,0.015394374955278584,0.010250769317591158,0.011716808013497268
2020-05,Setor público,18,18,5805796596.99,5805796596.99,5732697069.14,315968061.96999997,0.054422861133959256,0.055116825145166866,0,0,126,25823393477.12,0.14285714285714285,0.24432225888437528,2,613885829.32,604270742.61,315968061.96999997,0.5147016706999037,0.5228915446166614,0.4602788095659444,0.46777471947149457
2020-05,Ações judiciais,35,34,6470996590.83,6370244084.0,3222506910.3,77309934.17,0.01213610234561932,0.02399061858421362,1,0,161,22167783851.82,0.2111801242236025,0.33714902984252926,1,78503769.74,77309934.17,77309934.17,0.9847926338575343,1.0,0.972656531511915,0.9760093814157864
2020-05,Agronegócio,5,4,870229793.76,857552914.28,338438587.11,81931354.36,0.09554087333350086,0.24208632667932306,1,0,37,6840908152.16,0.10810810810810811,0.24575982418345418,2,571395694.89,215488286.5,81931354.36,0.14338811981384056,0.38021256603198245,0.047847246480339695,0.13812623935265939
2020-05,Imobiliário,4,4,410105921.08,410105921.08,352608283.22,11726842.46,0.028594667516913096,0.033257421955352556,0,0,16,1029125603.52,0.25,0.14446762842307484,3,330170149.26,286574176.38,11726842.46,0.035517573246046034,0.040920792683183355,0.006922905729132938,0.007663370727830798
2020-05,Factoring,1,1,28236393.38,28236393.38,13886691.34,1383616.05,0.04900116071410251,0.09963612037768531,0,0,1,123712597.71,1.0,1.0,1,28236393.38,13886691.34,1383616.05,0.04900116071410251,0.09963612037768531,0.0,0.0
2020-06,Financeiro,113,108,19265673573.43,18671534983.170002,14720884701.44,727079184.04,0.038940514783351705,0.04939099780931488,5,0,1187,251728263957.17,0.09098567818028644,0.12930762535711224,37,5958283692.650001,5209240160.14,727079184.04,0.1220282922978152,0.139574901845274,0.0830877775144635,0.0901839040359591
2020-06,Comercial,26,26,6065787030.34,6065787030.34,4343898031.57,1272974042.31,0.20986131493618349,0.2930487854591544,0,0,268,103124131712.81,0.09701492537313433,0.17734881140878653,16,5089798884.42,3569377251.2,1272974042.31,0.2501030141302056,0.3566375736501472,0.040241699194022096,0.06358878819099278
2020-06,Cartão de crédito,11,11,18345965092.54,18345965092.54,15354283950.18,121238019.23,0.006608429625721837,0.007896038631523335,0,0,38,93875557493.45,0.2894736842105263,0.6071968501145482,4,8931238188.56,5943521685.98,121238019.23,0.013574603730230091,0.020398347248565585,0.006966174104508254,0.01250230861704225
2020-06,Industrial,4,4,44646252701.630005,44646252701.630005,33363202123.99,13822385.56,0.0003095978883686996,0.0004143003273076398,0,0,55,63391493341.810005,0.07272727272727272,0.9355915063156103,2,113588081.35000001,54756529.559999995,13822385.56,0.121688696522736,0.2524335576244654,0.12137909863436731,0.25201925729715774
2020-06,Serviços,13,13,7927550673.53,7927550673.53,7772970887.25,24837453.91,0.0031330552061851805,0.003195361756820788,0,0,125,32303069937.96,0.104,0.2600092328432243,5,1917140864.52,1979791471.86,24837453.91,0.012955466324702554,0.012545489897815041,0.009822411118517373,0.009350128140994254
2020-06,Setor público,19,19,5703481009.26,5703481009.26,5718447479.02,315989805.95,0.055402973278418643,0.0552579711729997,0,0,126,25823393477.12,0.15079365079365079,0.24528400537722117,2,626026461.02,617741121.4,315989805.95,0.5047547118617801,0.5115246419630695,0.44935173858336147,0.4562666707900698
2020-06,Ações judiciais,36,36,6923228797.7300005,6923228797.7300005,3492409425.15,89842548.7,0.012976972352763745,0.025725090550098157,0,0,161,22167783851.82,0.2236024844720497,0.37911716922303024,2,168598496.92000002,160841125.47000003,89842548.7,0.5328787049781961,0.5585794580675039,0.5199017326254324,0.5328543675174057
2020-06,Agronegócio,5,4,853894138.58,841443665.19,353836010.85,60078637.97,0.07139947741651141,0.16979232222767976,1,0,37,6840908152.16,0.10810810810810811,0.24575982418345418,2,570947937.29,206145427.54,60078637.97,0.10522612316485948,0.2914381302895621,0.033826645748348066,0.12164580806188235
2020-06,Imobiliário,5,5,438943923.47,438943923.47,368183883.98,12872458.96,0.029325975988547383,0.0349620380469973,0,0,16,1029125603.52,0.3125,0.19503095100684606,3,332264050.48,282349803.63,12872458.96,0.03874165423976505,0.0455904654244721,0.009415678251217665,0.010628427377474797
2020-06,Factoring,1,1,28700972.18,28700972.18,18997677.48,686486.01,0.02391856295649704,0.03613525972965407,0,0,1,123712597.71,1.0,1.0,1,28700972.18,18997677.48,686486.01,0.02391856295649704,0.03613525972965407,0.0,0.0
2020-07,Financeiro,121,119,19550360229.02,19515243087.3,14979738296.57,791744318.16,0.040570558850750164,0.05285434915383604,2,0,1187,251728263957.17,0.10025273799494525,0.13823904602031808,38,6530702706.49,5152506193.55,791744318.16,0.12123416939086666,0.15366198281355192,0.0806636105401165,0.10080763365971587
2020-07,Comercial,27,27,6096467099.3,6096467099.3,4581021369.43,1272201964.66,0.2086785582433595,0.2777114232973542,0,0,268,103124131712.81,0.10074626865671642,0.17808144651732158,17,5171641595.03,3732218772.59,1272201964.66,0.24599577161004335,0.34087014780678204,0.03731721336668384,0.06315872450942783
2020-07,Cartão de crédito,11,11,19119627963.72,19119627963.72,14405580593.17,125384727.78,0.006557906253088231,0.008703899642854217,0,0,38,93875557493.45,0.2894736842105263,0.6071968501145482,3,8604757204.460001,4319594951.75,125384727.78,0.014571559057472398,0.02902696414375677,0.008013652804384166,0.02032306450090255
2020-07,Industrial,4,4,43091967912.21,43091967912.21,28346388270.72,8227853.68,0.0001909370603998027,0.0002902610943383868,0,0,55,63391493341.810005,0.07272727272727272,0.9355915063156103,2,114746303.58,84382587.84,8227853.68,0.07170473839502482,0.09750653411579466,0.07151380133462502,0.09721627302145627
2020-07,Serviços,13,13,8083668374.19,8083668374.19,7709715562.89,20827271.14,0.0025764628354248806,0.0027014318453264523,0,0,125,32303069937.96,0.104,0.2600092328432243,4,2056291505.56,1858741689.47,20827271.14,0.010128559634509607,0.011205037933989994,0.007552096799084727,0.008503606088663542
2020-07,Setor público,20,20,5734818937.44,5734818937.44,5495166431.14,315992778.15,0.055100741906083245,0.057503768468109104,0,0,126,25823393477.12,0.15873015873015872,0.24546785483117486,2,634036657.98,628266956.59,315992778.15,0.49838250544808027,0.5029594105427596,0.443281763541997,0.4454556420746505
2020-07,Ações judiciais,37,37,7279091448.08,7279091448.08,3561932177.2,87475811.86999999,0.012017408009494567,0.024558528213966126,0,0,161,22167783851.82,0.22981366459627328,0.38008216367592607,2,166090015.62,158474388.64,87475811.86999999,0.526677124711321,0.5519870599956397,0.5146597167018264,0.5274285317816736
2020-07,Agronegócio,5,4,659512231.27,647131944.47,339055251.78999996,21487140.57,0.03320364688162308,0.0633735665693462,1,0,37,6840908152.16,0.10810810810810811,0.24575982418345418,2,375493598.38,141282160.06,21487140.57,0.057223720091906835,0.1520867217833787,0.02402007321028375,0.0887131552140325
2020-07,Imobiliário,5,5,440588465.58,440588465.58,365918799.68,12059047.47,0.027370320405744657,0.0329555286051052,0,0,16,1029125603.52,0.3125,0.19503095100684606,3,331302462.01,276377506.79,12059047.47,0.03639890689866353,0.04363252136565089,0.00902858649291887,0.010676992760545692
2020-07,Factoring,1,1,29149553.64,29149553.64,17567493.39,1452450.85,0.04982755029246479,0.08267832056375118,0,0,1,123712597.71,1.0,1.0,1,29149553.64,17567493.39,1452450.85,0.04982755029246479,0.08267832056375118,0.0,0.0
2020-08,Financeiro,122,120,19825993562.34,19796839092.02,14941729415.93,857737968.39,0.04332701621723791,0.05740553482888867,2,0,1187,251728263957.17,0.10109519797809605,0.1384500374789452,40,6391293947.59,5139665850.71,857737968.39,0.13420411819948164,0.16688594031293122,0.09087710198224372,0.10948040548404256
2020-08,Comercial,27,26,6281132682.01,6279154779.64,4969271776.48,1258939256.33,0.2004950189175267,0.25334481850815044,1,0,268,103124131712.81,0.09701492537313433,0.17782817412979993,18,5674312549.31,4291808252.41,1258939256.33,0.22186639269334707,0.29333539205137177,0.02137137377582038,0.03999057354322133
2020-08,Cartão de crédito,11,11,17924748692.91,17924748692.91,15149622903.69,129760734.76,0.0072391940876318055,0.00856527819767673,0,0,38,93875557493.45,0.2894736842105263,0.607196850114548,3,6579355104.14,3877092933.86,129760734.76,0.01972240937084384,0.033468564456310655,0.012483215283212036,0.024903286258633923
2020-08,Industrial,4,4,40226342845.21,40226342845.21,23664949923.219997,6568770.81,0.00016329525244878642,0.0002775738309741672,0,0,55,63391493341.810005,0.07272727272727272,0.9355915063156103,1,105288482.7,78976164.05,6568770.81,0.062388312962173585,0.08317409295596194,0.0622250177097248,0.08289651912498777
2020-08,Serviços,13,13,7989060855.55,7989060855.55,7464288943.89,17955669.990000002,0.0022475320084120024,0.0024055432640637353,0,0,125,32303069937.96,0.104,0.2600092328432243,4,1101025073.09,891752111.62,17955669.990000002,0.016308139050464902,0.020135270504020298,0.0140606070420529,0.017729727239956562
2020-08,Setor público,21,21,5904163234.6,5904163234.6,5971560793.92,319184941.09,0.054060995336221315,0.05345084009108324,0,0,126,25823393477.12,0.16666666666666666,0.24598915877025349,3,651844526.8,641318109.28,319184941.09,0.4896642189463882,0.4977014315849353,0.43560322361016685,0.44425059149385204
2020-08,Ações judiciais,38,37,7372427863.16,7294413934.7300005,3523963279.09,79772048.95,0.010936046358733648,0.02263702616407504,1,0,161,22167783851.82,0.22981366459627328,0.36863815274340467,1,73073330.96,79772048.95,79772048.95,1.0916711733541593,1.0,1.0807351269954257,0.977362973835925
2020-08,Agronegócio,5,4,652693082.05,644531018.34,411334100.25,10833580.379999999,0.016808470146094844,0.026337666566947845,1,0,37,6840908152.16,0.10810810810810811,0.24575982418345418,2,371541636.91999996,224464675.41,10833580.379999999,0.029158455751576173,0.048264077009942556,0.012349985605481329,0.02192641044299471
2020-08,Imobiliário,5,5,446992733.67,446992733.67,400718551.84,13112132.18,0.029334105886562923,0.0327215501248753,0,0,16,1029125603.52,0.3125,0.19503095100684606,3,337504752.24,302829661.38,13112132.18,0.03885021497616113,0.04329870502198426,0.009516109089598209,0.010577154897108962
2020-08,Factoring,1,1,29724541.04,29724541.04,17488734.32,1069513.05,0.03598080954591587,0.06115439976562009,0,0,1,123712597.71,1.0,1.0,1,29724541.04,17488734.32,1069513.05,0.03598080954591587,0.06115439976562009,0.0,0.0
2020-09,Financeiro,125,122,19931219554.82,19812408029.53,15396866676.3,849702666.17,0.0428873999012909,0.05518672623683398,3,0,1187,251728263957.17,0.10278011794439765,0.14330549030627635,45,6458650559.46,5597331859.05,849702666.17,0.13156040233906735,0.15180494699383693,0.08867300243777645,0.09661822075700294
2020-09,Comercial,28,27,6480517108.2699995,6478706234.5199995,4804676359.7699995,1342222840.17,0.2071745178101047,0.279357596571656,1,0,268,103124131712.81,0.10074626865671642,0.17821415360733725,20,5986391346.25,4344161687.95,1342222840.17,0.22421234472263435,0.3089716581896822,0.01703782691252964,0.02961406161802621
2020-09,Cartão de crédito,11,11,16966308241.71,16966308241.71,15787451307.14,66332928.56,0.003909685455137909,0.004201623635728993,0,0,38,93875557493.45,0.2894736842105263,0.607196850114548,3,5019414499.29,4003831803.63,66332928.56,0.013215272133708593,0.016567361421091786,0.009305586678570683,0.012365737785362794
2020-09,Industrial,4,3,43138202220.82,43136106852.4,26029252234.0,13346103.63,0.0003093951819914284,0.0005127348073628875,1,0,55,63391493341.810005,0.05454545454545454,0.9352278209232235,2,119142211.42,115098162.09,13346103.63,0.11201826347634534,0.11595409855080163,0.11170886829435392,0.11544136374343875
2020-09,Serviços,14,14,8323509343.96,8323509343.96,7764021260.64,18913307.59,0.002272275648218566,0.0024360195516055227,0,0,125,32303069937.96,0.112,0.26462155120541553,4,1111439447.55,923239462.7299999,18913307.59,0.0170169482752223,0.020485809319798508,0.014744672627003734,0.018049789768192985
2020-09,Setor público,21,21,5962033013.7699995,5962033013.7699995,5924919646.99,317637870.26,0.05327677145134535,0.05361049418136288,0,0,126,25823393477.12,0.16666666666666666,0.24598915877025349,2,543073184.79,422653871.61,317637870.26,0.5848896229019793,0.7515319073028566,0.531612851450634,0.6979214131214937
2020-09,Ações judiciais,39,38,7615541838.61,7535578049.03,3522295238.11,76426277.68,0.01014205906736482,0.02169786247702761,1,0,161,22167783851.82,0.2360248447204969,0.3691604654169401,2,78926868.4,84943648.07000001,76426277.68,0.9683176240145872,0.8997291665295439,0.9581755649472223,0.8780313040525163
2020-09,Agronegócio,5,4,747114724.18,745096482.43,460759515.19,18614487.61,0.024982653990382766,0.04039957287116269,1,0,37,6840908152.16,0.10810810810810811,0.24575982418345418,2,372830758.55,150876351.79999998,18614487.61,0.04992744612165261,0.12337578015324202,0.024944792131269846,0.08297620728207933
2020-09,Imobiliário,5,5,454648345.66,454648345.66,405459672.9,13235584.99,0.029111697241054026,0.03264340666812589,0,0,16,1029125603.52,0.3125,0.19503095100684606,3,335835212.29,308346339.05,13235584.99,0.03941095068545351,0.042924411007369795,0.01029925344439948,0.010281004339243907
2020-09,Factoring,1,1,30288545.58,30288545.58,18048421.56,750840.25,0.024789577565447436,0.04160143575458463,0,0,1,123712597.71,1.0,1.0,1,30288545.58,18048421.56,750840.25,0.024789577565447436,0.04160143575458463,0.0,0.0
2020-10,Financeiro,132,128,20276340711.43,20081402083.829998,15582660860.97,884171937.72,0.04402939267034324,0.056740754715043036,4,0,1187,251728263957.17,0.10783487784330244,0.14753323729539106,44,6294530349.09,5608516165.84,884171937.72,0.14046670500966363,0.15764810362948747,0.09643731233932039,0.10090734891444444
2020-10,Comercial,30,29,6715842548.07,6713778826.4,5078129926.82,1327559593.79,0.19773656954109875,0.2614268663703407,1,0,268,103124131712.81,0.10820895522388059,0.18651225370250343,23,6215924518.84,4612427297.14,1327559593.79,0.21357395666023077,0.28782233480691866,0.015837387119132018,0.026395468436577973
2020-10,Cartão de crédito,11,11,17086373369.41,17086373369.41,15532124278.04,68333981.34,0.003999326238670366,0.0043995257903398045,0,0,38,93875557493.45,0.2894736842105263,0.607196850114548,2,553167735.66,465001629.0,68333981.34,0.12353211681528897,0.1469542837666059,0.11953279057661861,0.1425547579762661
2020-10,Industrial,4,3,27749037809.52,27746379681.1,21101302170.719997,4606544.72,0.00016602327124997282,0.00021830618237352222,1,0,55,63391493341.810005,0.05454545454545454,0.9352278209232235,1,107103806.19,96032976.02,4606544.72,0.04301009351458605,0.04796836369041227,0.04284407024333607,0.04775005750803875
2020-10,Serviços,14,14,8177913853.8,8177913853.8,7700290608.099999,18235409.2,0.002229836303732476,0.0023681455841183478,0,0,125,32303069937.96,0.112,0.26462155120541553,4,1039715379.53,877513170.16,18235409.2,0.017538847225904514,0.020780781212292317,0.015309010922172038,0.018412635628173968
2020-10,Setor público,20,20,5771809583.37,5771809583.37,5822162387.46,317611880.84999996,0.055028128745812706,0.05455221955575901,0,0,126,25823393477.12,0.15873015873015872,0.24158632277115302,2,457553856.12,425106299.85,317611880.84999996,0.6941519049654817,0.7471352011533826,0.639123776219669,0.6925829815976237
2020-10,Ações judiciais,41,40,8240281323.71,8161579475.6,4367768704.34,78070929.58,0.009565664319437457,0.017874327800926227,1,0,161,22167783851.82,0.2484472049689441,0.37365805263569196,2,80299667.06,86799641.07,78070929.58,0.9722447481838911,0.899438391882742,0.9626790838644536,0.8815640640818158
2020-10,Agronegócio,5,4,768304454.05,766505182.5,607575149.71,10394970.91,0.013561514191066803,0.01710894679441974,1,0,37,6840908152.16,0.10810810810810811,0.24575982418345418,2,372873304.08,295857377.70000005,10394970.91,0.02787802397290893,0.03513507417259853,0.014316509781842126,0.018026127378178786
2020-10,Imobiliário,5,5,480471719.94,480471719.94,409686302.52,13368231.02,0.02782313810617072,0.03263040755273333,0,0,16,1029125603.52,0.3125,0.19503095100684606,3,347465418.0,307445870.61,13368231.02,0.03847355830962148,0.04348157610143287,0.01065042020345076,0.010851168548699539
2020-10,Factoring,1,1,30778779.18,30778779.18,20082643.7,825193.72,0.026810475983277775,0.04108989495242601,0,0,1,123712597.71,1.0,1.0,1,30778779.18,20082643.7,825193.72,0.026810475983277775,0.04108989495242601,0.0,0.0
2020-11,Financeiro,139,135,20751886027.31,20674549031.88,17365879097.97,723478886.86,0.03499369615000554,0.041660942286795705,4,0,1187,251728263957.17,0.11373209772535804,0.15634240615938996,40,6458117302.7,5778537688.59,723478886.86,0.11202628458878086,0.1252010328302511,0.07703258843877532,0.0835400905434554
2020-11,Comercial,31,31,7149469929.08,7149469929.08,5446698623.88,1264412795.6100001,0.17685406165107206,0.2321429700674875,0,0,268,103124131712.81,0.11567164179104478,0.1875598248222376,23,5414314467.63,4360656822.96,1264412795.6100001,0.23353146611069853,0.2899592531456582,0.05667740445962646,0.05781628307817069
2020-11,Cartão de crédito,11,10,17392618547.34,17350381641.46,17057498176.37,50932614.52,0.002935532806857275,0.0029859369758314085,1,0,38,93875557493.45,0.2631578947368421,0.6046550739376487,1,520023649.03,471021225.63,50932614.52,0.09794288128050446,0.10813231283128832,0.09500734847364718,0.10514637585545691
2020-11,Industrial,4,3,23302569520.32,23299871684.01,16211184734.13,4026147.23,0.00017279697006928257,0.00024835613781660294,1,0,55,63391493341.810005,0.05454545454545454,0.9352278209232235,2,121386755.37,117213713.15,4026147.23,0.033167928558003434,0.0343487730385922,0.03299513158793415,0.034100416900775594
2020-11,Serviços,14,14,8055379659.21,8055379659.21,7550206889.22,18511795.19,0.002298066133833284,0.0024518262163690757,0,0,125,32303069937.96,0.112,0.26462155120541553,5,1136514365.0,980308594.62,18511795.19,0.016288219278249073,0.018883640612347978,0.013990153144415788,0.016431814395978902
2020-11,Setor público,21,21,5927749215.15,5927749215.15,6049721034.2699995,391080264.74,0.06597449563832532,0.06464434682601698,0,0,126,25823393477.12,0.16666666666666666,0.24598915877025349,3,629583575.03,597717514.5,391080264.74,0.6211729153216312,0.6542894515432507,0.5551984196833059,0.5896451047172337
2020-11,Ações judiciais,43,43,8606112795.11,8606112795.11,4724934375.91,7139752.630000001,0.0008296141126638281,0.00151107974459961,0,0,161,22167783851.82,0.2670807453416149,0.48871249960606883,2,87987467.01,81203233.47999999,7139752.630000001,0.08114510932776993,0.08792448679717282,0.0803154952151061,0.08641340705257321
2020-11,Agronegócio,5,4,773126553.05,770137302.26,588298151.53,13548338.47,0.017592107836150565,0.023029714498956928,1,0,37,6840908152.16,0.10810810810810811,0.24575982418345418,3,699869478.34,588298151.53,13548338.47,0.019358378796764948,0.023029714498956928,0.0017662709606143835,0.0
2020-11,Imobiliário,5,5,477759638.56,477759638.56,415520297.48,13208725.64,0.02764721959312427,0.03178840051883571,0,0,16,1029125603.52,0.3125,0.19503095100684606,3,339131565.24,301097995.11,13208725.64,0.038948676542840587,0.043868527371543814,0.011301456949716317,0.012080126852708102
2020-11,Factoring,1,1,31150915.58,31150915.58,21398072.13,1148014.67,0.036853320315794066,0.053650378549312795,0,0,1,123712597.71,1.0,1.0,1,31150915.58,21398072.13,1148014.67,0.036853320315794066,0.053650378549312795,0.0,0.0
2020-12,Financeiro,147,143,21496744391.62,21406436956.53,18293040627.67,972385595.5400001,0.04542491576317073,0.05315603979303323,4,0,1187,251728263957.17,0.12047177759056445,0.1585862186289985,43,6824094315.92,6091820146.929999,972385595.5400001,0.14249298888960424,0.1596215206763841,0.09706807312643351,0.10646548088335087
2020-12,Comercial,33,33,7523229170.27,7523229170.27,5538189569.94,1375204748.1200001,0.18279447787586744,0.24831305081795874,0,0,268,103124131712.81,0.12313432835820895,0.1919544085421964,25,6042533989.940001,4412959119.7,1375204748.1200001,0.22758742448276328,0.31162870781669255,0.04479294660689584,0.06331565699873382
2020-12,Cartão de crédito,12,11,18750034183.21,18708709725.85,18084484028.25,45720146.51,0.0024437893996948406,0.002528142159797315,1,0,38,93875557493.45,0.2894736842105263,0.6320021673152739,1,537908452.35,495269801.6,45720146.51,0.08499614815543248,0.09231361646177136,0.08255235875573765,0.08978547430197405
2020-12,Industrial,4,4,20676723034.39,20676723034.39,10722671128.029999,7380160.449999999,0.0003569308559061872,0.000688276303719473,0,0,55,63391493341.810005,0.07272727272727272,0.9355915063156103,3,151989555.97,142727265.65,7380160.449999999,0.048557023559281334,0.051708133105400095,0.04820009270337515,0.05101985680168062
2020-12,Serviços,14,14,7849171498.86,7849171498.86,7535503631.38,16961732.42,0.0021609583154685173,0.0022509089305413482,0,0,125,32303069937.96,0.112,0.26462155120541553,4,986460629.1600001,857757163.53,16961732.42,0.0171945356141009,0.019774515610217654,0.015033577298632382,0.017523606679676305
2020-12,Setor público,21,21,5264921429.04,5264921429.04,5358524680.79,394044017.5,0.07484328547175481,0.07353591538219931,0,0,126,25823393477.12,0.16666666666666666,0.24598915877025349,3,651193901.66,609526630.9,394044017.5,0.6051101161966002,0.6464754737921329,0.5302668307248454,0.5729395584099336
2020-12,Ações judiciais,47,47,9013798331.32,9013798331.32,5287776014.14,7055958.550000001,0.0007827952535262359,0.0013343905889984216,0,0,161,22167783851.82,0.2919254658385093,0.5223142882408333,3,113034410.38,102460853.85000001,7055958.550000001,0.06242310218878678,0.06886492045371531,0.06164030693526054,0.06753052986471689
2020-12,Agronegócio,5,4,773613362.01,771808827.91,642214711.11,3729403.5100000002,0.0048320301286251715,0.00580709760378133,1,0,37,6840908152.16,0.10810810810810811,0.24575982418345418,3,701165261.0699999,642214711.11,3729403.5100000002,0.00531886520491448,0.00580709760378133,0.00048683507628930877,0.0
2020-12,Imobiliário,5,5,486048331.01,486048331.01,420186104.51,14894350.82,0.030643764970964507,0.03544703325534538,0,0,16,1029125603.52,0.3125,0.19503095100684606,3,340885958.36,299683161.77,14894350.82,0.043693060552146584,0.0497003259443421,0.013049295581182077,0.014253292688996722
2020-12,Factoring,1,1,34844607.19,34844607.19,30002533.4,918927.08,0.02637214634073193,0.030628316207457335,0,0,1,123712597.71,1.0,1.0,1,34844607.19,30002533.4,918927.08,0.02637214634073193,0.030628316207457335,0.0,0.0
2021-01,Financeiro,148,146,21671575202.65,21666325922.16,18635101184.71,972869491.92,0.044902375022659625,0.05220628974734166,2,0,1187,251728263957.17,0.12299915754001685,0.1597865047471334,44,7294429790.21,6547287280.12,972869491.92,0.13337156157506752,0.14859123333017535,0.0884691865524079,0.0963849435828337
2021-01,Comercial,34,34,7631675547.6,7631675547.6,5864030436.55,1522367407.03,0.19948010073734754,0.25961110255179,0,0,268,103124131712.81,0.12686567164179105,0.19129087324649507,24,6140136743.46,4682380455.71,1522367407.03,0.2479370526481366,0.3251268070653092,0.04845695191078905,0.06551570451351924
2021-01,Cartão de crédito,12,11,19685634649.04,19644132746.64,18546758518.8,46287831.18,0.002356318386614305,0.002495736984610014,1,0,38,93875557493.45,0.2894736842105263,0.6320021673152739,1,547827470.95,491116988.4,46287831.18,0.08449344663153022,0.09425011203705289,0.08213712824491591,0.09175437505244287
2021-01,Industrial,4,4,24021829933.43,24021829933.43,22769645294.670002,6693729.21,0.0002786519273739702,0.0002939759984564578,0,0,55,63391493341.810005,0.07272727272727272,0.9355915063156103,3,147264819.24,143358219.06,6693729.21,0.04545368842704458,0.04669232956359803,0.04517503649967061,0.04639835356514157
2021-01,Serviços,14,14,7908279903.38,7908279903.38,7306618574.33,16027513.4,0.0020266750286809954,0.0021935609799461422,0,0,125,32303069937.96,0.112,0.26462155120541553,5,1017138559.8000001,868573263.0,16027513.4,0.015757453343575423,0.018452690271217802,0.013730778314894427,0.01625912929127166
2021-01,Setor público,21,21,5092116261.66,5092116261.66,5232378336.03,394301695.18,0.07743375738468705,0.07535802456501481,0,0,126,25823393477.12,0.16666666666666666,0.24598915877025349,3,653015853.37,619580404.49,394301695.18,0.6038164206047045,0.6364011713775303,0.5263826632200175,0.5610431468125154
2021-01,Ações judiciais,47,47,9259181274.12,9259181274.12,5426103345.01,69575367.13,0.00751420293762555,0.012822344637793066,0,0,161,22167783851.82,0.2919254658385093,0.5147919240029526,5,187249306.49,175633995.85,69575367.13,0.3715654195692076,0.3961383830805783,0.364051216631582,0.3833160384427852
2021-01,Agronegócio,5,4,817578653.64,815851284.3000001,627157971.31,4746645.62,0.005818028005033563,0.007568500819793878,1,0,37,6840908152.16,0.10810810810810811,0.24575982418345418,3,682752155.71,627157971.31,4746645.62,0.006952223556238971,0.007568500819793878,0.0011341955512054079,0.0
2021-01,Imobiliário,5,5,489991904.46,489991904.46,419590614.67,15417819.28,0.031465457162994044,0.03674490977860841,0,0,16,1029125603.52,0.3125,0.19503095100684606,3,342869470.46,295000615.19,15417819.28,0.044967022754505294,0.05226368517933395,0.01350156559151125,0.015518775400725535
2021-01,Factoring,1,1,35537874.84,35537874.84,33811668.36,6158321.72,0.17328896980267489,0.1821359908783868,0,0,1,123712597.71,1.0,1.0,1,35537874.84,33811668.36,6158321.72,0.17328896980267489,0.1821359908783868,0.0,0.0
2021-02,Financeiro,151,149,22281030089.66,22275651746.41,18979106411.04,1000955873.29,0.044934975850990155,0.05273988414479575,2,0,1187,251728263957.17,0.12552653748946924,0.16642450690581953,46,7490083886.46,6845196731.070001,1000955873.29,0.1336374716843227,0.14622748075986072,0.08870249583333253,0.09348759661506498
2021-02,Comercial,33,33,7872596873.33,7872596873.33,5893494075.01,1575380862.3600001,0.20010942865586304,0.26730846630355304,0,0,268,103124131712.81,0.12313432835820895,0.19113890373383394,23,6377612800.57,4673954061.42,1575380862.3600001,0.24701732632924978,0.3370552730424958,0.04690789767338674,0.06974680673894273
2021-02,Cartão de crédito,12,11,21325029856.79,21283666488.0,19578489872.64,47866973.19,0.0022490003410356014,0.0024448756518699534,1,0,38,93875557493.45,0.2894736842105263,0.6320021673152739,1,565328036.16,499748356.28,47866973.19,0.08467114688869352,0.09578215233424599,0.08242214654765792,0.09333727668237603
2021-02,Industrial,4,4,25776608118.71,25776608118.71,18198058231.550003,6510745.279999999,0.0002525834760731829,0.0003577714279819321,0,0,55,63391493341.810005,0.07272727272727272,0.9355915063156103,3,148154960.23,143260947.4,6510745.279999999,0.043945509957226764,0.04544675571508889,0.04369292648115358,0.045088984287106955
2021-02,Serviços,14,14,7730235027.690001,7730235027.690001,6872798566.31,17209827.74,0.002226300711214307,0.002504049489295587,0,0,125,32303069937.96,0.112,0.26462155120541553,5,1002726887.02,884733838.06,17209827.74,0.017163026106885214,0.01945198318370737,0.014936725395670907,0.016947933694411783
2021-02,Setor público,22,22,5116445372.1,5116445372.1,5288757150.2,395621210.49,0.07732345050478293,0.07480419298039412,0,0,126,25823393477.12,0.1746031746031746,0.2462575197525597,3,663831287.2199999,637236544.38,395621210.49,0.5959665024931062,0.6208388611405206,0.5186430519883233,0.5460346681601265
2021-02,Ações judiciais,48,48,9634839316.74,9634839316.74,5474283172.43,74581092.15,0.007740771765691981,0.013623901029747776,0,0,161,22167783851.82,0.2981366459627329,0.5238634310635688,5,186912532.0,178928646.43,74581092.15,0.3990160068560839,0.4168203003713965,0.3912752350903919,0.40319639934164875
2021-02,Agronegócio,5,4,819827260.41,818264156.4399999,634201243.8499999,3927381.45,0.004799649867454483,0.006192642300980566,1,0,37,6840908152.16,0.10810810810810811,0.24575982418345418,3,684573314.12,634201243.8499999,3927381.45,0.005736977134506827,0.006192642300980566,0.0009373272670523446,0.0
2021-02,Imobiliário,5,5,494976456.35,494976456.35,403518301.24,16505307.9,0.03334564238006711,0.040903492727045264,0,0,16,1029125603.52,0.3125,0.19503095100684606,3,347422814.48,291050748.0,16505307.9,0.047507841201229334,0.05670938148559577,0.014162198821162222,0.015805888758550504
2021-02,Factoring,1,1,36195742.75,36195742.75,32767291.75,3794541.27,0.10483391088859477,0.11580271262424366,0,0,1,123712597.71,1.0,1.0,1,36195742.75,32767291.75,3794541.27,0.10483391088859477,0.11580271262424366,0.0,0.0
2021-03,Financeiro,161,159,24300969358.57,24295065074.06,20779290458.17,984038185.47,0.040503624191592064,0.04735667887461942,2,0,1187,251728263957.17,0.13395113732097724,0.17670971396365914,46,7805233118.71,7013014870.8,984038185.47,0.1260741569795209,0.14031599869654166,0.08557053278792884,0.09295931982192224
2021-03,Comercial,36,36,7925734350.8,7925734350.8,5837128135.12,1763576415.78,0.22251268308052613,0.30213083813753633,0,0,268,103124131712.81,0.13432835820895522,0.19220088379098477,27,7415832755.36,5156369311.91,1763576415.78,0.23781232316833548,0.3420190271683127,0.015299640087809346,0.039888189030776344
2021-03,Cartão de crédito,13,12,23052481342.66,23011459542.97,21827139341.27,47737555.72,0.0020745122937924996,0.0021870733939806522,1,0,38,93875557493.45,0.3157894736842105,0.6326211523088283,1,567943542.2,504930900.97,47737555.72,0.08405334716032271,0.0945427495688886,0.08197883486653021,0.09235567617490795
2021-03,Industrial,4,4,36690157857.6,36690157857.6,21378984432.81,7558436.630000001,0.0002060071984245864,0.0003535451673934606,0,0,55,63391493341.810005,0.07272727272727272,0.9355915063156103,3,147588769.82,142352907.10999998,7558436.630000001,0.051212816796415525,0.05309646837180072,0.05100680959799094,0.05274292320440726
2021-03,Serviços,15,15,8138077500.22,8138077500.22,6909023577.71,16819746.36,0.0020667960411467332,0.0024344606977842903,0,0,125,32303069937.96,0.12,0.2706395369474318,5,1120086416.56,898511723.4300001,16819746.36,0.015016472042984562,0.01871956249584802,0.012949676001837829,0.01628510179806373
2021-03,Setor público,24,24,5132171335.33,5132171335.33,5341019543.77,396295818.07,0.07721796334855179,0.07419853359875023,0,0,126,25823393477.12,0.19047619047619047,0.25781267343537767,3,672879714.88,642999680.09,396295818.07,0.5889549191428286,0.6163235073686675,0.5117369557942768,0.5421249737699172
2021-03,Ações judiciais,48,48,9906764578.23,9906764578.23,5552139499.97,74646235.42999999,0.007534875270381839,0.013444589321000188,0,0,161,22167783851.82,0.2981366459627329,0.5238634310635688,5,200119491.84,135166664.96,74646235.42999999,0.3730083198976006,0.5522532900555778,0.36547344462721876,0.5388087007345775
2021-03,Agronegócio,5,4,824886682.71,823500672.16,646650605.0,9740568.280000001,0.011828245694628264,0.015063108585508864,1,0,37,6840908152.16,0.10810810810810811,0.24575982418345418,3,688806919.52,646650605.0,9740568.280000001,0.014141217232236554,0.015063108585508864,0.00231297153760829,0.0
2021-03,Imobiliário,6,6,478083047.78000003,478083047.78000003,421687563.86,16642628.66,0.034811166673407036,0.03946672865488,0,0,16,1029125603.52,0.375,0.19623979076920828,3,324200678.01,295144583.4,16642628.66,0.05133434255028503,0.0563880538422241,0.016523175876877995,0.016921325187344106
2021-03,Factoring,1,1,38599514.53,38599514.53,38296008.14,653839.15,0.01693905112438211,0.01707329776016702,0,0,1,123712597.71,1.0,1.0,1,38599514.53,38296008.14,653839.15,0.01693905112438211,0.01707329776016702,0.0,0.0
2021-04,Financeiro,163,161,24818470048.55,24812344207.73,21178960639.55,1049919201.58,0.04231438967596257,0.04957368869270009,2,0,1187,251728263957.17,0.13563605728727884,0.17755002824893143,51,8318840835.35,7397051373.34,1049919201.58,0.1262097956146106,0.14193753004934567,0.08389540593864803,0.09236384135664558
2021-04,Comercial,37,37,8129998167.84,8129998167.84,5674505485.37,1805982132.6399999,0.2221380737555342,0.31826247014760667,0,0,268,103124131712.81,0.13805970149253732,0.19302222550599557,26,7195221676.2699995,4833231071.96,1805982132.6399999,0.25099742772292466,0.37365938142651794,0.02885935396739045,0.055396911278911276
2021-04,Cartão de crédito,13,12,23777987222.010002,23737194833.47,21270938507.600002,48854583.47,0.0020581447729077864,0.002296776113218723,1,0,38,93875557493.45,0.3157894736842105,0.6326211523088283,1,578281839.04,510386181.62,48854583.47,0.08448230632852488,0.09572081931162844,0.08242416155561709,0.09342404319840972
2021-04,Industrial,4,4,51943404738.37,51943404738.37,45519101736.27,6177006.62,0.00011891801569636261,0.0001357014173036308,0,0,55,63391493341.810005,0.07272727272727272,0.9355915063156103,3,149169603.98,117539397.96,6177006.62,0.04140928483545606,0.05255264810954797,0.0412903668197597,0.05241694669224434
2021-04,Serviços,16,16,7990829269.74,7990829269.74,7052244819.93,14789254.209999999,0.0018507783999346043,0.0020970988086240028,0,0,125,32303069937.96,0.128,0.27407761340280584,5,1094492793.5,895287320.24,14789254.209999999,0.013512427215446987,0.016519003313970132,0.011661648815512383,0.014421904505346129
2021-04,Setor público,24,24,5165440970.86,5165440970.86,5381560352.54,398576362.2,0.07716211731941264,0.07406334521768934,0,0,126,25823393477.12,0.19047619047619047,0.25781267343537767,4,679818888.26,648941720.75,398576362.2,0.586297864156376,0.6141943867306824,0.5091357468369633,0.5401310415129931
2021-04,Ações judiciais,51,51,10061278822.73,10061278822.73,5582082953.64,75440736.84,0.007498126050295675,0.013514800383037326,0,0,161,22167783851.82,0.3167701863354037,0.5489388918365392,4,182341403.43,145592202.27,75440736.84,0.41373344408288126,0.5181646795897457,0.4062353180325856,0.5046498792067083
2021-04,Agronegócio,5,4,832413504.07,827294170.13,620966911.0699999,14999133.770000001,0.018130351103094387,0.024154481507162286,1,0,37,6840908152.16,0.10810810810810811,0.24575982418345418,3,691723190.1700001,620966911.0699999,14999133.770000001,0.021683722597638757,0.024154481507162286,0.0035533714945443703,0.0
2021-04,Imobiliário,6,6,487589103.93,487589103.93,428629296.71,17393875.490000002,0.03567322433951914,0.04058023010444914,0,0,16,1029125603.52,0.375,0.19623979076920828,3,327595843.48,300622374.73,17393875.490000002,0.05309553169303844,0.05785955055947542,0.017422307353519302,0.01727932045502628
2021-04,Factoring,1,1,39314976.04,39314976.04,34227489.18,712919.13,0.018133525740284286,0.020828846844441543,0,0,1,123712597.71,1.0,1.0,1,39314976.04,34227489.18,712919.13,0.018133525740284286,0.020828846844441543,0.0,0.0
2021-05,Financeiro,172,170,25944142356.4,25937779641.98,22435113953.15,1212236341.2,0.0467363189113539,0.054032992376657665,2,0,1187,251728263957.17,0.14321819713563605,0.18159963083834682,51,8486268753.94,7529490849.75,1212236341.2,0.14284680067870625,0.16099844802125626,0.09611048176735235,0.1069654556445986
2021-05,Comercial,38,38,8317250585.09,8317250585.09,5603393610.349999,1884288721.75,0.22655187582395178,0.3362763447974706,0,0,268,103124131712.81,0.1417910447761194,0.19333768500688714,28,7010494829.04,4540272777.73,1884288721.75,0.2687811299631227,0.4150166331398458,0.04222925413917092,0.07874028834237523
2021-05,Cartão de crédito,13,12,24581879920.260002,24540154769.36,21215559816.84,52281112.15,0.002130431231643103,0.0024642815273958267,1,0,38,93875557493.45,0.3157894736842105,0.6326211523088283,1,565885868.68,514678951.52,52281112.15,0.0923880857317612,0.1015800471256855,0.09025765450011809,0.09911576559828968
2021-05,Industrial,4,4,53783693736.78,53783693736.78,39559999552.83,11265414.49,0.0002094578060245078,0.0002847678113584333,0,0,55,63391493341.810005,0.07272727272727272,0.9355915063156103,3,213300308.02,69521198.71000001,11265414.49,0.05281480647905911,0.16204286892394407,0.0526053486730346,0.16175810111258562
2021-05,Serviços,18,18,7908024579.97,7908024579.97,6997659299.55,14800469.870000001,0.001871576108588189,0.002115060084584538,0,0,125,32303069937.96,0.144,0.2803646088026253,5,1073125863.11,884011059.68,14800469.870000001,0.013791923556018973,0.01674240351173612,0.011920347447430785,0.014627343427151584
2021-05,Setor público,24,24,5206066800.68,5206066800.68,5413922337.690001,400131891.01,0.07685877003301916,0.07390794807387786,0,0,126,25823393477.12,0.19047619047619047,0.25781267343537767,4,688693939.0799999,653183830.12,400131891.01,0.5810010344283282,0.612586951113731,0.5041422643953091,0.538679003039853
2021-05,Ações judiciais,52,52,10604073980.2,10604073980.2,5792021735.68,78839842.73,0.007434863513514739,0.013611800218968614,0,0,161,22167783851.82,0.32298136645962733,0.5686137649738552,5,242176594.31,153426795.14,78839842.73,0.3255469132127627,0.5138596726736009,0.31811204969924795,0.5002478724546323
2021-05,Agronegócio,5,4,833802245.78,828784386.58,506553439.90000004,42522486.940000005,0.05130705600701545,0.08394472051832176,1,0,37,6840908152.16,0.10810810810810811,0.24575982418345418,3,692148847.62,506553439.90000004,42522486.940000005,0.06143546592068514,0.08394472051832176,0.010128409913669693,0.0
2021-05,Imobiliário,6,6,500129589.29,500129589.29,427787912.59,17630213.35,0.03525129032063153,0.041212509356002146,0,0,16,1029125603.52,0.375,0.19623979076920828,3,332137154.58,298152997.46,17630213.35,0.053081123586712464,0.059131430843204116,0.01782983326608093,0.01791892148720197
2021-05,Factoring,1,1,40231199.37,40231199.37,31134996.2,712919.14,0.017720553977111024,0.022897678722054896,0,0,1,123712597.71,1.0,1.0,1,40231199.37,31134996.2,712919.14,0.017720553977111024,0.022897678722054896,0.0,0.0
2021-06,Financeiro,176,172,26960769440.64,26812621794.87,23083696738.9,1019391236.09,0.038019080860083515,0.04416065795788031,4,0,1187,251728263957.17,0.14490311710193765,0.18103154115353362,52,8575698727.13,7501360608.47,1019391236.09,0.11886975843321822,0.13589417830932915,0.0808506775731347,0.09173352035144884
2021-06,Comercial,38,37,8623447072.63,7875459009.09,5432139789.14,1326616166.6299999,0.1684493773758196,0.24421613178699617,1,0,268,103124131712.81,0.13805970149253732,0.1612294297329308,25,6179791746.14,4144169755.31,1326616166.6299999,0.214670044093092,0.32011627055821795,0.0462206667172724,0.07590013877122179
2021-06,Cartão de crédito,14,13,24975812488.8,24936171299.39,21365929207.31,54076027.12,0.0021685777848872425,0.0025309466578920786,1,0,38,93875557493.45,0.34210526315789475,0.6496236841023824,2,1040534598.9300001,605800445.9399999,54076027.12,0.0519694656723643,0.08926376248550306,0.04980088788747706,0.08673281582761098
2021-06,Industrial,5,5,66272560188.04,66272560188.04,54857134246.909996,11180866.46,0.00016871034449666208,0.00020381791016780646,0,0,55,63391493341.810005,0.09090909090909091,0.9357443987483178,3,216441355.7,125232493.71,11180866.46,0.05165771773993745,0.08928087374744334,0.05148900739544079,0.08907705583727553
2021-06,Serviços,18,18,7999085539.59,7999085539.59,7407647104.24,15036771.26,0.0018798112841247004,0.0020298984344695944,0,0,125,32303069937.96,0.144,0.2803646088026253,5,1047371428.77,879467827.63,15036771.26,0.014356675050472506,0.017097579681250266,0.012476863766347806,0.015067681246780672
2021-06,Setor público,25,25,5103970111.96,5103970111.96,5459196230.099999,377783256.3,0.07401752910244329,0.0692012597416891,0,0,126,25823393477.12,0.1984126984126984,0.2774872514779635,5,692539911.43,660955877.3199999,377783256.3,0.545503948674856,0.5715710673938033,0.47148641957241266,0.5023698076521141
2021-06,Ações judiciais,52,52,10888502342.37,10888502342.37,6037902292.57,82906885.6,0.007614167953786233,0.013731074400130966,0,0,161,22167783851.82,0.32298136645962733,0.5686137649738552,5,266548778.43,143119897.46,82906885.6,0.3110383250988062,0.5792827347655926,0.30342415714501997,0.5655516603654616
2021-06,Agronegócio,5,4,842119625.23,838706848.62,562461393.8,8213814.800000001,0.009793427600495848,0.01460333969680534,1,0,37,6840908152.16,0.10810810810810811,0.24575982418345418,3,701009703.58,562461393.8,8213814.800000001,0.011717119974306647,0.01460333969680534,0.0019236923738107994,0.0
2021-06,Imobiliário,6,6,515322648.75,515322648.75,451496391.17,19466797.439999998,0.03777593996153657,0.043116175058573715,0,0,16,1029125603.52,0.375,0.19623979076920828,3,337085764.03,308971843.8,19466797.439999998,0.057750280543640786,0.06300508551387943,0.01997434058210422,0.019888910455305712
2021-06,Factoring,1,1,40991484.9,40991484.9,29885361.28,2558333.95,0.062411350948645444,0.08560491961367382,0,0,1,123712597.71,1.0,1.0,1,40991484.9,29885361.28,2558333.95,0.062411350948645444,0.08560491961367382,0.0,0.0
2021-07,Financeiro,180,177,27620560349.59,27513645009.03,23559591875.27,1120771204.48,0.040735104494957396,0.04757175805139687,3,0,1187,251728263957.17,0.14911541701769165,0.18388352605905917,55,8686009268.550001,7499458534.75,1120771204.48,0.12903177625403295,0.14944694997468397,0.08829667175907555,0.10187519192328709
2021-07,Comercial,38,36,9289471206.32,8478274055.53,5439526549.17,1369091657.1,0.16148235456095011,0.25169316570555306,2,0,268,103124131712.81,0.13432835820895522,0.16121892378750363,26,7051763240.37,4362039020.690001,1369091657.1,0.19414884057113704,0.3138650641606211,0.03266648601018693,0.06217189845506804
2021-07,Cartão de crédito,15,14,23869718242.59,23832613608.559998,22326162980.79,58452004.87,0.0024526057372493003,0.002618094516298819,1,0,38,93875557493.45,0.3684210526315789,0.6508697391441132,2,1547219628.42,1058073480.9200001,58452004.87,0.03777873793502116,0.05524380482457201,0.03532613219777186,0.05262571030827319
2021-07,Industrial,4,4,72691658826.31,72691658826.31,50406987002.09,10256706.21,0.00014109880522203316,0.00020347786725627407,0,0,55,63391493341.810005,0.07272727272727272,0.9355915063156103,3,217111305.5,124249109.14,10256706.21,0.047241695619577036,0.08254953521190293,0.047100596814355,0.08234605734464666
2021-07,Serviços,17,17,7635639373.49,7635639373.49,7078205523.72,14313042.1,0.0018745047270950382,0.0020221286386832237,0,0,125,32303069937.96,0.136,0.275015318281264,6,1071315208.0400001,926392687.63,14313042.1,0.013360252885970035,0.015450296932521352,0.011485748158874997,0.013428168293838128
2021-07,Setor público,25,25,5374597616.13,5374597616.13,5528846437.36,370578366.68,0.06894997414649925,0.06702634462333694,0,0,126,25823393477.12,0.1984126984126984,0.27748725147796355,4,688142146.0600001,656110978.9,370578366.68,0.5385200845519623,0.5648104948667245,0.46957011040546304,0.49778415024338757
2021-07,Ações judiciais,49,49,7887596176.3,7887596176.3,3381356573.77,91640140.25,0.011618259632174471,0.027101590219994753,0,0,161,22167783851.82,0.30434782608695654,0.3871290647754771,5,298947420.85,179660771.02,91640140.25,0.30654266890625353,0.5100731769641494,0.29492440927407904,0.4829715867441547
2021-07,Agronegócio,5,4,843305587.52,839811078.7,516643180.42,8547302.52,0.010177649160369428,0.016543918208794615,1,0,37,6840908152.16,0.10810810810810811,0.24575982418345418,3,700958162.04,516643180.42,8547302.52,0.012193741342742578,0.016543918208794615,0.00201609218237315,0.0
2021-07,Imobiliário,6,6,532348869.49,532348869.49,460817234.64,20703302.7,0.03889047932013858,0.04492736196417187,0,0,16,1029125603.52,0.375,0.2350220716817484,3,341973965.36,311314788.59,20703302.7,0.06054058143930749,0.06650279221802774,0.02165010211916891,0.021575430253855866
2021-07,Factoring,1,1,42220703.55,42220703.55,36136172.48,730898.95,0.017311387270807332,0.020226241459427526,0,0,1,123712597.71,1.0,1.0,1,42220703.55,36136172.48,730898.95,0.017311387270807332,0.020226241459427526,0.0,0.0
2021-08,Financeiro,185,181,28592428213.79,28474059447.63,24764906760.91,1140195203.7,0.0400432964536394,0.04604076303245904,4,0,1187,251728263957.17,0.15248525695029486,0.18255447453941367,62,10535139668.33,9152138732.050001,1140195203.7,0.10822782037978815,0.12458237763673038,0.06818452392614874,0.07854161460427134
2021-08,Comercial,39,38,9572420956.04,8738565401.3,5876164056.05,1429495196.18,0.16358465383429413,0.24327013040219933,1,0,268,103124131712.81,0.1417910447761194,0.16207320954891338,26,6871923981.9,4582425514.53,1429495196.18,0.20801964630941142,0.31195164910970025,0.044434992475117285,0.06868151870750092
2021-08,Cartão de crédito,15,14,24917310654.53,24881199841.08,22434226807.370003,66577764.080000006,0.0026758261058647606,0.002967687036939831,1,0,38,93875557493.45,0.3684210526315789,0.6508697391441132,4,1647104497.51,1012637367.82,66577764.080000006,0.04042109300329671,0.06574689636757948,0.03774526689743195,0.06277920933063964
2021-08,Industrial,5,5,65077836159.02,65077836159.02,44699762527.26,5767811.22,8.862942532241159e-05,0.00012903449356095614,0,0,55,63391493341.810005,0.09090909090909091,0.9357733642719742,3,218522071.70000002,126339857.82000001,5767811.22,0.02639463910958336,0.0456531400266222,0.026306009684260948,0.04552410553306124
2021-08,Serviços,18,18,7953853935.42,7953853935.42,7173157683.23,14579200.42,0.0018329731144641835,0.0020324661834891012,0,0,125,32303069937.96,0.144,0.28065979954729176,5,1184819499.78,921981741.2299999,14579200.42,0.012304997025038076,0.0158128949501214,0.010472023910573893,0.013780428766632298
2021-08,Setor público,25,25,5409092262.8,5409092262.8,5868483615.14,371997209.40000004,0.06877257612304746,0.06338898321881496,0,0,126,25823393477.12,0.1984126984126984,0.27748725147796355,4,691179826.3100001,657324476.89,371997209.40000004,0.5382061154562056,0.5659263004475824,0.4694335393331581,0.5025373172287675
2021-08,Ações judiciais,45,45,7621269557.95,7621269557.95,7058050848.23,136676212.82,0.017933522988624447,0.019364583191445173,0,0,161,22167783851.82,0.2795031055900621,0.3632019921819552,4,268185827.54000002,224046990.41,136676212.82,0.509632496518164,0.6100336923512616,0.49169897352953956,0.5906691091598164
2021-08,Agronegócio,5,4,848317376.98,844973813.09,719171164.56,3501628.0,0.004144066887936838,0.004868977195633741,1,0,37,6840908152.16,0.10810810810810811,0.24575982418345418,3,704899202.78,590946232.58,3501628.0,0.004967558462529376,0.005925459554437489,0.0008234915745925385,0.001056482358803748
2021-08,Imobiliário,6,6,556719038.4,556719038.4,459831205.43,21485926.009999998,0.038593840928720785,0.04672568054599069,0,0,16,1029125603.52,0.375,0.2350220716817484,3,345172307.1,306373947.38,21485926.009999998,0.06224695773110008,0.07012974240708103,0.023653116802379297,0.02340406186109034
2021-08,Factoring,1,1,42994109.66,42994109.66,24445010.62,3647882.78,0.08484610587002908,0.1492281118918982,0,0,1,123712597.71,1.0,1.0,1,42994109.66,24445010.62,3647882.78,0.08484610587002908,0.1492281118918982,0.0,0.0
2021-09,Financeiro,191,187,29780198666.66,29623828220.62,26298487254.25,1335214051.94,0.04507229929893427,0.050771515449970266,4,0,1187,251728263957.17,0.15754001684919966,0.1893681203998238,64,10550573681.289999,9474752148.1,1335214051.94,0.12655369198623007,0.14092337520488643,0.08148139268729579,0.09015185975491616
2021-09,Comercial,39,38,9387565381.869999,8665802334.13,6395333237.2,1587202606.3600001,0.18315702864682834,0.2481813765587152,1,0,268,103124131712.81,0.1417910447761194,0.16207320954891338,27,7041031630.24,4950885774.89,1587202606.3600001,0.22542188271719196,0.3205896234588981,0.04226485407036362,0.07240824690018288
2021-09,Cartão de crédito,15,14,24942692576.87,24907969260.17,22808936657.4,75469818.76,0.0030299466797834374,0.003308782864084767,1,0,38,93875557493.45,0.3684210526315789,0.6508697391441132,4,1114563359.19,673442771.4399999,75469818.76,0.06771245271766971,0.11206567500698751,0.06468250603788626,0.10875689214290274
2021-09,Industrial,7,7,67307665619.479996,67307665619.479996,39657469765.32,12496455.21,0.00018566169387968363,0.00031510974562799787,0,0,55,63391493341.810005,0.12727272727272726,0.9361563794508262,3,215501032.63000003,41140864.78,12496455.21,0.05798791336399546,0.30374799549850395,0.057802251670115774,0.30343288575287597
2021-09,Serviços,19,19,7965490992.360001,7965490992.360001,7214111572.02,14089494.59,0.0017688168379719166,0.0019530463937716513,0,0,125,32303069937.96,0.152,0.28600909006865305,6,1184234550.98,955340783.07,14089494.59,0.011897554059996304,0.014748134738604193,0.010128737222024387,0.012795088344832542
2021-09,Setor público,27,27,5485537533.93,5485537533.93,6146435894.91,622665790.39,0.1135104420557859,0.10130517930003034,0,0,126,25823393477.12,0.21428571428571427,0.28123184143922003,5,936314262.11,907995078.26,622665790.39,0.6650179491945494,0.6857589928606448,0.5515075071387635,0.5844538135606144
2021-09,Ações judiciais,55,55,9203977433.21,9203977433.21,8848396102.39,133963011.0,0.014554904330450837,0.015139807197805699,0,0,161,22167783851.82,0.3416149068322981,0.5257828555908206,4,262568664.85,224624875.27,133963011.0,0.5102018212132444,0.596385466386908,0.4956469168827936,0.5812456591891023
2021-09,Agronegócio,5,4,853242006.5,850017208.94,724004891.37,13039184.27,0.015339906219381487,0.018009801349997197,1,0,37,6840908152.16,0.10810810810810811,0.24575982418345418,3,708554001.66,591534460.4200001,13039184.27,0.0184025271742899,0.022042983363542244,0.003062620954908413,0.004033182013545047
2021-09,Imobiliário,7,7,576452328.12,576452328.12,453142032.31,21326189.63,0.03699558244400138,0.04706292532891871,0,0,16,1029125603.52,0.4375,0.2362309114441106,4,381203366.82,306708565.59,21326189.63,0.055944389494518784,0.06953242270549527,0.0189488070505174,0.02246949737657656
2021-09,Factoring,1,1,43779625.71,43779625.71,25030398.52,1353575.65,0.03091793563897054,0.05407727123954716,0,0,1,123712597.71,1.0,1.0,1,43779625.71,25030398.52,1353575.65,0.03091793563897054,0.05407727123954716,0.0,0.0
2021-10,Financeiro,198,194,30535938816.2,30407425302.45,26892290879.51,2841555440.6899996,0.09344939311455115,0.10566431299666855,4,0,1187,251728263957.17,0.16343723673125526,0.1931542994172589,76,13182697248.53,11862748201.9,2841555440.6899996,0.21555190012475337,0.23953601579732436,0.12210250701020221,0.1338717028006558
2021-10,Comercial,42,41,9897632792.13,9190766717.6,7033062792.11,1695487830.58,0.18447730017270478,0.2410738935079711,1,0,268,103124131712.81,0.15298507462686567,0.2015065804117573,25,7229253384.8,5246593112.45,1695487830.58,0.23453152633228752,0.3231597713488894,0.05005422615958274,0.08208587784091831
2021-10,Cartão de crédito,15,14,25494167293.11,25463506555.739998,22412890086.78,80331222.26,0.003154758834340186,0.0035841527776635336,1,0,38,93875557493.45,0.3684210526315789,0.6508697391441132,4,1081530191.57,658554492.69,80331222.26,0.07427552451715419,0.1219811316325104,0.071120765682814,0.11839697885484686
2021-10,Industrial,7,7,79769330298.53,79769330298.53,56785317033.439995,8295841.75,0.00010399788639259614,0.00014609131697045395,0,0,55,63391493341.810005,0.12727272727272726,0.9361563794508262,3,221616531.14,149108645.32999998,8295841.75,0.03743331649189715,0.055636222377582784,0.037329318605504556,0.05549013106061233
2021-10,Serviços,20,20,8096672881.849999,8096672881.849999,7401367125.37,15168068.92,0.0018733705981875193,0.0020493604307247138,0,0,125,32303069937.96,0.16,0.28820494241476846,5,1145981151.27,925288004.73,15168068.92,0.013235879929779327,0.016392808339092277,0.011362509331591808,0.014343447908367564
2021-10,Setor público,29,29,5602968918.46,5602968918.46,6244097585.31,625952537.97,0.11171801005493455,0.10024707804737543,0,0,126,25823393477.12,0.23015873015873015,0.3315320698081549,6,949805323.29,924633437.02,625952537.97,0.65903245920099,0.6769737205128356,0.5473144491460554,0.5767266424654601
2021-10,Ações judiciais,57,57,9396414710.96,9396414710.96,8934550724.41,134026919.3,0.014263623245967496,0.015000969095606156,0,0,161,22167783851.82,0.35403726708074534,0.5297172155486312,4,262477828.56,226416863.39000002,134026919.3,0.5106218686557089,0.5919476018406827,0.49635824540974144,0.5769466327450766
2021-10,Agronegócio,5,4,901540268.16,898419367.23,840803681.02,7648305.130000001,0.008513067960212388,0.009096422033644823,1,0,37,6840908152.16,0.10810810810810811,0.24575982418345418,3,714558135.24,658054937.32,7648305.130000001,0.010703544964093299,0.011622593641115363,0.002190477003880911,0.00252617160747054
2021-10,Imobiliário,7,7,610685967.36,610685967.36,476732242.3,21939769.580000002,0.03592643478422435,0.04602115744081277,0,0,16,1029125603.52,0.4375,0.2362309114441106,4,383209752.63,303561752.65,21939769.580000002,0.05725263887316427,0.07227448579563339,0.02132620408893992,0.026253328354820624
2021-10,Factoring,1,1,44712441.87,44712441.87,28319605.15,908637.95,0.020321814510641936,0.03208512072068914,0,0,1,123712597.71,1.0,1.0,1,44712441.87,28319605.15,908637.95,0.020321814510641936,0.03208512072068914,0.0,0.0
2021-11,Financeiro,202,198,31642084987.67,31515479422.8,28013440184.57,3839329734.4700003,0.12182361825955348,0.13705313268110247,4,0,1187,251728263957.17,0.16680707666385847,0.19305453900964623,85,14869269591.98,13201755490.89,3839329734.4700003,0.2582056711474792,0.2908196366096439,0.13638205288792574,0.1537665039285414
2021-11,Comercial,43,42,10821589934.02,9969854258.81,8332759366.47,1850483254.89,0.18560785412232028,0.22207328611169516,1,0,268,103124131712.81,0.15671641791044777,0.2019819673088468,29,7791433049.690001,6342265072.45,1850483254.89,0.23750229811236404,0.2917700906145134,0.051894443990043754,0.06969680450281826
2021-11,Cartão de crédito,15,14,24300076614.54,24269367514.41,21485913692.170002,85164046.25,0.003509116840372277,0.003963715365804335,1,0,38,93875557493.45,0.3684210526315789,0.6508697391441132,3,1036950758.5300001,666536890.76,85164046.25,0.08212930609234528,0.1277709417597188,0.078620189251973,0.12380722639391445
2021-11,Industrial,7,7,101880212603.37,101880212603.37,63210899939.07,6098540.04,5.985990688635717e-05,9.647924718487604e-05,0,0,55,63391493341.810005,0.12727272727272726,0.9361563794508262,2,210640754.31,131719312.05,6098540.04,0.02895232719792096,0.04629951329904475,0.028892467291034604,0.046203034051859874
2021-11,Serviços,21,21,7743185255.82,7743185255.82,7169238665.46,15149223.159999998,0.0019564588292154588,0.002113086740016902,0,0,125,32303069937.96,0.168,0.290223824665132,5,1110019414.97,918189817.71,15149223.159999998,0.013647710081187571,0.016499010191359704,0.011691251251972113,0.014385923451342802
2021-11,Setor público,29,29,5648529608.2,5648529608.2,6240990272.9800005,631422932.99,0.11178536305684936,0.10117351660099654,0,0,126,25823393477.12,0.23015873015873015,0.3315320698081549,6,956177111.1999999,920372786.95,631422932.99,0.6603618990602753,0.6860512848086876,0.5485765360034259,0.5848777682076911
2021-11,Ações judiciais,58,58,11252771101.14,11252771101.14,10883887759.88,23564687.409999996,0.00209412305628546,0.0021650983481163546,0,0,161,22167783851.82,0.36024844720496896,0.5793489891492056,3,153121728.13,116270509.15,23564687.409999996,0.1538951244724304,0.2026712326476468,0.15180100141614494,0.20050613429953046
2021-11,Agronegócio,5,4,962967241.14,953252570.63,866652789.8199999,9730205.2,0.010207373680166793,0.011227339615465752,1,0,37,6840908152.16,0.10810810810810811,0.24575982418345418,3,720648250.69,643456353.1,9730205.2,0.013502017372114074,0.015121779671802884,0.0032946436919472806,0.003894440056337132
2021-11,Imobiliário,7,7,617171227.85,617171227.85,479877037.27,22746185.37,0.036855550524024644,0.04740002876445616,0,0,16,1029125603.52,0.4375,0.2362309114441106,4,384767666.88,303873724.31,22746185.37,0.05911667566675763,0.07485407111670912,0.022261125142732985,0.02745404235225296
2021-11,Factoring,1,1,45018672.03,45018672.03,27153820.38,4463054.74,0.09913785855402098,0.16436194530060452,0,0,1,123712597.71,1.0,1.0,1,45018672.03,27153820.38,4463054.74,0.09913785855402098,0.16436194530060452,0.0,0.0
2021-12,Financeiro,213,208,33029021286.22,32856233781.74,29277454175.81,4428531637.610001,0.13478512683554061,0.15126081697598556,5,0,1187,251728263957.17,0.17523167649536647,0.1968087609674189,86,15776912322.05,13892701948.619999,4428531637.610001,0.28069697968851814,0.31876676358481143,0.14591185285297753,0.16750594660882587
2021-12,Comercial,44,43,12390317618.74,12352571021.82,9814725411.52,2717322220.26,0.21998029523246862,0.2768617670210674,1,0,268,103124131712.81,0.16044776119402984,0.25199357176417286,31,10118468509.72,7667436401.400001,2717322220.26,0.2685507414140477,0.3543977514784268,0.0485704461815791,0.07753598445735937
2021-12,Cartão de crédito,16,15,24694908077.51,24665568660.53,21817695618.22,82201097.94,0.0033326252912035522,0.0037676342808336595,1,0,38,93875557493.45,0.39473684210526316,0.6656262685247952,3,999016244.59,691583001.3599999,82201097.94,0.08228204334528677,0.11885933832721642,0.07894941805408322,0.11509170404638276
2021-12,Industrial,7,7,67101498090.77,67101498090.77,58748835068.27,3451070.0,5.143059541430275e-05,5.874278180987981e-05,0,0,55,63391493341.810005,0.12727272727272726,0.9361563794508262,2,291197281.91,171276872.79000002,3451070.0,0.011851312544416598,0.020149071756064257,0.011799881949002295,0.020090328974254376
2021-12,Serviços,23,23,9459261685.64,9459261685.64,8885163473.25,15204864.69,0.0016074050169351312,0.001711264484415658,0,0,125,32303069937.96,0.184,0.3168646737705823,6,1122300620.22,953001922.33,15204864.69,0.013547942873825956,0.015954705162425628,0.011940537856890825,0.01424344067800997
2021-12,Setor público,30,30,6580781830.95,6580781830.95,7111290409.86,1320681617.64,0.20068764647822201,0.1857161698541855,0,0,126,25823393477.12,0.23809523809523808,0.33347287453060187,6,1636296595.74,1604937189.1100001,1320681617.64,0.8071162777447044,0.8228867937021069,0.6064286312664824,0.6371706238479214
2021-12,Ações judiciais,58,58,10791188553.42,10791188553.42,10264360838.28,25505046.47,0.0023635067021340115,0.0024848158469722974,0,0,161,22167783851.82,0.36024844720496896,0.5450807792736554,4,163573783.22,127525027.41000001,25505046.47,0.15592380372896775,0.20000032141141882,0.15356029702683374,0.19751550556444653
2021-12,Agronegócio,5,4,1116419063.42,1115945230.11,926120002.12,9548545.7,0.008556464459334433,0.010310268300157896,1,0,37,6840908152.16,0.10810810810810811,0.24575982418345418,3,877431853.6899999,791237568.5,9548545.7,0.010882378682565514,0.012067861891469325,0.0023259142232310813,0.0017575935913114286
2021-12,Imobiliário,7,7,615929761.7,615929761.7,502182328.36,23677853.17,0.03844245666039554,0.04714991315470192,0,0,16,1029125603.52,0.4375,0.2362309114441106,5,377808415.29,318850113.04,23677853.17,0.06267158753418776,0.07426013729225053,0.024229130873792228,0.027110224137548614
2021-12,Factoring,1,1,46368971.11,46368971.11,21620625.81,4437767.36,0.09570553872054635,0.20525619373827,0,0,1,123712597.71,1.0,1.0,1,46368971.11,21620625.81,4437767.36,0.09570553872054635,0.20525619373827,0.0,0.0
2022-01,Financeiro,218,213,34460126538.64,34286439895.65,30483154059.24,4241771852.2200003,0.12371572741672032,0.13915134385295808,5,0,1187,251728263957.17,0.17944397641112048,0.20406189050674092,90,16262106127.130001,14007710199.14,4241771852.2200003,0.2608377918001329,0.3028169338112394,0.13712206438341257,0.16366558995828134
2022-01,Comercial,46,45,13275258721.62,13242428938.960001,10552484162.31,3091429679.0,0.23344884033357605,0.2929575284312266,1,0,268,103124131712.81,0.16791044776119404,0.2564038498453167,31,10483919263.54,8503104517.2,3091429679.0,0.2948734725334147,0.36356482185379296,0.06142463219983868,0.07060729342256639
2022-01,Cartão de crédito,16,15,25161208915.12,25132599360.88,21045411357.47,84296194.23,0.0033540579316762094,0.004005442934717422,1,0,38,93875557493.45,0.39473684210526316,0.6656262685247952,3,987862781.17,693241285.23,84296194.23,0.08533188600360235,0.12159719281870618,0.08197782807192613,0.11759174988398875
2022-01,Industrial,7,7,61503357496.03,61503357496.03,54508045172.2,5010340.88,8.146450997123879e-05,9.191929125639158e-05,0,0,55,63391493341.810005,0.12727272727272726,0.9361563794508262,2,314797847.82000005,220883252.52,5010340.88,0.0159160582408584,0.022683208540431717,0.01583459373088716,0.022591289249175327
2022-01,Serviços,26,26,9251476283.48,9251476283.48,8426023039.82,17034705.56,0.0018412959227294577,0.0020216780181464946,0,0,125,32303069937.96,0.208,0.3384846649312152,8,1308018708.92,968473861.5999999,17034705.56,0.013023288920741165,0.017589225931051188,0.011181992998011706,0.015567547912904694
2022-01,Setor público,30,30,6649505895.97,6649505895.97,7190210691.5,1327828226.23,0.1996882545866669,0.18467167141565258,0,0,126,25823393477.12,0.23809523809523808,0.33347287453060187,5,1628100784.58,1603426273.04,1327828226.23,0.8155688141705177,0.8281192896462383,0.6158805595838508,0.6434476182305857
2022-01,Ações judiciais,61,61,11182881527.01,11182881527.01,11168789962.57,25494648.37,0.0022797924048844486,0.002282668798987204,0,0,161,22167783851.82,0.37888198757763975,0.5898673654523405,4,164448426.93,128350020.99000001,25494648.37,0.15503126935262318,0.1986337686067565,0.15275147694773872,0.1963510998077693
2022-01,Agronegócio,5,4,1087082996.25,1086744765.23,963562474.36,12886366.0,0.011857766802559858,0.013373669422482594,1,0,37,6840908152.16,0.10810810810810811,0.24575982418345418,3,843616042.44,781839959.16,12886366.0,0.015275155226693675,0.01648210205813088,0.003417388424133817,0.003108432635648287
2022-01,Imobiliário,7,7,642021961.57,642021961.57,515488310.46,24333645.19,0.037901577588552456,0.047205037817997626,0,0,16,1029125603.52,0.4375,0.2362309114441106,5,399552564.92,340062331.3,24333645.19,0.06090223746873501,0.07155642642622793,0.02300065988018255,0.024351388608230308
2022-01,Factoring,1,1,46473828.05,46473828.05,24887217.630000003,5473258.25,0.11777076431301209,0.21992246507308738,0,0,1,123712597.71,1.0,1.0,1,46473828.05,24887217.630000003,5473258.25,0.11777076431301209,0.21992246507308738,0.0,0.0
2022-02,Financeiro,221,217,34896864543.92,34720486135.99,31620707607.65,4248045319.42,0.12234982260276103,0.1343437778853586,4,0,1187,251728263957.17,0.18281381634372368,0.20780280593322722,92,16246952456.0,14359533163.65,4248045319.42,0.2614672093689298,0.2958345003982152,0.13911738676616878,0.1614907225128566
2022-02,Comercial,47,46,13952944653.039999,13918720192.49,11282598150.210001,3117128409.28,0.22395222880921778,0.2762775353496022,1,0,268,103124131712.81,0.17164179104477612,0.25643463666230387,30,11069514024.52,8849945184.52,3117128409.28,0.28159577759016985,0.3522200809483393,0.05764354878095207,0.07594254559873709
2022-02,Cartão de crédito,16,14,25618239679.95,25483673650.11,23075815987.75,81373454.62,0.0031931602851792426,0.003526352206275081,2,0,38,93875557493.45,0.3684210526315789,0.63827917514717,2,929061694.82,684089196.26,81373454.62,0.08758670718392454,0.1189515271763956,0.0843935468987453,0.11542517497012052
2022-02,Industrial,7,7,61180497391.439995,61180497391.439995,50644471372.43,4403404.890000001,7.197399625286633e-05,8.694739565190012e-05,0,0,55,63391493341.810005,0.12727272727272726,0.9361563794508262,2,317819529.08000004,227679035.07999998,4403404.890000001,0.013855048186455516,0.0193404056216804,0.01378307419020265,0.0192534582260285
2022-02,Serviços,27,27,9442013695.83,9442013695.83,8916508363.71,16583718.32,0.0017563751604516402,0.001859889279922103,0,0,125,32303069937.96,0.216,0.33903802189865917,8,1298902357.59,993065228.31,16583718.32,0.012767486503581104,0.01669952571818691,0.011011111343129463,0.014839636438264806
2022-02,Setor público,30,30,6774674785.34,6774674785.34,7313945546.76,1331897977.19,0.19659954453786466,0.18210389572561375,0,0,126,25823393477.12,0.23809523809523808,0.33347287453060187,5,1632506243.2,1611892951.57,1331897977.19,0.8158608781668395,0.8262943118478917,0.6192613336289748,0.644190416122278
2022-02,Ações judiciais,62,62,11231118422.91,11231118422.91,11401333946.09,23949770.56,0.002132447513966697,0.0021006112682291347,0,0,161,22167783851.82,0.38509316770186336,0.5988815072450301,3,155546710.1,120419989.19000001,23949770.56,0.15397156612700355,0.19888534055763601,0.15183911861303687,0.19678472928940688
2022-02,Agronegócio,6,5,1708466143.46,1708366977.26,1599976437.1,9140538.77,0.0053504539081294135,0.005712920864364397,1,0,37,6840908152.16,0.13513513513513514,0.3162082194594281,3,849181530.87,814210701.18,9140538.77,0.010763939673340954,0.011226257228937199,0.005413485765211541,0.005513336364572802
2022-02,Imobiliário,7,7,654713124.48,654713124.48,542398213.64,24554728.299999997,0.037504560977760094,0.04527066587335304,0,0,16,1029125603.52,0.4375,0.2362309114441106,5,407327605.09999996,349612715.19,24554728.299999997,0.0602825047763992,0.07023408255233372,0.022777943798639108,0.024963416678980686
2022-02,Factoring,1,1,47505296.76,47505296.76,28525307.63,2186756.62,0.04603184842834777,0.07666022916787735,0,0,1,123712597.71,1.0,1.0,1,47505296.76,28525307.63,2186756.62,0.04603184842834777,0.07666022916787735,0.0,0.0
2022-03,Financeiro,227,223,35626028016.02,35447033048.78,32057482276.88,4194466611.01,0.1183305413809341,0.13084204725693846,4,0,1187,251728263957.17,0.18786857624262848,0.21065953598278717,89,16205026431.07,14364569089.130001,4194466611.01,0.2588373816514068,0.29200086580975476,0.1405068402704727,0.1611588185528163
2022-03,Comercial,49,47,14608675465.36,13288373198.64,10986245416.98,2300780854.62,0.17314240202521355,0.20942376283202124,2,0,268,103124131712.81,0.17537313432835822,0.22526016708991517,28,9676755078.13,7863980394.8,2300780854.62,0.23776367553415625,0.292572048646176,0.0646212735089427,0.08314828581415473
2022-03,Cartão de crédito,17,15,26201975600.39,26066326658.82,23622795870.87,88522058.34,0.003396031189920157,0.003747315043650667,2,0,38,93875557493.45,0.39473684210526316,0.6398703136936487,1,765772585.63,668981969.0,88522058.34,0.11559836432009776,0.13232353402936037,0.1122023331301776,0.1285762189857097
2022-03,Industrial,7,7,71876750123.34,71876750123.34,46057178882.48,2246053.81,3.124868342191025e-05,4.8766638871457046e-05,0,0,55,63391493341.810005,0.12727272727272726,0.9361563794508262,2,10161592.58,8608576.38,2246053.81,0.2210336413625432,0.26090885540821557,0.22100239267912128,0.26086008876934413
2022-03,Serviços,28,28,9095297044.33,9095297044.33,8523360440.67,16914599.77,0.0018597083402069365,0.001984498941202865,0,0,125,32303069937.96,0.224,0.342063269044447,8,1287544276.22,1008899527.64,16914599.77,0.013137101443733059,0.016765395667858358,0.011277393103526122,0.014780896726655493
2022-03,Setor público,32,32,6915585412.38,6915585412.38,7486727834.36,1341105095.45,0.193925028103797,0.17913100691266734,0,0,126,25823393477.12,0.25396825396825395,0.3382376362180624,5,1659230090.94,1646283841.93,1341105095.45,0.8082695117289168,0.8146256807561036,0.6143444836251198,0.6354946738434363
2022-03,Ações judiciais,64,64,11531658869.53,11531658869.53,11180909528.89,95933819.61,0.008319169054114589,0.008580144518844342,0,0,161,22167783851.82,0.39751552795031053,0.6014406370380311,4,228765039.85,193720339.91,95933819.61,0.4193552462076517,0.4952181048957979,0.41103607715353707,0.4866379603769535
2022-03,Agronegócio,6,5,1730476776.89,1729546906.01,1533854804.01,23334648.94,0.013491769930560695,0.0152130755003639,1,0,37,6840908152.16,0.13513513513513514,0.3162082194594281,4,1476126224.46,1342836732.8799999,23334648.94,0.015808030880649342,0.01737713034551406,0.002316260950088647,0.0021640548451501603
2022-03,Imobiliário,7,7,677564582.64,677564582.64,542019660.91,25146784.88,0.037113487812512856,0.04639459911432164,0,0,16,1029125603.52,0.4375,0.2362309114441106,5,421377299.6,343825934.11,25146784.88,0.059677597497233566,0.07313812713137224,0.02256410968472071,0.026743528017050607
2022-03,Factoring,1,1,47572355.38,47572355.38,24561766.47,2117244.32,0.0445057702753586,0.0862008163210095,0,0,1,123712597.71,1.0,1.0,1,47572355.38,24561766.47,2117244.32,0.0445057702753586,0.0862008163210095,0.0,0.0
2022-04,Financeiro,236,231,36424247021.88,36241551820.94,32493027568.52,4438466141.65,0.12246898707812778,0.13659749410209127,5,0,1187,251728263957.17,0.1946082561078349,0.23845043516946046,92,16698378349.7,14644415953.26,4438466141.65,0.2658022263419214,0.30308249614160615,0.14333323926379363,0.16648500203951488
2022-04,Comercial,53,50,15466995302.49,14217429992.41,11634910788.49,2575405754.58,0.18114425433815287,0.22135156868824096,3,0,268,103124131712.81,0.1865671641791045,0.22785140744754726,31,11060214697.99,8880000392.74,2575405754.58,0.2328531429907988,0.29002315773381815,0.05170888865264592,0.06867158904557719
2022-04,Cartão de crédito,17,15,26417882078.45,26279688867.56,24130568668.01,83100935.71,0.0031621734994199606,0.003443803453342037,2,0,38,93875557493.45,0.39473684210526316,0.6398703136936487,2,767488275.9399999,678384178.6800001,83100935.71,0.108276488794855,0.12249833991072404,0.10511431529543505,0.119054536457382
2022-04,Industrial,7,7,121491219020.39,121491219020.39,72595287134.94,2317170.29,1.9072738825767374e-05,3.191901818216997e-05,0,0,55,63391493341.810005,0.12727272727272726,0.9361563794508262,2,10904506.99,9351540.3,2317170.29,0.2124965660643774,0.24778487988764802,0.21247749332555163,0.24775296086946585
2022-04,Serviços,28,28,9435504112.17,9435504112.17,8414962368.809999,16547168.209999999,0.0017537132105805888,0.0019663983610113296,0,0,125,32303069937.96,0.224,0.342063269044447,8,1315039306.27,1039275120.99,16547168.209999999,0.012583021763003169,0.01592183616811435,0.010829308552422581,0.013955437807103021
2022-04,Setor público,32,32,7052613576.1,7052613576.1,7634876338.91,1376350075.04,0.19515461327757913,0.1802714299412603,0,0,126,25823393477.12,0.25396825396825395,0.3382376362180624,5,1699241699.81,1687736166.53,1376350075.04,0.8099789895656963,0.8155007295185168,0.6148243762881171,0.6352292995772565
2022-04,Ações judiciais,65,65,11806961774.24,11806961774.24,11291963395.04,95791353.78,0.008113124748908233,0.008483144199889665,0,0,161,22167783851.82,0.40372670807453415,0.6025012041996903,4,233593575.92999998,196626682.64000002,95791353.78,0.410077004038439,0.48717372685060517,0.40196387928953076,0.4786905826507155
2022-04,Agronegócio,6,5,1848300196.8899999,1847441912.44,1621208740.37,18450716.84,0.009987170213991358,0.0113808397281334,1,0,37,6840908152.16,0.13513513513513514,0.3162082194594281,4,1589198109.2,1425687702.31,18450716.84,0.01161007978375211,0.012941625862455603,0.001622909569760753,0.0015607861343222042
2022-04,Imobiliário,7,7,689559809.14,689559809.14,552671869.5699999,27213569.0,0.03946513216009502,0.04924001111396027,0,0,16,1029125603.52,0.4375,0.2362309114441106,6,564056230.92,429308033.38,27213569.0,0.048246198708971795,0.06338937751931616,0.008781066548876774,0.014149366405355884
2022-04,Factoring,1,1,48203505.03,48203505.03,22829980.98,1992244.32,0.041329864265266684,0.08726438807571885,0,0,1,123712597.71,1.0,1.0,1,48203505.03,22829980.98,1992244.32,0.041329864265266684,0.08726438807571885,0.0,0.0
2022-05,Financeiro,240,233,37194344981.91,36953060186.09,32228922486.27,4545871739.82,0.12301746369387759,0.14104944841878,7,0,1187,251728263957.17,0.1962931760741365,0.2352640808534172,95,17744261717.71,15547775678.130001,4545871739.82,0.2561882715741791,0.2923808417312303,0.13317080788030153,0.1513313933124503
2022-05,Comercial,54,51,15530389632.08,14925816492.58,12052859419.98,2976853417.52,0.19944325451139433,0.24698316920425342,3,0,268,103124131712.81,0.19029850746268656,0.22818773244960003,33,11643951274.84,9186630211.65,2976853417.52,0.25565663641622416,0.32404193365102596,0.05621338190482983,0.07705876444677254
2022-05,Cartão de crédito,18,17,27335825647.94,27329409824.149998,26035364608.66,116143173.96000001,0.004249750532752761,0.004460977432264111,1,0,38,93875557493.45,0.4473684210526316,0.6464324845468336,3,802847697.4200001,683443864.25,116143173.96000001,0.1446640182605408,0.16993813250112882,0.14041426772778803,0.1654771550688647
2022-05,Industrial,7,7,102262946009.87,102262946009.87,64857725124.8,22131222.869999997,0.00021641487687890375,0.00034122724513409677,0,0,55,63391493341.810005,0.12727272727272726,0.9361563794508262,3,334318180.51,160408035.63000003,22131222.869999997,0.06619808362273022,0.13796829306636646,0.06598166874585132,0.13762706582123235
2022-05,Serviços,28,28,8707874659.63,8707874659.63,7880094696.15,19583616.22,0.002248954766286463,0.002485200619425046,0,0,125,32303069937.96,0.224,0.342063269044447,10,1371695900.86,1124423728.15,19583616.22,0.014276937189738508,0.017416580359986417,0.012027982423452044,0.01493137974056137
2022-05,Setor público,33,33,7203395971.22,7203395971.22,7775746309.99,1388533849.8,0.19276100541295546,0.17857242179005525,0,0,126,25823393477.12,0.2619047619047619,0.3392817683513504,6,1730508512.5,1716718754.03,1388533849.8,0.8023848711348075,0.8088301281385868,0.609623865721852,0.6302577063485315
2022-05,Ações judiciais,67,67,12272867538.66,12272867538.66,11342891962.9,109651490.36999999,0.00893446376933456,0.009666978291660088,0,0,161,22167783851.82,0.4161490683229814,0.6056491575190868,5,428699572.69000006,154007464.89000002,109651490.36999999,0.25577699945432614,0.7119881523166339,0.24684253568499157,0.7023211740249738
2022-05,Agronegócio,6,5,1721992673.98,1721449404.3300002,1228277522.96,91747446.71000001,0.05329662694658676,0.07469602349223144,1,0,37,6840908152.16,0.13513513513513514,0.3162082194594281,4,1457232187.91,1027381282.99,91747446.71000001,0.0629600742223424,0.0893022368900729,0.00966344727575564,0.014606213397841461
2022-05,Imobiliário,7,7,701759516.13,701759516.13,554828356.13,22064346.790000003,0.03144146432338883,0.03976787874344003,0,0,16,1029125603.52,0.4375,0.2362309114441106,6,566130137.91,419319671.34,22064346.790000003,0.038973983740656575,0.05261939350350537,0.007532519417267743,0.012851514760065338
2022-05,Factoring,1,1,48960965.95,48960965.95,38312939.41,4072484.73,0.08317819411812483,0.10629528281343632,0,0,1,123712597.71,1.0,1.0,1,48960965.95,38312939.41,4072484.73,0.08317819411812483,0.10629528281343632,0.0,0.0
2022-06,Financeiro,248,241,38474667008.7,38272082722.13,33661581705.36,4689923568.29,0.12254163439028506,0.13932570398328056,7,0,1187,251728263957.17,0.2030328559393429,0.23767961482445932,97,18830874211.53,16653671566.57,4689923568.29,0.24905501017145534,0.28161499099720383,0.12651337578117028,0.14228928701392327
2022-06,Comercial,57,55,15746027932.78,15118742610.69,12476949064.69,3097492386.33,0.20487764532348463,0.24825719575116015,2,0,268,103124131712.81,0.20522388059701493,0.2293885324263199,35,11807826188.51,9578840095.81,3097492386.33,0.2623253710614506,0.3233682111140902,0.05744772573796597,0.07511101536293005
2022-06,Cartão de crédito,18,17,28158351549.329998,28154690503.079998,27140431474.45,114986645.22,0.004084102618972883,0.004236728709646654,1,0,38,93875557493.45,0.4473684210526316,0.6464324845468336,3,807710262.03,690151955.6600001,114986645.22,0.14236125331750354,0.1666106199902556,0.13827715069853067,0.16237389128060895
2022-06,Industrial,8,8,88439615571.27,88439615571.27,58767887169.54,17531453.78,0.00019823077776578635,0.000298316897618309,0,0,55,63391493341.810005,0.14545454545454545,0.9367478556616455,4,341881615.71999997,223640702.36,17531453.78,0.051279311240760635,0.07839115865312918,0.05108108046299485,0.07809284175551087
2022-06,Serviços,30,30,8652016617.86,8652016617.86,7564011788.91,20279103.15,0.0023438585529457585,0.0026809983532458622,0,0,125,32303069937.96,0.24,0.3506831523018209,9,1321011135.32,1071052828.35,20279103.15,0.015351197736185332,0.01893380290236549,0.013007339183239573,0.016252804549119627
2022-06,Setor público,36,36,10028057269.71,10028057269.71,7917691743.69,1404128722.73,0.14002001434228006,0.1773406654596044,0,0,126,25823393477.12,0.2857142857142857,0.43635544307040103,8,1759546831.26,1740887307.29,1404128722.73,0.7980058829832409,0.806559228073054,0.6579858686409609,0.6292185626134497
2022-06,Ações judiciais,68,68,12553912462.380001,12553912462.380001,11621034870.78,109278932.39,0.008704770940332226,0.009403545691509075,0,0,161,22167783851.82,0.422360248447205,0.6226338126689559,4,140966614.93,139721276.57,109278932.39,0.7752114388521338,0.7821209129538087,0.7665066679118017,0.7727173672622997
2022-06,Agronegócio,6,5,1745087696.03,1744656913.92,1258712825.57,49628262.3,0.02844585769501938,0.039427787889208296,1,0,37,6840908152.16,0.13513513513513514,0.3162082194594281,4,1474580423.82,1052518980.1800001,49628262.3,0.03365585321649303,0.04715189296777589,0.005209995521473651,0.007724105078567592
2022-06,Imobiliário,7,7,725392652.36,725392652.36,563740588.82,22741636.910000004,0.0313507957876498,0.04034060587619195,0,0,16,1029125603.52,0.4375,0.2362309114441106,6,585929375.8,424535871.3,22741636.910000004,0.03881293181272856,0.053568234034879786,0.00746213602507876,0.013227628158687839
2022-06,Factoring,1,1,49879931.62,49879931.62,26219487.65,3602449.15,0.07222241556874051,0.1373958636449557,0,0,1,123712597.71,1.0,1.0,1,49879931.62,26219487.65,3602449.15,0.07222241556874051,0.1373958636449557,0.0,0.0
2022-07,Financeiro,252,245,39404252038.56,39199267050.21,35008032478.59,4507996676.5,0.11500206549080998,0.12877035232576906,7,0,1187,251728263957.17,0.2064026958719461,0.2444575266916794,104,19397927637.06,17058245850.67,4507996676.5,0.23239578788238244,0.2642708233873261,0.11739372239157246,0.13550047106155705
2022-07,Comercial,59,57,17031106221.28,16332803356.96,12532711488.949999,3344442825.29,0.20476844986104678,0.26685708262244534,2,0,268,103124131712.81,0.2126865671641791,0.22981032077253488,34,11811291015.55,8659154755.76,3344442825.29,0.28315641540682707,0.386232019131579,0.07838796554578029,0.11937493650913367
2022-07,Cartão de crédito,20,18,29460113220.68,29361023476.32,28086235378.75,111911562.33,0.003811568844671166,0.003984569694757743,2,0,38,93875557493.45,0.47368421052631576,0.6502389796515357,3,1131765317.44,785544677.68,111911562.33,0.09888230413628392,0.1424636503941643,0.09507073529161275,0.13847908069940656
2022-07,Industrial,8,8,64045074825.600006,64045074825.600006,53019896545.2,7076125.64,0.00011048664802514277,0.00013346170213605625,0,0,55,63391493341.810005,0.14545454545454545,0.9367478556616455,4,344701329.97999996,257811485.23000002,7076125.64,0.020528280643450275,0.02744689839433341,0.02041779399542513,0.027313436692197355
2022-07,Serviços,30,30,8496781270.13,8496781270.13,7639729721.45,17981555.25,0.0021162784680845248,0.002353689974072427,0,0,125,32303069937.96,0.24,0.3506831523018209,10,1350081460.79,1138423417.31,17981555.25,0.013318866877468338,0.015795138238186388,0.011202588409383813,0.013441448264113962
2022-07,Setor público,39,39,10207287546.97,10207287546.97,10789632124.07,1417754006.6399999,0.13889625428068356,0.1313996612986656,0,0,126,25823393477.12,0.30952380952380953,0.464643732047496,8,1785785788.54,1763785306.58,1417754006.6399999,0.7939104542875264,0.8038132540003076,0.6550142000068429,0.6724135927016419
2022-07,Ações judiciais,71,71,12867505079.15,12867505079.15,11859704092.1,109376296.45,0.008500194542548039,0.009222514794686814,0,0,161,22167783851.82,0.4409937888198758,0.6477701277347604,4,142461452.47,141467146.15,109376296.45,0.7677606436943553,0.7731568737099317,0.7592604491518072,0.7639343589152449
2022-07,Agronegócio,7,6,1766323706.8000002,1765306483.3400002,1320860154.65,23488098.71,0.013305394237016556,0.017782426570528087,1,0,37,6840908152.16,0.16216216216216217,0.3378339436307559,4,1457829529.1200001,1077923488.45,23488098.71,0.016111690867023586,0.021790135349749832,0.0028062966300070307,0.004007708779221745
2022-07,Imobiliário,7,7,726888418.77,726888418.77,567564953.1,21948502.97,0.03019514743011043,0.03867135003688796,0,0,16,1029125603.52,0.4375,0.2362309114441106,6,583917410.24,425139187.57,21948502.97,0.03758836880883341,0.05162662867060717,0.0073932213787229785,0.01295527863371921
2022-07,Factoring,1,1,51224365.38,51224365.38,28406758.66,1892782.57,0.03695082517779745,0.06663141658133832,0,0,1,123712597.71,1.0,1.0,1,51224365.38,28406758.66,1892782.57,0.03695082517779745,0.06663141658133832,0.0,0.0
2022-08,Financeiro,257,250,40172642941.54,40034319160.76,35726175193.47,4824325111.1,0.12050473724125689,0.13503614884533696,7,0,1187,251728263957.17,0.21061499578770007,0.24699014291485594,110,20421239439.6,17971270241.62,4824325111.1,0.23624056342754957,0.2684465286113864,0.11573582618629268,0.13341037976604944
2022-08,Comercial,59,57,17611452433.92,16710141212.05,13265360243.82,3752126658.4300003,0.22454188811547987,0.28285147100909097,2,0,268,103124131712.81,0.2126865671641791,0.22981032077253488,36,12014299352.039999,8718318197.17,3752126658.4300003,0.31230507485173475,0.43037275923789464,0.08776318673625488,0.14752128822880367
2022-08,Cartão de crédito,21,20,30320327954.09,30315399574.48,28879043329.35,140074089.22,0.0046205588970008715,0.004850371517592537,1,0,38,93875557493.45,0.5263157894736842,0.6612299051213737,5,1301506304.8999999,857557326.8800001,140074089.22,0.10762459520375699,0.1633407876411286,0.10300403630675611,0.15849041612353607
2022-08,Industrial,11,11,47586461821.77,47586461821.77,45104747865.950005,4567443.01,9.598198384882804e-05,0.00010126302054884127,0,0,55,63391493341.810005,0.2,0.9490648409096493,5,349843421.5,270702153.53999996,4567443.01,0.013055677852727609,0.016872577296748757,0.012959695868878782,0.016771314276199916
2022-08,Serviços,30,29,11564739172.66,11563047164.619999,10646877115.85,22866837.950000003,0.001977578887679949,0.002147750716119204,1,0,125,32303069937.96,0.232,0.34036657421744565,9,1584770607.96,1173650354.78,22866837.950000003,0.014429115378051716,0.019483518116676563,0.012451536490371767,0.01733576740055736
2022-08,Setor público,40,40,10442321079.58,10442321079.58,10238004775.2,4164583920.7000003,0.3988178383868947,0.40677690742907907,0,0,126,25823393477.12,0.31746031746031744,0.47264395471122317,9,4539860121.36,4515816562.68,4164583920.7000003,0.9173374970531959,0.9222216763890085,0.5185196586663012,0.5154447689599295
2022-08,Ações judiciais,72,72,13424471354.74,13424471354.74,12379267602.81,109362759.85,0.008146522642128881,0.008834348150384558,0,0,161,22167783851.82,0.4472049689440994,0.6513263992081276,5,254191596.84,143543418.19,109362759.85,0.4302375106398108,0.7618793061291248,0.4220909879976819,0.7530449579787403
2022-08,Agronegócio,7,6,1849397291.52,1847326787.82,1594567653.41,17122746.71,0.009268932179674758,0.010738175124387368,1,0,37,6840908152.16,0.16216216216216217,0.3378339436307559,4,1475385586.24,1225392191.02,17122746.71,0.011605607964245528,0.013973278788195358,0.0023366757845707693,0.003235103663807991
2022-08,Imobiliário,7,7,716504372.37,716504372.37,586936996.63,22996220.240000002,0.03209501731850541,0.03918004891843037,0,0,16,1029125603.52,0.4375,0.2362309114441106,5,566574909.29,437519529.37,22996220.240000002,0.04058813735471904,0.052560442897516095,0.00849312003621363,0.013380393979085727
2022-08,Factoring,1,1,51314524.36,51314524.36,33380571.68,7830891.85,0.15260575729128711,0.23459430009378437,0,0,1,123712597.71,1.0,1.0,1,51314524.36,33380571.68,7830891.85,0.15260575729128711,0.23459430009378437,0.0,0.0
2022-09,Financeiro,265,258,42269628515.6,42122898211.27,37890999788.96,4950721752.59,0.11753041606395052,0.13065693120170593,7,0,1187,251728263957.17,0.21735467565290648,0.25901518264700546,107,20616269186.4,18224821650.99,4950721752.59,0.24013664683112781,0.2716471989354732,0.12260623076717729,0.14099026773376724
2022-09,Comercial,62,58,17595124910.39,15015134753.39,12652110820.9,2953788456.39,0.19672074243110715,0.23346210748570442,4,0,268,103124131712.81,0.21641791044776118,0.22827166420801817,35,9402747676.3,7557398795.09,2953788456.39,0.31414098921692235,0.3908472394376038,0.1174202467858152,0.15738513195189938
2022-09,Cartão de crédito,21,20,32218847983.34,32213646024.1,31171112096.99,141862765.31,0.0044038096527126485,0.0045510973387343084,1,0,38,93875557493.45,0.5263157894736842,0.6612299051213737,6,1685374392.29,1334933966.68,141862765.31,0.08417284964039604,0.10626950010330079,0.0797690399876834,0.10171840276456648
2022-09,Industrial,11,11,49837015966.9,49837015966.9,48621617740.18,52776612.9,0.0010589842083453065,0.001085455716056654,0,0,55,63391493341.810005,0.2,0.9490648409096493,5,489369894.3,140393478.02,52776612.9,0.1078460557437687,0.37591926380284996,0.10678707153542338,0.3748338080867933
2022-09,Serviços,30,29,10436462817.369999,10434784675.89,9932843403.03,20255923.68,0.0019411923014379154,0.002039287529069567,1,0,125,32303069937.96,0.232,0.34036657421744565,9,1570532003.67,1194189310.3,20255923.68,0.012897491826124017,0.016962070841943292,0.010956299524686101,0.014922783312873725
2022-09,Setor público,42,42,10643595690.27,10643595690.27,10436030857.32,4158403263.44,0.39069534248106264,0.3984659800544025,0,0,126,25823393477.12,0.3333333333333333,0.48638940022807575,8,4531728236.92,4506204741.2,4158403263.44,0.9176197349085233,0.9228172047798742,0.5269243924274607,0.5243512247254717
2022-09,Ações judiciais,74,74,13586444536.64,13586444536.64,12574116140.66,109519307.92,0.00806092481551356,0.008709901093235129,0,0,161,22167783851.82,0.45962732919254656,0.6586170009060837,5,258076636.01,145991478.63,109519307.92,0.4243673879713634,0.7501760304624706,0.41630646315584985,0.7414661293692355
2022-09,Agronegócio,7,6,1873708842.99,1872792484.89,1671614987.5,69917042.19,0.03733304290470101,0.04182604410275425,1,0,37,6840908152.16,0.16216216216216217,0.3378339436307559,4,1493026252.13,1378582592.7,69917042.19,0.046829077580018474,0.05071661470283412,0.009496034675317462,0.008890570600079868
2022-09,Imobiliário,7,7,720786851.99,720786851.99,588827268.61,23225083.990000002,0.03222184745168218,0.039442949109380926,0,0,16,1029125603.52,0.4375,0.2362309114441106,5,565909515.24,446928519.37,23225083.990000002,0.04104027828574385,0.05196599228605634,0.008818430834061669,0.012523043176675415
2022-09,Factoring,1,1,52325065.05,52325065.05,36708683.12,5905919.76,0.11286980253835346,0.1608861789101412,0,0,1,123712597.71,1.0,1.0,1,52325065.05,36708683.12,5905919.76,0.11286980253835346,0.1608861789101412,0.0,0.0
2022-10,Financeiro,271,264,43142221021.01,42987400881.34,38674369984.22,4657620589.88,0.10834850431494181,0.12043171205582437,7,0,1187,251728263957.17,0.22240943555181128,0.26166077423986417,110,20569484494.72,18172545292.39,4657620589.88,0.22643351081917337,0.2562998476515253,0.11808500650423157,0.13586813559570093
2022-10,Comercial,61,58,18446523510.5,13821013407.67,11874950313.33,1910294793.32,0.1382166948958951,0.16086760305646372,3,0,268,103124131712.81,0.21641791044776118,0.21127611624732404,35,8964751881.39,7155092875.35,1910294793.32,0.21308953316216106,0.2669839269174484,0.07487283826626595,0.10611632386098466
2022-10,Cartão de crédito,21,20,33047675150.97,33041600803.66,30281012049.42,144979803.82999998,0.004387795999700494,0.004787812362195369,1,0,38,93875557493.45,0.5263157894736842,0.6612299051213737,6,1710258189.54,1241700834.21,144979803.82999998,0.0847707116485111,0.11675904520289673,0.08038291564881062,0.11197123284070136
2022-10,Industrial,11,11,49495354225.32,49495354225.32,42487468113.740005,24689441.71,0.0004988234167919096,0.0005810993877984387,0,0,55,63391493341.810005,0.2,0.9490648409096493,5,514932961.83,285439004.84,24689441.71,0.047946904820886135,0.08649638378552862,0.047448081404094226,0.08591528439773019
2022-10,Serviços,30,30,10229251432.94,10229251432.94,9373487431.81,18496551.22,0.001808201835809591,0.0019732838342781406,0,0,125,32303069937.96,0.24,0.3506831523018209,10,1546268718.54,1190275888.38,18496551.22,0.011962054847403626,0.015539717640734821,0.010153853011594036,0.01356643380645668
2022-10,Setor público,42,42,10801307349.880001,10801307349.880001,7878626710.6,1477261624.38,0.13676692797714085,0.1875024263292579,0,0,126,25823393477.12,0.3333333333333333,0.48638940022807575,8,1861794368.74,1830799203.52,1477261624.38,0.793461216331727,0.8068943997461501,0.6566942883545861,0.6193919734168922
2022-10,Ações judiciais,76,76,13909965746.41,13909965746.41,12661130577.87,109306899.17,0.007858171699539292,0.008633265291573105,0,0,161,22167783851.82,0.4720496894409938,0.6621968727137694,4,148581667.41,147132454.17,109306899.17,0.7356688148368654,0.7429149454932932,0.7278106431373261,0.73428168020172
2022-10,Agronegócio,7,6,2044740478.27,2043939716.15,1875211300.02,37856679.68,0.01852142672353737,0.020187954114608973,1,0,37,6840908152.16,0.16216216216216217,0.3378339436307559,4,1659745325.76,1497832639.56,37856679.68,0.022808727997269924,0.025274305473220758,0.004287301273732554,0.0050863513586117855
2022-10,Imobiliário,7,7,726624598.8299999,726624598.8299999,598769731.11,23678530.590000004,0.032587020351536156,0.0395453032438776,0,0,16,1029125603.52,0.4375,0.2362309114441106,5,568441666.42,441555696.3,23678530.590000004,0.041655163561681696,0.053625240911652584,0.00906814321014554,0.014079937667774982
2022-10,Factoring,1,1,54546361.46,54546361.46,39096946.63,5160365.22,0.09460512272269901,0.13198895731771368,0,0,1,123712597.71,1.0,1.0,1,54546361.46,39096946.63,5160365.22,0.09460512272269901,0.13198895731771368,0.0,0.0
2022-11,Financeiro,278,271,44581741614.08,44436219707.24,39571555978.97,4723937006.22,0.10630825568292725,0.11937708511463387,7,0,1187,251728263957.17,0.22830665543386688,0.27021573377828295,111,20523523521.11,18250816020.98,4723937006.22,0.23017183191575621,0.25883428997309804,0.12386357623282897,0.1394572048584642
2022-11,Comercial,65,62,19281340592.06,14795670801.34,12788389223.82,1959657432.52,0.13244802880735354,0.15323723717056476,3,0,268,103124131712.81,0.23134328358208955,0.224820517968929,35,8893285346.55,7439861572.91,1959657432.52,0.22035247449697723,0.2633997169591835,0.08790444568962369,0.11016247978861876
2022-11,Cartão de crédito,21,20,34601336108.12,34594389581.26,31903029134.010002,150928136.78,0.004362792308431385,0.00473084032698024,1,0,38,93875557493.45,0.5263157894736842,0.6612299051213737,6,1711916840.3700001,1403976918.19,150928136.78,0.08816324088930605,0.10750044023129368,0.08380044858087467,0.10276959990431345
2022-11,Industrial,11,11,61940916755.490005,61940916755.490005,36170462395.37,17174468.95,0.0002772717914039878,0.0004748202763423455,0,0,55,63391493341.810005,0.2,0.9490648409096493,5,545722152.6800001,379576243.21999997,17174468.95,0.03147108627651908,0.04524642744842645,0.031193814485115094,0.0447716071720841
2022-11,Serviços,31,31,9851811099.07,9851811099.07,9188749841.25,22389345.98,0.002272612188241564,0.0024366041482041527,0,0,125,32303069937.96,0.248,0.35078320099366994,10,1534293925.06,1234941919.31,22389345.98,0.014592605506877989,0.01812987771320421,0.012319993318636424,0.015693273565000058
2022-11,Setor público,43,43,11390258064.78,11390258064.78,7927925669.85,1494819939.12,0.13123670514034766,0.18855120511596352,0,0,126,25823393477.12,0.3412698412698413,0.5102562859825013,8,1839092584.81,1808070255.28,1494819939.12,0.8128029830942048,0.8267488139660315,0.6815662779538572,0.638197608850068
2022-11,Ações judiciais,78,78,14013629703.11,14013629703.11,12651586799.61,109493710.58,0.007813372616496382,0.008654543680115704,0,0,161,22167783851.82,0.484472049689441,0.6642666673863763,4,155912747.45,154123768.31,109493710.58,0.702275550721815,0.710427157216709,0.6944621781053186,0.7017726135365933
2022-11,Agronegócio,8,7,2053053592.91,2047748453.57,1842644149.5,18442289.05,0.009006130131778695,0.010008600442469753,1,0,37,6840908152.16,0.1891891891891892,0.3558994233114002,4,1648783207.13,1462486480.93,18442289.05,0.011185393549769395,0.012610228737480354,0.0021792634179907,0.002601628295010601
2022-11,Imobiliário,7,7,728825921.76,728825921.76,614465948.0699999,24787417.46,0.034010065668551255,0.040339773974222275,0,0,16,1029125603.52,0.4375,0.2362309114441106,4,412721560.81,362485159.53999996,24787417.46,0.06005845057222757,0.06838188214782549,0.026048384903676315,0.028042108173603218
2022-11,Factoring,1,1,57251466.33,57251466.33,43363202.04,5509535.61,0.09623396505240218,0.1270555528837049,0,0,1,123712597.71,1.0,1.0,1,57251466.33,43363202.04,5509535.61,0.09623396505240218,0.1270555528837049,0.0,0.0
2022-12,Financeiro,294,286,45310247886.15,45122699165.09,40618670542.32,4806033155.45,0.10651032062302415,0.11832078921545855,8,0,1187,251728263957.17,0.2409435551811289,0.28781637001968585,121,21154474793.14,19063688587.62,4806033155.45,0.22718754317684628,0.2521040528626264,0.12067722255382213,0.13378326364716783
2022-12,Comercial,70,68,20136387932.88,18022293428.05,14756710651.439999,1991986490.6,0.11052902332062027,0.13498851726862426,2,0,268,103124131712.81,0.2537313432835821,0.237165145439008,38,9860140656.23,7938869463.91,1991986490.6,0.20202414550155423,0.2509156372523248,0.09149512218093396,0.11592711998370053
2022-12,Cartão de crédito,21,20,37409826877.29,37401937069.78,36545506681.97,134703168.01,0.003601502450493063,0.0036859023239772678,1,0,38,93875557493.45,0.5263157894736842,0.6612299051213737,6,2274716294.84,2039481795.68,134703168.01,0.059217568500987416,0.06604774227224103,0.05561606605049435,0.06236183994826376
2022-12,Industrial,13,12,48871461544.36,48868710419.01,37326994312.82,30737391.85,0.0006289789844350611,0.0008234628160093567,1,0,55,63391493341.810005,0.21818181818181817,0.9565395994223578,6,558559057.0600001,428125244.47,30737391.85,0.05502979758628855,0.07179532682790411,0.05440081860185349,0.07097186401189476
2022-12,Serviços,33,33,11637533527.6,11637533527.6,10678790493.92,23256306.37,0.0019983879156905966,0.002177803411654255,0,0,125,32303069937.96,0.264,0.35283831374386676,11,1520183829.68,1212688743.24,23256306.37,0.015298351367739172,0.01917747360948118,0.013299963452048575,0.016999670197826926
2022-12,Setor público,44,44,11124281596.31,11124281596.31,7716648446.7300005,1052578856.28,0.09461993991856046,0.13640362957392982,0,0,126,25823393477.12,0.3492063492063492,0.5105710558092168,8,1385491608.67,1356937532.59,1052578856.28,0.759715071309902,0.7757017777162759,0.6650951313913416,0.6392981481423461
2022-12,Ações judiciais,81,81,14387709834.47,14387709834.47,12737026361.37,109478260.4,0.007609151258924653,0.008595276267311146,0,0,161,22167783851.82,0.5031055900621118,0.6939711978316214,4,164253291.5,163084802.78,109478260.4,0.6665209530976127,0.6712965189508506,0.658911801838688,0.6627012426835395
2022-12,Agronegócio,8,7,2083513413.32,2078755489.21,1928746152.76,11732508.84,0.0056440061858640065,0.006082971998783249,1,0,37,6840908152.16,0.1891891891891892,0.3558994233114002,4,1674247935.51,1534284023.95,11732508.84,0.007007629271124715,0.007646895005655318,0.0013636230852607087,0.001563923006872069
2022-12,Imobiliário,7,7,718808382.38,718808382.38,604055132.48,21722889.75,0.030220696200112113,0.03596176670300742,0,0,16,1029125603.52,0.4375,0.2362309114441106,4,408713954.04,355696447.06,21722889.75,0.05314937142536128,0.06107142741950333,0.02292867522524917,0.02510966071649591
2022-12,Factoring,1,1,58401000.44,58401000.44,28866660.84,2289041.58,0.03919524601897385,0.07929706843086323,0,0,1,123712597.71,1.0,1.0,1,58401000.44,28866660.84,2289041.58,0.03919524601897385,0.07929706843086323,0.0,0.0
2023-01,Financeiro,296,289,45790770165.3,45611479398.77,41177792111.37,5147075975.82,0.1128460651499675,0.1249964049043511,7,0,1187,251728263957.17,0.2434709351305813,0.28721815555726216,127,22743247578.83,20258116403.2,5147075975.82,0.22631226951998842,0.2540747556869088,0.11346620437002092,0.1290783507825577
2023-01,Comercial,73,70,19187892193.62,15311895707.58,13612953558.36,1954602964.9200003,0.1276525782468851,0.14358404710193384,3,0,268,103124131712.81,0.26119402985074625,0.23282211592175325,37,9539443449.289999,8195940142.65,1954602964.9200003,0.2048969602168434,0.23848428989233894,0.07724438196995828,0.0949002427904051
2023-01,Cartão de crédito,21,20,39450590612.97,39442059792.42,36120287693.64,135698142.83,0.0034404426022415437,0.0037568400335275714,1,0,38,93875557493.45,0.5263157894736842,0.6612299051213737,6,2311369979.77,2114297017.45,135698142.83,0.05870896655130178,0.06418121092260826,0.05526852394906024,0.06042437088908068
2023-01,Industrial,13,13,44322287390.35,44322287390.35,42959771901.35,28621561.439999998,0.0006457600256035428,0.0006662410011329826,0,0,55,63391493341.810005,0.23636363636363636,0.9575333275707125,6,567809534.16,454862966.53999996,28621561.439999998,0.05040697578694563,0.06292348145577831,0.04976121576134209,0.06225724045464533
2023-01,Serviços,34,34,11325793532.3,11325793532.3,10442394551.57,24030513.57,0.0021217509838465133,0.002301245509478192,0,0,125,32303069937.96,0.272,0.3543340878109383,9,1444370762.72,1126535123.97,24030513.57,0.01663735807331518,0.021331348715799066,0.014515607089468668,0.019030103206320873
2023-01,Setor público,46,46,11806372835.91,11806372835.91,9022484639.87,1131003239.08,0.09579599550168073,0.12535385586384282,0,0,126,25823393477.12,0.36507936507936506,0.6215010633830889,10,1613599460.55,1577277498.74,1131003239.08,0.7009194454579789,0.7170604031208814,0.6051234499562982,0.5917065472570385
2023-01,Ações judiciais,82,82,14280967114.539999,14280967114.539999,13144780098.390001,109115381.57,0.007640615701642884,0.00830104275258014,0,0,161,22167783851.82,0.5093167701863354,0.6996149218008864,4,167780758.45999998,167049216.46,109115381.57,0.650345025088284,0.6531930162996467,0.6427044093866411,0.6448919735470665
2023-01,Agronegócio,9,8,2347670638.38,2342963241.55,2200308519.5,7456214.08,0.003182386282367495,0.0033887129981637104,1,0,37,6840908152.16,0.21621621621621623,0.38517705552559095,4,1697980151.14,1598830721.6100001,7456214.08,0.0043912257013098786,0.004663541911736408,0.0012088394189423836,0.0012748289135726975
2023-01,Imobiliário,7,7,707916060.1,707916060.1,585759402.82,22400029.57,0.0316422113192852,0.038241007250008036,0,0,16,1029125603.52,0.4375,0.2362309114441106,4,404206447.26,355100126.88,22400029.57,0.05541729906052563,0.06308088303660253,0.02377508774124043,0.024839875786594495
2023-01,Factoring,1,1,59294329.49,59294329.49,24645692.03,1360890.0,0.022951435857445936,0.05521816950173097,0,0,1,123712597.71,1.0,1.0,1,59294329.49,24645692.03,1360890.0,0.022951435857445936,0.05521816950173097,0.0,0.0
2023-02,Financeiro,298,289,46369873672.6,45639828512.79,40864084858.46,4387005946.1,0.09612231441383694,0.10735603063901157,9,0,1187,251728263957.17,0.2434709351305813,0.2782305199928865,133,22954642899.739998,20335871561.89,4387005946.1,0.1911162794063632,0.2157274613359269,0.09499396499252626,0.10837143069691534
2023-02,Comercial,74,70,20165876081.22,16290967694.9,14289326799.52,2134234792.47,0.13100724477761608,0.14935866625583033,4,0,268,103124131712.81,0.26119402985074625,0.2330052803549104,41,9433833222.16,8053792642.12,2134234792.47,0.22623198250491638,0.2649974847015934,0.09522473772730031,0.11563881844576307
2023-02,Cartão de crédito,21,20,39615940385.26,39607002132.52,37627239406.45,142293964.95000002,0.003592646685904237,0.003781674318781096,1,0,38,93875557493.45,0.5263157894736842,0.6612299051213737,6,2687742941.3599997,2452813877.53,142293964.95000002,0.05294180584025613,0.05801254072049322,0.049349159154351896,0.054230866401712124
2023-02,Industrial,14,14,43790480807.69,43790480807.69,37046092851.92,29292035.169999998,0.0006689133032961824,0.0007906916199526253,0,0,55,63391493341.810005,0.2545454545454545,0.958124803781532,7,581333132.6600001,522239601.95,29292035.169999998,0.05038769257132951,0.05608926450737541,0.04971877926803333,0.055298572887422785
2023-02,Serviços,34,34,11531158395.44,11531158395.44,10821119217.57,38212246.71,0.0033138254978017684,0.003531265661314928,0,0,125,32303069937.96,0.272,0.3543340878109383,10,1500747957.78,1439561354.3,38212246.71,0.025462134738817796,0.026544368252078468,0.022148309241016028,0.02301310259076354
2023-02,Setor público,46,46,12502351685.27,12502351685.27,11687038431.26,3617848935.6400003,0.28937347362436394,0.3095607973670327,0,0,126,25823393477.12,0.36507936507936506,0.6215010633830889,10,4113497671.03,4071171699.7400002,3617848935.6400003,0.8795067421866579,0.8886505415310902,0.590133268562294,0.5790897441640576
2023-02,Ações judiciais,82,82,14093448726.86,14093448726.86,12617456201.79,109230242.89999999,0.007750426812978964,0.008657073276347401,0,0,161,22167783851.82,0.5093167701863354,0.6996149218008864,5,180273958.19,178383158.67,109230242.89999999,0.605912490060692,0.6123349519898935,0.598162063247713,0.6036778787135462
2023-02,Agronegócio,9,8,2371317740.31,2366686347.9,2188144860.62,11387124.41,0.004811421006465003,0.005204008479938351,1,0,37,6840908152.16,0.21621621621621623,0.38517705552559095,6,1959388668.07,1785246352.37,11387124.41,0.005811570004238277,0.0063784610985946275,0.001000148997773274,0.0011744526186562767
2023-02,Imobiliário,7,7,708093650.54,708093650.54,585208014.48,23190596.86,0.032750748212915896,0.03962795499409989,0,0,16,1029125603.52,0.4375,0.2362309114441106,5,404410056.58,357575830.95,23190596.86,0.05734426353320039,0.06485504570705382,0.024593515320284497,0.025227090712953926
2023-02,Factoring,1,1,59973161.51,59973161.51,39960360.13,2026150.6,0.03378428865488702,0.05070401251161096,0,0,1,123712597.71,1.0,1.0,1,59973161.51,39960360.13,2026150.6,0.03378428865488702,0.05070401251161096,0.0,0.0
2023-03,Financeiro,306,298,46661530877.37,46373945967.12,41538278343.74,4834987560.56,0.10426086156196622,0.11639836202524399,8,0,1187,251728263957.17,0.2510530749789385,0.2907175749912669,132,23600275836.39,20894773937.64,4834987560.56,0.20486995974448666,0.23139697873688014,0.10060909818252044,0.11499861671163615
2023-03,Comercial,79,75,20984114785.17,17554101318.22,15741556361.35,2306952551.59,0.1314195759594674,0.14655174486140551,4,0,268,103124131712.81,0.2798507462686567,0.2350927234827662,41,10232754261.72,9066985941.72,2306952551.59,0.22544786013479717,0.25443433643974234,0.09402828417532977,0.10788259157833682
2023-03,Cartão de crédito,21,20,40180135406.62,40170797119.11,39047790287.85,137260193.94,0.0034169148681070793,0.003515184673144219,1,0,38,93875557493.45,0.5263157894736842,0.6612299051213737,5,2450148816.54,2056184930.42,137260193.94,0.05602116614852531,0.0667547903446423,0.05260425128041823,0.06323960567149807
2023-03,Industrial,14,14,45914725557.02,45914725557.02,31401504552.28,25963152.77,0.0005654646184862242,0.000826812381768977,0,0,55,63391493341.810005,0.2545454545454545,0.958124803781532,7,610359149.64,574008065.64,25963152.77,0.042537500724472634,0.04523133789252934,0.04197203610598641,0.044404525510760365
2023-03,Serviços,36,36,13347932234.57,13347932234.57,12315127357.92,33522108.02,0.0025114083163518476,0.002722026906075116,0,0,125,32303069937.96,0.288,0.35504742796047384,10,1608689061.48,1519550554.22,33522108.02,0.020838152519766333,0.022060541471887535,0.018326744203414486,0.01933851456581242
2023-03,Setor público,46,46,12656379878.24,12656379878.24,12394677863.44,4172039731.39,0.3296392626901908,0.33659928699688674,0,0,126,25823393477.12,0.36507936507936506,0.6215010633830889,11,4680486646.2699995,4637672073.74,4172039731.39,0.8913687927546606,0.8995978294829078,0.5617295300644698,0.5629985424860211
2023-03,Ações judiciais,83,83,14337461537.43,14337461537.43,12815826311.33,109078506.09,0.00760793713763311,0.008511234737440825,0,0,161,22167783851.82,0.515527950310559,0.7011777784626791,4,172453839.68,171666904.7,109078506.09,0.6325084224996248,0.6354078922819887,0.6249004853619917,0.6268966575445478
2023-03,Agronegócio,10,9,2415747668.4,2411166115.5699997,2265254902.31,43462371.3,0.018025457067990313,0.01918652565575694,1,0,37,6840908152.16,0.24324324324324326,0.38565411395078986,5,1973569044.49,1827927149.5,43462371.3,0.0220222198059614,0.023776861846977013,0.003996762737971088,0.0045903361912200714
2023-03,Imobiliário,7,7,700064785.23,700064785.23,613304541.79,22465854.42,0.03209110770029526,0.03663083001868993,0,0,16,1029125603.52,0.4375,0.2362309114441106,4,403092198.48,363863019.69,22465854.42,0.0557337862273578,0.061742615226851615,0.02364267852706254,0.025111785208161687
2023-03,Factoring,1,1,61785672.96,61785672.96,54561114.62,11413498.19,0.1847272618911036,0.20918740882570336,0,0,1,123712597.71,1.0,1.0,1,61785672.96,54561114.62,11413498.19,0.1847272618911036,0.20918740882570336,0.0,0.0
2023-04,Financeiro,314,304,48085964269.03,47726753549.14,42908702618.82,5197681926.29,0.10890499645944718,0.12113351392755155,10,0,1187,251728263957.17,0.2561078348778433,0.2961694576702159,136,24317620159.03,21313910100.28,5197681926.29,0.21374138967130446,0.2438633691253919,0.10483639321185728,0.12272985519784034
2023-04,Comercial,80,76,20658772568.94,17701928493.04,15722856154.0,2484542178.04,0.1403543223562826,0.1580210461575657,4,0,268,103124131712.81,0.2835820895522388,0.23523048233371643,41,9373832357.85,7810956936.95,2484542178.04,0.2650508440082514,0.31808422426281574,0.12469652165196882,0.16006317810525003
2023-04,Cartão de crédito,21,20,41437386813.02,41427785500.9,39527155090.29,142815841.6,0.00344734433359701,0.0036131070215848463,1,0,38,93875557493.45,0.5263157894736842,0.6612299051213737,5,2811949847.0099998,2625592823.65,142815841.6,0.05078890071665354,0.05439375074215156,0.04734155638305653,0.05078064372056671
2023-04,Industrial,14,14,56621191192.5,56621191192.5,42734253976.61,15640390.690000001,0.0002762285702684354,0.0003659918972391691,0,0,55,63391493341.810005,0.2545454545454545,0.958124803781532,5,632402819.08,590246178.86,15640390.690000001,0.024731690337423156,0.026498080377593995,0.02445546176715472,0.026132088480354827
2023-04,Serviços,37,37,12695643154.73,12695643154.73,11859579413.1,39901624.9,0.0031429384406676474,0.0033645058994187407,0,0,125,32303069937.96,0.296,0.3563702718626809,10,1776708359.28,1676210144.26,39901624.9,0.022458173673573462,0.023804667354292534,0.019315235232905816,0.020440161454873793
2023-04,Setor público,47,47,12247427762.97,12247427762.97,9535262412.27,1165192540.0700002,0.09513773525514889,0.12219826677980329,0,0,126,25823393477.12,0.373015873015873,0.6268588952502517,10,1694307362.7,1645524215.3000002,1165192540.0700002,0.6877102500535572,0.7080980815937555,0.5925725147984083,0.5858998148139523
2023-04,Ações judiciais,83,83,14540694563.8,14540694563.8,13071688863.94,110948708.33,0.007630220677780688,0.008487710309267446,0,0,161,22167783851.82,0.515527950310559,0.7011777784626791,5,312173184.88,309240073.09,110948708.33,0.35540755485660597,0.35877856068708774,0.3477773341788253,0.3502908503778203
2023-04,Agronegócio,10,9,2442170127.03,2437697782.46,2231858852.53,20400584.25,0.008368791405066125,0.009140624742856932,1,0,37,6840908152.16,0.24324324324324326,0.38565411395078986,5,1999413143.88,1787828908.92,20400584.25,0.01020328605543287,0.011410814618902029,0.0018344946503667456,0.0022701898760450964
2023-04,Imobiliário,7,7,688916890.9,688916890.9,621825930.12,23002219.27,0.03338896109797792,0.03699141215542592,0,0,16,1029125603.52,0.4375,0.2362309114441106,4,398240502.17,368829164.25,23002219.27,0.05775961798124909,0.0623655109182435,0.02437065688327117,0.025374098762817578
2023-04,Factoring,1,1,63250158.31,63250158.31,50687779.73,6006642.92,0.09496644878832398,0.1185027821695042,0,0,1,123712597.71,1.0,1.0,1,63250158.31,50687779.73,6006642.92,0.09496644878832398,0.1185027821695042,0.0,0.0
2023-05,Financeiro,323,314,47959540371.67,47672726853.04,42367366895.39,5234800521.27,0.10980702944489082,0.1235573722151612,9,0,1187,251728263957.17,0.2645324347093513,0.2986639391925881,137,24180810632.38,20942741316.77,5234800521.27,0.21648573328886633,0.2499577510933685,0.10667870384397551,0.12640037887820732
2023-05,Comercial,80,74,21265333247.190002,15856217810.77,14119164157.77,853745688.63,0.0538429591986376,0.06046715507306926,6,0,268,103124131712.81,0.27611940298507465,0.19856827029396787,42,8674256126.76,7589507191.21,853745688.63,0.09842292827810357,0.1124902667750008,0.04457996907946597,0.052023111701931544
2023-05,Cartão de crédito,22,21,42783341269.200005,42760815626.380005,42004823768.58,351039802.43,0.008209380417277085,0.008357130703940271,1,0,38,93875557493.45,0.5526315789473685,0.6702809062218389,6,3852630254.3,3574508617.01,351039802.43,0.09111691993754066,0.09820645018437171,0.08290753952026357,0.08984931948043144
2023-05,Industrial,14,14,44244787496.5,44244787496.5,39177517381.1,188010791.67,0.004249332007411555,0.0047989460343064025,0,0,55,63391493341.810005,0.2545454545454545,0.958124803781532,8,986363171.49,788795786.02,188010791.67,0.1906101090392405,0.2383516684573578,0.18636077703182893,0.23355272242305142
2023-05,Serviços,40,40,14251884714.199999,14251884714.199999,11719120716.2,115101056.44,0.008076198955308556,0.009821646113849593,0,0,125,32303069937.96,0.32,0.4741961687560696,10,1774537656.57,1690669967.19,115101056.44,0.06486256068664026,0.06808014495656134,0.056786361731331704,0.058258498842711746
2023-05,Setor público,48,48,13402277519.94,13402277519.94,9499438627.08,1174883694.68,0.08766298809526964,0.12367927630278755,0,0,126,25823393477.12,0.38095238095238093,0.6274162914624403,10,1726006095.96,1682734118.44,1174883694.68,0.6806949856260692,0.698199247168763,0.5930319975307996,0.5745199708659755
2023-05,Ações judiciais,84,84,14776142822.58,14776142822.58,13579942651.93,111407741.8,0.007539703909044076,0.00820384479194885,0,0,161,22167783851.82,0.5217391304347826,0.7250888118101322,4,179238254.95999998,177056654.54,111407741.8,0.6215622988790116,0.6292208676902972,0.6140225949699675,0.6210170228983484
2023-05,Agronegócio,10,9,2235729454.2400002,2234780633.72,1878216446.51,251916325.12,0.11272530346777791,0.13412528975991944,1,0,37,6840908152.16,0.24324324324324326,0.38565411395078986,5,1786305950.05,1247893450.04,251916325.12,0.14102641549895117,0.20187326499063288,0.02830111203117326,0.06774797523071344
2023-05,Imobiliário,8,8,702421356.78,702421356.78,643276748.78,23902610.41,0.03402887765197372,0.037157584904681004,0,0,16,1029125603.52,0.5,0.3399128952029826,6,556651657.99,497962877.65999997,23902610.41,0.0429399788304042,0.04800078777422495,0.008911101178430483,0.010843202869543947
2023-05,Factoring,1,1,60481572.06,60481572.06,42040092.989999995,2742277.13,0.045340705219757804,0.06523004434486623,0,0,1,123712597.71,1.0,1.0,1,60481572.06,42040092.989999995,2742277.13,0.045340705219757804,0.06523004434486623,0.0,0.0
2023-06,Financeiro,327,317,61036745474.72,60772549730.16,54911837569.45,5022414581.7699995,0.08264281495626458,0.09146324006035816,10,0,1187,251728263957.17,0.2670598146588037,0.32346603312754757,137,23560525836.32,20616979100.65,5022414581.7699995,0.21317073382240215,0.24360574637298127,0.13052791886613757,0.1521425063126231
2023-06,Comercial,83,77,21280494148.41,16416921209.03,14457722723.94,707414083.88,0.04309054510725752,0.04892984167614583,6,0,268,103124131712.81,0.2873134328358209,0.2245245818424073,39,7061587357.83,5983776937.92,707414083.88,0.10017777137538461,0.11822200112390917,0.05708722626812709,0.06929215944776335
2023-06,Cartão de crédito,22,22,45330655623.29,45330655623.29,44711811442.52,427415577.91,0.009428841741490328,0.009559343809173806,0,0,38,93875557493.45,0.5789473684210527,0.6976279995994641,7,4112420446.44,3997351622.8599997,427415577.91,0.10393285012479718,0.10692468870281556,0.09450400838330686,0.09736534489364175
2023-06,Industrial,14,14,38011136790.670006,38011136790.670006,36069373044.87,198583591.19,0.005224352859626739,0.005505601412671178,0,0,55,63391493341.810005,0.2545454545454545,0.958124803781532,10,1051712233.89,698845463.54,198583591.19,0.1888193222356013,0.2841595195940392,0.18359496937597455,0.278653918181368
2023-06,Serviços,40,40,14840190392.78,14840190392.78,12273514616.41,116018622.66000001,0.007817866185628252,0.009452762821896197,0,0,125,32303069937.96,0.32,0.4741961687560696,10,1983271216.85,1681551923.12,116018622.66000001,0.05849861666639355,0.06899496891225085,0.0506807504807653,0.059542206090354655
2023-06,Setor público,49,49,13586980684.41,13586980684.41,9190932261.85,556714209.97,0.04097409298658871,0.06057211544043537,0,0,126,25823393477.12,0.3888888888888889,0.6286204001148352,9,1164346134.42,1126593076.1399999,556714209.97,0.4781346315434955,0.4941573153258205,0.4371605385569068,0.43358519988538513
2023-06,Ações judiciais,88,88,15581691050.5,15581691050.5,14503987008.06,109759727.21,0.0070441473171474495,0.007567555538280991,0,0,161,22167783851.82,0.546583850931677,0.7668239101949914,6,289346253.06,279255049.65,109759727.21,0.3793369571896263,0.39304473579820903,0.3722928098724788,0.38547718025992805
2023-06,Agronegócio,10,9,2264010735.58,2263433266.09,1899275233.22,195144660.85999998,0.0862162201923918,0.10274690968783652,1,0,37,6840908152.16,0.24324324324324326,0.38565411395078986,5,1809231459.66,1263464356.33,195144660.85999998,0.1078605281917177,0.15445205073045276,0.0216443079993259,0.05170514104261624
2023-06,Imobiliário,8,8,714904805.48,714904805.48,652980124.24,23467581.439999998,0.032826162672446216,0.0359391971804866,0,0,16,1029125603.52,0.5,0.3399128952029826,6,419307201.57,399832983.32,23467581.439999998,0.055967513441531655,0.05869346056730415,0.02314135076908544,0.022754263386817554
2023-06,Factoring,1,1,62076468.42,62076468.42,42457911.07,5885924.64,0.09481732433901882,0.13862963324540215,0,0,1,123712597.71,1.0,1.0,1,62076468.42,42457911.07,5885924.64,0.09481732433901882,0.13862963324540215,0.0,0.0
2023-07,Financeiro,334,322,67939442393.12,67476941271.53,56994074540.54,5188348868.17,0.07689069436760433,0.09103312774171843,12,0,1187,251728263957.17,0.2712721145745577,0.32751591148404974,146,25715905642.53,22391203165.08,5188348868.17,0.20175641256006555,0.2317137149763101,0.12486571819246121,0.14068058723459168
2023-07,Comercial,84,78,21097088289.52,15868443391.28,13537434082.12,616622088.6,0.038858385375017006,0.04554940654628364,6,0,268,103124131712.81,0.291044776119403,0.22483404382991642,42,8974830628.28,7512584419.440001,616622088.6,0.06870570756589016,0.082078557014866,0.029847322190873153,0.03652915046858236
2023-07,Cartão de crédito,22,22,46959753722.909996,46959753722.909996,45477630436.62,453942858.09999996,0.00966663626003084,0.009981673489621198,0,0,38,93875557493.45,0.5789473684210527,0.6976279995994641,8,5368597486.22,4679892529.29,453942858.09999996,0.08455520445799311,0.09699856465910531,0.07488856819796227,0.0870168911694841
2023-07,Industrial,15,15,41954408815.75,41954408815.75,32664189326.41,160088367.32,0.0038157698282212864,0.004901035985318749,0,0,55,63391493341.810005,0.2727272727272727,0.9585788588884971,10,1060844034.01,616925577.48,160088367.32,0.15090660095892186,0.2594938079466966,0.14709083113070057,0.2545927719613778
2023-07,Serviços,42,42,14803984322.14,14803984322.14,12846700239.45,35117123.629999995,0.0023721400175681635,0.0027335520386909447,0,0,125,32303069937.96,0.336,0.5234227613209255,11,2135652142.55,1884092621.3899999,35117123.629999995,0.016443278814156335,0.018638745904164807,0.01407113879658817,0.015905193865473864
2023-07,Setor público,49,49,15276078784.07,15276078784.07,14316275312.08,3623914871.16,0.23722808204806087,0.2531325217043122,0,0,126,25823393477.12,0.3888888888888889,0.6286204001148352,10,4102008273.09,4027675015.74,3623914871.16,0.8834489425420252,0.8997535444140551,0.6462208604939643,0.6466210227097429
2023-07,Ações judiciais,91,91,16453283408.27,16453283408.27,14725105747.4,110321005.65,0.006705105778129901,0.007492034864977407,0,0,161,22167783851.82,0.5652173913043478,0.7852251344250134,6,306118507.31,297357968.32,110321005.65,0.36038659217124747,0.37100403353334294,0.3536814863931176,0.36351199866836553
2023-07,Agronegócio,10,9,2203479807.1,2203011434.38,1771665930.92,41712547.870000005,0.018934331079284338,0.023544251284630897,1,0,37,6840908152.16,0.24324324324324326,0.38565411395078986,5,1753718375.16,1136349042.65,41712547.870000005,0.023785203177901566,0.03670751354066801,0.004850872098617228,0.01316326225603711
2023-07,Imobiliário,8,8,734350344.05,734350344.05,638651590.4,24058588.319999997,0.032761730848133046,0.03767091271929916,0,0,16,1029125603.52,0.5,0.3399128952029826,6,422908995.53999996,401554539.19,24058588.319999997,0.05688833430766895,0.059913625602464944,0.024126603459535906,0.02224271288316578
2023-07,Factoring,1,1,63592564.25,63592564.25,39060654.1,1001073.85,0.015741995338708174,0.025628701645321397,0,0,1,123712597.71,1.0,1.0,1,63592564.25,39060654.1,1001073.85,0.015741995338708174,0.025628701645321397,0.0,0.0
2023-08,Financeiro,345,336,69021323628.67,68699784755.5,56902701277.42,4914903147.67,0.07154175468179354,0.0863738106862129,9,0,1187,251728263957.17,0.2830665543386689,0.33753888102937374,151,26052696754.3,22371911729.09,4914903147.67,0.1886523761444694,0.21969079831828564,0.11711062146267585,0.13331698763207273
2023-08,Comercial,86,81,20578893013.29,15982453899.619999,13971228023.71,637606793.09,0.03989417376671801,0.045637133114422274,5,0,268,103124131712.81,0.30223880597014924,0.22519943215226312,43,8865383520.71,7633307607.49,637606793.09,0.07192094866516685,0.08352955571505644,0.032026774898448844,0.03789242260063416
2023-08,Cartão de crédito,22,22,48097594266.34,48097594266.34,46116956156.96,548277286.05,0.011399266312862123,0.011888843751611165,0,0,38,93875557493.45,0.5789473684210527,0.6976279995994641,7,5708977386.99,4923966044.81,548277286.05,0.09603774001618065,0.11134871383361787,0.08463847370331853,0.09945987008200671
2023-08,Industrial,16,16,35325590145.340004,35325590145.340004,29011229210.54,82152506.4,0.0023255805794609547,0.002831748555147514,0,0,55,63391493341.810005,0.2909090909090909,0.9589103682217242,8,1050095517.41,560296207.8,82152506.4,0.07823336547767047,0.1466233489649544,0.07590778489820951,0.1437916004098069
2023-08,Serviços,42,42,14531074702.19,14531074702.19,13333867312.72,38135608.769999996,0.0026244176395468204,0.0028600561169241636,0,0,125,32303069937.96,0.336,0.5234227613209255,12,2186643629.25,1962015083.46,38135608.769999996,0.01744024872634604,0.019436960037406092,0.01481583108679922,0.016576903920481927
2023-08,Setor público,53,53,15955000791.6,15955000791.6,14960784911.51,3590586294.33,0.2250445701149933,0.2399998606735935,0,0,126,25823393477.12,0.42063492063492064,0.6479487542961799,10,4103756615.68,4316717694.09,3590586294.33,0.8749510827739557,0.831786220175078,0.6499065126589625,0.5917863595014845
2023-08,Ações judiciais,92,92,16437822103.18,16437822103.18,14726760698.24,110724683.42,0.006735970417795166,0.00751860410370033,0,0,161,22167783851.82,0.5714285714285714,0.7905938998711014,6,312638503.5,298715836.14,110724683.42,0.35416201837084343,0.3706689436046717,0.34742604795304827,0.36315033950097136
2023-08,Agronegócio,10,9,2264170404.68,2259302522.58,1838276348.81,40966399.75,0.018132321519837288,0.02228522375132521,1,0,37,6840908152.16,0.24324324324324326,0.38565411395078986,5,1777940176.09,1170833872.95,40966399.75,0.023041495040678053,0.0349890797460294,0.004909173520840766,0.012703855994704187
2023-08,Imobiliário,8,8,733682746.4,733682746.4,651754801.64,23314757.21,0.03177770954053336,0.03577228299865756,0,0,16,1029125603.52,0.5,0.3399128952029826,5,424424931.98,405000935.52,23314757.21,0.054932581602201096,0.057567168777190786,0.023154872061667733,0.021794885778533224
2023-08,Factoring,1,1,65094761.3,65094761.3,49193734.16,976542.34,0.01500185760724189,0.01985094965191803,0,0,1,123712597.71,1.0,1.0,1,65094761.3,49193734.16,976542.34,0.01500185760724189,0.01985094965191803,0.0,0.0
2023-09,Financeiro,376,365,74435423009.33,73757335151.97,61169329968.97,5099641294.71,0.06914080184977768,0.08336925216112304,11,0,1187,251728263957.17,0.3074978938500421,0.3954762315653527,155,25720979670.63,22133416993.38,5099641294.71,0.19826777051315522,0.23040460929441117,0.12912696866337753,0.14703535713328814
2023-09,Comercial,99,92,21975708447.71,16489220758.8,14135605271.4,642346470.0600001,0.038955538254722644,0.045441737918335466,7,0,268,103124131712.81,0.34328358208955223,0.23426925415323532,42,9013847014.7,7765162023.059999,642346470.0600001,0.07126218905340259,0.08272157981410311,0.03230665079867995,0.03727984189576764
2023-09,Cartão de crédito,27,27,47954815436.96,47954815436.96,46823498839.33,395064624.26,0.008238268058383843,0.00843731532356485,0,0,38,93875557493.45,0.7105263157894737,0.73825603458542,7,4876336322.74,4129519122.14,395064624.26,0.08101668919300757,0.09566843319404937,0.07277842113462372,0.08723111787048451
2023-09,Industrial,17,17,31695277818.21,31695277818.21,28730373164.5,210898959.60999998,0.006653955230164648,0.0073406272310654235,0,0,55,63391493341.810005,0.3090909090909091,0.9590458915786779,9,1108873402.35,618886703.74,210898959.60999998,0.19019209872204398,0.34077151494048025,0.18353814349187933,0.3334308877094148
2023-09,Serviços,48,48,14695772777.81,14695772777.81,14002447681.63,32411217.55,0.002205478952351494,0.00231468228176426,0,0,125,32303069937.96,0.384,0.5729160531077607,10,1917485822.44,1601010718.25,32411217.55,0.01690297637181835,0.0202442227154028,0.014697497419466857,0.01792954043363854
2023-09,Setor público,57,57,17595508051.74,17595508051.74,16546074082.369999,3830304459.3999996,0.21768649408342744,0.2314932497178425,0,0,126,25823393477.12,0.4523809523809524,0.6582849388215208,10,4097595710.37,4323847679.72,3830304459.3999996,0.9347687595695319,0.8858555488356239,0.7170822654861044,0.6543622991177814
2023-09,Ações judiciais,95,94,16330176928.59,16269202713.86,14858296249.95,110211217.55999999,0.006774223635809101,0.007417486884498676,1,0,161,22167783851.82,0.5838509316770186,0.784480903996736,6,321857236.32,319589531.32,110211217.55999999,0.34242268037877743,0.34485240209463314,0.33564845674296834,0.33743491521013447
2023-09,Agronegócio,11,10,2291512312.08,2289676654.4700003,1831044710.84,58269723.38,0.025448887407854497,0.03182321165345466,1,0,37,6840908152.16,0.2702702702702703,0.4170395278307011,5,1798019992.97,1343814450.34,58269723.38,0.032407717159890465,0.04336143532706998,0.006958829752035968,0.011538223673615317
2023-09,Imobiliário,8,8,719862563.17,719862563.17,659215227.62,21638075.77,0.03005862073826172,0.032823992625475445,0,0,16,1029125603.52,0.5,0.3399128952029826,5,425746366.97,407030335.36,21638075.77,0.05082386474368838,0.053160843038546735,0.020765244005426658,0.02033685041307129
2023-09,Factoring,1,1,66534792.51,66534792.51,59751745.86,1204082.34,0.018097033064603453,0.02015141687777958,0,0,1,123712597.71,1.0,1.0,1,66534792.51,59751745.86,1204082.34,0.018097033064603453,0.02015141687777958,0.0,0.0
2023-10,Financeiro,379,366,70051621161.5,69350996738.86,60227918927.55,4943563395.84,0.07128323496856007,0.08208092665108956,13,0,1187,251728263957.17,0.3083403538331929,0.3821943475814038,158,26652584151.82,22930908112.38,4943563395.84,0.18548157910993496,0.215585155703932,0.11419834414137489,0.13350422905284243
2023-10,Comercial,100,94,22696340208.13,16914128297.96,14591074513.57,712067683.8,0.04209898797361505,0.0488015932711304,6,0,268,103124131712.81,0.35074626865671643,0.24075881623181591,47,9622843719.89,8170994010.54,712067683.8,0.07399763568103959,0.08714578457424928,0.031898647707424545,0.03834419130311888
2023-10,Cartão de crédito,27,27,48237865597.81,48237865597.81,46507442628.259995,380110896.20000005,0.007879927759848004,0.008173119714155767,0,0,38,93875557493.45,0.7105263157894737,0.73825603458542,8,4760106862.82,3691750157.77,380110896.20000005,0.07985343757068794,0.10296224824423272,0.07197350981083994,0.09478912853007695
2023-10,Industrial,17,17,42995112523.98,42995112523.98,39212786461.35,178172551.34,0.004144018724003255,0.0045437360468023715,0,0,55,63391493341.810005,0.3090909090909091,0.9590458915786779,10,1126090113.37,668946740.29,178172551.34,0.15822228543219416,0.26634788781952823,0.15407826670819091,0.26180415177272587
2023-10,Serviços,49,49,15231238177.28,15231238177.28,14057135905.2,60638044.8,0.0039811631920018175,0.004313684182107739,0,0,125,32303069937.96,0.392,0.5740337500978406,12,2080994750.3500001,1945034623.27,60638044.8,0.029138970576356022,0.031175817681875027,0.025157807384354205,0.026862133499767286
2023-10,Setor público,58,58,18045161258.68,18045161258.68,16739722278.54,128736474.17999999,0.0071341271122238245,0.007690478494080971,0,0,126,25823393477.12,0.4603174603174603,0.6599224298448237,8,642043532.68,634213042.68,128736474.17999999,0.2005105068851513,0.20298616634561326,0.19337637977292746,0.19529568785153228
2023-10,Ações judiciais,95,94,16387022903.11,16326553154.68,15013797245.29,96467940.93,0.0059086532237423006,0.006425285978886061,1,0,161,22167783851.82,0.5838509316770186,0.784480903996736,5,326637465.23,322751281.61,96467940.93,0.29533642401392207,0.29889251081756535,0.2894277707901798,0.29246722483867926
2023-10,Agronegócio,11,10,2305970715.82,2304273953.08,2124040464.01,24991897.98,0.010845888331374256,0.011766206154480463,1,0,37,6840908152.16,0.2702702702702703,0.4170395278307011,5,1706760889.0,1441649162.6299999,24991897.98,0.014642881812602867,0.017335631045217195,0.003796993481228611,0.0055694248907367325
2023-10,Imobiliário,7,7,620512041.76,620512041.76,565054630.9,19025515.549999997,0.030660993291986162,0.03367022321310206,0,0,16,1029125603.52,0.4375,0.2999217745280803,4,343260547.77,323042410.90000004,19025515.549999997,0.055425873068139335,0.05889479185409335,0.024764879776153173,0.025224568640991284
2023-10,Factoring,1,1,67949766.34,67949766.34,45737201.96,3441315.32,0.05064499122455701,0.07524105482031108,0,0,1,123712597.71,1.0,1.0,1,67949766.34,45737201.96,3441315.32,0.05064499122455701,0.07524105482031108,0.0,0.0
2023-11,Financeiro,391,380,75689012310.34,74898283934.42,61972673285.06,4926096214.02,0.06577048171535184,0.07948819944172966,11,0,1187,251728263957.17,0.3201347935973041,0.4332730869393636,166,27190424885.53,23360748199.75,4926096214.02,0.1811702551452785,0.21087065242511016,0.11539977342992667,0.1313824529833805
2023-11,Comercial,102,96,23409112740.239998,17449036884.47,15188155269.44,740693395.24,0.04244895578730951,0.048767831385707845,6,0,268,103124131712.81,0.3582089552238806,0.24358714333523598,44,9516992164.16,8209378949.6,740693395.24,0.0778285179249568,0.09022526549052655,0.03537956213764729,0.041457434104818704
2023-11,Cartão de crédito,27,27,51297345613.13,51297345613.13,49818014734.630005,515913428.06,0.01005731235980264,0.010355961208172613,0,0,38,93875557493.45,0.7105263157894737,0.73825603458542,10,5372567998.83,4474301820.14,515913428.06,0.0960273426362127,0.1153059066640831,0.08597003027641005,0.10494994545591048
2023-11,Industrial,17,17,46578613597.11,46578613597.11,36117694283.799995,110517632.91999999,0.0023727119462150998,0.0030599304609976413,0,0,55,63391493341.810005,0.3090909090909091,0.9590458915786779,11,1087567488.63,712939143.48,110517632.91999999,0.10161910325143882,0.15501692385768173,0.09924639130522371,0.1519569933966841
2023-11,Serviços,50,50,15419998922.51,15419998922.51,14095643302.64,78509395.05,0.005091400812965853,0.005569763178903358,0,0,125,32303069937.96,0.4,0.5772324808927294,11,2025526559.53,1992687838.22,78509395.05,0.03875999289202962,0.03939874251459765,0.03366859207906377,0.033828979335694294
2023-11,Setor público,59,59,18058524993.64,18058524993.64,17007514995.06,2913683356.7999997,0.16134669679977545,0.17131740631399164,0,0,126,25823393477.12,0.46825396825396826,0.6643807286165171,10,3448258969.52,3424117351.25,2913683356.7999997,0.844972312855489,0.8509297602596294,0.6836256160557136,0.6796123539456378
2023-11,Ações judiciais,96,95,16971301631.8,16909279603.41,15900498955.02,98849099.68,0.005845849261376319,0.006216729422116154,1,0,161,22167783851.82,0.5900621118012422,0.7867952850658111,6,665811472.27,679188680.3,98849099.68,0.1484640980170956,0.14553996930033938,0.14261824875571927,0.13932323987822323
2023-11,Agronegócio,11,10,2287517367.88,2285961463.19,2084530901.02,25703129.44,0.011243903212669189,0.012330414208502729,1,0,37,6840908152.16,0.2702702702702703,0.4170395278307011,6,1784572386.55,1406256363.03,25703129.44,0.014402962655771125,0.01827769823179223,0.003159059443101936,0.005947284023289501
2023-11,Imobiliário,8,8,715688628.28,715688628.28,647875593.35,21059349.58,0.029425295789052158,0.03250523680187959,0,0,16,1029125603.52,0.5,0.3399128952029826,5,438785908.83,413337956.54,21059349.58,0.047994589516681764,0.050949469427596636,0.018569293727629606,0.018444232625717046
2023-11,Factoring,1,1,69535089.58,69535089.58,47118308.34,2479433.91,0.03565730518183076,0.0526214543210827,0,0,1,123712597.71,1.0,1.0,1,69535089.58,47118308.34,2479433.91,0.03565730518183076,0.0526214543210827,0.0,0.0
2023-12,Financeiro,423,410,85398783731.94,84603549545.69,72150007537.51,5303794714.53,0.06268997864759439,0.07351066057439586,13,0,1187,251728263957.17,0.34540859309182814,0.5017029877430765,177,28207895112.13,25292313616.53,5303794714.53,0.18802518562433446,0.2096998635610647,0.12533520697674005,0.13618920298666887
2023-12,Comercial,105,99,25995147171.37,22272939105.29,19451492051.27,2034192557.94,0.09133022581006667,0.10457771324576545,6,0,268,103124131712.81,0.3694029850746269,0.28742731282563666,50,10961670988.92,9217563658.58,2034192557.94,0.18557321780558378,0.2206865754647118,0.09424299199551711,0.11610886221894634
2023-12,Cartão de crédito,27,27,54920981655.39,54920981655.39,53035655923.49,426565616.10999995,0.007766897153924713,0.0080429968986406,0,0,38,93875557493.45,0.7105263157894737,0.73825603458542,9,6982315154.38,6369811840.13,426565616.10999995,0.06109228911594111,0.06696675299302,0.0533253919620164,0.0589237560943794
2023-12,Industrial,17,17,39117962507.96,39117962507.96,32948227183.09,80716867.94,0.002063422089623793,0.002449809135146011,0,0,55,63391493341.810005,0.3090909090909091,0.9590458915786779,9,1080763139.23,654788700.93,80716867.94,0.07468506743994573,0.12327162613734384,0.07262164535032194,0.12082181700219782
2023-12,Serviços,51,51,16778111006.75,16778111006.75,15040493017.2,38351669.38,0.0022858156895356543,0.00254989443073055,0,0,125,32303069937.96,0.408,0.5845146481515004,11,1986176886.47,1729905020.6799998,38351669.38,0.019309291957455916,0.02216981216975978,0.01702347626792026,0.01961991773902923
2023-12,Setor público,59,59,18760676779.26,18760676779.26,17622421033.79,2882538006.3799996,0.15364786890666207,0.16357219027129674,0,0,126,25823393477.12,0.46825396825396826,0.6643807286165171,10,3403941165.28,3338986952.24,2882538006.3799996,0.8468236865494968,0.8632971759432047,0.6931758176428348,0.6997249856719079
2023-12,Ações judiciais,98,97,19262495585.69,19190938015.32,17275194096.81,741926850.84,0.03866027029255812,0.04294752618594327,1,0,161,22167783851.82,0.6024844720496895,0.8016888844466483,8,1341980114.84,1353091826.53,741926850.84,0.5528597947432758,0.5483196604199948,0.5141995244507177,0.5053721342340516
2023-12,Agronegócio,12,11,2502421821.89,2501016357.82,2204633665.47,27873515.35,0.01114487526754756,0.01264315055447442,1,0,37,6840908152.16,0.2972972972972973,0.431989475423216,6,1801595514.78,1388941595.21,27873515.35,0.015471572348693235,0.020068169494042467,0.004326697081145674,0.007425018939568047
2023-12,Imobiliário,8,8,702284266.6,702284266.6,643236907.06,21229700.93,0.030229498138667255,0.03300448201430664,0,0,16,1029125603.52,0.5,0.3399128952029826,5,432661001.0,408186823.44,21229700.93,0.04906774791564817,0.05200976540860973,0.018838249776980915,0.019005283394303088
2023-12,Factoring,1,1,71107555.09,71107555.09,34572185.23,1777788.86,0.025001406077734968,0.051422519235414854,0,0,1,123712597.71,1.0,1.0,1,71107555.09,34572185.23,1777788.86,0.025001406077734968,0.051422519235414854,0.0,0.0
2024-01,Financeiro,432,421,86772073149.69,86018617308.71,72692007224.37,5432604550.01,0.0631561482848889,0.07473455139630152,11,0,1187,251728263957.17,0.35467565290648695,0.510409427758779,186,30364990544.57,26981676386.13,5432604550.01,0.1789101347499508,0.2013442186565785,0.1157539864650619,0.126609667260277
2024-01,Comercial,105,100,25816181213.43,22008500336.06,18238518208.57,1999654401.75,0.09085827617584877,0.10963908245629259,5,0,268,103124131712.81,0.373134328358209,0.28743606838842306,52,13399574992.01,10714604512.97,1999654401.75,0.14923267364393042,0.1866288577734646,0.05837439746808165,0.07698977531717202
2024-01,Cartão de crédito,27,27,53894390156.18,53894390156.18,51335104540.44,531603416.65999997,0.009863798720413607,0.010355553405783393,0,0,38,93875557493.45,0.7105263157894737,0.73825603458542,8,4878719702.3,4623112618.55,531603416.65999997,0.10896371365819262,0.11498820394877875,0.099099914937779,0.10463265054299535
2024-01,Industrial,17,17,41723536234.12,41723536234.12,28992244476.170002,78799334.02,0.001888606315098497,0.0027179452796339595,0,0,55,63391493341.810005,0.3090909090909091,0.9590458915786779,9,1079519450.56,658086279.58,78799334.02,0.07299482559496533,0.11974012597602071,0.07110621927986682,0.11702218069638676
2024-01,Serviços,53,53,17017700802.33,17017700802.33,15479930440.08,41202203.9,0.002421138106644744,0.002661653039042149,0,0,125,32303069937.96,0.424,0.5880907392481628,12,2140472767.49,2121886003.34,41202203.9,0.019249113805972533,0.019417727359125225,0.01682797569932779,0.016756074320083077
2024-01,Setor público,61,61,19430129298.420002,19430129298.420002,17777507405.9,2949416039.44,0.151796006817095,0.16590717540419347,0,0,126,25823393477.12,0.48412698412698413,0.6729398175916292,10,3387574107.4900002,3319708728.22,2949416039.44,0.8706572744545358,0.8884562715902646,0.7188612676374407,0.7225490961860712
2024-01,Ações judiciais,99,98,19654994202.02,19583436631.65,17381896245.24,762593418.24,0.03894073510098456,0.04387285526737825,1,0,161,22167783851.82,0.6086956521739131,0.8053057274326655,8,1550601648.54,1555373939.8,762593418.24,0.49180485455954154,0.4902958695180782,0.452864119458557,0.44642301425069997
2024-01,Agronegócio,12,11,2691560096.52,2690301752.5099998,2449786814.73,13064052.379999999,0.004855980325556971,0.005332730301856832,1,0,37,6840908152.16,0.2972972972972973,0.431989475423216,6,1925654358.74,1513208478.92,13064052.379999999,0.006784214581763317,0.008633346007500573,0.001928234256206346,0.003300615705643741
2024-01,Imobiliário,8,8,707776414.1999999,707776414.1999999,614348849.18,22020945.53,0.031112855823106633,0.0358443668599565,0,0,16,1029125603.52,0.5,0.3399128952029826,5,434594449.53,376859166.18,22020945.53,0.05067010302090823,0.058432824530217455,0.019557247197801594,0.022588457670260957
2024-01,Factoring,1,1,72407866.22,72407866.22,27225541.51,1072435.83,0.01481104037428159,0.039390798879283706,0,0,1,123712597.71,1.0,1.0,1,72407866.22,27225541.51,1072435.83,0.01481104037428159,0.039390798879283706,0.0,0.0
2024-02,Financeiro,446,437,89399681931.28,88967036837.9,72732313312.7,5436766096.55,0.061109892942213126,0.07475035302638547,9,0,1187,251728263957.17,0.36815501263689976,0.5286461683449734,186,30061810652.93,26340354400.73,5436766096.55,0.1808529153256476,0.20640443988860396,0.11974302238343447,0.1316540868622185
2024-02,Comercial,106,101,26834589998.64,22722826438.85,19006986202.05,2147435860.6399999,0.09450566664402518,0.11298139735632512,5,0,268,103124131712.81,0.376865671641791,0.28815605302360786,55,14205596964.83,11547180794.17,2147435860.6399999,0.15116829415592944,0.1859705757550976,0.05666262751190426,0.07298917839877248
2024-02,Cartão de crédito,27,27,54540845160.14,54540845160.14,52744924463.47,534292353.73,0.009796187649113953,0.010129739670023405,0,0,38,93875557493.45,0.7105263157894737,0.73825603458542,8,4787070921.95,4474916001.54,534292353.73,0.11161153917317723,0.11939718053838963,0.10181535152406328,0.10926744086836622
2024-02,Industrial,18,18,33206159571.699997,33206159571.699997,25752302195.89,82852425.56,0.0024950920741407,0.003217282281396303,0,0,55,63391493341.810005,0.32727272727272727,0.959563931837533,10,1120719805.3,779794701.39,82852425.56,0.07392786775800901,0.1062490235087695,0.07143277568386831,0.1030317412273732
2024-02,Serviços,53,52,17584088000.41,17334760107.89,15521892940.039999,40894295.51,0.0023590920933129478,0.0026346203821899714,1,0,125,32303069937.96,0.416,0.5777741611637874,14,2444345772.38,1895167531.47,40894295.51,0.01673015985385006,0.021578195505639573,0.014371067760537114,0.018943575123449602
2024-02,Setor público,63,63,19439206943.96,19439206943.96,17706326578.56,2921863517.96,0.1503077531086143,0.16501805188084506,0,0,126,25823393477.12,0.5,0.6803579848979411,10,3358099461.9100003,3255863656.88,2921863517.96,0.87009439449364,0.8974158091005375,0.7197866413850257,0.7323977572196925
2024-02,Ações judiciais,100,99,19860248995.9,19788691425.53,17487369819.51,769001507.67,0.03886065486259933,0.043974680904389295,1,0,161,22167783851.82,0.6149068322981367,0.8111330122304372,8,1413541337.81,1425866472.01,769001507.67,0.5440247745859447,0.5393222456419515,0.5051641197233453,0.49534756473756225
2024-02,Agronegócio,13,12,2756273329.0099998,2755173703.61,2673956996.49,14219214.200000001,0.005160913876816224,0.005317667493779823,1,0,37,6840908152.16,0.32432432432432434,0.4503388193272655,5,1695224009.4199998,1334946610.61,14219214.200000001,0.008387808408202602,0.010651522755282755,0.0032268945313863777,0.0053338552615029315
2024-02,Imobiliário,8,8,695323095.03,695323095.03,617036567.86,22773893.43,0.03275296562530749,0.0369084988090482,0,0,16,1029125603.52,0.5,0.3399128952029826,5,419207366.38,381651083.94,22773893.43,0.0543260812105007,0.059672026068659935,0.02157311558519321,0.022763527259611734
2024-02,Factoring,1,1,73886171.3,73886171.3,42313503.01,865730.54,0.011717084872145758,0.02045991181102167,0,0,1,123712597.71,1.0,1.0,1,73886171.3,42313503.01,865730.54,0.011717084872145758,0.02045991181102167,0.0,0.0
2024-03,Financeiro,460,450,96997712281.5,96451047978.6,80669359289.96,5212871325.01,0.05404680855480805,0.064620214798939,10,0,1187,251728263957.17,0.37910699241786017,0.5465976460532488,185,30792717885.12,27161225523.32,5212871325.01,0.16928909440400589,0.19192327387931554,0.11524228584919784,0.12730305908037653
2024-03,Comercial,109,103,27574928001.39,23328686912.02,20223016492.0,2091943751.59,0.08967258892364556,0.10344370496941194,6,0,268,103124131712.81,0.3843283582089552,0.2889170608736284,50,13971460313.25,12204378487.369999,2091943751.59,0.1497297851969046,0.1714092818208563,0.06005719627325905,0.06796557685144436
2024-03,Cartão de crédito,27,27,55632130045.03,55632130045.03,54457682353.06,570868199.25,0.010261483764650489,0.01048278543234631,0,0,38,93875557493.45,0.7105263157894737,0.73825603458542,8,4537480602.73,4137392457.29,570868199.25,0.12581171121845328,0.1379777734752095,0.11555022745380279,0.1274949880428632
2024-03,Industrial,18,18,26012998773.88,26012998773.88,25327777927.72,85481282.25,0.0032860987306020596,0.003375001253325305,0,0,55,63391493341.810005,0.32727272727272727,0.959563931837533,11,1160095994.99,904866181.61,85481282.25,0.07368466283752392,0.09446842415737743,0.07039856410692186,0.09109342290405212
2024-03,Serviços,53,53,18129087467.02,18129087467.02,16712127708.43,48098794.77,0.0026531282866553638,0.00287807726276157,0,0,125,32303069937.96,0.424,0.584836054954629,16,2832872382.85,2447394715.2599998,48098794.77,0.016978807468061942,0.019653059831376735,0.014325679181406578,0.016774982568615166
2024-03,Setor público,63,63,20260066009.57,20260066009.57,18359202019.12,965691652.12,0.047664783108991256,0.05259987068687901,0,0,126,25823393477.12,0.5,0.6803579848979411,10,1369349872.2,1299070429.66,965691652.12,0.7052190763844145,0.7433712830895136,0.6575542932754233,0.6907714124026346
2024-03,Ações judiciais,100,99,19816444925.24,19744887354.87,17316905765.95,766633835.66,0.03882695413154194,0.04427083256221338,1,0,161,22167783851.82,0.6149068322981367,0.8111330122304372,7,1391933780.89,1403794213.16,766633835.66,0.550768898768888,0.5461155406348875,0.5119419446373461,0.5018447080726741
2024-03,Agronegócio,13,12,2828088724.02,2827170217.27,2632909701.89,73219153.73,0.02589838888466454,0.02780921566639395,1,0,37,6840908152.16,0.32432432432432434,0.4503388193272655,6,1950253076.59,1492334546.22,73219153.73,0.037543411472537216,0.04906349847322105,0.011645022587872676,0.0212542828068271
2024-03,Imobiliário,8,8,667375100.19,667375100.19,566626957.59,21797343.7,0.03266130800174347,0.03846859632783677,0,0,16,1029125603.52,0.5,0.3399128952029826,5,424766930.74,380417846.81,21797343.7,0.05131600913947362,0.05729842562009637,0.01865470113773015,0.018829829292259598
2024-03,Factoring,1,1,75578397.76,75578397.76,47008930.17,1311647.66,0.017354795799788596,0.0279020955222049,0,0,1,123712597.71,1.0,1.0,1,75578397.76,47008930.17,1311647.66,0.017354795799788596,0.0279020955222049,0.0,0.0
2024-04,Financeiro,474,463,99867501378.76,98918342284.01,80689196965.22,5475918135.24,0.05535796505280875,0.06786432807851987,11,0,1187,251728263957.17,0.3900589721988206,0.5492641566296862,196,33524797728.41,30069067465.8,5475918135.24,0.16333933405359607,0.18211133888565742,0.10798136900078732,0.11424701080713755
2024-04,Comercial,117,110,29939155198.43,25433547421.829998,20487468073.57,2009213981.98,0.07899857415310699,0.09807038989712938,7,0,268,103124131712.81,0.41044776119402987,0.32082479017973864,54,14217001641.119999,11878375531.62,2009213981.98,0.1413247344762715,0.16914888543736575,0.062326160323164514,0.07107849554023637
2024-04,Cartão de crédito,27,27,55200307728.66,55200307728.66,53744107916.31,601849928.91,0.010903017640199122,0.011198435554036865,0,0,38,93875557493.45,0.7105263157894737,0.73825603458542,8,4140776061.9,3821431583.58,601849928.91,0.14534713298014973,0.15749331520052334,0.1344441153399506,0.14629487964648646
2024-04,Industrial,19,19,56601405908.18,56601405908.18,41567261031.69,85798125.28,0.001515830285544206,0.0020640793535708145,0,0,55,63391493341.810005,0.34545454545454546,0.96047378195463,10,1157859379.06,1024108504.9300001,85798125.28,0.07410064368062952,0.08377835440968677,0.07258481339508531,0.08171427505611596
2024-04,Serviços,58,58,18463718824.33,18463718824.33,16642541587.79,62647977.660000004,0.003393031396115475,0.0037643275415314235,0,0,125,32303069937.96,0.464,0.6449055891755782,16,2817690339.07,2535395758.3,62647977.660000004,0.022233805039299472,0.0247093486115185,0.018840773643183997,0.02094502106998708
2024-04,Setor público,67,67,20720288861.55,20720288861.55,18668770263.64,3805644631.15,0.18366754713598696,0.20385084702456363,0,0,126,25823393477.12,0.5317460317460317,0.6979167924331222,13,4368318604.76,4246968661.17,3805644631.15,0.8711920936817945,0.8960849336951737,0.6875245465458075,0.69223408667061
2024-04,Ações judiciais,101,100,19679356290.77,19585762346.74,17442604173.03,254706814.07999998,0.013004692366360468,0.01460256803131675,1,0,161,22167783851.82,0.6211180124223602,0.8123188517002605,8,959625063.51,992187939.88,254706814.07999998,0.26542326140207756,0.25671226573345113,0.2524185690357171,0.2421096977021344
2024-04,Agronegócio,13,12,2857748955.45,2856998267.1,2710344030.1,122942671.21000001,0.043032112628753234,0.04536054089246521,1,0,37,6840908152.16,0.32432432432432434,0.4503388193272655,7,2240313152.93,1825357681.27,122942671.21000001,0.05487744918571276,0.06735264681082238,0.011845336556959525,0.021992105918357173
2024-04,Imobiliário,8,8,603204673.44,603204673.44,481152805.96,22628595.52,0.0375139592187706,0.047029956470587844,0,0,16,1029125603.52,0.5,0.3399128952029826,5,434252009.73,381508466.76,22628595.52,0.05210936279620105,0.05931348185317008,0.01459540357743045,0.012283525382582233
2024-04,Factoring,1,1,77187415.97,77187415.97,33207924.18,1508807.3,0.01954732233278051,0.04543515854293305,0,0,1,123712597.71,1.0,1.0,1,77187415.97,33207924.18,1508807.3,0.01954732233278051,0.04543515854293305,0.0,0.0
2024-05,Financeiro,496,487,104720811953.08,104221226060.23,83152047254.68001,5685573766.23,0.05455293495534467,0.06837563179672645,9,0,1187,251728263957.17,0.4102780117944398,0.5691976608896755,203,34748697949.68,31345040429.0,5685573766.23,0.1636197642416227,0.18138671025511854,0.10906682928627803,0.11301107845839209
2024-05,Comercial,120,113,30493928496.41,25984623919.19,21770995491.84,2191633550.29,0.08434347778539326,0.10066758550896064,7,0,268,103124131712.81,0.4216417910447761,0.32191339351976617,54,14907732132.17,12190240039.23,2191633550.29,0.14701320971287007,0.1797859224459074,0.06266973192747681,0.07911833693694677
2024-05,Cartão de crédito,28,28,60836757160.01,60836757160.01,57810152627.42,627881663.59,0.01032076154122704,0.010861096797938374,0,0,38,93875557493.45,0.7368421052631579,0.7784268631209854,8,4402499939.79,3648311974.2599998,627881663.59,0.14261934632075204,0.17210196606537617,0.132298584779525,0.1612408692674378
2024-05,Industrial,20,20,46682252249.26,46682252249.26,38701636752.98,177533282.94,0.003803014515924823,0.004587229322447972,0,0,55,63391493341.810005,0.36363636363636365,0.9632416665844163,11,1186353729.53,969101648.74,177533282.94,0.14964616245639797,0.18319366515455218,0.14584314794047315,0.1786064358321042
2024-05,Serviços,60,59,18011294975.44,17717354060.49,16082419395.87,52131594.1,0.002942402907455258,0.0032415268385170646,1,0,125,32303069937.96,0.472,0.6380030417722437,16,2603128539.27,2208663309.09,52131594.1,0.020026515522978884,0.023603232726983153,0.017084112615523627,0.020361705888466086
2024-05,Setor público,70,70,20892014527.47,20892014527.47,18865746997.29,3822819918.1400003,0.18297995691672245,0.20263284134411086,0,0,126,25823393477.12,0.5555555555555556,0.707062388840862,12,4297360494.28,4166870963.8,3822819918.1400003,0.889573942709336,0.9174317974688996,0.7065939857926136,0.7147989561247887
2024-05,Ações judiciais,103,102,19964361126.62,19870767182.59,17458136055.55,296138934.15999997,0.014903246132311664,0.016962803658862335,1,0,161,22167783851.82,0.6335403726708074,0.8152784907191429,8,1019201741.33,1045733195.23,296138934.15999997,0.29055968229955687,0.28318784897601607,0.2756564361672452,0.26622504531715374
2024-05,Agronegócio,15,14,3181212620.9500003,3180616190.62,2262982227.95,193786086.98,0.060927215157709776,0.08563305738178412,1,0,37,6840908152.16,0.3783783783783784,0.6278432289087026,7,2206684443.05,1367904464.49,193786086.98,0.08781776098088398,0.14166638973011164,0.026890545823174204,0.056033332348327525
2024-05,Imobiliário,8,8,587886559.58,587886559.58,481042592.87,21811802.75,0.03710206058390392,0.04534276813174953,0,0,16,1029125603.52,0.5,0.3399128952029826,5,425177401.55,374121189.22,21811802.75,0.051300475214544006,0.05830143648232039,0.014198414630640088,0.012958668350570857
2024-05,Factoring,1,1,78606907.13,78606907.13,35458231.83,2251292.0700000003,0.028639875962513276,0.06349137996484244,0,0,1,123712597.71,1.0,1.0,1,78606907.13,35458231.83,2251292.0700000003,0.028639875962513276,0.06349137996484244,0.0,0.0
2024-06,Financeiro,519,511,111306685765.34,110994980572.68,87805063075.75,5952201688.51,0.05362586360031364,0.06778882082659626,8,0,1187,251728263957.17,0.43049705139005895,0.5840675096051415,220,41959180926.61,37964870740.86,5952201688.51,0.1418569561431831,0.1567818241536615,0.08823109254286947,0.08899300332706522
2024-06,Comercial,122,115,31414112357.68,27159631751.61,23374793210.89,2291545691.27,0.08437322391656356,0.09803490754315636,7,0,268,103124131712.81,0.4291044776119403,0.32747370160960165,56,14594575852.31,12265388818.94,2291545691.27,0.15701351751906506,0.18683025259920297,0.0726402936025015,0.08879534505604661
2024-06,Cartão de crédito,28,28,61590499871.95,61590499871.95,59367311517.96,485186038.41,0.007877611635215305,0.008172612604551242,0,0,38,93875557493.45,0.7368421052631579,0.7784268631209854,8,4721183392.06,3836024176.25,485186038.41,0.10276788637907543,0.12648148606933587,0.09489027474386012,0.11830887346478464
2024-06,Industrial,20,20,36742525113.71,36742525113.71,35893021603.850006,190890744.89000002,0.005195362711170104,0.005318324742810854,0,0,55,63391493341.810005,0.36363636363636365,0.9632416665844163,11,1229716122.4,1056263103.45,190890744.89000002,0.15523155418784318,0.18072272359652308,0.15003619147667308,0.17540439885371223
2024-06,Serviços,61,61,18546350595.239998,18546350595.239998,17044424719.28,56891825.5,0.0030675482601197853,0.003337855424105112,0,0,125,32303069937.96,0.488,0.6509433914644809,16,2846994205.52,2573289664.77,56891825.5,0.01998311952644413,0.022108597519698577,0.016915571266324342,0.018770742095593464
2024-06,Setor público,71,71,21002685685.73,21002685685.73,18881554816.56,3842079576.56,0.1829327750769727,0.2034832202054842,0,0,126,25823393477.12,0.5634920634920635,0.7078015305027398,12,4290693227.1,4183282852.26,3842079576.56,0.8954449486841525,0.9184364797336937,0.7125121736071798,0.7149532595282095
2024-06,Ações judiciais,105,104,19536149341.48,19442555397.45,17318895444.89,847691307.81,0.04359978873565043,0.04894603761004367,1,0,161,22167783851.82,0.6459627329192547,0.8199782568164855,9,1635881922.56,1622030657.36,847691307.81,0.5181861209661414,0.522611150389533,0.47458633223049096,0.4736651127794893
2024-06,Agronegócio,15,14,3243537280.45,3243096204.31,2314788168.86,173578159.99,0.053522359207019095,0.07498662829069355,1,0,37,6840908152.16,0.3783783783783784,0.6278432289087026,7,2208674484.13,1412861515.01,173578159.99,0.07858929019971572,0.12285574923369008,0.025066930992696627,0.04786912094299653
2024-06,Imobiliário,8,8,573768719.48,573768719.48,467280568.74,22210986.61,0.03871069623685579,0.04753244216829062,0,0,16,1029125603.52,0.5,0.3399128952029826,5,425443521.26,376948587.08,22210986.61,0.05220666316464193,0.05892311941545002,0.013495966927786145,0.011390677247159399
2024-06,Factoring,1,1,79988115.82,79988115.82,33156747.58,3378122.25,0.04223280190274646,0.10188340221999544,0,0,1,123712597.71,1.0,1.0,1,79988115.82,33156747.58,3378122.25,0.04223280190274646,0.10188340221999544,0.0,0.0
2024-07,Financeiro,536,527,113336989902.2,112827679780.01,89082178905.56,6095422930.6,0.05402418043590704,0.06842471755278944,9,0,1187,251728263957.17,0.44397641112047176,0.5859873011489399,220,39324234319.82,34740414999.74,6095422930.6,0.15500423685370568,0.175456249749625,0.10098005641779864,0.10703153219683557
2024-07,Comercial,127,121,32112846279.63,29625367166.03,25646076498.44,2192006665.7,0.07399086915666887,0.08547142350734761,6,0,268,103124131712.81,0.45149253731343286,0.3660119522953655,56,14800372263.93,12604440848.06,2192006665.7,0.14810483321707665,0.17390748960017377,0.07411396406040778,0.08843606609282616
2024-07,Cartão de crédito,28,28,61577036731.17,61577036731.17,59424323107.74,479899054.84,0.007793474326072553,0.008075801788602843,0,0,38,93875557493.45,0.7368421052631579,0.7784268631209854,8,4402578833.49,3708684856.2,479899054.84,0.10900407987915023,0.12939871502905617,0.10121060555307768,0.12132291324045333
2024-07,Industrial,22,22,75721535036.06,75721535036.06,66267383517.53001,160966524.12,0.0021257694266676548,0.0024290460189577098,0,0,55,63391493341.810005,0.4,0.9634736729317144,11,1213558405.07,1043191779.1,160966524.12,0.13264011311488152,0.15430194844793713,0.13051434368821388,0.1518729024289794
2024-07,Serviços,65,65,20550095492.87,20550095492.87,17429344848.94,57542703.79,0.0028001185595446427,0.003301484036762264,0,0,125,32303069937.96,0.52,0.7218111160218258,17,3022550090.65,2795336102.37,57542703.79,0.019037799892217974,0.020585254038400946,0.01623768133267333,0.017283770001638683
2024-07,Setor público,74,74,21685390756.22,21685390756.22,19346072509.41,3871478489.28,0.1785293395356294,0.20011702568554413,0,0,126,25823393477.12,0.5873015873015873,0.8113520076051869,12,4318802007.54,4212608000.92,3871478489.28,0.8964241663593195,0.9190217766368245,0.7178948268236901,0.7189047509512804
2024-07,Ações judiciais,109,109,20333102116.92,20333102116.92,17871322537.89,297333472.79,0.01462312396211185,0.016637463296832484,0,0,161,22167783851.82,0.6770186335403726,0.8519920989530658,9,1165001686.9199998,1141670399.39,297333472.79,0.25522149549506856,0.2604372268466159,0.2405983715329567,0.24379976354978342
2024-07,Agronegócio,15,14,3224206226.42,3223919963.8,2261206747.83,105678087.42,0.03277937684763066,0.04673526094923232,1,0,37,6840908152.16,0.3783783783783784,0.6278432289087026,7,2159022427.88,1346627285.25,105678087.42,0.04894719297741063,0.07847612221846595,0.016167816129779973,0.03174086126923363
2024-07,Imobiliário,9,9,568318214.27,568318214.27,430034847.57,21344154.47,0.03755669611507417,0.04963354618959258,0,0,16,1029125603.52,0.5625,0.4474834984426178,5,396039760.74,338973276.17,21344154.47,0.053893968701825445,0.06296707136079835,0.016337272586751272,0.01333352517120577
2024-07,Factoring,1,1,82101042.88,82101042.88,43709894.23,2326530.85,0.028337409226341856,0.05322664103824806,0,0,1,123712597.71,1.0,1.0,1,82101042.88,43709894.23,2326530.85,0.028337409226341856,0.05322664103824806,0.0,0.0
2024-08,Financeiro,549,539,114359971273.73,113858566561.71,88519436744.2,6335872406.82,0.05564686609141554,0.07157605877146683,10,0,1187,251728263957.17,0.45408593091828137,0.5909580449499732,228,40905917353.79,36395953401.76,6335872406.82,0.15488889668508976,0.17408178147941072,0.09924203059367423,0.10250572270794389
2024-08,Comercial,127,120,32399175218.46,29886103873.59,25685610109.88,2209084722.9199996,0.0739167852813408,0.08600475960936091,7,0,268,103124131712.81,0.44776119402985076,0.3660089824820453,55,14561561751.71,12264385401.93,2209084722.9199996,0.15170657932076423,0.1801219262542389,0.07778979403942343,0.09411716664487799
2024-08,Cartão de crédito,28,28,61334245120.0,61334245120.0,58819058822.09,477979117.33000004,0.007793021930812671,0.00812626259076575,0,0,38,93875557493.45,0.7368421052631579,0.7784268631209854,8,4820821713.54,4088689123.3999996,477979117.33000004,0.099148889075803,0.11690277810422785,0.09135586714499033,0.1087765155134621
2024-08,Industrial,22,22,79448074814.40001,79448074814.40001,71167269099.11,137339692.65,0.0017286723809336046,0.001929815410771713,0,0,55,63391493341.810005,0.4,0.9634736729317144,10,1219719396.76,1059216128.84,137339692.65,0.1125994167304563,0.12966163270229608,0.1108707443495227,0.12773181729152436
2024-08,Serviços,67,67,20011499221.56,20011499221.56,17018632267.07,60134632.09,0.0030050038442503155,0.003533458573304789,0,0,125,32303069937.96,0.536,0.7290791660913986,15,2887120113.51,2776203262.05,60134632.09,0.02082858687056551,0.021660745418761403,0.017823583026315197,0.018127286845456614
2024-08,Setor público,77,77,22241191992.73,22241191992.73,19866314710.73,3893697360.9900002,0.17506693716158456,0.19599495012967727,0,0,126,25823393477.12,0.6111111111111112,0.8186640742867909,12,4337140230.25,4289008973.69,3893697360.9900002,0.8977568522762661,0.9078314792239994,0.7226899151146815,0.7118365290943222
2024-08,Ações judiciais,112,112,20588056844.71,20588056844.71,18240701082.35,247026663.01999998,0.011998541915988165,0.013542607924156328,0,0,161,22167783851.82,0.6956521739130435,0.8772960835588137,7,838719045.16,835961921.65,247026663.01999998,0.294528500867505,0.29549989852698694,0.28252995895151684,0.2819572906028306
2024-08,Agronegócio,15,15,3291953166.7400002,3291953166.7400002,2444159755.09,86383351.41,0.026240759523181452,0.035342759911706,0,0,37,6840908152.16,0.40540540540540543,0.6403794794170392,8,2190434227.96,1492089943.43,86383351.41,0.039436633297339735,0.05789419853029965,0.013195873774158283,0.022551438618593656
2024-08,Imobiliário,9,9,594871043.64,594871043.64,439739619.02,20736387.77,0.034858626910320926,0.0471560597978707,0,0,16,1029125603.52,0.5625,0.44748349844261776,5,397423899.6,339636077.62,20736387.77,0.05217700241699304,0.06105472632739799,0.01731837550667211,0.013898666529527287
2024-08,Factoring,1,1,80471830.06,80471830.06,38993409.1,1598728.38,0.019866932053216435,0.04099996427344948,0,0,1,123712597.71,1.0,1.0,1,80471830.06,38993409.1,1598728.38,0.019866932053216435,0.04099996427344948,0.0,0.0
2024-09,Financeiro,571,562,118948699674.18001,118423935398.2,91375728317.69,6211437427.63,0.052450861447426715,0.06797688556893822,9,0,1187,251728263957.17,0.4734625105307498,0.6114512704999564,250,43322299416.57,38380309871.77,6211437427.63,0.1433773717295864,0.1618391682709868,0.09092651028215967,0.09386228270204858
2024-09,Comercial,131,124,34755279093.85,31914545777.76,27698056121.18,2243308665.98,0.07029110430088822,0.08099155609207531,7,0,268,103124131712.81,0.4626865671641791,0.3683529848515699,58,15078666420.44,12723615369.4,2243308665.98,0.1487736782172637,0.1763106319116739,0.07848257391637548,0.09531907581959859
2024-09,Cartão de crédito,28,28,63554393763.57,63554393763.57,61996435743.659996,504340941.3,0.007935579453030566,0.008134998976156075,0,0,38,93875557493.45,0.7368421052631579,0.7784268631209854,8,4847796591.04,4206619632.61,504340941.3,0.10403508724606028,0.11989221402151859,0.09609950779302971,0.11175721504536251
2024-09,Industrial,24,24,75921974652.81,75921974652.81,68035198816.939995,312371865.48,0.004114380150259153,0.00459132729692594,0,0,55,63391493341.810005,0.43636363636363634,0.9644489502192621,12,1178532641.82,897685969.2,312371865.48,0.2650515177904672,0.3479745436573768,0.26093713764020804,0.3433832163604508
2024-09,Serviços,67,67,20352699859.59,20352699859.59,17544985812.760002,63770617.42,0.003133275578176027,0.0036346918772440003,0,0,125,32303069937.96,0.536,0.7290791660913986,17,3195855870.66,2962196374.61,63770617.42,0.01995415938667793,0.02152815321988772,0.016820883808501903,0.01789346134264372
2024-09,Setor público,78,78,22600410371.55,22600410371.55,17568623140.86,3926024276.84,0.1737147340378467,0.22346795450971335,0,0,126,25823393477.12,0.6190476190476191,0.8193654850187324,12,4365231195.92,4311998097.2300005,3926024276.84,0.899385187320546,0.9104884066071487,0.7256704532826992,0.6870204520974353
2024-09,Ações judiciais,117,117,20437029828.27,20437029828.27,18604984162.09,291331688.6,0.014255089464957802,0.015658797989929227,0,0,161,22167783851.82,0.7267080745341615,0.8857243577101181,10,2403367126.67,1742582746.88,291331688.6,0.12121813823910307,0.16718384772350903,0.10696304877414527,0.1515250497335798
2024-09,Agronegócio,16,16,3446497783.96,3446497783.96,2471419333.17,133232189.64,0.0386572683319463,0.05390917998084441,0,0,37,6840908152.16,0.43243243243243246,0.6467980956874734,7,2184093430.44,1406328380.61,133232189.64,0.06100114023655091,0.09473760998993,0.022343871904604615,0.04082843000908559
2024-09,Imobiliário,9,9,623602958.5,623602958.5,537813028.66,21537427.07,0.03453708289294462,0.04004630963229369,0,0,16,1029125603.52,0.5625,0.44748349844261776,5,396743201.09,348597732.96000004,21537427.07,0.05428556056116082,0.06178303825191921,0.019748477668216205,0.02173672861962552
2024-09,Factoring,1,1,82209335.52,82209335.52,42491154.5,942212.19,0.011461133751297349,0.022174313715105105,0,0,1,123712597.71,1.0,1.0,1,82209335.52,42491154.5,942212.19,0.011461133751297349,0.022174313715105105,0.0,0.0
2024-10,Financeiro,598,589,123038613463.23,122531113828.87,94799261819.78,6401999083.15,0.05224794652639158,0.06753216175164577,9,0,1187,251728263957.17,0.4962089300758214,0.6297402307914132,260,48453068629.78,43678248825.14,6401999083.15,0.13212783553641086,0.1465717892853155,0.07987988901001927,0.07903962753366973
2024-10,Comercial,138,133,37264000207.75,34435765036.37,29094731832.829998,2227985331.76,0.06469974834033367,0.07657693305308212,5,0,268,103124131712.81,0.4962686567164179,0.37789415284404454,61,15517273119.9,12596352238.61,2227985331.76,0.1435809832400732,0.17687543898072644,0.07888123489973954,0.10029850592764432
2024-10,Cartão de crédito,29,29,64959946735.04,64959946735.04,62875062774.68,444811893.7,0.0068474793477634474,0.007074535977706049,0,0,38,93875557493.45,0.7631578947368421,0.7896190375007042,8,4817882772.5,4127206566.45,444811893.7,0.09232517989830355,0.10777553450216648,0.0854777005505401,0.10070099852446043
2024-10,Industrial,26,26,92354181676.76999,92354181676.76999,75353088897.55,282215028.63,0.00305579047430384,0.0037452350362663874,0,0,55,63391493341.810005,0.4727272727272727,0.9654557607297175,13,1219092657.09,1049704994.95,282215028.63,0.23149596299238917,0.2688517535761965,0.22844017251808532,0.2651065185399301
2024-10,Serviços,70,70,20596433801.69,20596433801.69,17676927949.56,62486583.49,0.003033854505670433,0.0035349232439200705,0,0,125,32303069937.96,0.56,0.7496869863149409,17,3388560349.23,3064608861.79,62486583.49,0.018440451711063417,0.02038974182614037,0.015406597205392983,0.0168548185822203
2024-10,Setor público,83,83,23162951920.16,23162951920.16,18048177789.51,3964352256.27,0.17115056275791882,0.219653878774076,0,0,126,25823393477.12,0.6587301587301587,0.8628371593645009,11,4374035666.17,4326674692.41,3964352256.27,0.9063374327126309,0.9162584520681442,0.735186869954712,0.6966045732940682
2024-10,Ações judiciais,117,117,20472371744.49,20472371744.49,18432480273.27,293157470.98,0.01431966333157766,0.015904396295767342,0,0,161,22167783851.82,0.7267080745341615,0.889563380323243,10,2547225222.35,1684041208.08,293157470.98,0.11508894792959887,0.17407974910200277,0.1007692845980212,0.15817535280623543
2024-10,Agronegócio,16,16,3483255905.37,3483255905.37,2622153652.75,90432965.08,0.02596219386022802,0.034488049540940466,0,0,37,6840908152.16,0.43243243243243246,0.6467980956874734,7,2153540138.13,1485800119.24,90432965.08,0.04199270005644118,0.06086482556365473,0.01603050619621316,0.026376776022714266
2024-10,Imobiliário,9,9,633872478.74,633872478.74,524583283.3,21039192.89,0.033191522894039066,0.04010648749164974,0,0,16,1029125603.52,0.5625,0.44748349844261776,5,398170805.26,342906974.57,21039192.89,0.05283961709915347,0.06135539504958399,0.019648094205114403,0.021248907557934252
2024-10,Factoring,1,1,84219032.9,84219032.9,43117454.69,5128546.68,0.06089534044031987,0.11894363238443749,0,0,1,123712597.71,1.0,1.0,1,84219032.9,43117454.69,5128546.68,0.06089534044031987,0.11894363238443749,0.0,0.0
2024-11,Financeiro,616,609,125607690619.11,125143587414.78,100229154932.56,7834628567.49,0.06260511408804872,0.07816716176806632,7,0,1187,251728263957.17,0.5130581297388374,0.6386065436582898,270,49525629635.81,44264128270.67,7834628567.49,0.1581934167238753,0.1769972407359331,0.09558830263582657,0.09883007896786677
2024-11,Comercial,143,137,41071244835.17,38088704492.74,29982567132.329998,2394921127.94,0.06287746353768715,0.07987712050705535,6,0,268,103124131712.81,0.5111940298507462,0.4043714734620161,62,15323340283.68,12920396756.59,2394921127.94,0.1562923673039286,0.18535972022054814,0.09341490376624144,0.10548259971349279
2024-11,Cartão de crédito,30,30,68658616056.009995,68658616056.009995,65412801584.35,432675216.15,0.0063018342198601016,0.006614534245136467,0,0,38,93875557493.45,0.7894736842105263,0.7928865693492516,8,5032358822.63,4339494361.0,432675216.15,0.0859786099123743,0.09970636672294088,0.07967677569251419,0.0930918324778044
2024-11,Industrial,26,26,97796643716.06,97796643716.06,71977725227.12,269217832.92,0.002752833049175383,0.0037402937099012858,0,0,55,63391493341.810005,0.4727272727272727,0.9654557607297175,12,1181556664.83,1067160851.91,269217832.92,0.22785012427544857,0.25227483976586573,0.22509729122627317,0.24853454605596445
2024-11,Serviços,71,71,20384642049.7,20384642049.7,17667593972.21,58937178.38,0.0028912540252757283,0.003335891603163647,0,0,125,32303069937.96,0.568,0.7541636392122579,17,3508964201.04,3104094116.64,58937178.38,0.0167961754532953,0.018986917330907495,0.013904921428019572,0.015651025727743847
2024-11,Setor público,84,84,22636360590.77,22636360590.77,18642150556.4,3991961257.9100003,0.1763517258837857,0.21413630610013112,0,0,126,25823393477.12,0.6666666666666666,0.8644163628412295,10,4374531543.22,4307424138.96,3991961257.9100003,0.9125459991475114,0.9267629862133414,0.7361942732637258,0.7126266801132103
2024-11,Ações judiciais,118,118,20272025230.59,20272025230.59,18764186366.49,292437214.98,0.014425653660825129,0.015584859863801431,0,0,161,22167783851.82,0.7329192546583851,0.8895891198091481,11,2434888013.99,2149576979.75,292437214.98,0.12010294243503598,0.13604407645545732,0.10567728877421086,0.1204592165916559
2024-11,Agronegócio,16,16,3493167755.85,3493167755.85,2704085563.87,78105824.93,0.02235959747401091,0.028884376283647428,0,0,37,6840908152.16,0.43243243243243246,0.6467980956874734,7,2125102225.04,1561006279.16,78105824.93,0.036753914239833735,0.050035561017749315,0.014394316765822826,0.021151184734101887
2024-11,Imobiliário,9,9,633643117.3,633643117.3,544337489.66,21967423.08,0.03466844739607495,0.04035625599427503,0,0,16,1029125603.52,0.5625,0.44748349844261776,5,397560284.34,341666006.27,21967423.08,0.05525557744398106,0.06429502109331985,0.02058713004790611,0.023938765099044815
2024-11,Factoring,1,1,85813315.09,85813315.09,43697838.46,1881969.3,0.021930970712717632,0.04306778930776431,0,0,1,123712597.71,1.0,1.0,1,85813315.09,43697838.46,1881969.3,0.021930970712717632,0.04306778930776431,0.0,0.0
2024-12,Financeiro,642,634,137362563046.96,136766585552.26,117035130450.88,8063854953.29,0.058960709743014775,0.06890114893044379,8,0,1187,251728263957.17,0.5341196293176074,0.6549189691705425,291,55776404256.83,49873283956.65,8063854953.29,0.1445746648736783,0.16168686546286234,0.08561395513066351,0.09278571653241856
2024-12,Comercial,145,140,43100837436.9,40114614673.04,30936571054.94,2472822259.87,0.061643924041776224,0.0799320084788497,5,0,268,103124131712.81,0.5223880597014925,0.42010854667218894,66,16475988706.36,13692050008.96,2472822259.87,0.15008642600704442,0.18060277739650374,0.08844250196526819,0.10067076891765404
2024-12,Cartão de crédito,30,30,70651158452.74,70651158452.74,66686868746.56,400532362.09999996,0.005669154913686577,0.006006165376008319,0,0,38,93875557493.45,0.7894736842105263,0.7928865693492516,9,4811585127.73,3940045500.65,400532362.09999996,0.08324332864686577,0.10165678595181783,0.0775741737331792,0.09565062057580952
2024-12,Industrial,27,27,93722546566.91,93722546566.91,86749316375.64,318075464.89,0.003393798787391259,0.0036666048584484117,0,0,55,63391493341.810005,0.4909090909090909,0.9711172430338944,12,1272194896.45,1102192501.05,318075464.89,0.2500210194032177,0.28858431225669423,0.24662722061582643,0.28491770739824585
2024-12,Serviços,72,72,22301668674.32,22301668674.32,19622157726.18,76147270.84,0.0034144203266584404,0.0038806777471982025,0,0,125,32303069937.96,0.576,0.7554534469141272,22,4017993112.56,3412116196.18,76147270.84,0.01895156828466637,0.02231672852326949,0.015537147958007928,0.01843605077607129
2024-12,Setor público,87,87,22397745966.6,22397745966.6,18841023278.15,3849861997.4900002,0.17188613547233714,0.204334018415799,0,0,126,25823393477.12,0.6904761904761905,0.8839077475272105,11,4320145650.08,4277878708.1800003,3849861997.4900002,0.8911417135713258,0.8999465062271255,0.7192555780989887,0.6956124878113265
2024-12,Ações judiciais,120,120,20701706495.97,20701706495.97,19024788124.62,259128728.59,0.012517264151167662,0.013620584202704535,0,0,161,22167783851.82,0.7453416149068323,0.899781172959804,10,2062723718.98,1654610884.62,259128728.59,0.12562454496724215,0.1566100712854381,0.11310728081607449,0.14298948708273357
2024-12,Agronegócio,20,20,4005129115.27,4005129115.27,2947860621.43,64546575.7,0.01611597874682966,0.021896074472031388,0,0,37,6840908152.16,0.5405405405405406,0.7203882912612942,7,2152461245.81,1600885644.96,64546575.7,0.029987334650343617,0.04031929195143278,0.013871355903513957,0.018423217479401392
2024-12,Imobiliário,9,9,622233531.25,622233531.25,541691834.46,23175285.22,0.03724531716161833,0.042783154084467416,0,0,16,1029125603.52,0.5625,0.44748349844261776,5,396057164.06,337277336.3,23175285.22,0.0585150006691688,0.06871284467031649,0.02126968350755047,0.025929690585849076
2024-12,Factoring,1,1,83045642.41,83045642.41,43426573.97,2316816.96,0.02789811593679741,0.053350212743020126,0,0,1,123712597.71,1.0,1.0,1,83045642.41,43426573.97,2316816.96,0.02789811593679741,0.053350212743020126,0.0,0.0
2025-01,Financeiro,659,651,139715654198.95,139348666519.81,118316719781.27,6908635436.88,0.04957805201456922,0.058391032557798005,8,0,1187,251728263957.17,0.548441449031171,0.6683566983659638,291,57389456193.96,51468184268.91,6908635436.88,0.12038161528366434,0.13423118641185963,0.07080356326909512,0.07584015385406162
2025-01,Comercial,157,154,42077014212.21,41972656535.26,34277801623.94,4599259653.3,0.10957752100909544,0.1341760391683878,3,0,268,103124131712.81,0.5746268656716418,0.4662127570422764,72,18595459262.9,15610843541.78,4599259653.3,0.24733240455512878,0.2946195470469482,0.13775488354603332,0.1604435078785604
2025-01,Cartão de crédito,30,30,70804977274.46,70804977274.46,64417720354.8,414081438.42,0.005848196756209721,0.006428067248255942,0,0,38,93875557493.45,0.7894736842105263,0.7928865693492516,8,4650200034.0,3785651324.73,414081438.42,0.08904594111918585,0.10938182175283485,0.08319774436297613,0.10295375450457891
2025-01,Industrial,28,28,86143702301.97,86143702301.97,83376872556.84001,306242745.46999997,0.0035550218679537364,0.0036729939140044735,0,0,55,63391493341.810005,0.509090909090909,0.9715655565479294,13,1466436069.22,1233529204.52,306242745.46999997,0.20883470605908586,0.24826550060415262,0.20527968419113213,0.24459250669014815
2025-01,Serviços,73,73,22185875840.98,22185875840.98,19292552139.14,67585565.12,0.0030463329734840253,0.003503194633481641,0,0,125,32303069937.96,0.584,0.7876251872603522,20,4051871475.7200003,3614666409.79,67585565.12,0.016680086109589726,0.018697594039923174,0.013633753136105702,0.015194399406441532
2025-01,Setor público,88,88,21376426364.31,21376426364.31,17702667404.5,3901072772.65,0.18249415062019983,0.2203663822808054,0,0,126,25823393477.12,0.6984126984126984,0.8864299225747196,11,4343049043.25,4317384821.99,3901072772.65,0.8982336450271214,0.9035730965607763,0.7157394944069216,0.6832067142799709
2025-01,Ações judiciais,121,121,20646175988.28,20646175988.28,18546887091.510002,261882711.03,0.012684320388369268,0.014120035871134357,0,0,161,22167783851.82,0.7515527950310559,0.9019778131686538,9,1621538964.35,1297181791.67,261882711.03,0.16150257057497022,0.2018858981152137,0.14881825018660094,0.18776586224407935
2025-01,Agronegócio,21,21,4088252541.05,4088252541.05,3063912837.44,257683810.89,0.06303030654359189,0.0841028529732273,0,0,37,6840908152.16,0.5675675675675675,0.7219748775768221,9,2602295780.5299997,2046209544.07,257683810.89,0.0990217225950843,0.12593226907614538,0.035991416051492406,0.041829416102918085
2025-01,Imobiliário,9,9,639949293.07,639949293.07,548037987.31,24269233.5,0.03792368202107747,0.04428385269262732,0,0,16,1029125603.52,0.5625,0.44748349844261776,5,400817055.53000003,339418204.02,24269233.5,0.060549403188217166,0.07150245099573373,0.022625721167139692,0.027218598303106405
2025-01,Factoring,1,1,84873886.63,84873886.63,53295910.12,1999388.61,0.023557170401729725,0.037514860061460945,0,0,1,123712597.71,1.0,1.0,1,84873886.63,53295910.12,1999388.61,0.023557170401729725,0.037514860061460945,0.0,0.0
2025-02,Financeiro,675,670,144571786351.18,144206042680.02,121515004231.61,7029057500.62,0.04874315507164173,0.05784518171288936,5,0,1187,251728263957.17,0.5644481887110362,0.6845396198097915,296,59293144154.979996,53247910115.21,7029057500.62,0.11854755892599488,0.132006260629038,0.06980440385435314,0.07416107891614865
2025-02,Comercial,160,157,42913440129.26,42800082128.68,35493615255.52,4767354247.24,0.11138656773850986,0.1343158259005069,3,0,268,103124131712.81,0.585820895522388,0.4788632201015251,71,22442125133.61,19590033923.28,4767354247.24,0.21242882386838965,0.2433560996326132,0.1010422561298798,0.10904027373210631
2025-02,Cartão de crédito,30,30,72760679542.39,72760679542.39,64297528733.880005,447933165.22,0.006156253185610182,0.006966568918596285,0,0,38,93875557493.45,0.7894736842105263,0.7928865693492516,8,4760231916.8,3839776490.96,447933165.22,0.09409902144455115,0.11665605179743424,0.08794276825894097,0.10968948287883795
2025-02,Industrial,28,28,83945100030.44,83945100030.44,80739932887.81,293747988.04,0.0034992868902828365,0.003638199556694822,0,0,55,63391493341.810005,0.509090909090909,0.9715655565479294,13,1481752570.08,1316944818.73,293747988.04,0.19824361635771656,0.22305261683118724,0.19474432946743372,0.21941441727449243
2025-02,Serviços,75,75,23981600930.26,23981600930.26,21082247750.16,81006368.79,0.0033778549240966694,0.003842397155653634,0,0,125,32303069937.96,0.6,0.7936743736548743,20,4169912881.63,3757632778.22,81006368.79,0.019426393569722488,0.021557819396171258,0.016048538645625818,0.017715422240517625
2025-02,Setor público,89,89,21545572664.87,21545572664.87,17935414475.49,3962479588.09,0.18391154645663296,0.2209304721396322,0,0,126,25823393477.12,0.7063492063492064,0.8869428489974897,12,4602481039.94,4565349787.7,3962479588.09,0.8609442502215408,0.8679465478780494,0.6770327037649078,0.6470160757384171
2025-02,Ações judiciais,123,123,21015775127.45,21015775127.45,19022956421.34,272991157.81,0.012989821034648843,0.014350616789709818,0,0,161,22167783851.82,0.7639751552795031,0.9130068038297987,10,1884417634.76,1409118052.91,272991157.81,0.14486765182749323,0.1937319284542839,0.13187783079284437,0.1793813116645741
2025-02,Agronegócio,24,24,4228905056.11,4228905056.11,3344217796.62,55163262.11,0.013044336862162251,0.01649511648605946,0,0,37,6840908152.16,0.6486486486486487,0.7913138168812809,8,2477970042.06,2113973205.75,55163262.11,0.02226147256572213,0.02609458907045563,0.009217135703559878,0.009599472584396168
2025-02,Imobiliário,9,9,626815637.4,626815637.4,527629108.51,25228231.04,0.04024824770588916,0.04781432758939958,0,0,16,1029125603.52,0.5625,0.44748349844261776,5,401545592.85,338358515.13,25228231.04,0.06282781205725789,0.07456065064686525,0.02257956435136873,0.026746323057465667
2025-02,Factoring,1,1,86939012.57,86939012.57,59903901.57,2618356.73,0.030117166650493053,0.0437092853950481,0,0,1,123712597.71,1.0,1.0,1,86939012.57,59903901.57,2618356.73,0.030117166650493053,0.0437092853950481,0.0,0.0
2025-03,Financeiro,692,684,148493924450.6,148027461090.7,126881726473.27,6902614108.68,0.04663063230173624,0.054401956062082465,8,0,1187,251728263957.17,0.5762426284751474,0.6926994874577068,308,61211042116.37,55868390198.16,6902614108.68,0.11276746596728822,0.12355133348566279,0.06613683366555198,0.06914937742358032
2025-03,Comercial,163,162,43466439308.95,43451141952.45,36164262502.46,3741448638.89,0.0861070266688132,0.10345707004630596,1,0,268,103124131712.81,0.6044776119402985,0.5048629785305888,78,22698221551.25,19631942680.94,3741448638.89,0.1648344400217539,0.1905796435786484,0.0787274133529407,0.08712257353234244
2025-03,Cartão de crédito,30,30,71475764635.28,71475764635.28,61580240683.91,426225157.63,0.005963212283280952,0.006921459755537563,0,0,38,93875557493.45,0.7894736842105263,0.7928865693492516,8,4684837654.95,3883305480.5,426225157.63,0.09097970709393749,0.10975833855211432,0.08501649481065654,0.10283687879657676
2025-03,Industrial,30,29,79749986513.14,79745446572.25,78902255862.63,293608904.71,0.0036818265785744644,0.0037211725000762643,1,0,55,63391493341.810005,0.5272727272727272,0.9800765367326186,14,1489172320.99,1358335059.94,293608904.71,0.1971624778217803,0.21615352012114683,0.19348065124320585,0.21243234762107058
2025-03,Serviços,76,76,24834230046.45,24834230046.45,21924164735.36,91062311.4,0.003666806308457192,0.0041535133720798844,0,0,125,32303069937.96,0.608,0.7949283894260625,20,4193613133.78,3636368303.67,91062311.4,0.021714523608885948,0.025042103493228527,0.018047717300428756,0.020888590121148642
2025-03,Setor público,92,92,22065495056.03,22065495056.03,18356861923.94,4005028192.5,0.18150638280855233,0.21817608091701474,0,0,126,25823393477.12,0.7301587301587301,0.9029606486289163,13,4653963525.559999,4617867746.99,4005028192.5,0.8605628665768466,0.867289496350462,0.6790564837682942,0.6491134154334472
2025-03,Ações judiciais,124,124,21031976467.96,21031976467.96,19275151904.46,273006611.89,0.01298054951259083,0.014163655531390654,0,0,161,22167783851.82,0.7701863354037267,0.9136178705598131,10,2170346688.5,1629686020.6599998,273006611.89,0.12578940191287324,0.16752098774182045,0.11280885240028242,0.1533573322104298
2025-03,Agronegócio,24,24,4266840004.0899997,4266840004.0899997,3332027062.27,139260872.52,0.03263794104923335,0.041794640294765845,0,0,37,6840908152.16,0.6486486486486487,0.7913138168812809,7,2466615641.3599997,2059030567.85,139260872.52,0.05645827837336537,0.06763419382618177,0.023820337324132017,0.025839553531415926
2025-03,Imobiliário,9,9,626811591.02,626811591.02,508972477.13,25524049.71,0.040720449455098846,0.050148192401139866,0,0,16,1029125603.52,0.5625,0.44748349844261776,5,404828775.85,340574334.17,25524049.71,0.06304900054698026,0.07494413744419007,0.022328551091881414,0.024795945043050202
2025-03,Factoring,1,1,88656734.11,88656734.11,59179112.1,3793566.67,0.04278937982638937,0.06410313597793908,0,0,1,123712597.71,1.0,1.0,1,88656734.11,59179112.1,3793566.67,0.04278937982638937,0.06410313597793908,0.0,0.0
2025-04,Financeiro,711,703,152155482026.9,151705788892.9,129001167028.42,7225018051.87,0.047625196800964914,0.05600738519116087,8,0,1187,251728263957.17,0.5922493681550126,0.7018232118935165,320,62500973910.37,56625778508.23,7225018051.87,0.11559848750886813,0.12759238357879554,0.06797329070790321,0.07158499838763467
2025-04,Comercial,169,168,47757972397.34,47743264067.2,37497379022.39,3852070449.67,0.08068301413678172,0.10272905867287141,1,0,268,103124131712.81,0.6268656716417911,0.5465689929403639,74,22056046148.36,18985210300.69,3852070449.67,0.1746491834374596,0.20289848722560636,0.09396616930067789,0.10016942855273495
2025-04,Cartão de crédito,30,30,71972758736.46,71972758736.46,62568792246.48,569274952.96,0.007909589168931166,0.009098384874002843,0,0,38,93875557493.45,0.7894736842105263,0.7928865693492516,8,4605293617.349999,3988733224.12,569274952.96,0.12361317220150993,0.14272073888461023,0.11570358303257876,0.1336223540106074
2025-04,Industrial,31,30,76253769832.51999,76249157227.42,75716945445.17,317153014.23,0.004159429766339089,0.004188666253839632,1,0,55,63391493341.810005,0.5454545454545454,0.9802073566154267,17,2030675743.41,1832235020.81,317153014.23,0.15618102262718847,0.17309625164232045,0.15202159286084937,0.16890758538848083
2025-04,Serviços,78,78,25109632733.07,25109632733.07,22008452291.15,101052178.8,0.0040244387432601435,0.004591516816502127,0,0,125,32303069937.96,0.624,0.8222754943193936,21,4297678151.51,3858474419.4700003,101052178.8,0.0235132029988088,0.02618967182731265,0.019488764255548657,0.021598155010810523
2025-04,Setor público,95,95,22438145052.87,22438145052.87,18723227089.08,4070499356.1,0.18140979775774085,0.21740372729197138,0,0,126,25823393477.12,0.753968253968254,0.9138656362154434,13,4853516722.65,4825898958.900001,4070499356.1,0.8386701001985061,0.8434696604231879,0.6572603024407653,0.6260659331312166
2025-04,Ações judiciais,124,124,21256078793.94,21256078793.94,19513572952.94,275580277.75,0.012964774943747695,0.014122491991323398,0,0,161,22167783851.82,0.7701863354037267,0.9136178705598131,10,1783112238.29,1309934272.97,275580277.75,0.15455015777037165,0.21037717955510835,0.14158538282662395,0.19625468756378495
2025-04,Agronegócio,24,24,4316251565.17,4316251565.17,3198318198.78,176693813.85,0.040936866441203534,0.055245851997277794,0,0,37,6840908152.16,0.6486486486486487,0.7913138168812809,8,2515780558.31,1899194901.03,176693813.85,0.07023419163740409,0.0930361669327212,0.029297325196200555,0.0377903149354434
2025-04,Imobiliário,9,9,628954465.84,628954465.84,511446839.62,26881332.330000002,0.04273971136225043,0.0525593869149188,0,0,16,1029125603.52,0.5625,0.44748349844261776,5,409329905.44,343405693.61,26881332.330000002,0.06567155727628676,0.07827864485126643,0.022931845914036332,0.025719257936347627
2025-04,Factoring,1,1,91279141.76,91279141.76,56395372.51,8343632.04,0.0914078712740079,0.1479488771622266,0,0,1,123712597.71,1.0,1.0,1,91279141.76,56395372.51,8343632.04,0.0914078712740079,0.1479488771622266,0.0,0.0
2025-05,Financeiro,738,726,156565569452.93,156046589819.39,133076151529.6,7269932778.7,0.0465882194997936,0.054629869402880615,12,0,1187,251728263957.17,0.611625947767481,0.7086636571419412,309,62767028541.14,57005546846.59,7269932778.7,0.11582407113529355,0.1275302699624024,0.06923585163549995,0.0729004005595218
2025-05,Comercial,171,170,47807571133.98,47794256282.4,38522779537.2,3758614094.7599998,0.07864154371503612,0.09756861108971765,1,0,268,103124131712.81,0.6343283582089553,0.5476555946351259,76,22146380546.6,18822469826.38,3758614094.7599998,0.1697168567500768,0.1996876142944982,0.09107531303504068,0.10211900320478054
2025-05,Cartão de crédito,30,30,73898249330.17,73898249330.17,64075338212.25,560179176.46,0.00758041200620566,0.008742508304901999,0,0,38,93875557493.45,0.7894736842105263,0.7928865693492516,8,5217647610.8,4151827888.7200003,560179176.46,0.1073624012669016,0.13492350633848219,0.09978198926069594,0.12618099803358018
2025-05,Industrial,31,29,77190759664.45999,76867225450.33,72561904487.59999,282510363.19,0.0036753032457578724,0.0038933702909944683,2,0,55,63391493341.810005,0.5272727272727272,0.9731877517299473,17,1831622231.18,1705959024.14,282510363.19,0.1542405188039218,0.16560208023309222,0.15056521555816393,0.16170870994209777
2025-05,Serviços,81,81,26073231428.4,26073231428.4,22345558658.6,100034326.77,0.0038366677734098823,0.004476698403398404,0,0,125,32303069937.96,0.648,0.8251510639435314,21,4353971179.5,3922420573.5,100034326.77,0.02297542235488286,0.025503212849186836,0.01913875458147298,0.02102651444578843
2025-05,Setor público,98,98,22641375822.02,22641375822.02,18090365000.09,4128982560.06,0.18236447257080263,0.2282420813532208,0,0,126,25823393477.12,0.7777777777777778,0.931494888895319,13,4971557904.66,4924189950.9,4128982560.06,0.8305208627238904,0.8385100090026668,0.6481563901530878,0.610267927649446
2025-05,Ações judiciais,125,125,21475628844.39,21475628844.39,19544781558.18,271253204.05,0.012630745577485546,0.013878548769785226,0,0,161,22167783851.82,0.7763975155279503,0.914343918662212,9,1812776745.8,1328572571.1599998,271253204.05,0.1496340929342034,0.20416890272931354,0.13700334735671785,0.1902903539595283
2025-05,Agronegócio,24,24,4402471662.4800005,4402471662.4800005,2958121124.95,279591783.65999997,0.06350791216734382,0.09451667861123361,0,0,37,6840908152.16,0.6486486486486487,0.7913138168812809,7,2521171759.14,1558842687.05,279591783.65999997,0.11089755493507981,0.1793585625943486,0.047389642767735995,0.08484188398311499
2025-05,Imobiliário,10,10,636260103.69,636260103.69,508728175.06,27528216.53,0.04326566504853863,0.054111837872461634,0,0,16,1029125603.52,0.625,0.47496604533802245,5,407512795.32,341481635.28,27528216.53,0.0675517844988976,0.08061404680643534,0.02428611945035896,0.02650220893397371
2025-05,Factoring,1,1,89019720.18,89019720.18,77590090.39,9112938.27,0.10236988221905685,0.1174497699924641,0,0,1,123712597.71,1.0,1.0,1,89019720.18,77590090.39,9112938.27,0.10236988221905685,0.1174497699924641,0.0,0.0
2025-06,Financeiro,760,747,173076726786.11,172415075276.8,137481722767.66,7695399923.3,0.04463298763722134,0.055973985256971184,13,0,1187,251728263957.17,0.6293176074136478,0.7577428057429583,334,69119342168.0,62910913838.97,7695399923.3,0.11133497052960552,0.12232217676884397,0.06670198289238419,0.06634819151187278
2025-06,Comercial,177,175,58812104902.82,58798215724.56,46231896282.55,3593964015.41,0.06112369178421859,0.07773775908834013,2,0,268,103124131712.81,0.6529850746268657,0.5602672716683148,83,25164275169.58,21450213355.26,3593964015.41,0.14282008884382996,0.16754910339988258,0.08169639705961138,0.08981134431154245
2025-06,Cartão de crédito,30,30,73962975652.87,73962975652.87,63605313622.159996,580990013.5400001,0.007855146556930823,0.009134299957882513,0,0,38,93875557493.45,0.7894736842105263,0.7928865693492516,9,6061971335.84,5153617927.86,580990013.5400001,0.09584176192075197,0.11273439779057345,0.08798661536382114,0.10360009783269095
2025-06,Industrial,31,30,80665685486.61,80661366015.5,69601742031.23,483106919.96,0.005989322321508484,0.006941017650725351,1,0,55,63391493341.810005,0.5454545454545454,0.9802073566154267,17,2088346422.1,1842739934.18,483106919.96,0.2313346649997835,0.262167716127006,0.22534534267827502,0.25522669847628066
2025-06,Serviços,84,84,28421553163.06,28421553163.06,24087120602.18,110890542.42,0.003901635557486929,0.004603727620725404,0,0,125,32303069937.96,0.672,0.8438929732429493,25,5499973073.2,4798657765.0,110890542.42,0.02016201551246533,0.023108658264567865,0.0162603799549784,0.01850493064384246
2025-06,Setor público,99,99,23153787532.96,23153787532.96,19480878957.62,4179025239.6400003,0.18048991914135226,0.21451933707566945,0,0,126,25823393477.12,0.7857142857142857,0.93190631701066,14,5086927504.400001,5032404097.93,4179025239.6400003,0.8215224683318764,0.8304232248278663,0.6410325491905241,0.615903887752197
2025-06,Ações judiciais,130,130,21958461997.01,21958461997.01,20436350579.96,273258741.16,0.01244434793280188,0.013371210289764705,0,0,161,22167783851.82,0.8074534161490683,0.9295123197580388,10,1855488875.62,1370821662.3600001,273258741.16,0.14727048205486673,0.19933938065259274,0.13482613412206484,0.18596817036282803
2025-06,Agronegócio,25,25,4660376677.78,4660376677.78,2864027425.98,255624574.34,0.05485062517774173,0.08925353578013714,0,0,37,6840908152.16,0.6756756756756757,0.8083720658482918,8,2460176688.5099998,1453967348.64,255624574.34,0.10390496566115275,0.17581177086205133,0.049054340483411014,0.08655823508191418
2025-06,Imobiliário,10,10,634547305.0,634547305.0,509457341.21,28743475.78,0.04529760910417861,0.05641978916572692,0,0,16,1029125603.52,0.625,0.47496604533802245,5,406359403.91,339332629.77,28743475.78,0.07073412231494973,0.08470589992917085,0.025436513210771117,0.02828611076344393
2025-06,Factoring,1,1,89474135.6,89474135.6,70573539.78,9213567.88,0.10297465092247286,0.1305527242748713,0,0,1,123712597.71,1.0,1.0,1,89474135.6,70573539.78,9213567.88,0.10297465092247286,0.1305527242748713,0.0,0.0
2025-07,Financeiro,782,767,176139079803.86002,175186367612.58,139587312161.56,8122098534.92,0.04636261739772929,0.05818650999970103,15,0,1187,251728263957.17,0.6461668070766639,0.7631931754482585,340,69761203293.33,63507858060.159996,8122098534.92,0.11642715652091638,0.1278912371320422,0.0700645391231871,0.06970472713234117
2025-07,Comercial,184,182,59605514340.11,59593293465.59,45738602774.1,3246300600.94,0.05447426064502475,0.0709750714724118,2,0,268,103124131712.81,0.6791044776119403,0.5709844304185854,82,23092922688.96,19030821383.82,3246300600.94,0.14057556268059368,0.17058121325756356,0.08610130203556893,0.09960614178515176
2025-07,Cartão de crédito,31,31,75687775791.74,75687775791.74,64243203858.31,636033091.38,0.00840337934001506,0.00990039495512688,0,0,38,93875557493.45,0.8157894736842105,0.8045475359623807,10,8024533821.95,6529935728.42,636033091.38,0.0792610643175582,0.0974026572132734,0.07085768497754313,0.08750226225814653
2025-07,Industrial,32,31,79817719131.06,79812214155.98,65980387984.6,434857629.32,0.00544850977909398,0.006590710400513209,1,0,55,63391493341.810005,0.5636363636363636,0.9804289984586664,19,2122369349.6200001,1980627687.31,434857629.32,0.20489253173480815,0.219555463202983,0.19944402195571417,0.2129647528024698
2025-07,Serviços,87,87,28710574635.23,28710574635.23,24878863846.54,103963017.34,0.003621070586738786,0.004178768692222999,0,0,125,32303069937.96,0.696,0.8498975690817513,23,5439059620.33,4981022879.35,103963017.34,0.019114152922944487,0.020871820880607295,0.0154930823362057,0.016693052188384294
2025-07,Setor público,101,101,23791884762.91,23791884762.91,19980433899.17,4221650281.04,0.17744076701402312,0.211289219360515,0,0,126,25823393477.12,0.8015873015873016,0.9371716613291932,15,5257334326.87,5206992133.69,4221650281.04,0.8030020574235378,0.8107656344870018,0.6255612904095147,0.5994764151264868
2025-07,Ações judiciais,135,135,22206957181.05,22206957181.05,20642489328.11,275666116.75,0.01241350242190028,0.013354305886674746,0,0,161,22167783851.82,0.8385093167701864,0.9545726464024811,9,1882128492.05,1376029903.44,275666116.75,0.14646508881534787,0.20033439394074917,0.13405158639344758,0.18698008805407443
2025-07,Agronegócio,25,25,4461016766.81,4461016766.81,2989679808.53,171364178.44,0.038413704183976806,0.05731857236051585,0,0,37,6840908152.16,0.6756756756756757,0.8083720658482918,8,2244742395.58,1502581350.1100001,171364178.44,0.07634024232688075,0.11404652295694663,0.03792653814290394,0.05672795059643078
2025-07,Imobiliário,10,10,634247970.85,634247970.85,504091897.41,29193255.67,0.04602814200710186,0.05791256677600562,0,0,16,1029125603.52,0.625,0.47496604533802245,5,410321095.85,336576735.48,29193255.67,0.07114734281337586,0.08673580967611089,0.025119200806273993,0.028823242900105267
2025-07,Factoring,1,1,89607493.89,89607493.89,79364330.52,9952927.680000002,0.11107249235446731,0.12540807204934262,0,0,1,123712597.71,1.0,1.0,1,89607493.89,79364330.52,9952927.680000002,0.11107249235446731,0.12540807204934262,0.0,0.0
2025-08,Financeiro,815,804,181611760086.68,180419125094.22,144840054546.36002,7517236975.92,0.04166541087035138,0.05190026335922086,11,0,1187,251728263957.17,0.6773378264532435,0.7984270332093365,360,73234781272.58,66475161285.82,7517236975.92,0.10264572168162596,0.11308339582056076,0.06098031081127458,0.0611831324613399
2025-08,Comercial,191,188,55076021516.78,55058274023.53,45946778180.52,3324386812.73,0.06037942292396003,0.0723529906638685,3,0,268,103124131712.81,0.7014925373134329,0.5732888656460433,95,25565897002.2,21989048467.93,3324386812.73,0.13003208189581336,0.15118375029180833,0.06965265897185333,0.07883075962793984
2025-08,Cartão de crédito,31,31,76547685552.66,76547685552.66,65742588204.409996,652090736.7900001,0.008518751835304055,0.009918847958381079,0,0,38,93875557493.45,0.8157894736842105,0.8045475359623807,11,8025381539.0,6731710947.17,652090736.7900001,0.08125354958155094,0.09686849924299526,0.07273479774624689,0.08694965128461418
2025-08,Industrial,33,32,74935396774.31999,74930479420.98,62896597538.880005,425111480.48999995,0.005673411991689083,0.006758894711708596,1,0,55,63391493341.810005,0.5818181818181818,0.980688317075462,17,2132807289.3600001,1933639162.98,425111480.48999995,0.19932015546400575,0.21985047087836468,0.19364674347231667,0.21309157616665608
2025-08,Serviços,90,90,29240173365.78,29240173365.78,25344986156.82,79602729.56,0.002722375430686047,0.003140768318730368,0,0,125,32303069937.96,0.72,0.8548527141335194,24,4541137774.32,4181302431.2,79602729.56,0.017529247848446946,0.01903778329116334,0.0148068724177609,0.015897014972432972
2025-08,Setor público,102,102,24316528073.45,24316528073.45,20736113064.43,4268532389.9,0.1755403722524268,0.2058501695393478,0,0,126,25823393477.12,0.8095238095238095,0.9373866413838061,17,5405864322.95,5339198140.32,4268532389.9,0.789611454319787,0.7994706841211496,0.6140710820673602,0.5936205145818019
2025-08,Ações judiciais,135,135,22261308088.53,22261308088.53,20615231808.0,270560885.36,0.012153862849569241,0.013124319332417375,0,0,161,22167783851.82,0.8385093167701864,0.9545726464024811,9,1942020576.24,1447893236.91,270560885.36,0.13931926812219492,0.18686521800282285,0.12716540527262568,0.17374089867040549
2025-08,Agronegócio,27,27,4775586448.92,4775586448.92,3185353694.5,129955937.37,0.02721256096188764,0.04079796149306395,0,0,37,6840908152.16,0.7297297297297297,0.8641733509246702,9,2385095694.55,1676465777.45,129955937.37,0.05448667643271185,0.07751779912123849,0.02727411547082421,0.03671983762817454
2025-08,Imobiliário,10,10,637423939.23,637423939.23,499987462.5,29951614.49,0.04698853093936379,0.059904731091132105,0,0,16,1029125603.52,0.625,0.47496604533802245,5,409274451.47,333632354.27,29951614.49,0.07318222376799267,0.08977431027495894,0.026193692828628885,0.029869579183826836
2025-08,Factoring,1,1,90409681.12,90409681.12,63772298.02,9479610.04,0.10485171413687205,0.14864777237644852,0,0,1,123712597.71,1.0,1.0,1,90409681.12,63772298.02,9479610.04,0.10485171413687205,0.14864777237644852,0.0,0.0
2025-09,Financeiro,838,827,191141646010.78,190187374585.56,142481279505.24,8557073246.39,0.044992856466086875,0.060057526687744965,11,0,1187,251728263957.17,0.6967144060657119,0.8319472310772471,378,78734058640.87,71424312699.57,8557073246.39,0.10868324831851252,0.1198061685575242,0.06369039185242564,0.05974864186977923
2025-09,Comercial,194,191,56967993377.55,56950897051.32,47635180087.99,3577960882.97,0.06282536480058958,0.07511173205099506,3,0,268,103124131712.81,0.7126865671641791,0.596303079258328,90,23985400241.23,20860699677.66,3577960882.97,0.14917244853056985,0.17151682054086065,0.08634708372998028,0.09640508848986559
2025-09,Cartão de crédito,32,32,81331303134.18,81331303134.18,66048056180.16,641473355.37,0.00788716435923448,0.009712221562134185,0,0,38,93875557493.45,0.8421052631578947,0.9118237496402879,10,7077577846.02,6164407225.46,641473355.37,0.09063458846033401,0.10406083373606649,0.08274742410109953,0.09434861217393231
2025-09,Industrial,33,32,71206300489.25,71204235057.59,59693440272.41,500301824.28000003,0.007026293083204333,0.008381185972811771,1,0,55,63391493341.810005,0.5818181818181818,0.980688317075462,18,2286904920.7400002,1965141025.61,500301824.28000003,0.21876809120604437,0.2545882548682231,0.21174179812284005,0.24620706889541136
2025-09,Serviços,90,90,30194919549.72,30194919549.72,26295965706.079998,122714664.09,0.004064083161007725,0.0046666726547193,0,0,125,32303069937.96,0.72,0.8548527141335194,26,5174388461.48,4602561892.12,122714664.09,0.023715781102159588,0.026662251799394278,0.019651697941151864,0.021995579144674978
2025-09,Setor público,103,103,24653486017.93,24653486017.93,21042141334.03,4310681811.47,0.1748508023707043,0.20485946477788516,0,0,126,25823393477.12,0.8174603174603174,0.9376271375961068,18,5467210227.55,5384825393.94,4310681811.47,0.7884609576101356,0.8005239717375379,0.6136101552394313,0.5956645069596527
2025-09,Ações judiciais,138,138,22718898227.87,22718898227.87,21090715934.21,264379306.95999998,0.011636977476120625,0.012535340563340764,0,0,161,22167783851.82,0.8571428571428571,0.9664700453749249,8,1575384076.68,1241868055.8,264379306.95999998,0.167818953405419,0.21288840285829663,0.15618197592929836,0.20035306229495586
2025-09,Agronegócio,26,26,4789642582.34,4789642582.34,3213817216.69,263914737.67000002,0.05510113398504641,0.08211877648157388,0,0,37,6840908152.16,0.7027027027027027,0.8589556252768364,10,2356919834.2,1747374289.31,263914737.67000002,0.11197442265132432,0.15103503541545996,0.05687328866627791,0.06891625893388607
2025-09,Imobiliário,11,11,773665127.04,773665127.04,652815999.71,31577709.42,0.04081573321110462,0.04837153108077581,0,0,16,1029125603.52,0.6875,0.7237121233817654,5,338698978.95000005,288753827.17,31577709.42,0.09323237264515526,0.10935858315536383,0.05241663943405064,0.060987052074588016
2025-09,Factoring,1,1,86869756.05,86869756.05,67841786.97,9192541.47,0.1058198144899706,0.13549969540255466,0,0,1,123712597.71,1.0,1.0,1,86869756.05,67841786.97,9192541.47,0.1058198144899706,0.13549969540255466,0.0,0.0
2025-10,Financeiro,869,856,198303010389.25,197187171062.63,164159419394.69,8500357842.5199995,0.04310806730839574,0.05178111541734021,13,0,1187,251728263957.17,0.7211457455770851,0.8419033173557289,390,82422341792.77,75114068079.99,8500357842.5199995,0.10313171959966856,0.11316598953830927,0.06002365229127282,0.06138487412096906
2025-10,Comercial,202,199,58023487178.08,58007052136.39,48213625463.93,3475064428.4,0.059907619856792584,0.07207639738687138,3,0,268,103124131712.81,0.7425373134328358,0.6034575265308121,88,24552097480.16,20810603735.22,3475064428.4,0.14153839325573392,0.16698527695853332,0.08163077339894134,0.09490887957166194
2025-10,Cartão de crédito,36,36,85068954737.36,85068954737.36,68903046944.94,691956758.4,0.00813406912705501,0.01004246965962098,0,0,38,93875557493.45,0.9473684210526315,0.9271176503101207,11,7256543788.690001,6020540744.43,691956758.4,0.0953562437642117,0.11493265933631873,0.08722217463715669,0.10489018967669775
2025-10,Industrial,34,33,69507245460.03,69505161231.76,56578206235.0,473635493.91,0.006814393140254668,0.008371341642446824,1,0,55,63391493341.810005,0.6,0.9811497814090478,21,2470014759.98,2269370577.23,473635493.91,0.1917541148271661,0.2087078675745064,0.18493972168691142,0.20033652593205958
2025-10,Serviços,95,95,30871058535.600002,30871058535.600002,26231383718.8,124550975.62,0.004034554742474083,0.0047481664312940715,0,0,125,32303069937.96,0.76,0.8576585868807249,25,5104951672.04,4534870852.58,124550975.62,0.024398071445449736,0.027465164867735953,0.020363516702975655,0.02271699843644188
2025-10,Setor público,108,108,25020821714.53,25020821714.53,21493426381.89,4367602434.55,0.17455871291443886,0.2032064295821195,0,0,126,25823393477.12,0.8571428571428571,0.953273742445233,19,5839108398.88,5780270150.58,4367602434.55,0.7479913261051551,0.7556052434870625,0.5734326131907161,0.5523988139049429
2025-10,Ações judiciais,142,142,23014092165.23,23014092165.23,21084023718.7,260552517.20999998,0.011321433638979087,0.012357817496615164,0,0,161,22167783851.82,0.8819875776397516,0.969063363027437,10,1654108952.1000001,1281862607.77,260552517.20999998,0.1575183526328247,0.2032608765016336,0.14619691899384563,0.19090305900501844
2025-10,Agronegócio,28,28,4773374949.79,4773374949.79,3317366226.58,212004348.23000002,0.04441393153901035,0.0639074294937172,0,0,37,6840908152.16,0.7567567567567568,0.8643286330957463,9,2236186454.65,1798641735.18,212004348.23000002,0.09480620356551717,0.1178691365174975,0.05039227202650682,0.05396170702378031
2025-10,Imobiliário,11,11,763347985.5699999,763347985.5699999,622018407.73,33875928.45,0.04437809372707585,0.05446129572535826,0,0,16,1029125603.52,0.6875,0.7237121233817654,6,536606332.15999997,461114247.83,33875928.45,0.06312994539896562,0.07346536917785529,0.018751851671889766,0.01900407345249703
2025-10,Factoring,1,1,88622926.18,88622926.18,80878907.41000001,13425906.02,0.15149472714014145,0.1660000913704232,0,0,1,123712597.71,1.0,1.0,1,88622926.18,80878907.41000001,13425906.02,0.15149472714014145,0.1660000913704232,0.0,0.0
2025-11,Financeiro,894,879,199261884736.63,198062646328.53,167275793477.56,9474071222.82,0.0478337101843282,0.05663743107032963,15,0,1187,251728263957.17,0.7405223251895535,0.8396221888237826,408,86440642701.24,79668147363.56,9474071222.82,0.10960204513477191,0.11891918585210398,0.06176833495044371,0.06228175478177435
2025-11,Comercial,206,203,59173018570.23,59158574214.56,49741415713.6,2831016292.71,0.04785470796578521,0.05691467064408383,3,0,268,103124131712.81,0.7574626865671642,0.6052838348842681,89,22097200564.97,19766004188.91,2831016292.71,0.12811651341925734,0.14322653509799327,0.08026180545347213,0.08631186445390944
2025-11,Cartão de crédito,36,36,86212545603.03,86212545603.03,71305267841.55,700822293.23,0.00812900591587878,0.009828478518407959,0,0,38,93875557493.45,0.9473684210526315,0.9271176503101207,10,7223303465.34,6286742918.12,700822293.23,0.097022407627313,0.11147621309757252,0.08889340171143421,0.10164773457916457
2025-11,Industrial,38,37,64658287141.71001,64655869801.76,62488355627.87,384464852.08,0.005946325573514045,0.006152583920907777,1,0,55,63391493341.810005,0.6727272727272727,0.9835206267163137,22,2395042263.41,2302931398.64,384464852.08,0.1605252892417058,0.1669458553159883,0.15457896366819177,0.1607932713950805
2025-11,Serviços,100,100,29810510662.88,29810510662.88,25195927616.18,132292035.02,0.004437764804369145,0.00525053242870274,0,0,125,32303069937.96,0.8,0.8885425459931573,25,4942372071.63,4442438526.52,132292035.02,0.026766911333806143,0.029779148148085105,0.022329146529437,0.024528615719382366
2025-11,Setor público,109,109,24868621222.43,24868621222.43,22040006422.76,4442367982.04,0.17863346513289008,0.20155928709042983,0,0,126,25823393477.12,0.8650793650793651,0.9542571616586102,21,5942448405.84,5879724440.32,4442367982.04,0.7475652590730478,0.7555401664024628,0.5689317939401577,0.553980879312033
2025-11,Ações judiciais,145,145,22905053772.72,22905053772.72,20817781467.78,263217459.14000002,0.011491676105711349,0.012643876560400336,0,0,161,22167783851.82,0.9006211180124224,0.9712567461033014,11,2222620407.81,1767123540.97,263217459.14000002,0.11842663651205937,0.14895249428657156,0.10693496040634802,0.13630861772617123
2025-11,Agronegócio,30,30,4904966964.49,4904966964.49,3629680616.41,137906068.79,0.028115595841599915,0.03799399544040281,0,0,37,6840908152.16,0.8108108108108109,0.877547994814767,9,2236931863.95,1888037051.83,137906068.79,0.06164965102981898,0.07304203519540735,0.033534055188219065,0.03504803975500454
2025-11,Imobiliário,11,11,730473644.17,730473644.17,609559170.99,34783540.81,0.0476177903030612,0.05706343611155452,0,0,16,1029125603.52,0.6875,0.7237121233817654,6,505164632.23,452302669.48,34783540.81,0.06885585132207583,0.07690324014666923,0.021238061019014633,0.019839804035114712
2025-11,Factoring,1,1,90488078.53,90488078.53,77638676.5,12466633.35,0.13777100312575286,0.16057246094348349,0,0,1,123712597.71,1.0,1.0,1,90488078.53,77638676.5,12466633.35,0.13777100312575286,0.16057246094348349,0.0,0.0
2025-12,Financeiro,957,942,198134304478.23,196092407614.93,174111221769.28,9166141301.72,0.04674398878165496,0.05264532181542168,15,0,1187,251728263957.17,0.793597304128054,0.8544267335060757,439,94947515634.52,87539080028.19,9166141301.72,0.09653903254302182,0.10470913446620925,0.049795043761366856,0.052063812650787564
2025-12,Comercial,215,212,62340058391.97,62326945737.12,51225972584.02,3010976462.19,0.04830938571720763,0.0587783171369064,3,0,268,103124131712.81,0.7910447761194029,0.6156181415943397,101,24866573125.2,21643548961.34,3010976462.19,0.12108529981313149,0.13911657776496114,0.07277591409592385,0.08033826062805474
2025-12,Cartão de crédito,36,36,82052536392.95999,82052536392.95999,72017397054.31,760103403.72,0.009263618617220661,0.010554441493446207,0,0,38,93875557493.45,0.9473684210526315,0.9271176503101207,10,7256414474.05,6517389055.01,760103403.72,0.10474917143146123,0.11662698011494324,0.09548555281424057,0.10607253862149703
2025-12,Industrial,40,39,64931579518.45,64922543649.6,61827166860.29,420728641.25,0.006480470690131258,0.006804915421738712,1,0,55,63391493341.810005,0.7090909090909091,0.9840917216844475,21,2620788376.34,2408044759.1200004,420728641.25,0.16053514470998936,0.17471794893204218,0.15405467401985812,0.16791303351030346
2025-12,Serviços,101,101,32708860758.54,32708860758.54,26308824252.35,143444190.04,0.004385484138347678,0.0054523223335298625,0,0,125,32303069937.96,0.808,0.960053459149911,29,5325706865.79,4773005871.01,143444190.04,0.026934300676858956,0.030053218855489536,0.022548816538511277,0.024600896521959674
2025-12,Setor público,112,112,25978863856.71,25978863856.71,21535045504.6,805164221.1899999,0.030993049797365814,0.037388554438764134,0,0,126,25823393477.12,0.8888888888888888,0.9385813527650712,23,2637866017.47,2560805327.85,805164221.1899999,0.30523317555083407,0.3144183637988599,0.27424012575346823,0.27702980936009575
2025-12,Ações judiciais,148,148,23075919040.31,23075919040.31,21774913772.2,1235520692.3,0.05354155949939587,0.056740554990274514,0,0,161,22167783851.82,0.9192546583850931,0.9758614752175117,13,2454057016.62,3016867658.73,1235520692.3,0.5034604672721485,0.40953758403181423,0.4499189077727527,0.3527970290415397
2025-12,Agronegócio,31,31,5290502509.64,5290502509.64,4042517573.44,147035847.59,0.027792416187702604,0.03637234592523469,0,0,37,6840908152.16,0.8378378378378378,0.8803948569574563,9,2274836830.57,1982322420.45,147035847.59,0.06463577765846072,0.07417352801600353,0.03684336147075812,0.037801182090768846
2025-12,Imobiliário,11,11,890962724.99,890962724.99,775932364.25,37542435.01,0.04213693116108911,0.04838364365209554,0,0,16,1029125603.52,0.6875,0.7237121233817654,6,667169337.24,619566586.39,37542435.01,0.05627122368259395,0.060594673493847964,0.014134292521504839,0.012211029841752423
2025-12,Factoring,1,1,89836817.39,89836817.39,70463144.27,20108257.0,0.22383091458712237,0.28537268962834494,0,0,1,123712597.71,1.0,1.0,1,89836817.39,70463144.27,20108257.0,0.22383091458712237,0.28537268962834494,0.0,0.0
2026-01,Financeiro,984,973,201598805425.07,200658825469.63,180258537151.85,10239000769.64,0.05102691469301801,0.05680175225772887,11,0,1187,251728263957.17,0.8197135636057288,0.88075569239147,467,103706329724.91,94695666041.25,10239000769.64,0.09873072161361639,0.10812533664613362,0.04770380692059838,0.05132358438840475
2026-01,Comercial,224,222,66173139259.37,66164425296.45,50910204005.83,2895332528.39,0.043759656574019194,0.0568713597780602,2,0,268,103124131712.81,0.8283582089552238,0.7225293978644418,97,23371791936.11,20140064347.77,2895332528.39,0.12388149510764038,0.14375984497341412,0.08012183853362118,0.08688848519535392
2026-01,Cartão de crédito,37,37,83362145084.22,83362145084.22,69877774113.42,724156085.07,0.008686869613760442,0.010363181916679372,0,0,38,93875557493.45,0.9736842105263158,0.9468873784775351,11,7560729214.54,6451653006.18,724156085.07,0.09577860342853955,0.11224349548500752,0.08709173381477911,0.10188031356832815
2026-01,Industrial,40,39,64802764370.329994,64794378199.38,62278680696.28,374369574.96000004,0.005777809516251863,0.006011199511205473,1,0,55,63391493341.810005,0.7090909090909091,0.9840917216844475,25,2872599202.6,2550060883.71,374369574.96000004,0.13032433296686735,0.14680809283868626,0.12454652345061548,0.1407968933274808
2026-01,Serviços,108,108,32562548934.63,32562548934.63,26537766156.94,113054846.87,0.0034719286594228228,0.00426014933590914,0,0,125,32303069937.96,0.864,0.9656715238839609,30,4928572886.06,4700628222.03,113054846.87,0.022938657798845765,0.024051007978073295,0.01946672913942294,0.019790858642164157
2026-01,Setor público,117,117,26703352314.46,26703352314.46,21929499495.63,577740744.36,0.021635513682196017,0.026345368460193506,0,0,126,25823393477.12,0.9285714285714286,0.9671234837035568,23,2441109138.3,2378858771.69,577740744.36,0.2366714110792856,0.24286466739240628,0.2150358973970896,0.21651929893221278
2026-01,Ações judiciais,151,151,23376713716.84,23376713716.84,20987286442.66,305733284.94,0.013078539979713118,0.01456754715647986,0,0,161,22167783851.82,0.937888198757764,0.9793291912221357,10,1922370485.72,1437111045.21,305733284.94,0.15903973100455263,0.21274158733873225,0.1459611910248395,0.19817404018225238
2026-01,Agronegócio,31,31,5409589520.15,5409589520.15,4111186321.23,127931828.56,0.02364908244580684,0.031117983609588604,0,0,37,6840908152.16,0.8378378378378378,0.8803948569574563,10,2378609242.72,2017802634.1,127931828.56,0.05378429809416982,0.06340155692038801,0.030135215648362978,0.03228357331079941
2026-01,Imobiliário,13,13,948299347.74,948299347.74,754718228.7199999,39480530.07,0.041632982416460095,0.05231161586882415,0,0,16,1029125603.52,0.8125,0.8325638597265244,6,649891591.02,601274970.54,39480530.07,0.06074940900225467,0.06566135629185241,0.01911642658579458,0.013349740423028257
2026-01,Factoring,1,1,91224942.48,91224942.48,64908979.68000001,12663600.9,0.1388173075886164,0.19509782717940266,0,0,1,123712597.71,1.0,1.0,1,91224942.48,64908979.68000001,12663600.9,0.1388173075886164,0.19509782717940266,0.0,0.0
2026-02,Financeiro,990,978,198378550050.26,197262399857.43,177825188701.39,10589551893.95,0.05368256647796805,0.05955034813280772,12,0,1187,251728263957.17,0.8239258635214828,0.8651823009677441,487,106436772922.74,97585158872.41,10589551893.95,0.09949147839757141,0.10851600813393723,0.045808911919603366,0.048965660001129514
2026-02,Comercial,227,225,66866804044.2,66859580473.6,51659419277.56,2581113237.6,0.038604987038756124,0.049964038963194325,2,0,268,103124131712.81,0.8395522388059702,0.723174307968366,99,22534092378.45,18960903697.51,2581113237.6,0.11454258703884575,0.1361281761026485,0.07593760000008962,0.08616413713945417
2026-02,Cartão de crédito,37,37,85606438436.27,85606438436.27,70571274492.85,764197059.55,0.008926864304942541,0.010828726915331892,0,0,38,93875557493.45,0.9736842105263158,0.9468873784775351,11,7667679752.76,6616244610.09,764197059.55,0.09966470747228656,0.11550314484814742,0.09073784316734403,0.10467441793281552
2026-02,Industrial,41,40,64892595098.03,64881968827.39,63334680218.75,374652645.7,0.005774372332885187,0.005915442288584974,1,0,55,63391493341.810005,0.7272727272727273,0.9842535150822572,25,2894768293.69,2577183781.26,374652645.7,0.12942405321927347,0.14537288664638037,0.12364968088638828,0.1394574443577954
2026-02,Serviços,111,111,32808030877.22,32808030877.22,26936725538.53,143531927.54,0.0043749022328450765,0.005328484612381467,0,0,125,32303069937.96,0.888,0.9772003003335443,33,5512182007.12,5282561103.44,143531927.54,0.026039039958151242,0.02717089773869953,0.021664137725306166,0.021842413126318065
2026-02,Setor público,118,118,27091410239.42,27091410239.42,23030832443.44,582555275.28,0.02150332043004314,0.025294581805093738,0,0,126,25823393477.12,0.9365079365079365,0.9703142370188795,25,2572625116.5099998,2496834049.54,582555275.28,0.22644390414344134,0.2333175788704604,0.2049405837133982,0.20802299706536664
2026-02,Ações judiciais,154,154,23669358866.75,23669358866.75,21487581370.6,452356333.39,0.01911147386528735,0.021051989313647393,0,0,161,22167783851.82,0.9565217391304348,0.9810297130141192,12,2296433272.0,2010707244.71,452356333.39,0.19698213699718595,0.22497374223925987,0.1778706631318986,0.2039217529256125
2026-02,Agronegócio,32,32,5836924552.05,5836924552.05,4242082500.54,110996323.51,0.019016234066451438,0.02616552683637591,0,0,37,6840908152.16,0.8648648648648649,0.9384846914825006,11,2508389552.05,2155890475.96,110996323.51,0.044250034217885904,0.05148514024608521,0.025233800151434466,0.025319613409709302
2026-02,Imobiliário,13,13,923839969.5899999,923839969.5899999,746827435.65,43351652.67,0.046925500191596456,0.058047750525218676,0,0,16,1029125603.52,0.8125,0.8325638597265244,6,627458617.26,586468261.92,43351652.67,0.0690908555201759,0.07391986145690795,0.02216535532857944,0.01587211093168927
2026-02,Factoring,1,1,92304207.75,92304207.75,78970312.14,11578553.44,0.12543906417960668,0.14661906640907446,0,0,1,123712597.71,1.0,1.0,1,92304207.75,78970312.14,11578553.44,0.12543906417960668,0.14661906640907446,0.0,0.0
2026-03,Financeiro,1017,1003,204949002511.53,203717701897.7,184524964751.29,11092310670.11,0.05444941979406471,0.06011279116113449,14,0,1187,251728263957.17,0.8449873631002527,0.8732633569710387,511,113168022287.34,103098100664.61,11092310670.11,0.09801629864968389,0.10758986439715863,0.04356687885561918,0.04747707323602414
2026-03,Comercial,240,238,69657545153.77,69647452365.96,54173469590.979996,2621540540.08,0.037640149797658215,0.048391593890388225,2,0,268,103124131712.81,0.8880597014925373,0.9322512558948205,98,21166950633.93,18189706077.61,2621540540.08,0.12385064742758682,0.14412220455320585,0.0862104976299286,0.09573061066281763
2026-03,Cartão de crédito,37,37,89578863222.07,89578863222.07,73111627655.85,775012582.34,0.008651734956925153,0.010600401156271996,0,0,38,93875557493.45,0.9736842105263158,0.9468873784775351,12,8955046162.96,7438763885.62,775012582.34,0.0865447891877564,0.10418566770726383,0.07789305423083125,0.09358526655099184
2026-03,Industrial,42,42,64755416594.78,64755416594.78,60282681574.82,400524575.23,0.006185190309813971,0.00664410681089042,0,0,55,63391493341.810005,0.7636363636363637,0.9848478656699118,22,2681662888.44,2476139268.72,400524575.23,0.1493567953513339,0.16175365428336538,0.14317160504151993,0.15510954747247496
2026-03,Serviços,115,115,32966681630.16,32966681630.16,27078953855.54,219639469.27,0.006662468237902961,0.008111076611073164,0,0,125,32303069937.96,0.92,0.9788014180625817,37,7485890013.12,6283459126.71,219639469.27,0.02934046170663116,0.03495518389486247,0.022677993468728203,0.026844107283789304
2026-03,Setor público,119,119,26917240055.46,26917240055.46,23085328934.49,660736048.6,0.024546946389697694,0.028621469959340517,0,0,126,25823393477.12,0.9444444444444444,0.9510394001903655,28,3125014732.24,3028600360.46,660736048.6,0.21143453878260174,0.21816547908606995,0.18688759239290403,0.18954400912672945
2026-03,Ações judiciais,156,156,21760456702.12,21760456702.12,19392475897.97,366877270.56,0.016859814827519554,0.018918536884627746,0,0,161,22167783851.82,0.968944099378882,0.9962368077721422,16,2385382291.69,2084598893.74,366877270.56,0.15380229485147814,0.17599417886180577,0.1369424800239586,0.15707564197717802
2026-03,Agronegócio,33,33,5993499670.3,5993499670.3,4366928325.05,523224134.86,0.08729860075787915,0.11981514142529674,0,0,37,6840908152.16,0.8918918918918919,0.946670612267348,13,2740037457.29,2338943643.48,523224134.86,0.1909551029924563,0.2237010439813421,0.10365650223457715,0.10388590255604536
2026-03,Imobiliário,13,13,919843389.23,919843389.23,740267201.87,46125966.5,0.050145456324485846,0.062309888082952354,0,0,16,1029125603.52,0.8125,0.8325638597265244,6,615046561.94,572974666.27,46125966.5,0.07499589357024931,0.08050262815330878,0.024850437245763468,0.01819274007035642
2026-03,Factoring,1,1,93693715.11,93693715.11,74822756.59,13027187.49,0.13904014239061377,0.17410729146727363,0,0,1,123712597.71,1.0,1.0,1,93693715.11,74822756.59,13027187.49,0.13904014239061377,0.17410729146727363,0.0,0.0
2026-04,Financeiro,1054,1040,223418789378.16,222861830953.63998,199273711151.52,11726707156.869999,0.05261873290141551,0.05884723624158064,14,0,1187,251728263957.17,0.8761583824768323,0.9430032883020193,542,115331827996.96,104861743708.68001,11726707156.869999,0.10167797875517155,0.11183017506792911,0.04905924585375604,0.05298293882634847
2026-04,Comercial,245,241,75963405340.03,75890774967.18001,57330500543.79,2567844968.25,0.03383606201623978,0.04479020667696136,4,0,268,103124131712.81,0.8992537313432836,0.9344034920508358,106,22189046057.98,18847861540.71,2567844968.25,0.11572579377861575,0.13624065322761647,0.08188973176237596,0.09145044655065511
2026-04,Cartão de crédito,37,37,92249923549.66,92249923549.66,74562748327.68001,847048850.73,0.009182108972415748,0.01136021498305675,0,0,38,93875557493.45,0.9736842105263158,0.9468873784775351,11,8302730601.33,6958358506.92,847048850.73,0.10202051486462932,0.12173113096826221,0.09283840589221357,0.11037091598520546
2026-04,Industrial,45,45,64632451152.54,64632451152.54,63347185129.82,386633575.48,0.005982034853784215,0.006103405773873865,0,0,55,63391493341.810005,0.8181818181818182,0.9860485775308799,26,2945343007.61,2683195013.3,386633575.48,0.1312694563862475,0.14409447452143564,0.1252874215324633,0.13799106874756178
2026-04,Serviços,117,117,33045630246.19,33045630246.19,27832165016.66,206602118.3,0.006252025358899615,0.007423142187333628,0,0,125,32303069937.96,0.936,0.9792636172559919,38,5894574644.4800005,5709700800.15,206602118.3,0.03504953805165118,0.036184403619638414,0.028797512692751565,0.028761261432304785
2026-04,Setor público,121,121,28169637518.62,28169637518.62,23757673510.96,666443979.37,0.023658237665624332,0.028051735750243095,0,0,126,25823393477.12,0.9603174603174603,0.9768071360051632,30,3428747469.81,3345703964.04,666443979.37,0.19436951401000385,0.19919394738237883,0.17071127634437952,0.17114221163213575
2026-04,Ações judiciais,156,156,22122790515.18,22122790515.18,19602905619.79,381025483.02,0.017223210731871805,0.0194371941797923,0,0,161,22167783851.82,0.968944099378882,0.9962368077721422,17,2429837277.79,2159379274.85,381025483.02,0.15681111097552694,0.17645139390645848,0.13958790024365514,0.15701419972666616
2026-04,Agronegócio,33,33,6019370478.14,6019370478.14,4274728996.97,266291192.9,0.04423904357890339,0.06229428651237347,0,0,37,6840908152.16,0.8918918918918919,0.946670612267348,12,2612933573.02,2120124015.23,266291192.9,0.10191272968038892,0.12560170583752933,0.05767368610148553,0.06330741932515586
2026-04,Imobiliário,13,13,906311100.53,906311100.53,713981467.38,48720788.04,0.05375724517939663,0.06823816900848141,0,0,16,1029125603.52,0.8125,0.8325638597265244,6,598323689.63,553762393.97,48720788.04,0.08142881334036542,0.08798139521666298,0.027671568160968787,0.019743226208181572
2026-04,Factoring,1,1,94973336.29,94973336.29,76016105.76,12901451.420000002,0.13584287889608895,0.16971997303746122,0,0,1,123712597.71,1.0,1.0,1,94973336.29,76016105.76,12901451.420000002,0.13584287889608895,0.16971997303746122,0.0,0.0
2026-05,Financeiro,1081,1065,229568774171.69,227909273377.33,203983579546.79,12888467477.54,0.05655086906534804,0.06318384796548601,16,0,1187,251728263957.17,0.8972198820556023,0.9489351658892499,568,122213943886.2,110023571133.23,12888467477.54,0.10545824042419537,0.11714278444873479,0.048907371358847325,0.05395893648324877
2026-05,Comercial,252,248,82755462788.8,82685142518.74,68119588212.02,2646708478.37,0.03200948075732157,0.0388538531696963,4,0,268,103124131712.81,0.9253731343283582,0.9790818813609266,109,22918279253.13,20056629738.14,2646708478.37,0.1154846072489728,0.13196177587787733,0.08347512649165123,0.09310792270818102
2026-05,Cartão de crédito,37,37,94534465142.24,94534465142.24,76029449072.95,871024020.0799999,0.00921382501894336,0.011456403152997405,0,0,38,93875557493.45,0.9736842105263158,0.9468873784775351,12,10807279755.45,9077492660.210001,871024020.0799999,0.08059604634929075,0.09595425220204468,0.0713822213303474,0.08449784904904727
2026-05,Industrial,47,46,64501067093.32,64483270317.43,60643481747.899994,562707120.25,0.008726404809805355,0.009278938214484788,1,0,55,63391493341.810005,0.8363636363636363,0.986773635175163,28,3050371892.04,2682052730.27,562707120.25,0.18447164482415876,0.20980464474065458,0.1757452400143534,0.2005257065261698
2026-05,Serviços,119,118,33123282858.079998,32751499258.65,28108220457.65,260430776.83,0.007951720767751346,0.009265288680312758,1,0,125,32303069937.96,0.944,0.9701712516163146,37,5649677189.79,5487019588.88,260430776.83,0.04609657650894569,0.04746306671800285,0.03814485574119435,0.03819777803769009
2026-05,Setor público,120,120,22837622969.66,22837622969.66,18707251313.67,696762261.4399999,0.030509403818674792,0.03724557123637148,0,0,126,25823393477.12,0.9523809523809523,0.9313262179065949,28,3198998102.06,3108645042.22,696762261.4399999,0.21780640038245686,0.22413696384660756,0.18729699656378207,0.18689139261023607
2026-05,Ações judiciais,157,157,22367685383.33,22367685383.33,19781571626.45,551109782.08,0.024638659415816284,0.027859757176376697,0,0,161,22167783851.82,0.9751552795031055,0.9964161531833288,17,2534770534.98,2240547248.47,551109782.08,0.21741998909749377,0.2459710601757387,0.1927813296816775,0.218111302999362
2026-05,Agronegócio,34,34,6049649122.35,6049649122.35,3899141643.0099998,353923829.47,0.05850319949341417,0.09076967750183687,0,0,37,6840908152.16,0.918918918918919,0.9487486428641355,13,3036795033.83,2118173610.1299999,353923829.47,0.11654518185365707,0.16708915066139382,0.058041982360242904,0.07631947315955695
2026-05,Imobiliário,13,13,899072386.27,899072386.27,698012746.4499999,51335411.940000005,0.057098196679108655,0.07354509240853421,0,0,16,1029125603.52,0.8125,0.8325638597265244,6,580328965.5699999,538074232.64,51335411.940000005,0.08845915848708033,0.09540581731284296,0.031360961807971675,0.02186072490430875
2026-05,Factoring,1,1,93060004.37,93060004.37,77208706.31,11961837.34,0.1285389724724338,0.15492860729944277,0,0,1,123712597.71,1.0,1.0,1,93060004.37,77208706.31,11961837.34,0.1285389724724338,0.15492860729944277,0.0,0.0
2026-06,Financeiro,1111,1100,237189146900.46,236871431066.0,212312532333.93,15413290048.75,0.06507027875580049,0.07259717492563099,11,0,1187,251728263957.17,0.9267059814658803,0.9693875230867951,595,132948502883.51,120122927709.46,15413290048.75,0.11593428819770303,0.1283126405812382,0.050864009441902544,0.05571546565560721
2026-06,Comercial,255,255,95682584333.64,95682584333.64,81183346907.73,2599163720.7599998,0.027164438950528932,0.032015971498614286,0,0,268,103124131712.81,0.9514925373134329,0.979674852286978,113,25548725385.58,22263909529.54,2599163720.7599998,0.10173359655065212,0.11674336518981092,0.07456915760012318,0.08472739369119664
2026-06,Cartão de crédito,37,37,95205881156.65,95205881156.65,74857317092.6,897937627.78,0.009431535288272265,0.011995322069440895,0,0,38,93875557493.45,0.9736842105263158,0.9468873784775351,12,10800328980.539999,9146935042.380001,897937627.78,0.08313984040651923,0.09816814305771648,0.07370830511824697,0.08617282098827558
2026-06,Industrial,49,48,65798131243.21,65783542297.450005,62159577309.36,661285502.73,0.010052445940656402,0.010638513505953708,1,0,55,63391493341.810005,0.8727272727272727,0.9994694025159079,30,3213198518.08,2769395705.87,661285502.73,0.2058028780385289,0.2387833206097424,0.1957504320978725,0.22814480710378868
2026-06,Serviços,121,121,33477431053.77,33477431053.77,28532351634.19,324021191.39,0.009678794972934786,0.011356273592315082,0,0,125,32303069937.96,0.968,0.9858898668220886,43,6001814997.1,5710181955.26,324021191.39,0.053987200796186297,0.05674445997145925,0.04430840582325151,0.04538818637914417
2026-06,Setor público,123,123,24609197687.07,24609197687.07,20442665916.45,734884491.96,0.02986218816658611,0.035948564388006074,0,0,126,25823393477.12,0.9761904761904762,0.9889975948431513,29,2783959974.55,2727166243.71,734884491.96,0.2639709258315709,0.269468168159882,0.23410873766498477,0.23351960377187592
2026-06,Ações judiciais,159,159,22417612396.59,22417612396.59,19740567681.96,541288703.43,0.024145689284570587,0.027420118415574183,0,0,161,22167783851.82,0.9875776397515528,0.9994057823633589,19,2532873621.7200003,2147093162.81,541288703.43,0.21370537352843788,0.2521030353063909,0.1895596842438673,0.2246829168908167
2026-06,Agronegócio,36,36,6466188261.36,6466188261.36,4396978734.81,423108781.64,0.0654340338601601,0.0962271612301266,0,0,37,6840908152.16,0.972972972972973,0.9778838245617684,12,2648014737.05,1866360752.6699998,423108781.64,0.15978339384597268,0.22670257131945373,0.09434935998581258,0.13047541008932712
2026-06,Imobiliário,14,14,901781182.3199999,901781182.3199999,687318287.17,51001427.56,0.056556322708785446,0.0742035073299096,0,0,16,1029125603.52,0.875,0.8565935172390919,6,568587507.61,523121765.28999996,51001427.56,0.08969846659906289,0.0974943711847406,0.03314214389027744,0.023290863854830993
2026-06,Factoring,1,1,103640698.41,103640698.41,82562643.94999999,11487687.9,0.11084147517565923,0.13913905066990048,0,0,1,123712597.71,1.0,1.0,1,103640698.41,82562643.94999999,11487687.9,0.11084147517565923,0.13913905066990048,0.0,0.0
2026-07,Financeiro,1149,1144,242257850926.5,241297717614.71,216501866692.15,13685757218.23,0.05671730903017745,0.06321311417462352,5,0,1187,251728263957.17,0.9637742207245156,0.9724878063077638,614,137217488567.94,123058577863.81,13685757218.23,0.09973770370716135,0.111213354288688,0.0430203946769839,0.04800024011406448
2026-07,Comercial,262,262,100580309533.04,100580309533.04,85280007096.77,2291949330.66,0.022787256683745927,0.026875576218693912,0,0,268,103124131712.81,0.9776119402985075,0.9992182438441808,115,25517015524.87,21791275192.63,2291949330.66,0.08982043093661035,0.10517738454494654,0.06703317425286442,0.07830180832625264
2026-07,Cartão de crédito,37,37,96795829831.56999,96795829831.56999,74896914225.18001,903652086.0600001,0.009335651005135281,0.012065277927781386,0,0,38,93875557493.45,0.9736842105263158,0.9468873784775351,13,12377002708.85,10187809565.12,903652086.0600001,0.07301057512202501,0.0886993499715418,0.06367492411688973,0.07663407204376041
2026-07,Industrial,52,51,66557512426.240005,66546800382.200005,64240577292.83,579914563.95,0.008714386876895077,0.009027231516095439,1,0,55,63391493341.810005,0.9272727272727272,0.9996969425906026,28,3909300995.89,3583137381.46,579914563.95,0.14834226491121733,0.16184547289495935,0.13962787803432225,0.1528182413788639
2026-07,Serviços,123,123,33738259717.57,33738259717.57,29162303752.41,305097229.15999997,0.009043063623139795,0.01046204139941401,0,0,125,32303069937.96,0.984,0.9922684960404796,42,6160976124.349999,5956347164.8,305097229.15999997,0.04952092379552738,0.05122220393113107,0.04047786017238759,0.04076016253171706
2026-07,Setor público,125,125,25189867626.91,25189867626.91,20795527743.27,685983996.53,0.027232536775904786,0.0329870924652058,0,0,126,25823393477.12,0.9920634920634921,0.9985172762067881,28,4477978969.54,3912389181.97,685983996.53,0.15319053555101167,0.17533633915851576,0.12595799877510688,0.14234924669330995
2026-07,Ações judiciais,159,159,22233870072.68,22233870072.68,19603522487.53,385919421.19,0.017357276080523686,0.019686228402853993,0,0,161,22167783851.82,0.9875776397515528,0.9934697304576021,16,1474155346.99,1417191175.17,385919421.19,0.2617901986910596,0.2723128875987439,0.2444329226105359,0.2526266591958899
2026-07,Agronegócio,37,37,6679023252.18,6679023252.18,4578726379.82,298188483.87,0.04464552264774235,0.06512476595767282,0,0,37,6840908152.16,1.0,1.0,13,2757909153.52,2020433850.74,298188483.87,0.1081212133073395,0.14758636307780434,0.06347569065959714,0.08246159712013153
2026-07,Imobiliário,15,15,999826177.95,999826177.95,694805941.33,53852032.67,0.05386139496808921,0.07750658056682165,0,0,16,1029125603.52,0.9375,0.9519123889341286,6,561269100.67,512828306.88,53852032.67,0.09594690426698277,0.10500986772284625,0.042085509298893556,0.027503287156024597
2026-07,Factoring,1,1,117980261.08,117980261.08,114275067.78,11262460.35,0.09546054778064236,0.09855570920931113,0,0,1,123712597.71,1.0,1.0,1,117980261.08,114275067.78,11262460.35,0.09546054778064236,0.09855570920931113,0.0,0.0
2026-08,Financeiro,1187,1187,251728263957.17,251728263957.17,226417824219.05,14727951199.11,0.058507340286650805,0.06504766685179922,0,0,1187,251728263957.17,1.0,1.0,620,141976309271.57,127102762158.22,14727951199.11,0.10373527298092114,0.11587435984102658,0.045227932694270334,0.05082669298922736
2026-08,Comercial,268,268,103124131712.81,103124131712.81,88621508423.38,2459221367.16,0.023847195863027252,0.027749712354379327,0,0,268,103124131712.81,1.0,1.0,117,24942696000.06,21775175849.82,2459221367.16,0.09859484985721206,0.11293692340860377,0.07474765399418482,0.08518721105422444
2026-08,Cartão de crédito,38,38,93875557493.45,93875557493.45,80463985020.69,988345440.0,0.01052825108462296,0.012283078444919961,0,0,38,93875557493.45,1.0,1.0,13,12752794133.83,10401579483.61,988345440.0,0.0775003053941069,0.09501878455645682,0.06697205430948394,0.08273570611153686
2026-08,Industrial,55,55,63391493341.810005,63391493341.810005,61393489734.689995,541829663.84,0.008547356045367605,0.008825523132525935,0,0,55,63391493341.810005,1.0,1.0,26,3793800855.57,3387723602.93,541829663.84,0.14281974317246884,0.159939158959538,0.13427238712710124,0.15111363582701207
2026-08,Serviços,125,125,32303069937.96,32303069937.96,27887190905.48,431966630.96,0.013372308941212647,0.015489786419295317,0,0,125,32303069937.96,1.0,1.0,43,6817754993.0199995,6432188318.03,431966630.96,0.0633590722169169,0.06715702488827306,0.049986763275704255,0.05166723846897774
2026-08,Setor público,126,126,25823393477.12,25823393477.12,21208560326.9,724640113.61,0.028061382182479017,0.03416734103780248,0,0,126,25823393477.12,1.0,1.0,29,3387500001.99,3192175326.85,724640113.61,0.21391590057101326,0.22700511075156582,0.18585451838853423,0.19283776971376335
2026-08,Ações judiciais,161,161,22167783851.82,22167783851.82,20291302354.95,384878845.78,0.01736208041149774,0.01896767585675002,0,0,161,22167783851.82,1.0,1.0,16,1483196184.55,1856031884.07,384878845.78,0.2594928774690529,0.2073665054374057,0.2421307970575552,0.18839882958065568
2026-08,Agronegócio,37,37,6840908152.16,6840908152.16,4733557525.11,291865756.06,0.04266476753789541,0.0616588590107432,0,0,37,6840908152.16,1.0,1.0,13,2655771117.45,1813975740.81,291865756.06,0.10989868597571077,0.1608983788998591,0.06723391843781537,0.09923951988911592
2026-08,Imobiliário,16,16,1029125603.52,1029125603.52,701755582.81,46493359.77,0.04517753674670524,0.0662529246776054,0,0,16,1029125603.52,1.0,1.0,7,624230030.82,510763058.05,46493359.77,0.07448113271469088,0.09102725625362013,0.029303595967985645,0.024774331576014733
2026-08,Factoring,1,1,123712597.71,123712597.71,120888195.65,16112318.86,0.13023992025266154,0.13328281370539258,0,0,1,123712597.71,1.0,1.0,1,123712597.71,120888195.65,16112318.86,0.13023992025266154,0.13328281370539258,0.0,0.0
