competencia,papel,tipo_anbima,foco_anbima,foco_order,participante_bucket,bucket_kind,stack_order,pl_brl,denominador_pl_subtipo_brl,denominador_publicacao_pl_positivo_brl,share_subtipo,pl_identificado_brl,cobertura_prestador_pl,fundos_subtipo,fundos_pl_negativo,pl_negativo_brl,pl_negativo_share_denominador,quality_note,publication_status,fechamento_100_pct
2026-08,administrador,Fomento Mercantil,Fomento Mercantil,1,BTG Pactual,Top 10 geral,1,1346060963.0800002,88100379680.7,88104063403.84001,0.015278080386713834,88104063403.84001,1.0,593,3,-3683723.1399999997,-4.181279528363925e-05,"3 fundo(s) com PL negativo, total de R$ -3,683,723.14; excluído(s) da normalização percentual sobre PL positivo",publicável_com_nota_pl_negativo,0.9999999999999998
2026-08,administrador,Fomento Mercantil,Fomento Mercantil,1,QI Tech,Top 10 geral,2,52295029175.22,88100379680.7,88104063403.84001,0.5935597877650297,88104063403.84001,1.0,593,3,-3683723.1399999997,-4.181279528363925e-05,"3 fundo(s) com PL negativo, total de R$ -3,683,723.14; excluído(s) da normalização percentual sobre PL positivo",publicável_com_nota_pl_negativo,0.9999999999999998
2026-08,administrador,Fomento Mercantil,Fomento Mercantil,1,Oliveira Trust,Top 10 geral,3,920291016.13,88100379680.7,88104063403.84001,0.010445500247947579,88104063403.84001,1.0,593,3,-3683723.1399999997,-4.181279528363925e-05,"3 fundo(s) com PL negativo, total de R$ -3,683,723.14; excluído(s) da normalização percentual sobre PL positivo",publicável_com_nota_pl_negativo,0.9999999999999998
2026-08,administrador,Fomento Mercantil,Fomento Mercantil,1,Daycoval,Top 10 geral,4,4344843777.4800005,88100379680.7,88104063403.84001,0.04931490795793002,88104063403.84001,1.0,593,3,-3683723.1399999997,-4.181279528363925e-05,"3 fundo(s) com PL negativo, total de R$ -3,683,723.14; excluído(s) da normalização percentual sobre PL positivo",publicável_com_nota_pl_negativo,0.9999999999999998
2026-08,administrador,Fomento Mercantil,Fomento Mercantil,1,Bradesco,Top 10 geral,5,648956353.28,88100379680.7,88104063403.84001,0.0073657936786115956,88104063403.84001,1.0,593,3,-3683723.1399999997,-4.181279528363925e-05,"3 fundo(s) com PL negativo, total de R$ -3,683,723.14; excluído(s) da normalização percentual sobre PL positivo",publicável_com_nota_pl_negativo,0.9999999999999998
2026-08,administrador,Fomento Mercantil,Fomento Mercantil,1,Genial,Top 10 geral,6,125951014.31,88100379680.7,88104063403.84001,0.0014295710032428588,88104063403.84001,1.0,593,3,-3683723.1399999997,-4.181279528363925e-05,"3 fundo(s) com PL negativo, total de R$ -3,683,723.14; excluído(s) da normalização percentual sobre PL positivo",publicável_com_nota_pl_negativo,0.9999999999999998
2026-08,administrador,Fomento Mercantil,Fomento Mercantil,1,Itaú,Top 10 geral,7,821912427.67,88100379680.7,88104063403.84001,0.009328882186768436,88104063403.84001,1.0,593,3,-3683723.1399999997,-4.181279528363925e-05,"3 fundo(s) com PL negativo, total de R$ -3,683,723.14; excluído(s) da normalização percentual sobre PL positivo",publicável_com_nota_pl_negativo,0.9999999999999998
2026-08,administrador,Fomento Mercantil,Fomento Mercantil,1,Finaxis,Top 10 geral,8,2614413565.8999996,88100379680.7,88104063403.84001,0.029674154231869976,88104063403.84001,1.0,593,3,-3683723.1399999997,-4.181279528363925e-05,"3 fundo(s) com PL negativo, total de R$ -3,683,723.14; excluído(s) da normalização percentual sobre PL positivo",publicável_com_nota_pl_negativo,0.9999999999999998
2026-08,administrador,Fomento Mercantil,Fomento Mercantil,1,Apex Group,Top 10 geral,9,827346559.8100001,88100379680.7,88104063403.84001,0.009390560751071331,88104063403.84001,1.0,593,3,-3683723.1399999997,-4.181279528363925e-05,"3 fundo(s) com PL negativo, total de R$ -3,683,723.14; excluído(s) da normalização percentual sobre PL positivo",publicável_com_nota_pl_negativo,0.9999999999999998
2026-08,administrador,Fomento Mercantil,Fomento Mercantil,1,Hemera,Top 10 geral,10,3656577329.14,88100379680.7,88104063403.84001,0.04150293627638323,88104063403.84001,1.0,593,3,-3683723.1399999997,-4.181279528363925e-05,"3 fundo(s) com PL negativo, total de R$ -3,683,723.14; excluído(s) da normalização percentual sobre PL positivo",publicável_com_nota_pl_negativo,0.9999999999999998
2026-08,administrador,Fomento Mercantil,Fomento Mercantil,1,Outros identificados,residual identificado,11,20502681221.82,88100379680.7,88104063403.84001,0.23270982551443128,88104063403.84001,1.0,593,3,-3683723.1399999997,-4.181279528363925e-05,"3 fundo(s) com PL negativo, total de R$ -3,683,723.14; excluído(s) da normalização percentual sobre PL positivo",publicável_com_nota_pl_negativo,0.9999999999999998
2026-08,administrador,Fomento Mercantil,Fomento Mercantil,1,Prestador não informado,campo ausente,12,0.0,88100379680.7,88104063403.84001,0.0,88104063403.84001,1.0,593,3,-3683723.1399999997,-4.181279528363925e-05,"3 fundo(s) com PL negativo, total de R$ -3,683,723.14; excluído(s) da normalização percentual sobre PL positivo",publicável_com_nota_pl_negativo,0.9999999999999998
2026-08,administrador,Financeiro,Crédito Imobiliário,2,BTG Pactual,Top 10 geral,1,0.0,13109525340.1,13110474735.16,0.0,13110474735.16,1.0,124,1,-949395.06,-7.242024675721462e-05,"1 fundo(s) com PL negativo, total de R$ -949,395.06; excluído(s) da normalização percentual sobre PL positivo",publicável_com_nota_pl_negativo,1.0
2026-08,administrador,Financeiro,Crédito Imobiliário,2,QI Tech,Top 10 geral,2,5836600243.87,13109525340.1,13110474735.16,0.4451860334406701,13110474735.16,1.0,124,1,-949395.06,-7.242024675721462e-05,"1 fundo(s) com PL negativo, total de R$ -949,395.06; excluído(s) da normalização percentual sobre PL positivo",publicável_com_nota_pl_negativo,1.0
2026-08,administrador,Financeiro,Crédito Imobiliário,2,Oliveira Trust,Top 10 geral,3,1289472511.73,13109525340.1,13110474735.16,0.09835437219308774,13110474735.16,1.0,124,1,-949395.06,-7.242024675721462e-05,"1 fundo(s) com PL negativo, total de R$ -949,395.06; excluído(s) da normalização percentual sobre PL positivo",publicável_com_nota_pl_negativo,1.0
2026-08,administrador,Financeiro,Crédito Imobiliário,2,Daycoval,Top 10 geral,4,469228134.23,13109525340.1,13110474735.16,0.03579032366933382,13110474735.16,1.0,124,1,-949395.06,-7.242024675721462e-05,"1 fundo(s) com PL negativo, total de R$ -949,395.06; excluído(s) da normalização percentual sobre PL positivo",publicável_com_nota_pl_negativo,1.0
2026-08,administrador,Financeiro,Crédito Imobiliário,2,Bradesco,Top 10 geral,5,0.0,13109525340.1,13110474735.16,0.0,13110474735.16,1.0,124,1,-949395.06,-7.242024675721462e-05,"1 fundo(s) com PL negativo, total de R$ -949,395.06; excluído(s) da normalização percentual sobre PL positivo",publicável_com_nota_pl_negativo,1.0
2026-08,administrador,Financeiro,Crédito Imobiliário,2,Genial,Top 10 geral,6,489020546.02000004,13109525340.1,13110474735.16,0.03729998767386603,13110474735.16,1.0,124,1,-949395.06,-7.242024675721462e-05,"1 fundo(s) com PL negativo, total de R$ -949,395.06; excluído(s) da normalização percentual sobre PL positivo",publicável_com_nota_pl_negativo,1.0
2026-08,administrador,Financeiro,Crédito Imobiliário,2,Itaú,Top 10 geral,7,994067390.66,13109525340.1,13110474735.16,0.07582237948974381,13110474735.16,1.0,124,1,-949395.06,-7.242024675721462e-05,"1 fundo(s) com PL negativo, total de R$ -949,395.06; excluído(s) da normalização percentual sobre PL positivo",publicável_com_nota_pl_negativo,1.0
2026-08,administrador,Financeiro,Crédito Imobiliário,2,Finaxis,Top 10 geral,8,398052189.43,13109525340.1,13110474735.16,0.030361386408265877,13110474735.16,1.0,124,1,-949395.06,-7.242024675721462e-05,"1 fundo(s) com PL negativo, total de R$ -949,395.06; excluído(s) da normalização percentual sobre PL positivo",publicável_com_nota_pl_negativo,1.0
2026-08,administrador,Financeiro,Crédito Imobiliário,2,Apex Group,Top 10 geral,9,839492076.71,13109525340.1,13110474735.16,0.06403216463692418,13110474735.16,1.0,124,1,-949395.06,-7.242024675721462e-05,"1 fundo(s) com PL negativo, total de R$ -949,395.06; excluído(s) da normalização percentual sobre PL positivo",publicável_com_nota_pl_negativo,1.0
2026-08,administrador,Financeiro,Crédito Imobiliário,2,Hemera,Top 10 geral,10,39400695.58,13109525340.1,13110474735.16,0.003005283666375118,13110474735.16,1.0,124,1,-949395.06,-7.242024675721462e-05,"1 fundo(s) com PL negativo, total de R$ -949,395.06; excluído(s) da normalização percentual sobre PL positivo",publicável_com_nota_pl_negativo,1.0
2026-08,administrador,Financeiro,Crédito Imobiliário,2,Outros identificados,residual identificado,11,2755140946.9300003,13109525340.1,13110474735.16,0.21014806882173337,13110474735.16,1.0,124,1,-949395.06,-7.242024675721462e-05,"1 fundo(s) com PL negativo, total de R$ -949,395.06; excluído(s) da normalização percentual sobre PL positivo",publicável_com_nota_pl_negativo,1.0
2026-08,administrador,Financeiro,Crédito Imobiliário,2,Prestador não informado,campo ausente,12,0.0,13109525340.1,13110474735.16,0.0,13110474735.16,1.0,124,1,-949395.06,-7.242024675721462e-05,"1 fundo(s) com PL negativo, total de R$ -949,395.06; excluído(s) da normalização percentual sobre PL positivo",publicável_com_nota_pl_negativo,1.0
2026-08,administrador,Financeiro,Crédito Consignado,3,BTG Pactual,Top 10 geral,1,34561866989.71001,71887168522.12999,71888202191.12,0.4807724485559505,71888202191.12,1.0,160,2,-1033668.99,-1.437904721037652e-05,"2 fundo(s) com PL negativo, total de R$ -1,033,668.99; excluído(s) da normalização percentual sobre PL positivo",publicável_com_nota_pl_negativo,1.0000000000000002
2026-08,administrador,Financeiro,Crédito Consignado,3,QI Tech,Top 10 geral,2,5722901407.700001,71887168522.12999,71888202191.12,0.0796083534330884,71888202191.12,1.0,160,2,-1033668.99,-1.437904721037652e-05,"2 fundo(s) com PL negativo, total de R$ -1,033,668.99; excluído(s) da normalização percentual sobre PL positivo",publicável_com_nota_pl_negativo,1.0000000000000002
2026-08,administrador,Financeiro,Crédito Consignado,3,Oliveira Trust,Top 10 geral,3,15201287236.890001,71887168522.12999,71888202191.12,0.21145732920787583,71888202191.12,1.0,160,2,-1033668.99,-1.437904721037652e-05,"2 fundo(s) com PL negativo, total de R$ -1,033,668.99; excluído(s) da normalização percentual sobre PL positivo",publicável_com_nota_pl_negativo,1.0000000000000002
2026-08,administrador,Financeiro,Crédito Consignado,3,Daycoval,Top 10 geral,4,3166907007.28,71887168522.12999,71888202191.12,0.044053223070741825,71888202191.12,1.0,160,2,-1033668.99,-1.437904721037652e-05,"2 fundo(s) com PL negativo, total de R$ -1,033,668.99; excluído(s) da normalização percentual sobre PL positivo",publicável_com_nota_pl_negativo,1.0000000000000002
2026-08,administrador,Financeiro,Crédito Consignado,3,Bradesco,Top 10 geral,5,2455991.25,71887168522.12999,71888202191.12,3.416403770218887e-05,71888202191.12,1.0,160,2,-1033668.99,-1.437904721037652e-05,"2 fundo(s) com PL negativo, total de R$ -1,033,668.99; excluído(s) da normalização percentual sobre PL positivo",publicável_com_nota_pl_negativo,1.0000000000000002
2026-08,administrador,Financeiro,Crédito Consignado,3,Genial,Top 10 geral,6,523089944.01000005,71887168522.12999,71888202191.12,0.007276436578832888,71888202191.12,1.0,160,2,-1033668.99,-1.437904721037652e-05,"2 fundo(s) com PL negativo, total de R$ -1,033,668.99; excluído(s) da normalização percentual sobre PL positivo",publicável_com_nota_pl_negativo,1.0000000000000002
2026-08,administrador,Financeiro,Crédito Consignado,3,Itaú,Top 10 geral,7,0.0,71887168522.12999,71888202191.12,0.0,71888202191.12,1.0,160,2,-1033668.99,-1.437904721037652e-05,"2 fundo(s) com PL negativo, total de R$ -1,033,668.99; excluído(s) da normalização percentual sobre PL positivo",publicável_com_nota_pl_negativo,1.0000000000000002
2026-08,administrador,Financeiro,Crédito Consignado,3,Finaxis,Top 10 geral,8,0.0,71887168522.12999,71888202191.12,0.0,71888202191.12,1.0,160,2,-1033668.99,-1.437904721037652e-05,"2 fundo(s) com PL negativo, total de R$ -1,033,668.99; excluído(s) da normalização percentual sobre PL positivo",publicável_com_nota_pl_negativo,1.0000000000000002
2026-08,administrador,Financeiro,Crédito Consignado,3,Apex Group,Top 10 geral,9,547841250.9699999,71887168522.12999,71888202191.12,0.007620739346263302,71888202191.12,1.0,160,2,-1033668.99,-1.437904721037652e-05,"2 fundo(s) com PL negativo, total de R$ -1,033,668.99; excluído(s) da normalização percentual sobre PL positivo",publicável_com_nota_pl_negativo,1.0000000000000002
2026-08,administrador,Financeiro,Crédito Consignado,3,Hemera,Top 10 geral,10,2751571588.9500003,71887168522.12999,71888202191.12,0.03827570456741633,71888202191.12,1.0,160,2,-1033668.99,-1.437904721037652e-05,"2 fundo(s) com PL negativo, total de R$ -1,033,668.99; excluído(s) da normalização percentual sobre PL positivo",publicável_com_nota_pl_negativo,1.0000000000000002
2026-08,administrador,Financeiro,Crédito Consignado,3,Outros identificados,residual identificado,11,9410280774.36,71887168522.12999,71888202191.12,0.13090160120212893,71888202191.12,1.0,160,2,-1033668.99,-1.437904721037652e-05,"2 fundo(s) com PL negativo, total de R$ -1,033,668.99; excluído(s) da normalização percentual sobre PL positivo",publicável_com_nota_pl_negativo,1.0000000000000002
2026-08,administrador,Financeiro,Crédito Consignado,3,Prestador não informado,campo ausente,12,0.0,71887168522.12999,71888202191.12,0.0,71888202191.12,1.0,160,2,-1033668.99,-1.437904721037652e-05,"2 fundo(s) com PL negativo, total de R$ -1,033,668.99; excluído(s) da normalização percentual sobre PL positivo",publicável_com_nota_pl_negativo,1.0000000000000002
2026-08,administrador,Financeiro,Crédito Pessoal,4,BTG Pactual,Top 10 geral,1,615709485.0500001,34484318885.21,34484780311.78999,0.01785452827256363,34484780311.78999,1.0,139,1,-461426.58,-1.3380765371529537e-05,"1 fundo(s) com PL negativo, total de R$ -461,426.58; excluído(s) da normalização percentual sobre PL positivo",publicável_com_nota_pl_negativo,1.0000000000000002
2026-08,administrador,Financeiro,Crédito Pessoal,4,QI Tech,Top 10 geral,2,3739886261.9500003,34484318885.21,34484780311.78999,0.10845034325683008,34484780311.78999,1.0,139,1,-461426.58,-1.3380765371529537e-05,"1 fundo(s) com PL negativo, total de R$ -461,426.58; excluído(s) da normalização percentual sobre PL positivo",publicável_com_nota_pl_negativo,1.0000000000000002
2026-08,administrador,Financeiro,Crédito Pessoal,4,Oliveira Trust,Top 10 geral,3,9787168408.320002,34484318885.21,34484780311.78999,0.28381124425994586,34484780311.78999,1.0,139,1,-461426.58,-1.3380765371529537e-05,"1 fundo(s) com PL negativo, total de R$ -461,426.58; excluído(s) da normalização percentual sobre PL positivo",publicável_com_nota_pl_negativo,1.0000000000000002
2026-08,administrador,Financeiro,Crédito Pessoal,4,Daycoval,Top 10 geral,4,5071147670.369999,34484318885.21,34484780311.78999,0.14705466076686083,34484780311.78999,1.0,139,1,-461426.58,-1.3380765371529537e-05,"1 fundo(s) com PL negativo, total de R$ -461,426.58; excluído(s) da normalização percentual sobre PL positivo",publicável_com_nota_pl_negativo,1.0000000000000002
2026-08,administrador,Financeiro,Crédito Pessoal,4,Bradesco,Top 10 geral,5,0.0,34484318885.21,34484780311.78999,0.0,34484780311.78999,1.0,139,1,-461426.58,-1.3380765371529537e-05,"1 fundo(s) com PL negativo, total de R$ -461,426.58; excluído(s) da normalização percentual sobre PL positivo",publicável_com_nota_pl_negativo,1.0000000000000002
2026-08,administrador,Financeiro,Crédito Pessoal,4,Genial,Top 10 geral,6,10468631545.26,34484318885.21,34484780311.78999,0.30357251664673884,34484780311.78999,1.0,139,1,-461426.58,-1.3380765371529537e-05,"1 fundo(s) com PL negativo, total de R$ -461,426.58; excluído(s) da normalização percentual sobre PL positivo",publicável_com_nota_pl_negativo,1.0000000000000002
2026-08,administrador,Financeiro,Crédito Pessoal,4,Itaú,Top 10 geral,7,0.0,34484318885.21,34484780311.78999,0.0,34484780311.78999,1.0,139,1,-461426.58,-1.3380765371529537e-05,"1 fundo(s) com PL negativo, total de R$ -461,426.58; excluído(s) da normalização percentual sobre PL positivo",publicável_com_nota_pl_negativo,1.0000000000000002
2026-08,administrador,Financeiro,Crédito Pessoal,4,Finaxis,Top 10 geral,8,204509090.04,34484318885.21,34484780311.78999,0.005930415916556685,34484780311.78999,1.0,139,1,-461426.58,-1.3380765371529537e-05,"1 fundo(s) com PL negativo, total de R$ -461,426.58; excluído(s) da normalização percentual sobre PL positivo",publicável_com_nota_pl_negativo,1.0000000000000002
2026-08,administrador,Financeiro,Crédito Pessoal,4,Apex Group,Top 10 geral,9,44632476.74,34484318885.21,34484780311.78999,0.0012942659438877333,34484780311.78999,1.0,139,1,-461426.58,-1.3380765371529537e-05,"1 fundo(s) com PL negativo, total de R$ -461,426.58; excluído(s) da normalização percentual sobre PL positivo",publicável_com_nota_pl_negativo,1.0000000000000002
2026-08,administrador,Financeiro,Crédito Pessoal,4,Hemera,Top 10 geral,10,456001392.26,34484318885.21,34484780311.78999,0.013223265108175787,34484780311.78999,1.0,139,1,-461426.58,-1.3380765371529537e-05,"1 fundo(s) com PL negativo, total de R$ -461,426.58; excluído(s) da normalização percentual sobre PL positivo",publicável_com_nota_pl_negativo,1.0000000000000002
2026-08,administrador,Financeiro,Crédito Pessoal,4,Outros identificados,residual identificado,11,4097093981.799999,34484318885.21,34484780311.78999,0.11880875982844075,34484780311.78999,1.0,139,1,-461426.58,-1.3380765371529537e-05,"1 fundo(s) com PL negativo, total de R$ -461,426.58; excluído(s) da normalização percentual sobre PL positivo",publicável_com_nota_pl_negativo,1.0000000000000002
2026-08,administrador,Financeiro,Crédito Pessoal,4,Prestador não informado,campo ausente,12,0.0,34484318885.21,34484780311.78999,0.0,34484780311.78999,1.0,139,1,-461426.58,-1.3380765371529537e-05,"1 fundo(s) com PL negativo, total de R$ -461,426.58; excluído(s) da normalização percentual sobre PL positivo",publicável_com_nota_pl_negativo,1.0000000000000002
2026-08,administrador,Financeiro,Financiamento de Veículos,5,BTG Pactual,Top 10 geral,1,614511776.36,18064254108.600002,18064254108.600002,0.0340181096139167,18064254108.600002,1.0,31,0,0.0,0.0,,publicável,0.9999999999999998
2026-08,administrador,Financeiro,Financiamento de Veículos,5,QI Tech,Top 10 geral,2,747401006.4000001,18064254108.600002,18064254108.600002,0.041374584408895056,18064254108.600002,1.0,31,0,0.0,0.0,,publicável,0.9999999999999998
2026-08,administrador,Financeiro,Financiamento de Veículos,5,Oliveira Trust,Top 10 geral,3,559837276.99,18064254108.600002,18064254108.600002,0.030991441640730328,18064254108.600002,1.0,31,0,0.0,0.0,,publicável,0.9999999999999998
2026-08,administrador,Financeiro,Financiamento de Veículos,5,Daycoval,Top 10 geral,4,6471758899.389999,18064254108.600002,18064254108.600002,0.3582632784327881,18064254108.600002,1.0,31,0,0.0,0.0,,publicável,0.9999999999999998
2026-08,administrador,Financeiro,Financiamento de Veículos,5,Bradesco,Top 10 geral,5,6109714035.24,18064254108.600002,18064254108.600002,0.3382212184632244,18064254108.600002,1.0,31,0,0.0,0.0,,publicável,0.9999999999999998
2026-08,administrador,Financeiro,Financiamento de Veículos,5,Genial,Top 10 geral,6,0.0,18064254108.600002,18064254108.600002,0.0,18064254108.600002,1.0,31,0,0.0,0.0,,publicável,0.9999999999999998
2026-08,administrador,Financeiro,Financiamento de Veículos,5,Itaú,Top 10 geral,7,0.0,18064254108.600002,18064254108.600002,0.0,18064254108.600002,1.0,31,0,0.0,0.0,,publicável,0.9999999999999998
2026-08,administrador,Financeiro,Financiamento de Veículos,5,Finaxis,Top 10 geral,8,0.0,18064254108.600002,18064254108.600002,0.0,18064254108.600002,1.0,31,0,0.0,0.0,,publicável,0.9999999999999998
2026-08,administrador,Financeiro,Financiamento de Veículos,5,Apex Group,Top 10 geral,9,2247963612.49,18064254108.600002,18064254108.600002,0.12444264783785303,18064254108.600002,1.0,31,0,0.0,0.0,,publicável,0.9999999999999998
2026-08,administrador,Financeiro,Financiamento de Veículos,5,Hemera,Top 10 geral,10,0.0,18064254108.600002,18064254108.600002,0.0,18064254108.600002,1.0,31,0,0.0,0.0,,publicável,0.9999999999999998
2026-08,administrador,Financeiro,Financiamento de Veículos,5,Outros identificados,residual identificado,11,1313067501.7300003,18064254108.600002,18064254108.600002,0.07268871960259224,18064254108.600002,1.0,31,0,0.0,0.0,,publicável,0.9999999999999998
2026-08,administrador,Financeiro,Financiamento de Veículos,5,Prestador não informado,campo ausente,12,0.0,18064254108.600002,18064254108.600002,0.0,18064254108.600002,1.0,31,0,0.0,0.0,,publicável,0.9999999999999998
2026-08,administrador,Financeiro,Multicarteira Financeiro,6,BTG Pactual,Top 10 geral,1,7632922843.21,96342221183.62999,96413729421.31,0.07916842226749214,96413729421.31,1.0,645,6,-71508237.67999999,-0.0007422315657815696,"6 fundo(s) com PL negativo, total de R$ -71,508,237.68; excluído(s) da normalização percentual sobre PL positivo",publicável_com_nota_pl_negativo,1.0
2026-08,administrador,Financeiro,Multicarteira Financeiro,6,QI Tech,Top 10 geral,2,16347880413.739998,96342221183.62999,96413729421.31,0.16955967279621362,96413729421.31,1.0,645,6,-71508237.67999999,-0.0007422315657815696,"6 fundo(s) com PL negativo, total de R$ -71,508,237.68; excluído(s) da normalização percentual sobre PL positivo",publicável_com_nota_pl_negativo,1.0
2026-08,administrador,Financeiro,Multicarteira Financeiro,6,Oliveira Trust,Top 10 geral,3,7736949367.579999,96342221183.62999,96413729421.31,0.08024738192390603,96413729421.31,1.0,645,6,-71508237.67999999,-0.0007422315657815696,"6 fundo(s) com PL negativo, total de R$ -71,508,237.68; excluído(s) da normalização percentual sobre PL positivo",publicável_com_nota_pl_negativo,1.0
2026-08,administrador,Financeiro,Multicarteira Financeiro,6,Daycoval,Top 10 geral,4,15196884990.47,96342221183.62999,96413729421.31,0.15762158648653088,96413729421.31,1.0,645,6,-71508237.67999999,-0.0007422315657815696,"6 fundo(s) com PL negativo, total de R$ -71,508,237.68; excluído(s) da normalização percentual sobre PL positivo",publicável_com_nota_pl_negativo,1.0
2026-08,administrador,Financeiro,Multicarteira Financeiro,6,Bradesco,Top 10 geral,5,175707151.60999998,96342221183.62999,96413729421.31,0.0018224287418879166,96413729421.31,1.0,645,6,-71508237.67999999,-0.0007422315657815696,"6 fundo(s) com PL negativo, total de R$ -71,508,237.68; excluído(s) da normalização percentual sobre PL positivo",publicável_com_nota_pl_negativo,1.0
2026-08,administrador,Financeiro,Multicarteira Financeiro,6,Genial,Top 10 geral,6,4315307245.3,96342221183.62999,96413729421.31,0.04475822345221097,96413729421.31,1.0,645,6,-71508237.67999999,-0.0007422315657815696,"6 fundo(s) com PL negativo, total de R$ -71,508,237.68; excluído(s) da normalização percentual sobre PL positivo",publicável_com_nota_pl_negativo,1.0
2026-08,administrador,Financeiro,Multicarteira Financeiro,6,Itaú,Top 10 geral,7,4584487367.37,96342221183.62999,96413729421.31,0.04755015073980435,96413729421.31,1.0,645,6,-71508237.67999999,-0.0007422315657815696,"6 fundo(s) com PL negativo, total de R$ -71,508,237.68; excluído(s) da normalização percentual sobre PL positivo",publicável_com_nota_pl_negativo,1.0
2026-08,administrador,Financeiro,Multicarteira Financeiro,6,Finaxis,Top 10 geral,8,4865631655.32,96342221183.62999,96413729421.31,0.05046616995861759,96413729421.31,1.0,645,6,-71508237.67999999,-0.0007422315657815696,"6 fundo(s) com PL negativo, total de R$ -71,508,237.68; excluído(s) da normalização percentual sobre PL positivo",publicável_com_nota_pl_negativo,1.0
2026-08,administrador,Financeiro,Multicarteira Financeiro,6,Apex Group,Top 10 geral,9,4952273960.73,96342221183.62999,96413729421.31,0.0513648210732466,96413729421.31,1.0,645,6,-71508237.67999999,-0.0007422315657815696,"6 fundo(s) com PL negativo, total de R$ -71,508,237.68; excluído(s) da normalização percentual sobre PL positivo",publicável_com_nota_pl_negativo,1.0
2026-08,administrador,Financeiro,Multicarteira Financeiro,6,Hemera,Top 10 geral,10,1714818164.9099998,96342221183.62999,96413729421.31,0.017786037063420343,96413729421.31,1.0,645,6,-71508237.67999999,-0.0007422315657815696,"6 fundo(s) com PL negativo, total de R$ -71,508,237.68; excluído(s) da normalização percentual sobre PL positivo",publicável_com_nota_pl_negativo,1.0
2026-08,administrador,Financeiro,Multicarteira Financeiro,6,Outros identificados,residual identificado,11,28890866261.07,96342221183.62999,96413729421.31,0.29965510549666957,96413729421.31,1.0,645,6,-71508237.67999999,-0.0007422315657815696,"6 fundo(s) com PL negativo, total de R$ -71,508,237.68; excluído(s) da normalização percentual sobre PL positivo",publicável_com_nota_pl_negativo,1.0
2026-08,administrador,Financeiro,Multicarteira Financeiro,6,Prestador não informado,campo ausente,12,0.0,96342221183.62999,96413729421.31,0.0,96413729421.31,1.0,645,6,-71508237.67999999,-0.0007422315657815696,"6 fundo(s) com PL negativo, total de R$ -71,508,237.68; excluído(s) da normalização percentual sobre PL positivo",publicável_com_nota_pl_negativo,1.0
2026-08,administrador,"Agro, Indústria e Comércio",Infraestrutura,7,BTG Pactual,Top 10 geral,1,89187486.62,18432361468.170002,18432819828.65,0.004838515617744852,18432819828.65,1.0,33,1,-458360.48,-2.4867159901975752e-05,"1 fundo(s) com PL negativo, total de R$ -458,360.48; excluído(s) da normalização percentual sobre PL positivo",publicável_com_nota_pl_negativo,1.0
2026-08,administrador,"Agro, Indústria e Comércio",Infraestrutura,7,QI Tech,Top 10 geral,2,140781832.48,18432361468.170002,18432819828.65,0.007637563530089074,18432819828.65,1.0,33,1,-458360.48,-2.4867159901975752e-05,"1 fundo(s) com PL negativo, total de R$ -458,360.48; excluído(s) da normalização percentual sobre PL positivo",publicável_com_nota_pl_negativo,1.0
2026-08,administrador,"Agro, Indústria e Comércio",Infraestrutura,7,Oliveira Trust,Top 10 geral,3,1981580666.51,18432361468.170002,18432819828.65,0.10750285007560499,18432819828.65,1.0,33,1,-458360.48,-2.4867159901975752e-05,"1 fundo(s) com PL negativo, total de R$ -458,360.48; excluído(s) da normalização percentual sobre PL positivo",publicável_com_nota_pl_negativo,1.0
2026-08,administrador,"Agro, Indústria e Comércio",Infraestrutura,7,Daycoval,Top 10 geral,4,473175448.21,18432361468.170002,18432819828.65,0.025670269259321178,18432819828.65,1.0,33,1,-458360.48,-2.4867159901975752e-05,"1 fundo(s) com PL negativo, total de R$ -458,360.48; excluído(s) da normalização percentual sobre PL positivo",publicável_com_nota_pl_negativo,1.0
2026-08,administrador,"Agro, Indústria e Comércio",Infraestrutura,7,Bradesco,Top 10 geral,5,0.0,18432361468.170002,18432819828.65,0.0,18432819828.65,1.0,33,1,-458360.48,-2.4867159901975752e-05,"1 fundo(s) com PL negativo, total de R$ -458,360.48; excluído(s) da normalização percentual sobre PL positivo",publicável_com_nota_pl_negativo,1.0
2026-08,administrador,"Agro, Indústria e Comércio",Infraestrutura,7,Genial,Top 10 geral,6,674315449.54,18432361468.170002,18432819828.65,0.03658232738172356,18432819828.65,1.0,33,1,-458360.48,-2.4867159901975752e-05,"1 fundo(s) com PL negativo, total de R$ -458,360.48; excluído(s) da normalização percentual sobre PL positivo",publicável_com_nota_pl_negativo,1.0
2026-08,administrador,"Agro, Indústria e Comércio",Infraestrutura,7,Itaú,Top 10 geral,7,2098814451.9700003,18432361468.170002,18432819828.65,0.1138629071124445,18432819828.65,1.0,33,1,-458360.48,-2.4867159901975752e-05,"1 fundo(s) com PL negativo, total de R$ -458,360.48; excluído(s) da normalização percentual sobre PL positivo",publicável_com_nota_pl_negativo,1.0
2026-08,administrador,"Agro, Indústria e Comércio",Infraestrutura,7,Finaxis,Top 10 geral,8,0.0,18432361468.170002,18432819828.65,0.0,18432819828.65,1.0,33,1,-458360.48,-2.4867159901975752e-05,"1 fundo(s) com PL negativo, total de R$ -458,360.48; excluído(s) da normalização percentual sobre PL positivo",publicável_com_nota_pl_negativo,1.0
2026-08,administrador,"Agro, Indústria e Comércio",Infraestrutura,7,Apex Group,Top 10 geral,9,692321360.84,18432361468.170002,18432819828.65,0.03755916714185693,18432819828.65,1.0,33,1,-458360.48,-2.4867159901975752e-05,"1 fundo(s) com PL negativo, total de R$ -458,360.48; excluído(s) da normalização percentual sobre PL positivo",publicável_com_nota_pl_negativo,1.0
2026-08,administrador,"Agro, Indústria e Comércio",Infraestrutura,7,Hemera,Top 10 geral,10,30871076.39,18432361468.170002,18432819828.65,0.0016747885932252918,18432819828.65,1.0,33,1,-458360.48,-2.4867159901975752e-05,"1 fundo(s) com PL negativo, total de R$ -458,360.48; excluído(s) da normalização percentual sobre PL positivo",publicável_com_nota_pl_negativo,1.0
2026-08,administrador,"Agro, Indústria e Comércio",Infraestrutura,7,Outros identificados,residual identificado,11,12251772056.09,18432361468.170002,18432819828.65,0.6646716112879896,18432819828.65,1.0,33,1,-458360.48,-2.4867159901975752e-05,"1 fundo(s) com PL negativo, total de R$ -458,360.48; excluído(s) da normalização percentual sobre PL positivo",publicável_com_nota_pl_negativo,1.0
2026-08,administrador,"Agro, Indústria e Comércio",Infraestrutura,7,Prestador não informado,campo ausente,12,0.0,18432361468.170002,18432819828.65,0.0,18432819828.65,1.0,33,1,-458360.48,-2.4867159901975752e-05,"1 fundo(s) com PL negativo, total de R$ -458,360.48; excluído(s) da normalização percentual sobre PL positivo",publicável_com_nota_pl_negativo,1.0
2026-08,administrador,"Agro, Indústria e Comércio",Recebíveis Comerciais,8,BTG Pactual,Top 10 geral,1,4614999237.37,73442659201.51,73443624979.22,0.06283730192614756,73443624979.22,1.0,479,4,-965777.71,-1.3150091792702182e-05,"4 fundo(s) com PL negativo, total de R$ -965,777.71; excluído(s) da normalização percentual sobre PL positivo",publicável_com_nota_pl_negativo,1.0
2026-08,administrador,"Agro, Indústria e Comércio",Recebíveis Comerciais,8,QI Tech,Top 10 geral,2,6595551532.49,73442659201.51,73443624979.22,0.08980427551548732,73443624979.22,1.0,479,4,-965777.71,-1.3150091792702182e-05,"4 fundo(s) com PL negativo, total de R$ -965,777.71; excluído(s) da normalização percentual sobre PL positivo",publicável_com_nota_pl_negativo,1.0
2026-08,administrador,"Agro, Indústria e Comércio",Recebíveis Comerciais,8,Oliveira Trust,Top 10 geral,3,8818016043.789999,73442659201.51,73443624979.22,0.12006509817952139,73443624979.22,1.0,479,4,-965777.71,-1.3150091792702182e-05,"4 fundo(s) com PL negativo, total de R$ -965,777.71; excluído(s) da normalização percentual sobre PL positivo",publicável_com_nota_pl_negativo,1.0
2026-08,administrador,"Agro, Indústria e Comércio",Recebíveis Comerciais,8,Daycoval,Top 10 geral,4,1219496422.54,73442659201.51,73443624979.22,0.016604523849211447,73443624979.22,1.0,479,4,-965777.71,-1.3150091792702182e-05,"4 fundo(s) com PL negativo, total de R$ -965,777.71; excluído(s) da normalização percentual sobre PL positivo",publicável_com_nota_pl_negativo,1.0
2026-08,administrador,"Agro, Indústria e Comércio",Recebíveis Comerciais,8,Bradesco,Top 10 geral,5,11790026872.460003,73442659201.51,73443624979.22,0.16053165779597414,73443624979.22,1.0,479,4,-965777.71,-1.3150091792702182e-05,"4 fundo(s) com PL negativo, total de R$ -965,777.71; excluído(s) da normalização percentual sobre PL positivo",publicável_com_nota_pl_negativo,1.0
2026-08,administrador,"Agro, Indústria e Comércio",Recebíveis Comerciais,8,Genial,Top 10 geral,6,6071178548.04,73442659201.51,73443624979.22,0.0826644729172582,73443624979.22,1.0,479,4,-965777.71,-1.3150091792702182e-05,"4 fundo(s) com PL negativo, total de R$ -965,777.71; excluído(s) da normalização percentual sobre PL positivo",publicável_com_nota_pl_negativo,1.0
2026-08,administrador,"Agro, Indústria e Comércio",Recebíveis Comerciais,8,Itaú,Top 10 geral,7,3586345171.29,73442659201.51,73443624979.22,0.04883126578113095,73443624979.22,1.0,479,4,-965777.71,-1.3150091792702182e-05,"4 fundo(s) com PL negativo, total de R$ -965,777.71; excluído(s) da normalização percentual sobre PL positivo",publicável_com_nota_pl_negativo,1.0
2026-08,administrador,"Agro, Indústria e Comércio",Recebíveis Comerciais,8,Finaxis,Top 10 geral,8,3278566632.3900003,73442659201.51,73443624979.22,0.04464058838759159,73443624979.22,1.0,479,4,-965777.71,-1.3150091792702182e-05,"4 fundo(s) com PL negativo, total de R$ -965,777.71; excluído(s) da normalização percentual sobre PL positivo",publicável_com_nota_pl_negativo,1.0
2026-08,administrador,"Agro, Indústria e Comércio",Recebíveis Comerciais,8,Apex Group,Top 10 geral,9,316645362.28000003,73442659201.51,73443624979.22,0.004311407046827973,73443624979.22,1.0,479,4,-965777.71,-1.3150091792702182e-05,"4 fundo(s) com PL negativo, total de R$ -965,777.71; excluído(s) da normalização percentual sobre PL positivo",publicável_com_nota_pl_negativo,1.0
2026-08,administrador,"Agro, Indústria e Comércio",Recebíveis Comerciais,8,Hemera,Top 10 geral,10,3578495507.9,73442659201.51,73443624979.22,0.04872438566196171,73443624979.22,1.0,479,4,-965777.71,-1.3150091792702182e-05,"4 fundo(s) com PL negativo, total de R$ -965,777.71; excluído(s) da normalização percentual sobre PL positivo",publicável_com_nota_pl_negativo,1.0
2026-08,administrador,"Agro, Indústria e Comércio",Recebíveis Comerciais,8,Outros identificados,residual identificado,11,23574303648.670002,73442659201.51,73443624979.22,0.32098502293888775,73443624979.22,1.0,479,4,-965777.71,-1.3150091792702182e-05,"4 fundo(s) com PL negativo, total de R$ -965,777.71; excluído(s) da normalização percentual sobre PL positivo",publicável_com_nota_pl_negativo,1.0
2026-08,administrador,"Agro, Indústria e Comércio",Recebíveis Comerciais,8,Prestador não informado,campo ausente,12,0.0,73442659201.51,73443624979.22,0.0,73443624979.22,1.0,479,4,-965777.71,-1.3150091792702182e-05,"4 fundo(s) com PL negativo, total de R$ -965,777.71; excluído(s) da normalização percentual sobre PL positivo",publicável_com_nota_pl_negativo,1.0
2026-08,administrador,"Agro, Indústria e Comércio",Crédito Corporativo,9,BTG Pactual,Top 10 geral,1,2294470739.97,29457771251.559994,29482283838.349995,0.0778254070325921,29482283838.349995,1.0,133,1,-24512586.79,-0.0008321263201031166,"1 fundo(s) com PL negativo, total de R$ -24,512,586.79; excluído(s) da normalização percentual sobre PL positivo",publicável_com_nota_pl_negativo,1.0000000000000002
2026-08,administrador,"Agro, Indústria e Comércio",Crédito Corporativo,9,QI Tech,Top 10 geral,2,3934610747.19,29457771251.559994,29482283838.349995,0.13345678268221314,29482283838.349995,1.0,133,1,-24512586.79,-0.0008321263201031166,"1 fundo(s) com PL negativo, total de R$ -24,512,586.79; excluído(s) da normalização percentual sobre PL positivo",publicável_com_nota_pl_negativo,1.0000000000000002
2026-08,administrador,"Agro, Indústria e Comércio",Crédito Corporativo,9,Oliveira Trust,Top 10 geral,3,1592214878.52,29457771251.559994,29482283838.349995,0.05400581879104213,29482283838.349995,1.0,133,1,-24512586.79,-0.0008321263201031166,"1 fundo(s) com PL negativo, total de R$ -24,512,586.79; excluído(s) da normalização percentual sobre PL positivo",publicável_com_nota_pl_negativo,1.0000000000000002
2026-08,administrador,"Agro, Indústria e Comércio",Crédito Corporativo,9,Daycoval,Top 10 geral,4,3619186629.31,29457771251.559994,29482283838.349995,0.12275801458102206,29482283838.349995,1.0,133,1,-24512586.79,-0.0008321263201031166,"1 fundo(s) com PL negativo, total de R$ -24,512,586.79; excluído(s) da normalização percentual sobre PL positivo",publicável_com_nota_pl_negativo,1.0000000000000002
2026-08,administrador,"Agro, Indústria e Comércio",Crédito Corporativo,9,Bradesco,Top 10 geral,5,6511932404.47,29457771251.559994,29482283838.349995,0.22087611801631873,29482283838.349995,1.0,133,1,-24512586.79,-0.0008321263201031166,"1 fundo(s) com PL negativo, total de R$ -24,512,586.79; excluído(s) da normalização percentual sobre PL positivo",publicável_com_nota_pl_negativo,1.0000000000000002
2026-08,administrador,"Agro, Indústria e Comércio",Crédito Corporativo,9,Genial,Top 10 geral,6,118197290.08,29457771251.559994,29482283838.349995,0.004009095452986963,29482283838.349995,1.0,133,1,-24512586.79,-0.0008321263201031166,"1 fundo(s) com PL negativo, total de R$ -24,512,586.79; excluído(s) da normalização percentual sobre PL positivo",publicável_com_nota_pl_negativo,1.0000000000000002
2026-08,administrador,"Agro, Indústria e Comércio",Crédito Corporativo,9,Itaú,Top 10 geral,7,1152174100.77,29457771251.559994,29482283838.349995,0.0390802187200733,29482283838.349995,1.0,133,1,-24512586.79,-0.0008321263201031166,"1 fundo(s) com PL negativo, total de R$ -24,512,586.79; excluído(s) da normalização percentual sobre PL positivo",publicável_com_nota_pl_negativo,1.0000000000000002
2026-08,administrador,"Agro, Indústria e Comércio",Crédito Corporativo,9,Finaxis,Top 10 geral,8,158810240.95000002,29457771251.559994,29482283838.349995,0.005386632929143117,29482283838.349995,1.0,133,1,-24512586.79,-0.0008321263201031166,"1 fundo(s) com PL negativo, total de R$ -24,512,586.79; excluído(s) da normalização percentual sobre PL positivo",publicável_com_nota_pl_negativo,1.0000000000000002
2026-08,administrador,"Agro, Indústria e Comércio",Crédito Corporativo,9,Apex Group,Top 10 geral,9,262262534.58,29457771251.559994,29482283838.349995,0.008895597641552244,29482283838.349995,1.0,133,1,-24512586.79,-0.0008321263201031166,"1 fundo(s) com PL negativo, total de R$ -24,512,586.79; excluído(s) da normalização percentual sobre PL positivo",publicável_com_nota_pl_negativo,1.0000000000000002
2026-08,administrador,"Agro, Indústria e Comércio",Crédito Corporativo,9,Hemera,Top 10 geral,10,348202215.28000003,29457771251.559994,29482283838.349995,0.011810557729827741,29482283838.349995,1.0,133,1,-24512586.79,-0.0008321263201031166,"1 fundo(s) com PL negativo, total de R$ -24,512,586.79; excluído(s) da normalização percentual sobre PL positivo",publicável_com_nota_pl_negativo,1.0000000000000002
2026-08,administrador,"Agro, Indústria e Comércio",Crédito Corporativo,9,Outros identificados,residual identificado,11,9490222057.23,29457771251.559994,29482283838.349995,0.3218957564232286,29482283838.349995,1.0,133,1,-24512586.79,-0.0008321263201031166,"1 fundo(s) com PL negativo, total de R$ -24,512,586.79; excluído(s) da normalização percentual sobre PL positivo",publicável_com_nota_pl_negativo,1.0000000000000002
2026-08,administrador,"Agro, Indústria e Comércio",Crédito Corporativo,9,Prestador não informado,campo ausente,12,0.0,29457771251.559994,29482283838.349995,0.0,29482283838.349995,1.0,133,1,-24512586.79,-0.0008321263201031166,"1 fundo(s) com PL negativo, total de R$ -24,512,586.79; excluído(s) da normalização percentual sobre PL positivo",publicável_com_nota_pl_negativo,1.0000000000000002
2026-08,administrador,"Agro, Indústria e Comércio",Agronegócio,10,BTG Pactual,Top 10 geral,1,651601044.16,16226556803.949999,16234441817.9,0.04013695398147588,16234441817.9,1.0,86,1,-7885013.95,-0.0004859326624413977,"1 fundo(s) com PL negativo, total de R$ -7,885,013.95; excluído(s) da normalização percentual sobre PL positivo",publicável_com_nota_pl_negativo,1.0
2026-08,administrador,"Agro, Indústria e Comércio",Agronegócio,10,QI Tech,Top 10 geral,2,3908918655.37,16226556803.949999,16234441817.9,0.24077936890075574,16234441817.9,1.0,86,1,-7885013.95,-0.0004859326624413977,"1 fundo(s) com PL negativo, total de R$ -7,885,013.95; excluído(s) da normalização percentual sobre PL positivo",publicável_com_nota_pl_negativo,1.0
2026-08,administrador,"Agro, Indústria e Comércio",Agronegócio,10,Oliveira Trust,Top 10 geral,3,279881785.61,16226556803.949999,16234441817.9,0.017240000534013065,16234441817.9,1.0,86,1,-7885013.95,-0.0004859326624413977,"1 fundo(s) com PL negativo, total de R$ -7,885,013.95; excluído(s) da normalização percentual sobre PL positivo",publicável_com_nota_pl_negativo,1.0
2026-08,administrador,"Agro, Indústria e Comércio",Agronegócio,10,Daycoval,Top 10 geral,4,3565790949.13,16226556803.949999,16234441817.9,0.21964358178292154,16234441817.9,1.0,86,1,-7885013.95,-0.0004859326624413977,"1 fundo(s) com PL negativo, total de R$ -7,885,013.95; excluído(s) da normalização percentual sobre PL positivo",publicável_com_nota_pl_negativo,1.0
2026-08,administrador,"Agro, Indústria e Comércio",Agronegócio,10,Bradesco,Top 10 geral,5,0.0,16226556803.949999,16234441817.9,0.0,16234441817.9,1.0,86,1,-7885013.95,-0.0004859326624413977,"1 fundo(s) com PL negativo, total de R$ -7,885,013.95; excluído(s) da normalização percentual sobre PL positivo",publicável_com_nota_pl_negativo,1.0
2026-08,administrador,"Agro, Indústria e Comércio",Agronegócio,10,Genial,Top 10 geral,6,1244319724.4799998,16226556803.949999,16234441817.9,0.07664690529168795,16234441817.9,1.0,86,1,-7885013.95,-0.0004859326624413977,"1 fundo(s) com PL negativo, total de R$ -7,885,013.95; excluído(s) da normalização percentual sobre PL positivo",publicável_com_nota_pl_negativo,1.0
2026-08,administrador,"Agro, Indústria e Comércio",Agronegócio,10,Itaú,Top 10 geral,7,2123267566.6399999,16226556803.949999,16234441817.9,0.13078783924057663,16234441817.9,1.0,86,1,-7885013.95,-0.0004859326624413977,"1 fundo(s) com PL negativo, total de R$ -7,885,013.95; excluído(s) da normalização percentual sobre PL positivo",publicável_com_nota_pl_negativo,1.0
2026-08,administrador,"Agro, Indústria e Comércio",Agronegócio,10,Finaxis,Top 10 geral,8,1674468003.43,16226556803.949999,16234441817.9,0.10314293661662834,16234441817.9,1.0,86,1,-7885013.95,-0.0004859326624413977,"1 fundo(s) com PL negativo, total de R$ -7,885,013.95; excluído(s) da normalização percentual sobre PL positivo",publicável_com_nota_pl_negativo,1.0
2026-08,administrador,"Agro, Indústria e Comércio",Agronegócio,10,Apex Group,Top 10 geral,9,201781011.73000002,16226556803.949999,16234441817.9,0.012429193069484992,16234441817.9,1.0,86,1,-7885013.95,-0.0004859326624413977,"1 fundo(s) com PL negativo, total de R$ -7,885,013.95; excluído(s) da normalização percentual sobre PL positivo",publicável_com_nota_pl_negativo,1.0
2026-08,administrador,"Agro, Indústria e Comércio",Agronegócio,10,Hemera,Top 10 geral,10,0.0,16226556803.949999,16234441817.9,0.0,16234441817.9,1.0,86,1,-7885013.95,-0.0004859326624413977,"1 fundo(s) com PL negativo, total de R$ -7,885,013.95; excluído(s) da normalização percentual sobre PL positivo",publicável_com_nota_pl_negativo,1.0
2026-08,administrador,"Agro, Indústria e Comércio",Agronegócio,10,Outros identificados,residual identificado,11,2584413077.35,16226556803.949999,16234441817.9,0.15919322058245583,16234441817.9,1.0,86,1,-7885013.95,-0.0004859326624413977,"1 fundo(s) com PL negativo, total de R$ -7,885,013.95; excluído(s) da normalização percentual sobre PL positivo",publicável_com_nota_pl_negativo,1.0
2026-08,administrador,"Agro, Indústria e Comércio",Agronegócio,10,Prestador não informado,campo ausente,12,0.0,16226556803.949999,16234441817.9,0.0,16234441817.9,1.0,86,1,-7885013.95,-0.0004859326624413977,"1 fundo(s) com PL negativo, total de R$ -7,885,013.95; excluído(s) da normalização percentual sobre PL positivo",publicável_com_nota_pl_negativo,1.0
2026-08,administrador,"Agro, Indústria e Comércio","Multicarteira Agro, Indústria e Comércio",11,BTG Pactual,Top 10 geral,1,1256995629.79,19015709567.6,19015715054.11,0.06610299040625962,19015715054.11,1.0,96,1,-5486.51,-2.885251260541029e-07,"1 fundo(s) com PL negativo, total de R$ -5,486.51; excluído(s) da normalização percentual sobre PL positivo",publicável_com_nota_pl_negativo,1.0
2026-08,administrador,"Agro, Indústria e Comércio","Multicarteira Agro, Indústria e Comércio",11,QI Tech,Top 10 geral,2,1806250586.0299997,19015709567.6,19015715054.11,0.09498725558782509,19015715054.11,1.0,96,1,-5486.51,-2.885251260541029e-07,"1 fundo(s) com PL negativo, total de R$ -5,486.51; excluído(s) da normalização percentual sobre PL positivo",publicável_com_nota_pl_negativo,1.0
2026-08,administrador,"Agro, Indústria e Comércio","Multicarteira Agro, Indústria e Comércio",11,Oliveira Trust,Top 10 geral,3,1818848681.6,19015709567.6,19015715054.11,0.09564976528226211,19015715054.11,1.0,96,1,-5486.51,-2.885251260541029e-07,"1 fundo(s) com PL negativo, total de R$ -5,486.51; excluído(s) da normalização percentual sobre PL positivo",publicável_com_nota_pl_negativo,1.0
2026-08,administrador,"Agro, Indústria e Comércio","Multicarteira Agro, Indústria e Comércio",11,Daycoval,Top 10 geral,4,1493896855.79,19015709567.6,19015715054.11,0.07856117172239145,19015715054.11,1.0,96,1,-5486.51,-2.885251260541029e-07,"1 fundo(s) com PL negativo, total de R$ -5,486.51; excluído(s) da normalização percentual sobre PL positivo",publicável_com_nota_pl_negativo,1.0
2026-08,administrador,"Agro, Indústria e Comércio","Multicarteira Agro, Indústria e Comércio",11,Bradesco,Top 10 geral,5,539523743.71,19015709567.6,19015715054.11,0.028372519370150583,19015715054.11,1.0,96,1,-5486.51,-2.885251260541029e-07,"1 fundo(s) com PL negativo, total de R$ -5,486.51; excluído(s) da normalização percentual sobre PL positivo",publicável_com_nota_pl_negativo,1.0
2026-08,administrador,"Agro, Indústria e Comércio","Multicarteira Agro, Indústria e Comércio",11,Genial,Top 10 geral,6,936108883.7,19015709567.6,19015715054.11,0.04922817159577032,19015715054.11,1.0,96,1,-5486.51,-2.885251260541029e-07,"1 fundo(s) com PL negativo, total de R$ -5,486.51; excluído(s) da normalização percentual sobre PL positivo",publicável_com_nota_pl_negativo,1.0
2026-08,administrador,"Agro, Indústria e Comércio","Multicarteira Agro, Indústria e Comércio",11,Itaú,Top 10 geral,7,0.0,19015709567.6,19015715054.11,0.0,19015715054.11,1.0,96,1,-5486.51,-2.885251260541029e-07,"1 fundo(s) com PL negativo, total de R$ -5,486.51; excluído(s) da normalização percentual sobre PL positivo",publicável_com_nota_pl_negativo,1.0
2026-08,administrador,"Agro, Indústria e Comércio","Multicarteira Agro, Indústria e Comércio",11,Finaxis,Top 10 geral,8,3303347822.59,19015709567.6,19015715054.11,0.1737167291995167,19015715054.11,1.0,96,1,-5486.51,-2.885251260541029e-07,"1 fundo(s) com PL negativo, total de R$ -5,486.51; excluído(s) da normalização percentual sobre PL positivo",publicável_com_nota_pl_negativo,1.0
2026-08,administrador,"Agro, Indústria e Comércio","Multicarteira Agro, Indústria e Comércio",11,Apex Group,Top 10 geral,9,624056225.22,19015709567.6,19015715054.11,0.03281792051701565,19015715054.11,1.0,96,1,-5486.51,-2.885251260541029e-07,"1 fundo(s) com PL negativo, total de R$ -5,486.51; excluído(s) da normalização percentual sobre PL positivo",publicável_com_nota_pl_negativo,1.0
2026-08,administrador,"Agro, Indústria e Comércio","Multicarteira Agro, Indústria e Comércio",11,Hemera,Top 10 geral,10,1667443060.59,19015709567.6,19015715054.11,0.08768763393042134,19015715054.11,1.0,96,1,-5486.51,-2.885251260541029e-07,"1 fundo(s) com PL negativo, total de R$ -5,486.51; excluído(s) da normalização percentual sobre PL positivo",publicável_com_nota_pl_negativo,1.0
2026-08,administrador,"Agro, Indústria e Comércio","Multicarteira Agro, Indústria e Comércio",11,Outros identificados,residual identificado,11,5569243565.09,19015709567.6,19015715054.11,0.2928758423883871,19015715054.11,1.0,96,1,-5486.51,-2.885251260541029e-07,"1 fundo(s) com PL negativo, total de R$ -5,486.51; excluído(s) da normalização percentual sobre PL positivo",publicável_com_nota_pl_negativo,1.0
2026-08,administrador,"Agro, Indústria e Comércio","Multicarteira Agro, Indústria e Comércio",11,Prestador não informado,campo ausente,12,0.0,19015709567.6,19015715054.11,0.0,19015715054.11,1.0,96,1,-5486.51,-2.885251260541029e-07,"1 fundo(s) com PL negativo, total de R$ -5,486.51; excluído(s) da normalização percentual sobre PL positivo",publicável_com_nota_pl_negativo,1.0
2026-08,administrador,Outros,Recuperação,12,BTG Pactual,Top 10 geral,1,3006281772.15,34994465756.67,34994465756.67,0.08590734869490037,34994465756.67,1.0,97,0,0.0,0.0,,publicável,1.0
2026-08,administrador,Outros,Recuperação,12,QI Tech,Top 10 geral,2,615976739.1199999,34994465756.67,34994465756.67,0.017602118672224443,34994465756.67,1.0,97,0,0.0,0.0,,publicável,1.0
2026-08,administrador,Outros,Recuperação,12,Oliveira Trust,Top 10 geral,3,0.0,34994465756.67,34994465756.67,0.0,34994465756.67,1.0,97,0,0.0,0.0,,publicável,1.0
2026-08,administrador,Outros,Recuperação,12,Daycoval,Top 10 geral,4,1080481715.3400002,34994465756.67,34994465756.67,0.030875788270436983,34994465756.67,1.0,97,0,0.0,0.0,,publicável,1.0
2026-08,administrador,Outros,Recuperação,12,Bradesco,Top 10 geral,5,3204867614.29,34994465756.67,34994465756.67,0.09158212720190327,34994465756.67,1.0,97,0,0.0,0.0,,publicável,1.0
2026-08,administrador,Outros,Recuperação,12,Genial,Top 10 geral,6,78458281.7,34994465756.67,34994465756.67,0.002242019702359529,34994465756.67,1.0,97,0,0.0,0.0,,publicável,1.0
2026-08,administrador,Outros,Recuperação,12,Itaú,Top 10 geral,7,144120764.05,34994465756.67,34994465756.67,0.004118387320215923,34994465756.67,1.0,97,0,0.0,0.0,,publicável,1.0
2026-08,administrador,Outros,Recuperação,12,Finaxis,Top 10 geral,8,3334605706.65,34994465756.67,34994465756.67,0.09528951605767604,34994465756.67,1.0,97,0,0.0,0.0,,publicável,1.0
2026-08,administrador,Outros,Recuperação,12,Apex Group,Top 10 geral,9,2346561067.3300004,34994465756.67,34994465756.67,0.06705520477570778,34994465756.67,1.0,97,0,0.0,0.0,,publicável,1.0
2026-08,administrador,Outros,Recuperação,12,Hemera,Top 10 geral,10,100171395.12,34994465756.67,34994465756.67,0.002862492481426358,34994465756.67,1.0,97,0,0.0,0.0,,publicável,1.0
2026-08,administrador,Outros,Recuperação,12,Outros identificados,residual identificado,11,21082940700.92,34994465756.67,34994465756.67,0.6024649968231494,34994465756.67,1.0,97,0,0.0,0.0,,publicável,1.0
2026-08,administrador,Outros,Recuperação,12,Prestador não informado,campo ausente,12,0.0,34994465756.67,34994465756.67,0.0,34994465756.67,1.0,97,0,0.0,0.0,,publicável,1.0
2026-08,administrador,Outros,Poder Público,13,BTG Pactual,Top 10 geral,1,18492796376.390007,83432114073.29001,83432462548.15999,0.22164989275865316,83432462548.15999,1.0,513,4,-348474.87,-4.176747453551113e-06,"4 fundo(s) com PL negativo, total de R$ -348,474.87; excluído(s) da normalização percentual sobre PL positivo",publicável_com_nota_pl_negativo,1.0000000000000002
2026-08,administrador,Outros,Poder Público,13,QI Tech,Top 10 geral,2,6160596686.99,83432114073.29001,83432462548.15999,0.07383932463259009,83432462548.15999,1.0,513,4,-348474.87,-4.176747453551113e-06,"4 fundo(s) com PL negativo, total de R$ -348,474.87; excluído(s) da normalização percentual sobre PL positivo",publicável_com_nota_pl_negativo,1.0000000000000002
2026-08,administrador,Outros,Poder Público,13,Oliveira Trust,Top 10 geral,3,3539175676.33,83432114073.29001,83432462548.15999,0.04241964779940506,83432462548.15999,1.0,513,4,-348474.87,-4.176747453551113e-06,"4 fundo(s) com PL negativo, total de R$ -348,474.87; excluído(s) da normalização percentual sobre PL positivo",publicável_com_nota_pl_negativo,1.0000000000000002
2026-08,administrador,Outros,Poder Público,13,Daycoval,Top 10 geral,4,7247912845.29,83432114073.29001,83432462548.15999,0.08687161596250696,83432462548.15999,1.0,513,4,-348474.87,-4.176747453551113e-06,"4 fundo(s) com PL negativo, total de R$ -348,474.87; excluído(s) da normalização percentual sobre PL positivo",publicável_com_nota_pl_negativo,1.0000000000000002
2026-08,administrador,Outros,Poder Público,13,Bradesco,Top 10 geral,5,363862533.78,83432114073.29001,83432462548.15999,0.004361162581890309,83432462548.15999,1.0,513,4,-348474.87,-4.176747453551113e-06,"4 fundo(s) com PL negativo, total de R$ -348,474.87; excluído(s) da normalização percentual sobre PL positivo",publicável_com_nota_pl_negativo,1.0000000000000002
2026-08,administrador,Outros,Poder Público,13,Genial,Top 10 geral,6,427139119.87,83432114073.29001,83432462548.15999,0.0051195794397587285,83432462548.15999,1.0,513,4,-348474.87,-4.176747453551113e-06,"4 fundo(s) com PL negativo, total de R$ -348,474.87; excluído(s) da normalização percentual sobre PL positivo",publicável_com_nota_pl_negativo,1.0000000000000002
2026-08,administrador,Outros,Poder Público,13,Itaú,Top 10 geral,7,1698291085.9,83432114073.29001,83432462548.15999,0.020355279396430257,83432462548.15999,1.0,513,4,-348474.87,-4.176747453551113e-06,"4 fundo(s) com PL negativo, total de R$ -348,474.87; excluído(s) da normalização percentual sobre PL positivo",publicável_com_nota_pl_negativo,1.0000000000000002
2026-08,administrador,Outros,Poder Público,13,Finaxis,Top 10 geral,8,86280492.27,83432114073.29001,83432462548.15999,0.0010341357504603922,83432462548.15999,1.0,513,4,-348474.87,-4.176747453551113e-06,"4 fundo(s) com PL negativo, total de R$ -348,474.87; excluído(s) da normalização percentual sobre PL positivo",publicável_com_nota_pl_negativo,1.0000000000000002
2026-08,administrador,Outros,Poder Público,13,Apex Group,Top 10 geral,9,5498742114.04,83432114073.29001,83432462548.15999,0.06590650624588652,83432462548.15999,1.0,513,4,-348474.87,-4.176747453551113e-06,"4 fundo(s) com PL negativo, total de R$ -348,474.87; excluído(s) da normalização percentual sobre PL positivo",publicável_com_nota_pl_negativo,1.0000000000000002
2026-08,administrador,Outros,Poder Público,13,Hemera,Top 10 geral,10,16921075.71,83432114073.29001,83432462548.15999,0.00020281165380001332,83432462548.15999,1.0,513,4,-348474.87,-4.176747453551113e-06,"4 fundo(s) com PL negativo, total de R$ -348,474.87; excluído(s) da normalização percentual sobre PL positivo",publicável_com_nota_pl_negativo,1.0000000000000002
2026-08,administrador,Outros,Poder Público,13,Outros identificados,residual identificado,11,39900744541.590004,83432114073.29001,83432462548.15999,0.4782400437786188,83432462548.15999,1.0,513,4,-348474.87,-4.176747453551113e-06,"4 fundo(s) com PL negativo, total de R$ -348,474.87; excluído(s) da normalização percentual sobre PL positivo",publicável_com_nota_pl_negativo,1.0000000000000002
2026-08,administrador,Outros,Poder Público,13,Prestador não informado,campo ausente,12,0.0,83432114073.29001,83432462548.15999,0.0,83432462548.15999,1.0,513,4,-348474.87,-4.176747453551113e-06,"4 fundo(s) com PL negativo, total de R$ -348,474.87; excluído(s) da normalização percentual sobre PL positivo",publicável_com_nota_pl_negativo,1.0000000000000002
2026-08,administrador,Outros,Multicarteira Outros,14,BTG Pactual,Top 10 geral,1,14246715356.48,71571302561.7,71608817536.69,0.19895197053324407,71608817536.69,1.0,350,5,-37514974.99,-0.0005241622500534931,"5 fundo(s) com PL negativo, total de R$ -37,514,974.99; excluído(s) da normalização percentual sobre PL positivo",publicável_com_nota_pl_negativo,1.0
2026-08,administrador,Outros,Multicarteira Outros,14,QI Tech,Top 10 geral,2,9608666144.17,71571302561.7,71608817536.69,0.13418272322744104,71608817536.69,1.0,350,5,-37514974.99,-0.0005241622500534931,"5 fundo(s) com PL negativo, total de R$ -37,514,974.99; excluído(s) da normalização percentual sobre PL positivo",publicável_com_nota_pl_negativo,1.0
2026-08,administrador,Outros,Multicarteira Outros,14,Oliveira Trust,Top 10 geral,3,168837939.60000002,71571302561.7,71608817536.69,0.0023577814214498518,71608817536.69,1.0,350,5,-37514974.99,-0.0005241622500534931,"5 fundo(s) com PL negativo, total de R$ -37,514,974.99; excluído(s) da normalização percentual sobre PL positivo",publicável_com_nota_pl_negativo,1.0
2026-08,administrador,Outros,Multicarteira Outros,14,Daycoval,Top 10 geral,4,2640796000.1600003,71571302561.7,71608817536.69,0.036878084166198435,71608817536.69,1.0,350,5,-37514974.99,-0.0005241622500534931,"5 fundo(s) com PL negativo, total de R$ -37,514,974.99; excluído(s) da normalização percentual sobre PL positivo",publicável_com_nota_pl_negativo,1.0
2026-08,administrador,Outros,Multicarteira Outros,14,Bradesco,Top 10 geral,5,2045856427.66,71571302561.7,71608817536.69,0.028569895412834747,71608817536.69,1.0,350,5,-37514974.99,-0.0005241622500534931,"5 fundo(s) com PL negativo, total de R$ -37,514,974.99; excluído(s) da normalização percentual sobre PL positivo",publicável_com_nota_pl_negativo,1.0
2026-08,administrador,Outros,Multicarteira Outros,14,Genial,Top 10 geral,6,10325499.42,71571302561.7,71608817536.69,0.0001441931283770962,71608817536.69,1.0,350,5,-37514974.99,-0.0005241622500534931,"5 fundo(s) com PL negativo, total de R$ -37,514,974.99; excluído(s) da normalização percentual sobre PL positivo",publicável_com_nota_pl_negativo,1.0
2026-08,administrador,Outros,Multicarteira Outros,14,Itaú,Top 10 geral,7,9406623475.35,71571302561.7,71608817536.69,0.13136124570874746,71608817536.69,1.0,350,5,-37514974.99,-0.0005241622500534931,"5 fundo(s) com PL negativo, total de R$ -37,514,974.99; excluído(s) da normalização percentual sobre PL positivo",publicável_com_nota_pl_negativo,1.0
2026-08,administrador,Outros,Multicarteira Outros,14,Finaxis,Top 10 geral,8,2279693659.27,71571302561.7,71608817536.69,0.03183537639204781,71608817536.69,1.0,350,5,-37514974.99,-0.0005241622500534931,"5 fundo(s) com PL negativo, total de R$ -37,514,974.99; excluído(s) da normalização percentual sobre PL positivo",publicável_com_nota_pl_negativo,1.0
2026-08,administrador,Outros,Multicarteira Outros,14,Apex Group,Top 10 geral,9,1992194773.0,71571302561.7,71608817536.69,0.027820523247423613,71608817536.69,1.0,350,5,-37514974.99,-0.0005241622500534931,"5 fundo(s) com PL negativo, total de R$ -37,514,974.99; excluído(s) da normalização percentual sobre PL positivo",publicável_com_nota_pl_negativo,1.0
2026-08,administrador,Outros,Multicarteira Outros,14,Hemera,Top 10 geral,10,6644619708.559999,71571302561.7,71608817536.69,0.09279052408811966,71608817536.69,1.0,350,5,-37514974.99,-0.0005241622500534931,"5 fundo(s) com PL negativo, total de R$ -37,514,974.99; excluído(s) da normalização percentual sobre PL positivo",publicável_com_nota_pl_negativo,1.0
2026-08,administrador,Outros,Multicarteira Outros,14,Outros identificados,residual identificado,11,22564488553.02,71571302561.7,71608817536.69,0.3151076826741162,71608817536.69,1.0,350,5,-37514974.99,-0.0005241622500534931,"5 fundo(s) com PL negativo, total de R$ -37,514,974.99; excluído(s) da normalização percentual sobre PL positivo",publicável_com_nota_pl_negativo,1.0
2026-08,administrador,Outros,Multicarteira Outros,14,Prestador não informado,campo ausente,12,0.0,71571302561.7,71608817536.69,0.0,71608817536.69,1.0,350,5,-37514974.99,-0.0005241622500534931,"5 fundo(s) com PL negativo, total de R$ -37,514,974.99; excluído(s) da normalização percentual sobre PL positivo",publicável_com_nota_pl_negativo,1.0
2026-08,administrador,"Agro, Indústria e Comércio",N/D,15,BTG Pactual,Top 10 geral,1,0.0,0.0,0.0,,0.0,,3,0,0.0,,,bloqueado_sem_denominador_positivo,
2026-08,administrador,"Agro, Indústria e Comércio",N/D,15,QI Tech,Top 10 geral,2,0.0,0.0,0.0,,0.0,,3,0,0.0,,,bloqueado_sem_denominador_positivo,
2026-08,administrador,"Agro, Indústria e Comércio",N/D,15,Oliveira Trust,Top 10 geral,3,0.0,0.0,0.0,,0.0,,3,0,0.0,,,bloqueado_sem_denominador_positivo,
2026-08,administrador,"Agro, Indústria e Comércio",N/D,15,Daycoval,Top 10 geral,4,0.0,0.0,0.0,,0.0,,3,0,0.0,,,bloqueado_sem_denominador_positivo,
2026-08,administrador,"Agro, Indústria e Comércio",N/D,15,Bradesco,Top 10 geral,5,0.0,0.0,0.0,,0.0,,3,0,0.0,,,bloqueado_sem_denominador_positivo,
2026-08,administrador,"Agro, Indústria e Comércio",N/D,15,Genial,Top 10 geral,6,0.0,0.0,0.0,,0.0,,3,0,0.0,,,bloqueado_sem_denominador_positivo,
2026-08,administrador,"Agro, Indústria e Comércio",N/D,15,Itaú,Top 10 geral,7,0.0,0.0,0.0,,0.0,,3,0,0.0,,,bloqueado_sem_denominador_positivo,
2026-08,administrador,"Agro, Indústria e Comércio",N/D,15,Finaxis,Top 10 geral,8,0.0,0.0,0.0,,0.0,,3,0,0.0,,,bloqueado_sem_denominador_positivo,
2026-08,administrador,"Agro, Indústria e Comércio",N/D,15,Apex Group,Top 10 geral,9,0.0,0.0,0.0,,0.0,,3,0,0.0,,,bloqueado_sem_denominador_positivo,
2026-08,administrador,"Agro, Indústria e Comércio",N/D,15,Hemera,Top 10 geral,10,0.0,0.0,0.0,,0.0,,3,0,0.0,,,bloqueado_sem_denominador_positivo,
2026-08,administrador,"Agro, Indústria e Comércio",N/D,15,Outros identificados,residual identificado,11,0.0,0.0,0.0,,0.0,,3,0,0.0,,,bloqueado_sem_denominador_positivo,
2026-08,administrador,"Agro, Indústria e Comércio",N/D,15,Prestador não informado,campo ausente,12,0.0,0.0,0.0,,0.0,,3,0,0.0,,,bloqueado_sem_denominador_positivo,
2026-08,administrador,Financeiro,Adquirência,16,BTG Pactual,Top 10 geral,1,8837452349.269999,59448957986.82,59448957986.82,0.14865613542342132,59448957986.82,1.0,29,0,0.0,0.0,,publicável,1.0
2026-08,administrador,Financeiro,Adquirência,16,QI Tech,Top 10 geral,2,0.0,59448957986.82,59448957986.82,0.0,59448957986.82,1.0,29,0,0.0,0.0,,publicável,1.0
2026-08,administrador,Financeiro,Adquirência,16,Oliveira Trust,Top 10 geral,3,10079123874.91,59448957986.82,59448957986.82,0.16954248175627518,59448957986.82,1.0,29,0,0.0,0.0,,publicável,1.0
2026-08,administrador,Financeiro,Adquirência,16,Daycoval,Top 10 geral,4,0.0,59448957986.82,59448957986.82,0.0,59448957986.82,1.0,29,0,0.0,0.0,,publicável,1.0
2026-08,administrador,Financeiro,Adquirência,16,Bradesco,Top 10 geral,5,20785849399.15,59448957986.82,59448957986.82,0.3496419466890956,59448957986.82,1.0,29,0,0.0,0.0,,publicável,1.0
2026-08,administrador,Financeiro,Adquirência,16,Genial,Top 10 geral,6,15436859667.47,59448957986.82,59448957986.82,0.25966577363546717,59448957986.82,1.0,29,0,0.0,0.0,,publicável,1.0
2026-08,administrador,Financeiro,Adquirência,16,Itaú,Top 10 geral,7,1999981369.56,59448957986.82,59448957986.82,0.033641992009404126,59448957986.82,1.0,29,0,0.0,0.0,,publicável,1.0
2026-08,administrador,Financeiro,Adquirência,16,Finaxis,Top 10 geral,8,585157805.89,59448957986.82,59448957986.82,0.0098430288049747,59448957986.82,1.0,29,0,0.0,0.0,,publicável,1.0
2026-08,administrador,Financeiro,Adquirência,16,Apex Group,Top 10 geral,9,0.0,59448957986.82,59448957986.82,0.0,59448957986.82,1.0,29,0,0.0,0.0,,publicável,1.0
2026-08,administrador,Financeiro,Adquirência,16,Hemera,Top 10 geral,10,505806579.78,59448957986.82,59448957986.82,0.008508249713849295,59448957986.82,1.0,29,0,0.0,0.0,,publicável,1.0
2026-08,administrador,Financeiro,Adquirência,16,Outros identificados,residual identificado,11,1218726940.79,59448957986.82,59448957986.82,0.020500391967512622,59448957986.82,1.0,29,0,0.0,0.0,,publicável,1.0
2026-08,administrador,Financeiro,Adquirência,16,Prestador não informado,campo ausente,12,0.0,59448957986.82,59448957986.82,0.0,59448957986.82,1.0,29,0,0.0,0.0,,publicável,1.0
2026-08,administrador,Financeiro,Cartão de crédito,17,BTG Pactual,Top 10 geral,1,0.0,462027778.64000005,462027778.64000005,0.0,462027778.64000005,1.0,5,0,0.0,0.0,,publicável,1.0
2026-08,administrador,Financeiro,Cartão de crédito,17,QI Tech,Top 10 geral,2,0.0,462027778.64000005,462027778.64000005,0.0,462027778.64000005,1.0,5,0,0.0,0.0,,publicável,1.0
2026-08,administrador,Financeiro,Cartão de crédito,17,Oliveira Trust,Top 10 geral,3,0.0,462027778.64000005,462027778.64000005,0.0,462027778.64000005,1.0,5,0,0.0,0.0,,publicável,1.0
2026-08,administrador,Financeiro,Cartão de crédito,17,Daycoval,Top 10 geral,4,0.0,462027778.64000005,462027778.64000005,0.0,462027778.64000005,1.0,5,0,0.0,0.0,,publicável,1.0
2026-08,administrador,Financeiro,Cartão de crédito,17,Bradesco,Top 10 geral,5,0.0,462027778.64000005,462027778.64000005,0.0,462027778.64000005,1.0,5,0,0.0,0.0,,publicável,1.0
2026-08,administrador,Financeiro,Cartão de crédito,17,Genial,Top 10 geral,6,306741373.91,462027778.64000005,462027778.64000005,0.663902449356849,462027778.64000005,1.0,5,0,0.0,0.0,,publicável,1.0
2026-08,administrador,Financeiro,Cartão de crédito,17,Itaú,Top 10 geral,7,0.0,462027778.64000005,462027778.64000005,0.0,462027778.64000005,1.0,5,0,0.0,0.0,,publicável,1.0
2026-08,administrador,Financeiro,Cartão de crédito,17,Finaxis,Top 10 geral,8,0.0,462027778.64000005,462027778.64000005,0.0,462027778.64000005,1.0,5,0,0.0,0.0,,publicável,1.0
2026-08,administrador,Financeiro,Cartão de crédito,17,Apex Group,Top 10 geral,9,103236708.82,462027778.64000005,462027778.64000005,0.22344264477751094,462027778.64000005,1.0,5,0,0.0,0.0,,publicável,1.0
2026-08,administrador,Financeiro,Cartão de crédito,17,Hemera,Top 10 geral,10,0.0,462027778.64000005,462027778.64000005,0.0,462027778.64000005,1.0,5,0,0.0,0.0,,publicável,1.0
2026-08,administrador,Financeiro,Cartão de crédito,17,Outros identificados,residual identificado,11,52049695.910000004,462027778.64000005,462027778.64000005,0.11265490586564009,462027778.64000005,1.0,5,0,0.0,0.0,,publicável,1.0
2026-08,administrador,Financeiro,Cartão de crédito,17,Prestador não informado,campo ausente,12,0.0,462027778.64000005,462027778.64000005,0.0,462027778.64000005,1.0,5,0,0.0,0.0,,publicável,1.0
2026-08,administrador,Fomento Mercantil,N/D,18,BTG Pactual,Top 10 geral,1,0.0,56290607.09,56290607.09,0.0,56290607.09,1.0,2,0,0.0,0.0,,publicável,1.0
2026-08,administrador,Fomento Mercantil,N/D,18,QI Tech,Top 10 geral,2,0.0,56290607.09,56290607.09,0.0,56290607.09,1.0,2,0,0.0,0.0,,publicável,1.0
2026-08,administrador,Fomento Mercantil,N/D,18,Oliveira Trust,Top 10 geral,3,0.0,56290607.09,56290607.09,0.0,56290607.09,1.0,2,0,0.0,0.0,,publicável,1.0
2026-08,administrador,Fomento Mercantil,N/D,18,Daycoval,Top 10 geral,4,0.0,56290607.09,56290607.09,0.0,56290607.09,1.0,2,0,0.0,0.0,,publicável,1.0
2026-08,administrador,Fomento Mercantil,N/D,18,Bradesco,Top 10 geral,5,0.0,56290607.09,56290607.09,0.0,56290607.09,1.0,2,0,0.0,0.0,,publicável,1.0
2026-08,administrador,Fomento Mercantil,N/D,18,Genial,Top 10 geral,6,0.0,56290607.09,56290607.09,0.0,56290607.09,1.0,2,0,0.0,0.0,,publicável,1.0
2026-08,administrador,Fomento Mercantil,N/D,18,Itaú,Top 10 geral,7,0.0,56290607.09,56290607.09,0.0,56290607.09,1.0,2,0,0.0,0.0,,publicável,1.0
2026-08,administrador,Fomento Mercantil,N/D,18,Finaxis,Top 10 geral,8,0.0,56290607.09,56290607.09,0.0,56290607.09,1.0,2,0,0.0,0.0,,publicável,1.0
2026-08,administrador,Fomento Mercantil,N/D,18,Apex Group,Top 10 geral,9,0.0,56290607.09,56290607.09,0.0,56290607.09,1.0,2,0,0.0,0.0,,publicável,1.0
2026-08,administrador,Fomento Mercantil,N/D,18,Hemera,Top 10 geral,10,0.0,56290607.09,56290607.09,0.0,56290607.09,1.0,2,0,0.0,0.0,,publicável,1.0
2026-08,administrador,Fomento Mercantil,N/D,18,Outros identificados,residual identificado,11,56290607.09,56290607.09,56290607.09,1.0,56290607.09,1.0,2,0,0.0,0.0,,publicável,1.0
2026-08,administrador,Fomento Mercantil,N/D,18,Prestador não informado,campo ausente,12,0.0,56290607.09,56290607.09,0.0,56290607.09,1.0,2,0,0.0,0.0,,publicável,1.0
2026-08,administrador,Outros,Multicedente/Multissacado,19,BTG Pactual,Top 10 geral,1,20198291907.77,20198291907.77,20198291907.77,1.0,20198291907.77,1.0,1,0,0.0,0.0,,publicável,1.0
2026-08,administrador,Outros,Multicedente/Multissacado,19,QI Tech,Top 10 geral,2,0.0,20198291907.77,20198291907.77,0.0,20198291907.77,1.0,1,0,0.0,0.0,,publicável,1.0
2026-08,administrador,Outros,Multicedente/Multissacado,19,Oliveira Trust,Top 10 geral,3,0.0,20198291907.77,20198291907.77,0.0,20198291907.77,1.0,1,0,0.0,0.0,,publicável,1.0
2026-08,administrador,Outros,Multicedente/Multissacado,19,Daycoval,Top 10 geral,4,0.0,20198291907.77,20198291907.77,0.0,20198291907.77,1.0,1,0,0.0,0.0,,publicável,1.0
2026-08,administrador,Outros,Multicedente/Multissacado,19,Bradesco,Top 10 geral,5,0.0,20198291907.77,20198291907.77,0.0,20198291907.77,1.0,1,0,0.0,0.0,,publicável,1.0
2026-08,administrador,Outros,Multicedente/Multissacado,19,Genial,Top 10 geral,6,0.0,20198291907.77,20198291907.77,0.0,20198291907.77,1.0,1,0,0.0,0.0,,publicável,1.0
2026-08,administrador,Outros,Multicedente/Multissacado,19,Itaú,Top 10 geral,7,0.0,20198291907.77,20198291907.77,0.0,20198291907.77,1.0,1,0,0.0,0.0,,publicável,1.0
2026-08,administrador,Outros,Multicedente/Multissacado,19,Finaxis,Top 10 geral,8,0.0,20198291907.77,20198291907.77,0.0,20198291907.77,1.0,1,0,0.0,0.0,,publicável,1.0
2026-08,administrador,Outros,Multicedente/Multissacado,19,Apex Group,Top 10 geral,9,0.0,20198291907.77,20198291907.77,0.0,20198291907.77,1.0,1,0,0.0,0.0,,publicável,1.0
2026-08,administrador,Outros,Multicedente/Multissacado,19,Hemera,Top 10 geral,10,0.0,20198291907.77,20198291907.77,0.0,20198291907.77,1.0,1,0,0.0,0.0,,publicável,1.0
2026-08,administrador,Outros,Multicedente/Multissacado,19,Outros identificados,residual identificado,11,0.0,20198291907.77,20198291907.77,0.0,20198291907.77,1.0,1,0,0.0,0.0,,publicável,1.0
2026-08,administrador,Outros,Multicedente/Multissacado,19,Prestador não informado,campo ausente,12,0.0,20198291907.77,20198291907.77,0.0,20198291907.77,1.0,1,0,0.0,0.0,,publicável,1.0
2026-08,gestor,Fomento Mercantil,Fomento Mercantil,1,BTG Pactual,Top 10 geral,1,166227724.75,88100379680.7,88104063403.84001,0.0018867202978830482,88036842497.31001,0.9992370283056994,593,3,-3683723.1399999997,-4.181279528363925e-05,"3 fundo(s) com PL negativo, total de R$ -3,683,723.14; excluído(s) da normalização percentual sobre PL positivo",publicável_com_nota_pl_negativo,0.9999999999999998
2026-08,gestor,Fomento Mercantil,Fomento Mercantil,1,Oliveira Trust,Top 10 geral,2,119762275.47,88100379680.7,88104063403.84001,0.0013593274911856128,88036842497.31001,0.9992370283056994,593,3,-3683723.1399999997,-4.181279528363925e-05,"3 fundo(s) com PL negativo, total de R$ -3,683,723.14; excluído(s) da normalização percentual sobre PL positivo",publicável_com_nota_pl_negativo,0.9999999999999998
2026-08,gestor,Fomento Mercantil,Fomento Mercantil,1,Bradesco,Top 10 geral,3,648956353.28,88100379680.7,88104063403.84001,0.0073657936786115956,88036842497.31001,0.9992370283056994,593,3,-3683723.1399999997,-4.181279528363925e-05,"3 fundo(s) com PL negativo, total de R$ -3,683,723.14; excluído(s) da normalização percentual sobre PL positivo",publicável_com_nota_pl_negativo,0.9999999999999998
2026-08,gestor,Fomento Mercantil,Fomento Mercantil,1,Genial,Top 10 geral,4,0.0,88100379680.7,88104063403.84001,0.0,88036842497.31001,0.9992370283056994,593,3,-3683723.1399999997,-4.181279528363925e-05,"3 fundo(s) com PL negativo, total de R$ -3,683,723.14; excluído(s) da normalização percentual sobre PL positivo",publicável_com_nota_pl_negativo,0.9999999999999998
2026-08,gestor,Fomento Mercantil,Fomento Mercantil,1,Itaú,Top 10 geral,5,0.0,88100379680.7,88104063403.84001,0.0,88036842497.31001,0.9992370283056994,593,3,-3683723.1399999997,-4.181279528363925e-05,"3 fundo(s) com PL negativo, total de R$ -3,683,723.14; excluído(s) da normalização percentual sobre PL positivo",publicável_com_nota_pl_negativo,0.9999999999999998
2026-08,gestor,Fomento Mercantil,Fomento Mercantil,1,Tercon Investimentos,Top 10 geral,6,16253805178.07,88100379680.7,88104063403.84001,0.18448417189985789,88036842497.31001,0.9992370283056994,593,3,-3683723.1399999997,-4.181279528363925e-05,"3 fundo(s) com PL negativo, total de R$ -3,683,723.14; excluído(s) da normalização percentual sobre PL positivo",publicável_com_nota_pl_negativo,0.9999999999999998
2026-08,gestor,Fomento Mercantil,Fomento Mercantil,1,Anga Administracao De Recursos,Top 10 geral,7,243523109.81,88100379680.7,88104063403.84001,0.002764039482421716,88036842497.31001,0.9992370283056994,593,3,-3683723.1399999997,-4.181279528363925e-05,"3 fundo(s) com PL negativo, total de R$ -3,683,723.14; excluído(s) da normalização percentual sobre PL positivo",publicável_com_nota_pl_negativo,0.9999999999999998
2026-08,gestor,Fomento Mercantil,Fomento Mercantil,1,Vert,Top 10 geral,8,0.0,88100379680.7,88104063403.84001,0.0,88036842497.31001,0.9992370283056994,593,3,-3683723.1399999997,-4.181279528363925e-05,"3 fundo(s) com PL negativo, total de R$ -3,683,723.14; excluído(s) da normalização percentual sobre PL positivo",publicável_com_nota_pl_negativo,0.9999999999999998
2026-08,gestor,Fomento Mercantil,Fomento Mercantil,1,XP,Top 10 geral,9,0.0,88100379680.7,88104063403.84001,0.0,88036842497.31001,0.9992370283056994,593,3,-3683723.1399999997,-4.181279528363925e-05,"3 fundo(s) com PL negativo, total de R$ -3,683,723.14; excluído(s) da normalização percentual sobre PL positivo",publicável_com_nota_pl_negativo,0.9999999999999998
2026-08,gestor,Fomento Mercantil,Fomento Mercantil,1,Solis Investimentos,Top 10 geral,10,2722903118.2799997,88100379680.7,88104063403.84001,0.030905533900282313,88036842497.31001,0.9992370283056994,593,3,-3683723.1399999997,-4.181279528363925e-05,"3 fundo(s) com PL negativo, total de R$ -3,683,723.14; excluído(s) da normalização percentual sobre PL positivo",publicável_com_nota_pl_negativo,0.9999999999999998
2026-08,gestor,Fomento Mercantil,Fomento Mercantil,1,Outros identificados,residual identificado,11,67881664737.65,88100379680.7,88104063403.84001,0.770471441555457,88036842497.31001,0.9992370283056994,593,3,-3683723.1399999997,-4.181279528363925e-05,"3 fundo(s) com PL negativo, total de R$ -3,683,723.14; excluído(s) da normalização percentual sobre PL positivo",publicável_com_nota_pl_negativo,0.9999999999999998
2026-08,gestor,Fomento Mercantil,Fomento Mercantil,1,Prestador não informado,campo ausente,12,67220906.53,88100379680.7,88104063403.84001,0.0007629716943006533,88036842497.31001,0.9992370283056994,593,3,-3683723.1399999997,-4.181279528363925e-05,"3 fundo(s) com PL negativo, total de R$ -3,683,723.14; excluído(s) da normalização percentual sobre PL positivo",publicável_com_nota_pl_negativo,0.9999999999999998
2026-08,gestor,Financeiro,Crédito Imobiliário,2,BTG Pactual,Top 10 geral,1,0.0,13109525340.1,13110474735.16,0.0,13110474735.16,1.0,124,1,-949395.06,-7.242024675721462e-05,"1 fundo(s) com PL negativo, total de R$ -949,395.06; excluído(s) da normalização percentual sobre PL positivo",publicável_com_nota_pl_negativo,1.0
2026-08,gestor,Financeiro,Crédito Imobiliário,2,Oliveira Trust,Top 10 geral,2,333331449.62,13109525340.1,13110474735.16,0.025424819188740996,13110474735.16,1.0,124,1,-949395.06,-7.242024675721462e-05,"1 fundo(s) com PL negativo, total de R$ -949,395.06; excluído(s) da normalização percentual sobre PL positivo",publicável_com_nota_pl_negativo,1.0
2026-08,gestor,Financeiro,Crédito Imobiliário,2,Bradesco,Top 10 geral,3,0.0,13109525340.1,13110474735.16,0.0,13110474735.16,1.0,124,1,-949395.06,-7.242024675721462e-05,"1 fundo(s) com PL negativo, total de R$ -949,395.06; excluído(s) da normalização percentual sobre PL positivo",publicável_com_nota_pl_negativo,1.0
2026-08,gestor,Financeiro,Crédito Imobiliário,2,Genial,Top 10 geral,4,58107561.35,13109525340.1,13110474735.16,0.004432147769154818,13110474735.16,1.0,124,1,-949395.06,-7.242024675721462e-05,"1 fundo(s) com PL negativo, total de R$ -949,395.06; excluído(s) da normalização percentual sobre PL positivo",publicável_com_nota_pl_negativo,1.0
2026-08,gestor,Financeiro,Crédito Imobiliário,2,Itaú,Top 10 geral,5,787314809.37,13109525340.1,13110474735.16,0.0600523493827847,13110474735.16,1.0,124,1,-949395.06,-7.242024675721462e-05,"1 fundo(s) com PL negativo, total de R$ -949,395.06; excluído(s) da normalização percentual sobre PL positivo",publicável_com_nota_pl_negativo,1.0
2026-08,gestor,Financeiro,Crédito Imobiliário,2,Tercon Investimentos,Top 10 geral,6,59658577.879999995,13109525340.1,13110474735.16,0.004550451382207093,13110474735.16,1.0,124,1,-949395.06,-7.242024675721462e-05,"1 fundo(s) com PL negativo, total de R$ -949,395.06; excluído(s) da normalização percentual sobre PL positivo",publicável_com_nota_pl_negativo,1.0
2026-08,gestor,Financeiro,Crédito Imobiliário,2,Anga Administracao De Recursos,Top 10 geral,7,0.0,13109525340.1,13110474735.16,0.0,13110474735.16,1.0,124,1,-949395.06,-7.242024675721462e-05,"1 fundo(s) com PL negativo, total de R$ -949,395.06; excluído(s) da normalização percentual sobre PL positivo",publicável_com_nota_pl_negativo,1.0
2026-08,gestor,Financeiro,Crédito Imobiliário,2,Vert,Top 10 geral,8,391712314.82000005,13109525340.1,13110474735.16,0.02987781317861024,13110474735.16,1.0,124,1,-949395.06,-7.242024675721462e-05,"1 fundo(s) com PL negativo, total de R$ -949,395.06; excluído(s) da normalização percentual sobre PL positivo",publicável_com_nota_pl_negativo,1.0
2026-08,gestor,Financeiro,Crédito Imobiliário,2,XP,Top 10 geral,9,535261146.13,13109525340.1,13110474735.16,0.040826984296344605,13110474735.16,1.0,124,1,-949395.06,-7.242024675721462e-05,"1 fundo(s) com PL negativo, total de R$ -949,395.06; excluído(s) da normalização percentual sobre PL positivo",publicável_com_nota_pl_negativo,1.0
2026-08,gestor,Financeiro,Crédito Imobiliário,2,Solis Investimentos,Top 10 geral,10,0.0,13109525340.1,13110474735.16,0.0,13110474735.16,1.0,124,1,-949395.06,-7.242024675721462e-05,"1 fundo(s) com PL negativo, total de R$ -949,395.06; excluído(s) da normalização percentual sobre PL positivo",publicável_com_nota_pl_negativo,1.0
2026-08,gestor,Financeiro,Crédito Imobiliário,2,Outros identificados,residual identificado,11,10945088875.99,13109525340.1,13110474735.16,0.8348354348021575,13110474735.16,1.0,124,1,-949395.06,-7.242024675721462e-05,"1 fundo(s) com PL negativo, total de R$ -949,395.06; excluído(s) da normalização percentual sobre PL positivo",publicável_com_nota_pl_negativo,1.0
2026-08,gestor,Financeiro,Crédito Imobiliário,2,Prestador não informado,campo ausente,12,0.0,13109525340.1,13110474735.16,0.0,13110474735.16,1.0,124,1,-949395.06,-7.242024675721462e-05,"1 fundo(s) com PL negativo, total de R$ -949,395.06; excluído(s) da normalização percentual sobre PL positivo",publicável_com_nota_pl_negativo,1.0
2026-08,gestor,Financeiro,Crédito Consignado,3,BTG Pactual,Top 10 geral,1,34378871012.94,71887168522.12999,71888202191.12,0.4782268851506577,71885746199.87,0.9999658359622978,160,2,-1033668.99,-1.437904721037652e-05,"2 fundo(s) com PL negativo, total de R$ -1,033,668.99; excluído(s) da normalização percentual sobre PL positivo",publicável_com_nota_pl_negativo,1.0
2026-08,gestor,Financeiro,Crédito Consignado,3,Oliveira Trust,Top 10 geral,2,10940164608.659998,71887168522.12999,71888202191.12,0.15218303247554832,71885746199.87,0.9999658359622978,160,2,-1033668.99,-1.437904721037652e-05,"2 fundo(s) com PL negativo, total de R$ -1,033,668.99; excluído(s) da normalização percentual sobre PL positivo",publicável_com_nota_pl_negativo,1.0
2026-08,gestor,Financeiro,Crédito Consignado,3,Bradesco,Top 10 geral,3,0.0,71887168522.12999,71888202191.12,0.0,71885746199.87,0.9999658359622978,160,2,-1033668.99,-1.437904721037652e-05,"2 fundo(s) com PL negativo, total de R$ -1,033,668.99; excluído(s) da normalização percentual sobre PL positivo",publicável_com_nota_pl_negativo,1.0
2026-08,gestor,Financeiro,Crédito Consignado,3,Genial,Top 10 geral,4,0.0,71887168522.12999,71888202191.12,0.0,71885746199.87,0.9999658359622978,160,2,-1033668.99,-1.437904721037652e-05,"2 fundo(s) com PL negativo, total de R$ -1,033,668.99; excluído(s) da normalização percentual sobre PL positivo",publicável_com_nota_pl_negativo,1.0
2026-08,gestor,Financeiro,Crédito Consignado,3,Itaú,Top 10 geral,5,0.0,71887168522.12999,71888202191.12,0.0,71885746199.87,0.9999658359622978,160,2,-1033668.99,-1.437904721037652e-05,"2 fundo(s) com PL negativo, total de R$ -1,033,668.99; excluído(s) da normalização percentual sobre PL positivo",publicável_com_nota_pl_negativo,1.0
2026-08,gestor,Financeiro,Crédito Consignado,3,Tercon Investimentos,Top 10 geral,6,0.0,71887168522.12999,71888202191.12,0.0,71885746199.87,0.9999658359622978,160,2,-1033668.99,-1.437904721037652e-05,"2 fundo(s) com PL negativo, total de R$ -1,033,668.99; excluído(s) da normalização percentual sobre PL positivo",publicável_com_nota_pl_negativo,1.0
2026-08,gestor,Financeiro,Crédito Consignado,3,Anga Administracao De Recursos,Top 10 geral,7,324096692.46999997,71887168522.12999,71888202191.12,0.00450834326901604,71885746199.87,0.9999658359622978,160,2,-1033668.99,-1.437904721037652e-05,"2 fundo(s) com PL negativo, total de R$ -1,033,668.99; excluído(s) da normalização percentual sobre PL positivo",publicável_com_nota_pl_negativo,1.0
2026-08,gestor,Financeiro,Crédito Consignado,3,Vert,Top 10 geral,8,2741242719.47,71887168522.12999,71888202191.12,0.03813202494871422,71885746199.87,0.9999658359622978,160,2,-1033668.99,-1.437904721037652e-05,"2 fundo(s) com PL negativo, total de R$ -1,033,668.99; excluído(s) da normalização percentual sobre PL positivo",publicável_com_nota_pl_negativo,1.0
2026-08,gestor,Financeiro,Crédito Consignado,3,XP,Top 10 geral,9,0.0,71887168522.12999,71888202191.12,0.0,71885746199.87,0.9999658359622978,160,2,-1033668.99,-1.437904721037652e-05,"2 fundo(s) com PL negativo, total de R$ -1,033,668.99; excluído(s) da normalização percentual sobre PL positivo",publicável_com_nota_pl_negativo,1.0
2026-08,gestor,Financeiro,Crédito Consignado,3,Solis Investimentos,Top 10 geral,10,3415058677.34,71887168522.12999,71888202191.12,0.04750513398931328,71885746199.87,0.9999658359622978,160,2,-1033668.99,-1.437904721037652e-05,"2 fundo(s) com PL negativo, total de R$ -1,033,668.99; excluído(s) da normalização percentual sobre PL positivo",publicável_com_nota_pl_negativo,1.0
2026-08,gestor,Financeiro,Crédito Consignado,3,Outros identificados,residual identificado,11,20086312488.989998,71887168522.12999,71888202191.12,0.27941041612904827,71885746199.87,0.9999658359622978,160,2,-1033668.99,-1.437904721037652e-05,"2 fundo(s) com PL negativo, total de R$ -1,033,668.99; excluído(s) da normalização percentual sobre PL positivo",publicável_com_nota_pl_negativo,1.0
2026-08,gestor,Financeiro,Crédito Consignado,3,Prestador não informado,campo ausente,12,2455991.25,71887168522.12999,71888202191.12,3.416403770218887e-05,71885746199.87,0.9999658359622978,160,2,-1033668.99,-1.437904721037652e-05,"2 fundo(s) com PL negativo, total de R$ -1,033,668.99; excluído(s) da normalização percentual sobre PL positivo",publicável_com_nota_pl_negativo,1.0
2026-08,gestor,Financeiro,Crédito Pessoal,4,BTG Pactual,Top 10 geral,1,14669294.07,34484318885.21,34484780311.78999,0.0004253845881391542,34484780311.78999,1.0,139,1,-461426.58,-1.3380765371529537e-05,"1 fundo(s) com PL negativo, total de R$ -461,426.58; excluído(s) da normalização percentual sobre PL positivo",publicável_com_nota_pl_negativo,1.0
2026-08,gestor,Financeiro,Crédito Pessoal,4,Oliveira Trust,Top 10 geral,2,5337701171.95,34484318885.21,34484780311.78999,0.15478425913373425,34484780311.78999,1.0,139,1,-461426.58,-1.3380765371529537e-05,"1 fundo(s) com PL negativo, total de R$ -461,426.58; excluído(s) da normalização percentual sobre PL positivo",publicável_com_nota_pl_negativo,1.0
2026-08,gestor,Financeiro,Crédito Pessoal,4,Bradesco,Top 10 geral,3,0.0,34484318885.21,34484780311.78999,0.0,34484780311.78999,1.0,139,1,-461426.58,-1.3380765371529537e-05,"1 fundo(s) com PL negativo, total de R$ -461,426.58; excluído(s) da normalização percentual sobre PL positivo",publicável_com_nota_pl_negativo,1.0
2026-08,gestor,Financeiro,Crédito Pessoal,4,Genial,Top 10 geral,4,6244854583.9,34484318885.21,34484780311.78999,0.18109016579018042,34484780311.78999,1.0,139,1,-461426.58,-1.3380765371529537e-05,"1 fundo(s) com PL negativo, total de R$ -461,426.58; excluído(s) da normalização percentual sobre PL positivo",publicável_com_nota_pl_negativo,1.0
2026-08,gestor,Financeiro,Crédito Pessoal,4,Itaú,Top 10 geral,5,0.0,34484318885.21,34484780311.78999,0.0,34484780311.78999,1.0,139,1,-461426.58,-1.3380765371529537e-05,"1 fundo(s) com PL negativo, total de R$ -461,426.58; excluído(s) da normalização percentual sobre PL positivo",publicável_com_nota_pl_negativo,1.0
2026-08,gestor,Financeiro,Crédito Pessoal,4,Tercon Investimentos,Top 10 geral,6,0.0,34484318885.21,34484780311.78999,0.0,34484780311.78999,1.0,139,1,-461426.58,-1.3380765371529537e-05,"1 fundo(s) com PL negativo, total de R$ -461,426.58; excluído(s) da normalização percentual sobre PL positivo",publicável_com_nota_pl_negativo,1.0
2026-08,gestor,Financeiro,Crédito Pessoal,4,Anga Administracao De Recursos,Top 10 geral,7,5001188741.0199995,34484318885.21,34484780311.78999,0.14502597075586254,34484780311.78999,1.0,139,1,-461426.58,-1.3380765371529537e-05,"1 fundo(s) com PL negativo, total de R$ -461,426.58; excluído(s) da normalização percentual sobre PL positivo",publicável_com_nota_pl_negativo,1.0
2026-08,gestor,Financeiro,Crédito Pessoal,4,Vert,Top 10 geral,8,1470747766.27,34484318885.21,34484780311.78999,0.0426491847409904,34484780311.78999,1.0,139,1,-461426.58,-1.3380765371529537e-05,"1 fundo(s) com PL negativo, total de R$ -461,426.58; excluído(s) da normalização percentual sobre PL positivo",publicável_com_nota_pl_negativo,1.0
2026-08,gestor,Financeiro,Crédito Pessoal,4,XP,Top 10 geral,9,0.0,34484318885.21,34484780311.78999,0.0,34484780311.78999,1.0,139,1,-461426.58,-1.3380765371529537e-05,"1 fundo(s) com PL negativo, total de R$ -461,426.58; excluído(s) da normalização percentual sobre PL positivo",publicável_com_nota_pl_negativo,1.0
2026-08,gestor,Financeiro,Crédito Pessoal,4,Solis Investimentos,Top 10 geral,10,1369403407.5300002,34484318885.21,34484780311.78999,0.03971037063738565,34484780311.78999,1.0,139,1,-461426.58,-1.3380765371529537e-05,"1 fundo(s) com PL negativo, total de R$ -461,426.58; excluído(s) da normalização percentual sobre PL positivo",publicável_com_nota_pl_negativo,1.0
2026-08,gestor,Financeiro,Crédito Pessoal,4,Outros identificados,residual identificado,11,15046215347.049997,34484318885.21,34484780311.78999,0.4363146643537077,34484780311.78999,1.0,139,1,-461426.58,-1.3380765371529537e-05,"1 fundo(s) com PL negativo, total de R$ -461,426.58; excluído(s) da normalização percentual sobre PL positivo",publicável_com_nota_pl_negativo,1.0
2026-08,gestor,Financeiro,Crédito Pessoal,4,Prestador não informado,campo ausente,12,0.0,34484318885.21,34484780311.78999,0.0,34484780311.78999,1.0,139,1,-461426.58,-1.3380765371529537e-05,"1 fundo(s) com PL negativo, total de R$ -461,426.58; excluído(s) da normalização percentual sobre PL positivo",publicável_com_nota_pl_negativo,1.0
2026-08,gestor,Financeiro,Financiamento de Veículos,5,BTG Pactual,Top 10 geral,1,0.0,18064254108.600002,18064254108.600002,0.0,18064254108.600002,1.0,31,0,0.0,0.0,,publicável,0.9999999999999998
2026-08,gestor,Financeiro,Financiamento de Veículos,5,Oliveira Trust,Top 10 geral,2,559837276.99,18064254108.600002,18064254108.600002,0.030991441640730328,18064254108.600002,1.0,31,0,0.0,0.0,,publicável,0.9999999999999998
2026-08,gestor,Financeiro,Financiamento de Veículos,5,Bradesco,Top 10 geral,3,6109714035.24,18064254108.600002,18064254108.600002,0.3382212184632244,18064254108.600002,1.0,31,0,0.0,0.0,,publicável,0.9999999999999998
2026-08,gestor,Financeiro,Financiamento de Veículos,5,Genial,Top 10 geral,4,0.0,18064254108.600002,18064254108.600002,0.0,18064254108.600002,1.0,31,0,0.0,0.0,,publicável,0.9999999999999998
2026-08,gestor,Financeiro,Financiamento de Veículos,5,Itaú,Top 10 geral,5,0.0,18064254108.600002,18064254108.600002,0.0,18064254108.600002,1.0,31,0,0.0,0.0,,publicável,0.9999999999999998
2026-08,gestor,Financeiro,Financiamento de Veículos,5,Tercon Investimentos,Top 10 geral,6,0.0,18064254108.600002,18064254108.600002,0.0,18064254108.600002,1.0,31,0,0.0,0.0,,publicável,0.9999999999999998
2026-08,gestor,Financeiro,Financiamento de Veículos,5,Anga Administracao De Recursos,Top 10 geral,7,5711622917.259999,18064254108.600002,18064254108.600002,0.3161837119275696,18064254108.600002,1.0,31,0,0.0,0.0,,publicável,0.9999999999999998
2026-08,gestor,Financeiro,Financiamento de Veículos,5,Vert,Top 10 geral,8,869164.47,18064254108.600002,18064254108.600002,4.8115159628219e-05,18064254108.600002,1.0,31,0,0.0,0.0,,publicável,0.9999999999999998
2026-08,gestor,Financeiro,Financiamento de Veículos,5,XP,Top 10 geral,9,0.0,18064254108.600002,18064254108.600002,0.0,18064254108.600002,1.0,31,0,0.0,0.0,,publicável,0.9999999999999998
2026-08,gestor,Financeiro,Financiamento de Veículos,5,Solis Investimentos,Top 10 geral,10,0.0,18064254108.600002,18064254108.600002,0.0,18064254108.600002,1.0,31,0,0.0,0.0,,publicável,0.9999999999999998
2026-08,gestor,Financeiro,Financiamento de Veículos,5,Outros identificados,residual identificado,11,5682210714.64,18064254108.600002,18064254108.600002,0.3145555128088473,18064254108.600002,1.0,31,0,0.0,0.0,,publicável,0.9999999999999998
2026-08,gestor,Financeiro,Financiamento de Veículos,5,Prestador não informado,campo ausente,12,0.0,18064254108.600002,18064254108.600002,0.0,18064254108.600002,1.0,31,0,0.0,0.0,,publicável,0.9999999999999998
2026-08,gestor,Financeiro,Multicarteira Financeiro,6,BTG Pactual,Top 10 geral,1,1457084593.25,96342221183.62999,96413729421.31,0.015112833016580163,96399820700.68,0.9998557392114849,645,6,-71508237.67999999,-0.0007422315657815696,"6 fundo(s) com PL negativo, total de R$ -71,508,237.68; excluído(s) da normalização percentual sobre PL positivo",publicável_com_nota_pl_negativo,1.0
2026-08,gestor,Financeiro,Multicarteira Financeiro,6,Oliveira Trust,Top 10 geral,2,3981825197.4099994,96342221183.62999,96413729421.31,0.041299358725251326,96399820700.68,0.9998557392114849,645,6,-71508237.67999999,-0.0007422315657815696,"6 fundo(s) com PL negativo, total de R$ -71,508,237.68; excluído(s) da normalização percentual sobre PL positivo",publicável_com_nota_pl_negativo,1.0
2026-08,gestor,Financeiro,Multicarteira Financeiro,6,Bradesco,Top 10 geral,3,0.0,96342221183.62999,96413729421.31,0.0,96399820700.68,0.9998557392114849,645,6,-71508237.67999999,-0.0007422315657815696,"6 fundo(s) com PL negativo, total de R$ -71,508,237.68; excluído(s) da normalização percentual sobre PL positivo",publicável_com_nota_pl_negativo,1.0
2026-08,gestor,Financeiro,Multicarteira Financeiro,6,Genial,Top 10 geral,4,2549922167.1,96342221183.62999,96413729421.31,0.0264477080432945,96399820700.68,0.9998557392114849,645,6,-71508237.67999999,-0.0007422315657815696,"6 fundo(s) com PL negativo, total de R$ -71,508,237.68; excluído(s) da normalização percentual sobre PL positivo",publicável_com_nota_pl_negativo,1.0
2026-08,gestor,Financeiro,Multicarteira Financeiro,6,Itaú,Top 10 geral,5,0.0,96342221183.62999,96413729421.31,0.0,96399820700.68,0.9998557392114849,645,6,-71508237.67999999,-0.0007422315657815696,"6 fundo(s) com PL negativo, total de R$ -71,508,237.68; excluído(s) da normalização percentual sobre PL positivo",publicável_com_nota_pl_negativo,1.0
2026-08,gestor,Financeiro,Multicarteira Financeiro,6,Tercon Investimentos,Top 10 geral,6,200424214.72,96342221183.62999,96413729421.31,0.00207879329969888,96399820700.68,0.9998557392114849,645,6,-71508237.67999999,-0.0007422315657815696,"6 fundo(s) com PL negativo, total de R$ -71,508,237.68; excluído(s) da normalização percentual sobre PL positivo",publicável_com_nota_pl_negativo,1.0
2026-08,gestor,Financeiro,Multicarteira Financeiro,6,Anga Administracao De Recursos,Top 10 geral,7,5029460610.93,96342221183.62999,96413729421.31,0.05216539844602625,96399820700.68,0.9998557392114849,645,6,-71508237.67999999,-0.0007422315657815696,"6 fundo(s) com PL negativo, total de R$ -71,508,237.68; excluído(s) da normalização percentual sobre PL positivo",publicável_com_nota_pl_negativo,1.0
2026-08,gestor,Financeiro,Multicarteira Financeiro,6,Vert,Top 10 geral,8,5735520635.8,96342221183.62999,96413729421.31,0.05948862957822994,96399820700.68,0.9998557392114849,645,6,-71508237.67999999,-0.0007422315657815696,"6 fundo(s) com PL negativo, total de R$ -71,508,237.68; excluído(s) da normalização percentual sobre PL positivo",publicável_com_nota_pl_negativo,1.0
2026-08,gestor,Financeiro,Multicarteira Financeiro,6,XP,Top 10 geral,9,287561076.78,96342221183.62999,96413729421.31,0.0029825739394792185,96399820700.68,0.9998557392114849,645,6,-71508237.67999999,-0.0007422315657815696,"6 fundo(s) com PL negativo, total de R$ -71,508,237.68; excluído(s) da normalização percentual sobre PL positivo",publicável_com_nota_pl_negativo,1.0
2026-08,gestor,Financeiro,Multicarteira Financeiro,6,Solis Investimentos,Top 10 geral,10,1716543744.92,96342221183.62999,96413729421.31,0.017803934721983675,96399820700.68,0.9998557392114849,645,6,-71508237.67999999,-0.0007422315657815696,"6 fundo(s) com PL negativo, total de R$ -71,508,237.68; excluído(s) da normalização percentual sobre PL positivo",publicável_com_nota_pl_negativo,1.0
2026-08,gestor,Financeiro,Multicarteira Financeiro,6,Outros identificados,residual identificado,11,75441478459.77,96342221183.62999,96413729421.31,0.782476509440941,96399820700.68,0.9998557392114849,645,6,-71508237.67999999,-0.0007422315657815696,"6 fundo(s) com PL negativo, total de R$ -71,508,237.68; excluído(s) da normalização percentual sobre PL positivo",publicável_com_nota_pl_negativo,1.0
2026-08,gestor,Financeiro,Multicarteira Financeiro,6,Prestador não informado,campo ausente,12,13908720.63,96342221183.62999,96413729421.31,0.00014426078851510337,96399820700.68,0.9998557392114849,645,6,-71508237.67999999,-0.0007422315657815696,"6 fundo(s) com PL negativo, total de R$ -71,508,237.68; excluído(s) da normalização percentual sobre PL positivo",publicável_com_nota_pl_negativo,1.0
2026-08,gestor,"Agro, Indústria e Comércio",Infraestrutura,7,BTG Pactual,Top 10 geral,1,0.0,18432361468.170002,18432819828.65,0.0,18432819828.65,1.0,33,1,-458360.48,-2.4867159901975752e-05,"1 fundo(s) com PL negativo, total de R$ -458,360.48; excluído(s) da normalização percentual sobre PL positivo",publicável_com_nota_pl_negativo,1.0
2026-08,gestor,"Agro, Indústria e Comércio",Infraestrutura,7,Oliveira Trust,Top 10 geral,2,1206125387.22,18432361468.170002,18432819828.65,0.0654335798012482,18432819828.65,1.0,33,1,-458360.48,-2.4867159901975752e-05,"1 fundo(s) com PL negativo, total de R$ -458,360.48; excluído(s) da normalização percentual sobre PL positivo",publicável_com_nota_pl_negativo,1.0
2026-08,gestor,"Agro, Indústria e Comércio",Infraestrutura,7,Bradesco,Top 10 geral,3,0.0,18432361468.170002,18432819828.65,0.0,18432819828.65,1.0,33,1,-458360.48,-2.4867159901975752e-05,"1 fundo(s) com PL negativo, total de R$ -458,360.48; excluído(s) da normalização percentual sobre PL positivo",publicável_com_nota_pl_negativo,1.0
2026-08,gestor,"Agro, Indústria e Comércio",Infraestrutura,7,Genial,Top 10 geral,4,0.0,18432361468.170002,18432819828.65,0.0,18432819828.65,1.0,33,1,-458360.48,-2.4867159901975752e-05,"1 fundo(s) com PL negativo, total de R$ -458,360.48; excluído(s) da normalização percentual sobre PL positivo",publicável_com_nota_pl_negativo,1.0
2026-08,gestor,"Agro, Indústria e Comércio",Infraestrutura,7,Itaú,Top 10 geral,5,2098814451.9700003,18432361468.170002,18432819828.65,0.1138629071124445,18432819828.65,1.0,33,1,-458360.48,-2.4867159901975752e-05,"1 fundo(s) com PL negativo, total de R$ -458,360.48; excluído(s) da normalização percentual sobre PL positivo",publicável_com_nota_pl_negativo,1.0
2026-08,gestor,"Agro, Indústria e Comércio",Infraestrutura,7,Tercon Investimentos,Top 10 geral,6,0.0,18432361468.170002,18432819828.65,0.0,18432819828.65,1.0,33,1,-458360.48,-2.4867159901975752e-05,"1 fundo(s) com PL negativo, total de R$ -458,360.48; excluído(s) da normalização percentual sobre PL positivo",publicável_com_nota_pl_negativo,1.0
2026-08,gestor,"Agro, Indústria e Comércio",Infraestrutura,7,Anga Administracao De Recursos,Top 10 geral,7,0.0,18432361468.170002,18432819828.65,0.0,18432819828.65,1.0,33,1,-458360.48,-2.4867159901975752e-05,"1 fundo(s) com PL negativo, total de R$ -458,360.48; excluído(s) da normalização percentual sobre PL positivo",publicável_com_nota_pl_negativo,1.0
2026-08,gestor,"Agro, Indústria e Comércio",Infraestrutura,7,Vert,Top 10 geral,8,2539517617.4,18432361468.170002,18432819828.65,0.1377715206358631,18432819828.65,1.0,33,1,-458360.48,-2.4867159901975752e-05,"1 fundo(s) com PL negativo, total de R$ -458,360.48; excluído(s) da normalização percentual sobre PL positivo",publicável_com_nota_pl_negativo,1.0
2026-08,gestor,"Agro, Indústria e Comércio",Infraestrutura,7,XP,Top 10 geral,9,7959831126.05,18432361468.170002,18432819828.65,0.43182926975058317,18432819828.65,1.0,33,1,-458360.48,-2.4867159901975752e-05,"1 fundo(s) com PL negativo, total de R$ -458,360.48; excluído(s) da normalização percentual sobre PL positivo",publicável_com_nota_pl_negativo,1.0
2026-08,gestor,"Agro, Indústria e Comércio",Infraestrutura,7,Solis Investimentos,Top 10 geral,10,0.0,18432361468.170002,18432819828.65,0.0,18432819828.65,1.0,33,1,-458360.48,-2.4867159901975752e-05,"1 fundo(s) com PL negativo, total de R$ -458,360.48; excluído(s) da normalização percentual sobre PL positivo",publicável_com_nota_pl_negativo,1.0
2026-08,gestor,"Agro, Indústria e Comércio",Infraestrutura,7,Outros identificados,residual identificado,11,4628531246.01,18432361468.170002,18432819828.65,0.251102722699861,18432819828.65,1.0,33,1,-458360.48,-2.4867159901975752e-05,"1 fundo(s) com PL negativo, total de R$ -458,360.48; excluído(s) da normalização percentual sobre PL positivo",publicável_com_nota_pl_negativo,1.0
2026-08,gestor,"Agro, Indústria e Comércio",Infraestrutura,7,Prestador não informado,campo ausente,12,0.0,18432361468.170002,18432819828.65,0.0,18432819828.65,1.0,33,1,-458360.48,-2.4867159901975752e-05,"1 fundo(s) com PL negativo, total de R$ -458,360.48; excluído(s) da normalização percentual sobre PL positivo",publicável_com_nota_pl_negativo,1.0
2026-08,gestor,"Agro, Indústria e Comércio",Recebíveis Comerciais,8,BTG Pactual,Top 10 geral,1,4075004508.3399997,73442659201.51,73443624979.22,0.05548479543994422,73425045562.84,0.9997470247909841,479,4,-965777.71,-1.3150091792702182e-05,"4 fundo(s) com PL negativo, total de R$ -965,777.71; excluído(s) da normalização percentual sobre PL positivo",publicável_com_nota_pl_negativo,1.0
2026-08,gestor,"Agro, Indústria e Comércio",Recebíveis Comerciais,8,Oliveira Trust,Top 10 geral,2,7336834918.07,73442659201.51,73443624979.22,0.09989750533345637,73425045562.84,0.9997470247909841,479,4,-965777.71,-1.3150091792702182e-05,"4 fundo(s) com PL negativo, total de R$ -965,777.71; excluído(s) da normalização percentual sobre PL positivo",publicável_com_nota_pl_negativo,1.0
2026-08,gestor,"Agro, Indústria e Comércio",Recebíveis Comerciais,8,Bradesco,Top 10 geral,3,8845140291.730001,73442659201.51,73443624979.22,0.12043441883802207,73425045562.84,0.9997470247909841,479,4,-965777.71,-1.3150091792702182e-05,"4 fundo(s) com PL negativo, total de R$ -965,777.71; excluído(s) da normalização percentual sobre PL positivo",publicável_com_nota_pl_negativo,1.0
2026-08,gestor,"Agro, Indústria e Comércio",Recebíveis Comerciais,8,Genial,Top 10 geral,4,1647951495.92,73442659201.51,73443624979.22,0.02243831913779131,73425045562.84,0.9997470247909841,479,4,-965777.71,-1.3150091792702182e-05,"4 fundo(s) com PL negativo, total de R$ -965,777.71; excluído(s) da normalização percentual sobre PL positivo",publicável_com_nota_pl_negativo,1.0
2026-08,gestor,"Agro, Indústria e Comércio",Recebíveis Comerciais,8,Itaú,Top 10 geral,5,3296859038.64,73442659201.51,73443624979.22,0.044889655699494775,73425045562.84,0.9997470247909841,479,4,-965777.71,-1.3150091792702182e-05,"4 fundo(s) com PL negativo, total de R$ -965,777.71; excluído(s) da normalização percentual sobre PL positivo",publicável_com_nota_pl_negativo,1.0
2026-08,gestor,"Agro, Indústria e Comércio",Recebíveis Comerciais,8,Tercon Investimentos,Top 10 geral,6,554280110.53,73442659201.51,73443624979.22,0.007547014607283163,73425045562.84,0.9997470247909841,479,4,-965777.71,-1.3150091792702182e-05,"4 fundo(s) com PL negativo, total de R$ -965,777.71; excluído(s) da normalização percentual sobre PL positivo",publicável_com_nota_pl_negativo,1.0
2026-08,gestor,"Agro, Indústria e Comércio",Recebíveis Comerciais,8,Anga Administracao De Recursos,Top 10 geral,7,153452448.11,73442659201.51,73443624979.22,0.0020893909873514215,73425045562.84,0.9997470247909841,479,4,-965777.71,-1.3150091792702182e-05,"4 fundo(s) com PL negativo, total de R$ -965,777.71; excluído(s) da normalização percentual sobre PL positivo",publicável_com_nota_pl_negativo,1.0
2026-08,gestor,"Agro, Indústria e Comércio",Recebíveis Comerciais,8,Vert,Top 10 geral,8,1881700906.6699998,73442659201.51,73443624979.22,0.02562102438710514,73425045562.84,0.9997470247909841,479,4,-965777.71,-1.3150091792702182e-05,"4 fundo(s) com PL negativo, total de R$ -965,777.71; excluído(s) da normalização percentual sobre PL positivo",publicável_com_nota_pl_negativo,1.0
2026-08,gestor,"Agro, Indústria e Comércio",Recebíveis Comerciais,8,XP,Top 10 geral,9,2037077658.7099998,73442659201.51,73443624979.22,0.027736616476738,73425045562.84,0.9997470247909841,479,4,-965777.71,-1.3150091792702182e-05,"4 fundo(s) com PL negativo, total de R$ -965,777.71; excluído(s) da normalização percentual sobre PL positivo",publicável_com_nota_pl_negativo,1.0
2026-08,gestor,"Agro, Indústria e Comércio",Recebíveis Comerciais,8,Solis Investimentos,Top 10 geral,10,864643911.01,73442659201.51,73443624979.22,0.011772892626890907,73425045562.84,0.9997470247909841,479,4,-965777.71,-1.3150091792702182e-05,"4 fundo(s) com PL negativo, total de R$ -965,777.71; excluído(s) da normalização percentual sobre PL positivo",publicável_com_nota_pl_negativo,1.0
2026-08,gestor,"Agro, Indústria e Comércio",Recebíveis Comerciais,8,Outros identificados,residual identificado,11,42732100275.11,73442659201.51,73443624979.22,0.5818353912569068,73425045562.84,0.9997470247909841,479,4,-965777.71,-1.3150091792702182e-05,"4 fundo(s) com PL negativo, total de R$ -965,777.71; excluído(s) da normalização percentual sobre PL positivo",publicável_com_nota_pl_negativo,1.0
2026-08,gestor,"Agro, Indústria e Comércio",Recebíveis Comerciais,8,Prestador não informado,campo ausente,12,18579416.38,73442659201.51,73443624979.22,0.0002529752090158516,73425045562.84,0.9997470247909841,479,4,-965777.71,-1.3150091792702182e-05,"4 fundo(s) com PL negativo, total de R$ -965,777.71; excluído(s) da normalização percentual sobre PL positivo",publicável_com_nota_pl_negativo,1.0
2026-08,gestor,"Agro, Indústria e Comércio",Crédito Corporativo,9,BTG Pactual,Top 10 geral,1,1057914177.7299999,29457771251.559994,29482283838.349995,0.03588304703701025,29482283838.349995,1.0,133,1,-24512586.79,-0.0008321263201031166,"1 fundo(s) com PL negativo, total de R$ -24,512,586.79; excluído(s) da normalização percentual sobre PL positivo",publicável_com_nota_pl_negativo,1.0000000000000002
2026-08,gestor,"Agro, Indústria e Comércio",Crédito Corporativo,9,Oliveira Trust,Top 10 geral,2,223383756.74,29457771251.559994,29482283838.349995,0.007576881016572626,29482283838.349995,1.0,133,1,-24512586.79,-0.0008321263201031166,"1 fundo(s) com PL negativo, total de R$ -24,512,586.79; excluído(s) da normalização percentual sobre PL positivo",publicável_com_nota_pl_negativo,1.0000000000000002
2026-08,gestor,"Agro, Indústria e Comércio",Crédito Corporativo,9,Bradesco,Top 10 geral,3,2737439044.91,29457771251.559994,29482283838.349995,0.09285030494649778,29482283838.349995,1.0,133,1,-24512586.79,-0.0008321263201031166,"1 fundo(s) com PL negativo, total de R$ -24,512,586.79; excluído(s) da normalização percentual sobre PL positivo",publicável_com_nota_pl_negativo,1.0000000000000002
2026-08,gestor,"Agro, Indústria e Comércio",Crédito Corporativo,9,Genial,Top 10 geral,4,991717.35,29457771251.559994,29482283838.349995,3.363773835967188e-05,29482283838.349995,1.0,133,1,-24512586.79,-0.0008321263201031166,"1 fundo(s) com PL negativo, total de R$ -24,512,586.79; excluído(s) da normalização percentual sobre PL positivo",publicável_com_nota_pl_negativo,1.0000000000000002
2026-08,gestor,"Agro, Indústria e Comércio",Crédito Corporativo,9,Itaú,Top 10 geral,5,0.0,29457771251.559994,29482283838.349995,0.0,29482283838.349995,1.0,133,1,-24512586.79,-0.0008321263201031166,"1 fundo(s) com PL negativo, total de R$ -24,512,586.79; excluído(s) da normalização percentual sobre PL positivo",publicável_com_nota_pl_negativo,1.0000000000000002
2026-08,gestor,"Agro, Indústria e Comércio",Crédito Corporativo,9,Tercon Investimentos,Top 10 geral,6,50636819.309999995,29457771251.559994,29482283838.349995,0.0017175338107332304,29482283838.349995,1.0,133,1,-24512586.79,-0.0008321263201031166,"1 fundo(s) com PL negativo, total de R$ -24,512,586.79; excluído(s) da normalização percentual sobre PL positivo",publicável_com_nota_pl_negativo,1.0000000000000002
2026-08,gestor,"Agro, Indústria e Comércio",Crédito Corporativo,9,Anga Administracao De Recursos,Top 10 geral,7,0.0,29457771251.559994,29482283838.349995,0.0,29482283838.349995,1.0,133,1,-24512586.79,-0.0008321263201031166,"1 fundo(s) com PL negativo, total de R$ -24,512,586.79; excluído(s) da normalização percentual sobre PL positivo",publicável_com_nota_pl_negativo,1.0000000000000002
2026-08,gestor,"Agro, Indústria e Comércio",Crédito Corporativo,9,Vert,Top 10 geral,8,0.0,29457771251.559994,29482283838.349995,0.0,29482283838.349995,1.0,133,1,-24512586.79,-0.0008321263201031166,"1 fundo(s) com PL negativo, total de R$ -24,512,586.79; excluído(s) da normalização percentual sobre PL positivo",publicável_com_nota_pl_negativo,1.0000000000000002
2026-08,gestor,"Agro, Indústria e Comércio",Crédito Corporativo,9,XP,Top 10 geral,9,0.0,29457771251.559994,29482283838.349995,0.0,29482283838.349995,1.0,133,1,-24512586.79,-0.0008321263201031166,"1 fundo(s) com PL negativo, total de R$ -24,512,586.79; excluído(s) da normalização percentual sobre PL positivo",publicável_com_nota_pl_negativo,1.0000000000000002
2026-08,gestor,"Agro, Indústria e Comércio",Crédito Corporativo,9,Solis Investimentos,Top 10 geral,10,260687254.64000002,29457771251.559994,29482283838.349995,0.00884216623343484,29482283838.349995,1.0,133,1,-24512586.79,-0.0008321263201031166,"1 fundo(s) com PL negativo, total de R$ -24,512,586.79; excluído(s) da normalização percentual sobre PL positivo",publicável_com_nota_pl_negativo,1.0000000000000002
2026-08,gestor,"Agro, Indústria e Comércio",Crédito Corporativo,9,Outros identificados,residual identificado,11,25151231067.67,29457771251.559994,29482283838.349995,0.8530964292173917,29482283838.349995,1.0,133,1,-24512586.79,-0.0008321263201031166,"1 fundo(s) com PL negativo, total de R$ -24,512,586.79; excluído(s) da normalização percentual sobre PL positivo",publicável_com_nota_pl_negativo,1.0000000000000002
2026-08,gestor,"Agro, Indústria e Comércio",Crédito Corporativo,9,Prestador não informado,campo ausente,12,0.0,29457771251.559994,29482283838.349995,0.0,29482283838.349995,1.0,133,1,-24512586.79,-0.0008321263201031166,"1 fundo(s) com PL negativo, total de R$ -24,512,586.79; excluído(s) da normalização percentual sobre PL positivo",publicável_com_nota_pl_negativo,1.0000000000000002
2026-08,gestor,"Agro, Indústria e Comércio",Agronegócio,10,BTG Pactual,Top 10 geral,1,146957968.54000002,16226556803.949999,16234441817.9,0.009052234144444993,16234441817.9,1.0,86,1,-7885013.95,-0.0004859326624413977,"1 fundo(s) com PL negativo, total de R$ -7,885,013.95; excluído(s) da normalização percentual sobre PL positivo",publicável_com_nota_pl_negativo,1.0000000000000002
2026-08,gestor,"Agro, Indústria e Comércio",Agronegócio,10,Oliveira Trust,Top 10 geral,2,0.0,16226556803.949999,16234441817.9,0.0,16234441817.9,1.0,86,1,-7885013.95,-0.0004859326624413977,"1 fundo(s) com PL negativo, total de R$ -7,885,013.95; excluído(s) da normalização percentual sobre PL positivo",publicável_com_nota_pl_negativo,1.0000000000000002
2026-08,gestor,"Agro, Indústria e Comércio",Agronegócio,10,Bradesco,Top 10 geral,3,0.0,16226556803.949999,16234441817.9,0.0,16234441817.9,1.0,86,1,-7885013.95,-0.0004859326624413977,"1 fundo(s) com PL negativo, total de R$ -7,885,013.95; excluído(s) da normalização percentual sobre PL positivo",publicável_com_nota_pl_negativo,1.0000000000000002
2026-08,gestor,"Agro, Indústria e Comércio",Agronegócio,10,Genial,Top 10 geral,4,89786147.82000001,16226556803.949999,16234441817.9,0.0055305965445022155,16234441817.9,1.0,86,1,-7885013.95,-0.0004859326624413977,"1 fundo(s) com PL negativo, total de R$ -7,885,013.95; excluído(s) da normalização percentual sobre PL positivo",publicável_com_nota_pl_negativo,1.0000000000000002
2026-08,gestor,"Agro, Indústria e Comércio",Agronegócio,10,Itaú,Top 10 geral,5,2112846200.08,16226556803.949999,16234441817.9,0.13014590977500615,16234441817.9,1.0,86,1,-7885013.95,-0.0004859326624413977,"1 fundo(s) com PL negativo, total de R$ -7,885,013.95; excluído(s) da normalização percentual sobre PL positivo",publicável_com_nota_pl_negativo,1.0000000000000002
2026-08,gestor,"Agro, Indústria e Comércio",Agronegócio,10,Tercon Investimentos,Top 10 geral,6,24268215.46,16226556803.949999,16234441817.9,0.0014948598622739225,16234441817.9,1.0,86,1,-7885013.95,-0.0004859326624413977,"1 fundo(s) com PL negativo, total de R$ -7,885,013.95; excluído(s) da normalização percentual sobre PL positivo",publicável_com_nota_pl_negativo,1.0000000000000002
2026-08,gestor,"Agro, Indústria e Comércio",Agronegócio,10,Anga Administracao De Recursos,Top 10 geral,7,0.0,16226556803.949999,16234441817.9,0.0,16234441817.9,1.0,86,1,-7885013.95,-0.0004859326624413977,"1 fundo(s) com PL negativo, total de R$ -7,885,013.95; excluído(s) da normalização percentual sobre PL positivo",publicável_com_nota_pl_negativo,1.0000000000000002
2026-08,gestor,"Agro, Indústria e Comércio",Agronegócio,10,Vert,Top 10 geral,8,161612109.78,16226556803.949999,16234441817.9,0.009954891679848669,16234441817.9,1.0,86,1,-7885013.95,-0.0004859326624413977,"1 fundo(s) com PL negativo, total de R$ -7,885,013.95; excluído(s) da normalização percentual sobre PL positivo",publicável_com_nota_pl_negativo,1.0000000000000002
2026-08,gestor,"Agro, Indústria e Comércio",Agronegócio,10,XP,Top 10 geral,9,151294724.85,16226556803.949999,16234441817.9,0.009319367216135717,16234441817.9,1.0,86,1,-7885013.95,-0.0004859326624413977,"1 fundo(s) com PL negativo, total de R$ -7,885,013.95; excluído(s) da normalização percentual sobre PL positivo",publicável_com_nota_pl_negativo,1.0000000000000002
2026-08,gestor,"Agro, Indústria e Comércio",Agronegócio,10,Solis Investimentos,Top 10 geral,10,0.0,16226556803.949999,16234441817.9,0.0,16234441817.9,1.0,86,1,-7885013.95,-0.0004859326624413977,"1 fundo(s) com PL negativo, total de R$ -7,885,013.95; excluído(s) da normalização percentual sobre PL positivo",publicável_com_nota_pl_negativo,1.0000000000000002
2026-08,gestor,"Agro, Indústria e Comércio",Agronegócio,10,Outros identificados,residual identificado,11,13547676451.37,16226556803.949999,16234441817.9,0.8345021407777884,16234441817.9,1.0,86,1,-7885013.95,-0.0004859326624413977,"1 fundo(s) com PL negativo, total de R$ -7,885,013.95; excluído(s) da normalização percentual sobre PL positivo",publicável_com_nota_pl_negativo,1.0000000000000002
2026-08,gestor,"Agro, Indústria e Comércio",Agronegócio,10,Prestador não informado,campo ausente,12,0.0,16226556803.949999,16234441817.9,0.0,16234441817.9,1.0,86,1,-7885013.95,-0.0004859326624413977,"1 fundo(s) com PL negativo, total de R$ -7,885,013.95; excluído(s) da normalização percentual sobre PL positivo",publicável_com_nota_pl_negativo,1.0000000000000002
2026-08,gestor,"Agro, Indústria e Comércio","Multicarteira Agro, Indústria e Comércio",11,BTG Pactual,Top 10 geral,1,796657901.68,19015709567.6,19015715054.11,0.041894711790383746,19015715054.11,1.0,96,1,-5486.51,-2.885251260541029e-07,"1 fundo(s) com PL negativo, total de R$ -5,486.51; excluído(s) da normalização percentual sobre PL positivo",publicável_com_nota_pl_negativo,1.0
2026-08,gestor,"Agro, Indústria e Comércio","Multicarteira Agro, Indústria e Comércio",11,Oliveira Trust,Top 10 geral,2,153147003.83,19015709567.6,19015715054.11,0.008053707335969955,19015715054.11,1.0,96,1,-5486.51,-2.885251260541029e-07,"1 fundo(s) com PL negativo, total de R$ -5,486.51; excluído(s) da normalização percentual sobre PL positivo",publicável_com_nota_pl_negativo,1.0
2026-08,gestor,"Agro, Indústria e Comércio","Multicarteira Agro, Indústria e Comércio",11,Bradesco,Top 10 geral,3,539523743.71,19015709567.6,19015715054.11,0.028372519370150583,19015715054.11,1.0,96,1,-5486.51,-2.885251260541029e-07,"1 fundo(s) com PL negativo, total de R$ -5,486.51; excluído(s) da normalização percentual sobre PL positivo",publicável_com_nota_pl_negativo,1.0
2026-08,gestor,"Agro, Indústria e Comércio","Multicarteira Agro, Indústria e Comércio",11,Genial,Top 10 geral,4,0.0,19015709567.6,19015715054.11,0.0,19015715054.11,1.0,96,1,-5486.51,-2.885251260541029e-07,"1 fundo(s) com PL negativo, total de R$ -5,486.51; excluído(s) da normalização percentual sobre PL positivo",publicável_com_nota_pl_negativo,1.0
2026-08,gestor,"Agro, Indústria e Comércio","Multicarteira Agro, Indústria e Comércio",11,Itaú,Top 10 geral,5,0.0,19015709567.6,19015715054.11,0.0,19015715054.11,1.0,96,1,-5486.51,-2.885251260541029e-07,"1 fundo(s) com PL negativo, total de R$ -5,486.51; excluído(s) da normalização percentual sobre PL positivo",publicável_com_nota_pl_negativo,1.0
2026-08,gestor,"Agro, Indústria e Comércio","Multicarteira Agro, Indústria e Comércio",11,Tercon Investimentos,Top 10 geral,6,178468532.98,19015709567.6,19015715054.11,0.009385318010506596,19015715054.11,1.0,96,1,-5486.51,-2.885251260541029e-07,"1 fundo(s) com PL negativo, total de R$ -5,486.51; excluído(s) da normalização percentual sobre PL positivo",publicável_com_nota_pl_negativo,1.0
2026-08,gestor,"Agro, Indústria e Comércio","Multicarteira Agro, Indústria e Comércio",11,Anga Administracao De Recursos,Top 10 geral,7,0.0,19015709567.6,19015715054.11,0.0,19015715054.11,1.0,96,1,-5486.51,-2.885251260541029e-07,"1 fundo(s) com PL negativo, total de R$ -5,486.51; excluído(s) da normalização percentual sobre PL positivo",publicável_com_nota_pl_negativo,1.0
2026-08,gestor,"Agro, Indústria e Comércio","Multicarteira Agro, Indústria e Comércio",11,Vert,Top 10 geral,8,98396967.02000001,19015709567.6,19015715054.11,0.005174507860472635,19015715054.11,1.0,96,1,-5486.51,-2.885251260541029e-07,"1 fundo(s) com PL negativo, total de R$ -5,486.51; excluído(s) da normalização percentual sobre PL positivo",publicável_com_nota_pl_negativo,1.0
2026-08,gestor,"Agro, Indústria e Comércio","Multicarteira Agro, Indústria e Comércio",11,XP,Top 10 geral,9,183506962.98,19015709567.6,19015715054.11,0.009650279385120326,19015715054.11,1.0,96,1,-5486.51,-2.885251260541029e-07,"1 fundo(s) com PL negativo, total de R$ -5,486.51; excluído(s) da normalização percentual sobre PL positivo",publicável_com_nota_pl_negativo,1.0
2026-08,gestor,"Agro, Indústria e Comércio","Multicarteira Agro, Indústria e Comércio",11,Solis Investimentos,Top 10 geral,10,91223640.64,19015709567.6,19015715054.11,0.004797276378007315,19015715054.11,1.0,96,1,-5486.51,-2.885251260541029e-07,"1 fundo(s) com PL negativo, total de R$ -5,486.51; excluído(s) da normalização percentual sobre PL positivo",publicável_com_nota_pl_negativo,1.0
2026-08,gestor,"Agro, Indústria e Comércio","Multicarteira Agro, Indústria e Comércio",11,Outros identificados,residual identificado,11,16974790301.27,19015709567.6,19015715054.11,0.8926716798693889,19015715054.11,1.0,96,1,-5486.51,-2.885251260541029e-07,"1 fundo(s) com PL negativo, total de R$ -5,486.51; excluído(s) da normalização percentual sobre PL positivo",publicável_com_nota_pl_negativo,1.0
2026-08,gestor,"Agro, Indústria e Comércio","Multicarteira Agro, Indústria e Comércio",11,Prestador não informado,campo ausente,12,0.0,19015709567.6,19015715054.11,0.0,19015715054.11,1.0,96,1,-5486.51,-2.885251260541029e-07,"1 fundo(s) com PL negativo, total de R$ -5,486.51; excluído(s) da normalização percentual sobre PL positivo",publicável_com_nota_pl_negativo,1.0
2026-08,gestor,Outros,Recuperação,12,BTG Pactual,Top 10 geral,1,34645068.67,34994465756.67,34994465756.67,0.0009900156473569425,34994465756.67,1.0,97,0,0.0,0.0,,publicável,1.0000000000000002
2026-08,gestor,Outros,Recuperação,12,Oliveira Trust,Top 10 geral,2,0.0,34994465756.67,34994465756.67,0.0,34994465756.67,1.0,97,0,0.0,0.0,,publicável,1.0000000000000002
2026-08,gestor,Outros,Recuperação,12,Bradesco,Top 10 geral,3,0.0,34994465756.67,34994465756.67,0.0,34994465756.67,1.0,97,0,0.0,0.0,,publicável,1.0000000000000002
2026-08,gestor,Outros,Recuperação,12,Genial,Top 10 geral,4,0.0,34994465756.67,34994465756.67,0.0,34994465756.67,1.0,97,0,0.0,0.0,,publicável,1.0000000000000002
2026-08,gestor,Outros,Recuperação,12,Itaú,Top 10 geral,5,311146812.11,34994465756.67,34994465756.67,0.008891314823135854,34994465756.67,1.0,97,0,0.0,0.0,,publicável,1.0000000000000002
2026-08,gestor,Outros,Recuperação,12,Tercon Investimentos,Top 10 geral,6,0.0,34994465756.67,34994465756.67,0.0,34994465756.67,1.0,97,0,0.0,0.0,,publicável,1.0000000000000002
2026-08,gestor,Outros,Recuperação,12,Anga Administracao De Recursos,Top 10 geral,7,0.0,34994465756.67,34994465756.67,0.0,34994465756.67,1.0,97,0,0.0,0.0,,publicável,1.0000000000000002
2026-08,gestor,Outros,Recuperação,12,Vert,Top 10 geral,8,0.0,34994465756.67,34994465756.67,0.0,34994465756.67,1.0,97,0,0.0,0.0,,publicável,1.0000000000000002
2026-08,gestor,Outros,Recuperação,12,XP,Top 10 geral,9,417372897.95,34994465756.67,34994465756.67,0.011926825825893573,34994465756.67,1.0,97,0,0.0,0.0,,publicável,1.0000000000000002
2026-08,gestor,Outros,Recuperação,12,Solis Investimentos,Top 10 geral,10,100171395.12,34994465756.67,34994465756.67,0.002862492481426358,34994465756.67,1.0,97,0,0.0,0.0,,publicável,1.0000000000000002
2026-08,gestor,Outros,Recuperação,12,Outros identificados,residual identificado,11,34131129582.820004,34994465756.67,34994465756.67,0.9753293512221874,34994465756.67,1.0,97,0,0.0,0.0,,publicável,1.0000000000000002
2026-08,gestor,Outros,Recuperação,12,Prestador não informado,campo ausente,12,0.0,34994465756.67,34994465756.67,0.0,34994465756.67,1.0,97,0,0.0,0.0,,publicável,1.0000000000000002
2026-08,gestor,Outros,Poder Público,13,BTG Pactual,Top 10 geral,1,10954546581.08,83432114073.29001,83432462548.15999,0.13129837291757596,83417393162.52998,0.9998193822264169,513,4,-348474.87,-4.176747453551113e-06,"4 fundo(s) com PL negativo, total de R$ -348,474.87; excluído(s) da normalização percentual sobre PL positivo",publicável_com_nota_pl_negativo,1.0
2026-08,gestor,Outros,Poder Público,13,Oliveira Trust,Top 10 geral,2,2183170912.17,83432114073.29001,83432462548.15999,0.026166924066394436,83417393162.52998,0.9998193822264169,513,4,-348474.87,-4.176747453551113e-06,"4 fundo(s) com PL negativo, total de R$ -348,474.87; excluído(s) da normalização percentual sobre PL positivo",publicável_com_nota_pl_negativo,1.0
2026-08,gestor,Outros,Poder Público,13,Bradesco,Top 10 geral,3,363862533.78,83432114073.29001,83432462548.15999,0.004361162581890309,83417393162.52998,0.9998193822264169,513,4,-348474.87,-4.176747453551113e-06,"4 fundo(s) com PL negativo, total de R$ -348,474.87; excluído(s) da normalização percentual sobre PL positivo",publicável_com_nota_pl_negativo,1.0
2026-08,gestor,Outros,Poder Público,13,Genial,Top 10 geral,4,60725586.29,83432114073.29001,83432462548.15999,0.0007278412315224086,83417393162.52998,0.9998193822264169,513,4,-348474.87,-4.176747453551113e-06,"4 fundo(s) com PL negativo, total de R$ -348,474.87; excluído(s) da normalização percentual sobre PL positivo",publicável_com_nota_pl_negativo,1.0
2026-08,gestor,Outros,Poder Público,13,Itaú,Top 10 geral,5,1698291085.9,83432114073.29001,83432462548.15999,0.020355279396430257,83417393162.52998,0.9998193822264169,513,4,-348474.87,-4.176747453551113e-06,"4 fundo(s) com PL negativo, total de R$ -348,474.87; excluído(s) da normalização percentual sobre PL positivo",publicável_com_nota_pl_negativo,1.0
2026-08,gestor,Outros,Poder Público,13,Tercon Investimentos,Top 10 geral,6,226962540.46,83432114073.29001,83432462548.15999,0.0027203145337942013,83417393162.52998,0.9998193822264169,513,4,-348474.87,-4.176747453551113e-06,"4 fundo(s) com PL negativo, total de R$ -348,474.87; excluído(s) da normalização percentual sobre PL positivo",publicável_com_nota_pl_negativo,1.0
2026-08,gestor,Outros,Poder Público,13,Anga Administracao De Recursos,Top 10 geral,7,0.0,83432114073.29001,83432462548.15999,0.0,83417393162.52998,0.9998193822264169,513,4,-348474.87,-4.176747453551113e-06,"4 fundo(s) com PL negativo, total de R$ -348,474.87; excluído(s) da normalização percentual sobre PL positivo",publicável_com_nota_pl_negativo,1.0
2026-08,gestor,Outros,Poder Público,13,Vert,Top 10 geral,8,14745421.31,83432114073.29001,83432462548.15999,0.00017673482071188363,83417393162.52998,0.9998193822264169,513,4,-348474.87,-4.176747453551113e-06,"4 fundo(s) com PL negativo, total de R$ -348,474.87; excluído(s) da normalização percentual sobre PL positivo",publicável_com_nota_pl_negativo,1.0
2026-08,gestor,Outros,Poder Público,13,XP,Top 10 geral,9,2964652917.51,83432114073.29001,83432462548.15999,0.0355335660361062,83417393162.52998,0.9998193822264169,513,4,-348474.87,-4.176747453551113e-06,"4 fundo(s) com PL negativo, total de R$ -348,474.87; excluído(s) da normalização percentual sobre PL positivo",publicável_com_nota_pl_negativo,1.0
2026-08,gestor,Outros,Poder Público,13,Solis Investimentos,Top 10 geral,10,16921075.71,83432114073.29001,83432462548.15999,0.00020281165380001332,83417393162.52998,0.9998193822264169,513,4,-348474.87,-4.176747453551113e-06,"4 fundo(s) com PL negativo, total de R$ -348,474.87; excluído(s) da normalização percentual sobre PL positivo",publicável_com_nota_pl_negativo,1.0
2026-08,gestor,Outros,Poder Público,13,Outros identificados,residual identificado,11,64933514508.31999,83432114073.29001,83432462548.15999,0.7782763749881914,83417393162.52998,0.9998193822264169,513,4,-348474.87,-4.176747453551113e-06,"4 fundo(s) com PL negativo, total de R$ -348,474.87; excluído(s) da normalização percentual sobre PL positivo",publicável_com_nota_pl_negativo,1.0
2026-08,gestor,Outros,Poder Público,13,Prestador não informado,campo ausente,12,15069385.63,83432114073.29001,83432462548.15999,0.0001806177735830517,83417393162.52998,0.9998193822264169,513,4,-348474.87,-4.176747453551113e-06,"4 fundo(s) com PL negativo, total de R$ -348,474.87; excluído(s) da normalização percentual sobre PL positivo",publicável_com_nota_pl_negativo,1.0
2026-08,gestor,Outros,Multicarteira Outros,14,BTG Pactual,Top 10 geral,1,4652101569.810001,71571302561.7,71608817536.69,0.06496548511538286,71608817536.69,1.0,350,5,-37514974.99,-0.0005241622500534931,"5 fundo(s) com PL negativo, total de R$ -37,514,974.99; excluído(s) da normalização percentual sobre PL positivo",publicável_com_nota_pl_negativo,1.0000000000000002
2026-08,gestor,Outros,Multicarteira Outros,14,Oliveira Trust,Top 10 geral,2,0.0,71571302561.7,71608817536.69,0.0,71608817536.69,1.0,350,5,-37514974.99,-0.0005241622500534931,"5 fundo(s) com PL negativo, total de R$ -37,514,974.99; excluído(s) da normalização percentual sobre PL positivo",publicável_com_nota_pl_negativo,1.0000000000000002
2026-08,gestor,Outros,Multicarteira Outros,14,Bradesco,Top 10 geral,3,2045856427.66,71571302561.7,71608817536.69,0.028569895412834747,71608817536.69,1.0,350,5,-37514974.99,-0.0005241622500534931,"5 fundo(s) com PL negativo, total de R$ -37,514,974.99; excluído(s) da normalização percentual sobre PL positivo",publicável_com_nota_pl_negativo,1.0000000000000002
2026-08,gestor,Outros,Multicarteira Outros,14,Genial,Top 10 geral,4,0.0,71571302561.7,71608817536.69,0.0,71608817536.69,1.0,350,5,-37514974.99,-0.0005241622500534931,"5 fundo(s) com PL negativo, total de R$ -37,514,974.99; excluído(s) da normalização percentual sobre PL positivo",publicável_com_nota_pl_negativo,1.0000000000000002
2026-08,gestor,Outros,Multicarteira Outros,14,Itaú,Top 10 geral,5,9406623475.35,71571302561.7,71608817536.69,0.13136124570874746,71608817536.69,1.0,350,5,-37514974.99,-0.0005241622500534931,"5 fundo(s) com PL negativo, total de R$ -37,514,974.99; excluído(s) da normalização percentual sobre PL positivo",publicável_com_nota_pl_negativo,1.0000000000000002
2026-08,gestor,Outros,Multicarteira Outros,14,Tercon Investimentos,Top 10 geral,6,675159209.74,71571302561.7,71608817536.69,0.009428436789841847,71608817536.69,1.0,350,5,-37514974.99,-0.0005241622500534931,"5 fundo(s) com PL negativo, total de R$ -37,514,974.99; excluído(s) da normalização percentual sobre PL positivo",publicável_com_nota_pl_negativo,1.0000000000000002
2026-08,gestor,Outros,Multicarteira Outros,14,Anga Administracao De Recursos,Top 10 geral,7,224905867.05,71571302561.7,71608817536.69,0.003140756610521681,71608817536.69,1.0,350,5,-37514974.99,-0.0005241622500534931,"5 fundo(s) com PL negativo, total de R$ -37,514,974.99; excluído(s) da normalização percentual sobre PL positivo",publicável_com_nota_pl_negativo,1.0000000000000002
2026-08,gestor,Outros,Multicarteira Outros,14,Vert,Top 10 geral,8,21619336.43,71571302561.7,71608817536.69,0.0003019088594630537,71608817536.69,1.0,350,5,-37514974.99,-0.0005241622500534931,"5 fundo(s) com PL negativo, total de R$ -37,514,974.99; excluído(s) da normalização percentual sobre PL positivo",publicável_com_nota_pl_negativo,1.0000000000000002
2026-08,gestor,Outros,Multicarteira Outros,14,XP,Top 10 geral,9,686295181.7099999,71571302561.7,71608817536.69,0.009583947973423313,71608817536.69,1.0,350,5,-37514974.99,-0.0005241622500534931,"5 fundo(s) com PL negativo, total de R$ -37,514,974.99; excluído(s) da normalização percentual sobre PL positivo",publicável_com_nota_pl_negativo,1.0000000000000002
2026-08,gestor,Outros,Multicarteira Outros,14,Solis Investimentos,Top 10 geral,10,3526908226.169999,71571302561.7,71608817536.69,0.049252429344513717,71608817536.69,1.0,350,5,-37514974.99,-0.0005241622500534931,"5 fundo(s) com PL negativo, total de R$ -37,514,974.99; excluído(s) da normalização percentual sobre PL positivo",publicável_com_nota_pl_negativo,1.0000000000000002
2026-08,gestor,Outros,Multicarteira Outros,14,Outros identificados,residual identificado,11,50369348242.77001,71571302561.7,71608817536.69,0.7033958941852715,71608817536.69,1.0,350,5,-37514974.99,-0.0005241622500534931,"5 fundo(s) com PL negativo, total de R$ -37,514,974.99; excluído(s) da normalização percentual sobre PL positivo",publicável_com_nota_pl_negativo,1.0000000000000002
2026-08,gestor,Outros,Multicarteira Outros,14,Prestador não informado,campo ausente,12,0.0,71571302561.7,71608817536.69,0.0,71608817536.69,1.0,350,5,-37514974.99,-0.0005241622500534931,"5 fundo(s) com PL negativo, total de R$ -37,514,974.99; excluído(s) da normalização percentual sobre PL positivo",publicável_com_nota_pl_negativo,1.0000000000000002
2026-08,gestor,"Agro, Indústria e Comércio",N/D,15,BTG Pactual,Top 10 geral,1,0.0,0.0,0.0,,0.0,,3,0,0.0,,,bloqueado_sem_denominador_positivo,
2026-08,gestor,"Agro, Indústria e Comércio",N/D,15,Oliveira Trust,Top 10 geral,2,0.0,0.0,0.0,,0.0,,3,0,0.0,,,bloqueado_sem_denominador_positivo,
2026-08,gestor,"Agro, Indústria e Comércio",N/D,15,Bradesco,Top 10 geral,3,0.0,0.0,0.0,,0.0,,3,0,0.0,,,bloqueado_sem_denominador_positivo,
2026-08,gestor,"Agro, Indústria e Comércio",N/D,15,Genial,Top 10 geral,4,0.0,0.0,0.0,,0.0,,3,0,0.0,,,bloqueado_sem_denominador_positivo,
2026-08,gestor,"Agro, Indústria e Comércio",N/D,15,Itaú,Top 10 geral,5,0.0,0.0,0.0,,0.0,,3,0,0.0,,,bloqueado_sem_denominador_positivo,
2026-08,gestor,"Agro, Indústria e Comércio",N/D,15,Tercon Investimentos,Top 10 geral,6,0.0,0.0,0.0,,0.0,,3,0,0.0,,,bloqueado_sem_denominador_positivo,
2026-08,gestor,"Agro, Indústria e Comércio",N/D,15,Anga Administracao De Recursos,Top 10 geral,7,0.0,0.0,0.0,,0.0,,3,0,0.0,,,bloqueado_sem_denominador_positivo,
2026-08,gestor,"Agro, Indústria e Comércio",N/D,15,Vert,Top 10 geral,8,0.0,0.0,0.0,,0.0,,3,0,0.0,,,bloqueado_sem_denominador_positivo,
2026-08,gestor,"Agro, Indústria e Comércio",N/D,15,XP,Top 10 geral,9,0.0,0.0,0.0,,0.0,,3,0,0.0,,,bloqueado_sem_denominador_positivo,
2026-08,gestor,"Agro, Indústria e Comércio",N/D,15,Solis Investimentos,Top 10 geral,10,0.0,0.0,0.0,,0.0,,3,0,0.0,,,bloqueado_sem_denominador_positivo,
2026-08,gestor,"Agro, Indústria e Comércio",N/D,15,Outros identificados,residual identificado,11,0.0,0.0,0.0,,0.0,,3,0,0.0,,,bloqueado_sem_denominador_positivo,
2026-08,gestor,"Agro, Indústria e Comércio",N/D,15,Prestador não informado,campo ausente,12,0.0,0.0,0.0,,0.0,,3,0,0.0,,,bloqueado_sem_denominador_positivo,
2026-08,gestor,Financeiro,Adquirência,16,BTG Pactual,Top 10 geral,1,8837452349.269999,59448957986.82,59448957986.82,0.14865613542342132,59448957986.82,1.0,29,0,0.0,0.0,,publicável,1.0
2026-08,gestor,Financeiro,Adquirência,16,Oliveira Trust,Top 10 geral,2,10079123874.91,59448957986.82,59448957986.82,0.16954248175627518,59448957986.82,1.0,29,0,0.0,0.0,,publicável,1.0
2026-08,gestor,Financeiro,Adquirência,16,Bradesco,Top 10 geral,3,20785849399.15,59448957986.82,59448957986.82,0.3496419466890956,59448957986.82,1.0,29,0,0.0,0.0,,publicável,1.0
2026-08,gestor,Financeiro,Adquirência,16,Genial,Top 10 geral,4,15436859667.47,59448957986.82,59448957986.82,0.25966577363546717,59448957986.82,1.0,29,0,0.0,0.0,,publicável,1.0
2026-08,gestor,Financeiro,Adquirência,16,Itaú,Top 10 geral,5,0.0,59448957986.82,59448957986.82,0.0,59448957986.82,1.0,29,0,0.0,0.0,,publicável,1.0
2026-08,gestor,Financeiro,Adquirência,16,Tercon Investimentos,Top 10 geral,6,0.0,59448957986.82,59448957986.82,0.0,59448957986.82,1.0,29,0,0.0,0.0,,publicável,1.0
2026-08,gestor,Financeiro,Adquirência,16,Anga Administracao De Recursos,Top 10 geral,7,0.0,59448957986.82,59448957986.82,0.0,59448957986.82,1.0,29,0,0.0,0.0,,publicável,1.0
2026-08,gestor,Financeiro,Adquirência,16,Vert,Top 10 geral,8,225091227.33,59448957986.82,59448957986.82,0.003786293905772131,59448957986.82,1.0,29,0,0.0,0.0,,publicável,1.0
2026-08,gestor,Financeiro,Adquirência,16,XP,Top 10 geral,9,0.0,59448957986.82,59448957986.82,0.0,59448957986.82,1.0,29,0,0.0,0.0,,publicável,1.0
2026-08,gestor,Financeiro,Adquirência,16,Solis Investimentos,Top 10 geral,10,505806579.78,59448957986.82,59448957986.82,0.008508249713849295,59448957986.82,1.0,29,0,0.0,0.0,,publicável,1.0
2026-08,gestor,Financeiro,Adquirência,16,Outros identificados,residual identificado,11,3578774888.91,59448957986.82,59448957986.82,0.06019911887611931,59448957986.82,1.0,29,0,0.0,0.0,,publicável,1.0
2026-08,gestor,Financeiro,Adquirência,16,Prestador não informado,campo ausente,12,0.0,59448957986.82,59448957986.82,0.0,59448957986.82,1.0,29,0,0.0,0.0,,publicável,1.0
2026-08,gestor,Financeiro,Cartão de crédito,17,BTG Pactual,Top 10 geral,1,0.0,462027778.64000005,462027778.64000005,0.0,462027778.64000005,1.0,5,0,0.0,0.0,,publicável,0.9999999999999999
2026-08,gestor,Financeiro,Cartão de crédito,17,Oliveira Trust,Top 10 geral,2,0.0,462027778.64000005,462027778.64000005,0.0,462027778.64000005,1.0,5,0,0.0,0.0,,publicável,0.9999999999999999
2026-08,gestor,Financeiro,Cartão de crédito,17,Bradesco,Top 10 geral,3,0.0,462027778.64000005,462027778.64000005,0.0,462027778.64000005,1.0,5,0,0.0,0.0,,publicável,0.9999999999999999
2026-08,gestor,Financeiro,Cartão de crédito,17,Genial,Top 10 geral,4,306741373.91,462027778.64000005,462027778.64000005,0.663902449356849,462027778.64000005,1.0,5,0,0.0,0.0,,publicável,0.9999999999999999
2026-08,gestor,Financeiro,Cartão de crédito,17,Itaú,Top 10 geral,5,0.0,462027778.64000005,462027778.64000005,0.0,462027778.64000005,1.0,5,0,0.0,0.0,,publicável,0.9999999999999999
2026-08,gestor,Financeiro,Cartão de crédito,17,Tercon Investimentos,Top 10 geral,6,0.0,462027778.64000005,462027778.64000005,0.0,462027778.64000005,1.0,5,0,0.0,0.0,,publicável,0.9999999999999999
2026-08,gestor,Financeiro,Cartão de crédito,17,Anga Administracao De Recursos,Top 10 geral,7,0.0,462027778.64000005,462027778.64000005,0.0,462027778.64000005,1.0,5,0,0.0,0.0,,publicável,0.9999999999999999
2026-08,gestor,Financeiro,Cartão de crédito,17,Vert,Top 10 geral,8,0.0,462027778.64000005,462027778.64000005,0.0,462027778.64000005,1.0,5,0,0.0,0.0,,publicável,0.9999999999999999
2026-08,gestor,Financeiro,Cartão de crédito,17,XP,Top 10 geral,9,0.0,462027778.64000005,462027778.64000005,0.0,462027778.64000005,1.0,5,0,0.0,0.0,,publicável,0.9999999999999999
2026-08,gestor,Financeiro,Cartão de crédito,17,Solis Investimentos,Top 10 geral,10,0.0,462027778.64000005,462027778.64000005,0.0,462027778.64000005,1.0,5,0,0.0,0.0,,publicável,0.9999999999999999
2026-08,gestor,Financeiro,Cartão de crédito,17,Outros identificados,residual identificado,11,155286404.73,462027778.64000005,462027778.64000005,0.33609755064315106,462027778.64000005,1.0,5,0,0.0,0.0,,publicável,0.9999999999999999
2026-08,gestor,Financeiro,Cartão de crédito,17,Prestador não informado,campo ausente,12,0.0,462027778.64000005,462027778.64000005,0.0,462027778.64000005,1.0,5,0,0.0,0.0,,publicável,0.9999999999999999
2026-08,gestor,Fomento Mercantil,N/D,18,BTG Pactual,Top 10 geral,1,0.0,56290607.09,56290607.09,0.0,56290607.09,1.0,2,0,0.0,0.0,,publicável,1.0
2026-08,gestor,Fomento Mercantil,N/D,18,Oliveira Trust,Top 10 geral,2,0.0,56290607.09,56290607.09,0.0,56290607.09,1.0,2,0,0.0,0.0,,publicável,1.0
2026-08,gestor,Fomento Mercantil,N/D,18,Bradesco,Top 10 geral,3,0.0,56290607.09,56290607.09,0.0,56290607.09,1.0,2,0,0.0,0.0,,publicável,1.0
2026-08,gestor,Fomento Mercantil,N/D,18,Genial,Top 10 geral,4,0.0,56290607.09,56290607.09,0.0,56290607.09,1.0,2,0,0.0,0.0,,publicável,1.0
2026-08,gestor,Fomento Mercantil,N/D,18,Itaú,Top 10 geral,5,0.0,56290607.09,56290607.09,0.0,56290607.09,1.0,2,0,0.0,0.0,,publicável,1.0
2026-08,gestor,Fomento Mercantil,N/D,18,Tercon Investimentos,Top 10 geral,6,0.0,56290607.09,56290607.09,0.0,56290607.09,1.0,2,0,0.0,0.0,,publicável,1.0
2026-08,gestor,Fomento Mercantil,N/D,18,Anga Administracao De Recursos,Top 10 geral,7,0.0,56290607.09,56290607.09,0.0,56290607.09,1.0,2,0,0.0,0.0,,publicável,1.0
2026-08,gestor,Fomento Mercantil,N/D,18,Vert,Top 10 geral,8,0.0,56290607.09,56290607.09,0.0,56290607.09,1.0,2,0,0.0,0.0,,publicável,1.0
2026-08,gestor,Fomento Mercantil,N/D,18,XP,Top 10 geral,9,0.0,56290607.09,56290607.09,0.0,56290607.09,1.0,2,0,0.0,0.0,,publicável,1.0
2026-08,gestor,Fomento Mercantil,N/D,18,Solis Investimentos,Top 10 geral,10,0.0,56290607.09,56290607.09,0.0,56290607.09,1.0,2,0,0.0,0.0,,publicável,1.0
2026-08,gestor,Fomento Mercantil,N/D,18,Outros identificados,residual identificado,11,56290607.09,56290607.09,56290607.09,1.0,56290607.09,1.0,2,0,0.0,0.0,,publicável,1.0
2026-08,gestor,Fomento Mercantil,N/D,18,Prestador não informado,campo ausente,12,0.0,56290607.09,56290607.09,0.0,56290607.09,1.0,2,0,0.0,0.0,,publicável,1.0
2026-08,gestor,Outros,Multicedente/Multissacado,19,BTG Pactual,Top 10 geral,1,20198291907.77,20198291907.77,20198291907.77,1.0,20198291907.77,1.0,1,0,0.0,0.0,,publicável,1.0
2026-08,gestor,Outros,Multicedente/Multissacado,19,Oliveira Trust,Top 10 geral,2,0.0,20198291907.77,20198291907.77,0.0,20198291907.77,1.0,1,0,0.0,0.0,,publicável,1.0
2026-08,gestor,Outros,Multicedente/Multissacado,19,Bradesco,Top 10 geral,3,0.0,20198291907.77,20198291907.77,0.0,20198291907.77,1.0,1,0,0.0,0.0,,publicável,1.0
2026-08,gestor,Outros,Multicedente/Multissacado,19,Genial,Top 10 geral,4,0.0,20198291907.77,20198291907.77,0.0,20198291907.77,1.0,1,0,0.0,0.0,,publicável,1.0
2026-08,gestor,Outros,Multicedente/Multissacado,19,Itaú,Top 10 geral,5,0.0,20198291907.77,20198291907.77,0.0,20198291907.77,1.0,1,0,0.0,0.0,,publicável,1.0
2026-08,gestor,Outros,Multicedente/Multissacado,19,Tercon Investimentos,Top 10 geral,6,0.0,20198291907.77,20198291907.77,0.0,20198291907.77,1.0,1,0,0.0,0.0,,publicável,1.0
2026-08,gestor,Outros,Multicedente/Multissacado,19,Anga Administracao De Recursos,Top 10 geral,7,0.0,20198291907.77,20198291907.77,0.0,20198291907.77,1.0,1,0,0.0,0.0,,publicável,1.0
2026-08,gestor,Outros,Multicedente/Multissacado,19,Vert,Top 10 geral,8,0.0,20198291907.77,20198291907.77,0.0,20198291907.77,1.0,1,0,0.0,0.0,,publicável,1.0
2026-08,gestor,Outros,Multicedente/Multissacado,19,XP,Top 10 geral,9,0.0,20198291907.77,20198291907.77,0.0,20198291907.77,1.0,1,0,0.0,0.0,,publicável,1.0
2026-08,gestor,Outros,Multicedente/Multissacado,19,Solis Investimentos,Top 10 geral,10,0.0,20198291907.77,20198291907.77,0.0,20198291907.77,1.0,1,0,0.0,0.0,,publicável,1.0
2026-08,gestor,Outros,Multicedente/Multissacado,19,Outros identificados,residual identificado,11,0.0,20198291907.77,20198291907.77,0.0,20198291907.77,1.0,1,0,0.0,0.0,,publicável,1.0
2026-08,gestor,Outros,Multicedente/Multissacado,19,Prestador não informado,campo ausente,12,0.0,20198291907.77,20198291907.77,0.0,20198291907.77,1.0,1,0,0.0,0.0,,publicável,1.0
2026-08,custodiante,Fomento Mercantil,Fomento Mercantil,1,BTG Pactual,Top 10 geral,1,806322207.29,88100379680.7,88104063403.84001,0.009151929844530376,87988033997.53001,0.9986830413737201,593,3,-3683723.1399999997,-4.181279528363925e-05,"3 fundo(s) com PL negativo, total de R$ -3,683,723.14; excluído(s) da normalização percentual sobre PL positivo",publicável_com_nota_pl_negativo,0.9999999999999998
2026-08,custodiante,Fomento Mercantil,Fomento Mercantil,1,QI Tech,Top 10 geral,2,52246220675.44,88100379680.7,88104063403.84001,0.5930058008330505,87988033997.53001,0.9986830413737201,593,3,-3683723.1399999997,-4.181279528363925e-05,"3 fundo(s) com PL negativo, total de R$ -3,683,723.14; excluído(s) da normalização percentual sobre PL positivo",publicável_com_nota_pl_negativo,0.9999999999999998
2026-08,custodiante,Fomento Mercantil,Fomento Mercantil,1,Oliveira Trust,Top 10 geral,3,2417745048.7799997,88100379680.7,88104063403.84001,0.02744192441724115,87988033997.53001,0.9986830413737201,593,3,-3683723.1399999997,-4.181279528363925e-05,"3 fundo(s) com PL negativo, total de R$ -3,683,723.14; excluído(s) da normalização percentual sobre PL positivo",publicável_com_nota_pl_negativo,0.9999999999999998
2026-08,custodiante,Fomento Mercantil,Fomento Mercantil,1,Daycoval,Top 10 geral,4,4344843777.4800005,88100379680.7,88104063403.84001,0.04931490795793002,87988033997.53001,0.9986830413737201,593,3,-3683723.1399999997,-4.181279528363925e-05,"3 fundo(s) com PL negativo, total de R$ -3,683,723.14; excluído(s) da normalização percentual sobre PL positivo",publicável_com_nota_pl_negativo,0.9999999999999998
2026-08,custodiante,Fomento Mercantil,Fomento Mercantil,1,Bradesco,Top 10 geral,5,1188695109.07,88100379680.7,88104063403.84001,0.013491944220795051,87988033997.53001,0.9986830413737201,593,3,-3683723.1399999997,-4.181279528363925e-05,"3 fundo(s) com PL negativo, total de R$ -3,683,723.14; excluído(s) da normalização percentual sobre PL positivo",publicável_com_nota_pl_negativo,0.9999999999999998
2026-08,custodiante,Fomento Mercantil,Fomento Mercantil,1,Genial,Top 10 geral,6,125951014.31,88100379680.7,88104063403.84001,0.0014295710032428588,87988033997.53001,0.9986830413737201,593,3,-3683723.1399999997,-4.181279528363925e-05,"3 fundo(s) com PL negativo, total de R$ -3,683,723.14; excluído(s) da normalização percentual sobre PL positivo",publicável_com_nota_pl_negativo,0.9999999999999998
2026-08,custodiante,Fomento Mercantil,Fomento Mercantil,1,Finaxis,Top 10 geral,7,2614413565.8999996,88100379680.7,88104063403.84001,0.029674154231869976,87988033997.53001,0.9986830413737201,593,3,-3683723.1399999997,-4.181279528363925e-05,"3 fundo(s) com PL negativo, total de R$ -3,683,723.14; excluído(s) da normalização percentual sobre PL positivo",publicável_com_nota_pl_negativo,0.9999999999999998
2026-08,custodiante,Fomento Mercantil,Fomento Mercantil,1,CBSF,Top 10 geral,8,0.0,88100379680.7,88104063403.84001,0.0,87988033997.53001,0.9986830413737201,593,3,-3683723.1399999997,-4.181279528363925e-05,"3 fundo(s) com PL negativo, total de R$ -3,683,723.14; excluído(s) da normalização percentual sobre PL positivo",publicável_com_nota_pl_negativo,0.9999999999999998
2026-08,custodiante,Fomento Mercantil,Fomento Mercantil,1,Itaú,Top 10 geral,9,821912427.67,88100379680.7,88104063403.84001,0.009328882186768436,87988033997.53001,0.9986830413737201,593,3,-3683723.1399999997,-4.181279528363925e-05,"3 fundo(s) com PL negativo, total de R$ -3,683,723.14; excluído(s) da normalização percentual sobre PL positivo",publicável_com_nota_pl_negativo,0.9999999999999998
2026-08,custodiante,Fomento Mercantil,Fomento Mercantil,1,Hemera,Top 10 geral,10,3656577329.14,88100379680.7,88104063403.84001,0.04150293627638323,87988033997.53001,0.9986830413737201,593,3,-3683723.1399999997,-4.181279528363925e-05,"3 fundo(s) com PL negativo, total de R$ -3,683,723.14; excluído(s) da normalização percentual sobre PL positivo",publicável_com_nota_pl_negativo,0.9999999999999998
2026-08,custodiante,Fomento Mercantil,Fomento Mercantil,1,Outros identificados,residual identificado,11,19765352842.45,88100379680.7,88104063403.84001,0.22434099040190839,87988033997.53001,0.9986830413737201,593,3,-3683723.1399999997,-4.181279528363925e-05,"3 fundo(s) com PL negativo, total de R$ -3,683,723.14; excluído(s) da normalização percentual sobre PL positivo",publicável_com_nota_pl_negativo,0.9999999999999998
2026-08,custodiante,Fomento Mercantil,Fomento Mercantil,1,Prestador não informado,campo ausente,12,116029406.31,88100379680.7,88104063403.84001,0.0013169586262799188,87988033997.53001,0.9986830413737201,593,3,-3683723.1399999997,-4.181279528363925e-05,"3 fundo(s) com PL negativo, total de R$ -3,683,723.14; excluído(s) da normalização percentual sobre PL positivo",publicável_com_nota_pl_negativo,0.9999999999999998
2026-08,custodiante,Financeiro,Crédito Imobiliário,2,BTG Pactual,Top 10 geral,1,0.0,13109525340.1,13110474735.16,0.0,13082165079.83,0.9978406841932216,124,1,-949395.06,-7.242024675721462e-05,"1 fundo(s) com PL negativo, total de R$ -949,395.06; excluído(s) da normalização percentual sobre PL positivo",publicável_com_nota_pl_negativo,1.0
2026-08,custodiante,Financeiro,Crédito Imobiliário,2,QI Tech,Top 10 geral,2,5808290588.54,13109525340.1,13110474735.16,0.4430267176338917,13082165079.83,0.9978406841932216,124,1,-949395.06,-7.242024675721462e-05,"1 fundo(s) com PL negativo, total de R$ -949,395.06; excluído(s) da normalização percentual sobre PL positivo",publicável_com_nota_pl_negativo,1.0
2026-08,custodiante,Financeiro,Crédito Imobiliário,2,Oliveira Trust,Top 10 geral,3,1646476666.01,13109525340.1,13110474735.16,0.12558482429278,13082165079.83,0.9978406841932216,124,1,-949395.06,-7.242024675721462e-05,"1 fundo(s) com PL negativo, total de R$ -949,395.06; excluído(s) da normalização percentual sobre PL positivo",publicável_com_nota_pl_negativo,1.0
2026-08,custodiante,Financeiro,Crédito Imobiliário,2,Daycoval,Top 10 geral,4,469228134.23,13109525340.1,13110474735.16,0.03579032366933382,13082165079.83,0.9978406841932216,124,1,-949395.06,-7.242024675721462e-05,"1 fundo(s) com PL negativo, total de R$ -949,395.06; excluído(s) da normalização percentual sobre PL positivo",publicável_com_nota_pl_negativo,1.0
2026-08,custodiante,Financeiro,Crédito Imobiliário,2,Bradesco,Top 10 geral,5,0.0,13109525340.1,13110474735.16,0.0,13082165079.83,0.9978406841932216,124,1,-949395.06,-7.242024675721462e-05,"1 fundo(s) com PL negativo, total de R$ -949,395.06; excluído(s) da normalização percentual sobre PL positivo",publicável_com_nota_pl_negativo,1.0
2026-08,custodiante,Financeiro,Crédito Imobiliário,2,Genial,Top 10 geral,6,489020546.02000004,13109525340.1,13110474735.16,0.03729998767386603,13082165079.83,0.9978406841932216,124,1,-949395.06,-7.242024675721462e-05,"1 fundo(s) com PL negativo, total de R$ -949,395.06; excluído(s) da normalização percentual sobre PL positivo",publicável_com_nota_pl_negativo,1.0
2026-08,custodiante,Financeiro,Crédito Imobiliário,2,Finaxis,Top 10 geral,7,398052189.43,13109525340.1,13110474735.16,0.030361386408265877,13082165079.83,0.9978406841932216,124,1,-949395.06,-7.242024675721462e-05,"1 fundo(s) com PL negativo, total de R$ -949,395.06; excluído(s) da normalização percentual sobre PL positivo",publicável_com_nota_pl_negativo,1.0
2026-08,custodiante,Financeiro,Crédito Imobiliário,2,CBSF,Top 10 geral,8,0.0,13109525340.1,13110474735.16,0.0,13082165079.83,0.9978406841932216,124,1,-949395.06,-7.242024675721462e-05,"1 fundo(s) com PL negativo, total de R$ -949,395.06; excluído(s) da normalização percentual sobre PL positivo",publicável_com_nota_pl_negativo,1.0
2026-08,custodiante,Financeiro,Crédito Imobiliário,2,Itaú,Top 10 geral,9,994067390.66,13109525340.1,13110474735.16,0.07582237948974381,13082165079.83,0.9978406841932216,124,1,-949395.06,-7.242024675721462e-05,"1 fundo(s) com PL negativo, total de R$ -949,395.06; excluído(s) da normalização percentual sobre PL positivo",publicável_com_nota_pl_negativo,1.0
2026-08,custodiante,Financeiro,Crédito Imobiliário,2,Hemera,Top 10 geral,10,39400695.58,13109525340.1,13110474735.16,0.003005283666375118,13082165079.83,0.9978406841932216,124,1,-949395.06,-7.242024675721462e-05,"1 fundo(s) com PL negativo, total de R$ -949,395.06; excluído(s) da normalização percentual sobre PL positivo",publicável_com_nota_pl_negativo,1.0
2026-08,custodiante,Financeiro,Crédito Imobiliário,2,Outros identificados,residual identificado,11,3237628869.3600006,13109525340.1,13110474735.16,0.2469497813589653,13082165079.83,0.9978406841932216,124,1,-949395.06,-7.242024675721462e-05,"1 fundo(s) com PL negativo, total de R$ -949,395.06; excluído(s) da normalização percentual sobre PL positivo",publicável_com_nota_pl_negativo,1.0
2026-08,custodiante,Financeiro,Crédito Imobiliário,2,Prestador não informado,campo ausente,12,28309655.33,13109525340.1,13110474735.16,0.0021593158067784116,13082165079.83,0.9978406841932216,124,1,-949395.06,-7.242024675721462e-05,"1 fundo(s) com PL negativo, total de R$ -949,395.06; excluído(s) da normalização percentual sobre PL positivo",publicável_com_nota_pl_negativo,1.0
2026-08,custodiante,Financeiro,Crédito Consignado,3,BTG Pactual,Top 10 geral,1,34561866989.71001,71887168522.12999,71888202191.12,0.4807724485559505,71885746199.87,0.9999658359622978,160,2,-1033668.99,-1.437904721037652e-05,"2 fundo(s) com PL negativo, total de R$ -1,033,668.99; excluído(s) da normalização percentual sobre PL positivo",publicável_com_nota_pl_negativo,1.0000000000000002
2026-08,custodiante,Financeiro,Crédito Consignado,3,QI Tech,Top 10 geral,2,5693255849.96,71887168522.12999,71888202191.12,0.07919596924713831,71885746199.87,0.9999658359622978,160,2,-1033668.99,-1.437904721037652e-05,"2 fundo(s) com PL negativo, total de R$ -1,033,668.99; excluído(s) da normalização percentual sobre PL positivo",publicável_com_nota_pl_negativo,1.0000000000000002
2026-08,custodiante,Financeiro,Crédito Consignado,3,Oliveira Trust,Top 10 geral,3,15271380423.85,71887168522.12999,71888202191.12,0.21243235966939233,71885746199.87,0.9999658359622978,160,2,-1033668.99,-1.437904721037652e-05,"2 fundo(s) com PL negativo, total de R$ -1,033,668.99; excluído(s) da normalização percentual sobre PL positivo",publicável_com_nota_pl_negativo,1.0000000000000002
2026-08,custodiante,Financeiro,Crédito Consignado,3,Daycoval,Top 10 geral,4,3166907007.28,71887168522.12999,71888202191.12,0.044053223070741825,71885746199.87,0.9999658359622978,160,2,-1033668.99,-1.437904721037652e-05,"2 fundo(s) com PL negativo, total de R$ -1,033,668.99; excluído(s) da normalização percentual sobre PL positivo",publicável_com_nota_pl_negativo,1.0000000000000002
2026-08,custodiante,Financeiro,Crédito Consignado,3,Bradesco,Top 10 geral,5,0.0,71887168522.12999,71888202191.12,0.0,71885746199.87,0.9999658359622978,160,2,-1033668.99,-1.437904721037652e-05,"2 fundo(s) com PL negativo, total de R$ -1,033,668.99; excluído(s) da normalização percentual sobre PL positivo",publicável_com_nota_pl_negativo,1.0000000000000002
2026-08,custodiante,Financeiro,Crédito Consignado,3,Genial,Top 10 geral,6,523089944.01000005,71887168522.12999,71888202191.12,0.007276436578832888,71885746199.87,0.9999658359622978,160,2,-1033668.99,-1.437904721037652e-05,"2 fundo(s) com PL negativo, total de R$ -1,033,668.99; excluído(s) da normalização percentual sobre PL positivo",publicável_com_nota_pl_negativo,1.0000000000000002
2026-08,custodiante,Financeiro,Crédito Consignado,3,Finaxis,Top 10 geral,7,0.0,71887168522.12999,71888202191.12,0.0,71885746199.87,0.9999658359622978,160,2,-1033668.99,-1.437904721037652e-05,"2 fundo(s) com PL negativo, total de R$ -1,033,668.99; excluído(s) da normalização percentual sobre PL positivo",publicável_com_nota_pl_negativo,1.0000000000000002
2026-08,custodiante,Financeiro,Crédito Consignado,3,CBSF,Top 10 geral,8,1800909934.43,71887168522.12999,71888202191.12,0.02505153668528461,71885746199.87,0.9999658359622978,160,2,-1033668.99,-1.437904721037652e-05,"2 fundo(s) com PL negativo, total de R$ -1,033,668.99; excluído(s) da normalização percentual sobre PL positivo",publicável_com_nota_pl_negativo,1.0000000000000002
2026-08,custodiante,Financeiro,Crédito Consignado,3,Itaú,Top 10 geral,9,0.0,71887168522.12999,71888202191.12,0.0,71885746199.87,0.9999658359622978,160,2,-1033668.99,-1.437904721037652e-05,"2 fundo(s) com PL negativo, total de R$ -1,033,668.99; excluído(s) da normalização percentual sobre PL positivo",publicável_com_nota_pl_negativo,1.0000000000000002
2026-08,custodiante,Financeiro,Crédito Consignado,3,Hemera,Top 10 geral,10,2751571588.9500003,71887168522.12999,71888202191.12,0.03827570456741633,71885746199.87,0.9999658359622978,160,2,-1033668.99,-1.437904721037652e-05,"2 fundo(s) com PL negativo, total de R$ -1,033,668.99; excluído(s) da normalização percentual sobre PL positivo",publicável_com_nota_pl_negativo,1.0000000000000002
2026-08,custodiante,Financeiro,Crédito Consignado,3,Outros identificados,residual identificado,11,8116764461.679999,71887168522.12999,71888202191.12,0.11290815758754118,71885746199.87,0.9999658359622978,160,2,-1033668.99,-1.437904721037652e-05,"2 fundo(s) com PL negativo, total de R$ -1,033,668.99; excluído(s) da normalização percentual sobre PL positivo",publicável_com_nota_pl_negativo,1.0000000000000002
2026-08,custodiante,Financeiro,Crédito Consignado,3,Prestador não informado,campo ausente,12,2455991.25,71887168522.12999,71888202191.12,3.416403770218887e-05,71885746199.87,0.9999658359622978,160,2,-1033668.99,-1.437904721037652e-05,"2 fundo(s) com PL negativo, total de R$ -1,033,668.99; excluído(s) da normalização percentual sobre PL positivo",publicável_com_nota_pl_negativo,1.0000000000000002
2026-08,custodiante,Financeiro,Crédito Pessoal,4,BTG Pactual,Top 10 geral,1,615709485.0500001,34484318885.21,34484780311.78999,0.01785452827256363,34478776531.189995,0.9998259005698829,139,1,-461426.58,-1.3380765371529537e-05,"1 fundo(s) com PL negativo, total de R$ -461,426.58; excluído(s) da normalização percentual sobre PL positivo",publicável_com_nota_pl_negativo,1.0000000000000002
2026-08,custodiante,Financeiro,Crédito Pessoal,4,QI Tech,Top 10 geral,2,3403405462.96,34484318885.21,34484780311.78999,0.09869297215143953,34478776531.189995,0.9998259005698829,139,1,-461426.58,-1.3380765371529537e-05,"1 fundo(s) com PL negativo, total de R$ -461,426.58; excluído(s) da normalização percentual sobre PL positivo",publicável_com_nota_pl_negativo,1.0000000000000002
2026-08,custodiante,Financeiro,Crédito Pessoal,4,Oliveira Trust,Top 10 geral,3,9840443907.910002,34484318885.21,34484780311.78999,0.2853561431721128,34478776531.189995,0.9998259005698829,139,1,-461426.58,-1.3380765371529537e-05,"1 fundo(s) com PL negativo, total de R$ -461,426.58; excluído(s) da normalização percentual sobre PL positivo",publicável_com_nota_pl_negativo,1.0000000000000002
2026-08,custodiante,Financeiro,Crédito Pessoal,4,Daycoval,Top 10 geral,4,5071147670.369999,34484318885.21,34484780311.78999,0.14705466076686083,34478776531.189995,0.9998259005698829,139,1,-461426.58,-1.3380765371529537e-05,"1 fundo(s) com PL negativo, total de R$ -461,426.58; excluído(s) da normalização percentual sobre PL positivo",publicável_com_nota_pl_negativo,1.0000000000000002
2026-08,custodiante,Financeiro,Crédito Pessoal,4,Bradesco,Top 10 geral,5,0.0,34484318885.21,34484780311.78999,0.0,34478776531.189995,0.9998259005698829,139,1,-461426.58,-1.3380765371529537e-05,"1 fundo(s) com PL negativo, total de R$ -461,426.58; excluído(s) da normalização percentual sobre PL positivo",publicável_com_nota_pl_negativo,1.0000000000000002
2026-08,custodiante,Financeiro,Crédito Pessoal,4,Genial,Top 10 geral,6,9297006411.62,34484318885.21,34484780311.78999,0.26959737970090675,34478776531.189995,0.9998259005698829,139,1,-461426.58,-1.3380765371529537e-05,"1 fundo(s) com PL negativo, total de R$ -461,426.58; excluído(s) da normalização percentual sobre PL positivo",publicável_com_nota_pl_negativo,1.0000000000000002
2026-08,custodiante,Financeiro,Crédito Pessoal,4,Finaxis,Top 10 geral,7,204509090.04,34484318885.21,34484780311.78999,0.005930415916556685,34478776531.189995,0.9998259005698829,139,1,-461426.58,-1.3380765371529537e-05,"1 fundo(s) com PL negativo, total de R$ -461,426.58; excluído(s) da normalização percentual sobre PL positivo",publicável_com_nota_pl_negativo,1.0000000000000002
2026-08,custodiante,Financeiro,Crédito Pessoal,4,CBSF,Top 10 geral,8,0.0,34484318885.21,34484780311.78999,0.0,34478776531.189995,0.9998259005698829,139,1,-461426.58,-1.3380765371529537e-05,"1 fundo(s) com PL negativo, total de R$ -461,426.58; excluído(s) da normalização percentual sobre PL positivo",publicável_com_nota_pl_negativo,1.0000000000000002
2026-08,custodiante,Financeiro,Crédito Pessoal,4,Itaú,Top 10 geral,9,0.0,34484318885.21,34484780311.78999,0.0,34478776531.189995,0.9998259005698829,139,1,-461426.58,-1.3380765371529537e-05,"1 fundo(s) com PL negativo, total de R$ -461,426.58; excluído(s) da normalização percentual sobre PL positivo",publicável_com_nota_pl_negativo,1.0000000000000002
2026-08,custodiante,Financeiro,Crédito Pessoal,4,Hemera,Top 10 geral,10,456001392.26,34484318885.21,34484780311.78999,0.013223265108175787,34478776531.189995,0.9998259005698829,139,1,-461426.58,-1.3380765371529537e-05,"1 fundo(s) com PL negativo, total de R$ -461,426.58; excluído(s) da normalização percentual sobre PL positivo",publicável_com_nota_pl_negativo,1.0000000000000002
2026-08,custodiante,Financeiro,Crédito Pessoal,4,Outros identificados,residual identificado,11,5590553110.9800005,34484318885.21,34484780311.78999,0.162116535481267,34478776531.189995,0.9998259005698829,139,1,-461426.58,-1.3380765371529537e-05,"1 fundo(s) com PL negativo, total de R$ -461,426.58; excluído(s) da normalização percentual sobre PL positivo",publicável_com_nota_pl_negativo,1.0000000000000002
2026-08,custodiante,Financeiro,Crédito Pessoal,4,Prestador não informado,campo ausente,12,6003780.6,34484318885.21,34484780311.78999,0.00017409943011721516,34478776531.189995,0.9998259005698829,139,1,-461426.58,-1.3380765371529537e-05,"1 fundo(s) com PL negativo, total de R$ -461,426.58; excluído(s) da normalização percentual sobre PL positivo",publicável_com_nota_pl_negativo,1.0000000000000002
2026-08,custodiante,Financeiro,Financiamento de Veículos,5,BTG Pactual,Top 10 geral,1,614511776.36,18064254108.600002,18064254108.600002,0.0340181096139167,18064254108.600002,1.0,31,0,0.0,0.0,,publicável,0.9999999999999998
2026-08,custodiante,Financeiro,Financiamento de Veículos,5,QI Tech,Top 10 geral,2,702200104.3000001,18064254108.600002,18064254108.600002,0.038872355319985105,18064254108.600002,1.0,31,0,0.0,0.0,,publicável,0.9999999999999998
2026-08,custodiante,Financeiro,Financiamento de Veículos,5,Oliveira Trust,Top 10 geral,3,786661436.8000001,18064254108.600002,18064254108.600002,0.04354796118736436,18064254108.600002,1.0,31,0,0.0,0.0,,publicável,0.9999999999999998
2026-08,custodiante,Financeiro,Financiamento de Veículos,5,Daycoval,Top 10 geral,4,6520945281.9,18064254108.600002,18064254108.600002,0.36098613553025244,18064254108.600002,1.0,31,0,0.0,0.0,,publicável,0.9999999999999998
2026-08,custodiante,Financeiro,Financiamento de Veículos,5,Bradesco,Top 10 geral,5,6109714035.24,18064254108.600002,18064254108.600002,0.3382212184632244,18064254108.600002,1.0,31,0,0.0,0.0,,publicável,0.9999999999999998
2026-08,custodiante,Financeiro,Financiamento de Veículos,5,Genial,Top 10 geral,6,0.0,18064254108.600002,18064254108.600002,0.0,18064254108.600002,1.0,31,0,0.0,0.0,,publicável,0.9999999999999998
2026-08,custodiante,Financeiro,Financiamento de Veículos,5,Finaxis,Top 10 geral,7,0.0,18064254108.600002,18064254108.600002,0.0,18064254108.600002,1.0,31,0,0.0,0.0,,publicável,0.9999999999999998
2026-08,custodiante,Financeiro,Financiamento de Veículos,5,CBSF,Top 10 geral,8,0.0,18064254108.600002,18064254108.600002,0.0,18064254108.600002,1.0,31,0,0.0,0.0,,publicável,0.9999999999999998
2026-08,custodiante,Financeiro,Financiamento de Veículos,5,Itaú,Top 10 geral,9,0.0,18064254108.600002,18064254108.600002,0.0,18064254108.600002,1.0,31,0,0.0,0.0,,publicável,0.9999999999999998
2026-08,custodiante,Financeiro,Financiamento de Veículos,5,Hemera,Top 10 geral,10,0.0,18064254108.600002,18064254108.600002,0.0,18064254108.600002,1.0,31,0,0.0,0.0,,publicável,0.9999999999999998
2026-08,custodiante,Financeiro,Financiamento de Veículos,5,Outros identificados,residual identificado,11,3330221473.9999995,18064254108.600002,18064254108.600002,0.18435421988525685,18064254108.600002,1.0,31,0,0.0,0.0,,publicável,0.9999999999999998
2026-08,custodiante,Financeiro,Financiamento de Veículos,5,Prestador não informado,campo ausente,12,0.0,18064254108.600002,18064254108.600002,0.0,18064254108.600002,1.0,31,0,0.0,0.0,,publicável,0.9999999999999998
2026-08,custodiante,Financeiro,Multicarteira Financeiro,6,BTG Pactual,Top 10 geral,1,8374715003.570001,96342221183.62999,96413729421.31,0.08686226592246069,96223654300.76,0.9980285471613757,645,6,-71508237.67999999,-0.0007422315657815696,"6 fundo(s) com PL negativo, total de R$ -71,508,237.68; excluído(s) da normalização percentual sobre PL positivo",publicável_com_nota_pl_negativo,1.0
2026-08,custodiante,Financeiro,Multicarteira Financeiro,6,QI Tech,Top 10 geral,2,16191271434.999998,96342221183.62999,96413729421.31,0.1679353296691508,96223654300.76,0.9980285471613757,645,6,-71508237.67999999,-0.0007422315657815696,"6 fundo(s) com PL negativo, total de R$ -71,508,237.68; excluído(s) da normalização percentual sobre PL positivo",publicável_com_nota_pl_negativo,1.0
2026-08,custodiante,Financeiro,Multicarteira Financeiro,6,Oliveira Trust,Top 10 geral,3,8634084064.279999,96342221183.62999,96413729421.31,0.08955243320741865,96223654300.76,0.9980285471613757,645,6,-71508237.67999999,-0.0007422315657815696,"6 fundo(s) com PL negativo, total de R$ -71,508,237.68; excluído(s) da normalização percentual sobre PL positivo",publicável_com_nota_pl_negativo,1.0
2026-08,custodiante,Financeiro,Multicarteira Financeiro,6,Daycoval,Top 10 geral,4,17467630072.93,96342221183.62999,96413729421.31,0.1811736790784196,96223654300.76,0.9980285471613757,645,6,-71508237.67999999,-0.0007422315657815696,"6 fundo(s) com PL negativo, total de R$ -71,508,237.68; excluído(s) da normalização percentual sobre PL positivo",publicável_com_nota_pl_negativo,1.0
2026-08,custodiante,Financeiro,Multicarteira Financeiro,6,Bradesco,Top 10 geral,5,149369018.1,96342221183.62999,96413729421.31,0.0015492504957181489,96223654300.76,0.9980285471613757,645,6,-71508237.67999999,-0.0007422315657815696,"6 fundo(s) com PL negativo, total de R$ -71,508,237.68; excluído(s) da normalização percentual sobre PL positivo",publicável_com_nota_pl_negativo,1.0
2026-08,custodiante,Financeiro,Multicarteira Financeiro,6,Genial,Top 10 geral,6,3504966517.96,96342221183.62999,96413729421.31,0.03635339633678053,96223654300.76,0.9980285471613757,645,6,-71508237.67999999,-0.0007422315657815696,"6 fundo(s) com PL negativo, total de R$ -71,508,237.68; excluído(s) da normalização percentual sobre PL positivo",publicável_com_nota_pl_negativo,1.0
2026-08,custodiante,Financeiro,Multicarteira Financeiro,6,Finaxis,Top 10 geral,7,4865631655.32,96342221183.62999,96413729421.31,0.05046616995861759,96223654300.76,0.9980285471613757,645,6,-71508237.67999999,-0.0007422315657815696,"6 fundo(s) com PL negativo, total de R$ -71,508,237.68; excluído(s) da normalização percentual sobre PL positivo",publicável_com_nota_pl_negativo,1.0
2026-08,custodiante,Financeiro,Multicarteira Financeiro,6,CBSF,Top 10 geral,8,1446130992.6600003,96342221183.62999,96413729421.31,0.014999222634990893,96223654300.76,0.9980285471613757,645,6,-71508237.67999999,-0.0007422315657815696,"6 fundo(s) com PL negativo, total de R$ -71,508,237.68; excluído(s) da normalização percentual sobre PL positivo",publicável_com_nota_pl_negativo,1.0
2026-08,custodiante,Financeiro,Multicarteira Financeiro,6,Itaú,Top 10 geral,9,0.0,96342221183.62999,96413729421.31,0.0,96223654300.76,0.9980285471613757,645,6,-71508237.67999999,-0.0007422315657815696,"6 fundo(s) com PL negativo, total de R$ -71,508,237.68; excluído(s) da normalização percentual sobre PL positivo",publicável_com_nota_pl_negativo,1.0
2026-08,custodiante,Financeiro,Multicarteira Financeiro,6,Hemera,Top 10 geral,10,1714818164.9099998,96342221183.62999,96413729421.31,0.017786037063420343,96223654300.76,0.9980285471613757,645,6,-71508237.67999999,-0.0007422315657815696,"6 fundo(s) com PL negativo, total de R$ -71,508,237.68; excluído(s) da normalização percentual sobre PL positivo",publicável_com_nota_pl_negativo,1.0
2026-08,custodiante,Financeiro,Multicarteira Financeiro,6,Outros identificados,residual identificado,11,33875037376.030003,96342221183.62999,96413729421.31,0.3513507627943984,96223654300.76,0.9980285471613757,645,6,-71508237.67999999,-0.0007422315657815696,"6 fundo(s) com PL negativo, total de R$ -71,508,237.68; excluído(s) da normalização percentual sobre PL positivo",publicável_com_nota_pl_negativo,1.0
2026-08,custodiante,Financeiro,Multicarteira Financeiro,6,Prestador não informado,campo ausente,12,190075120.55,96342221183.62999,96413729421.31,0.0019714528386243334,96223654300.76,0.9980285471613757,645,6,-71508237.67999999,-0.0007422315657815696,"6 fundo(s) com PL negativo, total de R$ -71,508,237.68; excluído(s) da normalização percentual sobre PL positivo",publicável_com_nota_pl_negativo,1.0
2026-08,custodiante,"Agro, Indústria e Comércio",Infraestrutura,7,BTG Pactual,Top 10 geral,1,89187486.62,18432361468.170002,18432819828.65,0.004838515617744852,18424514265.81,0.9995494144185638,33,1,-458360.48,-2.4867159901975752e-05,"1 fundo(s) com PL negativo, total de R$ -458,360.48; excluído(s) da normalização percentual sobre PL positivo",publicável_com_nota_pl_negativo,1.0
2026-08,custodiante,"Agro, Indústria e Comércio",Infraestrutura,7,QI Tech,Top 10 geral,2,140781832.48,18432361468.170002,18432819828.65,0.007637563530089074,18424514265.81,0.9995494144185638,33,1,-458360.48,-2.4867159901975752e-05,"1 fundo(s) com PL negativo, total de R$ -458,360.48; excluído(s) da normalização percentual sobre PL positivo",publicável_com_nota_pl_negativo,1.0
2026-08,custodiante,"Agro, Indústria e Comércio",Infraestrutura,7,Oliveira Trust,Top 10 geral,3,10188273547.73,18432361468.170002,18432819828.65,0.5527246315235197,18424514265.81,0.9995494144185638,33,1,-458360.48,-2.4867159901975752e-05,"1 fundo(s) com PL negativo, total de R$ -458,360.48; excluído(s) da normalização percentual sobre PL positivo",publicável_com_nota_pl_negativo,1.0
2026-08,custodiante,"Agro, Indústria e Comércio",Infraestrutura,7,Daycoval,Top 10 geral,4,473175448.21,18432361468.170002,18432819828.65,0.025670269259321178,18424514265.81,0.9995494144185638,33,1,-458360.48,-2.4867159901975752e-05,"1 fundo(s) com PL negativo, total de R$ -458,360.48; excluído(s) da normalização percentual sobre PL positivo",publicável_com_nota_pl_negativo,1.0
2026-08,custodiante,"Agro, Indústria e Comércio",Infraestrutura,7,Bradesco,Top 10 geral,5,1114097075.07,18432361468.170002,18432819828.65,0.06044094638945945,18424514265.81,0.9995494144185638,33,1,-458360.48,-2.4867159901975752e-05,"1 fundo(s) com PL negativo, total de R$ -458,360.48; excluído(s) da normalização percentual sobre PL positivo",publicável_com_nota_pl_negativo,1.0
2026-08,custodiante,"Agro, Indústria e Comércio",Infraestrutura,7,Genial,Top 10 geral,6,674315449.54,18432361468.170002,18432819828.65,0.03658232738172356,18424514265.81,0.9995494144185638,33,1,-458360.48,-2.4867159901975752e-05,"1 fundo(s) com PL negativo, total de R$ -458,360.48; excluído(s) da normalização percentual sobre PL positivo",publicável_com_nota_pl_negativo,1.0
2026-08,custodiante,"Agro, Indústria e Comércio",Infraestrutura,7,Finaxis,Top 10 geral,7,0.0,18432361468.170002,18432819828.65,0.0,18424514265.81,0.9995494144185638,33,1,-458360.48,-2.4867159901975752e-05,"1 fundo(s) com PL negativo, total de R$ -458,360.48; excluído(s) da normalização percentual sobre PL positivo",publicável_com_nota_pl_negativo,1.0
2026-08,custodiante,"Agro, Indústria e Comércio",Infraestrutura,7,CBSF,Top 10 geral,8,0.0,18432361468.170002,18432819828.65,0.0,18424514265.81,0.9995494144185638,33,1,-458360.48,-2.4867159901975752e-05,"1 fundo(s) com PL negativo, total de R$ -458,360.48; excluído(s) da normalização percentual sobre PL positivo",publicável_com_nota_pl_negativo,1.0
2026-08,custodiante,"Agro, Indústria e Comércio",Infraestrutura,7,Itaú,Top 10 geral,9,2098814451.9700003,18432361468.170002,18432819828.65,0.1138629071124445,18424514265.81,0.9995494144185638,33,1,-458360.48,-2.4867159901975752e-05,"1 fundo(s) com PL negativo, total de R$ -458,360.48; excluído(s) da normalização percentual sobre PL positivo",publicável_com_nota_pl_negativo,1.0
2026-08,custodiante,"Agro, Indústria e Comércio",Infraestrutura,7,Hemera,Top 10 geral,10,30871076.39,18432361468.170002,18432819828.65,0.0016747885932252918,18424514265.81,0.9995494144185638,33,1,-458360.48,-2.4867159901975752e-05,"1 fundo(s) com PL negativo, total de R$ -458,360.48; excluído(s) da normalização percentual sobre PL positivo",publicável_com_nota_pl_negativo,1.0
2026-08,custodiante,"Agro, Indústria e Comércio",Infraestrutura,7,Outros identificados,residual identificado,11,3614997897.8,18432361468.170002,18432819828.65,0.19611746501103616,18424514265.81,0.9995494144185638,33,1,-458360.48,-2.4867159901975752e-05,"1 fundo(s) com PL negativo, total de R$ -458,360.48; excluído(s) da normalização percentual sobre PL positivo",publicável_com_nota_pl_negativo,1.0
2026-08,custodiante,"Agro, Indústria e Comércio",Infraestrutura,7,Prestador não informado,campo ausente,12,8305562.84,18432361468.170002,18432819828.65,0.000450585581436147,18424514265.81,0.9995494144185638,33,1,-458360.48,-2.4867159901975752e-05,"1 fundo(s) com PL negativo, total de R$ -458,360.48; excluído(s) da normalização percentual sobre PL positivo",publicável_com_nota_pl_negativo,1.0
2026-08,custodiante,"Agro, Indústria e Comércio",Recebíveis Comerciais,8,BTG Pactual,Top 10 geral,1,4614999237.37,73442659201.51,73443624979.22,0.06283730192614756,73248365054.27,0.9973413631883605,479,4,-965777.71,-1.3150091792702182e-05,"4 fundo(s) com PL negativo, total de R$ -965,777.71; excluído(s) da normalização percentual sobre PL positivo",publicável_com_nota_pl_negativo,1.0
2026-08,custodiante,"Agro, Indústria e Comércio",Recebíveis Comerciais,8,QI Tech,Top 10 geral,2,6620592077.150001,73442659201.51,73443624979.22,0.09014522470838304,73248365054.27,0.9973413631883605,479,4,-965777.71,-1.3150091792702182e-05,"4 fundo(s) com PL negativo, total de R$ -965,777.71; excluído(s) da normalização percentual sobre PL positivo",publicável_com_nota_pl_negativo,1.0
2026-08,custodiante,"Agro, Indústria e Comércio",Recebíveis Comerciais,8,Oliveira Trust,Top 10 geral,3,13346928906.620003,73442659201.51,73443624979.22,0.18173025787325117,73248365054.27,0.9973413631883605,479,4,-965777.71,-1.3150091792702182e-05,"4 fundo(s) com PL negativo, total de R$ -965,777.71; excluído(s) da normalização percentual sobre PL positivo",publicável_com_nota_pl_negativo,1.0
2026-08,custodiante,"Agro, Indústria e Comércio",Recebíveis Comerciais,8,Daycoval,Top 10 geral,4,3055231508.95,73442659201.51,73443624979.22,0.04159968288349657,73248365054.27,0.9973413631883605,479,4,-965777.71,-1.3150091792702182e-05,"4 fundo(s) com PL negativo, total de R$ -965,777.71; excluído(s) da normalização percentual sobre PL positivo",publicável_com_nota_pl_negativo,1.0
2026-08,custodiante,"Agro, Indústria e Comércio",Recebíveis Comerciais,8,Bradesco,Top 10 geral,5,11790026872.460003,73442659201.51,73443624979.22,0.16053165779597414,73248365054.27,0.9973413631883605,479,4,-965777.71,-1.3150091792702182e-05,"4 fundo(s) com PL negativo, total de R$ -965,777.71; excluído(s) da normalização percentual sobre PL positivo",publicável_com_nota_pl_negativo,1.0
2026-08,custodiante,"Agro, Indústria e Comércio",Recebíveis Comerciais,8,Genial,Top 10 geral,6,5954213836.940001,73442659201.51,73443624979.22,0.08107189478494116,73248365054.27,0.9973413631883605,479,4,-965777.71,-1.3150091792702182e-05,"4 fundo(s) com PL negativo, total de R$ -965,777.71; excluído(s) da normalização percentual sobre PL positivo",publicável_com_nota_pl_negativo,1.0
2026-08,custodiante,"Agro, Indústria e Comércio",Recebíveis Comerciais,8,Finaxis,Top 10 geral,7,3760638053.01,73442659201.51,73443624979.22,0.05120441772957187,73248365054.27,0.9973413631883605,479,4,-965777.71,-1.3150091792702182e-05,"4 fundo(s) com PL negativo, total de R$ -965,777.71; excluído(s) da normalização percentual sobre PL positivo",publicável_com_nota_pl_negativo,1.0
2026-08,custodiante,"Agro, Indústria e Comércio",Recebíveis Comerciais,8,CBSF,Top 10 geral,8,84357715.71,73442659201.51,73443624979.22,0.0011486050114474606,73248365054.27,0.9973413631883605,479,4,-965777.71,-1.3150091792702182e-05,"4 fundo(s) com PL negativo, total de R$ -965,777.71; excluído(s) da normalização percentual sobre PL positivo",publicável_com_nota_pl_negativo,1.0
2026-08,custodiante,"Agro, Indústria e Comércio",Recebíveis Comerciais,8,Itaú,Top 10 geral,9,3296859038.64,73442659201.51,73443624979.22,0.044889655699494775,73248365054.27,0.9973413631883605,479,4,-965777.71,-1.3150091792702182e-05,"4 fundo(s) com PL negativo, total de R$ -965,777.71; excluído(s) da normalização percentual sobre PL positivo",publicável_com_nota_pl_negativo,1.0
2026-08,custodiante,"Agro, Indústria e Comércio",Recebíveis Comerciais,8,Hemera,Top 10 geral,10,3474168551.9500003,73442659201.51,73443624979.22,0.04730388175873638,73248365054.27,0.9973413631883605,479,4,-965777.71,-1.3150091792702182e-05,"4 fundo(s) com PL negativo, total de R$ -965,777.71; excluído(s) da normalização percentual sobre PL positivo",publicável_com_nota_pl_negativo,1.0
2026-08,custodiante,"Agro, Indústria e Comércio",Recebíveis Comerciais,8,Outros identificados,residual identificado,11,17250349255.469997,73442659201.51,73443624979.22,0.23487878301691642,73248365054.27,0.9973413631883605,479,4,-965777.71,-1.3150091792702182e-05,"4 fundo(s) com PL negativo, total de R$ -965,777.71; excluído(s) da normalização percentual sobre PL positivo",publicável_com_nota_pl_negativo,1.0
2026-08,custodiante,"Agro, Indústria e Comércio",Recebíveis Comerciais,8,Prestador não informado,campo ausente,12,195259924.95,73442659201.51,73443624979.22,0.0026586368116394915,73248365054.27,0.9973413631883605,479,4,-965777.71,-1.3150091792702182e-05,"4 fundo(s) com PL negativo, total de R$ -965,777.71; excluído(s) da normalização percentual sobre PL positivo",publicável_com_nota_pl_negativo,1.0
2026-08,custodiante,"Agro, Indústria e Comércio",Crédito Corporativo,9,BTG Pactual,Top 10 geral,1,2403221769.03,29457771251.559994,29482283838.349995,0.08151409782928469,25669832668.029995,0.8706867082881539,133,1,-24512586.79,-0.0008321263201031166,"1 fundo(s) com PL negativo, total de R$ -24,512,586.79; excluído(s) da normalização percentual sobre PL positivo",publicável_com_nota_pl_negativo,1.0000000000000002
2026-08,custodiante,"Agro, Indústria e Comércio",Crédito Corporativo,9,QI Tech,Top 10 geral,2,3825859718.1299996,29457771251.559994,29482283838.349995,0.12976809188552055,25669832668.029995,0.8706867082881539,133,1,-24512586.79,-0.0008321263201031166,"1 fundo(s) com PL negativo, total de R$ -24,512,586.79; excluído(s) da normalização percentual sobre PL positivo",publicável_com_nota_pl_negativo,1.0000000000000002
2026-08,custodiante,"Agro, Indústria e Comércio",Crédito Corporativo,9,Oliveira Trust,Top 10 geral,3,1626604149.36,29457771251.559994,29482283838.349995,0.05517225728775273,25669832668.029995,0.8706867082881539,133,1,-24512586.79,-0.0008321263201031166,"1 fundo(s) com PL negativo, total de R$ -24,512,586.79; excluído(s) da normalização percentual sobre PL positivo",publicável_com_nota_pl_negativo,1.0000000000000002
2026-08,custodiante,"Agro, Indústria e Comércio",Crédito Corporativo,9,Daycoval,Top 10 geral,4,3630328829.1,29457771251.559994,29482283838.349995,0.12313594323305907,25669832668.029995,0.8706867082881539,133,1,-24512586.79,-0.0008321263201031166,"1 fundo(s) com PL negativo, total de R$ -24,512,586.79; excluído(s) da normalização percentual sobre PL positivo",publicável_com_nota_pl_negativo,1.0000000000000002
2026-08,custodiante,"Agro, Indústria e Comércio",Crédito Corporativo,9,Bradesco,Top 10 geral,5,2714798297.8199997,29457771251.559994,29482283838.349995,0.09208236080709059,25669832668.029995,0.8706867082881539,133,1,-24512586.79,-0.0008321263201031166,"1 fundo(s) com PL negativo, total de R$ -24,512,586.79; excluído(s) da normalização percentual sobre PL positivo",publicável_com_nota_pl_negativo,1.0000000000000002
2026-08,custodiante,"Agro, Indústria e Comércio",Crédito Corporativo,9,Genial,Top 10 geral,6,118197290.08,29457771251.559994,29482283838.349995,0.004009095452986963,25669832668.029995,0.8706867082881539,133,1,-24512586.79,-0.0008321263201031166,"1 fundo(s) com PL negativo, total de R$ -24,512,586.79; excluído(s) da normalização percentual sobre PL positivo",publicável_com_nota_pl_negativo,1.0000000000000002
2026-08,custodiante,"Agro, Indústria e Comércio",Crédito Corporativo,9,Finaxis,Top 10 geral,7,158810240.95000002,29457771251.559994,29482283838.349995,0.005386632929143117,25669832668.029995,0.8706867082881539,133,1,-24512586.79,-0.0008321263201031166,"1 fundo(s) com PL negativo, total de R$ -24,512,586.79; excluído(s) da normalização percentual sobre PL positivo",publicável_com_nota_pl_negativo,1.0000000000000002
2026-08,custodiante,"Agro, Indústria e Comércio",Crédito Corporativo,9,CBSF,Top 10 geral,8,14350608.73,29457771251.559994,29482283838.349995,0.00048675363172960844,25669832668.029995,0.8706867082881539,133,1,-24512586.79,-0.0008321263201031166,"1 fundo(s) com PL negativo, total de R$ -24,512,586.79; excluído(s) da normalização percentual sobre PL positivo",publicável_com_nota_pl_negativo,1.0000000000000002
2026-08,custodiante,"Agro, Indústria e Comércio",Crédito Corporativo,9,Itaú,Top 10 geral,9,1152174100.77,29457771251.559994,29482283838.349995,0.0390802187200733,25669832668.029995,0.8706867082881539,133,1,-24512586.79,-0.0008321263201031166,"1 fundo(s) com PL negativo, total de R$ -24,512,586.79; excluído(s) da normalização percentual sobre PL positivo",publicável_com_nota_pl_negativo,1.0000000000000002
2026-08,custodiante,"Agro, Indústria e Comércio",Crédito Corporativo,9,Hemera,Top 10 geral,10,348202215.28000003,29457771251.559994,29482283838.349995,0.011810557729827741,25669832668.029995,0.8706867082881539,133,1,-24512586.79,-0.0008321263201031166,"1 fundo(s) com PL negativo, total de R$ -24,512,586.79; excluído(s) da normalização percentual sobre PL positivo",publicável_com_nota_pl_negativo,1.0000000000000002
2026-08,custodiante,"Agro, Indústria e Comércio",Crédito Corporativo,9,Outros identificados,residual identificado,11,9677285448.78,29457771251.559994,29482283838.349995,0.3282406987816857,25669832668.029995,0.8706867082881539,133,1,-24512586.79,-0.0008321263201031166,"1 fundo(s) com PL negativo, total de R$ -24,512,586.79; excluído(s) da normalização percentual sobre PL positivo",publicável_com_nota_pl_negativo,1.0000000000000002
2026-08,custodiante,"Agro, Indústria e Comércio",Crédito Corporativo,9,Prestador não informado,campo ausente,12,3812451170.3199997,29457771251.559994,29482283838.349995,0.12931329171184613,25669832668.029995,0.8706867082881539,133,1,-24512586.79,-0.0008321263201031166,"1 fundo(s) com PL negativo, total de R$ -24,512,586.79; excluído(s) da normalização percentual sobre PL positivo",publicável_com_nota_pl_negativo,1.0000000000000002
2026-08,custodiante,"Agro, Indústria e Comércio",Agronegócio,10,BTG Pactual,Top 10 geral,1,651601044.16,16226556803.949999,16234441817.9,0.04013695398147588,16234441817.9,1.0,86,1,-7885013.95,-0.0004859326624413977,"1 fundo(s) com PL negativo, total de R$ -7,885,013.95; excluído(s) da normalização percentual sobre PL positivo",publicável_com_nota_pl_negativo,1.0
2026-08,custodiante,"Agro, Indústria e Comércio",Agronegócio,10,QI Tech,Top 10 geral,2,3750687993.7599998,16226556803.949999,16234441817.9,0.23103276576004686,16234441817.9,1.0,86,1,-7885013.95,-0.0004859326624413977,"1 fundo(s) com PL negativo, total de R$ -7,885,013.95; excluído(s) da normalização percentual sobre PL positivo",publicável_com_nota_pl_negativo,1.0
2026-08,custodiante,"Agro, Indústria e Comércio",Agronegócio,10,Oliveira Trust,Top 10 geral,3,431176510.46000004,16226556803.949999,16234441817.9,0.026559367750148784,16234441817.9,1.0,86,1,-7885013.95,-0.0004859326624413977,"1 fundo(s) com PL negativo, total de R$ -7,885,013.95; excluído(s) da normalização percentual sobre PL positivo",publicável_com_nota_pl_negativo,1.0
2026-08,custodiante,"Agro, Indústria e Comércio",Agronegócio,10,Daycoval,Top 10 geral,4,3565790949.13,16226556803.949999,16234441817.9,0.21964358178292154,16234441817.9,1.0,86,1,-7885013.95,-0.0004859326624413977,"1 fundo(s) com PL negativo, total de R$ -7,885,013.95; excluído(s) da normalização percentual sobre PL positivo",publicável_com_nota_pl_negativo,1.0
2026-08,custodiante,"Agro, Indústria e Comércio",Agronegócio,10,Bradesco,Top 10 geral,5,0.0,16226556803.949999,16234441817.9,0.0,16234441817.9,1.0,86,1,-7885013.95,-0.0004859326624413977,"1 fundo(s) com PL negativo, total de R$ -7,885,013.95; excluído(s) da normalização percentual sobre PL positivo",publicável_com_nota_pl_negativo,1.0
2026-08,custodiante,"Agro, Indústria e Comércio",Agronegócio,10,Genial,Top 10 geral,6,1244319724.4799998,16226556803.949999,16234441817.9,0.07664690529168795,16234441817.9,1.0,86,1,-7885013.95,-0.0004859326624413977,"1 fundo(s) com PL negativo, total de R$ -7,885,013.95; excluído(s) da normalização percentual sobre PL positivo",publicável_com_nota_pl_negativo,1.0
2026-08,custodiante,"Agro, Indústria e Comércio",Agronegócio,10,Finaxis,Top 10 geral,7,1674468003.43,16226556803.949999,16234441817.9,0.10314293661662834,16234441817.9,1.0,86,1,-7885013.95,-0.0004859326624413977,"1 fundo(s) com PL negativo, total de R$ -7,885,013.95; excluído(s) da normalização percentual sobre PL positivo",publicável_com_nota_pl_negativo,1.0
2026-08,custodiante,"Agro, Indústria e Comércio",Agronegócio,10,CBSF,Top 10 geral,8,0.0,16226556803.949999,16234441817.9,0.0,16234441817.9,1.0,86,1,-7885013.95,-0.0004859326624413977,"1 fundo(s) com PL negativo, total de R$ -7,885,013.95; excluído(s) da normalização percentual sobre PL positivo",publicável_com_nota_pl_negativo,1.0
2026-08,custodiante,"Agro, Indústria e Comércio",Agronegócio,10,Itaú,Top 10 geral,9,2123267566.6399999,16226556803.949999,16234441817.9,0.13078783924057663,16234441817.9,1.0,86,1,-7885013.95,-0.0004859326624413977,"1 fundo(s) com PL negativo, total de R$ -7,885,013.95; excluído(s) da normalização percentual sobre PL positivo",publicável_com_nota_pl_negativo,1.0
2026-08,custodiante,"Agro, Indústria e Comércio",Agronegócio,10,Hemera,Top 10 geral,10,0.0,16226556803.949999,16234441817.9,0.0,16234441817.9,1.0,86,1,-7885013.95,-0.0004859326624413977,"1 fundo(s) com PL negativo, total de R$ -7,885,013.95; excluído(s) da normalização percentual sobre PL positivo",publicável_com_nota_pl_negativo,1.0
2026-08,custodiante,"Agro, Indústria e Comércio",Agronegócio,10,Outros identificados,residual identificado,11,2793130025.84,16226556803.949999,16234441817.9,0.17204964957651403,16234441817.9,1.0,86,1,-7885013.95,-0.0004859326624413977,"1 fundo(s) com PL negativo, total de R$ -7,885,013.95; excluído(s) da normalização percentual sobre PL positivo",publicável_com_nota_pl_negativo,1.0
2026-08,custodiante,"Agro, Indústria e Comércio",Agronegócio,10,Prestador não informado,campo ausente,12,0.0,16226556803.949999,16234441817.9,0.0,16234441817.9,1.0,86,1,-7885013.95,-0.0004859326624413977,"1 fundo(s) com PL negativo, total de R$ -7,885,013.95; excluído(s) da normalização percentual sobre PL positivo",publicável_com_nota_pl_negativo,1.0
2026-08,custodiante,"Agro, Indústria e Comércio","Multicarteira Agro, Indústria e Comércio",11,BTG Pactual,Top 10 geral,1,1256995629.79,19015709567.6,19015715054.11,0.06610299040625962,18973939617.49,0.9978031098751151,96,1,-5486.51,-2.885251260541029e-07,"1 fundo(s) com PL negativo, total de R$ -5,486.51; excluído(s) da normalização percentual sobre PL positivo",publicável_com_nota_pl_negativo,1.0
2026-08,custodiante,"Agro, Indústria e Comércio","Multicarteira Agro, Indústria e Comércio",11,QI Tech,Top 10 geral,2,1633878536.0300002,19015709567.6,19015715054.11,0.08592253992977553,18973939617.49,0.9978031098751151,96,1,-5486.51,-2.885251260541029e-07,"1 fundo(s) com PL negativo, total de R$ -5,486.51; excluído(s) da normalização percentual sobre PL positivo",publicável_com_nota_pl_negativo,1.0
2026-08,custodiante,"Agro, Indústria e Comércio","Multicarteira Agro, Indústria e Comércio",11,Oliveira Trust,Top 10 geral,3,1818848681.6,19015709567.6,19015715054.11,0.09564976528226211,18973939617.49,0.9978031098751151,96,1,-5486.51,-2.885251260541029e-07,"1 fundo(s) com PL negativo, total de R$ -5,486.51; excluído(s) da normalização percentual sobre PL positivo",publicável_com_nota_pl_negativo,1.0
2026-08,custodiante,"Agro, Indústria e Comércio","Multicarteira Agro, Indústria e Comércio",11,Daycoval,Top 10 geral,4,3426532096.3700004,19015709567.6,19015715054.11,0.18019475400318433,18973939617.49,0.9978031098751151,96,1,-5486.51,-2.885251260541029e-07,"1 fundo(s) com PL negativo, total de R$ -5,486.51; excluído(s) da normalização percentual sobre PL positivo",publicável_com_nota_pl_negativo,1.0
2026-08,custodiante,"Agro, Indústria e Comércio","Multicarteira Agro, Indústria e Comércio",11,Bradesco,Top 10 geral,5,539523743.71,19015709567.6,19015715054.11,0.028372519370150583,18973939617.49,0.9978031098751151,96,1,-5486.51,-2.885251260541029e-07,"1 fundo(s) com PL negativo, total de R$ -5,486.51; excluído(s) da normalização percentual sobre PL positivo",publicável_com_nota_pl_negativo,1.0
2026-08,custodiante,"Agro, Indústria e Comércio","Multicarteira Agro, Indústria e Comércio",11,Genial,Top 10 geral,6,936108883.7,19015709567.6,19015715054.11,0.04922817159577032,18973939617.49,0.9978031098751151,96,1,-5486.51,-2.885251260541029e-07,"1 fundo(s) com PL negativo, total de R$ -5,486.51; excluído(s) da normalização percentual sobre PL positivo",publicável_com_nota_pl_negativo,1.0
2026-08,custodiante,"Agro, Indústria e Comércio","Multicarteira Agro, Indústria e Comércio",11,Finaxis,Top 10 geral,7,3303347822.59,19015709567.6,19015715054.11,0.1737167291995167,18973939617.49,0.9978031098751151,96,1,-5486.51,-2.885251260541029e-07,"1 fundo(s) com PL negativo, total de R$ -5,486.51; excluído(s) da normalização percentual sobre PL positivo",publicável_com_nota_pl_negativo,1.0
2026-08,custodiante,"Agro, Indústria e Comércio","Multicarteira Agro, Indústria e Comércio",11,CBSF,Top 10 geral,8,0.0,19015709567.6,19015715054.11,0.0,18973939617.49,0.9978031098751151,96,1,-5486.51,-2.885251260541029e-07,"1 fundo(s) com PL negativo, total de R$ -5,486.51; excluído(s) da normalização percentual sobre PL positivo",publicável_com_nota_pl_negativo,1.0
2026-08,custodiante,"Agro, Indústria e Comércio","Multicarteira Agro, Indústria e Comércio",11,Itaú,Top 10 geral,9,0.0,19015709567.6,19015715054.11,0.0,18973939617.49,0.9978031098751151,96,1,-5486.51,-2.885251260541029e-07,"1 fundo(s) com PL negativo, total de R$ -5,486.51; excluído(s) da normalização percentual sobre PL positivo",publicável_com_nota_pl_negativo,1.0
2026-08,custodiante,"Agro, Indústria e Comércio","Multicarteira Agro, Indústria e Comércio",11,Hemera,Top 10 geral,10,1667443060.59,19015709567.6,19015715054.11,0.08768763393042134,18973939617.49,0.9978031098751151,96,1,-5486.51,-2.885251260541029e-07,"1 fundo(s) com PL negativo, total de R$ -5,486.51; excluído(s) da normalização percentual sobre PL positivo",publicável_com_nota_pl_negativo,1.0
2026-08,custodiante,"Agro, Indústria e Comércio","Multicarteira Agro, Indústria e Comércio",11,Outros identificados,residual identificado,11,4391261163.11,19015709567.6,19015715054.11,0.2309280061577745,18973939617.49,0.9978031098751151,96,1,-5486.51,-2.885251260541029e-07,"1 fundo(s) com PL negativo, total de R$ -5,486.51; excluído(s) da normalização percentual sobre PL positivo",publicável_com_nota_pl_negativo,1.0
2026-08,custodiante,"Agro, Indústria e Comércio","Multicarteira Agro, Indústria e Comércio",11,Prestador não informado,campo ausente,12,41775436.62,19015709567.6,19015715054.11,0.0021968901248849318,18973939617.49,0.9978031098751151,96,1,-5486.51,-2.885251260541029e-07,"1 fundo(s) com PL negativo, total de R$ -5,486.51; excluído(s) da normalização percentual sobre PL positivo",publicável_com_nota_pl_negativo,1.0
2026-08,custodiante,Outros,Recuperação,12,BTG Pactual,Top 10 geral,1,3006281772.15,34994465756.67,34994465756.67,0.08590734869490037,34871473541.96,0.996485380986662,97,0,0.0,0.0,,publicável,1.0
2026-08,custodiante,Outros,Recuperação,12,QI Tech,Top 10 geral,2,615976739.1199999,34994465756.67,34994465756.67,0.017602118672224443,34871473541.96,0.996485380986662,97,0,0.0,0.0,,publicável,1.0
2026-08,custodiante,Outros,Recuperação,12,Oliveira Trust,Top 10 geral,3,0.0,34994465756.67,34994465756.67,0.0,34871473541.96,0.996485380986662,97,0,0.0,0.0,,publicável,1.0
2026-08,custodiante,Outros,Recuperação,12,Daycoval,Top 10 geral,4,1080481715.3400002,34994465756.67,34994465756.67,0.030875788270436983,34871473541.96,0.996485380986662,97,0,0.0,0.0,,publicável,1.0
2026-08,custodiante,Outros,Recuperação,12,Bradesco,Top 10 geral,5,3204867614.29,34994465756.67,34994465756.67,0.09158212720190327,34871473541.96,0.996485380986662,97,0,0.0,0.0,,publicável,1.0
2026-08,custodiante,Outros,Recuperação,12,Genial,Top 10 geral,6,78458281.7,34994465756.67,34994465756.67,0.002242019702359529,34871473541.96,0.996485380986662,97,0,0.0,0.0,,publicável,1.0
2026-08,custodiante,Outros,Recuperação,12,Finaxis,Top 10 geral,7,3334605706.65,34994465756.67,34994465756.67,0.09528951605767604,34871473541.96,0.996485380986662,97,0,0.0,0.0,,publicável,1.0
2026-08,custodiante,Outros,Recuperação,12,CBSF,Top 10 geral,8,9448394316.26,34994465756.67,34994465756.67,0.26999681555244553,34871473541.96,0.996485380986662,97,0,0.0,0.0,,publicável,1.0
2026-08,custodiante,Outros,Recuperação,12,Itaú,Top 10 geral,9,144120764.05,34994465756.67,34994465756.67,0.004118387320215923,34871473541.96,0.996485380986662,97,0,0.0,0.0,,publicável,1.0
2026-08,custodiante,Outros,Recuperação,12,Hemera,Top 10 geral,10,100171395.12,34994465756.67,34994465756.67,0.002862492481426358,34871473541.96,0.996485380986662,97,0,0.0,0.0,,publicável,1.0
2026-08,custodiante,Outros,Recuperação,12,Outros identificados,residual identificado,11,13858115237.279999,34994465756.67,34994465756.67,0.3960087670330735,34871473541.96,0.996485380986662,97,0,0.0,0.0,,publicável,1.0
2026-08,custodiante,Outros,Recuperação,12,Prestador não informado,campo ausente,12,122992214.71,34994465756.67,34994465756.67,0.0035146190133380586,34871473541.96,0.996485380986662,97,0,0.0,0.0,,publicável,1.0
2026-08,custodiante,Outros,Poder Público,13,BTG Pactual,Top 10 geral,1,18492796376.390007,83432114073.29001,83432462548.15999,0.22164989275865316,83190694738.59999,0.9971022333253026,513,4,-348474.87,-4.176747453551113e-06,"4 fundo(s) com PL negativo, total de R$ -348,474.87; excluído(s) da normalização percentual sobre PL positivo",publicável_com_nota_pl_negativo,1.0000000000000002
2026-08,custodiante,Outros,Poder Público,13,QI Tech,Top 10 geral,2,6160596686.99,83432114073.29001,83432462548.15999,0.07383932463259009,83190694738.59999,0.9971022333253026,513,4,-348474.87,-4.176747453551113e-06,"4 fundo(s) com PL negativo, total de R$ -348,474.87; excluído(s) da normalização percentual sobre PL positivo",publicável_com_nota_pl_negativo,1.0000000000000002
2026-08,custodiante,Outros,Poder Público,13,Oliveira Trust,Top 10 geral,3,2489957320.3300004,83432114073.29001,83432462548.15999,0.029843986912081306,83190694738.59999,0.9971022333253026,513,4,-348474.87,-4.176747453551113e-06,"4 fundo(s) com PL negativo, total de R$ -348,474.87; excluído(s) da normalização percentual sobre PL positivo",publicável_com_nota_pl_negativo,1.0000000000000002
2026-08,custodiante,Outros,Poder Público,13,Daycoval,Top 10 geral,4,7510886382.91,83432114073.29001,83432462548.15999,0.0900235490301448,83190694738.59999,0.9971022333253026,513,4,-348474.87,-4.176747453551113e-06,"4 fundo(s) com PL negativo, total de R$ -348,474.87; excluído(s) da normalização percentual sobre PL positivo",publicável_com_nota_pl_negativo,1.0000000000000002
2026-08,custodiante,Outros,Poder Público,13,Bradesco,Top 10 geral,5,1413080889.78,83432114073.29001,83432462548.15999,0.01693682346921407,83190694738.59999,0.9971022333253026,513,4,-348474.87,-4.176747453551113e-06,"4 fundo(s) com PL negativo, total de R$ -348,474.87; excluído(s) da normalização percentual sobre PL positivo",publicável_com_nota_pl_negativo,1.0000000000000002
2026-08,custodiante,Outros,Poder Público,13,Genial,Top 10 geral,6,412069734.24,83432114073.29001,83432462548.15999,0.004938961666175677,83190694738.59999,0.9971022333253026,513,4,-348474.87,-4.176747453551113e-06,"4 fundo(s) com PL negativo, total de R$ -348,474.87; excluído(s) da normalização percentual sobre PL positivo",publicável_com_nota_pl_negativo,1.0000000000000002
2026-08,custodiante,Outros,Poder Público,13,Finaxis,Top 10 geral,7,86280492.27,83432114073.29001,83432462548.15999,0.0010341357504603922,83190694738.59999,0.9971022333253026,513,4,-348474.87,-4.176747453551113e-06,"4 fundo(s) com PL negativo, total de R$ -348,474.87; excluído(s) da normalização percentual sobre PL positivo",publicável_com_nota_pl_negativo,1.0000000000000002
2026-08,custodiante,Outros,Poder Público,13,CBSF,Top 10 geral,8,7330094378.7300005,83432114073.29001,83432462548.15999,0.08785662264851438,83190694738.59999,0.9971022333253026,513,4,-348474.87,-4.176747453551113e-06,"4 fundo(s) com PL negativo, total de R$ -348,474.87; excluído(s) da normalização percentual sobre PL positivo",publicável_com_nota_pl_negativo,1.0000000000000002
2026-08,custodiante,Outros,Poder Público,13,Itaú,Top 10 geral,9,1698291085.9,83432114073.29001,83432462548.15999,0.020355279396430257,83190694738.59999,0.9971022333253026,513,4,-348474.87,-4.176747453551113e-06,"4 fundo(s) com PL negativo, total de R$ -348,474.87; excluído(s) da normalização percentual sobre PL positivo",publicável_com_nota_pl_negativo,1.0000000000000002
2026-08,custodiante,Outros,Poder Público,13,Hemera,Top 10 geral,10,16921075.71,83432114073.29001,83432462548.15999,0.00020281165380001332,83190694738.59999,0.9971022333253026,513,4,-348474.87,-4.176747453551113e-06,"4 fundo(s) com PL negativo, total de R$ -348,474.87; excluído(s) da normalização percentual sobre PL positivo",publicável_com_nota_pl_negativo,1.0000000000000002
2026-08,custodiante,Outros,Poder Público,13,Outros identificados,residual identificado,11,37579720315.35,83432114073.29001,83432462548.15999,0.45042084540723865,83190694738.59999,0.9971022333253026,513,4,-348474.87,-4.176747453551113e-06,"4 fundo(s) com PL negativo, total de R$ -348,474.87; excluído(s) da normalização percentual sobre PL positivo",publicável_com_nota_pl_negativo,1.0000000000000002
2026-08,custodiante,Outros,Poder Público,13,Prestador não informado,campo ausente,12,241767809.56,83432114073.29001,83432462548.15999,0.0028977666746974368,83190694738.59999,0.9971022333253026,513,4,-348474.87,-4.176747453551113e-06,"4 fundo(s) com PL negativo, total de R$ -348,474.87; excluído(s) da normalização percentual sobre PL positivo",publicável_com_nota_pl_negativo,1.0000000000000002
2026-08,custodiante,Outros,Multicarteira Outros,14,BTG Pactual,Top 10 geral,1,14187073269.0,71571302561.7,71608817536.69,0.1981190830546952,71471060366.29001,0.9980762540824053,350,5,-37514974.99,-0.0005241622500534931,"5 fundo(s) com PL negativo, total de R$ -37,514,974.99; excluído(s) da normalização percentual sobre PL positivo",publicável_com_nota_pl_negativo,1.0
2026-08,custodiante,Outros,Multicarteira Outros,14,QI Tech,Top 10 geral,2,9608666144.17,71571302561.7,71608817536.69,0.13418272322744104,71471060366.29001,0.9980762540824053,350,5,-37514974.99,-0.0005241622500534931,"5 fundo(s) com PL negativo, total de R$ -37,514,974.99; excluído(s) da normalização percentual sobre PL positivo",publicável_com_nota_pl_negativo,1.0
2026-08,custodiante,Outros,Multicarteira Outros,14,Oliveira Trust,Top 10 geral,3,2323409228.35,71571302561.7,71608817536.69,0.03244585385255889,71471060366.29001,0.9980762540824053,350,5,-37514974.99,-0.0005241622500534931,"5 fundo(s) com PL negativo, total de R$ -37,514,974.99; excluído(s) da normalização percentual sobre PL positivo",publicável_com_nota_pl_negativo,1.0
2026-08,custodiante,Outros,Multicarteira Outros,14,Daycoval,Top 10 geral,4,2640796000.1600003,71571302561.7,71608817536.69,0.036878084166198435,71471060366.29001,0.9980762540824053,350,5,-37514974.99,-0.0005241622500534931,"5 fundo(s) com PL negativo, total de R$ -37,514,974.99; excluído(s) da normalização percentual sobre PL positivo",publicável_com_nota_pl_negativo,1.0
2026-08,custodiante,Outros,Multicarteira Outros,14,Bradesco,Top 10 geral,5,2045856427.66,71571302561.7,71608817536.69,0.028569895412834747,71471060366.29001,0.9980762540824053,350,5,-37514974.99,-0.0005241622500534931,"5 fundo(s) com PL negativo, total de R$ -37,514,974.99; excluído(s) da normalização percentual sobre PL positivo",publicável_com_nota_pl_negativo,1.0
2026-08,custodiante,Outros,Multicarteira Outros,14,Genial,Top 10 geral,6,10325499.42,71571302561.7,71608817536.69,0.0001441931283770962,71471060366.29001,0.9980762540824053,350,5,-37514974.99,-0.0005241622500534931,"5 fundo(s) com PL negativo, total de R$ -37,514,974.99; excluído(s) da normalização percentual sobre PL positivo",publicável_com_nota_pl_negativo,1.0
2026-08,custodiante,Outros,Multicarteira Outros,14,Finaxis,Top 10 geral,7,2279693659.27,71571302561.7,71608817536.69,0.03183537639204781,71471060366.29001,0.9980762540824053,350,5,-37514974.99,-0.0005241622500534931,"5 fundo(s) com PL negativo, total de R$ -37,514,974.99; excluído(s) da normalização percentual sobre PL positivo",publicável_com_nota_pl_negativo,1.0
2026-08,custodiante,Outros,Multicarteira Outros,14,CBSF,Top 10 geral,8,2296703298.77,71571302561.7,71608817536.69,0.03207291193704245,71471060366.29001,0.9980762540824053,350,5,-37514974.99,-0.0005241622500534931,"5 fundo(s) com PL negativo, total de R$ -37,514,974.99; excluído(s) da normalização percentual sobre PL positivo",publicável_com_nota_pl_negativo,1.0
2026-08,custodiante,Outros,Multicarteira Outros,14,Itaú,Top 10 geral,9,9406623475.35,71571302561.7,71608817536.69,0.13136124570874746,71471060366.29001,0.9980762540824053,350,5,-37514974.99,-0.0005241622500534931,"5 fundo(s) com PL negativo, total de R$ -37,514,974.99; excluído(s) da normalização percentual sobre PL positivo",publicável_com_nota_pl_negativo,1.0
2026-08,custodiante,Outros,Multicarteira Outros,14,Hemera,Top 10 geral,10,6644619708.56,71571302561.7,71608817536.69,0.09279052408811968,71471060366.29001,0.9980762540824053,350,5,-37514974.99,-0.0005241622500534931,"5 fundo(s) com PL negativo, total de R$ -37,514,974.99; excluído(s) da normalização percentual sobre PL positivo",publicável_com_nota_pl_negativo,1.0
2026-08,custodiante,Outros,Multicarteira Outros,14,Outros identificados,residual identificado,11,20027293655.58,71571302561.7,71608817536.69,0.2796763631143424,71471060366.29001,0.9980762540824053,350,5,-37514974.99,-0.0005241622500534931,"5 fundo(s) com PL negativo, total de R$ -37,514,974.99; excluído(s) da normalização percentual sobre PL positivo",publicável_com_nota_pl_negativo,1.0
2026-08,custodiante,Outros,Multicarteira Outros,14,Prestador não informado,campo ausente,12,137757170.4,71571302561.7,71608817536.69,0.0019237459175948236,71471060366.29001,0.9980762540824053,350,5,-37514974.99,-0.0005241622500534931,"5 fundo(s) com PL negativo, total de R$ -37,514,974.99; excluído(s) da normalização percentual sobre PL positivo",publicável_com_nota_pl_negativo,1.0
2026-08,custodiante,"Agro, Indústria e Comércio",N/D,15,BTG Pactual,Top 10 geral,1,0.0,0.0,0.0,,0.0,,3,0,0.0,,,bloqueado_sem_denominador_positivo,
2026-08,custodiante,"Agro, Indústria e Comércio",N/D,15,QI Tech,Top 10 geral,2,0.0,0.0,0.0,,0.0,,3,0,0.0,,,bloqueado_sem_denominador_positivo,
2026-08,custodiante,"Agro, Indústria e Comércio",N/D,15,Oliveira Trust,Top 10 geral,3,0.0,0.0,0.0,,0.0,,3,0,0.0,,,bloqueado_sem_denominador_positivo,
2026-08,custodiante,"Agro, Indústria e Comércio",N/D,15,Daycoval,Top 10 geral,4,0.0,0.0,0.0,,0.0,,3,0,0.0,,,bloqueado_sem_denominador_positivo,
2026-08,custodiante,"Agro, Indústria e Comércio",N/D,15,Bradesco,Top 10 geral,5,0.0,0.0,0.0,,0.0,,3,0,0.0,,,bloqueado_sem_denominador_positivo,
2026-08,custodiante,"Agro, Indústria e Comércio",N/D,15,Genial,Top 10 geral,6,0.0,0.0,0.0,,0.0,,3,0,0.0,,,bloqueado_sem_denominador_positivo,
2026-08,custodiante,"Agro, Indústria e Comércio",N/D,15,Finaxis,Top 10 geral,7,0.0,0.0,0.0,,0.0,,3,0,0.0,,,bloqueado_sem_denominador_positivo,
2026-08,custodiante,"Agro, Indústria e Comércio",N/D,15,CBSF,Top 10 geral,8,0.0,0.0,0.0,,0.0,,3,0,0.0,,,bloqueado_sem_denominador_positivo,
2026-08,custodiante,"Agro, Indústria e Comércio",N/D,15,Itaú,Top 10 geral,9,0.0,0.0,0.0,,0.0,,3,0,0.0,,,bloqueado_sem_denominador_positivo,
2026-08,custodiante,"Agro, Indústria e Comércio",N/D,15,Hemera,Top 10 geral,10,0.0,0.0,0.0,,0.0,,3,0,0.0,,,bloqueado_sem_denominador_positivo,
2026-08,custodiante,"Agro, Indústria e Comércio",N/D,15,Outros identificados,residual identificado,11,0.0,0.0,0.0,,0.0,,3,0,0.0,,,bloqueado_sem_denominador_positivo,
2026-08,custodiante,"Agro, Indústria e Comércio",N/D,15,Prestador não informado,campo ausente,12,0.0,0.0,0.0,,0.0,,3,0,0.0,,,bloqueado_sem_denominador_positivo,
2026-08,custodiante,Financeiro,Adquirência,16,BTG Pactual,Top 10 geral,1,8837452349.269999,59448957986.82,59448957986.82,0.14865613542342132,59448957986.82,1.0,29,0,0.0,0.0,,publicável,1.0
2026-08,custodiante,Financeiro,Adquirência,16,QI Tech,Top 10 geral,2,0.0,59448957986.82,59448957986.82,0.0,59448957986.82,1.0,29,0,0.0,0.0,,publicável,1.0
2026-08,custodiante,Financeiro,Adquirência,16,Oliveira Trust,Top 10 geral,3,10079123874.91,59448957986.82,59448957986.82,0.16954248175627518,59448957986.82,1.0,29,0,0.0,0.0,,publicável,1.0
2026-08,custodiante,Financeiro,Adquirência,16,Daycoval,Top 10 geral,4,0.0,59448957986.82,59448957986.82,0.0,59448957986.82,1.0,29,0,0.0,0.0,,publicável,1.0
2026-08,custodiante,Financeiro,Adquirência,16,Bradesco,Top 10 geral,5,20785849399.15,59448957986.82,59448957986.82,0.3496419466890956,59448957986.82,1.0,29,0,0.0,0.0,,publicável,1.0
2026-08,custodiante,Financeiro,Adquirência,16,Genial,Top 10 geral,6,15436859667.47,59448957986.82,59448957986.82,0.25966577363546717,59448957986.82,1.0,29,0,0.0,0.0,,publicável,1.0
2026-08,custodiante,Financeiro,Adquirência,16,Finaxis,Top 10 geral,7,585157805.89,59448957986.82,59448957986.82,0.0098430288049747,59448957986.82,1.0,29,0,0.0,0.0,,publicável,1.0
2026-08,custodiante,Financeiro,Adquirência,16,CBSF,Top 10 geral,8,0.0,59448957986.82,59448957986.82,0.0,59448957986.82,1.0,29,0,0.0,0.0,,publicável,1.0
2026-08,custodiante,Financeiro,Adquirência,16,Itaú,Top 10 geral,9,0.0,59448957986.82,59448957986.82,0.0,59448957986.82,1.0,29,0,0.0,0.0,,publicável,1.0
2026-08,custodiante,Financeiro,Adquirência,16,Hemera,Top 10 geral,10,505806579.78,59448957986.82,59448957986.82,0.008508249713849295,59448957986.82,1.0,29,0,0.0,0.0,,publicável,1.0
2026-08,custodiante,Financeiro,Adquirência,16,Outros identificados,residual identificado,11,3218708310.35,59448957986.82,59448957986.82,0.054142383976916744,59448957986.82,1.0,29,0,0.0,0.0,,publicável,1.0
2026-08,custodiante,Financeiro,Adquirência,16,Prestador não informado,campo ausente,12,0.0,59448957986.82,59448957986.82,0.0,59448957986.82,1.0,29,0,0.0,0.0,,publicável,1.0
2026-08,custodiante,Financeiro,Cartão de crédito,17,BTG Pactual,Top 10 geral,1,0.0,462027778.64000005,462027778.64000005,0.0,462027778.64000005,1.0,5,0,0.0,0.0,,publicável,1.0
2026-08,custodiante,Financeiro,Cartão de crédito,17,QI Tech,Top 10 geral,2,0.0,462027778.64000005,462027778.64000005,0.0,462027778.64000005,1.0,5,0,0.0,0.0,,publicável,1.0
2026-08,custodiante,Financeiro,Cartão de crédito,17,Oliveira Trust,Top 10 geral,3,0.0,462027778.64000005,462027778.64000005,0.0,462027778.64000005,1.0,5,0,0.0,0.0,,publicável,1.0
2026-08,custodiante,Financeiro,Cartão de crédito,17,Daycoval,Top 10 geral,4,9092502.17,462027778.64000005,462027778.64000005,0.019679557356408736,462027778.64000005,1.0,5,0,0.0,0.0,,publicável,1.0
2026-08,custodiante,Financeiro,Cartão de crédito,17,Bradesco,Top 10 geral,5,0.0,462027778.64000005,462027778.64000005,0.0,462027778.64000005,1.0,5,0,0.0,0.0,,publicável,1.0
2026-08,custodiante,Financeiro,Cartão de crédito,17,Genial,Top 10 geral,6,306741373.91,462027778.64000005,462027778.64000005,0.663902449356849,462027778.64000005,1.0,5,0,0.0,0.0,,publicável,1.0
2026-08,custodiante,Financeiro,Cartão de crédito,17,Finaxis,Top 10 geral,7,0.0,462027778.64000005,462027778.64000005,0.0,462027778.64000005,1.0,5,0,0.0,0.0,,publicável,1.0
2026-08,custodiante,Financeiro,Cartão de crédito,17,CBSF,Top 10 geral,8,0.0,462027778.64000005,462027778.64000005,0.0,462027778.64000005,1.0,5,0,0.0,0.0,,publicável,1.0
2026-08,custodiante,Financeiro,Cartão de crédito,17,Itaú,Top 10 geral,9,0.0,462027778.64000005,462027778.64000005,0.0,462027778.64000005,1.0,5,0,0.0,0.0,,publicável,1.0
2026-08,custodiante,Financeiro,Cartão de crédito,17,Hemera,Top 10 geral,10,0.0,462027778.64000005,462027778.64000005,0.0,462027778.64000005,1.0,5,0,0.0,0.0,,publicável,1.0
2026-08,custodiante,Financeiro,Cartão de crédito,17,Outros identificados,residual identificado,11,146193902.56,462027778.64000005,462027778.64000005,0.3164179932867423,462027778.64000005,1.0,5,0,0.0,0.0,,publicável,1.0
2026-08,custodiante,Financeiro,Cartão de crédito,17,Prestador não informado,campo ausente,12,0.0,462027778.64000005,462027778.64000005,0.0,462027778.64000005,1.0,5,0,0.0,0.0,,publicável,1.0
2026-08,custodiante,Fomento Mercantil,N/D,18,BTG Pactual,Top 10 geral,1,0.0,56290607.09,56290607.09,0.0,56290607.09,1.0,2,0,0.0,0.0,,publicável,1.0
2026-08,custodiante,Fomento Mercantil,N/D,18,QI Tech,Top 10 geral,2,0.0,56290607.09,56290607.09,0.0,56290607.09,1.0,2,0,0.0,0.0,,publicável,1.0
2026-08,custodiante,Fomento Mercantil,N/D,18,Oliveira Trust,Top 10 geral,3,0.0,56290607.09,56290607.09,0.0,56290607.09,1.0,2,0,0.0,0.0,,publicável,1.0
2026-08,custodiante,Fomento Mercantil,N/D,18,Daycoval,Top 10 geral,4,0.0,56290607.09,56290607.09,0.0,56290607.09,1.0,2,0,0.0,0.0,,publicável,1.0
2026-08,custodiante,Fomento Mercantil,N/D,18,Bradesco,Top 10 geral,5,0.0,56290607.09,56290607.09,0.0,56290607.09,1.0,2,0,0.0,0.0,,publicável,1.0
2026-08,custodiante,Fomento Mercantil,N/D,18,Genial,Top 10 geral,6,0.0,56290607.09,56290607.09,0.0,56290607.09,1.0,2,0,0.0,0.0,,publicável,1.0
2026-08,custodiante,Fomento Mercantil,N/D,18,Finaxis,Top 10 geral,7,0.0,56290607.09,56290607.09,0.0,56290607.09,1.0,2,0,0.0,0.0,,publicável,1.0
2026-08,custodiante,Fomento Mercantil,N/D,18,CBSF,Top 10 geral,8,0.0,56290607.09,56290607.09,0.0,56290607.09,1.0,2,0,0.0,0.0,,publicável,1.0
2026-08,custodiante,Fomento Mercantil,N/D,18,Itaú,Top 10 geral,9,0.0,56290607.09,56290607.09,0.0,56290607.09,1.0,2,0,0.0,0.0,,publicável,1.0
2026-08,custodiante,Fomento Mercantil,N/D,18,Hemera,Top 10 geral,10,0.0,56290607.09,56290607.09,0.0,56290607.09,1.0,2,0,0.0,0.0,,publicável,1.0
2026-08,custodiante,Fomento Mercantil,N/D,18,Outros identificados,residual identificado,11,56290607.09,56290607.09,56290607.09,1.0,56290607.09,1.0,2,0,0.0,0.0,,publicável,1.0
2026-08,custodiante,Fomento Mercantil,N/D,18,Prestador não informado,campo ausente,12,0.0,56290607.09,56290607.09,0.0,56290607.09,1.0,2,0,0.0,0.0,,publicável,1.0
2026-08,custodiante,Outros,Multicedente/Multissacado,19,BTG Pactual,Top 10 geral,1,20198291907.77,20198291907.77,20198291907.77,1.0,20198291907.77,1.0,1,0,0.0,0.0,,publicável,1.0
2026-08,custodiante,Outros,Multicedente/Multissacado,19,QI Tech,Top 10 geral,2,0.0,20198291907.77,20198291907.77,0.0,20198291907.77,1.0,1,0,0.0,0.0,,publicável,1.0
2026-08,custodiante,Outros,Multicedente/Multissacado,19,Oliveira Trust,Top 10 geral,3,0.0,20198291907.77,20198291907.77,0.0,20198291907.77,1.0,1,0,0.0,0.0,,publicável,1.0
2026-08,custodiante,Outros,Multicedente/Multissacado,19,Daycoval,Top 10 geral,4,0.0,20198291907.77,20198291907.77,0.0,20198291907.77,1.0,1,0,0.0,0.0,,publicável,1.0
2026-08,custodiante,Outros,Multicedente/Multissacado,19,Bradesco,Top 10 geral,5,0.0,20198291907.77,20198291907.77,0.0,20198291907.77,1.0,1,0,0.0,0.0,,publicável,1.0
2026-08,custodiante,Outros,Multicedente/Multissacado,19,Genial,Top 10 geral,6,0.0,20198291907.77,20198291907.77,0.0,20198291907.77,1.0,1,0,0.0,0.0,,publicável,1.0
2026-08,custodiante,Outros,Multicedente/Multissacado,19,Finaxis,Top 10 geral,7,0.0,20198291907.77,20198291907.77,0.0,20198291907.77,1.0,1,0,0.0,0.0,,publicável,1.0
2026-08,custodiante,Outros,Multicedente/Multissacado,19,CBSF,Top 10 geral,8,0.0,20198291907.77,20198291907.77,0.0,20198291907.77,1.0,1,0,0.0,0.0,,publicável,1.0
2026-08,custodiante,Outros,Multicedente/Multissacado,19,Itaú,Top 10 geral,9,0.0,20198291907.77,20198291907.77,0.0,20198291907.77,1.0,1,0,0.0,0.0,,publicável,1.0
2026-08,custodiante,Outros,Multicedente/Multissacado,19,Hemera,Top 10 geral,10,0.0,20198291907.77,20198291907.77,0.0,20198291907.77,1.0,1,0,0.0,0.0,,publicável,1.0
2026-08,custodiante,Outros,Multicedente/Multissacado,19,Outros identificados,residual identificado,11,0.0,20198291907.77,20198291907.77,0.0,20198291907.77,1.0,1,0,0.0,0.0,,publicável,1.0
2026-08,custodiante,Outros,Multicedente/Multissacado,19,Prestador não informado,campo ausente,12,0.0,20198291907.77,20198291907.77,0.0,20198291907.77,1.0,1,0,0.0,0.0,,publicável,1.0
