competencia,papel,pl_total_ex_fic_brl,pl_nos_14_focos_brl,cobertura_classificacao_14_focos_pl,pl_fora_14_focos_nd_brl,fundos_total_ex_fic,fundos_nos_14_focos,focos_taxonomia,focos_com_pl,pl_prestador_identificado_nos_14_focos_brl,cobertura_prestador_nos_14_focos_pl,combinacoes_bloqueadas,combinacoes_com_nota_pl_negativo
2026-05,administrador,778590066582.46,760808832820.07,0.9771622648097235,17781233762.390015,3772,3609,14,14,760808832820.07,1.0,0,8
2026-05,gestor,778590066582.46,760808832820.07,0.9771622648097235,17781233762.390015,3772,3609,14,14,759193641995.71,0.9978770083170919,0,8
2026-05,custodiante,778590066582.46,760808832820.07,0.9771622648097235,17781233762.390015,3772,3609,14,14,749634780703.9299,0.985312930615275,0,8
