competencia,papel,pl_total_ex_fic_brl,pl_nos_14_focos_brl,cobertura_classificacao_14_focos_pl,pl_fora_14_focos_nd_brl,fundos_total_ex_fic,fundos_nos_14_focos,focos_taxonomia,focos_com_pl,pl_prestador_identificado_nos_14_focos_brl,cobertura_prestador_nos_14_focos_pl,combinacoes_bloqueadas,combinacoes_com_nota_pl_negativo
2026-06,administrador,777624328647.7101,756971852412.3,0.9734415765112124,20652476235.410034,3790,3609,14,14,756971852412.3,1.0,0,7
2026-06,gestor,777624328647.7101,756971852412.3,0.9734415765112124,20652476235.410034,3790,3609,14,14,755360529068.6599,0.9978713563278407,0,7
2026-06,custodiante,777624328647.7101,756971852412.3,0.9734415765112124,20652476235.410034,3790,3609,14,14,745742900868.28,0.9851659589346211,0,7
