competencia,papel,pl_total_ex_fic_brl,pl_nos_14_focos_brl,cobertura_classificacao_14_focos_pl,pl_fora_14_focos_nd_brl,fundos_total_ex_fic,fundos_nos_14_focos,focos_taxonomia,focos_com_pl,pl_prestador_identificado_nos_14_focos_brl,cobertura_prestador_nos_14_focos_pl,combinacoes_bloqueadas,combinacoes_com_nota_pl_negativo
2026-05,administrador,880090293855.58,862309060093.1898,0.9797961255946904,17781233762.390137,3774,3611,14,14,862309060093.1898,1.0,0,8
2026-05,gestor,880090293855.58,862309060093.1898,0.9797961255946904,17781233762.390137,3774,3611,14,14,860693869268.83,0.9981269003201876,1,7
2026-05,custodiante,880090293855.58,862309060093.1898,0.9797961255946904,17781233762.390137,3774,3611,14,14,851135007977.05,0.9870417085552456,1,7
