competencia,veiculos_total,fundos_total,veiculos_com_carteira_positiva,veiculos_com_campos_reportados,veiculos_incluidos_metrica,cobertura_quantidade,pl_total_brl,pl_coberto_brl,cobertura_pl,carteira_positiva_total_brl,carteira_coberta_brl,cobertura_carteira,casos_inad_supera_carteira,casos_inad_supera_carteira_share_n,casos_inad_supera_carteira_share_veiculos_total,casos_inad_supera_carteira_com_carteira_positiva,casos_inad_supera_carteira_share_carteira_positiva,casos_inad_supera_carteira_pl_brl,casos_inad_supera_carteira_share_pl,casos_inad_supera_carteira_dc_brl,casos_inad_supera_carteira_share_dc,inadimplencia_bruta_brl,inadimplencia_ajustada_brl,excesso_removido_brl,excesso_top1_share,excesso_top5_share,excesso_top10_share,inadimplencia_bruta_pct,inadimplencia_ajustada_pct,inadimplencia_ajustada_ex_np_pct,sensibilidade_ex_casos_acima_carteira_pct,veiculos_com_aging_ex360,cobertura_carteira_aging_ex360,aging_inadimplente_total_brl,aging_gap_vs_inadimplencia_reportada_brl,aging_tabela_i_referencia_brl,aging_parcelas_inadimplentes_brl,aging_gap_vs_tabela_i_completa_brl,veiculos_parcelas_inadimplentes_positivas,veiculos_so_parcelas_inadimplentes,pl_veiculos_parcelas_inadimplentes_brl,aging_parcelas_top10_share,aging_reconciliacao_ratio,aging_publication_status,inadimplencia_ex_360d_publicavel,inadimplencia_ex_360d_pct_sobre_cobertura,inadimplencia_ex_360d_ajustada_pct_sobre_cobertura,casos_carteira_negativa,casos_inadimplencia_negativa,presenca_campo_exata,veiculos_com_presenca_campo_exata,cobertura_presenca_campo_exata_n,cobertura_presenca_campo_exata_pl,cobertura_presenca_campo_exata_carteira,qualidade_cobertura
2013-01,412,412,346,405,405,0.9830097087378641,69051990816.48,69051990816.48,1.0,58154196617.36,58154196617.36,1.0,18,0.044444444444444446,0.043689320388349516,12,0.03468208092485549,218050583.95999998,0.003157774039267234,150362446.94000003,0.002585582050584365,1404607301.44,941709204.8899999,462898096.55,0.39953028644615196,0.7439339632989899,0.9452798575997946,0.024153154598316663,0.016193314664566853,0.016006764975787683,0.01364300772988487,348,0.6451183604383376,7217919366.27,5822890499.650001,2871187418.81,1476158552.19,4346731947.460001,66,10,8347519308.290001,0.8912358843555072,2.51391438921168,bloqueado_cobertura_aging_insuficiente,False,0.08876371248480931,0.08046642655733316,0,0,True,412,1.0,1.0,1.0,campo bruto CVM
2013-02,414,414,344,406,406,0.9806763285024155,70227445134.46,70227445134.46,1.0,56748719854.65,56748719854.65,1.0,19,0.046798029556650245,0.04589371980676329,13,0.0377906976744186,165455581.64,0.0023559960258160146,91155534.58999999,0.0016063011610389778,1399748067.18,883098094.42,516649972.76,0.36161995180591794,0.7003718089579561,0.9525662205901556,0.024665720579515493,0.01556155093334037,0.015241801675971075,0.013977702171528173,350,0.6173139372728861,7170253244.139999,5770505176.959999,3004160766.16,1604412698.98,4166092477.9799995,68,12,7396490319.910001,0.9019348351019496,2.386774145015286,bloqueado_cobertura_aging_insuficiente,False,0.09871821790148301,0.08871652051925984,0,0,True,414,1.0,1.0,1.0,campo bruto CVM
2013-03,417,417,356,408,408,0.9784172661870504,68095643741.26999,68095643741.26999,1.0,58108333575.21,58108333575.21,1.0,14,0.03431372549019608,0.03357314148681055,11,0.03089887640449438,70036295.74,0.0010284989155268658,31735069.759999998,0.0005461362907426193,1352409965.48,817750753.28,534659212.2,0.3514504510953978,0.7581617479890493,0.9861220789043016,0.023273941658119777,0.014072865335599063,0.014126209726964122,0.013534120519235283,355,0.6296391586558722,6816393157.389999,5463983191.91,2765676222.34,1413266256.8600001,4050716935.049999,69,10,6786416353.709999,0.8759146171934876,2.4646388837312068,bloqueado_cobertura_aging_insuficiente,False,0.0755851999029808,0.06624111041907957,0,0,True,417,1.0,1.0,1.0,campo bruto CVM
2013-04,419,419,352,405,405,0.9665871121718377,70202431319.89001,70202431319.89,0.9999999999999998,57638595743.83,57638595743.83,1.0,15,0.037037037037037035,0.03579952267303103,9,0.02556818181818182,165678801.14000002,0.00236001514513158,122517484.89000002,0.002125615367774033,1560748646.6799998,911395163.6800001,649353483.0,0.29130269189608704,0.7001522421802425,0.9454270512321252,0.027078186526552778,0.015812237475920143,0.016036270194024118,0.013715776573611935,347,0.6111404016944797,7132957829.11,5572209182.43,3045843058.02,1485094411.3400002,4087114771.0899997,70,12,7719517388.35,0.8859191466775963,2.3418665023886343,bloqueado_cobertura_aging_insuficiente,False,0.08270240260411575,0.07173229478832617,0,0,True,419,1.0,1.0,1.0,campo bruto CVM
2013-05,417,417,348,409,409,0.9808153477218226,82130414632.11,82130414632.11,1.0,62886384387.35999,62886384387.35999,1.0,14,0.034229828850855744,0.03357314148681055,8,0.022988505747126436,159203378.98000002,0.0019384217125059697,94724645.71999998,0.0015062822682971643,1459858187.62,787542866.05,672315321.57,0.2833509638381273,0.7176526041430759,0.973308280423992,0.023214217224315853,0.012523265150672171,0.012648663873890166,0.011033602602330333,352,0.5618665621967606,7186359754.0199995,5726501566.4,3060327725.56,1600469537.9399998,4126032028.4599996,68,9,6703767633.11,0.9000043155298093,2.34823208442651,bloqueado_cobertura_aging_insuficiente,False,0.08537399548758674,0.07440016528895134,0,0,True,417,1.0,1.0,1.0,campo bruto CVM
2013-06,415,415,350,405,405,0.9759036144578314,93007240019.90999,93007240019.90999,1.0,65218220759.09999,65218220759.09999,1.0,16,0.03950617283950617,0.03855421686746988,9,0.025714285714285714,172361729.44,0.001853207657845805,130570229.78,0.002002051393924011,1511337336.85,753236883.2200001,758100453.63,0.25304024456318935,0.6771188165394951,0.9583594850011697,0.023173544436799448,0.011549485319482591,0.01165227808453174,0.009566586723844143,346,0.5446671508333587,7038307728.16,5527127708.36,3019651345.48,1508471325.6800003,4018656382.68,66,10,6733691218.43,0.8853110648477114,2.330834564293448,bloqueado_cobertura_aging_insuficiente,False,0.08068188957487109,0.07011164493613166,0,0,True,415,1.0,1.0,1.0,campo bruto CVM
2013-07,420,420,351,406,406,0.9666666666666667,89103816885.98001,89103816885.98,0.9999999999999998,71463450398.04001,71463450398.04001,1.0,16,0.03940886699507389,0.0380952380952381,9,0.02564102564102564,137765146.95999998,0.0015461194792170184,89115101.90000002,0.001247002508326188,1543161393.83,827504185.62,715657208.2099999,0.2547914778446468,0.7307503346162657,0.9795705009992581,0.021593715182164273,0.011579404311027998,0.011110727851904222,0.010345302420769902,352,0.5030298213751786,7374386397.059999,5831570441.539999,3209437418.86,1666621463.3399997,4164948978.1999993,64,10,6483114456.39,0.9048724162220535,2.297719330411309,bloqueado_cobertura_aging_insuficiente,False,0.08500794335070563,0.07444352765249453,0,0,True,420,1.0,1.0,1.0,campo bruto CVM
2013-08,420,420,351,410,410,0.9761904761904762,83429386915.9,83429386915.9,1.0,71583371229.31999,71583371229.31999,1.0,15,0.036585365853658534,0.03571428571428571,7,0.019943019943019943,129745981.03000002,0.0015551592289751442,96773511.10000001,0.0013518993229584349,1625456421.42,822921803.3,802534618.1200001,0.2291959088953549,0.6862961911602478,0.9761408269529166,0.022707178964969252,0.01149599116621288,0.011269001562209023,0.010157824198911687,357,0.4931385702657599,7266962147.44,5642142660.599999,3237507592.44,1612688105.6000001,4029454554.9999995,66,10,6515970054.990001,0.9111002910530799,2.2446162487492844,bloqueado_cobertura_aging_insuficiente,False,0.07726129541466288,0.06924048074877667,0,0,True,420,1.0,1.0,1.0,campo bruto CVM
2013-09,419,419,362,412,412,0.9832935560859188,81646833715.91,81646833715.91,1.0,70695158070.64,70695158070.64,1.0,15,0.03640776699029126,0.03579952267303103,8,0.022099447513812154,129995287.07,0.0015921656866978865,93918569.82,0.001328500740123598,1813016437.42,976432317.59,836584119.8299999,0.2217633406401496,0.696820444067788,0.9770411064174839,0.025645553201937794,0.01381186978342038,0.013605136858891437,0.012499975269694095,357,0.5170386819069899,7625742463.15,5813095019.57,3599848565.65,1787201122.0699997,4025893897.4999995,70,13,6549495465.879999,0.8870126866773024,2.11835090395617,bloqueado_cobertura_aging_insuficiente,False,0.07525660312848662,0.07106809715572766,0,0,True,419,1.0,1.0,1.0,campo bruto CVM
2013-10,428,428,363,420,420,0.9813084112149533,78563682492.29001,78563682492.29001,1.0,67261239026.95,67261239026.95,1.0,16,0.0380952380952381,0.037383177570093455,7,0.01928374655647383,230524727.46999997,0.002934240353265301,168432957.16,0.0025041607855679385,1991467181.94,1155009211.1299999,836457970.8100001,0.22286803992013715,0.7387271593952665,0.9542186894424389,0.029607946727565723,0.01717198832253469,0.017118709697251423,0.014704650345728015,363,0.5495171779018302,8050027575.37,6078237587.46,3904275389.4199996,1932485401.5100002,4145752185.9500003,72,15,5916631833.46,0.891160682292527,2.061849324764428,bloqueado_cobertura_aging_insuficiente,False,0.08003868555665203,0.07475934552434409,0,0,True,428,1.0,1.0,1.0,campo bruto CVM
2013-11,430,430,362,423,423,0.9837209302325581,83088917751.10002,83088917751.10002,1.0,71626838544.63,71626838544.63,1.0,16,0.037825059101654845,0.037209302325581395,5,0.013812154696132596,202356933.87,0.0024354262800266283,141928618.25,0.0019815005259734538,2010705014.07,1132406729.42,878298284.6499999,0.21999636338467718,0.7517853031024931,0.9540600502526557,0.02807194977364733,0.015809810294983326,0.015637531315575225,0.013855764974594797,361,0.5212074512198177,7918567171.250001,5915657238.330001,3755418343.16,1752508410.2399998,4163148828.090001,74,17,7609492753.68,0.8775079522268304,2.1085712556292506,bloqueado_cobertura_aging_insuficiente,False,0.07209590634644218,0.07030333168745055,0,0,True,430,1.0,1.0,1.0,campo bruto CVM
2013-12,430,430,358,419,419,0.9744186046511628,84521499149.36998,84521499149.36998,1.0,71078095166.85,71078095166.85,1.0,17,0.0405727923627685,0.03953488372093023,6,0.01675977653631285,186591474.07000002,0.0022076214448142673,107022289.13000001,0.0015057000174072469,2236480079.34,1298772267.57,937707811.77,0.20187939586711287,0.6669048129604237,0.9248033421765977,0.03146510994829063,0.018272468677181606,0.018174330018720982,0.016792052453445814,354,0.5406074853427014,8220594828.25,5993163084.75,4056605280.38,1829173536.88,4163989547.87,75,15,7088762942.0,0.8659187495089539,2.026471460757932,bloqueado_cobertura_aging_insuficiente,False,0.07793992820004729,0.0739800350629054,0,0,True,430,1.0,1.0,1.0,campo bruto CVM
2014-01,431,431,350,420,420,0.974477958236659,85879786096.91,85879786096.91,1.0,67414729896.55,67414729896.55,1.0,18,0.04285714285714286,0.04176334106728538,7,0.02,177232343.73000002,0.002063725956769435,100032442.71000001,0.001483836586803847,2616403114.5400004,1673515647.19,942887467.35,0.19352862458003695,0.6660293024415496,0.9213854028537161,0.03881055547585746,0.02482418382092551,0.02393270560234085,0.02337503196176424,352,0.5460298512554568,7964792843.3,5537086201.4800005,3888631747.33,1460925105.51,4076161095.9700003,74,5,6944912851.74,0.9209088777623111,2.0482250212478363,bloqueado_cobertura_aging_insuficiente,False,0.07842468006996595,0.07182952875874324,0,0,True,431,1.0,1.0,1.0,campo bruto CVM
2014-02,430,430,352,422,422,0.9813953488372092,80087063970.5,80087063970.5,1.0,69005096875.26999,69005096875.26999,1.0,18,0.04265402843601896,0.04186046511627907,9,0.02556818181818182,403877439.17,0.005042979716658959,303000255.68,0.004390983701213947,2635097340.02,1786582781.81,848514558.2099999,0.21034289486619276,0.730807331978069,0.9472515545821398,0.038186995734287056,0.02589059160425981,0.02469378074855819,0.021594428687449478,351,0.53006911541383,8090077318.57,5669312029.11,3981249318.330001,1560484028.8699996,4108828000.239999,72,3,6918397747.4800005,0.9294496226727026,2.0320448863432428,bloqueado_cobertura_aging_insuficiente,False,0.07879590961886546,0.07156002657210626,0,0,True,430,1.0,1.0,1.0,campo bruto CVM
2014-03,435,435,357,423,423,0.9724137931034482,82008316621.08,82008316621.08,1.0,68626442875.060005,68626442875.060005,1.0,21,0.04964539007092199,0.04827586206896552,13,0.036414565826330535,757349724.57,0.009235035613148111,367596816.34000003,0.005356489436721058,2592350082.41,1662621888.5000002,929728193.9099998,0.1887024920823077,0.6837472884806775,0.9039792847471271,0.03777479895219956,0.02422713197487065,0.0227055952859888,0.018972267287465542,353,0.5360512416893621,8172614394.75,5840955618.46,4014027759.8500004,1682368983.56,4158586634.8999996,76,4,6870563735.499999,0.917351384001522,2.036013421854213,bloqueado_cobertura_aging_insuficiente,False,0.0843876348773449,0.07031336238503445,0,0,True,435,1.0,1.0,1.0,campo bruto CVM
2014-04,436,436,360,428,428,0.981651376146789,76178864842.93999,76178864842.93999,1.0,63812813240.12,63812813240.12,1.0,23,0.053738317757009345,0.052752293577981654,14,0.03888888888888889,786139402.9999998,0.010319652368420093,373719338.0999999,0.005856493690283464,2669559274.5600004,1639023212.6899998,1030536061.87,0.1705101475451,0.6255981928959686,0.888322979866261,0.04183422010427228,0.02568486060193822,0.02465767400185014,0.01994517570733637,359,0.5678630615754977,8657318594.93,5992107017.950001,4406836837.69,1741625260.7099998,4250481757.2400007,78,5,6764831172.379999,0.9233435842302989,1.9645198843958203,bloqueado_cobertura_aging_insuficiente,False,0.09521855353967326,0.07736839520243004,0,0,True,436,1.0,1.0,1.0,campo bruto CVM
2014-05,446,446,367,438,438,0.9820627802690582,77467668384.69,77467668384.69,1.0,72826254324.51,72826254324.51,1.0,23,0.05251141552511415,0.0515695067264574,13,0.035422343324250684,764305081.3700001,0.009866117017677666,330179583.43,0.004533798785788666,2500942341.29,1473806246.18,1027136095.1099999,0.17909209818032917,0.6463849502036025,0.8805946429261983,0.03434121889814532,0.02023729299069531,0.01938189775018608,0.015775014948526067,364,0.6150950839052562,17735156191.14,15249379943.5,4267229527.01,1781453279.3700001,13467926664.13,81,5,7073448974.350001,0.9307082287032227,4.156128954133579,bloqueado_cobertura_aging_insuficiente,False,0.07398389704966578,0.05977141958093682,0,0,True,446,1.0,1.0,1.0,campo bruto CVM
2014-06,456,456,375,449,449,0.9846491228070176,74995502202.04999,74995502202.04999,1.0,69711874913.42,69711874913.42,1.0,26,0.05790645879732739,0.05701754385964912,17,0.04533333333333334,643009774.8000001,0.008573977850933353,230957279.56,0.0033130263652618986,2643266170.77,1561099835.47,1082166335.3,0.178236334053516,0.6204650439009087,0.8587512194531302,0.03791701448358483,0.022393599905451374,0.020803789895474652,0.019143998110666638,359,0.6439937598390085,18172362079.95,15551670588.34,4450945332.78,1830253841.17,13721416747.170002,77,2,6322438469.3,0.9252166144820091,4.082809542978546,bloqueado_cobertura_aging_insuficiente,False,0.08378821839879184,0.06450685275026673,0,0,True,456,1.0,1.0,1.0,campo bruto CVM
2014-07,458,458,380,452,452,0.9868995633187773,76775602465.02,76775602465.02,1.0,71572447860.02,71572447860.02,1.0,28,0.061946902654867256,0.0611353711790393,19,0.05,952319832.1099999,0.012403938250356154,499762944.28,0.006982616345013469,3469671824.45,1441242629.9100003,2028429194.54,0.49713161741328643,0.7859132186083134,0.9056627795906895,0.048477758246244645,0.020136835793694727,0.018761638714802763,0.013246716185636834,368,0.6098730673537955,18854587978.58,15401496963.150002,5075514777.41,1622423761.98,13779073201.170002,76,2,6682500526.62,0.9287742314936431,3.714812941240488,bloqueado_cobertura_aging_insuficiente,False,0.07956168177900066,0.059772723198917584,0,0,True,458,1.0,1.0,1.0,campo bruto CVM
2014-08,462,462,384,454,454,0.9826839826839827,73416048421.88,73416048421.88,1.0,68178398629.96001,68178398629.96001,1.0,25,0.05506607929515418,0.05411255411255411,17,0.044270833333333336,892758187.33,0.012160259323681245,436568013.59999996,0.006403318681177655,3585307577.1699996,2392857905.11,1192449672.06,0.2208577798298464,0.6549236547575692,0.8769758845699791,0.0525871485575563,0.03509700951025995,0.01938778219337582,0.028878609770512254,368,0.6469516231920902,18794372514.760002,15226366763.500002,5030448659.02,1462442907.7600002,13763923855.740002,73,3,6268582054.449999,0.9353142828290671,3.736122518825468,bloqueado_cobertura_aging_insuficiente,False,0.07306706898365196,0.05620014567727837,0,0,True,462,1.0,1.0,1.0,campo bruto CVM
2014-09,466,466,387,458,458,0.9828326180257511,74721666110.22,74721666110.22,1.0,58772510978.28,58772510978.28,1.0,29,0.06331877729257641,0.06223175965665236,21,0.05426356589147287,623446418.68,0.008343582940995591,466228034.59000003,0.00793275677403505,5144894037.54,1776954576.9300003,3367939460.61,0.39399774857285036,0.8351375234371244,0.9373743555022814,0.08753912248944663,0.0302344505509845,0.028329277004093007,0.022480022326339173,372,0.5992310040737462,9299301217.47,4204814610.209999,6499383118.75,1404896511.49,2799918098.7199993,23,2,4412660163.370001,0.9852871492234844,1.430797515327654,bloqueado_cobertura_aging_insuficiente,False,0.08904655365971041,0.07038872121663288,0,0,True,466,1.0,1.0,1.0,campo bruto CVM
2014-10,465,465,378,457,457,0.9827956989247312,76742257500.18,76742257500.18,1.0,61679315189.93001,61679315189.93001,1.0,26,0.05689277899343545,0.05591397849462366,18,0.047619047619047616,514790508.88000005,0.0067080448979337445,368139093.59000003,0.005968598912883257,5379707049.120001,1686408130.12,3693298919.0,0.35932861133788996,0.8086832411032366,0.9328686880082995,0.08722060276697612,0.027341550808841163,0.025829155723140547,0.021501284438885434,373,0.5594876137362503,9365152207.27,4284566229.1000004,6493370449.130001,1412784470.96,2871781758.1399994,17,3,3962619994.04,0.9912645426364192,1.4422636565460034,bloqueado_cobertura_aging_insuficiente,False,0.08566894396897368,0.06973277128022133,0,0,True,465,1.0,1.0,1.0,campo bruto CVM
2014-11,472,472,384,468,468,0.9915254237288136,75928450115.71,75928450115.71,1.0,61441744761.890015,61441744761.890015,1.0,27,0.057692307692307696,0.057203389830508475,20,0.052083333333333336,552106710.2,0.007271407612806865,404160564.50000006,0.006577947388477899,5171584287.32,1662872126.92,3508712160.4,0.3782541669530106,0.836805385026305,0.9364262336285316,0.08417053108374191,0.02706420745967189,0.025595879009521833,0.02062190990962947,380,0.5532828524571066,9532848754.5,4411879527.48,6534677824.76,1413708597.74,2998170929.74,17,3,3796440337.95,0.993220981866192,1.458809295598305,bloqueado_cobertura_aging_insuficiente,False,0.08109604097758505,0.06367910888547684,0,0,True,472,1.0,1.0,1.0,campo bruto CVM
2014-12,477,477,384,472,472,0.989517819706499,76436831792.11,76436831792.11,1.0,64068352874.130005,64068352874.130005,1.0,26,0.05508474576271186,0.05450733752620545,20,0.052083333333333336,471191711.03,0.006164458939265423,393145091.38,0.006136338359632577,5402034404.2699995,1866357022.8200002,3535677381.4500003,0.3753744682965692,0.8626472989170639,0.9506811932800023,0.08431673614089856,0.029130716478487955,0.02734859214493305,0.02313635059451038,379,0.5716424669173662,9986422440.55,4675941146.99,7151652467.61,1841171174.0499997,2834769972.9399996,21,7,3656144745.3900003,0.9790364810811709,1.3963797158459166,bloqueado_cobertura_aging_insuficiente,False,0.07863358567155618,0.0646462205109867,0,0,True,477,1.0,1.0,1.0,campo bruto CVM
2015-01,476,476,401,471,471,0.9894957983193278,71989010730.87,71989010730.87,1.0,58044440768.68001,58044440768.68001,1.0,25,0.05307855626326964,0.052521008403361345,19,0.04738154613466334,486033506.58,0.006751495841455998,397518278.2799999,0.00684851594770632,5404119774.33,1670681680.6,3733438093.7300005,0.35516294122483816,0.8355381744025231,0.9526019486067853,0.09310314136484867,0.028782802598754247,0.02669169556459109,0.022085539822737657,377,0.576397316783053,9699623435.36,4380599557.710001,7193099518.75,1874075641.1,2506523916.6100006,28,6,3991466591.53,0.9783320778577724,1.348462288068771,bloqueado_cobertura_aging_insuficiente,False,0.07970495966947096,0.06497849178511943,0,0,True,476,1.0,1.0,1.0,campo bruto CVM
2015-02,482,482,405,473,473,0.9813278008298755,72980949615.88,72980949615.87999,0.9999999999999998,59337016884.96,59337016884.96,1.0,23,0.048625792811839326,0.04771784232365145,18,0.044444444444444446,408465071.58,0.005596872522622282,324243560.39000005,0.005464439862533521,5677309580.0199995,1794847480.7999997,3882462099.22,0.34153553158095157,0.8378164596799276,0.9563550906152972,0.09567905294307123,0.03024836055172391,0.025137013666455047,0.02492009504995952,382,0.5597648589076419,9423692359.220001,3878745173.9400005,6942326653.25,1397379467.97,2481365705.970001,28,5,3934340519.2800007,0.9747071001613149,1.3574256628803785,bloqueado_cobertura_aging_insuficiente,False,0.087661819146198,0.0723453953132949,0,0,True,482,1.0,1.0,1.0,campo bruto CVM
2015-03,488,488,408,480,480,0.9836065573770492,73541905327.28,73541905327.28,1.0,43696678579.75,43696678579.75,1.0,22,0.04583333333333333,0.045081967213114756,18,0.04411764705882353,481051155.0899999,0.006541184280570392,399396910.71000004,0.009140212109738916,5253822083.74,2166239554.41,3087582529.33,0.5174330476331204,0.8929088560130728,0.9662487015229312,0.12023390002403378,0.04957446709494032,0.041587585371896316,0.04080724183115154,389,0.7929475623782807,9126811741.65,4011875869.6900005,6571488370.57,1456552498.6100001,2555323371.08,28,6,4040631956.7799997,0.9587896863674447,1.3888500179843362,bloqueado_cobertura_aging_insuficiente,False,0.08504502235462265,0.07347542030371446,0,0,True,488,1.0,1.0,1.0,campo bruto CVM
2015-04,488,488,407,481,481,0.985655737704918,77509197773.28001,77509197773.28001,1.0,42387096132.01,42387096132.01,1.0,24,0.0498960498960499,0.04918032786885246,18,0.044226044226044224,336406042.81,0.004340208033039019,277461809.5,0.0065459027586102,5155007962.219999,1791832912.9800003,3363175049.2400002,0.475785474791625,0.8581349121575407,0.9496350583451558,0.12161738907910292,0.04227307545200859,0.03774809587804415,0.035962580246641625,391,0.7993286351520902,8641825998.18,3706266241.83,6057027784.440001,1121468028.0900002,2584798213.74,28,4,4053457907.140001,0.9649741205579445,1.4267436613680609,bloqueado_cobertura_aging_insuficiente,False,0.08115674275474963,0.06839584500467712,0,0,True,488,1.0,1.0,1.0,campo bruto CVM
2015-05,494,494,421,487,487,0.9858299595141701,75124669704.16,75124669704.16,1.0,61038571875.689995,61038571875.689995,1.0,25,0.0513347022587269,0.05060728744939271,21,0.0498812351543943,347740277.71,0.004628842683493941,271106750.8,0.004441564448003975,4792875160.7,1444177675.58,3348697485.1200004,0.47839934365184733,0.8692478899465861,0.9485152582739728,0.07852207241121367,0.02366008298033553,0.020628992512355143,0.019304259645668793,394,0.5474284597462541,8781081846.300001,4127934103.9000015,6129465173.320001,1476317430.92,2651616672.9800005,28,3,5163203436.67,0.9684574091826711,1.4326016378267084,bloqueado_cobertura_aging_insuficiente,False,0.07787465854137954,0.06685971054248545,0,0,True,494,1.0,1.0,1.0,campo bruto CVM
2015-06,504,504,424,498,498,0.9880952380952381,78975222019.68999,78975222019.68999,1.0,63745156615.82,63745156615.82,1.0,27,0.05421686746987952,0.05357142857142857,22,0.05188679245283019,390850418.75,0.0049490258938753445,320480527.61,0.005027527495798238,5140372703.620001,1772381167.81,3367991535.81,0.4761136914390576,0.8700278753863546,0.948600673763758,0.0806394238639973,0.027804169946460497,0.025788993856891176,0.022891731258993273,393,0.5225730577694258,9312136943.8,4323478544.249999,6242290313.83,1253631914.2799997,3069846629.9699993,71,8,6395759953.58,0.92164398417823,1.4917820984981511,bloqueado_cobertura_aging_insuficiente,False,0.07947621365778532,0.06716383445388636,0,0,True,504,1.0,1.0,1.0,campo bruto CVM
2015-07,509,509,426,500,500,0.9823182711198428,77675112198.25,77675112198.25,1.0,62576178205.31,62576178205.31,1.0,27,0.054,0.05304518664047151,23,0.0539906103286385,346070045.53999996,0.004455353017794506,268588585.22999996,0.004292185827468902,5111794286.959999,1791932759.36,3319861527.6,0.4835706348392698,0.8755507870568693,0.9553199344891857,0.08168914167606084,0.02863602109864777,0.027092661267519975,0.024448773952235645,399,0.5268427988585994,9578115124.01,4619092090.690001,6437340399.6,1478317366.2800002,3140774724.41,69,8,6422591070.530001,0.9326403829709599,1.4878994319773986,bloqueado_cobertura_aging_insuficiente,False,0.07673992370871341,0.06526174341956618,0,0,True,509,1.0,1.0,1.0,campo bruto CVM
2015-08,498,498,417,489,489,0.9819277108433735,79218771470.26999,79218771470.27,1.0000000000000002,62015050603.51,62015050603.51,1.0,23,0.04703476482617587,0.04618473895582329,19,0.045563549160671464,324791236.56,0.004099927713242699,230856768.19000003,0.0037225925955615318,5230291800.46,1902457443.37,3327834357.09,0.4827782002992735,0.89101593289122,0.9652735416100895,0.08433907171824463,0.030677350495660522,0.02860420012917818,0.0270554744088026,389,0.5420872839093882,9179737876.31,4253646543.619999,6139090091.3,1212998758.6100001,3040647785.0099993,68,9,6491884151.930001,0.932360600686831,1.495292908198081,bloqueado_cobertura_aging_insuficiente,False,0.0726442178983017,0.0627362475286414,0,0,True,498,1.0,1.0,1.0,campo bruto CVM
2015-09,516,516,434,507,507,0.9825581395348837,84554671176.61002,84554671176.61,0.9999999999999998,64748078178.63,64748078178.63,1.0,22,0.04339250493096647,0.04263565891472868,19,0.04377880184331797,344606866.06000006,0.004075550898190083,227845057.70000002,0.003518947034557698,5054836992.52,1678998877.2999997,3375838115.2200003,0.47626177011903964,0.8852679654857326,0.9671167132127821,0.07806929772609593,0.02593125424769983,0.023080576978172708,0.022491453446550767,408,0.5153268768579843,9606758679.11,4750989855.58,6554299998.01,1698531174.48,3052458681.1000004,68,10,6206861814.38,0.9478803692978423,1.4657184874093008,bloqueado_cobertura_aging_insuficiente,False,0.08023890022450465,0.06818028140031071,0,0,True,516,1.0,1.0,1.0,campo bruto CVM
2015-10,520,520,439,511,511,0.9826923076923076,79922852859.86,79922852859.86,1.0,66409779812.93001,66409779812.93001,1.0,24,0.046966731898238745,0.046153846153846156,19,0.04328018223234624,290568913.46,0.003635617386800436,226743488.42,0.003414308691561916,5036507992.78,1857388866.2000003,3179119126.58,0.505981127970645,0.9005922368911118,0.9665725043388601,0.07583985381320885,0.02796860449518259,0.02551576555815927,0.02463841897166197,412,0.5129057864821911,9713024744.55,4825451828.729999,6504209020.34,1616636104.52,3208815724.209999,67,8,7472327712.37,0.9402607952340178,1.4933444964907143,bloqueado_cobertura_aging_insuficiente,False,0.07812498454792949,0.06562083817833365,0,0,True,520,1.0,1.0,1.0,campo bruto CVM
2015-11,519,519,446,512,512,0.9865125240847784,84169050198.17,84169050198.17,1.0,65892013978.520004,65892013978.520004,1.0,24,0.046875,0.046242774566473986,19,0.042600896860986545,296925577.90999997,0.003527728746028498,212239078.10999998,0.003221013675180536,5151660134.4,1545682063.78,3605978070.6200004,0.4463313802857582,0.8566956085506222,0.9580479555456669,0.07818337645711328,0.02345780574082731,0.021726496387251094,0.020302185683368962,405,0.5389362107219298,9693857838.43,4715163342.040001,6733121612.35,1754427115.9599998,2960736226.08,71,12,8649215172.609999,0.9175959440407464,1.4397271275554224,bloqueado_cobertura_aging_insuficiente,False,0.07282936712371893,0.06289711917555073,0,0,True,519,1.0,1.0,1.0,campo bruto CVM
2015-12,527,527,443,519,519,0.9848197343453511,84691001574.42,84691001574.42,1.0,70860951194.09999,70860951194.09999,1.0,23,0.04431599229287091,0.04364326375711575,19,0.04288939051918736,288730552.15000004,0.003409223492253609,229688733.80999997,0.003241400657759224,5402787223.509999,1824645055.06,3578142168.4500003,0.45000105335319907,0.8573790764409279,0.9626834030359837,0.0762449153231215,0.02574965512475259,0.02426660515293284,0.022581449993856608,415,0.5421758968311569,10274466868.630001,4965174606.820002,7127624492.23,1818332230.4200003,3146842376.4000015,67,8,8557368895.699999,0.906949506355657,1.4414994616832653,bloqueado_cobertura_aging_insuficiente,False,0.0711888829765068,0.06306332811817138,0,0,True,527,1.0,1.0,1.0,campo bruto CVM
2016-01,526,526,445,513,513,0.9752851711026616,84317947022.03,84317947022.03,1.0,72385579800.88998,72385579800.88998,1.0,23,0.04483430799220273,0.043726235741444866,18,0.04044943820224719,407928669.34000003,0.004837981518138947,234933245.9,0.0032455807710075357,5476646138.52,2176651124.75,3299995013.77,0.48809426064855915,0.891222655039739,0.9755170728916648,0.0756593530587796,0.030070231263426835,0.028999062104091578,0.026911995547678275,413,0.5363945494217429,10182093363.85,4807988529.32,6897921903.67,1523817069.14,3284171460.1800003,67,8,8774408861.95,0.9195895366369975,1.4761102700267852,bloqueado_cobertura_aging_insuficiente,False,0.07233295502195851,0.0649927420392313,0,0,True,526,1.0,1.0,1.0,campo bruto CVM
2016-02,525,525,443,515,515,0.9809523809523809,83686775750.21,83686775750.21,1.0,68076801791.92999,68076801791.92999,1.0,28,0.05436893203883495,0.05333333333333334,23,0.05191873589164785,373983854.47,0.004468852469430471,312543646.21999997,0.004591044790489111,7400671985.02,2239407351.9199996,5161264633.1,0.3449176834226295,0.9029344410075137,0.9771805131934765,0.10871062961564237,0.03289530784311118,0.03184880486208933,0.02843480853220239,410,0.5229982509472205,11769661102.140001,4746353000.26,8441672119.06,1418364017.1799998,3327988983.080001,66,9,8644939687.53,0.9332413598462127,1.3942333860096168,bloqueado_cobertura_aging_insuficiente,False,0.07767770181805893,0.07073623790151709,0,0,True,525,1.0,1.0,1.0,campo bruto CVM
2016-03,530,530,454,521,521,0.9830188679245283,81201821665.95,81201821665.95,1.0,66071695141.53001,66071695141.53001,1.0,32,0.061420345489443376,0.06037735849056604,26,0.05726872246696035,484369181.52,0.005965003882703636,392608512.67,0.005942158920381961,7831160196.889999,2368533644.26,5462626552.63,0.3248402199351647,0.8598662040733046,0.9559237121501416,0.11852518964611289,0.03584793214683598,0.03468937311530903,0.030084540346238007,420,0.5404694740901888,12404863269.22,4965830720.719999,8623006288.900002,1183973740.3999999,3781856980.319998,67,9,7963469569.42,0.9253017654174319,1.4385775509856937,bloqueado_cobertura_aging_insuficiente,False,0.08411205580475001,0.07683132092106475,0,0,True,530,1.0,1.0,1.0,campo bruto CVM
2016-04,534,534,458,525,525,0.9831460674157303,82550918482.04001,82550918482.04001,1.0,67692533487.35,67692533487.35,1.0,33,0.06285714285714286,0.06179775280898876,25,0.05458515283842795,764988092.4499999,0.009266863488822753,632049187.88,0.009337059130725456,7999333430.84,2277383097.07,5721950333.77,0.31029312395485176,0.8212422536135361,0.9243458088677985,0.11817157696328312,0.033643047168497316,0.03223465241912495,0.024535073469533583,429,0.5356011238396825,12888896651.36,5028774814.960001,9286085146.83,1425963310.43,3602811504.5300007,67,13,7986419415.02,0.9254308704703381,1.3879795896293172,bloqueado_cobertura_aging_insuficiente,False,0.08059037922269899,0.06931757741610808,0,0,True,534,1.0,1.0,1.0,campo bruto CVM
2016-05,542,542,455,531,531,0.9797047970479705,80157834858.12001,80157834858.12001,1.0,66136588013.71,66136588013.71,1.0,37,0.0696798493408663,0.06826568265682657,28,0.06153846153846154,750036977.6500001,0.009357001458155293,643821325.06,0.009734722403982148,7927861324.02,2026025842.54,5901835481.4800005,0.30395978713221256,0.808464792158773,0.9199224286964561,0.11987103601982867,0.03063396379202399,0.029237698322785693,0.02110468968353323,426,0.5025557841015319,11988289498.45,4260173284.49,9145258515.649998,1417142301.69,2843030982.800003,64,11,7915235196.85,0.9391082516010616,1.3108748624147488,bloqueado_cobertura_aging_insuficiente,False,0.08225398576938403,0.06596028961566386,0,0,True,542,1.0,1.0,1.0,campo bruto CVM
2016-06,548,548,462,537,537,0.9799270072992701,78647490131.52002,78647490131.52,0.9999999999999998,67097402215.87999,67097402215.87999,1.0,38,0.07076350093109869,0.06934306569343066,29,0.06277056277056277,740333066.56,0.009413308235545235,602420749.4,0.008978302132499321,8316145587.530001,1940648449.9699998,6375497137.56,0.2816480250961607,0.7726118371382679,0.9038884171024014,0.12394139434450135,0.02892285522062589,0.027791519980511617,0.020125243605708772,433,0.5097941620011702,13071803737.06,4913782649.13,9587101906.41,1429080818.48,3484701830.6499996,63,12,7771230684.75,0.9417048170035558,1.3634781255762083,bloqueado_cobertura_aging_insuficiente,False,0.08249503416443238,0.06661318374221437,0,0,True,548,1.0,1.0,1.0,campo bruto CVM
2016-07,552,552,473,542,542,0.9818840579710145,83478901036.45,83478901036.45,1.0,69899904307.64,69899904307.64,1.0,33,0.06088560885608856,0.059782608695652176,27,0.05708245243128964,686697045.24,0.008225995272028826,600085283.4,0.008584922817046134,7776363806.340001,2183185045.93,5593178760.410001,0.32066147053353405,0.7843088703709574,0.9070296433021778,0.11124999216186411,0.031233019094296235,0.030224810002423178,0.022844212074727872,432,0.49732511168259824,11869871584.6,4248897425.8100004,9216335108.71,1595360949.92,2653536475.8900013,69,15,8619962099.359999,0.9238411320359241,1.2879166658536805,bloqueado_cobertura_aging_insuficiente,False,0.07819726149574249,0.061762510684091804,0,0,True,552,1.0,1.0,1.0,campo bruto CVM
2016-08,560,560,479,549,549,0.9803571428571428,86598300479.04,86598300479.04,1.0,70442420155.3,70442420155.3,1.0,33,0.060109289617486336,0.05892857142857143,26,0.054279749478079335,1066376456.0699999,0.012314057552758818,599347942.02,0.008508338309482482,7933495455.34,2326927918.74,5606567536.6,0.3198811571808151,0.7846443174405762,0.9057155261183979,0.11262383430111456,0.0330330490294054,0.03332874557179402,0.02473516587936572,438,0.4942709139011654,12090220052.82,4312726260.92,9321174085.630001,1543680293.73,2769045967.1899986,69,16,8268062540.32,0.9265216345633812,1.297070512979572,bloqueado_cobertura_aging_insuficiente,False,0.07876562533670953,0.06348704389129675,0,0,True,560,1.0,1.0,1.0,campo bruto CVM
2016-09,561,561,478,551,551,0.982174688057041,87251904214.96,87251904214.95999,0.9999999999999998,70585193277.18001,70585193277.18001,1.0,34,0.06170598911070781,0.06060606060606061,24,0.0502092050209205,1074061344.4999998,0.012309890015166497,539193140.21,0.007638898686480181,8184641336.3,2257001430.7700005,5927639905.530001,0.3029295422862646,0.7442522518083943,0.8862892850945313,0.11595408266659903,0.03197556493055156,0.03242077090669528,0.024524002615437673,436,0.49199387039133174,11408333342.57,3364494317.25,9327626680.02,1283787654.6999998,2080706662.5499992,66,14,7891786163.940001,0.9296598433242437,1.2230692472938398,bloqueado_cobertura_aging_insuficiente,False,0.0736392605738554,0.05675185911665192,0,0,True,561,1.0,1.0,1.0,campo bruto CVM
2016-10,566,566,481,556,556,0.9823321554770318,86906407866.81001,86906407866.81001,1.0,75505627805.08002,75505627805.08002,1.0,32,0.05755395683453238,0.05653710247349823,23,0.04781704781704782,491962391.88,0.005660829896846799,400218162.2,0.005300507708288644,7551006434.82,1915549144.4800003,5635457290.34,0.31863173625998065,0.7831634630441364,0.9131643981245618,0.10000587577806973,0.025369620784096335,0.026445692625159105,0.020176056418376158,445,0.4727074908592262,11573324374.470001,4162012068.300001,9167379187.960001,1756066881.7899997,2405945186.51,80,17,8598976763.63,0.9014159653398085,1.2624463477707843,bloqueado_cobertura_aging_insuficiente,False,0.07289611053207597,0.0578870006963557,0,0,True,566,1.0,1.0,1.0,campo bruto CVM
2016-11,567,567,491,557,557,0.982363315696649,89129311018.68999,89129311018.68999,1.0,78021072629.83998,78021072629.83998,1.0,32,0.05745062836624776,0.0564373897707231,23,0.04684317718940937,436848632.65,0.004901290357314609,357567469.2,0.004582960181750239,7817848354.160001,2135703597.6299999,5682144756.53,0.31600779416196134,0.7777916936507153,0.9112207722198081,0.10020175435488671,0.027373420098471928,0.02871755905606432,0.022895388570887767,446,0.45464906584536346,11654305900.3,3961910898.75,9407798284.31,1715403282.76,2246507615.99,80,15,8847080010.970001,0.8995722794334288,1.2387920688878553,bloqueado_cobertura_aging_insuficiente,False,0.07594043637893015,0.059549282835722604,0,0,True,567,1.0,1.0,1.0,campo bruto CVM
2016-12,575,575,493,565,565,0.9826086956521739,93803241587.04999,93803241587.04999,1.0,82190729840.0,82190729840.0,1.0,33,0.0584070796460177,0.057391304347826085,22,0.04462474645030426,614583098.59,0.006551832198886892,507670884.16,0.006176741405609594,8342700105.83,2534275198.79,5808424907.04,0.3091098743798627,0.7616437841639353,0.8984157574328201,0.1015041492157408,0.03083407585896186,0.03382121871673917,0.02481058300871954,443,0.4375690240544286,12278064770.130001,4025572647.050001,9725379511.93,1472887388.85,2552685258.200001,82,15,8426613471.3,0.897469679696348,1.2624766730253203,bloqueado_cobertura_aging_insuficiente,False,0.0758931385873902,0.05916333092720031,0,0,True,575,1.0,1.0,1.0,campo bruto CVM
2017-01,586,586,506,577,577,0.984641638225256,89372048939.81999,89372048939.81999,1.0,78256825900.48,78256825900.48,1.0,34,0.058925476603119586,0.05802047781569966,24,0.04743083003952569,533016317.10999995,0.0059640158576750825,492786611.8500001,0.006297043180318633,8639574774.34,2922522770.9800005,5717052003.360001,0.31532275289791234,0.7637941984616636,0.8980659417987623,0.11040027083806128,0.03734527611299496,0.04033486057295718,0.03124498394575107,451,0.44588889922017627,10582412973.34,3626616937.37,8358444132.849999,1402648096.8799999,2223968840.4900007,77,16,8907944461.259998,0.9185930862388152,1.266074499648739,bloqueado_cobertura_aging_insuficiente,False,0.07264807007673725,0.05938285382581184,0,0,True,586,1.0,1.0,1.0,campo bruto CVM
2017-02,594,594,497,583,583,0.9814814814814815,91877603717.75002,91877603717.75002,1.0,81322274630.98,81322274630.98,1.0,33,0.05660377358490566,0.05555555555555555,22,0.04426559356136821,552520914.23,0.006013662654147535,432589840.45,0.0053194508197536745,7334940310.74,2916912757.88,4418027552.860001,0.4065101591562915,0.699597313124304,0.867317636400767,0.09019595607752134,0.03586855841300819,0.03621486579596999,0.03071248112615772,454,0.43785413569722353,12011722043.410002,4854811442.030003,9933431055.05,2776520453.67,2078290988.3600025,72,15,8866468985.08,0.9672659032063439,1.2092218667288612,bloqueado_cobertura_aging_insuficiente,False,0.06660745076942409,0.054720947776721186,0,0,True,594,1.0,1.0,1.0,campo bruto CVM
2017-03,603,603,509,592,592,0.9817578772802653,94200455184.52,94200455184.52,1.0,75114531629.75002,75114531629.75002,1.0,33,0.05574324324324324,0.05472636815920398,22,0.043222003929273084,564341267.6500001,0.005990854996874139,441438264.41999996,0.005876869027099984,9064214204.79,3035309184.5000005,6028905020.29,0.29788482104062297,0.7353671290506985,0.88838404765288,0.1206719127194825,0.04040908088812245,0.04265192341894907,0.03473635285724362,460,0.45706201089873266,11917271582.83,3371601018.5099993,9792635763.46,1246965199.1399999,2124635819.3700008,75,17,8835353905.869999,0.9146196215472356,1.2169626105463673,bloqueado_cobertura_aging_insuficiente,False,0.06931477633840205,0.057474935618175835,0,0,True,603,1.0,1.0,1.0,campo bruto CVM
2017-04,612,612,514,595,595,0.9722222222222222,90732800394.03,90732800394.02998,0.9999999999999998,79506671223.09999,79506671223.09999,1.0,27,0.0453781512605042,0.04411764705882353,20,0.038910505836575876,501147103.19000006,0.005523328950651173,435229972.84999996,0.005474131493050706,7080307804.450001,3257820073.57,3822487730.88,0.4697880936001295,0.7672278933475712,0.8964605374969026,0.08905300266668538,0.040975430406693575,0.041451543761204857,0.035696707383730354,470,0.4861640259615046,10418355394.67,4056589093.789999,9472723427.42,3110957126.54,945631967.25,77,16,9220296966.69,0.957121691812462,1.099826831691586,bloqueado_cobertura_aging_insuficiente,False,0.06071543633243818,0.05447088999899589,0,0,True,612,1.0,1.0,1.0,campo bruto CVM
2017-05,620,620,510,604,604,0.9741935483870968,88161106690.67,88161106690.67,1.0,75070533183.19,75070533183.19,1.0,30,0.04966887417218543,0.04838709677419355,20,0.0392156862745098,453132363.63,0.005139821636086092,370619652.1,0.004936952441720371,9399534399.869999,3787509942.0400004,5612024457.83,0.319947637739677,0.7782216011704163,0.907504925776693,0.1252093731229122,0.05045268471448808,0.050929463234769885,0.0457415561601406,460,0.4597696152954556,12353865417.96,3787690302.169998,9897970207.96,1331795092.17,2455895210.0,76,14,8856002382.94,0.9251733223182055,1.248121095376197,bloqueado_cobertura_aging_insuficiente,False,0.07095744396095684,0.06513510063668446,0,0,True,620,1.0,1.0,1.0,campo bruto CVM
2017-06,626,626,520,605,605,0.9664536741214057,90538103924.23,90538103924.23,1.0,78867894742.0,78867894742.0,1.0,30,0.049586776859504134,0.04792332268370607,22,0.04230769230769231,516735134.32000005,0.005707377467860914,424445365.57000005,0.005381725567272782,9085587694.83,3078442253.3100004,6007145441.52,0.29887555924827236,0.7401479522085576,0.8975196566816884,0.11520007887305246,0.03903289498699677,0.03787986377394873,0.03383325068998622,462,0.42545471949945307,11699025962.14,4434614236.959999,8560486605.549999,1296074880.3700001,3138539356.59,74,18,8927156367.300001,0.9280918534325779,1.3666309523287143,bloqueado_cobertura_aging_insuficiente,False,0.08307713003920321,0.06663095993266624,0,0,True,626,1.0,1.0,1.0,campo bruto CVM
2017-07,630,630,525,614,614,0.9746031746031746,94518711984.59001,94518711984.59001,1.0,74748976588.04001,74748976588.04001,1.0,24,0.03908794788273615,0.0380952380952381,15,0.02857142857142857,354218181.56,0.0037475984820630063,269974250.90999997,0.003611745113219335,6951135860.040001,2983868959.6600003,3967266900.38,0.4458572777245146,0.7458862589826167,0.8990151025352929,0.0929930572608294,0.039918525923168635,0.0403073257417942,0.03643838697604362,462,0.43732368823482176,11191631064.43,4443722991.58,8120294940.050001,1372386867.2,3071336124.379999,76,16,9570718729.240002,0.9293983390429225,1.3782296267629273,bloqueado_cobertura_aging_insuficiente,False,0.07313787386161902,0.06845739591159729,0,0,True,630,1.0,1.0,1.0,campo bruto CVM
2017-08,642,642,547,628,628,0.9781931464174455,102852724438.57,102852724438.56999,0.9999999999999999,79045145537.76999,79045145537.76999,1.0,28,0.044585987261146494,0.04361370716510903,19,0.03473491773308958,456361478.40999997,0.004437038307940663,306226904.6,0.00387407604245192,8737014030.23,2723815089.2500005,6013198940.98,0.29926145366258644,0.7400084271093135,0.8932828395819852,0.11053194944217301,0.03445898000084629,0.03135455165874242,0.030703853019789295,469,0.4115057084751325,12845686985.100002,4317578757.520002,9845282098.76,1317173871.18,3000404886.340002,77,18,8897051109.529999,0.9301884472946442,1.3047556033684296,bloqueado_cobertura_aging_insuficiente,False,0.061405564827788826,0.05550873311290057,0,0,True,642,1.0,1.0,1.0,campo bruto CVM
2017-09,656,656,557,643,643,0.9801829268292683,99498056587.08,99498056587.08,1.0,79939796660.87,79939796660.87,1.0,27,0.041990668740279936,0.041158536585365856,17,0.03052064631956912,552350802.9900001,0.00555137277989532,331035185.63,0.004141056137962877,5101246316.860001,2688489649.84,2412756667.0200005,0.1681870160745208,0.5956216563251496,0.7985726242173217,0.06381360135929677,0.03363142967757883,0.029594839109917115,0.029613002645986625,475,0.4205282778585709,11277900992.04,6439906669.27,8073824816.03,3235830493.2599998,3204076176.010001,76,20,9116894139.47,0.9677637531053396,1.396847373954478,bloqueado_cobertura_aging_insuficiente,False,0.060673605275716545,0.054938395754062876,0,0,True,656,1.0,1.0,1.0,campo bruto CVM
2017-10,672,672,556,650,650,0.9672619047619048,93431299220.67001,93431299220.67,0.9999999999999999,78737888330.72002,78737888330.72002,1.0,30,0.046153846153846156,0.044642857142857144,20,0.03597122302158273,666256233.5500001,0.007130974728034208,481213402.73,0.00611158633958757,6740455520.650001,2706534920.14,4033920600.51,0.43895855183816235,0.7426866523478994,0.875415332491556,0.0856062521303378,0.03437398408212112,0.0318523495536188,0.028436187960422413,478,0.4361417738314137,11356631505.96,4840219525.2699995,7783825807.059999,1267413826.3700001,3572805698.8999996,75,14,8101658611.29,0.9270047529030255,1.459003809625266,bloqueado_cobertura_aging_insuficiente,False,0.06311736659313913,0.059585952988910236,0,0,True,672,1.0,1.0,1.0,campo bruto CVM
2017-11,694,694,569,675,675,0.9726224783861671,96170311041.17001,96170311041.17001,1.0,82647675933.23,82647675933.23,1.0,32,0.047407407407407405,0.04610951008645533,21,0.03690685413005272,622333586.34,0.006471161209758199,441289112.11,0.0053394013458589185,9772790935.010002,3644145400.7799997,6128645534.2300005,0.291050834372347,0.7347980538192106,0.8932430788033489,0.11824640952886946,0.04409253327007112,0.04215012180221943,0.03896116120076379,488,0.4223157353347482,11734465877.43,3147661889.9700003,9838455107.81,1251651120.35,1896010769.6200008,76,11,8985219058.199999,0.9134839481230845,1.1927142776831805,bloqueado_cobertura_aging_insuficiente,False,0.06826235037466821,0.06456573998781738,0,0,True,694,1.0,1.0,1.0,campo bruto CVM
2017-12,750,750,590,735,735,0.98,115261216241.92,115261216241.91998,0.9999999999999999,95743193788.55,95743193788.55,1.0,27,0.036734693877551024,0.036,17,0.0288135593220339,361836461.81,0.003139273327209623,256580775.21999997,0.0026798852750479756,9392016902.03,3710563853.2000003,5681453048.83,0.30854446497115684,0.7864821030176751,0.9209507699826036,0.09809592233545482,0.03875537995311526,0.03669301209674945,0.03617243264768248,516,0.399101412360444,12798533648.390001,4182589253.3100014,9868621252.220001,1252676857.14,2929912396.17,82,14,9011689232.89,0.9135229025166756,1.2968917664674688,bloqueado_cobertura_aging_insuficiente,False,0.06401660599241427,0.06053693973370601,0,0,True,750,1.0,1.0,1.0,campo bruto CVM
2018-01,752,752,593,729,729,0.9694148936170213,116047749951.71002,116047749951.71,0.9999999999999999,93981514777.82004,93981514777.82004,1.0,22,0.03017832647462277,0.02925531914893617,13,0.021922428330522766,242080274.13000005,0.0020860402225009525,89116005.57999998,0.0009482290830348657,8947693435.68,5398747999.26,3548945436.4200006,0.4518853154016787,0.8083103083415536,0.9447696599985699,0.09520695060973508,0.05744478594565198,0.05730846190786992,0.05655017938736306,511,0.44490166730338654,12216271161.91,5672185554.74,7778065461.29,1233979854.12,4438205700.62,75,11,8561417702.079999,0.9344756714706163,1.5706053417405823,bloqueado_cobertura_aging_insuficiente,False,0.05806964233896425,0.05466763149997553,0,0,True,752,1.0,1.0,1.0,campo bruto CVM
2018-02,766,766,601,743,743,0.9699738903394256,113838901733.6,113838901733.6,1.0,91390533097.72998,91390533097.72998,1.0,23,0.03095558546433378,0.030026109660574413,12,0.019966722129783693,165562314.86000004,0.0014543562204020603,56855661.849999994,0.0006221176299431414,8637297890.17,4802146198.860001,3835151691.31,0.4179707383236407,0.7724452685411505,0.9312549409277879,0.09450976591780641,0.05254533523428238,0.051677141893860475,0.05195554006178487,521,0.4615063392937755,14129787075.18,6123785733.99,9259067893.009998,1253066551.82,4870719182.170002,73,11,8053525153.16,0.9359544827180671,1.52604854381153,bloqueado_cobertura_aging_insuficiente,False,0.0631247268591235,0.05988723429256169,0,0,True,766,1.0,1.0,1.0,campo bruto CVM
2018-03,785,785,613,764,764,0.9732484076433121,118063070958.13,118063070958.13,1.0,96743481781.04001,96743481781.04001,1.0,26,0.034031413612565446,0.033121019108280254,13,0.021207177814029365,313286783.71999997,0.0026535544194941727,146846075.4,0.0015178911560404394,8852048192.67,3191075934.7599998,5660972257.91,0.3173545451507425,0.7991238162523991,0.9349298448114994,0.09150020269794386,0.032984919252569155,0.0270788782948451,0.03151486423022759,532,0.42301703424768,14347685996.739998,6328184174.789999,9386272553.45,1366770731.5000002,4961413443.289997,74,11,8214882564.209999,0.9401908123315702,1.528581864103913,bloqueado_cobertura_aging_insuficiente,False,0.0630179736629912,0.05953766238621547,0,0,True,785,1.0,1.0,1.0,campo bruto CVM
2018-04,798,798,612,772,772,0.9674185463659147,125733367487.24997,125733367487.24997,1.0,98038677541.83,98038677541.83,1.0,24,0.031088082901554404,0.03007518796992481,11,0.017973856209150325,192423657.53999996,0.0015304104342827908,94053064.44000001,0.0009593465232114188,7932960503.49,2882892223.92,5050068279.570001,0.35574302962354587,0.8619797867308541,0.9588058614313006,0.08091664129297599,0.029405662093819666,0.023464075227715056,0.028473631650135008,545,0.40753469912313767,14951236813.52,7628256734.260001,9195409765.130001,1872429685.87,5755827048.389999,79,18,8328334059.929999,0.9360127643221322,1.6259456832708776,bloqueado_cobertura_aging_insuficiente,False,0.0731150007039597,0.06817437513773032,0,0,True,798,1.0,1.0,1.0,campo bruto CVM
2018-05,821,821,621,794,794,0.9671132764920828,120000463113.28998,120000463113.29,1.0000000000000002,89729021258.87999,89729021258.87999,1.0,22,0.027707808564231738,0.02679658952496955,13,0.020933977455716585,122653845.92,0.0010221114380550766,91559661.36,0.0010204018730555233,7564843330.639999,3158908640.59,4405934690.05,0.4077606317014227,0.9025007157572903,0.9775179167671966,0.08430765458607238,0.03520498269424041,0.028722138165253208,0.03421949846151003,571,0.4287322364432105,13147779388.369999,7323144748.969998,7781098662.75,1956464023.35,5366680725.619999,78,20,8405594111.099999,0.9348148618896506,1.6897073226062016,bloqueado_cobertura_aging_insuficiente,False,0.08273030586337925,0.07743679871964787,0,0,True,821,1.0,1.0,1.0,campo bruto CVM
2018-06,826,826,631,807,807,0.9769975786924939,126188233735.81999,126188233735.81999,1.0,95106144734.51001,95106144734.51001,1.0,23,0.028500619578686492,0.02784503631961259,14,0.022187004754358162,165638508.23000002,0.001312630372311659,128515373.50999999,0.0013512835986439389,8241591949.59,3260165615.5000005,4981426334.089999,0.3580252404968673,0.8430596114309868,0.9596929915783492,0.08665677672664061,0.034279232163187706,0.030527526537073163,0.032972503768091806,577,0.41854135207949544,13930348947.38,7986789158.239999,7403598393.2,1460038604.06,6526750554.179999,77,17,8754150579.520002,0.9314103462391159,1.8815646402666357,bloqueado_cobertura_aging_insuficiente,False,0.07564531778209804,0.06955948846173074,0,0,True,826,1.0,1.0,1.0,campo bruto CVM
2018-07,834,834,597,815,815,0.9772182254196643,127682958277.5,127682958277.5,1.0,96328688157.87,96328688157.87,1.0,24,0.029447852760736196,0.02877697841726619,15,0.02512562814070352,265758440.06,0.002081393191739914,208702656.12,0.0021665680298475977,6753098627.2,5194919522.67,1558179104.5300002,0.19572071462990687,0.7473161506881061,0.9295106884820342,0.07010475027057944,0.053929100686559886,0.04958935996675013,0.05187492320688312,600,0.4061397719157424,15135029542.29,8936790158.070002,7936054082.320001,1737814698.1000001,7198975459.97,78,16,8749212135.300001,0.9172510821566746,1.907122782341911,bloqueado_cobertura_aging_insuficiente,False,0.07711573643998831,0.07045217304728753,0,0,True,834,1.0,1.0,1.0,campo bruto CVM
2018-08,846,846,631,830,830,0.9810874704491725,128364249862.06,128364249862.06,1.0,97757390177.82,97757390177.82,1.0,19,0.02289156626506024,0.022458628841607566,11,0.017432646592709985,277695799.07000005,0.0021633422028984823,191327636.78000003,0.0019571680098248983,6895420687.14,3519308916.3700004,3376111770.7700005,0.5468956973420611,0.8603431788567639,0.9733624360251883,0.07053605537747354,0.036000438534298046,0.029963473830148402,0.03411002958318754,597,0.4777907247291407,14089427220.47,7794921096.869999,8016602246.289999,1722096122.69,6072824974.18,82,23,7211561271.9800005,0.9351364003563768,1.7575310321764361,bloqueado_cobertura_aging_insuficiente,False,0.0645201577923836,0.05743773219604701,0,0,True,846,1.0,1.0,1.0,campo bruto CVM
2018-09,857,857,613,840,840,0.9801633605600933,130368981605.45999,130368981605.45999,1.0,101138420007.1,101138420007.1,1.0,23,0.02738095238095238,0.026837806301050177,14,0.022838499184339316,553979133.08,0.004249317025092101,452672369.97,0.004475770631360684,6827469568.55,5501164017.189999,1326305551.3600001,0.2290975236576725,0.7340668259826472,0.9345450801280435,0.06750619169323295,0.054392425912959806,0.050031071281745866,0.05014107523355432,612,0.4912408315719406,14504509857.82,8127705555.84,8443562422.67,2066758120.69,6060947435.15,85,27,8376304432.3,0.9284901099357198,1.7178187513456462,bloqueado_cobertura_aging_insuficiente,False,0.06514483287802375,0.058383474453660496,0,0,True,857,1.0,1.0,1.0,campo bruto CVM
2018-10,868,868,616,857,857,0.9873271889400922,133806070795.34,133806070795.34,1.0,100795759377.44,100795759377.44,1.0,17,0.019836639439906652,0.019585253456221197,9,0.01461038961038961,365473417.03999996,0.00273136648335636,281664980.87000006,0.0027944130051669814,9047196121.779999,5959148925.739999,3088047196.0400004,0.5172774030618503,0.8520868844958921,0.9756490000423469,0.0897577058564721,0.05912102813200065,0.053582918223449176,0.05648445602534068,614,0.475383062655557,15822476023.25,8262156655.179998,9296466213.420002,1736146845.35,6526009809.829998,81,22,6133446901.2300005,0.9283617348019162,1.7019882243437097,bloqueado_cobertura_aging_insuficiente,False,0.07376558184113347,0.06198515958496562,0,0,True,868,1.0,1.0,1.0,campo bruto CVM
2018-11,883,883,629,864,864,0.9784824462061155,136224334978.78,136224334978.78,1.0,103676738098.33,103676738098.33,1.0,17,0.019675925925925927,0.01925254813137033,8,0.012718600953895072,380409398.54,0.002792521604889885,281321640.45,0.0027134499561819398,7407737476.9800005,6172710904.950001,1235026572.03,0.25923172825646945,0.806780433834906,0.9777047575383412,0.07145033314950833,0.05953805085086323,0.0579512981964253,0.056979211132632414,616,0.487188220548999,14945515878.86,9040226646.260002,8041517096.98,2136227864.3799999,6903998781.880001,85,23,6429355334.06,0.9256838111574414,1.8585443142902482,bloqueado_cobertura_aging_insuficiente,False,0.069293665435813,0.05844753685727005,0,0,True,883,1.0,1.0,1.0,campo bruto CVM
2018-12,890,890,614,869,869,0.9764044943820225,141722584227.31,141722584227.31,1.0,106225406889.28,106225406889.28,1.0,25,0.028768699654775604,0.028089887640449437,10,0.016286644951140065,465909345.8000001,0.003287474246537336,345558447.03000003,0.0032530677655128186,8670945479.09,3606299959.7199993,5064645519.37,0.364562730820631,0.8409610112357491,0.9619800804096647,0.08162779256875739,0.03394950478729527,0.030578238928379763,0.030796620515267402,619,0.5237623512868346,17045342079.900002,8817342480.620003,10085925875.75,1857926276.4700003,6959416204.150002,80,20,7779709657.0,0.9020789548842264,1.6900126264939948,bloqueado_cobertura_aging_insuficiente,False,0.06886517189350247,0.05790068257761981,0,0,True,890,1.0,1.0,1.0,campo bruto CVM
2019-01,901,901,628,880,880,0.97669256381798,147968258468.12,147968258468.12,1.0,105257303056.35,105257303056.35,1.0,28,0.031818181818181815,0.03107658157602664,16,0.025477707006369428,618804917.63,0.004182011223463325,420308386.0199999,0.003993151770143548,9410586570.21,4797873480.639999,4612713089.57,0.40028091175992064,0.8926727384390277,0.9832471841821828,0.08940554523966851,0.04558233339943581,0.04423680364740673,0.04175591935256894,633,0.5095366557791017,16603897273.380001,7948536466.640001,11071063766.45,2415702959.71,5532833506.93,85,24,7912863582.41,0.888772410643461,1.4997562676584721,bloqueado_cobertura_aging_insuficiente,False,0.08299842329106417,0.07218561409004634,0,0,True,901,1.0,1.0,1.0,campo bruto CVM
2019-02,923,923,635,898,898,0.9729144095341279,170657614687.82,170657614687.82,1.0,113490490256.72998,113490490256.72998,1.0,24,0.026726057906458798,0.02600216684723727,14,0.02204724409448819,718340963.01,0.004209252334412644,457029208.31999993,0.004027026469672847,8991449830.79,4206775414.65,4784674416.14,0.3858948050784099,0.902795582685601,0.9903356710157711,0.07922646038844482,0.03706720629308885,0.03422189096852923,0.03317377147926186,647,0.5175111072354114,15261824509.66,7574399586.339999,9690928722.45,2003503799.1299999,5570895787.209999,82,24,9184227909.58,0.9003685103334074,1.5748567497255928,bloqueado_cobertura_aging_insuficiente,False,0.06139286525155772,0.05255581277335847,0,0,True,923,1.0,1.0,1.0,campo bruto CVM
2019-03,937,937,659,911,911,0.9722518676627535,166290656905.68,166290656905.68,1.0,119904454785.15,119904454785.15,1.0,30,0.03293084522502744,0.032017075773746,15,0.02276176024279211,719495797.1899999,0.004326736153301131,403251480.53999996,0.0033631067441369338,9709523423.15,4158930628.21,5550592794.940001,0.33264573161684413,0.8089610459198777,0.9476172877129345,0.08097717003549156,0.034685372079479054,0.03095111817455165,0.031427960922675635,638,0.5107429048655708,14787751903.569998,6412938875.789998,10457570603.87,2082757576.0900002,4330181299.699997,82,22,9906216532.170002,0.8901909160165661,1.4140714381691615,bloqueado_cobertura_aging_insuficiente,False,0.0641094311513474,0.05606984612037095,0,0,True,937,1.0,1.0,1.0,campo bruto CVM
2019-04,945,945,671,921,921,0.9746031746031746,162341839533.75003,162341839533.75,0.9999999999999998,115313638593.98999,115313638593.98999,1.0,32,0.03474484256243214,0.033862433862433865,17,0.02533532041728763,809040184.35,0.004983559301000804,505656464.21,0.004385053410641005,10195351135.55,4285299086.21,5910052049.339999,0.31241366163368955,0.7637040782464929,0.9301294716928739,0.08841409619764933,0.03716211836223634,0.03365973255116546,0.03292142716808189,644,0.5187489068837491,15158080343.54,6633825292.309999,10415904342.77,1891649291.5400004,4742176000.77,80,21,10133864494.22,0.8865102400216976,1.455282215035096,bloqueado_cobertura_aging_insuficiente,False,0.07174311203048565,0.0635433453165705,0,0,True,945,1.0,1.0,1.0,campo bruto CVM
2019-05,952,952,676,925,925,0.9716386554621849,201620409555.88995,201620409555.88998,1.0000000000000002,156271685757.28,156271685757.28,1.0,44,0.04756756756756757,0.046218487394957986,26,0.038461538461538464,1164884751.4499998,0.005777613258577819,803957681.4399999,0.0051446151460137245,31107896142.21,4570994436.6,26536901705.61,0.6382880268478819,0.8889676960985574,0.9661452114886465,0.1990629075987991,0.029250304778177375,0.02597470142442753,0.02423034543427798,649,0.3908403962230546,34725135705.65,6965856700.510002,29864523844.94,2105244839.8000002,4860611860.710003,80,24,10175163330.5,0.9143911475554921,1.162755377783582,bloqueado_cobertura_aging_insuficiente,False,0.06744554590274653,0.0585386120406452,0,0,True,952,1.0,1.0,1.0,campo bruto CVM
2019-06,961,961,690,938,938,0.9760665972944849,216690282904.88998,216690282904.88998,1.0,99628916209.64001,99628916209.64001,1.0,42,0.04477611940298507,0.043704474505723206,25,0.036231884057971016,1117405574.87,0.005156694429904147,753801825.82,0.0075660948096017006,32451054010.060005,6208920787.94,26242133222.12,0.6646273906211422,0.9173233592781554,0.9794622057838003,0.3257192313703004,0.062320469038076615,0.060666963664711304,0.05517180936897789,653,0.6228217815517698,35514884562.01,7260675659.200008,30149989337.69,1895780434.8799996,5364895224.3200035,87,24,10893995549.530003,0.896829707422115,1.1779402030372674,bloqueado_cobertura_aging_insuficiente,False,0.06314907009738605,0.056139513679100896,0,0,True,961,1.0,1.0,1.0,campo bruto CVM
2019-07,965,965,699,945,945,0.9792746113989638,212138335219.53998,212138335219.54,1.0000000000000002,154779188623.23004,154779188623.23004,1.0,48,0.050793650793650794,0.049740932642487044,33,0.04721030042918455,1187028931.8100002,0.0055955418457562375,848342748.0000001,0.005480987176286803,31413838338.920002,5067518958.870001,26346319380.049995,0.6614838505217016,0.9131624151910036,0.9699934366339372,0.2029590581159388,0.032740312208287686,0.030358118429082644,0.027409556459462907,652,0.3796304939519574,36882703079.84,7702008524.769997,31109172529.5,1928477974.4299998,5773530550.339996,87,27,11421862364.030003,0.8837179999754572,1.1855893320487747,bloqueado_cobertura_aging_insuficiente,False,0.07262601964040609,0.06258021319333913,0,0,True,965,1.0,1.0,1.0,campo bruto CVM
2019-08,987,987,718,969,969,0.9817629179331308,212613887362.29,212613887362.29,1.0,160941196292.34,160941196292.34,1.0,42,0.043343653250773995,0.0425531914893617,29,0.0403899721448468,1027222958.04,0.0048314010471462365,754725104.5200001,0.004689446343800548,36527281492.13,10266226844.039999,26261054648.090004,0.6574771074023023,0.9099525818049355,0.9667440501124915,0.226960419914988,0.06378868232961321,0.06421430505968825,0.05937768445106507,649,0.4294770355371081,23864900515.789997,9506763345.409996,16255837069.34,1897699898.96,7609063446.449997,92,31,13202281171.019997,0.8992569604947691,1.468081921219633,bloqueado_cobertura_aging_insuficiente,False,0.06124473273510907,0.05366913159804357,0,0,True,987,1.0,1.0,1.0,campo bruto CVM
2019-09,1008,1008,741,992,992,0.9841269841269841,231201780354.11,231201780354.11,1.0,162567827682.54,162567827682.54,1.0,45,0.04536290322580645,0.044642857142857144,29,0.03913630229419703,1116395949.9600003,0.004828665022605457,744265727.28,0.004578185843347743,32465298850.91,5386201857.64,27079096993.269997,0.6376346672247336,0.8835296252133578,0.9581221457834493,0.19970309816963136,0.033132028239671714,0.03111724766955492,0.028685168428336627,654,0.3975649225903477,37217133164.1,7977805710.279991,31145142945.800003,1905815491.98,6071990218.299995,94,29,11789249567.47,0.8937108169849396,1.194957853584641,bloqueado_cobertura_aging_insuficiente,False,0.07075317431007815,0.05994826043626804,0,0,True,1008,1.0,1.0,1.0,campo bruto CVM
2019-10,1022,1022,741,1004,1004,0.9823874755381604,234211985847.68997,234211985847.68997,1.0,160026092020.33,160026092020.33,1.0,44,0.043824701195219126,0.043052837573385516,28,0.037786774628879895,1224948601.3400004,0.005230085031329672,753967993.09,0.004711531623194389,32866554674.739998,5785599236.799999,27080955437.940002,0.6363022172219484,0.8827743011857531,0.9575769491706904,0.20538247394409015,0.036154099395647225,0.034068470847734664,0.03159141170773518,664,0.4069224067043222,37909191311.24,8401137609.969997,31459899262.690002,1951845561.4199998,6449292048.549995,99,35,13300005999.369999,0.8854538199542055,1.2050004036789324,bloqueado_cobertura_aging_insuficiente,False,0.07089290320339603,0.058921113904463675,0,0,True,1022,1.0,1.0,1.0,campo bruto CVM
2019-11,1035,1035,753,1020,1020,0.9855072463768116,242348755878.31,242348755878.31,1.0,157555030121.41,157555030121.41,1.0,59,0.05784313725490196,0.057004830917874394,40,0.05312084993359894,1497001475.0200002,0.006177054508056505,1323066545.9399998,0.008397488451625192,35781356149.5,8102076678.76,27679279470.74,0.6108236407581599,0.8513556490016535,0.9282153297498071,0.22710386410340133,0.05142378934215326,0.050817868081811955,0.04339067357074665,717,0.43638950311162994,41468441984.35,5908072123.339996,38910693096.83,3350323235.8199997,2557748887.5199966,276,37,22426199950.579998,0.7008151178390201,1.0657338300593873,bloqueado_cobertura_aging_insuficiente,False,0.06829883754611618,0.056710516876437495,0,0,True,1035,1.0,1.0,1.0,campo bruto CVM
2019-12,1069,1069,766,1042,1042,0.9747427502338635,237443419707.87003,237443419707.87,0.9999999999999999,182226813573.67,182226813573.67,1.0,58,0.05566218809980806,0.05425631431244153,42,0.05483028720626632,1358302298.8899999,0.005720530392297829,1230806601.67,0.0067542562893600396,36016677404.93,8260810649.76,27755866755.17,0.6085888725659628,0.8479232204548697,0.9284942996852977,0.1976475179398849,0.04533257476085071,0.04485662299315078,0.038840658231634566,736,0.39763398229759583,41508659005.69999,5674595339.719994,39441820165.689995,3607756499.71,2066838840.0099945,283,43,24362774108.420002,0.6458962694703232,1.0524022175276768,bloqueado_cobertura_aging_insuficiente,False,0.06794680538106859,0.058197307752867584,0,0,True,1069,1.0,1.0,1.0,campo bruto CVM
2020-01,1078,1078,790,1052,1052,0.9758812615955473,231083445014.66003,231083445014.66003,1.0,178159775252.56998,178159775252.56998,1.0,56,0.053231939163498096,0.05194805194805195,38,0.04810126582278481,1162379828.19,0.005030130254965941,1124293010.49,0.006310588396826022,35517145952.56,7862643388.54,27654502564.019997,0.6103811916133149,0.8520883739188332,0.922259889464543,0.19935558350479934,0.044132539892315456,0.042940960045106266,0.03806214603260106,772,0.41186419508357297,40906876225.479996,5474243520.489998,39009261902.6,3576629197.61,1897614322.8799973,279,39,24440557477.430004,0.6699239904296254,1.0486452250139477,bloqueado_cobertura_aging_insuficiente,False,0.06619460902474977,0.05506619925558023,0,0,True,1078,1.0,1.0,1.0,campo bruto CVM
2020-02,1074,1074,802,1061,1061,0.9878957169459963,236651704396.88,236651704396.88,1.0,181335223238.3,181335223238.3,1.0,60,0.05655042412818096,0.055865921787709494,40,0.04987531172069826,1748195234.2900002,0.007387207452172689,1557209479.74,0.008587462777121947,36337751185.85,8464509282.64,27873241903.210003,0.6051483268760881,0.8449586767457316,0.9149169707551353,0.200389921698208,0.046678792633224074,0.04777731124528058,0.03842127109144965,774,0.4299154074268361,41443432871.59999,5253475331.80999,39827826437.56,3637868897.7700005,1615606434.0399933,287,45,23552785508.889996,0.6428690645376466,1.0405647653550176,bloqueado_cobertura_aging_insuficiente,False,0.0677303453179856,0.05756212004972165,0,0,True,1074,1.0,1.0,1.0,campo bruto CVM
2020-03,1086,1086,816,1070,1070,0.9852670349907919,242883196486.54,242883196486.54,1.0,176760848427.91,176760848427.91,1.0,61,0.05700934579439252,0.056169429097605895,44,0.05392156862745098,1610835208.0999997,0.0066321393632896635,1265941339.6200001,0.007161887662789198,36466779046.89,8845789319.400002,27620989727.489998,0.6102368831035982,0.8520532282323344,0.9201453383708843,0.20630574797089515,0.050043827001699764,0.0509794781062791,0.04319127036527985,778,0.46036411728815424,42220875321.94,5907241680.370003,40657917618.19,4344283976.62,1562957703.75,293,48,24086498812.67,0.6290236081035615,1.0384416565163865,bloqueado_cobertura_aging_insuficiente,False,0.0727445284981552,0.0662896588987812,0,0,True,1086,1.0,1.0,1.0,campo bruto CVM
2020-04,1094,1094,821,1077,1077,0.9844606946983546,230695668449.16,230695668449.15997,0.9999999999999999,168678499639.99002,168678499639.99002,1.0,70,0.06499535747446611,0.06398537477148081,51,0.06211936662606577,1450710122.1000001,0.006288415087514758,1258819361.9099998,0.007462832338423059,37086149214.52,9365134758.71,27721014455.81,0.6076997944297549,0.8485166403490013,0.9161877421721466,0.21986293033002335,0.05552061927689644,0.05690826631290044,0.04841913079355789,786,0.45792893868548157,43137229051.35,6228019942.639999,41477359439.270004,4568150330.56,1659869612.0799942,293,44,24788967031.88,0.6088553791177536,1.0400186905463529,bloqueado_cobertura_aging_insuficiente,False,0.08856689010864068,0.07957256098131489,0,0,True,1094,1.0,1.0,1.0,campo bruto CVM
2020-05,1106,1106,837,1088,1088,0.9837251356238698,225973116494.68,225973116494.67996,0.9999999999999999,158935640491.25998,158935640491.25998,1.0,71,0.06525735294117647,0.06419529837251356,51,0.06093189964157706,1550074335.3899999,0.006859551965450248,1294986361.16,0.00814786637633497,37116572490.5,9312758003.18,27803814487.32,0.605539145136299,0.8455914955662684,0.9133065739605882,0.2335320912022944,0.058594522753957864,0.05952927514193753,0.05086106554342874,789,0.42817105462731136,42715907579.6,5839318523.18,41268322745.31,4391733688.889999,1447584834.290001,293,43,24373520999.61,0.6579151362113412,1.035077384734627,bloqueado_cobertura_aging_insuficiente,False,0.09369588948931253,0.08153804621678451,0,0,True,1106,1.0,1.0,1.0,campo bruto CVM
2020-06,1109,1109,840,1091,1091,0.9837691614066727,225542732796.34998,225542732796.35,1.0000000000000002,156745735604.16998,156745735604.16998,1.0,78,0.07149404216315307,0.0703336339044184,58,0.06904761904761905,1829971040.78,0.008113633359370268,1222123832.76,0.0077968553852477964,33183637705.72,8628959961.37,24554677744.350002,0.685190043351366,0.8600438115722879,0.9222536581430287,0.21170360761532067,0.05505068401452856,0.05570983728499544,0.047625155076109184,782,0.43651386253438684,39129671755.99,6354602046.029999,37193237450.75,4418167740.79,1936434305.2399979,291,44,24344097434.17,0.6661804067343351,1.0520641503123829,bloqueado_cobertura_aging_insuficiente,False,0.08562117449645527,0.0741940613065662,0,0,True,1109,1.0,1.0,1.0,campo bruto CVM
2020-07,1131,1131,856,1115,1115,0.9858532272325375,225172200448.61002,225172200448.61,0.9999999999999999,151052800008.56998,151052800008.56998,1.0,72,0.06457399103139014,0.0636604774535809,52,0.06074766355140187,1001349629.41,0.004447039321084102,840964476.04,0.005567354434954452,32583199617.21,8018020987.52,24565178629.690002,0.6842214325710404,0.8592013279235964,0.9213974623984091,0.21570735276248698,0.053080915991395715,0.05568867086148845,0.04777956734258622,846,0.5809335680334388,38447858373.55,6101677200.93,36459248391.9,4113067219.2799997,1988609981.6500015,291,46,22438249614.449997,0.702511953219624,1.054543361955092,bloqueado_cobertura_aging_insuficiente,False,0.05961228698446581,0.04966039754632642,0,0,True,1131,1.0,1.0,1.0,campo bruto CVM
2020-08,1146,1146,881,1129,1129,0.9851657940663177,225182168425.62,225182168425.61996,0.9999999999999999,150551810669.48,150551810669.48,1.0,72,0.0637732506643047,0.06282722513089005,55,0.06242905788876277,1064483455.35,0.004727210252891805,920246997.0,0.006112493718327316,33418050352.019997,8069067006.849998,25348983345.170002,0.6624526745803258,0.8483643602490907,0.9141137400745174,0.22197043133134853,0.05359661216273745,0.056567847634860544,0.047776149860317196,869,0.5980049059061306,39089241315.079994,5955611981.329998,37298783916.13,4165154582.38,1790457398.949997,288,45,22207785476.73,0.6839952510314973,1.048003103880706,bloqueado_cobertura_aging_insuficiente,False,0.05623984043791057,0.046772732944736294,0,0,True,1146,1.0,1.0,1.0,campo bruto CVM
2020-09,1164,1164,902,1144,1144,0.9828178694158075,230111885352.76,230111885352.76,1.0,165987937502.15,165987937502.15,1.0,67,0.05856643356643357,0.05756013745704467,50,0.05543237250554324,1237178851.39,0.005376423079987429,978440376.38,0.005894647473207663,32313595544.829998,8239618569.889999,24073976974.94,0.6975375041847175,0.8431657412690781,0.911284881143934,0.19467436026435023,0.049639863558056885,0.0519752196586656,0.044004607734641724,892,0.56539553538259,37650360605.659996,5547293722.249989,36162410661.19,4059343777.78,1487949944.4699936,299,52,22900374976.84,0.6950803248260679,1.0411463151173956,bloqueado_cobertura_aging_insuficiente,False,0.053606386850341824,0.04485611629570974,0,0,True,1164,1.0,1.0,1.0,campo bruto CVM
2020-10,1174,1174,908,1151,1151,0.9804088586030665,217425723839.75998,217425723839.75998,1.0,163337021679.94,163337021679.94,1.0,64,0.05560382276281494,0.054514480408858604,46,0.05066079295154185,1460847319.87,0.006718833880698615,1072352673.02,0.006565276273503274,32134733268.29,8047787765.63,24086945502.660004,0.6958525175804889,0.841402347719094,0.9083887950144481,0.1967388222080982,0.04927105736873111,0.051879101098910266,0.04298800925241788,896,0.6020672038036031,37282555173.53,5520873731.169998,35765147489.92,4003466047.5600004,1517407683.6100006,310,57,23466893452.31,0.6883674371510197,1.042426993598661,bloqueado_cobertura_aging_insuficiente,False,0.04745773289075592,0.03961481847901843,0,0,True,1174,1.0,1.0,1.0,campo bruto CVM
2020-11,1198,1198,923,1198,1198,1.0,214070335329.26,214070335329.26,1.0,161404612960.32,161404612960.32,1.0,62,0.05175292153589316,0.05175292153589316,45,0.04875406283856988,1948714440.87,0.009103150316799834,1306756405.0400002,0.008096152774526064,15124028277.060001,8085187626.43,7038840650.629999,0.26231322639968313,0.4862572203824018,0.6843794644532606,0.09370257763808844,0.05009266760187131,0.05326673393441439,0.0423393002707034,1198,0.9999999999999998,18924639290.29,3800611013.2299995,18924634997.02,3800606719.96,4293.270000457764,322,65,24383945846.23,0.6603289329647908,1.0000002268614427,publicável,True,0.029533279036900145,0.0252280253893428,0,0,True,1198,1.0,1.0,1.0,campo bruto CVM
2020-12,1230,1230,953,1230,1230,1.0,217765239141.36005,217765239141.36005,1.0,160172586750.28998,160172586750.28998,1.0,58,0.04715447154471545,0.04715447154471545,43,0.04512067156348373,1846439019.3400002,0.008479034700948775,1306457397.0400002,0.008156560517292357,14804282337.699999,7820421100.650002,6983861237.05,0.26437824843723784,0.4898896761177882,0.6927693210172758,0.09242706656651531,0.048824965990229556,0.051314213050525255,0.0410028476814321,1230,1.0,19536957091.519997,4732674753.819998,19536911118.129997,4732628780.429999,45973.38999938965,325,63,25534471705.610004,0.7485187215313637,1.0000023531555076,publicável,True,0.030377129344707862,0.0267113262313737,0,0,True,1230,1.0,1.0,1.0,campo bruto CVM
2021-01,1224,1224,957,1224,1224,1.0,216010298710.05002,216010298710.05002,1.0,165043370660.91,165043370660.91,1.0,59,0.04820261437908497,0.04820261437908497,45,0.047021943573667714,2680915027.52,0.012411051896736573,2151922193.1699996,0.013038525476986489,33443588587.220005,8813911317.33,24629677269.889996,0.6912832617390623,0.8304584344312584,0.8978824118059088,0.20263515252564465,0.05340360707634013,0.05631290400062998,0.04089833558990901,1224,1.0,36688378331.479996,3244789744.2599907,36688378331.479996,3244789744.26,0.0,330,74,24090926416.33,0.653521097787988,1.0,publicável,True,0.028364336548773374,0.024903650314950117,0,0,True,1224,1.0,1.0,1.0,campo bruto CVM
2021-02,1234,1234,956,1234,1234,1.0,223091603475.12,223091603475.12,1.0,163473793638.46002,163473793638.46002,1.0,59,0.04781199351701783,0.04781199351701783,45,0.04707112970711297,3070190913.109999,0.013762019122572662,2129222043.3500001,0.013024852460810966,33500821655.64,8884880337.990002,24615941317.65,0.6910038316695929,0.8308061353853762,0.8982460009561347,0.20493083882136295,0.05435048725693536,0.05742575784386962,0.041870998372310585,1234,0.9999999999999998,36754905958.380005,3254084302.7400055,36754905958.38,3254084302.74,7.62939453125e-06,331,74,24564837699.84,0.6475259421139702,1.0000000000000002,publicável,True,0.028813411063899334,0.02548403011160001,0,0,True,1234,1.0,1.0,1.0,campo bruto CVM
2021-03,1273,1273,983,1273,1273,1.0,246564478206.17,246564478206.17,1.0,177668473109.91,177668473109.91,1.0,63,0.04948939512961508,0.04948939512961508,49,0.04984740590030519,3153502085.35,0.012789766426586127,2186716311.55,0.012307846593566686,33662347218.289997,9400171991.0,24262175227.29,0.7005202055499461,0.8417725318395208,0.9054741168808974,0.18946719487742575,0.052908497644288455,0.05539384746439261,0.041106584587814056,1273,1.0000000000000002,37200255484.26,3537908265.970005,37200257484.27,3537910265.98,-2000.009994506836,337,80,25928992730.17,0.6692584783956149,0.9999999462366626,publicável,True,0.029097496943432916,0.026110819974009453,0,0,True,1273,1.0,1.0,1.0,campo bruto CVM
2021-04,1295,1295,1006,1295,1295,1.0,267398646168.59003,267398646168.59003,1.0,203971160806.13,203971160806.13,1.0,58,0.044787644787644784,0.044787644787644784,46,0.04572564612326044,3146242175.8999996,0.011766111089120289,2228548322.07,0.010925801045904647,33600415154.190002,9499518732.189999,24100896422.0,0.7048361603136721,0.8476618568590436,0.9098638260003885,0.16473120524193338,0.04657285223384632,0.04776413902822443,0.0360408260832574,1295,0.9999999999999997,37235186457.78,3634771303.5899963,37235186457.799995,3634771303.6099997,-0.01999664306640625,343,83,26700175490.78,0.6590341083745453,0.999999999999463,publicável,True,0.025443181958515554,0.023368143218983704,0,0,True,1295,1.0,1.0,1.0,campo bruto CVM
2021-05,1338,1338,1035,1338,1338,1.0,281722345080.47,281722345080.47,1.0,199827101255.42,199827101255.42,1.0,58,0.043348281016442454,0.043348281016442454,46,0.044444444444444446,2381022923.0,0.008451665139731442,1402827323.5800002,0.007020205541524115,31434351275.690002,9671143344.45,21763207931.24,0.7801891608404333,0.8553800488198218,0.9134417941122586,0.1573077479391069,0.04839755610570708,0.04989360920272294,0.04166988169859811,1338,1.0000000000000002,36011755302.53999,4577404026.849991,36011755302.55,4577404026.860001,-0.010009765625,361,82,29226095172.63,0.6919513632539722,0.999999999999722,publicável,True,0.02649348575298118,0.02408607454745557,0,0,True,1338,1.0,1.0,1.0,campo bruto CVM
2021-06,1369,1369,1061,1369,1369,1.0,297768386704.68994,297768386704.68994,1.0,221430239679.1,221430239679.1,1.0,57,0.04163623082542001,0.04163623082542001,46,0.043355325164938736,3145246942.16,0.010562729566316521,2463110392.87,0.011123640549003496,31564433753.59,9706083482.79,21858350270.799995,0.7763823003234771,0.852156192251753,0.9123193142073365,0.14254798169994146,0.04383359516232382,0.044265516973131164,0.03307790129746878,1369,1.0,36450471902.899994,4886038149.309994,36450471902.909996,4886038149.32,-0.01000213623046875,374,92,31300823821.83,0.7057691957194241,0.9999999999997256,publicável,True,0.023981875068851407,0.022001804868343095,0,0,True,1369,1.0,1.0,1.0,campo bruto CVM
2021-07,1385,1385,1072,1385,1385,1.0,291992823206.22,291992823206.22,1.0,208534502459.83997,208534502459.83997,1.0,57,0.04115523465703971,0.04115523465703971,44,0.041044776119402986,3617338462.5899997,0.012388449903904843,2350352117.22,0.01127080693839925,31966815853.71,10070737722.6,21896078131.109997,0.7746473325992898,0.8510004520446693,0.9114869197778228,0.15329269486168717,0.04829290886547393,0.046286256352390975,0.03744412745863779,1385,1.0000000000000002,36729459625.6,4762643771.889999,36729895207.490005,4763079353.78,-435581.89000701904,387,101,31548714643.85,0.7110978904607268,0.9999881409438403,publicável,True,0.027779337369534893,0.025553771397643126,0,0,True,1385,1.0,1.0,1.0,campo bruto CVM
2021-08,1426,1426,1139,1426,1426,1.0,297540500381.14996,297540500381.14996,1.0,220245159970.5,220245159970.5,1.0,54,0.037868162692847124,0.037868162692847124,39,0.03424056189640035,3589882022.5,0.012065187824519197,2252785071.8299994,0.010228533839888882,32401374317.449997,10501017289.0,21900357028.45,0.7695943549274125,0.8463412525344495,0.9078207714934738,0.14711503454509461,0.04767876529230664,0.04714547341272288,0.0378372510552447,1426,1.0,37573162125.61,5171787808.160004,37573162125.61,5171787808.16,0.0,398,99,33591437934.38,0.7126797198165271,1.0,publicável,True,0.028340457201266274,0.02537981811572479,0,0,True,1426,1.0,1.0,1.0,campo bruto CVM
2021-09,1456,1456,1212,1456,1456,1.0,303933333049.19995,303933333049.19995,1.0,226146343066.26,226146343066.26,1.0,50,0.034340659340659344,0.034340659340659344,38,0.03135313531353135,3584544186.38,0.011793850152657468,2596585390.5299997,0.01148188095957497,34132776421.51,12267104193.82,21865672227.690002,0.7701887819658922,0.8509250042048966,0.9135503527457889,0.15093225014701753,0.05424409710762285,0.05296610642485976,0.04325890980082192,1456,0.9999999999999999,39622142945.65,5489366524.140003,39622142945.65,5489366524.139999,0.0,400,97,34891128963.04,0.723676078633201,1.0,publicável,True,0.029068185071929032,0.026118338765572693,0,0,True,1456,1.0,1.0,1.0,campo bruto CVM
2021-10,1478,1478,1236,1478,1478,1.0,309262607908.81,309262607908.81,1.0,235525687660.96002,235525687660.96002,1.0,53,0.03585926928281461,0.03585926928281461,41,0.03317152103559871,3184075412.8599997,0.0102957012307122,2635477485.5199995,0.011189766652178414,36168979085.03999,14204416104.61,21964562980.43,0.7666835392615823,0.8473506109574159,0.9084525154717814,0.15356702465977026,0.06030941357469807,0.05426317597210353,0.0496755042231055,1478,0.9999999999999999,39693507149.96999,3524528064.9300003,39693507149.97,3524528064.93,-7.62939453125e-06,354,61,30388853786.789997,0.7840274070352401,0.9999999999999998,publicável,True,0.028936542630078835,0.02609341142163105,0,0,True,1478,1.0,1.0,1.0,campo bruto CVM
2021-11,1494,1494,1251,1494,1494,1.0,330601679072.19006,330601679072.19006,1.0,245438176283.97998,245438176283.97998,1.0,53,0.03547523427041499,0.03547523427041499,43,0.03437250199840128,3809532026.6800003,0.011523026856279674,3002689194.1400003,0.012233994073789852,37645235628.03,15979205142.05,21666030485.98,0.776344186816055,0.857965692874783,0.9202660602320359,0.15337970725659741,0.06510480718191752,0.058062571462486,0.053525645538440726,1494,1.0,41398542181.25,3753306553.220001,41405062424.05,3759826796.02,-6520242.800003052,362,55,34050778145.02,0.7509400645632776,0.9998425254686679,publicável,True,0.03109772172418226,0.02836048602140113,0,0,True,1494,1.0,1.0,1.0,campo bruto CVM
2021-12,1547,1547,1274,1547,1547,1.0,308945976310.86,308945976310.86,1.0,250025157326.50998,250025157326.50998,1.0,57,0.03684550743374273,0.03684550743374273,46,0.03610675039246468,3578934082.5,0.01158433628181936,2542070650.71,0.010167259478574343,42598241105.57,16957437178.829998,25640803926.739998,0.6659276820495122,0.8671710266873438,0.9248858075997592,0.17037581962178547,0.06782292374157028,0.05774937028998141,0.05824788563027729,1547,1.0000000000000002,46565983712.65,3967742607.080002,46565983712.65,3967742607.08,0.0,373,64,34296905023.909996,0.7581421529038587,1.0,publicável,True,0.033036451791182225,0.030910534913722306,0,0,True,1547,1.0,1.0,1.0,campo bruto CVM
2022-01,1553,1553,1298,1552,1552,0.9993560849967804,306616695567.92004,306616695567.92004,1.0,248552447103.29,248552447103.29,1.0,60,0.03865979381443299,0.038634900193174504,49,0.03775038520801233,3941099110.7400002,0.012853504612461618,2789059639.0999994,0.011221211746673974,43342003335.14,17539467727.209995,25802535607.93,0.6639663155862383,0.8641792475618969,0.9220733954897812,0.17437769710281117,0.07056646567603973,0.06000577366965143,0.0600187368847171,1552,1.0,47480518157.58,4138514822.4400024,47480518157.58,4138514822.44,0.0,387,62,36830662364.22,0.7393804122310506,1.0,publicável,True,0.035970806456773995,0.03311817077209955,0,0,True,1553,1.0,1.0,1.0,campo bruto CVM
2022-02,1578,1578,1317,1578,1578,1.0,312193135881.69006,312193135881.69006,1.0,254329115830.61005,254329115830.61005,1.0,69,0.043726235741444866,0.043726235741444866,56,0.0425208807896735,4525289864.01,0.014495161308495014,3121902974.6299996,0.012275051420810467,43540390349.82,17462197286.23,26078193063.589996,0.6632236901677049,0.8626369646522258,0.9200291516649697,0.17119703423503843,0.06865984348351326,0.059081377764392116,0.05708551975305525,1578,0.9999999999999997,47694019082.159996,4153628732.3399963,47694019082.18,4153628732.36,-0.0200042724609375,387,64,33898837054.85,0.7700498268950203,0.9999999999995806,publicável,True,0.03500360842129953,0.032252759614252335,0,0,True,1578,1.0,1.0,1.0,campo bruto CVM
2022-03,1607,1607,1330,1605,1605,0.998755444928438,326991945905.78,326991945905.78,1.0,249625947465.36,249625947465.36,1.0,74,0.04610591900311527,0.04604853764779091,62,0.04661654135338346,6037457270.39,0.018463626844587917,4101162106.55,0.016429230006704768,44149582911.939995,17705798987.19,26443783924.750004,0.6538073407523296,0.8481529814274503,0.9058150988066831,0.17686295579535669,0.07092932111813814,0.06260637067060522,0.05541044200795526,1605,1.0000000000000002,48471010895.52,4321427983.580002,48471010895.52,4321427983.58,0.0,402,71,38246970679.380005,0.7668400027263009,1.0,publicável,True,0.03879695237885448,0.0338499060810678,0,0,True,1607,1.0,1.0,1.0,campo bruto CVM
2022-04,1646,1646,1359,1644,1644,0.9987849331713244,381919592543.75,381919592543.75,1.0,280308097485.39,280308097485.39,1.0,77,0.04683698296836983,0.04678007290400972,63,0.046357615894039736,5750579896.789999,0.015057043443329641,3977703228.9600005,0.014190468504632918,45087701449.27,18278381524.97,26809319924.3,0.6441426016016667,0.8377810844415311,0.8992676482508533,0.16085051360894068,0.06520818231418624,0.05606766660999308,0.05175210035975707,1644,0.9999999999999998,49640595680.810005,4552894231.540009,49640595680.810005,4552894231.540001,0.0,397,67,38569655253.88,0.7673981929793713,1.0,publicável,True,0.03766577410575982,0.03279269912450211,0,0,True,1646,1.0,1.0,1.0,campo bruto CVM
2022-05,1665,1665,1379,1663,1663,0.9987987987987988,367125060410.96,367125060410.96,1.0,275985433035.32996,275985433035.32996,1.0,85,0.05111244738424534,0.05105105105105105,68,0.049311094996374184,5095138378.41,0.013878481552598177,3810932119.34,0.013808453864491275,46715462583.53,19396681519.53,27318781064.0,0.6315827052022823,0.830579236459816,0.8969175021512593,0.16926785616815426,0.07028154097193584,0.061425811743416464,0.05726381181094086,1663,1.0,51444281226.26,4728818642.730003,51444281226.26,4728818642.73,0.0,404,64,38965607292.94,0.7473140225229346,1.0,publicável,True,0.042139619840229785,0.0362061446493114,0,0,True,1665,1.0,1.0,1.0,campo bruto CVM
2022-06,1700,1700,1404,1698,1698,0.9988235294117647,363442858729.76,363442858729.76,1.0,276583429285.7,276583429285.7,1.0,79,0.04652532391048292,0.04647058823529412,62,0.04415954415954416,4914145177.87,0.013521094333907219,3807687837.3500004,0.01376686899567221,47072201027.590004,19490537985.15,27581663042.439995,0.6265667702425525,0.8303489910202294,0.8966461505677285,0.17019168917370764,0.07046892879839532,0.06273020357945425,0.05749356619664634,1698,1.0,51830304806.87,4758103779.279999,51830304806.87,4758103779.280001,0.0,412,67,40876035108.47,0.7308459762738106,1.0,publicável,True,0.04361199903180045,0.03701819789729304,0,0,True,1700,1.0,1.0,1.0,campo bruto CVM
2022-07,1735,1735,1445,1735,1735,1.0,345925027882.5,345925027882.5,1.0,279266329332.29004,279266329332.29004,1.0,83,0.047838616714697406,0.047838616714697406,63,0.04359861591695502,5236694499.21,0.015138235389515507,3958074603.859999,0.014173117873979048,47551497116.78001,19746764982.680004,27804732134.09999,0.6205826690388481,0.8271260593204927,0.8935335833600968,0.1702729334770609,0.07070943722393387,0.06451431966614392,0.057349135406035326,1735,0.9999999999999998,52277707623.82001,4726210507.040001,52277707626.78999,4726210510.01,-2.9699859619140625,412,70,41248640076.44,0.7507237024282468,0.9999999999431883,publicável,True,0.04201013999740173,0.03483873750055073,0,0,True,1735,1.0,1.0,1.0,campo bruto CVM
2022-08,1767,1767,1470,1767,1767,1.0,339340659180.66,339340659180.66,1.0,278591569540.48,278591569540.48,1.0,84,0.04753820033955857,0.04753820033955857,65,0.04421768707482993,5469319064.45,0.01611748818327784,3978020569.9300003,0.014279041453018502,51759315855.350006,23639990580.170002,28119325275.18,0.6138152321032003,0.8273529895034465,0.8939140905655708,0.18578923956932322,0.08485536952594346,0.06912399072915558,0.07159868871709814,1767,1.0000000000000002,56980014448.369995,5220698593.019989,56980014448.36,5220698593.01,0.0099945068359375,419,67,41975284848.22,0.7370948741079006,1.0000000000001754,publicável,True,0.04736449388592387,0.039013377804279666,0,0,True,1767,1.0,1.0,1.0,campo bruto CVM
2022-09,1787,1787,1508,1787,1787,1.0,346826952282.83,346826952282.83,1.0,287735925570.92,287735925570.92,1.0,89,0.049804141018466704,0.049804141018466704,65,0.04310344827586207,4837951097.7,0.013949178591387999,2925262690.0899997,0.010166484022757154,52249064597.46001,22546672545.83,29702392051.63,0.6396675647026665,0.8468786862531359,0.9023239243678765,0.1815868647399119,0.0783589066992359,0.061836212153435884,0.0688928204347109,1787,1.0000000000000002,57338730271.33001,5089665673.870003,57338730271.32001,5089665673.86,0.01000213623046875,419,66,42342614446.11,0.7424669569198006,1.0000000000001745,publicável,True,0.048550990808781586,0.04036428432075426,0,0,True,1787,1.0,1.0,1.0,campo bruto CVM
2022-10,1824,1824,1533,1824,1824,1.0,350525721260.84,350525721260.84,1.0,280955662162.60004,280955662162.60004,1.0,83,0.04550438596491228,0.04550438596491228,58,0.037834311806914545,6327447513.819999,0.018051307307949294,3768764934.66,0.013414091410903361,49254578040.049995,19352490936.13,29902087103.92,0.6356631348411196,0.8419450600148769,0.8970034263245038,0.1753108574531751,0.06888094294725393,0.0628787131577051,0.056221005239850796,1824,0.9999999999999998,54490778418.74,5236200378.690002,54490778407.31,5236200367.26,11.430000305175781,428,72,42651419474.74999,0.7169431669140698,1.0000000002097602,publicável,True,0.05092046813753243,0.04219450834341674,0,0,True,1824,1.0,1.0,1.0,campo bruto CVM
2022-11,1854,1854,1567,1854,1854,1.0,369899221365.0899,369899221365.0899,1.0,279442283966.51,279442283966.51,1.0,89,0.04800431499460626,0.04800431499460626,63,0.04020421186981493,9195611078.94,0.024859774089288897,6361203639.669999,0.022763926594703766,54510539609.21001,21834347479.78,32676192129.430008,0.5797918399159713,0.8012753248845805,0.8766506647471375,0.19506904551260706,0.07813544596707045,0.07373337126911603,0.05666135428199861,1854,1.0,58665278276.31,4154738667.099991,58665278276.31,4154738667.0999994,0.0,438,80,45092651807.34,0.6270397675838455,1.0,publicável,True,0.0515670999003035,0.04143166725400636,0,0,True,1854,1.0,1.0,1.0,campo bruto CVM
2022-12,1912,1912,1616,1912,1912,1.0,378898513471.24005,378898513471.24005,1.0,304887299077.95,304887299077.95,1.0,91,0.047594142259414225,0.047594142259414225,68,0.04207920792079208,7027260951.049999,0.018546551916159462,5631712194.37,0.01847145555554989,53246422122.61001,20653137143.6,32593284979.010006,0.5821939976286603,0.8101459900882946,0.8879939120407467,0.1746429657241858,0.06774023452619994,0.06467317226567906,0.05019597162967524,1912,0.9999999999999998,58572040587.87,5325618465.2599945,58572040587.86,5325618465.25,0.01000213623046875,449,89,50264788041.14,0.6642240296168013,1.0000000000001708,publicável,True,0.047176205129891687,0.036931056099228414,0,0,True,1912,1.0,1.0,1.0,campo bruto CVM
2023-01,1937,1937,1636,1937,1937,1.0,375912070231.03,375912070231.03,1.0,308584849204.85,308584849204.85,1.0,96,0.0495611770779556,0.0495611770779556,73,0.04462102689486552,9280822156.98,0.024688811272476945,5877997883.25,0.019048238753121574,55570522916.34,21828939913.59,33741583002.750004,0.5625113164273617,0.7818254117283109,0.8730232758691013,0.18008182533760833,0.07073885827459775,0.06754444210708573,0.05269435416046627,1937,1.0000000000000002,59454619960.959984,3884097044.6199875,59457004750.719986,3886481834.38,-2384789.760002136,449,83,46728049123.189995,0.5838260406051717,0.9999598905163487,publicável,True,0.0478991599832818,0.03781086781147976,0,0,True,1937,1.0,1.0,1.0,campo bruto CVM
2023-02,1955,1955,1649,1955,1955,1.0,376974445271.45,376974445271.45,1.0,308703088785.05,308703088785.05,1.0,103,0.052685421994884914,0.052685421994884914,81,0.049120679199514856,9802421244.56,0.026002879949863757,6349546504.53,0.020568457962372996,58601138989.18,24475448023.29,34125690965.890007,0.5558635538468805,0.7794338910393489,0.8715328461392322,0.1898301025098715,0.07928475260683983,0.0692828430971468,0.05994936054674367,1955,1.0,62729793853.34999,4128654864.1699905,62732202762.729996,4131063773.549999,-2408909.380004883,460,83,46243518204.95001,0.5679965300568606,0.9999616001148706,publicável,True,0.051368076422039194,0.041393981249949974,0,0,True,1955,1.0,1.0,1.0,campo bruto CVM
2023-03,2009,2009,1672,2009,2009,1.0,384935976856.75995,384935976856.75995,1.0,310320814603.68005,310320814603.68005,1.0,108,0.05375808860129418,0.05375808860129418,84,0.050239234449760764,9133934908.869999,0.023728452153145622,6116684936.690001,0.019710843259102037,60631406980.53999,25200012129.98,35431394850.56,0.5340273134708651,0.7831841204671461,0.873676787686521,0.1953829847281568,0.0812063224381635,0.06960489870740286,0.06273197939219424,2009,0.9999999999999998,64639004019.65001,4007597039.110016,64641456768.030014,4010049787.49,-2452748.380004883,450,77,46862690414.409996,0.6009458902599746,0.9999620561091498,publicável,True,0.05068834378621622,0.040513191083995405,0,0,True,2009,1.0,1.0,1.0,campo bruto CVM
2023-04,2034,2034,1699,2034,2034,1.0,399253540409.17,399253540409.17,1.0,322434825986.87006,322434825986.87006,1.0,116,0.05703048180924287,0.05703048180924287,90,0.052972336668628606,8866306957.0,0.02220720935351876,6156880759.969999,0.019094962031864122,59160381605.0,23521569236.23,35638812368.77,0.5310369639748233,0.7820733279609551,0.8741422727424965,0.18348012322778398,0.07294984083756458,0.06920540913044335,0.05490325436319136,2034,1.0,63512797372.45,4352415767.449997,63543093832.420006,4382712227.42,-30296459.97000885,448,76,47369913438.22,0.6115594612968289,0.9995232139616949,publicável,True,0.05136818396001821,0.04185979499180903,0,0,True,2034,1.0,1.0,1.0,campo bruto CVM
2023-05,2044,2044,1716,2044,2044,1.0,391083631907.63007,391083631907.63007,1.0,316130761234.11,316130761234.11,1.0,120,0.05870841487279843,0.05870841487279843,91,0.05303030303030303,11265883430.989998,0.028806839539760855,7837683076.33,0.024792535360156933,62569349035.54001,26462794847.59,36106554187.95,0.5240721807761172,0.7766915445711277,0.8715008296580011,0.19792236855180445,0.08370838302569686,0.07988795798851141,0.06041365535209302,2044,1.0,67522437420.11,4953088384.569992,67503318568.78,4933969533.24,19118851.33000183,464,88,48794632751.72999,0.6367589123289339,1.000283228317294,publicável,True,0.06093787700727369,0.051612135885843395,0,0,True,2044,1.0,1.0,1.0,campo bruto CVM
2023-06,2068,2068,1732,2068,2068,1.0,403640617913.05994,403640617913.05994,1.0,329361734458.67,329361734458.67,1.0,126,0.0609284332688588,0.0609284332688588,95,0.05484988452655889,12032984470.449999,0.029811133806761193,8883655400.320002,0.026972336100066198,59543028597.59001,24498841627.58,35044186970.01,0.5396667143633437,0.7758681731959794,0.8592245392757475,0.18078307941708321,0.07438278058574604,0.07385677809103344,0.048724662457855394,2068,1.0000000000000002,63833826522.89,4290797925.299988,63787608141.92,4244579544.33,46218380.97000122,472,89,48527374865.09,0.5790000402850101,1.0007245667664348,publicável,True,0.05541768058963878,0.047314165347266506,0,0,True,2068,1.0,1.0,1.0,campo bruto CVM
2023-07,2087,2087,1751,2087,2087,1.0,418108072775.79,418108072775.79,1.0,333612275211.86,333612275211.86,1.0,131,0.06276952563488261,0.06276952563488261,98,0.05596801827527127,12572307118.1,0.030069515363894652,9142389970.12,0.027404237342028674,63388844738.11,28568346367.690002,34820498370.42,0.5428244874759389,0.7750692992440497,0.8571865655784405,0.1900075310414013,0.08563337889634821,0.07364634128086057,0.05986982854540434,2087,1.0,67676966511.89001,4288121773.7800064,67630610240.44001,4241765502.33,46356271.44999695,484,97,53475288808.6,0.5595029066331834,1.0006854332865722,publicável,True,0.06513672820593948,0.058549700328219816,0,0,True,2087,1.0,1.0,1.0,campo bruto CVM
2023-08,2129,2129,1777,2129,2129,1.0,416972315809.0999,416972315809.0999,1.0,334559531997.99005,334559531997.99005,1.0,140,0.06575857209957726,0.06575857209957726,108,0.06077658975801913,12305046954.95,0.02951046505587088,9439468069.300001,0.02821461404171474,63687635312.16,28295559917.9,35392075394.259995,0.5337153746797094,0.7695285577385805,0.847666915114156,0.19036263869636996,0.08457556043589275,0.0744127337800554,0.057997318346787084,2129,0.9999999999999998,68144593067.520004,4456957755.360001,68098329376.04001,4410694063.88,46263691.47999573,495,100,54990389750.659996,0.5828924040445411,1.0006793660270947,publicável,True,0.07061071149926743,0.059985566741498714,0,0,True,2129,1.0,1.0,1.0,campo bruto CVM
2023-09,2276,2276,1826,2276,2276,1.0,424423683531.28,424423683531.28,1.0,345598924011.44,345598924011.44,1.0,144,0.0632688927943761,0.0632688927943761,113,0.061883899233296825,13518574792.850002,0.03185160328559677,10508198945.38,0.03040576290981785,66405100788.28,30100878721.22,36304222067.06,0.5206715212537475,0.7430023456620077,0.8264070670777945,0.1921449870778008,0.08709772117295018,0.07666515944500761,0.05846977642242258,2276,1.0,70083289707.73,3678188919.449997,70037025899.95,3631925111.67,46263807.77999878,485,90,51963637096.07,0.5157540849289953,1.0006605621410323,publicável,True,0.05618916551212178,0.04788208800812768,0,0,True,2276,1.0,1.0,1.0,campo bruto CVM
2023-10,2270,2270,1849,2270,2270,1.0,434140099558.9,434140099558.9,1.0,354640019165.9,354640019165.9,1.0,146,0.06431718061674009,0.06431718061674009,114,0.06165494862087615,14014278460.380001,0.03228054371070294,10704395664.07,0.030183834552136374,62581931854.56,26214133615.9,36367798238.659996,0.5195470145763269,0.7439829943707623,0.8246275205412326,0.17646607396917682,0.07391758459057908,0.07660899546111247,0.04509488663580519,2270,0.9999999999999997,66595842463.16,4013910608.600006,66549578771.67999,3967646917.12,46263691.48001099,516,111,59640780756.45,0.4811633219988613,1.000695176323185,publicável,True,0.05380885126301303,0.04844377436067975,0,0,True,2270,1.0,1.0,1.0,campo bruto CVM
2023-11,2272,2272,1876,2272,2272,1.0,448486119283.18994,448486119283.18994,1.0,360375755478.84,360375755478.84,1.0,141,0.06205985915492958,0.06205985915492958,112,0.05970149253731343,13994752167.85,0.031204426549962454,10797918966.06,0.029962945070243534,58911041314.909996,29703936608.669994,29207104706.239998,0.5737033165341476,0.7168930235692479,0.8039106606453053,0.1634711559234429,0.08242490277738482,0.0772559649004299,0.05408242648105874,2272,0.9999999999999998,62913389430.75,4002348115.840004,62867125739.27,3956084424.359999,46263691.48000336,512,108,61830878327.66,0.4772489035633863,1.0007358963995248,publicável,True,0.06124324570448499,0.0560854010080508,0,0,True,2272,1.0,1.0,1.0,campo bruto CVM
2023-12,2404,2404,1960,2404,2404,1.0,485391928094.0,485391928094.0,1.0,387804401526.22,387804401526.22,1.0,140,0.05823627287853577,0.05823627287853577,109,0.055612244897959184,11518683154.11,0.023730685426394886,9033581783.130001,0.023294170328077693,58886559508.740005,29164123293.980003,29722436214.76,0.5637017572980698,0.7075883095580839,0.8002946716735707,0.15184603185778595,0.0752031776307938,0.06999118034216834,0.05312411616148398,2404,0.9999763713998762,63660243881.60999,4773684372.8699875,63613980190.13,4727420681.39,46263691.47999573,522,108,65562032410.979996,0.5182069127555816,1.0007272566712808,publicável,True,0.05052294519056005,0.045717495626624464,1,0,True,2404,1.0,1.0,1.0,campo bruto CVM
2024-01,2425,2425,1988,2425,2425,1.0,494412908044.42004,494412908044.42004,1.0,382793715235.76,382793715235.76,1.0,134,0.055257731958762886,0.055257731958762886,104,0.052313883299798795,11402733508.02,0.023063179222245413,9206717960.76,0.024051382231000437,59310957918.04,29812093894.25,29498864023.79,0.5655902122300238,0.7118194906087169,0.8006667532462314,0.15494235029828218,0.0778803117911404,0.0734302963153698,0.05515549546367706,2425,1.0,65491133800.83,6180175882.790001,65444870109.35,6133912191.309999,46263691.48000336,525,107,65470304533.310005,0.6186795901735154,1.0007069108916054,publicável,True,0.05224336887768155,0.0473279873307532,0,0,True,2425,1.0,1.0,1.0,campo bruto CVM
2024-02,2447,2447,2013,2447,2447,1.0,494419818457.12,494419818457.12,1.0,384515470467.32,384515470467.32,1.0,126,0.05149162239476911,0.05149162239476911,97,0.04818678589170392,10658240205.32,0.02155706508404126,8736504019.61,0.022720812790684625,58862918998.090004,29806926689.979996,29055992308.11,0.5741217242494201,0.7239057317050956,0.8159911634070165,0.15308335689732092,0.07751814680890268,0.0730225363089339,0.056071319982466276,2447,1.0000000000000002,64971230604.03,6108311605.939995,64924966912.549995,6062047914.46,46263691.48000336,519,98,66849766398.89,0.6195478577744887,1.0007125716604879,publicável,True,0.048348796970680105,0.045703139080261204,0,0,True,2447,1.0,1.0,1.0,campo bruto CVM
2024-03,2490,2490,2044,2490,2490,1.0,501221364132.67004,501221364132.67004,1.0,399775496950.27997,399775496950.27997,1.0,126,0.05060240963855422,0.05060240963855422,96,0.046966731898238745,11434119357.820002,0.022812513943027905,9237705424.9,0.023107232672764065,57401862758.450005,28150357603.569996,29251505154.88,0.5702843773468872,0.7172237667356393,0.8066424672914169,0.14358524520973598,0.07041541519757288,0.07116455521761178,0.048427201128987074,2490,1.0,63723695847.69999,6321833089.249985,63723695847.7,6321833089.250001,-7.62939453125e-06,511,98,67709270674.4,0.6206336074613882,0.9999999999999999,publicável,True,0.051737022666780305,0.04802825847024829,0,0,True,2490,1.0,1.0,1.0,campo bruto CVM
2024-04,2538,2538,2074,2538,2538,1.0,543344525715.83997,543344525715.83997,1.0,416827595036.75995,416827595036.75995,1.0,133,0.05240346729708432,0.05240346729708432,103,0.04966248794599807,14111662650.91,0.025971850240541786,11565238949.539999,0.027745857249494393,63365130894.57,33266984503.329998,30098146391.239998,0.5542426495927061,0.6991094623748724,0.7970539728762899,0.1520176006796811,0.07980993796822926,0.07504134865778538,0.05354986770377305,2538,1.0000000000000002,68513579091.96,5148448197.389999,68466811674.74999,5101680780.179999,46767417.210006714,516,83,69163855674.09999,0.5559583348117534,1.000683066964359,publicável,True,0.06318276580790531,0.05928217987664849,0,0,True,2538,1.0,1.0,1.0,campo bruto CVM
2024-05,2612,2612,2132,2612,2612,1.0,551000252961.8999,551000252961.8999,1.0,420895130370.97003,420895130370.97003,1.0,130,0.04977029096477795,0.04977029096477795,103,0.04831144465290807,14218503341.96,0.025804894399827378,11367270281.380001,0.0270073694398913,65014283378.55,34395248872.189995,30619034506.359993,0.5449199129621253,0.6908983620223522,0.7917387464704199,0.15446670366855395,0.08171928442572997,0.07858903001637875,0.05623055434072861,2612,0.9999999999999999,70516764194.66,5502480816.110001,70516260468.93,5501977090.379999,503725.7300109863,534,93,72805048538.56,0.5285566150820067,1.000007143398227,publicável,True,0.06590555331787996,0.061932923188930095,0,0,True,2612,1.0,1.0,1.0,campo bruto CVM
2024-06,2682,2682,2178,2682,2682,1.0,555719348843.84,555719348843.84,1.0,429000433084.13,429000433084.13,1.0,132,0.049217002237136466,0.049217002237136466,105,0.048209366391184574,11898794646.429998,0.021411517650384387,9656756270.929998,0.02250989865326369,63220356955.6,33035390812.67,30184966142.93,0.5528767294933289,0.699363668856541,0.8003480295540586,0.14736665066070467,0.07700549525131022,0.0705388963158089,0.05575053550206314,2682,1.0,67980816813.96,4760459858.360001,67980313088.229996,4759956132.63,503725.73000335693,529,90,77139460399.66,0.5074357018969928,1.000007409876582,publicável,True,0.05745390028067035,0.05380628745261261,0,0,True,2682,1.0,1.0,1.0,campo bruto CVM
2024-07,2744,2744,2224,2744,2744,1.0,610273285124.98,610273285124.98,1.0,464271994427.03,464271994427.03,1.0,133,0.04846938775510204,0.04846938775510204,109,0.049010791366906475,10677060539.29,0.017495539784448223,8279812900.55,0.017833970172524253,42295388365.08,31172118880.259995,11123269484.82,0.10331641360737892,0.3936881774909963,0.5744561206028717,0.091100451616251,0.06714193243279795,0.06079393536303094,0.05020328616836299,2744,1.0,49804205052.92999,7508816687.849991,49803701327.2,7508312962.12,503725.72999572754,570,109,83230996295.70999,0.6446875405288464,1.00001011422277,publicável,True,0.05410801157804547,0.05043282623391164,0,0,True,2744,1.0,1.0,1.0,campo bruto CVM
2024-08,2812,2812,2262,2812,2812,1.0,625189828893.23,625189828893.23,1.0,472361144097.0399,472361144097.0399,1.0,141,0.050142247510668564,0.050142247510668564,113,0.04995579133510168,10973366893.91,0.017552056010469795,8355395326.079999,0.017688574580053733,43227286942.76,31951074879.370003,11276212063.39,0.10505321482255535,0.3923500252441984,0.5696351542673045,0.09151321501135065,0.06764120054888788,0.06149390496765307,0.05085212762080922,2812,1.0000000000000002,51251506659.52,8024219716.7599945,51251002933.78999,8023715991.03,503725.73000335693,595,118,85760483328.62,0.6164653211292241,1.0000098286023915,publicável,True,0.05576943288251951,0.052070021083607844,0,0,True,2812,1.0,1.0,1.0,campo bruto CVM
2024-09,2883,2883,2309,2883,2883,1.0,640117138443.0199,640117138443.0199,1.0,478609833472.92,478609833472.92,1.0,144,0.04994797086368366,0.04994797086368366,115,0.049805110437418795,11658903842.11,0.018213703620666016,9159887012.859999,0.01913852656639632,44003283636.06,33454882757.909996,10548400878.150002,0.11520587447593579,0.36484002681124433,0.5319248502446051,0.09193978175659387,0.06990011574804572,0.0642207391057783,0.05175204711013208,2883,1.0,52405840418.18,8402556782.120003,52405336692.45,8402053056.389999,503725.73000335693,615,110,88680096424.08,0.6075687653921247,1.0000096121075026,publicável,True,0.05691749353723073,0.05296053298124342,0,0,True,2883,1.0,1.0,1.0,campo bruto CVM
2024-10,3009,3009,2396,3009,3009,1.0,678461248458.9501,678461248458.9501,1.0,495735920970.65,495735920970.65,1.0,146,0.04852110335659687,0.04852110335659687,119,0.0496661101836394,12223257368.87,0.018016146679908075,9618887176.530003,0.019403248321598805,44669808334.16,33926129598.84,10743678735.32,0.11648415409572697,0.36004481702279656,0.5253171245716608,0.09010807255342038,0.06843589129553634,0.06181043019144539,0.05000286090078586,3009,0.9999999999999999,52854305524.36,8184497190.199997,52854305524.36,8184497190.200001,0.0,623,112,89664492614.68001,0.6265473784217513,1.0,publicável,True,0.05602197388819893,0.05227327729554265,0,0,True,3009,1.0,1.0,1.0,campo bruto CVM
2024-11,3063,3063,2419,3063,3063,1.0,696149128981.77,696149128981.77,1.0,505215725009.89996,505215725009.89996,1.0,129,0.04211557296767875,0.04211557296767875,99,0.040926002480363786,10869494293.69,0.015613744011413737,8808513435.02,0.017435152943522082,45697286464.340004,35256605687.11,10440680777.23,0.12354335576498827,0.3860024407277422,0.5558860410948993,0.09045103745225773,0.06978525002644985,0.059294214067096944,0.05327902503306094,3063,1.0,53871481921.45,8174195457.109993,53871415861.45,8174129397.110001,66060.0,625,116,91651340277.38,0.6385286097740692,1.0000012262532727,publicável,True,0.05735379270604097,0.05431662791686118,0,0,True,3063,1.0,1.0,1.0,campo bruto CVM
2024-12,3143,3143,2441,3143,3143,1.0,731892282307.5599,731892282307.5599,1.0,549950366318.12,549950366318.12,1.0,137,0.04358892777601018,0.04358892777601018,105,0.043015157722244984,11679852097.199999,0.01595843046790296,9106657562.42,0.0165590535440288,45373884276.24,34650862438.88,10723021837.359999,0.12414771077513258,0.39091846509864286,0.5623334488419321,0.08250541695246981,0.06300725403796918,0.055558853711731415,0.04723028938476264,3143,1.0,53780605137.68001,8406720861.44001,53780605137.68001,8406720861.440001,0.0,606,117,95818984092.47,0.6365915044374756,1.0,publicável,True,0.0525980800627697,0.0496505113336813,0,0,True,3143,1.0,1.0,1.0,campo bruto CVM
2025-01,3198,3198,2479,3198,3198,1.0,734787729278.36,734787729278.36,1.0,545910494752.07,545910494752.07,1.0,140,0.043777360850531584,0.043777360850531584,110,0.04437273093989512,8997204367.8,0.012244630672638226,7176169441.709999,0.013145322375546414,43596989248.99,33705952801.03,9891036447.96,0.1399749332291207,0.39621595771980805,0.5651481427108583,0.07986105720277452,0.061742635697703246,0.056144446687389084,0.04924465012329859,3198,0.9999999999999999,52083296397.2,8486307148.209999,52083296397.2,8486307148.21,0.0,593,119,96032421410.63,0.6466620897450694,1.0,publicável,True,0.05082427661435758,0.048245288294139606,0,0,True,3198,1.0,1.0,1.0,campo bruto CVM
2025-02,3261,3261,2529,3261,3261,1.0,744482189766.6702,744482189766.6702,1.0,553925347840.2098,553925347840.2098,1.0,136,0.041704998466728,0.041704998466728,108,0.042704626334519574,8674872459.44,0.011652222952652247,6545702110.5199995,0.011816939116511112,42817356408.57,33291892593.81,9525463814.76,0.13947794910220596,0.4069180745586255,0.5695570158487546,0.07729806295291883,0.060101767726675095,0.053926351027878634,0.04886223061443163,3261,1.0000000000000002,51435059036.18,8617702627.61,51435059038.21,8617702629.64,-2.029998779296875,599,133,98542650494.94,0.6401188223061769,0.9999999999605328,publicável,True,0.04944011869662632,0.046852200335299535,0,0,True,3261,1.0,1.0,1.0,campo bruto CVM
2025-03,3323,3323,2559,3323,3323,1.0,752332159776.7098,752332159776.7098,1.0,560614980857.53,560614980857.53,1.0,141,0.04243153776707794,0.04243153776707794,107,0.04181320828448613,8612985558.76,0.011448381471976835,6504689218.25,0.011602774525040827,44392678485.840004,33418973682.53,10973704803.31,0.13516189523182853,0.37340400210273866,0.5441807189736653,0.07918568001507185,0.0596112748029165,0.052845030178585196,0.04856760674942035,3323,0.9999953622361178,52058222903.02,7665544417.179993,52058222903.02,7665544417.179999,0.0,612,136,103668341549.33,0.5493126213818303,1.0,publicável,True,0.053418825129329016,0.04937250219461288,1,0,True,3323,1.0,1.0,1.0,campo bruto CVM
2025-04,3395,3395,2602,3395,3395,1.0,768455993425.17,768455993425.17,1.0,564043180941.6099,564043180941.6099,1.0,143,0.04212076583210604,0.04212076583210604,112,0.04304381245196003,9583129443.71,0.012470628800741047,7007922198.9,0.012424442730077902,46720955021.0,35398531878.53999,11322423142.46,0.13620315981009523,0.37219680887181505,0.5315961021840307,0.08283223093488047,0.0627585494774459,0.05741927004261474,0.0509673476392154,3395,1.0000000000000002,54463357994.950005,7742402973.950005,54463357994.950005,7742402973.950001,0.0,624,123,107777518780.30998,0.5415933945660679,1.0,publicável,True,0.056185549751483786,0.05166815525036354,0,0,True,3395,1.0,1.0,1.0,campo bruto CVM
2025-05,3471,3470,2652,3471,3471,1.0,785497149042.15,785497149042.15,1.0,569896667654.85,569896667654.85,1.0,146,0.04206280610774993,0.04206280610774993,116,0.043740573152337855,9817430679.800001,0.012498365769718656,7151541743.38,0.012548839376108147,47694258716.75,35908133643.14001,11786125073.61,0.12459425777502076,0.3495601773202706,0.5163926142178485,0.08368930970067606,0.0630081481102593,0.05913575928902368,0.05110056147209338,3471,1.0000000000000002,55279987461.369995,7585728744.619995,55285653501.86,7591394785.110001,-5666040.490005493,630,129,108993993934.88,0.5450896808431548,0.9998975133668301,publicável,True,0.0573326407819748,0.052416084974515775,0,0,True,3471,1.0,1.0,1.0,campo bruto CVM
2025-06,3598,3597,2695,3598,3598,1.0,858250187911.01,858250187911.01,1.0,587793914384.31,587793914384.31,1.0,154,0.042801556420233464,0.042801556420233464,124,0.04601113172541744,10197395756.189999,0.011881612028551449,7188755316.44,0.012230060809612031,48389875531.28999,36775288408.99,11614587122.3,0.130346611144986,0.3439722469298473,0.5093299299018511,0.08232456027037367,0.06256493561610041,0.05869218849515956,0.05095809541212065,3598,0.9999999999999998,55695726247.67,7305850716.380005,55695726247.67,7305850716.38,0.0,635,125,105471987620.35,0.5171255250315318,1.0,publicável,True,0.05577457795809243,0.051553635697540456,0,0,True,3598,1.0,1.0,1.0,campo bruto CVM
2025-07,3653,3652,2761,3653,3653,1.0,870442239350.6799,870442239350.6799,1.0,586040838065.97,586040838065.97,1.0,166,0.04544210238160416,0.04544210238160416,134,0.0485331401666063,10870805671.589998,0.01248883059684609,7764368482.41,0.01324885226093403,48145743813.06,35599439798.65,12546304014.41,0.1258386177815128,0.3480161167643545,0.5145009142450272,0.08215424708617368,0.06074566393040789,0.05693176487428968,0.048134539066210236,3653,1.0,54712609323.34,6566865510.279999,54712609323.34,6566865510.28,0.0,632,129,107650990568.41002,0.5490017375178861,1.0,publicável,True,0.05358941116807409,0.04916962991448777,0,0,True,3653,1.0,1.0,1.0,campo bruto CVM
2025-08,3723,3722,2805,3723,3723,1.0,877150885689.03,877150885689.03,1.0,592792732410.93,592792732410.93,1.0,164,0.0440504969110932,0.0440504969110932,131,0.04670231729055258,11273646524.729998,0.012852573837252856,7702597677.570002,0.012993745126130328,46896900683.74,34104229232.94,12792671450.8,0.13938719429853647,0.3636648656719053,0.5261845504262562,0.07911180100506121,0.057531456389884675,0.054000017171570554,0.045124041558830714,3723,1.0000000000000002,53586956157.189995,6690055473.449997,53586956157.19,6690055473.45,-7.62939453125e-06,629,129,105845800428.97002,0.5530045676455556,0.9999999999999999,publicável,True,0.051543310535999115,0.04692803785729588,0,0,True,3723,1.0,1.0,1.0,campo bruto CVM
2025-09,3765,3764,2807,3765,3765,1.0,887573202945.07,887573202945.07,1.0,586514408796.96,586514408796.96,1.0,167,0.044355909694555114,0.044355909694555114,130,0.04631278945493409,10788350671.94,0.012154885519462522,8160820636.459999,0.013914100854230026,49233284721.53,36973239943.64,12260044777.89,0.13788522616154245,0.37337717585300906,0.5305235412867233,0.08394215723108282,0.06303892860787232,0.05628896487988752,0.04981800043606577,3765,1.0,56351187370.31999,7117902648.789993,56351187370.31999,7117902648.790001,0.0,620,120,108300158089.47,0.5246117130085756,1.0,publicável,True,0.05600018038753807,0.05194965316778408,0,0,True,3765,1.0,1.0,1.0,campo bruto CVM
2025-10,3836,3835,2852,3836,3836,1.0,892652861507.7699,892652861507.7699,1.0,613066561773.03,613066561773.03,1.0,167,0.04353493222106361,0.04353493222106361,129,0.04523141654978962,10486553274.1,0.011747627466725735,7846767884.76,0.012799210353385798,48073382952.25001,35926214721.93,12147168230.32,0.14364299015096743,0.3810669119215829,0.5342954315887519,0.07841462240775052,0.05860083873768772,0.05203952093962072,0.046395453553777465,3836,1.0,54463050383.06999,6389667430.819984,54463050383.06999,6389667430.820001,0.0,617,123,111854029945.31999,0.5329965224595332,1.0,publicável,True,0.05029495849334129,0.04648714563201245,0,0,True,3836,1.0,1.0,1.0,campo bruto CVM
2025-11,3891,3890,2898,3891,3891,1.0,907202983654.24,907202983654.24,1.0,631502113854.37,631502113854.37,1.0,171,0.04394757131842714,0.04394757131842714,132,0.045548654244306416,8501117458.840001,0.009370689484063702,6410083564.169999,0.010150533820142082,48974409674.26,37723884341.86,11250525332.4,0.12265583897544328,0.3224086040297124,0.48755160261390884,0.07755224978637829,0.05973675070002927,0.05317453324373548,0.05009470487592525,3891,0.9999999999999841,55355690341.13999,6381280666.87999,55355690341.13999,6381280666.88,0.0,619,120,120743088445.51001,0.5235229696758333,1.0,publicável,True,0.0461797538553697,0.042339952899740234,1,0,True,3891,1.0,1.0,1.0,campo bruto CVM
2025-12,4018,4017,2951,4018,4018,1.0,919536730988.5201,919536730988.5201,1.0,641527443163.01,641527443163.01,1.0,172,0.0428073668491787,0.0428073668491787,140,0.047441545238902066,13146484602.779997,0.014296856405776489,7668539727.349999,0.011953564588820636,45623260899.52,32890160429.23,12733100470.29,0.10662407762491165,0.3633989673109533,0.5173002058170347,0.07111661611010346,0.051268516693638494,0.050340549236983,0.039790591510465594,4018,0.9999999999999998,54325965457.03,8702704557.510002,54325965457.01999,8702704557.5,0.010009765625,638,125,130453435941.51001,0.5763715507080168,1.0000000000001843,publicável,True,0.048263549640888186,0.04258355349639884,0,0,True,4018,1.0,1.0,1.0,campo bruto CVM
2026-01,4078,4076,3002,4078,4078,1.0,902889732794.9401,902889732794.9401,1.0,634661949694.8099,634661949694.8099,1.0,169,0.04144188327611574,0.04144188327611574,136,0.04530313124583611,6880826420.96,0.007620893417028965,4842446365.79,0.007629961695542939,44473613289.69,32220099337.65,12253513952.039999,0.11226506093715095,0.3780743526862944,0.5149325896062278,0.07007449132735315,0.05076734055530458,0.04965079584203337,0.043469046015804015,4078,1.0000000000000002,53019170989.85,8545557700.159996,53019170989.85,8545557700.16,0.0,625,120,129606145425.34999,0.5815042450005292,1.0,publicável,True,0.047758738614573464,0.041854717791233016,0,0,True,4078,1.0,1.0,1.0,campo bruto CVM
2026-02,4109,4106,3023,4109,4109,1.0,907737467741.7,907737467741.7,1.0,643936982778.5299,643936982778.5299,1.0,189,0.04599659284497445,0.04599659284497445,155,0.05127356930201786,7832518394.8,0.008628616393114194,5599881893.579999,0.008696319738333734,46361633701.03999,32724530095.48,13637103605.56,0.10015045032972864,0.3677301041582922,0.5216709132362615,0.07199715956830703,0.05081946055385204,0.049555681448071896,0.042492670666167,4109,1.0,54648469240.590004,8286835539.550011,54648469240.590004,8286835539.55,0.0,626,133,133599200516.04001,0.5844380773234216,1.0,publicável,True,0.049823437109116,0.04243011401775164,0,0,True,4109,1.0,1.0,1.0,campo bruto CVM
2026-03,4160,4156,3049,4160,4160,1.0,923779493894.21,923779493894.21,1.0,657662982322.3999,657662982322.3999,1.0,185,0.04447115384615385,0.04447115384615385,151,0.04952443424073467,8139937689.540001,0.008811559190631023,6045160416.68,0.0091918818287944,48741964498.97,35281740124.22,13460224374.75,0.10349778542721166,0.38041929225084736,0.5358436594764387,0.07411389390786129,0.05364714309999611,0.052321550853787854,0.04486767968075944,4160,1.0000000000000002,57646821744.75,8904857245.779999,57646821744.75,8904857245.779999,0.0,634,120,138380088233.77,0.5763382994861764,1.0,publicável,True,0.05262157973219298,0.04646001422873347,0,0,True,4160,1.0,1.0,1.0,campo bruto CVM
2026-04,4238,4233,3113,4238,4238,1.0,967208028824.97,967208028824.97,1.0,688900572612.21,688900572612.21,1.0,190,0.04483246814535158,0.04483246814535158,157,0.050433665274654677,7643048970.2,0.0079021769282512,5448884100.31,0.007909536320529726,49511439173.75,35487608798.91,14023830374.84,0.10168685243429934,0.37911494158604003,0.5318252005073253,0.07187022502537613,0.051513397157366546,0.050404393971701655,0.04395149679709508,4238,1.0,57765853792.07,8254414618.32,57765853792.07,8254414618.32,0.0,578,114,136148382306.18,0.6239498217510469,1.0,publicável,True,0.049342628955346475,0.04311073061708414,0,0,True,4238,1.0,1.0,1.0,campo bruto CVM
2026-05,4275,4269,3161,4275,4275,1.0,975225173508.41,975225173508.41,1.0,690412314155.9,690412314155.9,1.0,200,0.04678362573099415,0.04678362573099415,166,0.052515026890224616,9498296600.68,0.009739593335669866,6953584556.239999,0.010071640400477894,54541611683.68001,39952729935.909996,14588881747.769999,0.09774835347527433,0.3709635170438782,0.5259896695257645,0.07899860788312087,0.057867927782771826,0.05670453618003628,0.048282572085953816,4275,1.0,61074190909.36001,6532579225.68,61074190909.36001,6532579225.679999,0.0,549,104,130046569476.19,0.5992550295587892,1.0,publicável,True,0.05363601094275695,0.04664140646691682,0,0,True,4275,1.0,1.0,1.0,campo bruto CVM
2026-06,4349,4343,3207,4349,4349,1.0,1001578104291.58,1001578104291.58,1.0,711164239255.73,711164239255.73,1.0,194,0.044607955851919984,0.044607955851919984,157,0.04895541004053633,10701188846.15,0.010684327862497544,4961219141.61,0.006976193216354876,58091700763.96001,41814243779.9,16277456984.06,0.12724564187196413,0.4220114892115435,0.5808662504787455,0.081685351367999,0.058796887514564515,0.05577613836940461,0.05218474516341587,4349,1.0,65037119997.619995,6945419233.659988,65037119997.619995,6945419233.659999,0.0,565,110,144071615054.75998,0.5855218574440164,1.0,publicável,True,0.05445833923926168,0.04824487696720692,0,0,True,4349,1.0,1.0,1.0,campo bruto CVM
2026-07,4390,4382,3235,4390,4390,1.0,1015598026451.72,1015598026451.72,1.0,714480692551.4698,714480692551.4698,1.0,201,0.04578587699316629,0.04578587699316629,165,0.05100463678516229,11493800639.460001,0.011317273507922082,5758588277.83,0.008059823502389691,57026539836.450005,40249018638.54,16777521197.910002,0.12336608446233613,0.4145016462614458,0.5810464402366177,0.07981536860401853,0.056333248831129945,0.05418638442760212,0.048665661974884755,4390,1.0000000000000002,63574789252.9,6548249416.449997,63574789252.899994,6548249416.45,7.62939453125e-06,569,108,145844503544.69,0.5727611588370594,1.0000000000000002,publicável,True,0.05215820384221988,0.04554668087028218,0,0,True,4390,1.0,1.0,1.0,campo bruto CVM
2026-08,4400,4393,3217,4400,4400,1.0,989517657020.11,989517657020.11,1.0,702062742982.56,702062742982.56,1.0,214,0.04863636363636364,0.04863636363636364,178,0.05533105377681069,11106327930.439999,0.011223981554696285,5361909002.77,0.007637364404199975,57144332757.57999,40050672955.92,17093659801.660002,0.12100594203466773,0.4085200005514241,0.5770934544855061,0.08139490854451951,0.057047141948842736,0.05498255451693993,0.0497900422409373,4400,1.0,63626411039.54,6482078281.960014,63626411039.53999,6482078281.96,7.62939453125e-06,573,123,150275808319.57,0.5760451417150968,1.0000000000000002,publicável,True,0.05336203850716321,0.04643162011200724,0,0,True,4400,1.0,1.0,1.0,campo bruto CVM
2026-09,1361,1361,941,1361,1361,1.0,164187943022.89,164187943022.89,1.0,93916229446.24,93916229446.24,1.0,47,0.034533431300514325,0.034533431300514325,42,0.044633368756641874,4729308110.280001,0.028804235093076665,1087677176.2799997,0.011581354816875536,12164151474.52,7645496376.509999,4518655098.01,0.45745491775425284,0.8619950912884169,0.9262378594292833,0.12952129303149956,0.08140761635758037,0.07125466998033937,0.07064441963027532,1361,1.0,13421483321.87,1257331847.3500004,13421483321.87,1257331847.3500001,0.0,101,35,17383695206.950005,0.8763908353172121,1.0,publicável,True,0.07602991016709597,0.06746164591516887,0,0,True,1361,1.0,1.0,1.0,campo bruto CVM
