destino_grupo,admin_destino_cnpj,fundos,pl_2025_12_brl,pl_2026_05_brl,pl_comparavel_brl,pl_current_brl,pl_flow_brl
CBSF,34829992000186,70,41884469850.98,42655970582.92,40666806964.58,42655970582.92,41884469850.98
Saída / sem reporte,,16,14170155982.269999,0.0,,0.0,14170155982.269999
Banco Master,33886862000112,8,6387957299.18,6451321930.11,6387366932.06,6451321930.11,6387957299.18
Planner Corretora De Valores,00806535000154,31,3748958814.76,3651199364.22,3515289712.9,3651199364.22,3748958814.76
Outros migrados,,6,135146259.33,130765398.85,121346964.02,130765398.85,135146259.33
